ISO-10303-21;
HEADER;
FILE_DESCRIPTION(('FreeCAD Model'),'2;1');
FILE_NAME('Open CASCADE Shape Model','2026-08-26T13:13:44',(''),(''),
  'Open CASCADE STEP processor 7.8','FreeCAD','Unknown');
FILE_SCHEMA(('AUTOMOTIVE_DESIGN { 1 0 10303 214 1 1 1 1 }'));
ENDSEC;
DATA;
#1 = APPLICATION_PROTOCOL_DEFINITION('international standard',
  'automotive_design',2000,#2);
#2 = APPLICATION_CONTEXT(
  'core data for automotive mechanical design processes');
#3 = SHAPE_DEFINITION_REPRESENTATION(#4,#10);
#4 = PRODUCT_DEFINITION_SHAPE('','',#5);
#5 = PRODUCT_DEFINITION('design','',#6,#9);
#6 = PRODUCT_DEFINITION_FORMATION('','',#7);
#7 = PRODUCT('Body003','Body003','',(#8));
#8 = PRODUCT_CONTEXT('',#2,'mechanical');
#9 = PRODUCT_DEFINITION_CONTEXT('part definition',#2,'design');
#10 = ADVANCED_BREP_SHAPE_REPRESENTATION('',(#11,#15),#13552);
#11 = AXIS2_PLACEMENT_3D('',#12,#13,#14);
#12 = CARTESIAN_POINT('',(0.,0.,0.));
#13 = DIRECTION('',(0.,0.,1.));
#14 = DIRECTION('',(1.,0.,-0.));
#15 = MANIFOLD_SOLID_BREP('',#16);
#16 = CLOSED_SHELL('',(#17,#55,#302,#1087,#1111,#1889,#1913,#1937,#1961,
    #1985,#2009,#2033,#2057,#2081,#2105,#2129,#2153,#2177,#2201,#2225,
    #2249,#2273,#2297,#2321,#2379,#2403,#2420,#2445,#2476,#2516,#2556,
    #2607,#2632,#2654,#2671,#2688,#2705,#2722,#2739,#2756,#2773,#2790,
    #2807,#2824,#2841,#3029,#3053,#3285,#3309,#3333,#3357,#3381,#3405,
    #3429,#3453,#3477,#3501,#3525,#3549,#3573,#3597,#3621,#3645,#3669,
    #3693,#3717,#3741,#3765,#3789,#3813,#3837,#3861,#3885,#3909,#3933,
    #3957,#3981,#4005,#4029,#4053,#4077,#4101,#4125,#4149,#4173,#4197,
    #4221,#4245,#4262,#4279,#4296,#4313,#4330,#4347,#4364,#4381,#4398,
    #4415,#4432,#4444,#4466,#4483,#4500,#4517,#4534,#4551,#4568,#4585,
    #4602,#5077,#5101,#5582,#5599,#5616,#5633,#5650,#5667,#5684,#5707,
    #5738,#5785,#5797,#5828,#5845,#5874,#5920,#5944,#5968,#5992,#6016,
    #6040,#6064,#6088,#6112,#6136,#6160,#6184,#6208,#6232,#6256,#6280,
    #6304,#6328,#6352,#6376,#6400,#6424,#6448,#6472,#6496,#6520,#6544,
    #6568,#6592,#6616,#6640,#6664,#6688,#6712,#6736,#6760,#6784,#6808,
    #6832,#6856,#6880,#6897,#6914,#6938,#6954,#6971,#6983,#7005,#7025,
    #7042,#7360,#7377,#7394,#7411,#7428,#7445,#7462,#7479,#7496,#7513,
    #7530,#7547,#7564,#7581,#7598,#7615,#7632,#7649,#7666,#7678,#7695,
    #7745,#7795,#7812,#7829,#7846,#7863,#7880,#7897,#7914,#7931,#7948,
    #7965,#7982,#7999,#8016,#8033,#8050,#8067,#8084,#8101,#8113,#8135,
    #8152,#8169,#8186,#8203,#8220,#8237,#8254,#8271,#8288,#8305,#8322,
    #8339,#8356,#8373,#8390,#8407,#8424,#8441,#8458,#8475,#8492,#8509,
    #8526,#8543,#8560,#8577,#8594,#8611,#8628,#8645,#8662,#8679,#8696,
    #8713,#8734,#8751,#8762,#8773,#8797,#8813,#8837,#8854,#8878,#8890,
    #8901,#8932,#8956,#8980,#9004,#9028,#9052,#9076,#9100,#9124,#9148,
    #9172,#9188,#9211,#9235,#9259,#9283,#9307,#9331,#9355,#9379,#9403,
    #9427,#9451,#9475,#9499,#9523,#9547,#9571,#9595,#9619,#9642,#9673,
    #9697,#9721,#9745,#9769,#9793,#9810,#9871,#9882,#9893,#9904,#9947,
    #10629,#10653,#10677,#10693,#10717,#10733,#10757,#10773,#10797,
    #10813,#10837,#10853,#10877,#10893,#10917,#10933,#10957,#10973,
    #10997,#11013,#11037,#11053,#11077,#11093,#11117,#11133,#11157,
    #11173,#11197,#11213,#11237,#11253,#11277,#11293,#11317,#11333,
    #11357,#11373,#11397,#11413,#11437,#11453,#11477,#11493,#11517,
    #11533,#11557,#11573,#11597,#11613,#11637,#11653,#11677,#11693,
    #11717,#11733,#11757,#11781,#11797,#11821,#11837,#11861,#11877,
    #11901,#11917,#11941,#11957,#11981,#11997,#12021,#12037,#12061,
    #12077,#12094,#12117,#12140,#12163,#12186,#12209,#12232,#12255,
    #12278,#12302,#12325,#12348,#12371,#12394,#12417,#12440,#12463,
    #12486,#12509,#12532,#12555,#12578,#12601,#12624,#12647,#12670,
    #12693,#12716,#12740,#12763,#12786,#12809,#12832,#12855,#12878,
    #12901,#12924,#12947,#12963,#12979,#12995,#13011,#13027,#13043,
    #13059,#13075,#13091,#13266,#13277,#13288,#13299,#13310,#13321,
    #13332,#13343,#13354,#13365,#13376,#13387,#13398,#13409,#13420,
    #13431,#13442,#13453,#13464,#13475,#13486,#13497,#13508,#13519,
    #13530,#13541));
#17 = ADVANCED_FACE('',(#18),#50,.T.);
#18 = FACE_BOUND('',#19,.T.);
#19 = EDGE_LOOP('',(#20,#30,#37,#45));
#20 = ORIENTED_EDGE('',*,*,#21,.F.);
#21 = EDGE_CURVE('',#22,#24,#26,.T.);
#22 = VERTEX_POINT('',#23);
#23 = CARTESIAN_POINT('',(18.000001907349,41.,-6.E-15));
#24 = VERTEX_POINT('',#25);
#25 = CARTESIAN_POINT('',(18.000001907349,41.,16.));
#26 = LINE('',#27,#28);
#27 = CARTESIAN_POINT('',(18.000001907349,41.,-1.301E-14));
#28 = VECTOR('',#29,1.);
#29 = DIRECTION('',(0.,0.,1.));
#30 = ORIENTED_EDGE('',*,*,#31,.T.);
#31 = EDGE_CURVE('',#22,#32,#34,.T.);
#32 = VERTEX_POINT('',#33);
#33 = CARTESIAN_POINT('',(15.500001907349,41.,-6.E-15));
#34 = B_SPLINE_CURVE_WITH_KNOTS('',1,(#35,#36),.UNSPECIFIED.,.F.,.F.,(2,
    2),(0.,1.),.PIECEWISE_BEZIER_KNOTS.);
#35 = CARTESIAN_POINT('',(18.000001907349,41.,-6.07E-15));
#36 = CARTESIAN_POINT('',(15.500001907349,41.,-6.07E-15));
#37 = ORIENTED_EDGE('',*,*,#38,.T.);
#38 = EDGE_CURVE('',#32,#39,#41,.T.);
#39 = VERTEX_POINT('',#40);
#40 = CARTESIAN_POINT('',(15.500001907349,41.,16.));
#41 = LINE('',#42,#43);
#42 = CARTESIAN_POINT('',(15.500001907349,41.,-1.301E-14));
#43 = VECTOR('',#44,1.);
#44 = DIRECTION('',(0.,0.,1.));
#45 = ORIENTED_EDGE('',*,*,#46,.F.);
#46 = EDGE_CURVE('',#24,#39,#47,.T.);
#47 = B_SPLINE_CURVE_WITH_KNOTS('',1,(#48,#49),.UNSPECIFIED.,.F.,.F.,(2,
    2),(0.,1.),.PIECEWISE_BEZIER_KNOTS.);
#48 = CARTESIAN_POINT('',(18.000001907349,41.,16.));
#49 = CARTESIAN_POINT('',(15.500001907349,41.,16.));
#50 = PLANE('',#51);
#51 = AXIS2_PLACEMENT_3D('',#52,#53,#54);
#52 = CARTESIAN_POINT('',(15.500001907349,41.,-1.301E-14));
#53 = DIRECTION('',(0.,1.,0.));
#54 = DIRECTION('',(0.,0.,-1.));
#55 = ADVANCED_FACE('',(#56,#241,#252,#286),#297,.T.);
#56 = FACE_BOUND('',#57,.T.);
#57 = EDGE_LOOP('',(#58,#66,#74,#82,#90,#98,#106,#114,#122,#130,#138,
    #146,#154,#162,#170,#178,#186,#194,#202,#210,#218,#226,#234,#240));
#58 = ORIENTED_EDGE('',*,*,#59,.F.);
#59 = EDGE_CURVE('',#60,#24,#62,.T.);
#60 = VERTEX_POINT('',#61);
#61 = CARTESIAN_POINT('',(18.000001907349,73.,16.));
#62 = LINE('',#63,#64);
#63 = CARTESIAN_POINT('',(18.000001907349,73.,16.));
#64 = VECTOR('',#65,1.);
#65 = DIRECTION('',(0.,-1.,0.));
#66 = ORIENTED_EDGE('',*,*,#67,.T.);
#67 = EDGE_CURVE('',#60,#68,#70,.T.);
#68 = VERTEX_POINT('',#69);
#69 = CARTESIAN_POINT('',(18.000001907349,73.312873840332,15.97537612915
    ));
#70 = LINE('',#71,#72);
#71 = CARTESIAN_POINT('',(18.000001907349,73.,16.));
#72 = VECTOR('',#73,1.);
#73 = DIRECTION('',(0.,0.996917292463,-7.84596201181E-02));
#74 = ORIENTED_EDGE('',*,*,#75,.T.);
#75 = EDGE_CURVE('',#68,#76,#78,.T.);
#76 = VERTEX_POINT('',#77);
#77 = CARTESIAN_POINT('',(18.000001907349,73.618034362793,
    15.902112960815));
#78 = LINE('',#79,#80);
#79 = CARTESIAN_POINT('',(18.000001907349,73.312873840332,15.97537612915
    ));
#80 = VECTOR('',#81,1.);
#81 = DIRECTION('',(0.,0.972369480062,-0.233447197977));
#82 = ORIENTED_EDGE('',*,*,#83,.T.);
#83 = EDGE_CURVE('',#76,#84,#86,.T.);
#84 = VERTEX_POINT('',#85);
#85 = CARTESIAN_POINT('',(18.000001907349,73.907981872559,
    15.782013893127));
#86 = LINE('',#87,#88);
#87 = CARTESIAN_POINT('',(18.000001907349,73.618034362793,
    15.902112960815));
#88 = VECTOR('',#89,1.);
#89 = DIRECTION('',(0.,0.923880797888,-0.382680377462));
#90 = ORIENTED_EDGE('',*,*,#91,.T.);
#91 = EDGE_CURVE('',#84,#92,#94,.T.);
#92 = VERTEX_POINT('',#93);
#93 = CARTESIAN_POINT('',(18.000001907349,74.175575256348,
    15.618033409119));
#94 = LINE('',#95,#96);
#95 = CARTESIAN_POINT('',(18.000001907349,73.907981872559,
    15.782013893127));
#96 = VECTOR('',#97,1.);
#97 = DIRECTION('',(0.,0.852641516415,-0.522496358347));
#98 = ORIENTED_EDGE('',*,*,#99,.T.);
#99 = EDGE_CURVE('',#92,#100,#102,.T.);
#100 = VERTEX_POINT('',#101);
#101 = CARTESIAN_POINT('',(18.000001907349,74.414215087891,
    15.414214134216));
#102 = LINE('',#103,#104);
#103 = CARTESIAN_POINT('',(18.000001907349,74.175575256348,
    15.618033409119));
#104 = VECTOR('',#105,1.);
#105 = DIRECTION('',(0.,0.76040344156,-0.64945100359));
#106 = ORIENTED_EDGE('',*,*,#107,.T.);
#107 = EDGE_CURVE('',#100,#108,#110,.T.);
#108 = VERTEX_POINT('',#109);
#109 = CARTESIAN_POINT('',(18.000001907349,74.618034362793,
    15.175570487976));
#110 = LINE('',#111,#112);
#111 = CARTESIAN_POINT('',(18.000001907349,74.414215087891,
    15.414214134216));
#112 = VECTOR('',#113,1.);
#113 = DIRECTION('',(0.,0.649445000855,-0.760408568379));
#114 = ORIENTED_EDGE('',*,*,#115,.T.);
#115 = EDGE_CURVE('',#108,#116,#118,.T.);
#116 = VERTEX_POINT('',#117);
#117 = CARTESIAN_POINT('',(18.000001907349,74.782012939453,
    14.907980918884));
#118 = LINE('',#119,#120);
#119 = CARTESIAN_POINT('',(18.000001907349,74.618034362793,
    15.175570487976));
#120 = VECTOR('',#121,1.);
#121 = DIRECTION('',(0.,0.522497355102,-0.852640905605));
#122 = ORIENTED_EDGE('',*,*,#123,.T.);
#123 = EDGE_CURVE('',#116,#124,#126,.T.);
#124 = VERTEX_POINT('',#125);
#125 = CARTESIAN_POINT('',(18.000001907349,74.90210723877,
    14.618033409119));
#126 = LINE('',#127,#128);
#127 = CARTESIAN_POINT('',(18.000001907349,74.782012939453,
    14.907980918884));
#128 = VECTOR('',#129,1.);
#129 = DIRECTION('',(0.,0.382667408586,-0.923886169615));
#130 = ORIENTED_EDGE('',*,*,#131,.T.);
#131 = EDGE_CURVE('',#124,#132,#134,.T.);
#132 = VERTEX_POINT('',#133);
#133 = CARTESIAN_POINT('',(18.000001907349,74.975379943848,
    14.31286907196));
#134 = LINE('',#135,#136);
#135 = CARTESIAN_POINT('',(18.000001907349,74.90210723877,
    14.618033409119));
#136 = VECTOR('',#137,1.);
#137 = DIRECTION('',(0.,0.233473170192,-0.972363244266));
#138 = ORIENTED_EDGE('',*,*,#139,.T.);
#139 = EDGE_CURVE('',#132,#140,#142,.T.);
#140 = VERTEX_POINT('',#141);
#141 = CARTESIAN_POINT('',(18.000001907349,75.,14.));
#142 = LINE('',#143,#144);
#143 = CARTESIAN_POINT('',(18.000001907349,74.975379943848,
    14.31286907196));
#144 = VECTOR('',#145,1.);
#145 = DIRECTION('',(0.,7.844872830975E-02,-0.996918149612));
#146 = ORIENTED_EDGE('',*,*,#147,.T.);
#147 = EDGE_CURVE('',#140,#148,#150,.T.);
#148 = VERTEX_POINT('',#149);
#149 = CARTESIAN_POINT('',(18.000001907349,75.,2.));
#150 = LINE('',#151,#152);
#151 = CARTESIAN_POINT('',(18.000001907349,75.,14.));
#152 = VECTOR('',#153,1.);
#153 = DIRECTION('',(0.,0.,-1.));
#154 = ORIENTED_EDGE('',*,*,#155,.T.);
#155 = EDGE_CURVE('',#148,#156,#158,.T.);
#156 = VERTEX_POINT('',#157);
#157 = CARTESIAN_POINT('',(18.000001907349,74.975379943848,
    1.687131166458));
#158 = LINE('',#159,#160);
#159 = CARTESIAN_POINT('',(18.000001907349,75.,2.));
#160 = VECTOR('',#161,1.);
#161 = DIRECTION('',(0.,-7.844878772291E-02,-0.996918144937));
#162 = ORIENTED_EDGE('',*,*,#163,.T.);
#163 = EDGE_CURVE('',#156,#164,#166,.T.);
#164 = VERTEX_POINT('',#165);
#165 = CARTESIAN_POINT('',(18.000001907349,74.90210723877,1.381965994835
    ));
#166 = LINE('',#167,#168);
#167 = CARTESIAN_POINT('',(18.000001907349,74.975379943848,
    1.687131166458));
#168 = VECTOR('',#169,1.);
#169 = DIRECTION('',(0.,-0.233472566567,-0.972363389202));
#170 = ORIENTED_EDGE('',*,*,#171,.T.);
#171 = EDGE_CURVE('',#164,#172,#174,.T.);
#172 = VERTEX_POINT('',#173);
#173 = CARTESIAN_POINT('',(18.000001907349,74.782012939453,
    1.092019081116));
#174 = LINE('',#175,#176);
#175 = CARTESIAN_POINT('',(18.000001907349,74.90210723877,1.381965994835
    ));
#176 = VECTOR('',#177,1.);
#177 = DIRECTION('',(0.,-0.382668080046,-0.923885891501));
#178 = ORIENTED_EDGE('',*,*,#179,.T.);
#179 = EDGE_CURVE('',#172,#180,#182,.T.);
#180 = VERTEX_POINT('',#181);
#181 = CARTESIAN_POINT('',(18.000001907349,74.618034362793,
    0.824429512024));
#182 = LINE('',#183,#184);
#183 = CARTESIAN_POINT('',(18.000001907349,74.782012939453,
    1.092019081116));
#184 = VECTOR('',#185,1.);
#185 = DIRECTION('',(0.,-0.522497355102,-0.852640905605));
#186 = ORIENTED_EDGE('',*,*,#187,.T.);
#187 = EDGE_CURVE('',#180,#188,#190,.T.);
#188 = VERTEX_POINT('',#189);
#189 = CARTESIAN_POINT('',(18.000001907349,74.414215087891,
    0.585786402225));
#190 = LINE('',#191,#192);
#191 = CARTESIAN_POINT('',(18.000001907349,74.618034362793,
    0.824429512024));
#192 = VECTOR('',#193,1.);
#193 = DIRECTION('',(0.,-0.649445844985,-0.760407847429));
#194 = ORIENTED_EDGE('',*,*,#195,.T.);
#195 = EDGE_CURVE('',#188,#196,#198,.T.);
#196 = VERTEX_POINT('',#197);
#197 = CARTESIAN_POINT('',(18.000001907349,74.175575256348,
    0.381965994835));
#198 = LINE('',#199,#200);
#199 = CARTESIAN_POINT('',(18.000001907349,74.414215087891,
    0.585786402225));
#200 = VECTOR('',#201,1.);
#201 = DIRECTION('',(0.,-0.760401659489,-0.649453090104));
#202 = ORIENTED_EDGE('',*,*,#203,.T.);
#203 = EDGE_CURVE('',#196,#204,#206,.T.);
#204 = VERTEX_POINT('',#205);
#205 = CARTESIAN_POINT('',(18.000001907349,73.907981872559,
    0.217986941338));
#206 = LINE('',#207,#208);
#207 = CARTESIAN_POINT('',(18.000001907349,74.175575256348,
    0.381965994835));
#208 = VECTOR('',#209,1.);
#209 = DIRECTION('',(0.,-0.852643547049,-0.522493044619));
#210 = ORIENTED_EDGE('',*,*,#211,.T.);
#211 = EDGE_CURVE('',#204,#212,#214,.T.);
#212 = VERTEX_POINT('',#213);
#213 = CARTESIAN_POINT('',(18.000001907349,73.618034362793,
    9.788696467876E-02));
#214 = LINE('',#215,#216);
#215 = CARTESIAN_POINT('',(18.000001907349,73.907981872559,
    0.217986941338));
#216 = VECTOR('',#217,1.);
#217 = DIRECTION('',(0.,-0.923879773889,-0.382682849628));
#218 = ORIENTED_EDGE('',*,*,#219,.T.);
#219 = EDGE_CURVE('',#212,#220,#222,.T.);
#220 = VERTEX_POINT('',#221);
#221 = CARTESIAN_POINT('',(18.000001907349,73.312873840332,
    2.462331950665E-02));
#222 = LINE('',#223,#224);
#223 = CARTESIAN_POINT('',(18.000001907349,73.618034362793,
    9.788696467876E-02));
#224 = VECTOR('',#225,1.);
#225 = DIRECTION('',(0.,-0.972369135162,-0.233448634575));
#226 = ORIENTED_EDGE('',*,*,#227,.T.);
#227 = EDGE_CURVE('',#220,#228,#230,.T.);
#228 = VERTEX_POINT('',#229);
#229 = CARTESIAN_POINT('',(18.000001907349,73.,-6.E-15));
#230 = LINE('',#231,#232);
#231 = CARTESIAN_POINT('',(18.000001907349,73.312873840332,
    2.462331950665E-02));
#232 = VECTOR('',#233,1.);
#233 = DIRECTION('',(0.,-0.996917429871,-7.845787417513E-02));
#234 = ORIENTED_EDGE('',*,*,#235,.F.);
#235 = EDGE_CURVE('',#22,#228,#236,.T.);
#236 = LINE('',#237,#238);
#237 = CARTESIAN_POINT('',(18.000001907349,41.,8.7E-16));
#238 = VECTOR('',#239,1.);
#239 = DIRECTION('',(0.,1.,0.));
#240 = ORIENTED_EDGE('',*,*,#21,.T.);
#241 = FACE_BOUND('',#242,.T.);
#242 = EDGE_LOOP('',(#243));
#243 = ORIENTED_EDGE('',*,*,#244,.F.);
#244 = EDGE_CURVE('',#245,#245,#247,.T.);
#245 = VERTEX_POINT('',#246);
#246 = CARTESIAN_POINT('',(18.000001907349,70.899997947239,
    8.000002556026));
#247 = CIRCLE('',#248,0.85);
#248 = AXIS2_PLACEMENT_3D('',#249,#250,#251);
#249 = CARTESIAN_POINT('',(18.000001907349,71.749997947239,
    8.000002556026));
#250 = DIRECTION('',(-1.,0.,0.));
#251 = DIRECTION('',(0.,-1.,0.));
#252 = FACE_BOUND('',#253,.T.);
#253 = EDGE_LOOP('',(#254,#264,#272,#280));
#254 = ORIENTED_EDGE('',*,*,#255,.T.);
#255 = EDGE_CURVE('',#256,#258,#260,.T.);
#256 = VERTEX_POINT('',#257);
#257 = CARTESIAN_POINT('',(18.000001907349,45.950000762939,
    14.449999809265));
#258 = VERTEX_POINT('',#259);
#259 = CARTESIAN_POINT('',(18.000001907349,45.950000762939,
    1.550000071526));
#260 = LINE('',#261,#262);
#261 = CARTESIAN_POINT('',(18.000001907349,45.950000762939,
    14.449999809265));
#262 = VECTOR('',#263,1.);
#263 = DIRECTION('',(0.,0.,-1.));
#264 = ORIENTED_EDGE('',*,*,#265,.T.);
#265 = EDGE_CURVE('',#258,#266,#268,.T.);
#266 = VERTEX_POINT('',#267);
#267 = CARTESIAN_POINT('',(18.000001907349,70.050003051758,
    1.550000071526));
#268 = LINE('',#269,#270);
#269 = CARTESIAN_POINT('',(18.000001907349,45.950000762939,
    1.550000071526));
#270 = VECTOR('',#271,1.);
#271 = DIRECTION('',(0.,1.,0.));
#272 = ORIENTED_EDGE('',*,*,#273,.T.);
#273 = EDGE_CURVE('',#266,#274,#276,.T.);
#274 = VERTEX_POINT('',#275);
#275 = CARTESIAN_POINT('',(18.000001907349,70.050003051758,
    14.449999809265));
#276 = LINE('',#277,#278);
#277 = CARTESIAN_POINT('',(18.000001907349,70.050003051758,
    1.550000071526));
#278 = VECTOR('',#279,1.);
#279 = DIRECTION('',(0.,0.,1.));
#280 = ORIENTED_EDGE('',*,*,#281,.T.);
#281 = EDGE_CURVE('',#274,#256,#282,.T.);
#282 = LINE('',#283,#284);
#283 = CARTESIAN_POINT('',(18.000001907349,70.050003051758,
    14.449999809265));
#284 = VECTOR('',#285,1.);
#285 = DIRECTION('',(0.,-1.,0.));
#286 = FACE_BOUND('',#287,.T.);
#287 = EDGE_LOOP('',(#288));
#288 = ORIENTED_EDGE('',*,*,#289,.F.);
#289 = EDGE_CURVE('',#290,#290,#292,.T.);
#290 = VERTEX_POINT('',#291);
#291 = CARTESIAN_POINT('',(18.000001907349,43.399999197213,
    8.000000405415));
#292 = CIRCLE('',#293,0.85);
#293 = AXIS2_PLACEMENT_3D('',#294,#295,#296);
#294 = CARTESIAN_POINT('',(18.000001907349,44.249999197213,
    8.000000405415));
#295 = DIRECTION('',(-1.,0.,0.));
#296 = DIRECTION('',(0.,-1.,0.));
#297 = PLANE('',#298);
#298 = AXIS2_PLACEMENT_3D('',#299,#300,#301);
#299 = CARTESIAN_POINT('',(18.000001907349,57.696024362703,
    7.999999998095));
#300 = DIRECTION('',(-1.,-0.,-0.));
#301 = DIRECTION('',(0.,0.,-1.));
#302 = ADVANCED_FACE('',(#303,#1048),#1082,.T.);
#303 = FACE_BOUND('',#304,.T.);
#304 = EDGE_LOOP('',(#305,#314,#322,#330,#338,#346,#354,#362,#370,#378,
    #386,#394,#402,#410,#418,#426,#434,#442,#450,#458,#466,#474,#482,
    #490,#498,#506,#514,#522,#530,#538,#546,#554,#562,#570,#578,#586,
    #594,#602,#610,#618,#626,#634,#642,#650,#658,#666,#674,#682,#690,
    #698,#706,#714,#722,#730,#738,#746,#754,#762,#770,#778,#786,#794,
    #802,#810,#818,#826,#834,#842,#850,#856,#857,#858,#866,#874,#882,
    #890,#898,#906,#914,#922,#930,#938,#946,#954,#962,#970,#978,#986,
    #994,#1002,#1010,#1018,#1026,#1034,#1042));
#305 = ORIENTED_EDGE('',*,*,#306,.T.);
#306 = EDGE_CURVE('',#307,#309,#311,.T.);
#307 = VERTEX_POINT('',#308);
#308 = CARTESIAN_POINT('',(18.000001907349,38.426376732202,1.E-15));
#309 = VERTEX_POINT('',#310);
#310 = CARTESIAN_POINT('',(15.500001907349,38.426376732202,1.E-15));
#311 = B_SPLINE_CURVE_WITH_KNOTS('',1,(#312,#313),.UNSPECIFIED.,.F.,.F.,
  (2,2),(0.,1.),.PIECEWISE_BEZIER_KNOTS.);
#312 = CARTESIAN_POINT('',(18.000001907349,38.426376732202,8.7E-16));
#313 = CARTESIAN_POINT('',(15.500001907349,38.426376732202,8.7E-16));
#314 = ORIENTED_EDGE('',*,*,#315,.T.);
#315 = EDGE_CURVE('',#309,#316,#318,.T.);
#316 = VERTEX_POINT('',#317);
#317 = CARTESIAN_POINT('',(14.911502838135,38.380809783936,1.E-15));
#318 = LINE('',#319,#320);
#319 = CARTESIAN_POINT('',(16.450849533081,38.5,8.7E-16));
#320 = VECTOR('',#321,1.);
#321 = DIRECTION('',(-0.997015779605,-7.719802600732E-02,0.));
#322 = ORIENTED_EDGE('',*,*,#323,.T.);
#323 = EDGE_CURVE('',#316,#324,#326,.T.);
#324 = VERTEX_POINT('',#325);
#325 = CARTESIAN_POINT('',(13.408850669861,38.026084899902,1.E-15));
#326 = LINE('',#327,#328);
#327 = CARTESIAN_POINT('',(14.911502838135,38.380809783936,8.7E-16));
#328 = VECTOR('',#329,1.);
#329 = DIRECTION('',(-0.973249449179,-0.229750973169,0.));
#330 = ORIENTED_EDGE('',*,*,#331,.T.);
#331 = EDGE_CURVE('',#324,#332,#334,.T.);
#332 = VERTEX_POINT('',#333);
#333 = CARTESIAN_POINT('',(11.978713035583,37.444271087646,1.E-15));
#334 = LINE('',#335,#336);
#335 = CARTESIAN_POINT('',(13.408850669861,38.026084899902,8.7E-16));
#336 = VECTOR('',#337,1.);
#337 = DIRECTION('',(-0.926281178836,-0.376833090021,0.));
#338 = ORIENTED_EDGE('',*,*,#339,.T.);
#339 = EDGE_CURVE('',#332,#340,#342,.T.);
#340 = VERTEX_POINT('',#341);
#341 = CARTESIAN_POINT('',(10.252974510193,36.374652862549,1.E-15));
#342 = LINE('',#343,#344);
#343 = CARTESIAN_POINT('',(11.978713035583,37.444271087646,8.7E-16));
#344 = VECTOR('',#345,1.);
#345 = DIRECTION('',(-0.849977604855,-0.52681882203,0.));
#346 = ORIENTED_EDGE('',*,*,#347,.T.);
#347 = EDGE_CURVE('',#340,#348,#350,.T.);
#348 = VERTEX_POINT('',#349);
#349 = CARTESIAN_POINT('',(8.687492370605,35.081783294678,1.E-15));
#350 = LINE('',#351,#352);
#351 = CARTESIAN_POINT('',(10.252974510193,36.374652862549,8.7E-16));
#352 = VECTOR('',#353,1.);
#353 = DIRECTION('',(-0.771047550749,-0.636777570651,0.));
#354 = ORIENTED_EDGE('',*,*,#355,.T.);
#355 = EDGE_CURVE('',#348,#356,#358,.T.);
#356 = VERTEX_POINT('',#357);
#357 = CARTESIAN_POINT('',(7.31094455719,33.589344024658,1.E-15));
#358 = LINE('',#359,#360);
#359 = CARTESIAN_POINT('',(8.687492370605,35.081783294678,8.7E-16));
#360 = VECTOR('',#361,1.);
#361 = DIRECTION('',(-0.677990597433,-0.735070574702,0.));
#362 = ORIENTED_EDGE('',*,*,#363,.T.);
#363 = EDGE_CURVE('',#356,#364,#366,.T.);
#364 = VERTEX_POINT('',#365);
#365 = CARTESIAN_POINT('',(6.148554801941,31.924680709839,1.E-15));
#366 = LINE('',#367,#368);
#367 = CARTESIAN_POINT('',(7.31094455719,33.589344024658,8.7E-16));
#368 = VECTOR('',#369,1.);
#369 = DIRECTION('',(-0.572511750986,-0.819896514801,0.));
#370 = ORIENTED_EDGE('',*,*,#371,.T.);
#371 = EDGE_CURVE('',#364,#372,#374,.T.);
#372 = VERTEX_POINT('',#373);
#373 = CARTESIAN_POINT('',(5.221617698669,30.11828994751,1.E-15));
#374 = LINE('',#375,#376);
#375 = CARTESIAN_POINT('',(6.148554801941,31.924680709839,8.7E-16));
#376 = VECTOR('',#377,1.);
#377 = DIRECTION('',(-0.456543934582,-0.889700868717,0.));
#378 = ORIENTED_EDGE('',*,*,#379,.T.);
#379 = EDGE_CURVE('',#372,#380,#382,.T.);
#380 = VERTEX_POINT('',#381);
#381 = CARTESIAN_POINT('',(4.547116756439,28.203271865845,1.E-15));
#382 = LINE('',#383,#384);
#383 = CARTESIAN_POINT('',(5.221617698669,30.11828994751,8.7E-16));
#384 = VECTOR('',#385,1.);
#385 = DIRECTION('',(-0.332212232681,-0.94320466096,0.));
#386 = ORIENTED_EDGE('',*,*,#387,.T.);
#387 = EDGE_CURVE('',#380,#388,#390,.T.);
#388 = VERTEX_POINT('',#389);
#389 = CARTESIAN_POINT('',(4.137408256531,26.214706420898,1.E-15));
#390 = LINE('',#391,#392);
#391 = CARTESIAN_POINT('',(4.547116756439,28.203271865845,8.7E-16));
#392 = VECTOR('',#393,1.);
#393 = DIRECTION('',(-0.20179370858,-0.979428046963,0.));
#394 = ORIENTED_EDGE('',*,*,#395,.T.);
#395 = EDGE_CURVE('',#388,#396,#398,.T.);
#396 = VERTEX_POINT('',#397);
#397 = CARTESIAN_POINT('',(4.,24.189027786255,1.E-15));
#398 = LINE('',#399,#400);
#399 = CARTESIAN_POINT('',(4.137408256531,26.214706420898,8.7E-16));
#400 = VECTOR('',#401,1.);
#401 = DIRECTION('',(-6.767767096108E-02,-0.997707238048,0.));
#402 = ORIENTED_EDGE('',*,*,#403,.F.);
#403 = EDGE_CURVE('',#404,#396,#406,.T.);
#404 = VERTEX_POINT('',#405);
#405 = CARTESIAN_POINT('',(4.,7.,0.));
#406 = LINE('',#407,#408);
#407 = CARTESIAN_POINT('',(4.,7.,8.7E-16));
#408 = VECTOR('',#409,1.);
#409 = DIRECTION('',(0.,1.,0.));
#410 = ORIENTED_EDGE('',*,*,#411,.T.);
#411 = EDGE_CURVE('',#404,#412,#414,.T.);
#412 = VERTEX_POINT('',#413);
#413 = CARTESIAN_POINT('',(1.5,7.,0.));
#414 = LINE('',#415,#416);
#415 = CARTESIAN_POINT('',(4.,7.,8.7E-16));
#416 = VECTOR('',#417,1.);
#417 = DIRECTION('',(-1.,0.,0.));
#418 = ORIENTED_EDGE('',*,*,#419,.F.);
#419 = EDGE_CURVE('',#420,#412,#422,.T.);
#420 = VERTEX_POINT('',#421);
#421 = CARTESIAN_POINT('',(1.5,14.,1.E-15));
#422 = LINE('',#423,#424);
#423 = CARTESIAN_POINT('',(1.5,14.,8.7E-16));
#424 = VECTOR('',#425,1.);
#425 = DIRECTION('',(0.,-1.,0.));
#426 = ORIENTED_EDGE('',*,*,#427,.T.);
#427 = EDGE_CURVE('',#420,#428,#430,.T.);
#428 = VERTEX_POINT('',#429);
#429 = CARTESIAN_POINT('',(1.475376844406,14.31286907196,1.E-15));
#430 = LINE('',#431,#432);
#431 = CARTESIAN_POINT('',(1.5,14.,8.7E-16));
#432 = VECTOR('',#433,1.);
#433 = DIRECTION('',(-7.845854350215E-02,0.996917377194,0.));
#434 = ORIENTED_EDGE('',*,*,#435,.T.);
#435 = EDGE_CURVE('',#428,#436,#438,.T.);
#436 = VERTEX_POINT('',#437);
#437 = CARTESIAN_POINT('',(1.402113199234,14.618033409119,1.E-15));
#438 = LINE('',#439,#440);
#439 = CARTESIAN_POINT('',(1.475376844406,14.31286907196,8.7E-16));
#440 = VECTOR('',#441,1.);
#441 = DIRECTION('',(-0.233445875393,0.972369797588,0.));
#442 = ORIENTED_EDGE('',*,*,#443,.T.);
#443 = EDGE_CURVE('',#436,#444,#446,.T.);
#444 = VERTEX_POINT('',#445);
#445 = CARTESIAN_POINT('',(1.282013177872,14.907980918884,1.E-15));
#446 = LINE('',#447,#448);
#447 = CARTESIAN_POINT('',(1.402113199234,14.618033409119,8.7E-16));
#448 = VECTOR('',#449,1.);
#449 = DIRECTION('',(-0.38268297121,0.923879723528,0.));
#450 = ORIENTED_EDGE('',*,*,#451,.T.);
#451 = EDGE_CURVE('',#444,#452,#454,.T.);
#452 = VERTEX_POINT('',#453);
#453 = CARTESIAN_POINT('',(1.118034124374,15.175570487976,1.E-15));
#454 = LINE('',#455,#456);
#455 = CARTESIAN_POINT('',(1.282013177872,14.907980918884,8.7E-16));
#456 = VECTOR('',#457,1.);
#457 = DIRECTION('',(-0.522498459686,0.852640228716,0.));
#458 = ORIENTED_EDGE('',*,*,#459,.T.);
#459 = EDGE_CURVE('',#452,#460,#462,.T.);
#460 = VERTEX_POINT('',#461);
#461 = CARTESIAN_POINT('',(0.914213657379,15.414214134216,1.E-15));
#462 = LINE('',#463,#464);
#463 = CARTESIAN_POINT('',(1.118034124374,15.175570487976,8.7E-16));
#464 = VECTOR('',#465,1.);
#465 = DIRECTION('',(-0.649447197195,0.760406692537,0.));
#466 = ORIENTED_EDGE('',*,*,#467,.T.);
#467 = EDGE_CURVE('',#460,#468,#470,.T.);
#468 = VERTEX_POINT('',#469);
#469 = CARTESIAN_POINT('',(0.675570726395,15.618033409119,1.E-15));
#470 = LINE('',#471,#472);
#471 = CARTESIAN_POINT('',(0.914213657379,15.414214134216,8.7E-16));
#472 = VECTOR('',#473,1.);
#473 = DIRECTION('',(-0.760407607111,0.649446126362,0.));
#474 = ORIENTED_EDGE('',*,*,#475,.T.);
#475 = EDGE_CURVE('',#468,#476,#478,.T.);
#476 = VERTEX_POINT('',#477);
#477 = CARTESIAN_POINT('',(0.407981157303,15.782013893127,1.E-15));
#478 = LINE('',#479,#480);
#479 = CARTESIAN_POINT('',(0.675570726395,15.618033409119,8.7E-16));
#480 = VECTOR('',#481,1.);
#481 = DIRECTION('',(-0.852638198047,0.522501773424,0.));
#482 = ORIENTED_EDGE('',*,*,#483,.T.);
#483 = EDGE_CURVE('',#476,#484,#486,.T.);
#484 = VERTEX_POINT('',#485);
#485 = CARTESIAN_POINT('',(0.118034124374,15.902112960815,1.E-15));
#486 = LINE('',#487,#488);
#487 = CARTESIAN_POINT('',(0.407981157303,15.782013893127,8.7E-16));
#488 = VECTOR('',#489,1.);
#489 = DIRECTION('',(-0.923880575383,0.382680914641,0.));
#490 = ORIENTED_EDGE('',*,*,#491,.T.);
#491 = EDGE_CURVE('',#484,#492,#494,.T.);
#492 = VERTEX_POINT('',#493);
#493 = CARTESIAN_POINT('',(-0.18713092804,15.97537612915,1.E-15));
#494 = LINE('',#495,#496);
#495 = CARTESIAN_POINT('',(0.118034124374,15.902112960815,8.7E-16));
#496 = VECTOR('',#497,1.);
#497 = DIRECTION('',(-0.972370266682,0.233443921472,0.));
#498 = ORIENTED_EDGE('',*,*,#499,.T.);
#499 = EDGE_CURVE('',#492,#500,#502,.T.);
#500 = VERTEX_POINT('',#501);
#501 = CARTESIAN_POINT('',(-0.5,16.,1.E-15));
#502 = LINE('',#503,#504);
#503 = CARTESIAN_POINT('',(-0.18713092804,15.97537612915,8.7E-16));
#504 = VECTOR('',#505,1.);
#505 = DIRECTION('',(-0.99691719893,7.84608085433E-02,0.));
#506 = ORIENTED_EDGE('',*,*,#507,.T.);
#507 = EDGE_CURVE('',#500,#508,#510,.T.);
#508 = VERTEX_POINT('',#509);
#509 = CARTESIAN_POINT('',(-0.812868595123,16.02462387085,1.E-15));
#510 = LINE('',#511,#512);
#511 = CARTESIAN_POINT('',(-0.5,16.,8.7E-16));
#512 = VECTOR('',#513,1.);
#513 = DIRECTION('',(-0.996917189577,7.84609273878E-02,0.));
#514 = ORIENTED_EDGE('',*,*,#515,.T.);
#515 = EDGE_CURVE('',#508,#516,#518,.T.);
#516 = VERTEX_POINT('',#517);
#517 = CARTESIAN_POINT('',(-1.118033766747,16.097887039185,1.E-15));
#518 = LINE('',#519,#520);
#519 = CARTESIAN_POINT('',(-0.812868595123,16.02462387085,8.7E-16));
#520 = VECTOR('',#521,1.);
#521 = DIRECTION('',(-0.972370287382,0.23344383525,0.));
#522 = ORIENTED_EDGE('',*,*,#523,.T.);
#523 = EDGE_CURVE('',#516,#524,#526,.T.);
#524 = VERTEX_POINT('',#525);
#525 = CARTESIAN_POINT('',(-1.407980799675,16.217987060547,1.E-15));
#526 = LINE('',#527,#528);
#527 = CARTESIAN_POINT('',(-1.118033766747,16.097887039185,8.7E-16));
#528 = VECTOR('',#529,1.);
#529 = DIRECTION('',(-0.92387950102,0.382683508391,0.));
#530 = ORIENTED_EDGE('',*,*,#531,.T.);
#531 = EDGE_CURVE('',#524,#532,#534,.T.);
#532 = VERTEX_POINT('',#533);
#533 = CARTESIAN_POINT('',(-1.675570189953,16.381965637207,1.E-15));
#534 = LINE('',#535,#536);
#535 = CARTESIAN_POINT('',(-1.407980799675,16.217987060547,8.7E-16));
#536 = VECTOR('',#537,1.);
#537 = DIRECTION('',(-0.852640750056,0.522497608935,0.));
#538 = ORIENTED_EDGE('',*,*,#539,.T.);
#539 = EDGE_CURVE('',#532,#540,#542,.T.);
#540 = VERTEX_POINT('',#541);
#541 = CARTESIAN_POINT('',(-1.914213478565,16.585786819458,1.E-15));
#542 = LINE('',#543,#544);
#543 = CARTESIAN_POINT('',(-1.675570189953,16.381965637207,8.7E-16));
#544 = VECTOR('',#545,1.);
#545 = DIRECTION('',(-0.760405086397,0.649449077744,0.));
#546 = ORIENTED_EDGE('',*,*,#547,.T.);
#547 = EDGE_CURVE('',#540,#548,#550,.T.);
#548 = VERTEX_POINT('',#549);
#549 = CARTESIAN_POINT('',(-2.118033885956,16.824430465698,1.E-15));
#550 = LINE('',#551,#552);
#551 = CARTESIAN_POINT('',(-1.914213478565,16.585786819458,8.7E-16));
#552 = VECTOR('',#553,1.);
#553 = DIRECTION('',(-0.649447087379,0.760406786329,0.));
#554 = ORIENTED_EDGE('',*,*,#555,.T.);
#555 = EDGE_CURVE('',#548,#556,#558,.T.);
#556 = VERTEX_POINT('',#557);
#557 = CARTESIAN_POINT('',(-2.28201277554,17.09202003479,1.E-15));
#558 = LINE('',#559,#560);
#559 = CARTESIAN_POINT('',(-2.118033885956,16.824430465698,8.7E-16));
#560 = VECTOR('',#561,1.);
#561 = DIRECTION('',(-0.522498079986,0.852640461397,0.));
#562 = ORIENTED_EDGE('',*,*,#563,.T.);
#563 = EDGE_CURVE('',#556,#564,#566,.T.);
#564 = VERTEX_POINT('',#565);
#565 = CARTESIAN_POINT('',(-2.402112871408,17.381965637207,1.E-15));
#566 = LINE('',#567,#568);
#567 = CARTESIAN_POINT('',(-2.28201277554,17.09202003479,8.7E-16));
#568 = VECTOR('',#569,1.);
#569 = DIRECTION('',(-0.382685322582,0.923878749556,0.));
#570 = ORIENTED_EDGE('',*,*,#571,.T.);
#571 = EDGE_CURVE('',#564,#572,#574,.T.);
#572 = VERTEX_POINT('',#573);
#573 = CARTESIAN_POINT('',(-2.475376296788,17.687129974365,1.E-15));
#574 = LINE('',#575,#576);
#575 = CARTESIAN_POINT('',(-2.402112871408,17.381965637207,8.7E-16));
#576 = VECTOR('',#577,1.);
#577 = DIRECTION('',(-0.233445213218,0.972369956563,0.));
#578 = ORIENTED_EDGE('',*,*,#579,.T.);
#579 = EDGE_CURVE('',#572,#580,#582,.T.);
#580 = VERTEX_POINT('',#581);
#581 = CARTESIAN_POINT('',(-2.5,18.,1.E-15));
#582 = LINE('',#583,#584);
#583 = CARTESIAN_POINT('',(-2.475376296788,17.687129974365,8.7E-16));
#584 = VECTOR('',#585,1.);
#585 = DIRECTION('',(-7.846003998807E-02,0.996917259418,0.));
#586 = ORIENTED_EDGE('',*,*,#587,.T.);
#587 = EDGE_CURVE('',#580,#588,#590,.T.);
#588 = VERTEX_POINT('',#589);
#589 = CARTESIAN_POINT('',(-2.5,20.5,1.E-15));
#590 = LINE('',#591,#592);
#591 = CARTESIAN_POINT('',(-2.5,18.,8.7E-16));
#592 = VECTOR('',#593,1.);
#593 = DIRECTION('',(0.,1.,0.));
#594 = ORIENTED_EDGE('',*,*,#595,.T.);
#595 = EDGE_CURVE('',#588,#596,#598,.T.);
#596 = VERTEX_POINT('',#597);
#597 = CARTESIAN_POINT('',(-2.475376296788,20.812870025635,1.E-15));
#598 = LINE('',#599,#600);
#599 = CARTESIAN_POINT('',(-2.5,20.5,8.7E-16));
#600 = VECTOR('',#601,1.);
#601 = DIRECTION('',(7.846003998807E-02,0.996917259418,0.));
#602 = ORIENTED_EDGE('',*,*,#603,.T.);
#603 = EDGE_CURVE('',#596,#604,#606,.T.);
#604 = VERTEX_POINT('',#605);
#605 = CARTESIAN_POINT('',(-2.402112871408,21.118034362793,1.E-15));
#606 = LINE('',#607,#608);
#607 = CARTESIAN_POINT('',(-2.475376296788,20.812870025635,8.7E-16));
#608 = VECTOR('',#609,1.);
#609 = DIRECTION('',(0.233445213218,0.972369956563,0.));
#610 = ORIENTED_EDGE('',*,*,#611,.T.);
#611 = EDGE_CURVE('',#604,#612,#614,.T.);
#612 = VERTEX_POINT('',#613);
#613 = CARTESIAN_POINT('',(-2.28201277554,21.40797996521,1.E-15));
#614 = LINE('',#615,#616);
#615 = CARTESIAN_POINT('',(-2.402112871408,21.118034362793,8.7E-16));
#616 = VECTOR('',#617,1.);
#617 = DIRECTION('',(0.382685322582,0.923878749556,0.));
#618 = ORIENTED_EDGE('',*,*,#619,.T.);
#619 = EDGE_CURVE('',#612,#620,#622,.T.);
#620 = VERTEX_POINT('',#621);
#621 = CARTESIAN_POINT('',(-2.118033885956,21.675569534302,1.E-15));
#622 = LINE('',#623,#624);
#623 = CARTESIAN_POINT('',(-2.28201277554,21.40797996521,8.7E-16));
#624 = VECTOR('',#625,1.);
#625 = DIRECTION('',(0.522498079986,0.852640461397,0.));
#626 = ORIENTED_EDGE('',*,*,#627,.T.);
#627 = EDGE_CURVE('',#620,#628,#630,.T.);
#628 = VERTEX_POINT('',#629);
#629 = CARTESIAN_POINT('',(-1.914213478565,21.914213180542,1.E-15));
#630 = LINE('',#631,#632);
#631 = CARTESIAN_POINT('',(-2.118033885956,21.675569534302,8.7E-16));
#632 = VECTOR('',#633,1.);
#633 = DIRECTION('',(0.649447087379,0.760406786329,0.));
#634 = ORIENTED_EDGE('',*,*,#635,.T.);
#635 = EDGE_CURVE('',#628,#636,#638,.T.);
#636 = VERTEX_POINT('',#637);
#637 = CARTESIAN_POINT('',(-1.675570189953,22.118034362793,1.E-15));
#638 = LINE('',#639,#640);
#639 = CARTESIAN_POINT('',(-1.914213478565,21.914213180542,8.7E-16));
#640 = VECTOR('',#641,1.);
#641 = DIRECTION('',(0.760405086397,0.649449077744,0.));
#642 = ORIENTED_EDGE('',*,*,#643,.T.);
#643 = EDGE_CURVE('',#636,#644,#646,.T.);
#644 = VERTEX_POINT('',#645);
#645 = CARTESIAN_POINT('',(-1.407980799675,22.282012939453,1.E-15));
#646 = LINE('',#647,#648);
#647 = CARTESIAN_POINT('',(-1.675570189953,22.118034362793,8.7E-16));
#648 = VECTOR('',#649,1.);
#649 = DIRECTION('',(0.852640750056,0.522497608935,0.));
#650 = ORIENTED_EDGE('',*,*,#651,.T.);
#651 = EDGE_CURVE('',#644,#652,#654,.T.);
#652 = VERTEX_POINT('',#653);
#653 = CARTESIAN_POINT('',(-1.118033766747,22.402112960815,1.E-15));
#654 = LINE('',#655,#656);
#655 = CARTESIAN_POINT('',(-1.407980799675,22.282012939453,8.7E-16));
#656 = VECTOR('',#657,1.);
#657 = DIRECTION('',(0.92387950102,0.382683508391,0.));
#658 = ORIENTED_EDGE('',*,*,#659,.T.);
#659 = EDGE_CURVE('',#652,#660,#662,.T.);
#660 = VERTEX_POINT('',#661);
#661 = CARTESIAN_POINT('',(-0.812868595123,22.47537612915,1.E-15));
#662 = LINE('',#663,#664);
#663 = CARTESIAN_POINT('',(-1.118033766747,22.402112960815,8.7E-16));
#664 = VECTOR('',#665,1.);
#665 = DIRECTION('',(0.972370287382,0.23344383525,0.));
#666 = ORIENTED_EDGE('',*,*,#667,.T.);
#667 = EDGE_CURVE('',#660,#668,#670,.T.);
#668 = VERTEX_POINT('',#669);
#669 = CARTESIAN_POINT('',(-0.5,22.5,1.E-15));
#670 = LINE('',#671,#672);
#671 = CARTESIAN_POINT('',(-0.812868595123,22.47537612915,8.7E-16));
#672 = VECTOR('',#673,1.);
#673 = DIRECTION('',(0.996917189577,7.84609273878E-02,0.));
#674 = ORIENTED_EDGE('',*,*,#675,.T.);
#675 = EDGE_CURVE('',#668,#676,#678,.T.);
#676 = VERTEX_POINT('',#677);
#677 = CARTESIAN_POINT('',(-0.18713092804,22.52462387085,1.E-15));
#678 = LINE('',#679,#680);
#679 = CARTESIAN_POINT('',(-0.5,22.5,8.7E-16));
#680 = VECTOR('',#681,1.);
#681 = DIRECTION('',(0.99691719893,7.84608085433E-02,0.));
#682 = ORIENTED_EDGE('',*,*,#683,.T.);
#683 = EDGE_CURVE('',#676,#684,#686,.T.);
#684 = VERTEX_POINT('',#685);
#685 = CARTESIAN_POINT('',(0.118034124374,22.597887039185,1.E-15));
#686 = LINE('',#687,#688);
#687 = CARTESIAN_POINT('',(-0.18713092804,22.52462387085,8.7E-16));
#688 = VECTOR('',#689,1.);
#689 = DIRECTION('',(0.972370266682,0.233443921472,0.));
#690 = ORIENTED_EDGE('',*,*,#691,.T.);
#691 = EDGE_CURVE('',#684,#692,#694,.T.);
#692 = VERTEX_POINT('',#693);
#693 = CARTESIAN_POINT('',(0.407981157303,22.717987060547,1.E-15));
#694 = LINE('',#695,#696);
#695 = CARTESIAN_POINT('',(0.118034124374,22.597887039185,8.7E-16));
#696 = VECTOR('',#697,1.);
#697 = DIRECTION('',(0.92387950102,0.382683508391,0.));
#698 = ORIENTED_EDGE('',*,*,#699,.T.);
#699 = EDGE_CURVE('',#692,#700,#702,.T.);
#700 = VERTEX_POINT('',#701);
#701 = CARTESIAN_POINT('',(0.675570726395,22.881965637207,1.E-15));
#702 = LINE('',#703,#704);
#703 = CARTESIAN_POINT('',(0.407981157303,22.717987060547,8.7E-16));
#704 = VECTOR('',#705,1.);
#705 = DIRECTION('',(0.852640905605,0.522497355102,0.));
#706 = ORIENTED_EDGE('',*,*,#707,.T.);
#707 = EDGE_CURVE('',#700,#708,#710,.T.);
#708 = VERTEX_POINT('',#709);
#709 = CARTESIAN_POINT('',(0.914213657379,23.085786819458,1.E-15));
#710 = LINE('',#711,#712);
#711 = CARTESIAN_POINT('',(0.675570726395,22.881965637207,8.7E-16));
#712 = VECTOR('',#713,1.);
#713 = DIRECTION('',(0.760404605759,0.649449640496,0.));
#714 = ORIENTED_EDGE('',*,*,#715,.T.);
#715 = EDGE_CURVE('',#708,#716,#718,.T.);
#716 = VERTEX_POINT('',#717);
#717 = CARTESIAN_POINT('',(1.118034124374,23.324430465698,1.E-15));
#718 = LINE('',#719,#720);
#719 = CARTESIAN_POINT('',(0.914213657379,23.085786819458,8.7E-16));
#720 = VECTOR('',#721,1.);
#721 = DIRECTION('',(0.649447197195,0.760406692537,0.));
#722 = ORIENTED_EDGE('',*,*,#723,.T.);
#723 = EDGE_CURVE('',#716,#724,#726,.T.);
#724 = VERTEX_POINT('',#725);
#725 = CARTESIAN_POINT('',(1.282013177872,23.59202003479,1.E-15));
#726 = LINE('',#727,#728);
#727 = CARTESIAN_POINT('',(1.118034124374,23.324430465698,8.7E-16));
#728 = VECTOR('',#729,1.);
#729 = DIRECTION('',(0.522498459686,0.852640228716,0.));
#730 = ORIENTED_EDGE('',*,*,#731,.T.);
#731 = EDGE_CURVE('',#724,#732,#734,.T.);
#732 = VERTEX_POINT('',#733);
#733 = CARTESIAN_POINT('',(1.402113199234,23.881965637207,1.E-15));
#734 = LINE('',#735,#736);
#735 = CARTESIAN_POINT('',(1.282013177872,23.59202003479,8.7E-16));
#736 = VECTOR('',#737,1.);
#737 = DIRECTION('',(0.382685119945,0.923878833491,0.));
#738 = ORIENTED_EDGE('',*,*,#739,.T.);
#739 = EDGE_CURVE('',#732,#740,#742,.T.);
#740 = VERTEX_POINT('',#741);
#741 = CARTESIAN_POINT('',(1.475376844406,24.187129974365,1.E-15));
#742 = LINE('',#743,#744);
#743 = CARTESIAN_POINT('',(1.402113199234,23.881965637207,8.7E-16));
#744 = VECTOR('',#745,1.);
#745 = DIRECTION('',(0.233445875393,0.972369797588,0.));
#746 = ORIENTED_EDGE('',*,*,#747,.T.);
#747 = EDGE_CURVE('',#740,#748,#750,.T.);
#748 = VERTEX_POINT('',#749);
#749 = CARTESIAN_POINT('',(1.5,24.5,1.E-15));
#750 = LINE('',#751,#752);
#751 = CARTESIAN_POINT('',(1.475376844406,24.187129974365,8.7E-16));
#752 = VECTOR('',#753,1.);
#753 = DIRECTION('',(7.845830582101E-02,0.9969173959,0.));
#754 = ORIENTED_EDGE('',*,*,#755,.F.);
#755 = EDGE_CURVE('',#756,#748,#758,.T.);
#756 = VERTEX_POINT('',#757);
#757 = CARTESIAN_POINT('',(1.5,25.729490280151,1.E-15));
#758 = LINE('',#759,#760);
#759 = CARTESIAN_POINT('',(1.5,25.729490280151,8.7E-16));
#760 = VECTOR('',#761,1.);
#761 = DIRECTION('',(0.,-1.,0.));
#762 = ORIENTED_EDGE('',*,*,#763,.T.);
#763 = EDGE_CURVE('',#756,#764,#766,.T.);
#764 = VERTEX_POINT('',#765);
#765 = CARTESIAN_POINT('',(1.643416881561,27.79877281189,1.E-15));
#766 = LINE('',#767,#768);
#767 = CARTESIAN_POINT('',(1.5,25.729490280151,8.7E-16));
#768 = VECTOR('',#769,1.);
#769 = DIRECTION('',(6.91416765748E-02,0.997606850698,0.));
#770 = ORIENTED_EDGE('',*,*,#771,.T.);
#771 = EDGE_CURVE('',#764,#772,#774,.T.);
#772 = VERTEX_POINT('',#773);
#773 = CARTESIAN_POINT('',(2.070924758911,29.828489303589,1.E-15));
#774 = LINE('',#775,#776);
#775 = CARTESIAN_POINT('',(1.643416881561,27.79877281189,8.7E-16));
#776 = VECTOR('',#777,1.);
#777 = DIRECTION('',(0.206102412462,0.978530426495,0.));
#778 = ORIENTED_EDGE('',*,*,#779,.T.);
#779 = EDGE_CURVE('',#772,#780,#782,.T.);
#780 = VERTEX_POINT('',#781);
#781 = CARTESIAN_POINT('',(2.774348735809,31.779821395874,1.E-15));
#782 = LINE('',#783,#784);
#783 = CARTESIAN_POINT('',(2.070924758911,29.828489303589,8.7E-16));
#784 = VECTOR('',#785,1.);
#785 = DIRECTION('',(0.339122508263,0.940742219946,0.));
#786 = ORIENTED_EDGE('',*,*,#787,.T.);
#787 = EDGE_CURVE('',#780,#788,#790,.T.);
#788 = VERTEX_POINT('',#789);
#789 = CARTESIAN_POINT('',(3.740238189697,33.615455627441,1.E-15));
#790 = LINE('',#791,#792);
#791 = CARTESIAN_POINT('',(2.774348735809,31.779821395874,8.7E-16));
#792 = VECTOR('',#793,1.);
#793 = DIRECTION('',(0.465658155327,0.884964678604,0.));
#794 = ORIENTED_EDGE('',*,*,#795,.T.);
#795 = EDGE_CURVE('',#788,#796,#798,.T.);
#796 = VERTEX_POINT('',#797);
#797 = CARTESIAN_POINT('',(4.950122356415,35.300296783447,1.E-15));
#798 = LINE('',#799,#800);
#799 = CARTESIAN_POINT('',(3.740238189697,33.615455627441,8.7E-16));
#800 = VECTOR('',#801,1.);
#801 = DIRECTION('',(0.583287780723,0.812265575326,0.));
#802 = ORIENTED_EDGE('',*,*,#803,.T.);
#803 = EDGE_CURVE('',#796,#804,#806,.T.);
#804 = VERTEX_POINT('',#805);
#805 = CARTESIAN_POINT('',(6.380867004395,36.80212020874,1.E-15));
#806 = LINE('',#807,#808);
#807 = CARTESIAN_POINT('',(4.950122356415,35.300296783447,8.7E-16));
#808 = VECTOR('',#809,1.);
#809 = DIRECTION('',(0.689765544164,0.724032799038,0.));
#810 = ORIENTED_EDGE('',*,*,#811,.T.);
#811 = EDGE_CURVE('',#804,#812,#814,.T.);
#812 = VERTEX_POINT('',#813);
#813 = CARTESIAN_POINT('',(8.005109786987,38.092212677002,1.E-15));
#814 = LINE('',#815,#816);
#815 = CARTESIAN_POINT('',(6.380867004395,36.80212020874,8.7E-16));
#816 = VECTOR('',#817,1.);
#817 = DIRECTION('',(0.783051534495,0.621956826737,0.));
#818 = ORIENTED_EDGE('',*,*,#819,.T.);
#819 = EDGE_CURVE('',#812,#820,#822,.T.);
#820 = VERTEX_POINT('',#821);
#821 = CARTESIAN_POINT('',(9.791796684265,39.145896911621,1.E-15));
#822 = LINE('',#823,#824);
#823 = CARTESIAN_POINT('',(8.005109786987,38.092212677002,8.7E-16));
#824 = VECTOR('',#825,1.);
#825 = DIRECTION('',(0.861366517231,0.507983979072,0.));
#826 = ORIENTED_EDGE('',*,*,#827,.F.);
#827 = EDGE_CURVE('',#828,#820,#830,.T.);
#828 = VERTEX_POINT('',#829);
#829 = CARTESIAN_POINT('',(11.402591705322,39.951293945312,1.E-15));
#830 = LINE('',#831,#832);
#831 = CARTESIAN_POINT('',(11.402591705322,39.951293945312,8.7E-16));
#832 = VECTOR('',#833,1.);
#833 = DIRECTION('',(-0.894427296909,-0.447213383681,0.));
#834 = ORIENTED_EDGE('',*,*,#835,.T.);
#835 = EDGE_CURVE('',#828,#836,#838,.T.);
#836 = VERTEX_POINT('',#837);
#837 = CARTESIAN_POINT('',(12.71395111084,40.494358062744,1.E-15));
#838 = LINE('',#839,#840);
#839 = CARTESIAN_POINT('',(11.402591705322,39.951293945312,8.7E-16));
#840 = VECTOR('',#841,1.);
#841 = DIRECTION('',(0.923909105498,0.382612029054,0.));
#842 = ORIENTED_EDGE('',*,*,#843,.T.);
#843 = EDGE_CURVE('',#836,#844,#846,.T.);
#844 = VERTEX_POINT('',#845);
#845 = CARTESIAN_POINT('',(14.088987350464,40.846286773682,1.E-15));
#846 = LINE('',#847,#848);
#847 = CARTESIAN_POINT('',(12.71395111084,40.494358062744,8.7E-16));
#848 = VECTOR('',#849,1.);
#849 = DIRECTION('',(0.968773051179,0.247949138552,0.));
#850 = ORIENTED_EDGE('',*,*,#851,.T.);
#851 = EDGE_CURVE('',#844,#32,#852,.T.);
#852 = LINE('',#853,#854);
#853 = CARTESIAN_POINT('',(14.088987350464,40.846286773682,8.7E-16));
#854 = VECTOR('',#855,1.);
#855 = DIRECTION('',(0.994118543819,0.108297372247,0.));
#856 = ORIENTED_EDGE('',*,*,#31,.F.);
#857 = ORIENTED_EDGE('',*,*,#235,.T.);
#858 = ORIENTED_EDGE('',*,*,#859,.T.);
#859 = EDGE_CURVE('',#228,#860,#862,.T.);
#860 = VERTEX_POINT('',#861);
#861 = CARTESIAN_POINT('',(39.,73.,1.E-15));
#862 = LINE('',#863,#864);
#863 = CARTESIAN_POINT('',(18.000001907349,73.,8.7E-16));
#864 = VECTOR('',#865,1.);
#865 = DIRECTION('',(1.,0.,0.));
#866 = ORIENTED_EDGE('',*,*,#867,.F.);
#867 = EDGE_CURVE('',#868,#860,#870,.T.);
#868 = VERTEX_POINT('',#869);
#869 = CARTESIAN_POINT('',(39.,44.027755737305,1.E-15));
#870 = LINE('',#871,#872);
#871 = CARTESIAN_POINT('',(39.,44.027755737305,8.7E-16));
#872 = VECTOR('',#873,1.);
#873 = DIRECTION('',(0.,1.,0.));
#874 = ORIENTED_EDGE('',*,*,#875,.T.);
#875 = EDGE_CURVE('',#868,#876,#878,.T.);
#876 = VERTEX_POINT('',#877);
#877 = CARTESIAN_POINT('',(39.107852935791,42.563041687012,1.E-15));
#878 = LINE('',#879,#880);
#879 = CARTESIAN_POINT('',(39.,44.027755737305,8.7E-16));
#880 = VECTOR('',#881,1.);
#881 = DIRECTION('',(7.343531043492E-02,-0.997299982544,0.));
#882 = ORIENTED_EDGE('',*,*,#883,.T.);
#883 = EDGE_CURVE('',#876,#884,#886,.T.);
#884 = VERTEX_POINT('',#885);
#885 = CARTESIAN_POINT('',(39.429080963135,41.129913330078,1.E-15));
#886 = LINE('',#887,#888);
#887 = CARTESIAN_POINT('',(39.107852935791,42.563041687012,8.7E-16));
#888 = VECTOR('',#889,1.);
#889 = DIRECTION('',(0.21871768232,-0.975788181646,0.));
#890 = ORIENTED_EDGE('',*,*,#891,.T.);
#891 = EDGE_CURVE('',#884,#892,#894,.T.);
#892 = VERTEX_POINT('',#893);
#893 = CARTESIAN_POINT('',(39.956756591797,39.759296417236,1.E-15));
#894 = LINE('',#895,#896);
#895 = CARTESIAN_POINT('',(39.429080963135,41.129913330078,8.7E-16));
#896 = VECTOR('',#897,1.);
#897 = DIRECTION('',(0.359284691405,-0.933228005646,0.));
#898 = ORIENTED_EDGE('',*,*,#899,.T.);
#899 = EDGE_CURVE('',#892,#900,#902,.T.);
#900 = VERTEX_POINT('',#901);
#901 = CARTESIAN_POINT('',(40.679500579834,38.480754852295,-3.E-15));
#902 = LINE('',#903,#904);
#903 = CARTESIAN_POINT('',(39.956756591797,39.759296417236,8.7E-16));
#904 = VECTOR('',#905,1.);
#905 = DIRECTION('',(0.492103729371,-0.870536569903,0.));
#906 = ORIENTED_EDGE('',*,*,#907,.F.);
#907 = EDGE_CURVE('',#908,#900,#910,.T.);
#908 = VERTEX_POINT('',#909);
#909 = CARTESIAN_POINT('',(41.320503234863,37.519245147705,-3.E-15));
#910 = LINE('',#911,#912);
#911 = CARTESIAN_POINT('',(41.320503234863,37.519245147705,-6.07E-15));
#912 = VECTOR('',#913,1.);
#913 = DIRECTION('',(-0.554697910856,0.832051817913,0.));
#914 = ORIENTED_EDGE('',*,*,#915,.T.);
#915 = EDGE_CURVE('',#908,#916,#918,.T.);
#916 = VERTEX_POINT('',#917);
#917 = CARTESIAN_POINT('',(42.0432472229,36.240699768066,1.E-15));
#918 = LINE('',#919,#920);
#919 = CARTESIAN_POINT('',(41.320503234863,37.519245147705,8.7E-16));
#920 = VECTOR('',#921,1.);
#921 = DIRECTION('',(0.492102616679,-0.870537198894,0.));
#922 = ORIENTED_EDGE('',*,*,#923,.T.);
#923 = EDGE_CURVE('',#916,#924,#926,.T.);
#924 = VERTEX_POINT('',#925);
#925 = CARTESIAN_POINT('',(42.570922851562,34.870082855225,1.E-15));
#926 = LINE('',#927,#928);
#927 = CARTESIAN_POINT('',(42.0432472229,36.240699768066,8.7E-16));
#928 = VECTOR('',#929,1.);
#929 = DIRECTION('',(0.359284691405,-0.933228005646,0.));
#930 = ORIENTED_EDGE('',*,*,#931,.T.);
#931 = EDGE_CURVE('',#924,#932,#934,.T.);
#932 = VERTEX_POINT('',#933);
#933 = CARTESIAN_POINT('',(42.892150878906,33.436962127686,1.E-15));
#934 = LINE('',#935,#936);
#935 = CARTESIAN_POINT('',(42.570922851562,34.870082855225,8.7E-16));
#936 = VECTOR('',#937,1.);
#937 = DIRECTION('',(0.21871879099,-0.975787933143,0.));
#938 = ORIENTED_EDGE('',*,*,#939,.T.);
#939 = EDGE_CURVE('',#932,#940,#942,.T.);
#940 = VERTEX_POINT('',#941);
#941 = CARTESIAN_POINT('',(43.,31.972244262695,1.E-15));
#942 = LINE('',#943,#944);
#943 = CARTESIAN_POINT('',(42.892150878906,33.436962127686,8.7E-16));
#944 = VECTOR('',#945,1.);
#945 = DIRECTION('',(7.343253685954E-02,-0.997300186769,0.));
#946 = ORIENTED_EDGE('',*,*,#947,.F.);
#947 = EDGE_CURVE('',#948,#940,#950,.T.);
#948 = VERTEX_POINT('',#949);
#949 = CARTESIAN_POINT('',(43.,7.,0.));
#950 = LINE('',#951,#952);
#951 = CARTESIAN_POINT('',(43.,7.,8.7E-16));
#952 = VECTOR('',#953,1.);
#953 = DIRECTION('',(0.,1.,0.));
#954 = ORIENTED_EDGE('',*,*,#955,.T.);
#955 = EDGE_CURVE('',#948,#956,#958,.T.);
#956 = VERTEX_POINT('',#957);
#957 = CARTESIAN_POINT('',(40.5,7.,0.));
#958 = LINE('',#959,#960);
#959 = CARTESIAN_POINT('',(43.,7.,8.7E-16));
#960 = VECTOR('',#961,1.);
#961 = DIRECTION('',(-1.,0.,0.));
#962 = ORIENTED_EDGE('',*,*,#963,.F.);
#963 = EDGE_CURVE('',#964,#956,#966,.T.);
#964 = VERTEX_POINT('',#965);
#965 = CARTESIAN_POINT('',(40.5,31.215305328369,1.E-15));
#966 = LINE('',#967,#968);
#967 = CARTESIAN_POINT('',(40.5,31.215305328369,8.7E-16));
#968 = VECTOR('',#969,1.);
#969 = DIRECTION('',(0.,-1.,0.));
#970 = ORIENTED_EDGE('',*,*,#971,.T.);
#971 = EDGE_CURVE('',#964,#972,#974,.T.);
#972 = VERTEX_POINT('',#973);
#973 = CARTESIAN_POINT('',(40.400245666504,32.624267578125,1.E-15));
#974 = LINE('',#975,#976);
#975 = CARTESIAN_POINT('',(40.5,31.215305328369,8.7E-16));
#976 = VECTOR('',#977,1.);
#977 = DIRECTION('',(-7.062308036883E-02,0.997503072937,0.));
#978 = ORIENTED_EDGE('',*,*,#979,.T.);
#979 = EDGE_CURVE('',#972,#980,#982,.T.);
#980 = VERTEX_POINT('',#981);
#981 = CARTESIAN_POINT('',(40.102966308594,34.00511932373,1.E-15));
#982 = LINE('',#983,#984);
#983 = CARTESIAN_POINT('',(40.400245666504,32.624267578125,8.7E-16));
#984 = VECTOR('',#985,1.);
#985 = DIRECTION('',(-0.210464828212,0.977601430076,0.));
#986 = ORIENTED_EDGE('',*,*,#987,.T.);
#987 = EDGE_CURVE('',#980,#988,#990,.T.);
#988 = VERTEX_POINT('',#989);
#989 = CARTESIAN_POINT('',(39.614093780518,35.33031463623,1.E-15));
#990 = LINE('',#991,#992);
#991 = CARTESIAN_POINT('',(40.102966308594,34.00511932373,8.7E-16));
#992 = VECTOR('',#993,1.);
#993 = DIRECTION('',(-0.346105943902,0.938195435715,0.));
#994 = ORIENTED_EDGE('',*,*,#995,.T.);
#995 = EDGE_CURVE('',#988,#996,#998,.T.);
#996 = VERTEX_POINT('',#997);
#997 = CARTESIAN_POINT('',(38.402690887451,36.429790496826,1.E-15));
#998 = LINE('',#999,#1000);
#999 = CARTESIAN_POINT('',(39.614093780518,35.33031463623,8.7E-16));
#1000 = VECTOR('',#1001,1.);
#1001 = DIRECTION('',(-0.740487323737,0.672070326219,0.));
#1002 = ORIENTED_EDGE('',*,*,#1003,.T.);
#1003 = EDGE_CURVE('',#996,#1004,#1006,.T.);
#1004 = VERTEX_POINT('',#1005);
#1005 = CARTESIAN_POINT('',(37.028232574463,37.317039489746,1.E-15));
#1006 = LINE('',#1007,#1008);
#1007 = CARTESIAN_POINT('',(38.402690887451,36.429790496826,8.7E-16));
#1008 = VECTOR('',#1009,1.);
#1009 = DIRECTION('',(-0.840156918687,0.54234338936,0.));
#1010 = ORIENTED_EDGE('',*,*,#1011,.T.);
#1011 = EDGE_CURVE('',#1004,#1012,#1014,.T.);
#1012 = VERTEX_POINT('',#1013);
#1013 = CARTESIAN_POINT('',(35.527507781982,37.968311309814,1.E-15));
#1014 = LINE('',#1015,#1016);
#1015 = CARTESIAN_POINT('',(37.028232574463,37.317039489746,8.7E-16));
#1016 = VECTOR('',#1017,1.);
#1017 = DIRECTION('',(-0.917341910159,0.398100263584,0.));
#1018 = ORIENTED_EDGE('',*,*,#1019,.T.);
#1019 = EDGE_CURVE('',#1012,#1020,#1022,.T.);
#1020 = VERTEX_POINT('',#1021);
#1021 = CARTESIAN_POINT('',(33.940673828125,38.366184234619,1.E-15));
#1022 = LINE('',#1023,#1024);
#1023 = CARTESIAN_POINT('',(35.527507781982,37.968311309814,8.7E-16));
#1024 = VECTOR('',#1025,1.);
#1025 = DIRECTION('',(-0.969974791615,0.243205476155,0.));
#1026 = ORIENTED_EDGE('',*,*,#1027,.T.);
#1027 = EDGE_CURVE('',#1020,#1028,#1030,.T.);
#1028 = VERTEX_POINT('',#1029);
#1029 = CARTESIAN_POINT('',(32.310203552246,38.5,1.E-15));
#1030 = LINE('',#1031,#1032);
#1031 = CARTESIAN_POINT('',(33.940673828125,38.366184234619,8.7E-16));
#1032 = VECTOR('',#1033,1.);
#1033 = DIRECTION('',(-0.996649022179,8.179686173492E-02,0.));
#1034 = ORIENTED_EDGE('',*,*,#1035,.F.);
#1035 = EDGE_CURVE('',#1036,#1028,#1038,.T.);
#1036 = VERTEX_POINT('',#1037);
#1037 = CARTESIAN_POINT('',(18.950849533081,38.5,1.E-15));
#1038 = LINE('',#1039,#1040);
#1039 = CARTESIAN_POINT('',(18.950849533081,38.5,8.7E-16));
#1040 = VECTOR('',#1041,1.);
#1041 = DIRECTION('',(1.,0.,0.));
#1042 = ORIENTED_EDGE('',*,*,#1043,.T.);
#1043 = EDGE_CURVE('',#1036,#307,#1044,.T.);
#1044 = LINE('',#1045,#1046);
#1045 = CARTESIAN_POINT('',(18.950849533081,38.5,8.7E-16));
#1046 = VECTOR('',#1047,1.);
#1047 = DIRECTION('',(-0.997015779605,-7.719802600732E-02,0.));
#1048 = FACE_BOUND('',#1049,.T.);
#1049 = EDGE_LOOP('',(#1050,#1060,#1068,#1076));
#1050 = ORIENTED_EDGE('',*,*,#1051,.T.);
#1051 = EDGE_CURVE('',#1052,#1054,#1056,.T.);
#1052 = VERTEX_POINT('',#1053);
#1053 = CARTESIAN_POINT('',(36.5,41.,1.E-15));
#1054 = VERTEX_POINT('',#1055);
#1055 = CARTESIAN_POINT('',(36.5,70.,1.E-15));
#1056 = LINE('',#1057,#1058);
#1057 = CARTESIAN_POINT('',(36.5,41.,8.7E-16));
#1058 = VECTOR('',#1059,1.);
#1059 = DIRECTION('',(0.,1.,0.));
#1060 = ORIENTED_EDGE('',*,*,#1061,.F.);
#1061 = EDGE_CURVE('',#1062,#1054,#1064,.T.);
#1062 = VERTEX_POINT('',#1063);
#1063 = CARTESIAN_POINT('',(21.000001907349,70.,1.E-15));
#1064 = LINE('',#1065,#1066);
#1065 = CARTESIAN_POINT('',(21.000001907349,70.,8.7E-16));
#1066 = VECTOR('',#1067,1.);
#1067 = DIRECTION('',(1.,0.,0.));
#1068 = ORIENTED_EDGE('',*,*,#1069,.T.);
#1069 = EDGE_CURVE('',#1062,#1070,#1072,.T.);
#1070 = VERTEX_POINT('',#1071);
#1071 = CARTESIAN_POINT('',(21.000001907349,41.,1.E-15));
#1072 = LINE('',#1073,#1074);
#1073 = CARTESIAN_POINT('',(21.000001907349,70.,8.7E-16));
#1074 = VECTOR('',#1075,1.);
#1075 = DIRECTION('',(0.,-1.,0.));
#1076 = ORIENTED_EDGE('',*,*,#1077,.F.);
#1077 = EDGE_CURVE('',#1052,#1070,#1078,.T.);
#1078 = LINE('',#1079,#1080);
#1079 = CARTESIAN_POINT('',(36.5,41.,8.7E-16));
#1080 = VECTOR('',#1081,1.);
#1081 = DIRECTION('',(-1.,0.,0.));
#1082 = PLANE('',#1083);
#1083 = AXIS2_PLACEMENT_3D('',#1084,#1085,#1086);
#1084 = CARTESIAN_POINT('',(23.831607738562,37.26934018215,7.7E-16));
#1085 = DIRECTION('',(-0.,-0.,-1.));
#1086 = DIRECTION('',(-1.,0.,0.));
#1087 = ADVANCED_FACE('',(#1088),#1106,.T.);
#1088 = FACE_BOUND('',#1089,.T.);
#1089 = EDGE_LOOP('',(#1090,#1091,#1092,#1100));
#1090 = ORIENTED_EDGE('',*,*,#38,.F.);
#1091 = ORIENTED_EDGE('',*,*,#851,.F.);
#1092 = ORIENTED_EDGE('',*,*,#1093,.T.);
#1093 = EDGE_CURVE('',#844,#1094,#1096,.T.);
#1094 = VERTEX_POINT('',#1095);
#1095 = CARTESIAN_POINT('',(14.088987350464,40.846286773682,16.));
#1096 = LINE('',#1097,#1098);
#1097 = CARTESIAN_POINT('',(14.088987350464,40.846286773682,8.7E-16));
#1098 = VECTOR('',#1099,1.);
#1099 = DIRECTION('',(0.,0.,1.));
#1100 = ORIENTED_EDGE('',*,*,#1101,.F.);
#1101 = EDGE_CURVE('',#39,#1094,#1102,.T.);
#1102 = LINE('',#1103,#1104);
#1103 = CARTESIAN_POINT('',(15.500001907349,41.,16.));
#1104 = VECTOR('',#1105,1.);
#1105 = DIRECTION('',(-0.994118543819,-0.108297372247,0.));
#1106 = PLANE('',#1107);
#1107 = AXIS2_PLACEMENT_3D('',#1108,#1109,#1110);
#1108 = CARTESIAN_POINT('',(14.794494628906,40.923143386841,8.));
#1109 = DIRECTION('',(-0.108297372247,0.994118543819,0.));
#1110 = DIRECTION('',(0.994118543819,0.108297372247,0.));
#1111 = ADVANCED_FACE('',(#1112,#1850),#1884,.T.);
#1112 = FACE_BOUND('',#1113,.T.);
#1113 = EDGE_LOOP('',(#1114,#1115,#1116,#1124,#1132,#1140,#1148,#1156,
    #1164,#1172,#1180,#1188,#1196,#1204,#1212,#1220,#1228,#1236,#1244,
    #1252,#1260,#1268,#1276,#1284,#1292,#1300,#1308,#1316,#1324,#1332,
    #1340,#1348,#1356,#1364,#1372,#1380,#1388,#1396,#1404,#1412,#1420,
    #1428,#1436,#1444,#1452,#1460,#1468,#1476,#1484,#1492,#1500,#1508,
    #1516,#1524,#1532,#1540,#1548,#1556,#1564,#1572,#1580,#1588,#1596,
    #1604,#1612,#1620,#1628,#1636,#1644,#1652,#1659,#1667,#1675,#1683,
    #1691,#1699,#1707,#1715,#1723,#1731,#1739,#1747,#1755,#1763,#1771,
    #1779,#1787,#1795,#1803,#1811,#1819,#1827,#1835,#1843,#1849));
#1114 = ORIENTED_EDGE('',*,*,#46,.T.);
#1115 = ORIENTED_EDGE('',*,*,#1101,.T.);
#1116 = ORIENTED_EDGE('',*,*,#1117,.T.);
#1117 = EDGE_CURVE('',#1094,#1118,#1120,.T.);
#1118 = VERTEX_POINT('',#1119);
#1119 = CARTESIAN_POINT('',(12.71395111084,40.494358062744,16.));
#1120 = LINE('',#1121,#1122);
#1121 = CARTESIAN_POINT('',(14.088987350464,40.846286773682,16.));
#1122 = VECTOR('',#1123,1.);
#1123 = DIRECTION('',(-0.968773051179,-0.247949138552,0.));
#1124 = ORIENTED_EDGE('',*,*,#1125,.T.);
#1125 = EDGE_CURVE('',#1118,#1126,#1128,.T.);
#1126 = VERTEX_POINT('',#1127);
#1127 = CARTESIAN_POINT('',(11.402591705322,39.951293945312,16.));
#1128 = LINE('',#1129,#1130);
#1129 = CARTESIAN_POINT('',(12.71395111084,40.494358062744,16.));
#1130 = VECTOR('',#1131,1.);
#1131 = DIRECTION('',(-0.923909105498,-0.382612029054,0.));
#1132 = ORIENTED_EDGE('',*,*,#1133,.F.);
#1133 = EDGE_CURVE('',#1134,#1126,#1136,.T.);
#1134 = VERTEX_POINT('',#1135);
#1135 = CARTESIAN_POINT('',(9.791796684265,39.145896911621,16.));
#1136 = LINE('',#1137,#1138);
#1137 = CARTESIAN_POINT('',(9.791796684265,39.145896911621,16.));
#1138 = VECTOR('',#1139,1.);
#1139 = DIRECTION('',(0.894427296909,0.447213383681,0.));
#1140 = ORIENTED_EDGE('',*,*,#1141,.T.);
#1141 = EDGE_CURVE('',#1134,#1142,#1144,.T.);
#1142 = VERTEX_POINT('',#1143);
#1143 = CARTESIAN_POINT('',(8.005109786987,38.092212677002,16.));
#1144 = LINE('',#1145,#1146);
#1145 = CARTESIAN_POINT('',(9.791796684265,39.145896911621,16.));
#1146 = VECTOR('',#1147,1.);
#1147 = DIRECTION('',(-0.861366517231,-0.507983979072,0.));
#1148 = ORIENTED_EDGE('',*,*,#1149,.T.);
#1149 = EDGE_CURVE('',#1142,#1150,#1152,.T.);
#1150 = VERTEX_POINT('',#1151);
#1151 = CARTESIAN_POINT('',(6.380867004395,36.80212020874,16.));
#1152 = LINE('',#1153,#1154);
#1153 = CARTESIAN_POINT('',(8.005109786987,38.092212677002,16.));
#1154 = VECTOR('',#1155,1.);
#1155 = DIRECTION('',(-0.783051534495,-0.621956826737,0.));
#1156 = ORIENTED_EDGE('',*,*,#1157,.T.);
#1157 = EDGE_CURVE('',#1150,#1158,#1160,.T.);
#1158 = VERTEX_POINT('',#1159);
#1159 = CARTESIAN_POINT('',(4.950122356415,35.300296783447,16.));
#1160 = LINE('',#1161,#1162);
#1161 = CARTESIAN_POINT('',(6.380867004395,36.80212020874,16.));
#1162 = VECTOR('',#1163,1.);
#1163 = DIRECTION('',(-0.689765544164,-0.724032799038,0.));
#1164 = ORIENTED_EDGE('',*,*,#1165,.T.);
#1165 = EDGE_CURVE('',#1158,#1166,#1168,.T.);
#1166 = VERTEX_POINT('',#1167);
#1167 = CARTESIAN_POINT('',(3.740238189697,33.615455627441,16.));
#1168 = LINE('',#1169,#1170);
#1169 = CARTESIAN_POINT('',(4.950122356415,35.300296783447,16.));
#1170 = VECTOR('',#1171,1.);
#1171 = DIRECTION('',(-0.583287780723,-0.812265575326,0.));
#1172 = ORIENTED_EDGE('',*,*,#1173,.T.);
#1173 = EDGE_CURVE('',#1166,#1174,#1176,.T.);
#1174 = VERTEX_POINT('',#1175);
#1175 = CARTESIAN_POINT('',(2.774348735809,31.779821395874,16.));
#1176 = LINE('',#1177,#1178);
#1177 = CARTESIAN_POINT('',(3.740238189697,33.615455627441,16.));
#1178 = VECTOR('',#1179,1.);
#1179 = DIRECTION('',(-0.465658155327,-0.884964678604,0.));
#1180 = ORIENTED_EDGE('',*,*,#1181,.T.);
#1181 = EDGE_CURVE('',#1174,#1182,#1184,.T.);
#1182 = VERTEX_POINT('',#1183);
#1183 = CARTESIAN_POINT('',(2.070924758911,29.828489303589,16.));
#1184 = LINE('',#1185,#1186);
#1185 = CARTESIAN_POINT('',(2.774348735809,31.779821395874,16.));
#1186 = VECTOR('',#1187,1.);
#1187 = DIRECTION('',(-0.339122508263,-0.940742219946,0.));
#1188 = ORIENTED_EDGE('',*,*,#1189,.T.);
#1189 = EDGE_CURVE('',#1182,#1190,#1192,.T.);
#1190 = VERTEX_POINT('',#1191);
#1191 = CARTESIAN_POINT('',(1.643416881561,27.79877281189,16.));
#1192 = LINE('',#1193,#1194);
#1193 = CARTESIAN_POINT('',(2.070924758911,29.828489303589,16.));
#1194 = VECTOR('',#1195,1.);
#1195 = DIRECTION('',(-0.206102412462,-0.978530426495,0.));
#1196 = ORIENTED_EDGE('',*,*,#1197,.T.);
#1197 = EDGE_CURVE('',#1190,#1198,#1200,.T.);
#1198 = VERTEX_POINT('',#1199);
#1199 = CARTESIAN_POINT('',(1.5,25.729490280151,16.));
#1200 = LINE('',#1201,#1202);
#1201 = CARTESIAN_POINT('',(1.643416881561,27.79877281189,16.));
#1202 = VECTOR('',#1203,1.);
#1203 = DIRECTION('',(-6.91416765748E-02,-0.997606850698,0.));
#1204 = ORIENTED_EDGE('',*,*,#1205,.F.);
#1205 = EDGE_CURVE('',#1206,#1198,#1208,.T.);
#1206 = VERTEX_POINT('',#1207);
#1207 = CARTESIAN_POINT('',(1.5,24.5,16.));
#1208 = LINE('',#1209,#1210);
#1209 = CARTESIAN_POINT('',(1.5,24.5,16.));
#1210 = VECTOR('',#1211,1.);
#1211 = DIRECTION('',(0.,1.,0.));
#1212 = ORIENTED_EDGE('',*,*,#1213,.T.);
#1213 = EDGE_CURVE('',#1206,#1214,#1216,.T.);
#1214 = VERTEX_POINT('',#1215);
#1215 = CARTESIAN_POINT('',(1.475376844406,24.187129974365,16.));
#1216 = LINE('',#1217,#1218);
#1217 = CARTESIAN_POINT('',(1.5,24.5,16.));
#1218 = VECTOR('',#1219,1.);
#1219 = DIRECTION('',(-7.845830582101E-02,-0.9969173959,0.));
#1220 = ORIENTED_EDGE('',*,*,#1221,.T.);
#1221 = EDGE_CURVE('',#1214,#1222,#1224,.T.);
#1222 = VERTEX_POINT('',#1223);
#1223 = CARTESIAN_POINT('',(1.402113199234,23.881965637207,16.));
#1224 = LINE('',#1225,#1226);
#1225 = CARTESIAN_POINT('',(1.475376844406,24.187129974365,16.));
#1226 = VECTOR('',#1227,1.);
#1227 = DIRECTION('',(-0.233445875393,-0.972369797588,0.));
#1228 = ORIENTED_EDGE('',*,*,#1229,.T.);
#1229 = EDGE_CURVE('',#1222,#1230,#1232,.T.);
#1230 = VERTEX_POINT('',#1231);
#1231 = CARTESIAN_POINT('',(1.282013177872,23.59202003479,16.));
#1232 = LINE('',#1233,#1234);
#1233 = CARTESIAN_POINT('',(1.402113199234,23.881965637207,16.));
#1234 = VECTOR('',#1235,1.);
#1235 = DIRECTION('',(-0.382685119945,-0.923878833491,0.));
#1236 = ORIENTED_EDGE('',*,*,#1237,.T.);
#1237 = EDGE_CURVE('',#1230,#1238,#1240,.T.);
#1238 = VERTEX_POINT('',#1239);
#1239 = CARTESIAN_POINT('',(1.118034124374,23.324430465698,16.));
#1240 = LINE('',#1241,#1242);
#1241 = CARTESIAN_POINT('',(1.282013177872,23.59202003479,16.));
#1242 = VECTOR('',#1243,1.);
#1243 = DIRECTION('',(-0.522498459686,-0.852640228716,0.));
#1244 = ORIENTED_EDGE('',*,*,#1245,.T.);
#1245 = EDGE_CURVE('',#1238,#1246,#1248,.T.);
#1246 = VERTEX_POINT('',#1247);
#1247 = CARTESIAN_POINT('',(0.914213657379,23.085786819458,16.));
#1248 = LINE('',#1249,#1250);
#1249 = CARTESIAN_POINT('',(1.118034124374,23.324430465698,16.));
#1250 = VECTOR('',#1251,1.);
#1251 = DIRECTION('',(-0.649447197195,-0.760406692537,0.));
#1252 = ORIENTED_EDGE('',*,*,#1253,.T.);
#1253 = EDGE_CURVE('',#1246,#1254,#1256,.T.);
#1254 = VERTEX_POINT('',#1255);
#1255 = CARTESIAN_POINT('',(0.675570726395,22.881965637207,16.));
#1256 = LINE('',#1257,#1258);
#1257 = CARTESIAN_POINT('',(0.914213657379,23.085786819458,16.));
#1258 = VECTOR('',#1259,1.);
#1259 = DIRECTION('',(-0.760404605759,-0.649449640496,0.));
#1260 = ORIENTED_EDGE('',*,*,#1261,.T.);
#1261 = EDGE_CURVE('',#1254,#1262,#1264,.T.);
#1262 = VERTEX_POINT('',#1263);
#1263 = CARTESIAN_POINT('',(0.407981157303,22.717987060547,16.));
#1264 = LINE('',#1265,#1266);
#1265 = CARTESIAN_POINT('',(0.675570726395,22.881965637207,16.));
#1266 = VECTOR('',#1267,1.);
#1267 = DIRECTION('',(-0.852640905605,-0.522497355102,0.));
#1268 = ORIENTED_EDGE('',*,*,#1269,.T.);
#1269 = EDGE_CURVE('',#1262,#1270,#1272,.T.);
#1270 = VERTEX_POINT('',#1271);
#1271 = CARTESIAN_POINT('',(0.118034124374,22.597887039185,16.));
#1272 = LINE('',#1273,#1274);
#1273 = CARTESIAN_POINT('',(0.407981157303,22.717987060547,16.));
#1274 = VECTOR('',#1275,1.);
#1275 = DIRECTION('',(-0.92387950102,-0.382683508391,0.));
#1276 = ORIENTED_EDGE('',*,*,#1277,.T.);
#1277 = EDGE_CURVE('',#1270,#1278,#1280,.T.);
#1278 = VERTEX_POINT('',#1279);
#1279 = CARTESIAN_POINT('',(-0.18713092804,22.52462387085,16.));
#1280 = LINE('',#1281,#1282);
#1281 = CARTESIAN_POINT('',(0.118034124374,22.597887039185,16.));
#1282 = VECTOR('',#1283,1.);
#1283 = DIRECTION('',(-0.972370266682,-0.233443921472,0.));
#1284 = ORIENTED_EDGE('',*,*,#1285,.T.);
#1285 = EDGE_CURVE('',#1278,#1286,#1288,.T.);
#1286 = VERTEX_POINT('',#1287);
#1287 = CARTESIAN_POINT('',(-0.5,22.5,16.));
#1288 = LINE('',#1289,#1290);
#1289 = CARTESIAN_POINT('',(-0.18713092804,22.52462387085,16.));
#1290 = VECTOR('',#1291,1.);
#1291 = DIRECTION('',(-0.99691719893,-7.84608085433E-02,0.));
#1292 = ORIENTED_EDGE('',*,*,#1293,.T.);
#1293 = EDGE_CURVE('',#1286,#1294,#1296,.T.);
#1294 = VERTEX_POINT('',#1295);
#1295 = CARTESIAN_POINT('',(-0.812868595123,22.47537612915,16.));
#1296 = LINE('',#1297,#1298);
#1297 = CARTESIAN_POINT('',(-0.5,22.5,16.));
#1298 = VECTOR('',#1299,1.);
#1299 = DIRECTION('',(-0.996917189577,-7.84609273878E-02,0.));
#1300 = ORIENTED_EDGE('',*,*,#1301,.T.);
#1301 = EDGE_CURVE('',#1294,#1302,#1304,.T.);
#1302 = VERTEX_POINT('',#1303);
#1303 = CARTESIAN_POINT('',(-1.118033766747,22.402112960815,16.));
#1304 = LINE('',#1305,#1306);
#1305 = CARTESIAN_POINT('',(-0.812868595123,22.47537612915,16.));
#1306 = VECTOR('',#1307,1.);
#1307 = DIRECTION('',(-0.972370287382,-0.23344383525,0.));
#1308 = ORIENTED_EDGE('',*,*,#1309,.T.);
#1309 = EDGE_CURVE('',#1302,#1310,#1312,.T.);
#1310 = VERTEX_POINT('',#1311);
#1311 = CARTESIAN_POINT('',(-1.407980799675,22.282012939453,16.));
#1312 = LINE('',#1313,#1314);
#1313 = CARTESIAN_POINT('',(-1.118033766747,22.402112960815,16.));
#1314 = VECTOR('',#1315,1.);
#1315 = DIRECTION('',(-0.92387950102,-0.382683508391,0.));
#1316 = ORIENTED_EDGE('',*,*,#1317,.T.);
#1317 = EDGE_CURVE('',#1310,#1318,#1320,.T.);
#1318 = VERTEX_POINT('',#1319);
#1319 = CARTESIAN_POINT('',(-1.675570189953,22.118034362793,16.));
#1320 = LINE('',#1321,#1322);
#1321 = CARTESIAN_POINT('',(-1.407980799675,22.282012939453,16.));
#1322 = VECTOR('',#1323,1.);
#1323 = DIRECTION('',(-0.852640750056,-0.522497608935,0.));
#1324 = ORIENTED_EDGE('',*,*,#1325,.T.);
#1325 = EDGE_CURVE('',#1318,#1326,#1328,.T.);
#1326 = VERTEX_POINT('',#1327);
#1327 = CARTESIAN_POINT('',(-1.914213478565,21.914213180542,16.));
#1328 = LINE('',#1329,#1330);
#1329 = CARTESIAN_POINT('',(-1.675570189953,22.118034362793,16.));
#1330 = VECTOR('',#1331,1.);
#1331 = DIRECTION('',(-0.760405086397,-0.649449077744,0.));
#1332 = ORIENTED_EDGE('',*,*,#1333,.T.);
#1333 = EDGE_CURVE('',#1326,#1334,#1336,.T.);
#1334 = VERTEX_POINT('',#1335);
#1335 = CARTESIAN_POINT('',(-2.118033885956,21.675569534302,16.));
#1336 = LINE('',#1337,#1338);
#1337 = CARTESIAN_POINT('',(-1.914213478565,21.914213180542,16.));
#1338 = VECTOR('',#1339,1.);
#1339 = DIRECTION('',(-0.649447087379,-0.760406786329,0.));
#1340 = ORIENTED_EDGE('',*,*,#1341,.T.);
#1341 = EDGE_CURVE('',#1334,#1342,#1344,.T.);
#1342 = VERTEX_POINT('',#1343);
#1343 = CARTESIAN_POINT('',(-2.28201277554,21.40797996521,16.));
#1344 = LINE('',#1345,#1346);
#1345 = CARTESIAN_POINT('',(-2.118033885956,21.675569534302,16.));
#1346 = VECTOR('',#1347,1.);
#1347 = DIRECTION('',(-0.522498079986,-0.852640461397,0.));
#1348 = ORIENTED_EDGE('',*,*,#1349,.T.);
#1349 = EDGE_CURVE('',#1342,#1350,#1352,.T.);
#1350 = VERTEX_POINT('',#1351);
#1351 = CARTESIAN_POINT('',(-2.402112871408,21.118034362793,16.));
#1352 = LINE('',#1353,#1354);
#1353 = CARTESIAN_POINT('',(-2.28201277554,21.40797996521,16.));
#1354 = VECTOR('',#1355,1.);
#1355 = DIRECTION('',(-0.382685322582,-0.923878749556,0.));
#1356 = ORIENTED_EDGE('',*,*,#1357,.T.);
#1357 = EDGE_CURVE('',#1350,#1358,#1360,.T.);
#1358 = VERTEX_POINT('',#1359);
#1359 = CARTESIAN_POINT('',(-2.475376296788,20.812870025635,16.));
#1360 = LINE('',#1361,#1362);
#1361 = CARTESIAN_POINT('',(-2.402112871408,21.118034362793,16.));
#1362 = VECTOR('',#1363,1.);
#1363 = DIRECTION('',(-0.233445213218,-0.972369956563,0.));
#1364 = ORIENTED_EDGE('',*,*,#1365,.T.);
#1365 = EDGE_CURVE('',#1358,#1366,#1368,.T.);
#1366 = VERTEX_POINT('',#1367);
#1367 = CARTESIAN_POINT('',(-2.5,20.5,16.));
#1368 = LINE('',#1369,#1370);
#1369 = CARTESIAN_POINT('',(-2.475376296788,20.812870025635,16.));
#1370 = VECTOR('',#1371,1.);
#1371 = DIRECTION('',(-7.846003998807E-02,-0.996917259418,0.));
#1372 = ORIENTED_EDGE('',*,*,#1373,.T.);
#1373 = EDGE_CURVE('',#1366,#1374,#1376,.T.);
#1374 = VERTEX_POINT('',#1375);
#1375 = CARTESIAN_POINT('',(-2.5,18.,16.));
#1376 = LINE('',#1377,#1378);
#1377 = CARTESIAN_POINT('',(-2.5,20.5,16.));
#1378 = VECTOR('',#1379,1.);
#1379 = DIRECTION('',(0.,-1.,0.));
#1380 = ORIENTED_EDGE('',*,*,#1381,.T.);
#1381 = EDGE_CURVE('',#1374,#1382,#1384,.T.);
#1382 = VERTEX_POINT('',#1383);
#1383 = CARTESIAN_POINT('',(-2.475376296788,17.687129974365,16.));
#1384 = LINE('',#1385,#1386);
#1385 = CARTESIAN_POINT('',(-2.5,18.,16.));
#1386 = VECTOR('',#1387,1.);
#1387 = DIRECTION('',(7.846003998807E-02,-0.996917259418,0.));
#1388 = ORIENTED_EDGE('',*,*,#1389,.T.);
#1389 = EDGE_CURVE('',#1382,#1390,#1392,.T.);
#1390 = VERTEX_POINT('',#1391);
#1391 = CARTESIAN_POINT('',(-2.402112871408,17.381965637207,16.));
#1392 = LINE('',#1393,#1394);
#1393 = CARTESIAN_POINT('',(-2.475376296788,17.687129974365,16.));
#1394 = VECTOR('',#1395,1.);
#1395 = DIRECTION('',(0.233445213218,-0.972369956563,0.));
#1396 = ORIENTED_EDGE('',*,*,#1397,.T.);
#1397 = EDGE_CURVE('',#1390,#1398,#1400,.T.);
#1398 = VERTEX_POINT('',#1399);
#1399 = CARTESIAN_POINT('',(-2.28201277554,17.09202003479,16.));
#1400 = LINE('',#1401,#1402);
#1401 = CARTESIAN_POINT('',(-2.402112871408,17.381965637207,16.));
#1402 = VECTOR('',#1403,1.);
#1403 = DIRECTION('',(0.382685322582,-0.923878749556,0.));
#1404 = ORIENTED_EDGE('',*,*,#1405,.T.);
#1405 = EDGE_CURVE('',#1398,#1406,#1408,.T.);
#1406 = VERTEX_POINT('',#1407);
#1407 = CARTESIAN_POINT('',(-2.118033885956,16.824430465698,16.));
#1408 = LINE('',#1409,#1410);
#1409 = CARTESIAN_POINT('',(-2.28201277554,17.09202003479,16.));
#1410 = VECTOR('',#1411,1.);
#1411 = DIRECTION('',(0.522498079986,-0.852640461397,0.));
#1412 = ORIENTED_EDGE('',*,*,#1413,.T.);
#1413 = EDGE_CURVE('',#1406,#1414,#1416,.T.);
#1414 = VERTEX_POINT('',#1415);
#1415 = CARTESIAN_POINT('',(-1.914213478565,16.585786819458,16.));
#1416 = LINE('',#1417,#1418);
#1417 = CARTESIAN_POINT('',(-2.118033885956,16.824430465698,16.));
#1418 = VECTOR('',#1419,1.);
#1419 = DIRECTION('',(0.649447087379,-0.760406786329,0.));
#1420 = ORIENTED_EDGE('',*,*,#1421,.T.);
#1421 = EDGE_CURVE('',#1414,#1422,#1424,.T.);
#1422 = VERTEX_POINT('',#1423);
#1423 = CARTESIAN_POINT('',(-1.675570189953,16.381965637207,16.));
#1424 = LINE('',#1425,#1426);
#1425 = CARTESIAN_POINT('',(-1.914213478565,16.585786819458,16.));
#1426 = VECTOR('',#1427,1.);
#1427 = DIRECTION('',(0.760405086397,-0.649449077744,0.));
#1428 = ORIENTED_EDGE('',*,*,#1429,.T.);
#1429 = EDGE_CURVE('',#1422,#1430,#1432,.T.);
#1430 = VERTEX_POINT('',#1431);
#1431 = CARTESIAN_POINT('',(-1.407980799675,16.217987060547,16.));
#1432 = LINE('',#1433,#1434);
#1433 = CARTESIAN_POINT('',(-1.675570189953,16.381965637207,16.));
#1434 = VECTOR('',#1435,1.);
#1435 = DIRECTION('',(0.852640750056,-0.522497608935,0.));
#1436 = ORIENTED_EDGE('',*,*,#1437,.T.);
#1437 = EDGE_CURVE('',#1430,#1438,#1440,.T.);
#1438 = VERTEX_POINT('',#1439);
#1439 = CARTESIAN_POINT('',(-1.118033766747,16.097887039185,16.));
#1440 = LINE('',#1441,#1442);
#1441 = CARTESIAN_POINT('',(-1.407980799675,16.217987060547,16.));
#1442 = VECTOR('',#1443,1.);
#1443 = DIRECTION('',(0.92387950102,-0.382683508391,0.));
#1444 = ORIENTED_EDGE('',*,*,#1445,.T.);
#1445 = EDGE_CURVE('',#1438,#1446,#1448,.T.);
#1446 = VERTEX_POINT('',#1447);
#1447 = CARTESIAN_POINT('',(-0.812868595123,16.02462387085,16.));
#1448 = LINE('',#1449,#1450);
#1449 = CARTESIAN_POINT('',(-1.118033766747,16.097887039185,16.));
#1450 = VECTOR('',#1451,1.);
#1451 = DIRECTION('',(0.972370287382,-0.23344383525,0.));
#1452 = ORIENTED_EDGE('',*,*,#1453,.T.);
#1453 = EDGE_CURVE('',#1446,#1454,#1456,.T.);
#1454 = VERTEX_POINT('',#1455);
#1455 = CARTESIAN_POINT('',(-0.5,16.,16.));
#1456 = LINE('',#1457,#1458);
#1457 = CARTESIAN_POINT('',(-0.812868595123,16.02462387085,16.));
#1458 = VECTOR('',#1459,1.);
#1459 = DIRECTION('',(0.996917189577,-7.84609273878E-02,0.));
#1460 = ORIENTED_EDGE('',*,*,#1461,.T.);
#1461 = EDGE_CURVE('',#1454,#1462,#1464,.T.);
#1462 = VERTEX_POINT('',#1463);
#1463 = CARTESIAN_POINT('',(-0.18713092804,15.97537612915,16.));
#1464 = LINE('',#1465,#1466);
#1465 = CARTESIAN_POINT('',(-0.5,16.,16.));
#1466 = VECTOR('',#1467,1.);
#1467 = DIRECTION('',(0.99691719893,-7.84608085433E-02,0.));
#1468 = ORIENTED_EDGE('',*,*,#1469,.T.);
#1469 = EDGE_CURVE('',#1462,#1470,#1472,.T.);
#1470 = VERTEX_POINT('',#1471);
#1471 = CARTESIAN_POINT('',(0.118034124374,15.902112960815,16.));
#1472 = LINE('',#1473,#1474);
#1473 = CARTESIAN_POINT('',(-0.18713092804,15.97537612915,16.));
#1474 = VECTOR('',#1475,1.);
#1475 = DIRECTION('',(0.972370266682,-0.233443921472,0.));
#1476 = ORIENTED_EDGE('',*,*,#1477,.T.);
#1477 = EDGE_CURVE('',#1470,#1478,#1480,.T.);
#1478 = VERTEX_POINT('',#1479);
#1479 = CARTESIAN_POINT('',(0.407981157303,15.782013893127,16.));
#1480 = LINE('',#1481,#1482);
#1481 = CARTESIAN_POINT('',(0.118034124374,15.902112960815,16.));
#1482 = VECTOR('',#1483,1.);
#1483 = DIRECTION('',(0.923880575383,-0.382680914641,0.));
#1484 = ORIENTED_EDGE('',*,*,#1485,.T.);
#1485 = EDGE_CURVE('',#1478,#1486,#1488,.T.);
#1486 = VERTEX_POINT('',#1487);
#1487 = CARTESIAN_POINT('',(0.675570726395,15.618033409119,16.));
#1488 = LINE('',#1489,#1490);
#1489 = CARTESIAN_POINT('',(0.407981157303,15.782013893127,16.));
#1490 = VECTOR('',#1491,1.);
#1491 = DIRECTION('',(0.852638198047,-0.522501773424,0.));
#1492 = ORIENTED_EDGE('',*,*,#1493,.T.);
#1493 = EDGE_CURVE('',#1486,#1494,#1496,.T.);
#1494 = VERTEX_POINT('',#1495);
#1495 = CARTESIAN_POINT('',(0.914213657379,15.414214134216,16.));
#1496 = LINE('',#1497,#1498);
#1497 = CARTESIAN_POINT('',(0.675570726395,15.618033409119,16.));
#1498 = VECTOR('',#1499,1.);
#1499 = DIRECTION('',(0.760407607111,-0.649446126362,0.));
#1500 = ORIENTED_EDGE('',*,*,#1501,.T.);
#1501 = EDGE_CURVE('',#1494,#1502,#1504,.T.);
#1502 = VERTEX_POINT('',#1503);
#1503 = CARTESIAN_POINT('',(1.118034124374,15.175570487976,16.));
#1504 = LINE('',#1505,#1506);
#1505 = CARTESIAN_POINT('',(0.914213657379,15.414214134216,16.));
#1506 = VECTOR('',#1507,1.);
#1507 = DIRECTION('',(0.649447197195,-0.760406692537,0.));
#1508 = ORIENTED_EDGE('',*,*,#1509,.T.);
#1509 = EDGE_CURVE('',#1502,#1510,#1512,.T.);
#1510 = VERTEX_POINT('',#1511);
#1511 = CARTESIAN_POINT('',(1.282013177872,14.907980918884,16.));
#1512 = LINE('',#1513,#1514);
#1513 = CARTESIAN_POINT('',(1.118034124374,15.175570487976,16.));
#1514 = VECTOR('',#1515,1.);
#1515 = DIRECTION('',(0.522498459686,-0.852640228716,0.));
#1516 = ORIENTED_EDGE('',*,*,#1517,.T.);
#1517 = EDGE_CURVE('',#1510,#1518,#1520,.T.);
#1518 = VERTEX_POINT('',#1519);
#1519 = CARTESIAN_POINT('',(1.402113199234,14.618033409119,16.));
#1520 = LINE('',#1521,#1522);
#1521 = CARTESIAN_POINT('',(1.282013177872,14.907980918884,16.));
#1522 = VECTOR('',#1523,1.);
#1523 = DIRECTION('',(0.38268297121,-0.923879723528,0.));
#1524 = ORIENTED_EDGE('',*,*,#1525,.T.);
#1525 = EDGE_CURVE('',#1518,#1526,#1528,.T.);
#1526 = VERTEX_POINT('',#1527);
#1527 = CARTESIAN_POINT('',(1.475376844406,14.31286907196,16.));
#1528 = LINE('',#1529,#1530);
#1529 = CARTESIAN_POINT('',(1.402113199234,14.618033409119,16.));
#1530 = VECTOR('',#1531,1.);
#1531 = DIRECTION('',(0.233445875393,-0.972369797588,0.));
#1532 = ORIENTED_EDGE('',*,*,#1533,.T.);
#1533 = EDGE_CURVE('',#1526,#1534,#1536,.T.);
#1534 = VERTEX_POINT('',#1535);
#1535 = CARTESIAN_POINT('',(1.5,14.,16.));
#1536 = LINE('',#1537,#1538);
#1537 = CARTESIAN_POINT('',(1.475376844406,14.31286907196,16.));
#1538 = VECTOR('',#1539,1.);
#1539 = DIRECTION('',(7.845854350215E-02,-0.996917377194,0.));
#1540 = ORIENTED_EDGE('',*,*,#1541,.F.);
#1541 = EDGE_CURVE('',#1542,#1534,#1544,.T.);
#1542 = VERTEX_POINT('',#1543);
#1543 = CARTESIAN_POINT('',(1.5,7.,16.));
#1544 = LINE('',#1545,#1546);
#1545 = CARTESIAN_POINT('',(1.5,7.,16.));
#1546 = VECTOR('',#1547,1.);
#1547 = DIRECTION('',(0.,1.,0.));
#1548 = ORIENTED_EDGE('',*,*,#1549,.T.);
#1549 = EDGE_CURVE('',#1542,#1550,#1552,.T.);
#1550 = VERTEX_POINT('',#1551);
#1551 = CARTESIAN_POINT('',(4.,7.,16.));
#1552 = LINE('',#1553,#1554);
#1553 = CARTESIAN_POINT('',(1.5,7.,16.));
#1554 = VECTOR('',#1555,1.);
#1555 = DIRECTION('',(1.,0.,0.));
#1556 = ORIENTED_EDGE('',*,*,#1557,.F.);
#1557 = EDGE_CURVE('',#1558,#1550,#1560,.T.);
#1558 = VERTEX_POINT('',#1559);
#1559 = CARTESIAN_POINT('',(4.,24.189027786255,16.));
#1560 = LINE('',#1561,#1562);
#1561 = CARTESIAN_POINT('',(4.,24.189027786255,16.));
#1562 = VECTOR('',#1563,1.);
#1563 = DIRECTION('',(0.,-1.,0.));
#1564 = ORIENTED_EDGE('',*,*,#1565,.T.);
#1565 = EDGE_CURVE('',#1558,#1566,#1568,.T.);
#1566 = VERTEX_POINT('',#1567);
#1567 = CARTESIAN_POINT('',(4.137408256531,26.214706420898,16.));
#1568 = LINE('',#1569,#1570);
#1569 = CARTESIAN_POINT('',(4.,24.189027786255,16.));
#1570 = VECTOR('',#1571,1.);
#1571 = DIRECTION('',(6.767767096108E-02,0.997707238048,0.));
#1572 = ORIENTED_EDGE('',*,*,#1573,.T.);
#1573 = EDGE_CURVE('',#1566,#1574,#1576,.T.);
#1574 = VERTEX_POINT('',#1575);
#1575 = CARTESIAN_POINT('',(4.547116756439,28.203271865845,16.));
#1576 = LINE('',#1577,#1578);
#1577 = CARTESIAN_POINT('',(4.137408256531,26.214706420898,16.));
#1578 = VECTOR('',#1579,1.);
#1579 = DIRECTION('',(0.20179370858,0.979428046963,0.));
#1580 = ORIENTED_EDGE('',*,*,#1581,.T.);
#1581 = EDGE_CURVE('',#1574,#1582,#1584,.T.);
#1582 = VERTEX_POINT('',#1583);
#1583 = CARTESIAN_POINT('',(5.221617698669,30.11828994751,16.));
#1584 = LINE('',#1585,#1586);
#1585 = CARTESIAN_POINT('',(4.547116756439,28.203271865845,16.));
#1586 = VECTOR('',#1587,1.);
#1587 = DIRECTION('',(0.332212232681,0.94320466096,0.));
#1588 = ORIENTED_EDGE('',*,*,#1589,.T.);
#1589 = EDGE_CURVE('',#1582,#1590,#1592,.T.);
#1590 = VERTEX_POINT('',#1591);
#1591 = CARTESIAN_POINT('',(6.148554801941,31.924680709839,16.));
#1592 = LINE('',#1593,#1594);
#1593 = CARTESIAN_POINT('',(5.221617698669,30.11828994751,16.));
#1594 = VECTOR('',#1595,1.);
#1595 = DIRECTION('',(0.456543934582,0.889700868717,0.));
#1596 = ORIENTED_EDGE('',*,*,#1597,.T.);
#1597 = EDGE_CURVE('',#1590,#1598,#1600,.T.);
#1598 = VERTEX_POINT('',#1599);
#1599 = CARTESIAN_POINT('',(7.31094455719,33.589344024658,16.));
#1600 = LINE('',#1601,#1602);
#1601 = CARTESIAN_POINT('',(6.148554801941,31.924680709839,16.));
#1602 = VECTOR('',#1603,1.);
#1603 = DIRECTION('',(0.572511750986,0.819896514801,0.));
#1604 = ORIENTED_EDGE('',*,*,#1605,.T.);
#1605 = EDGE_CURVE('',#1598,#1606,#1608,.T.);
#1606 = VERTEX_POINT('',#1607);
#1607 = CARTESIAN_POINT('',(8.687492370605,35.081783294678,16.));
#1608 = LINE('',#1609,#1610);
#1609 = CARTESIAN_POINT('',(7.31094455719,33.589344024658,16.));
#1610 = VECTOR('',#1611,1.);
#1611 = DIRECTION('',(0.677990597433,0.735070574702,0.));
#1612 = ORIENTED_EDGE('',*,*,#1613,.T.);
#1613 = EDGE_CURVE('',#1606,#1614,#1616,.T.);
#1614 = VERTEX_POINT('',#1615);
#1615 = CARTESIAN_POINT('',(10.252974510193,36.374652862549,16.));
#1616 = LINE('',#1617,#1618);
#1617 = CARTESIAN_POINT('',(8.687492370605,35.081783294678,16.));
#1618 = VECTOR('',#1619,1.);
#1619 = DIRECTION('',(0.771047550749,0.636777570651,0.));
#1620 = ORIENTED_EDGE('',*,*,#1621,.T.);
#1621 = EDGE_CURVE('',#1614,#1622,#1624,.T.);
#1622 = VERTEX_POINT('',#1623);
#1623 = CARTESIAN_POINT('',(11.978713035583,37.444271087646,16.));
#1624 = LINE('',#1625,#1626);
#1625 = CARTESIAN_POINT('',(10.252974510193,36.374652862549,16.));
#1626 = VECTOR('',#1627,1.);
#1627 = DIRECTION('',(0.849977604855,0.52681882203,0.));
#1628 = ORIENTED_EDGE('',*,*,#1629,.T.);
#1629 = EDGE_CURVE('',#1622,#1630,#1632,.T.);
#1630 = VERTEX_POINT('',#1631);
#1631 = CARTESIAN_POINT('',(13.408850669861,38.026084899902,16.));
#1632 = LINE('',#1633,#1634);
#1633 = CARTESIAN_POINT('',(11.978713035583,37.444271087646,16.));
#1634 = VECTOR('',#1635,1.);
#1635 = DIRECTION('',(0.926281178836,0.376833090021,0.));
#1636 = ORIENTED_EDGE('',*,*,#1637,.T.);
#1637 = EDGE_CURVE('',#1630,#1638,#1640,.T.);
#1638 = VERTEX_POINT('',#1639);
#1639 = CARTESIAN_POINT('',(14.911502838135,38.380809783936,16.));
#1640 = LINE('',#1641,#1642);
#1641 = CARTESIAN_POINT('',(13.408850669861,38.026084899902,16.));
#1642 = VECTOR('',#1643,1.);
#1643 = DIRECTION('',(0.973249449179,0.229750973169,0.));
#1644 = ORIENTED_EDGE('',*,*,#1645,.T.);
#1645 = EDGE_CURVE('',#1638,#1646,#1648,.T.);
#1646 = VERTEX_POINT('',#1647);
#1647 = CARTESIAN_POINT('',(15.500001907349,38.426376732202,16.));
#1648 = LINE('',#1649,#1650);
#1649 = CARTESIAN_POINT('',(14.911502838135,38.380809783936,16.));
#1650 = VECTOR('',#1651,1.);
#1651 = DIRECTION('',(0.997015779605,7.719802600732E-02,0.));
#1652 = ORIENTED_EDGE('',*,*,#1653,.F.);
#1653 = EDGE_CURVE('',#1654,#1646,#1656,.T.);
#1654 = VERTEX_POINT('',#1655);
#1655 = CARTESIAN_POINT('',(18.000001907349,38.426376732202,16.));
#1656 = B_SPLINE_CURVE_WITH_KNOTS('',1,(#1657,#1658),.UNSPECIFIED.,.F.,
  .F.,(2,2),(0.,1.),.PIECEWISE_BEZIER_KNOTS.);
#1657 = CARTESIAN_POINT('',(18.000001907349,38.426376732202,16.));
#1658 = CARTESIAN_POINT('',(15.500001907349,38.426376732202,16.));
#1659 = ORIENTED_EDGE('',*,*,#1660,.T.);
#1660 = EDGE_CURVE('',#1654,#1661,#1663,.T.);
#1661 = VERTEX_POINT('',#1662);
#1662 = CARTESIAN_POINT('',(18.950849533081,38.5,16.));
#1663 = LINE('',#1664,#1665);
#1664 = CARTESIAN_POINT('',(17.411502838135,38.380809783936,16.));
#1665 = VECTOR('',#1666,1.);
#1666 = DIRECTION('',(0.997015779605,7.719802600732E-02,0.));
#1667 = ORIENTED_EDGE('',*,*,#1668,.F.);
#1668 = EDGE_CURVE('',#1669,#1661,#1671,.T.);
#1669 = VERTEX_POINT('',#1670);
#1670 = CARTESIAN_POINT('',(32.310203552246,38.5,16.));
#1671 = LINE('',#1672,#1673);
#1672 = CARTESIAN_POINT('',(32.310203552246,38.5,16.));
#1673 = VECTOR('',#1674,1.);
#1674 = DIRECTION('',(-1.,0.,0.));
#1675 = ORIENTED_EDGE('',*,*,#1676,.T.);
#1676 = EDGE_CURVE('',#1669,#1677,#1679,.T.);
#1677 = VERTEX_POINT('',#1678);
#1678 = CARTESIAN_POINT('',(33.940673828125,38.366184234619,16.));
#1679 = LINE('',#1680,#1681);
#1680 = CARTESIAN_POINT('',(32.310203552246,38.5,16.));
#1681 = VECTOR('',#1682,1.);
#1682 = DIRECTION('',(0.996649022179,-8.179686173492E-02,0.));
#1683 = ORIENTED_EDGE('',*,*,#1684,.T.);
#1684 = EDGE_CURVE('',#1677,#1685,#1687,.T.);
#1685 = VERTEX_POINT('',#1686);
#1686 = CARTESIAN_POINT('',(35.527507781982,37.968311309814,16.));
#1687 = LINE('',#1688,#1689);
#1688 = CARTESIAN_POINT('',(33.940673828125,38.366184234619,16.));
#1689 = VECTOR('',#1690,1.);
#1690 = DIRECTION('',(0.969974791615,-0.243205476155,0.));
#1691 = ORIENTED_EDGE('',*,*,#1692,.T.);
#1692 = EDGE_CURVE('',#1685,#1693,#1695,.T.);
#1693 = VERTEX_POINT('',#1694);
#1694 = CARTESIAN_POINT('',(37.028232574463,37.317039489746,16.));
#1695 = LINE('',#1696,#1697);
#1696 = CARTESIAN_POINT('',(35.527507781982,37.968311309814,16.));
#1697 = VECTOR('',#1698,1.);
#1698 = DIRECTION('',(0.917341910159,-0.398100263584,0.));
#1699 = ORIENTED_EDGE('',*,*,#1700,.T.);
#1700 = EDGE_CURVE('',#1693,#1701,#1703,.T.);
#1701 = VERTEX_POINT('',#1702);
#1702 = CARTESIAN_POINT('',(38.402690887451,36.429790496826,16.));
#1703 = LINE('',#1704,#1705);
#1704 = CARTESIAN_POINT('',(37.028232574463,37.317039489746,16.));
#1705 = VECTOR('',#1706,1.);
#1706 = DIRECTION('',(0.840156918687,-0.54234338936,0.));
#1707 = ORIENTED_EDGE('',*,*,#1708,.T.);
#1708 = EDGE_CURVE('',#1701,#1709,#1711,.T.);
#1709 = VERTEX_POINT('',#1710);
#1710 = CARTESIAN_POINT('',(39.614093780518,35.33031463623,16.));
#1711 = LINE('',#1712,#1713);
#1712 = CARTESIAN_POINT('',(38.402690887451,36.429790496826,16.));
#1713 = VECTOR('',#1714,1.);
#1714 = DIRECTION('',(0.740487323737,-0.672070326219,0.));
#1715 = ORIENTED_EDGE('',*,*,#1716,.T.);
#1716 = EDGE_CURVE('',#1709,#1717,#1719,.T.);
#1717 = VERTEX_POINT('',#1718);
#1718 = CARTESIAN_POINT('',(40.102966308594,34.00511932373,16.));
#1719 = LINE('',#1720,#1721);
#1720 = CARTESIAN_POINT('',(39.614093780518,35.33031463623,16.));
#1721 = VECTOR('',#1722,1.);
#1722 = DIRECTION('',(0.346105943902,-0.938195435715,0.));
#1723 = ORIENTED_EDGE('',*,*,#1724,.T.);
#1724 = EDGE_CURVE('',#1717,#1725,#1727,.T.);
#1725 = VERTEX_POINT('',#1726);
#1726 = CARTESIAN_POINT('',(40.400245666504,32.624267578125,16.));
#1727 = LINE('',#1728,#1729);
#1728 = CARTESIAN_POINT('',(40.102966308594,34.00511932373,16.));
#1729 = VECTOR('',#1730,1.);
#1730 = DIRECTION('',(0.210464828212,-0.977601430076,0.));
#1731 = ORIENTED_EDGE('',*,*,#1732,.T.);
#1732 = EDGE_CURVE('',#1725,#1733,#1735,.T.);
#1733 = VERTEX_POINT('',#1734);
#1734 = CARTESIAN_POINT('',(40.5,31.215305328369,16.));
#1735 = LINE('',#1736,#1737);
#1736 = CARTESIAN_POINT('',(40.400245666504,32.624267578125,16.));
#1737 = VECTOR('',#1738,1.);
#1738 = DIRECTION('',(7.062308036883E-02,-0.997503072937,0.));
#1739 = ORIENTED_EDGE('',*,*,#1740,.F.);
#1740 = EDGE_CURVE('',#1741,#1733,#1743,.T.);
#1741 = VERTEX_POINT('',#1742);
#1742 = CARTESIAN_POINT('',(40.5,7.,16.));
#1743 = LINE('',#1744,#1745);
#1744 = CARTESIAN_POINT('',(40.5,7.,16.));
#1745 = VECTOR('',#1746,1.);
#1746 = DIRECTION('',(0.,1.,0.));
#1747 = ORIENTED_EDGE('',*,*,#1748,.T.);
#1748 = EDGE_CURVE('',#1741,#1749,#1751,.T.);
#1749 = VERTEX_POINT('',#1750);
#1750 = CARTESIAN_POINT('',(43.,7.,16.));
#1751 = LINE('',#1752,#1753);
#1752 = CARTESIAN_POINT('',(40.5,7.,16.));
#1753 = VECTOR('',#1754,1.);
#1754 = DIRECTION('',(1.,0.,0.));
#1755 = ORIENTED_EDGE('',*,*,#1756,.F.);
#1756 = EDGE_CURVE('',#1757,#1749,#1759,.T.);
#1757 = VERTEX_POINT('',#1758);
#1758 = CARTESIAN_POINT('',(43.,31.972244262695,16.));
#1759 = LINE('',#1760,#1761);
#1760 = CARTESIAN_POINT('',(43.,31.972244262695,16.));
#1761 = VECTOR('',#1762,1.);
#1762 = DIRECTION('',(0.,-1.,0.));
#1763 = ORIENTED_EDGE('',*,*,#1764,.T.);
#1764 = EDGE_CURVE('',#1757,#1765,#1767,.T.);
#1765 = VERTEX_POINT('',#1766);
#1766 = CARTESIAN_POINT('',(42.892150878906,33.436962127686,16.));
#1767 = LINE('',#1768,#1769);
#1768 = CARTESIAN_POINT('',(43.,31.972244262695,16.));
#1769 = VECTOR('',#1770,1.);
#1770 = DIRECTION('',(-7.343253685954E-02,0.997300186769,0.));
#1771 = ORIENTED_EDGE('',*,*,#1772,.T.);
#1772 = EDGE_CURVE('',#1765,#1773,#1775,.T.);
#1773 = VERTEX_POINT('',#1774);
#1774 = CARTESIAN_POINT('',(42.570922851562,34.870082855225,16.));
#1775 = LINE('',#1776,#1777);
#1776 = CARTESIAN_POINT('',(42.892150878906,33.436962127686,16.));
#1777 = VECTOR('',#1778,1.);
#1778 = DIRECTION('',(-0.21871879099,0.975787933143,0.));
#1779 = ORIENTED_EDGE('',*,*,#1780,.T.);
#1780 = EDGE_CURVE('',#1773,#1781,#1783,.T.);
#1781 = VERTEX_POINT('',#1782);
#1782 = CARTESIAN_POINT('',(42.0432472229,36.240699768066,16.));
#1783 = LINE('',#1784,#1785);
#1784 = CARTESIAN_POINT('',(42.570922851562,34.870082855225,16.));
#1785 = VECTOR('',#1786,1.);
#1786 = DIRECTION('',(-0.359284691405,0.933228005646,0.));
#1787 = ORIENTED_EDGE('',*,*,#1788,.T.);
#1788 = EDGE_CURVE('',#1781,#1789,#1791,.T.);
#1789 = VERTEX_POINT('',#1790);
#1790 = CARTESIAN_POINT('',(41.320503234863,37.519245147705,16.));
#1791 = LINE('',#1792,#1793);
#1792 = CARTESIAN_POINT('',(42.0432472229,36.240699768066,16.));
#1793 = VECTOR('',#1794,1.);
#1794 = DIRECTION('',(-0.492102616679,0.870537198894,0.));
#1795 = ORIENTED_EDGE('',*,*,#1796,.F.);
#1796 = EDGE_CURVE('',#1797,#1789,#1799,.T.);
#1797 = VERTEX_POINT('',#1798);
#1798 = CARTESIAN_POINT('',(40.679500579834,38.480754852295,16.));
#1799 = LINE('',#1800,#1801);
#1800 = CARTESIAN_POINT('',(40.679500579834,38.480754852295,16.));
#1801 = VECTOR('',#1802,1.);
#1802 = DIRECTION('',(0.554697910856,-0.832051817913,0.));
#1803 = ORIENTED_EDGE('',*,*,#1804,.T.);
#1804 = EDGE_CURVE('',#1797,#1805,#1807,.T.);
#1805 = VERTEX_POINT('',#1806);
#1806 = CARTESIAN_POINT('',(39.956756591797,39.759296417236,16.));
#1807 = LINE('',#1808,#1809);
#1808 = CARTESIAN_POINT('',(40.679500579834,38.480754852295,16.));
#1809 = VECTOR('',#1810,1.);
#1810 = DIRECTION('',(-0.492103729371,0.870536569903,0.));
#1811 = ORIENTED_EDGE('',*,*,#1812,.T.);
#1812 = EDGE_CURVE('',#1805,#1813,#1815,.T.);
#1813 = VERTEX_POINT('',#1814);
#1814 = CARTESIAN_POINT('',(39.429080963135,41.129913330078,16.));
#1815 = LINE('',#1816,#1817);
#1816 = CARTESIAN_POINT('',(39.956756591797,39.759296417236,16.));
#1817 = VECTOR('',#1818,1.);
#1818 = DIRECTION('',(-0.359284691405,0.933228005646,0.));
#1819 = ORIENTED_EDGE('',*,*,#1820,.T.);
#1820 = EDGE_CURVE('',#1813,#1821,#1823,.T.);
#1821 = VERTEX_POINT('',#1822);
#1822 = CARTESIAN_POINT('',(39.107852935791,42.563041687012,16.));
#1823 = LINE('',#1824,#1825);
#1824 = CARTESIAN_POINT('',(39.429080963135,41.129913330078,16.));
#1825 = VECTOR('',#1826,1.);
#1826 = DIRECTION('',(-0.21871768232,0.975788181646,0.));
#1827 = ORIENTED_EDGE('',*,*,#1828,.T.);
#1828 = EDGE_CURVE('',#1821,#1829,#1831,.T.);
#1829 = VERTEX_POINT('',#1830);
#1830 = CARTESIAN_POINT('',(39.,44.027755737305,16.));
#1831 = LINE('',#1832,#1833);
#1832 = CARTESIAN_POINT('',(39.107852935791,42.563041687012,16.));
#1833 = VECTOR('',#1834,1.);
#1834 = DIRECTION('',(-7.343531043492E-02,0.997299982544,0.));
#1835 = ORIENTED_EDGE('',*,*,#1836,.F.);
#1836 = EDGE_CURVE('',#1837,#1829,#1839,.T.);
#1837 = VERTEX_POINT('',#1838);
#1838 = CARTESIAN_POINT('',(39.,73.,16.));
#1839 = LINE('',#1840,#1841);
#1840 = CARTESIAN_POINT('',(39.,73.,16.));
#1841 = VECTOR('',#1842,1.);
#1842 = DIRECTION('',(0.,-1.,0.));
#1843 = ORIENTED_EDGE('',*,*,#1844,.T.);
#1844 = EDGE_CURVE('',#1837,#60,#1845,.T.);
#1845 = LINE('',#1846,#1847);
#1846 = CARTESIAN_POINT('',(39.,73.,16.));
#1847 = VECTOR('',#1848,1.);
#1848 = DIRECTION('',(-1.,0.,0.));
#1849 = ORIENTED_EDGE('',*,*,#59,.T.);
#1850 = FACE_BOUND('',#1851,.T.);
#1851 = EDGE_LOOP('',(#1852,#1862,#1870,#1878));
#1852 = ORIENTED_EDGE('',*,*,#1853,.F.);
#1853 = EDGE_CURVE('',#1854,#1856,#1858,.T.);
#1854 = VERTEX_POINT('',#1855);
#1855 = CARTESIAN_POINT('',(21.000001907349,41.,16.));
#1856 = VERTEX_POINT('',#1857);
#1857 = CARTESIAN_POINT('',(36.5,41.,16.));
#1858 = LINE('',#1859,#1860);
#1859 = CARTESIAN_POINT('',(21.000001907349,41.,16.));
#1860 = VECTOR('',#1861,1.);
#1861 = DIRECTION('',(1.,0.,0.));
#1862 = ORIENTED_EDGE('',*,*,#1863,.T.);
#1863 = EDGE_CURVE('',#1854,#1864,#1866,.T.);
#1864 = VERTEX_POINT('',#1865);
#1865 = CARTESIAN_POINT('',(21.000001907349,70.,16.));
#1866 = LINE('',#1867,#1868);
#1867 = CARTESIAN_POINT('',(21.000001907349,41.,16.));
#1868 = VECTOR('',#1869,1.);
#1869 = DIRECTION('',(0.,1.,0.));
#1870 = ORIENTED_EDGE('',*,*,#1871,.T.);
#1871 = EDGE_CURVE('',#1864,#1872,#1874,.T.);
#1872 = VERTEX_POINT('',#1873);
#1873 = CARTESIAN_POINT('',(36.5,70.,16.));
#1874 = LINE('',#1875,#1876);
#1875 = CARTESIAN_POINT('',(21.000001907349,70.,16.));
#1876 = VECTOR('',#1877,1.);
#1877 = DIRECTION('',(1.,0.,0.));
#1878 = ORIENTED_EDGE('',*,*,#1879,.T.);
#1879 = EDGE_CURVE('',#1872,#1856,#1880,.T.);
#1880 = LINE('',#1881,#1882);
#1881 = CARTESIAN_POINT('',(36.5,70.,16.));
#1882 = VECTOR('',#1883,1.);
#1883 = DIRECTION('',(0.,-1.,0.));
#1884 = PLANE('',#1885);
#1885 = AXIS2_PLACEMENT_3D('',#1886,#1887,#1888);
#1886 = CARTESIAN_POINT('',(23.831607738562,37.26934018215,16.));
#1887 = DIRECTION('',(0.,0.,1.));
#1888 = DIRECTION('',(1.,0.,0.));
#1889 = ADVANCED_FACE('',(#1890),#1908,.T.);
#1890 = FACE_BOUND('',#1891,.T.);
#1891 = EDGE_LOOP('',(#1892,#1900,#1901,#1902));
#1892 = ORIENTED_EDGE('',*,*,#1893,.F.);
#1893 = EDGE_CURVE('',#68,#1894,#1896,.T.);
#1894 = VERTEX_POINT('',#1895);
#1895 = CARTESIAN_POINT('',(39.,73.312873840332,15.97537612915));
#1896 = LINE('',#1897,#1898);
#1897 = CARTESIAN_POINT('',(18.000001907349,73.312873840332,
    15.97537612915));
#1898 = VECTOR('',#1899,1.);
#1899 = DIRECTION('',(1.,0.,0.));
#1900 = ORIENTED_EDGE('',*,*,#67,.F.);
#1901 = ORIENTED_EDGE('',*,*,#1844,.F.);
#1902 = ORIENTED_EDGE('',*,*,#1903,.F.);
#1903 = EDGE_CURVE('',#1894,#1837,#1904,.T.);
#1904 = LINE('',#1905,#1906);
#1905 = CARTESIAN_POINT('',(39.,73.312873840332,15.97537612915));
#1906 = VECTOR('',#1907,1.);
#1907 = DIRECTION('',(0.,-0.996917292463,7.84596201181E-02));
#1908 = PLANE('',#1909);
#1909 = AXIS2_PLACEMENT_3D('',#1910,#1911,#1912);
#1910 = CARTESIAN_POINT('',(28.500000953674,73.156436920166,
    15.987688064575));
#1911 = DIRECTION('',(0.,7.84596201181E-02,0.996917292463));
#1912 = DIRECTION('',(0.,0.996917292463,-7.84596201181E-02));
#1913 = ADVANCED_FACE('',(#1914),#1932,.T.);
#1914 = FACE_BOUND('',#1915,.T.);
#1915 = EDGE_LOOP('',(#1916,#1924,#1925,#1926));
#1916 = ORIENTED_EDGE('',*,*,#1917,.F.);
#1917 = EDGE_CURVE('',#76,#1918,#1920,.T.);
#1918 = VERTEX_POINT('',#1919);
#1919 = CARTESIAN_POINT('',(39.,73.618034362793,15.902112960815));
#1920 = LINE('',#1921,#1922);
#1921 = CARTESIAN_POINT('',(18.000001907349,73.618034362793,
    15.902112960815));
#1922 = VECTOR('',#1923,1.);
#1923 = DIRECTION('',(1.,0.,0.));
#1924 = ORIENTED_EDGE('',*,*,#75,.F.);
#1925 = ORIENTED_EDGE('',*,*,#1893,.T.);
#1926 = ORIENTED_EDGE('',*,*,#1927,.F.);
#1927 = EDGE_CURVE('',#1918,#1894,#1928,.T.);
#1928 = LINE('',#1929,#1930);
#1929 = CARTESIAN_POINT('',(39.,73.618034362793,15.902112960815));
#1930 = VECTOR('',#1931,1.);
#1931 = DIRECTION('',(0.,-0.972369480062,0.233447197977));
#1932 = PLANE('',#1933);
#1933 = AXIS2_PLACEMENT_3D('',#1934,#1935,#1936);
#1934 = CARTESIAN_POINT('',(28.500000953674,73.465454101562,
    15.938744544983));
#1935 = DIRECTION('',(0.,0.233447197977,0.972369480062));
#1936 = DIRECTION('',(0.,0.972369480062,-0.233447197977));
#1937 = ADVANCED_FACE('',(#1938),#1956,.T.);
#1938 = FACE_BOUND('',#1939,.T.);
#1939 = EDGE_LOOP('',(#1940,#1948,#1949,#1950));
#1940 = ORIENTED_EDGE('',*,*,#1941,.F.);
#1941 = EDGE_CURVE('',#84,#1942,#1944,.T.);
#1942 = VERTEX_POINT('',#1943);
#1943 = CARTESIAN_POINT('',(39.,73.907981872559,15.782013893127));
#1944 = LINE('',#1945,#1946);
#1945 = CARTESIAN_POINT('',(18.000001907349,73.907981872559,
    15.782013893127));
#1946 = VECTOR('',#1947,1.);
#1947 = DIRECTION('',(1.,0.,0.));
#1948 = ORIENTED_EDGE('',*,*,#83,.F.);
#1949 = ORIENTED_EDGE('',*,*,#1917,.T.);
#1950 = ORIENTED_EDGE('',*,*,#1951,.F.);
#1951 = EDGE_CURVE('',#1942,#1918,#1952,.T.);
#1952 = LINE('',#1953,#1954);
#1953 = CARTESIAN_POINT('',(39.,73.907981872559,15.782013893127));
#1954 = VECTOR('',#1955,1.);
#1955 = DIRECTION('',(0.,-0.923880797888,0.382680377462));
#1956 = PLANE('',#1957);
#1957 = AXIS2_PLACEMENT_3D('',#1958,#1959,#1960);
#1958 = CARTESIAN_POINT('',(28.500000953674,73.763008117676,
    15.842063426971));
#1959 = DIRECTION('',(0.,0.382680377462,0.923880797888));
#1960 = DIRECTION('',(0.,0.923880797888,-0.382680377462));
#1961 = ADVANCED_FACE('',(#1962),#1980,.T.);
#1962 = FACE_BOUND('',#1963,.T.);
#1963 = EDGE_LOOP('',(#1964,#1965,#1966,#1974));
#1964 = ORIENTED_EDGE('',*,*,#859,.F.);
#1965 = ORIENTED_EDGE('',*,*,#227,.F.);
#1966 = ORIENTED_EDGE('',*,*,#1967,.T.);
#1967 = EDGE_CURVE('',#220,#1968,#1970,.T.);
#1968 = VERTEX_POINT('',#1969);
#1969 = CARTESIAN_POINT('',(39.,73.312873840332,2.462331950665E-02));
#1970 = LINE('',#1971,#1972);
#1971 = CARTESIAN_POINT('',(18.000001907349,73.312873840332,
    2.462331950665E-02));
#1972 = VECTOR('',#1973,1.);
#1973 = DIRECTION('',(1.,0.,0.));
#1974 = ORIENTED_EDGE('',*,*,#1975,.F.);
#1975 = EDGE_CURVE('',#860,#1968,#1976,.T.);
#1976 = LINE('',#1977,#1978);
#1977 = CARTESIAN_POINT('',(39.,73.,8.7E-16));
#1978 = VECTOR('',#1979,1.);
#1979 = DIRECTION('',(0.,0.996917429871,7.845787417509E-02));
#1980 = PLANE('',#1981);
#1981 = AXIS2_PLACEMENT_3D('',#1982,#1983,#1984);
#1982 = CARTESIAN_POINT('',(28.500000953674,73.156436920166,
    1.231165975332E-02));
#1983 = DIRECTION('',(0.,7.845787417509E-02,-0.996917429871));
#1984 = DIRECTION('',(0.,-0.996917429871,-7.845787417509E-02));
#1985 = ADVANCED_FACE('',(#1986),#2004,.T.);
#1986 = FACE_BOUND('',#1987,.T.);
#1987 = EDGE_LOOP('',(#1988,#1996,#1997,#1998));
#1988 = ORIENTED_EDGE('',*,*,#1989,.F.);
#1989 = EDGE_CURVE('',#92,#1990,#1992,.T.);
#1990 = VERTEX_POINT('',#1991);
#1991 = CARTESIAN_POINT('',(39.,74.175575256348,15.618033409119));
#1992 = LINE('',#1993,#1994);
#1993 = CARTESIAN_POINT('',(18.000001907349,74.175575256348,
    15.618033409119));
#1994 = VECTOR('',#1995,1.);
#1995 = DIRECTION('',(1.,0.,0.));
#1996 = ORIENTED_EDGE('',*,*,#91,.F.);
#1997 = ORIENTED_EDGE('',*,*,#1941,.T.);
#1998 = ORIENTED_EDGE('',*,*,#1999,.F.);
#1999 = EDGE_CURVE('',#1990,#1942,#2000,.T.);
#2000 = LINE('',#2001,#2002);
#2001 = CARTESIAN_POINT('',(39.,74.175575256348,15.618033409119));
#2002 = VECTOR('',#2003,1.);
#2003 = DIRECTION('',(0.,-0.852641516415,0.522496358347));
#2004 = PLANE('',#2005);
#2005 = AXIS2_PLACEMENT_3D('',#2006,#2007,#2008);
#2006 = CARTESIAN_POINT('',(28.500000953674,74.041778564453,
    15.700023651123));
#2007 = DIRECTION('',(0.,0.522496358347,0.852641516415));
#2008 = DIRECTION('',(0.,0.852641516415,-0.522496358347));
#2009 = ADVANCED_FACE('',(#2010),#2028,.T.);
#2010 = FACE_BOUND('',#2011,.T.);
#2011 = EDGE_LOOP('',(#2012,#2013,#2014,#2022));
#2012 = ORIENTED_EDGE('',*,*,#1967,.F.);
#2013 = ORIENTED_EDGE('',*,*,#219,.F.);
#2014 = ORIENTED_EDGE('',*,*,#2015,.T.);
#2015 = EDGE_CURVE('',#212,#2016,#2018,.T.);
#2016 = VERTEX_POINT('',#2017);
#2017 = CARTESIAN_POINT('',(39.,73.618034362793,9.788696467876E-02));
#2018 = LINE('',#2019,#2020);
#2019 = CARTESIAN_POINT('',(18.000001907349,73.618034362793,
    9.788696467876E-02));
#2020 = VECTOR('',#2021,1.);
#2021 = DIRECTION('',(1.,0.,0.));
#2022 = ORIENTED_EDGE('',*,*,#2023,.F.);
#2023 = EDGE_CURVE('',#1968,#2016,#2024,.T.);
#2024 = LINE('',#2025,#2026);
#2025 = CARTESIAN_POINT('',(39.,73.312873840332,2.462331950665E-02));
#2026 = VECTOR('',#2027,1.);
#2027 = DIRECTION('',(0.,0.972369135162,0.233448634575));
#2028 = PLANE('',#2029);
#2029 = AXIS2_PLACEMENT_3D('',#2030,#2031,#2032);
#2030 = CARTESIAN_POINT('',(28.500000953674,73.465454101562,
    6.12551420927E-02));
#2031 = DIRECTION('',(0.,0.233448634575,-0.972369135162));
#2032 = DIRECTION('',(0.,-0.972369135162,-0.233448634575));
#2033 = ADVANCED_FACE('',(#2034),#2052,.T.);
#2034 = FACE_BOUND('',#2035,.T.);
#2035 = EDGE_LOOP('',(#2036,#2044,#2045,#2046));
#2036 = ORIENTED_EDGE('',*,*,#2037,.F.);
#2037 = EDGE_CURVE('',#100,#2038,#2040,.T.);
#2038 = VERTEX_POINT('',#2039);
#2039 = CARTESIAN_POINT('',(39.,74.414215087891,15.414214134216));
#2040 = LINE('',#2041,#2042);
#2041 = CARTESIAN_POINT('',(18.000001907349,74.414215087891,
    15.414214134216));
#2042 = VECTOR('',#2043,1.);
#2043 = DIRECTION('',(1.,0.,0.));
#2044 = ORIENTED_EDGE('',*,*,#99,.F.);
#2045 = ORIENTED_EDGE('',*,*,#1989,.T.);
#2046 = ORIENTED_EDGE('',*,*,#2047,.F.);
#2047 = EDGE_CURVE('',#2038,#1990,#2048,.T.);
#2048 = LINE('',#2049,#2050);
#2049 = CARTESIAN_POINT('',(39.,74.414215087891,15.414214134216));
#2050 = VECTOR('',#2051,1.);
#2051 = DIRECTION('',(0.,-0.76040344156,0.64945100359));
#2052 = PLANE('',#2053);
#2053 = AXIS2_PLACEMENT_3D('',#2054,#2055,#2056);
#2054 = CARTESIAN_POINT('',(28.500000953674,74.294895172119,
    15.516123771667));
#2055 = DIRECTION('',(0.,0.64945100359,0.76040344156));
#2056 = DIRECTION('',(0.,0.76040344156,-0.64945100359));
#2057 = ADVANCED_FACE('',(#2058),#2076,.T.);
#2058 = FACE_BOUND('',#2059,.T.);
#2059 = EDGE_LOOP('',(#2060,#2061,#2062,#2070));
#2060 = ORIENTED_EDGE('',*,*,#2015,.F.);
#2061 = ORIENTED_EDGE('',*,*,#211,.F.);
#2062 = ORIENTED_EDGE('',*,*,#2063,.T.);
#2063 = EDGE_CURVE('',#204,#2064,#2066,.T.);
#2064 = VERTEX_POINT('',#2065);
#2065 = CARTESIAN_POINT('',(39.,73.907981872559,0.217986941338));
#2066 = LINE('',#2067,#2068);
#2067 = CARTESIAN_POINT('',(18.000001907349,73.907981872559,
    0.217986941338));
#2068 = VECTOR('',#2069,1.);
#2069 = DIRECTION('',(1.,0.,0.));
#2070 = ORIENTED_EDGE('',*,*,#2071,.F.);
#2071 = EDGE_CURVE('',#2016,#2064,#2072,.T.);
#2072 = LINE('',#2073,#2074);
#2073 = CARTESIAN_POINT('',(39.,73.618034362793,9.788696467876E-02));
#2074 = VECTOR('',#2075,1.);
#2075 = DIRECTION('',(0.,0.923879773889,0.382682849628));
#2076 = PLANE('',#2077);
#2077 = AXIS2_PLACEMENT_3D('',#2078,#2079,#2080);
#2078 = CARTESIAN_POINT('',(28.500000953674,73.763008117676,
    0.157936953008));
#2079 = DIRECTION('',(0.,0.382682849628,-0.923879773889));
#2080 = DIRECTION('',(0.,-0.923879773889,-0.382682849628));
#2081 = ADVANCED_FACE('',(#2082),#2100,.T.);
#2082 = FACE_BOUND('',#2083,.T.);
#2083 = EDGE_LOOP('',(#2084,#2092,#2093,#2094));
#2084 = ORIENTED_EDGE('',*,*,#2085,.F.);
#2085 = EDGE_CURVE('',#108,#2086,#2088,.T.);
#2086 = VERTEX_POINT('',#2087);
#2087 = CARTESIAN_POINT('',(39.,74.618034362793,15.175570487976));
#2088 = LINE('',#2089,#2090);
#2089 = CARTESIAN_POINT('',(18.000001907349,74.618034362793,
    15.175570487976));
#2090 = VECTOR('',#2091,1.);
#2091 = DIRECTION('',(1.,0.,0.));
#2092 = ORIENTED_EDGE('',*,*,#107,.F.);
#2093 = ORIENTED_EDGE('',*,*,#2037,.T.);
#2094 = ORIENTED_EDGE('',*,*,#2095,.F.);
#2095 = EDGE_CURVE('',#2086,#2038,#2096,.T.);
#2096 = LINE('',#2097,#2098);
#2097 = CARTESIAN_POINT('',(39.,74.618034362793,15.175570487976));
#2098 = VECTOR('',#2099,1.);
#2099 = DIRECTION('',(0.,-0.649445000855,0.760408568379));
#2100 = PLANE('',#2101);
#2101 = AXIS2_PLACEMENT_3D('',#2102,#2103,#2104);
#2102 = CARTESIAN_POINT('',(28.500000953674,74.516124725342,
    15.294892311096));
#2103 = DIRECTION('',(0.,0.760408568379,0.649445000855));
#2104 = DIRECTION('',(0.,-0.649445000855,0.760408568379));
#2105 = ADVANCED_FACE('',(#2106),#2124,.T.);
#2106 = FACE_BOUND('',#2107,.T.);
#2107 = EDGE_LOOP('',(#2108,#2109,#2110,#2118));
#2108 = ORIENTED_EDGE('',*,*,#2063,.F.);
#2109 = ORIENTED_EDGE('',*,*,#203,.F.);
#2110 = ORIENTED_EDGE('',*,*,#2111,.T.);
#2111 = EDGE_CURVE('',#196,#2112,#2114,.T.);
#2112 = VERTEX_POINT('',#2113);
#2113 = CARTESIAN_POINT('',(39.,74.175575256348,0.381965994835));
#2114 = LINE('',#2115,#2116);
#2115 = CARTESIAN_POINT('',(18.000001907349,74.175575256348,
    0.381965994835));
#2116 = VECTOR('',#2117,1.);
#2117 = DIRECTION('',(1.,0.,0.));
#2118 = ORIENTED_EDGE('',*,*,#2119,.F.);
#2119 = EDGE_CURVE('',#2064,#2112,#2120,.T.);
#2120 = LINE('',#2121,#2122);
#2121 = CARTESIAN_POINT('',(39.,73.907981872559,0.217986941338));
#2122 = VECTOR('',#2123,1.);
#2123 = DIRECTION('',(0.,0.852643547049,0.522493044619));
#2124 = PLANE('',#2125);
#2125 = AXIS2_PLACEMENT_3D('',#2126,#2127,#2128);
#2126 = CARTESIAN_POINT('',(28.500000953674,74.041778564453,
    0.299976468086));
#2127 = DIRECTION('',(0.,0.522493044619,-0.852643547049));
#2128 = DIRECTION('',(0.,-0.852643547049,-0.522493044619));
#2129 = ADVANCED_FACE('',(#2130),#2148,.T.);
#2130 = FACE_BOUND('',#2131,.T.);
#2131 = EDGE_LOOP('',(#2132,#2140,#2141,#2142));
#2132 = ORIENTED_EDGE('',*,*,#2133,.F.);
#2133 = EDGE_CURVE('',#116,#2134,#2136,.T.);
#2134 = VERTEX_POINT('',#2135);
#2135 = CARTESIAN_POINT('',(39.,74.782012939453,14.907980918884));
#2136 = LINE('',#2137,#2138);
#2137 = CARTESIAN_POINT('',(18.000001907349,74.782012939453,
    14.907980918884));
#2138 = VECTOR('',#2139,1.);
#2139 = DIRECTION('',(1.,0.,0.));
#2140 = ORIENTED_EDGE('',*,*,#115,.F.);
#2141 = ORIENTED_EDGE('',*,*,#2085,.T.);
#2142 = ORIENTED_EDGE('',*,*,#2143,.F.);
#2143 = EDGE_CURVE('',#2134,#2086,#2144,.T.);
#2144 = LINE('',#2145,#2146);
#2145 = CARTESIAN_POINT('',(39.,74.782012939453,14.907980918884));
#2146 = VECTOR('',#2147,1.);
#2147 = DIRECTION('',(0.,-0.522497355102,0.852640905605));
#2148 = PLANE('',#2149);
#2149 = AXIS2_PLACEMENT_3D('',#2150,#2151,#2152);
#2150 = CARTESIAN_POINT('',(28.500000953674,74.700023651123,
    15.04177570343));
#2151 = DIRECTION('',(0.,0.852640905605,0.522497355102));
#2152 = DIRECTION('',(0.,-0.522497355102,0.852640905605));
#2153 = ADVANCED_FACE('',(#2154),#2172,.T.);
#2154 = FACE_BOUND('',#2155,.T.);
#2155 = EDGE_LOOP('',(#2156,#2157,#2158,#2166));
#2156 = ORIENTED_EDGE('',*,*,#2111,.F.);
#2157 = ORIENTED_EDGE('',*,*,#195,.F.);
#2158 = ORIENTED_EDGE('',*,*,#2159,.T.);
#2159 = EDGE_CURVE('',#188,#2160,#2162,.T.);
#2160 = VERTEX_POINT('',#2161);
#2161 = CARTESIAN_POINT('',(39.,74.414215087891,0.585786402225));
#2162 = LINE('',#2163,#2164);
#2163 = CARTESIAN_POINT('',(18.000001907349,74.414215087891,
    0.585786402225));
#2164 = VECTOR('',#2165,1.);
#2165 = DIRECTION('',(1.,0.,0.));
#2166 = ORIENTED_EDGE('',*,*,#2167,.F.);
#2167 = EDGE_CURVE('',#2112,#2160,#2168,.T.);
#2168 = LINE('',#2169,#2170);
#2169 = CARTESIAN_POINT('',(39.,74.175575256348,0.381965994835));
#2170 = VECTOR('',#2171,1.);
#2171 = DIRECTION('',(0.,0.760401659489,0.649453090104));
#2172 = PLANE('',#2173);
#2173 = AXIS2_PLACEMENT_3D('',#2174,#2175,#2176);
#2174 = CARTESIAN_POINT('',(28.500000953674,74.294895172119,
    0.48387619853));
#2175 = DIRECTION('',(0.,0.649453090104,-0.760401659489));
#2176 = DIRECTION('',(0.,-0.760401659489,-0.649453090104));
#2177 = ADVANCED_FACE('',(#2178),#2196,.T.);
#2178 = FACE_BOUND('',#2179,.T.);
#2179 = EDGE_LOOP('',(#2180,#2188,#2189,#2190));
#2180 = ORIENTED_EDGE('',*,*,#2181,.F.);
#2181 = EDGE_CURVE('',#124,#2182,#2184,.T.);
#2182 = VERTEX_POINT('',#2183);
#2183 = CARTESIAN_POINT('',(39.,74.90210723877,14.618033409119));
#2184 = LINE('',#2185,#2186);
#2185 = CARTESIAN_POINT('',(18.000001907349,74.90210723877,
    14.618033409119));
#2186 = VECTOR('',#2187,1.);
#2187 = DIRECTION('',(1.,0.,0.));
#2188 = ORIENTED_EDGE('',*,*,#123,.F.);
#2189 = ORIENTED_EDGE('',*,*,#2133,.T.);
#2190 = ORIENTED_EDGE('',*,*,#2191,.F.);
#2191 = EDGE_CURVE('',#2182,#2134,#2192,.T.);
#2192 = LINE('',#2193,#2194);
#2193 = CARTESIAN_POINT('',(39.,74.90210723877,14.618033409119));
#2194 = VECTOR('',#2195,1.);
#2195 = DIRECTION('',(0.,-0.382667408586,0.923886169615));
#2196 = PLANE('',#2197);
#2197 = AXIS2_PLACEMENT_3D('',#2198,#2199,#2200);
#2198 = CARTESIAN_POINT('',(28.500000953674,74.842060089111,
    14.763007164001));
#2199 = DIRECTION('',(0.,0.923886169615,0.382667408586));
#2200 = DIRECTION('',(0.,-0.382667408586,0.923886169615));
#2201 = ADVANCED_FACE('',(#2202),#2220,.T.);
#2202 = FACE_BOUND('',#2203,.T.);
#2203 = EDGE_LOOP('',(#2204,#2205,#2206,#2214));
#2204 = ORIENTED_EDGE('',*,*,#2159,.F.);
#2205 = ORIENTED_EDGE('',*,*,#187,.F.);
#2206 = ORIENTED_EDGE('',*,*,#2207,.T.);
#2207 = EDGE_CURVE('',#180,#2208,#2210,.T.);
#2208 = VERTEX_POINT('',#2209);
#2209 = CARTESIAN_POINT('',(39.,74.618034362793,0.824429512024));
#2210 = LINE('',#2211,#2212);
#2211 = CARTESIAN_POINT('',(18.000001907349,74.618034362793,
    0.824429512024));
#2212 = VECTOR('',#2213,1.);
#2213 = DIRECTION('',(1.,0.,0.));
#2214 = ORIENTED_EDGE('',*,*,#2215,.F.);
#2215 = EDGE_CURVE('',#2160,#2208,#2216,.T.);
#2216 = LINE('',#2217,#2218);
#2217 = CARTESIAN_POINT('',(39.,74.414215087891,0.585786402225));
#2218 = VECTOR('',#2219,1.);
#2219 = DIRECTION('',(0.,0.649445844985,0.760407847429));
#2220 = PLANE('',#2221);
#2221 = AXIS2_PLACEMENT_3D('',#2222,#2223,#2224);
#2222 = CARTESIAN_POINT('',(28.500000953674,74.516124725342,
    0.705107957125));
#2223 = DIRECTION('',(0.,0.760407847429,-0.649445844985));
#2224 = DIRECTION('',(0.,0.649445844985,0.760407847429));
#2225 = ADVANCED_FACE('',(#2226),#2244,.T.);
#2226 = FACE_BOUND('',#2227,.T.);
#2227 = EDGE_LOOP('',(#2228,#2236,#2237,#2238));
#2228 = ORIENTED_EDGE('',*,*,#2229,.F.);
#2229 = EDGE_CURVE('',#132,#2230,#2232,.T.);
#2230 = VERTEX_POINT('',#2231);
#2231 = CARTESIAN_POINT('',(39.,74.975379943848,14.31286907196));
#2232 = LINE('',#2233,#2234);
#2233 = CARTESIAN_POINT('',(18.000001907349,74.975379943848,
    14.31286907196));
#2234 = VECTOR('',#2235,1.);
#2235 = DIRECTION('',(1.,0.,0.));
#2236 = ORIENTED_EDGE('',*,*,#131,.F.);
#2237 = ORIENTED_EDGE('',*,*,#2181,.T.);
#2238 = ORIENTED_EDGE('',*,*,#2239,.F.);
#2239 = EDGE_CURVE('',#2230,#2182,#2240,.T.);
#2240 = LINE('',#2241,#2242);
#2241 = CARTESIAN_POINT('',(39.,74.975379943848,14.31286907196));
#2242 = VECTOR('',#2243,1.);
#2243 = DIRECTION('',(0.,-0.233473170192,0.972363244266));
#2244 = PLANE('',#2245);
#2245 = AXIS2_PLACEMENT_3D('',#2246,#2247,#2248);
#2246 = CARTESIAN_POINT('',(28.500000953674,74.938743591309,
    14.46545124054));
#2247 = DIRECTION('',(0.,0.972363244266,0.233473170192));
#2248 = DIRECTION('',(0.,-0.233473170192,0.972363244266));
#2249 = ADVANCED_FACE('',(#2250),#2268,.T.);
#2250 = FACE_BOUND('',#2251,.T.);
#2251 = EDGE_LOOP('',(#2252,#2253,#2254,#2262));
#2252 = ORIENTED_EDGE('',*,*,#2207,.F.);
#2253 = ORIENTED_EDGE('',*,*,#179,.F.);
#2254 = ORIENTED_EDGE('',*,*,#2255,.T.);
#2255 = EDGE_CURVE('',#172,#2256,#2258,.T.);
#2256 = VERTEX_POINT('',#2257);
#2257 = CARTESIAN_POINT('',(39.,74.782012939453,1.092019081116));
#2258 = LINE('',#2259,#2260);
#2259 = CARTESIAN_POINT('',(18.000001907349,74.782012939453,
    1.092019081116));
#2260 = VECTOR('',#2261,1.);
#2261 = DIRECTION('',(1.,0.,0.));
#2262 = ORIENTED_EDGE('',*,*,#2263,.F.);
#2263 = EDGE_CURVE('',#2208,#2256,#2264,.T.);
#2264 = LINE('',#2265,#2266);
#2265 = CARTESIAN_POINT('',(39.,74.618034362793,0.824429512024));
#2266 = VECTOR('',#2267,1.);
#2267 = DIRECTION('',(0.,0.522497355102,0.852640905605));
#2268 = PLANE('',#2269);
#2269 = AXIS2_PLACEMENT_3D('',#2270,#2271,#2272);
#2270 = CARTESIAN_POINT('',(28.500000953674,74.700023651123,
    0.95822429657));
#2271 = DIRECTION('',(0.,0.852640905605,-0.522497355102));
#2272 = DIRECTION('',(0.,0.522497355102,0.852640905605));
#2273 = ADVANCED_FACE('',(#2274),#2292,.T.);
#2274 = FACE_BOUND('',#2275,.T.);
#2275 = EDGE_LOOP('',(#2276,#2284,#2285,#2286));
#2276 = ORIENTED_EDGE('',*,*,#2277,.F.);
#2277 = EDGE_CURVE('',#140,#2278,#2280,.T.);
#2278 = VERTEX_POINT('',#2279);
#2279 = CARTESIAN_POINT('',(39.,75.,14.));
#2280 = LINE('',#2281,#2282);
#2281 = CARTESIAN_POINT('',(18.000001907349,75.,14.));
#2282 = VECTOR('',#2283,1.);
#2283 = DIRECTION('',(1.,0.,0.));
#2284 = ORIENTED_EDGE('',*,*,#139,.F.);
#2285 = ORIENTED_EDGE('',*,*,#2229,.T.);
#2286 = ORIENTED_EDGE('',*,*,#2287,.F.);
#2287 = EDGE_CURVE('',#2278,#2230,#2288,.T.);
#2288 = LINE('',#2289,#2290);
#2289 = CARTESIAN_POINT('',(39.,75.,14.));
#2290 = VECTOR('',#2291,1.);
#2291 = DIRECTION('',(0.,-7.844872830975E-02,0.996918149612));
#2292 = PLANE('',#2293);
#2293 = AXIS2_PLACEMENT_3D('',#2294,#2295,#2296);
#2294 = CARTESIAN_POINT('',(28.500000953674,74.987689971924,
    14.15643453598));
#2295 = DIRECTION('',(0.,0.996918149612,7.844872830975E-02));
#2296 = DIRECTION('',(0.,-7.844872830975E-02,0.996918149612));
#2297 = ADVANCED_FACE('',(#2298),#2316,.T.);
#2298 = FACE_BOUND('',#2299,.T.);
#2299 = EDGE_LOOP('',(#2300,#2301,#2302,#2310));
#2300 = ORIENTED_EDGE('',*,*,#2255,.F.);
#2301 = ORIENTED_EDGE('',*,*,#171,.F.);
#2302 = ORIENTED_EDGE('',*,*,#2303,.T.);
#2303 = EDGE_CURVE('',#164,#2304,#2306,.T.);
#2304 = VERTEX_POINT('',#2305);
#2305 = CARTESIAN_POINT('',(39.,74.90210723877,1.381965994835));
#2306 = LINE('',#2307,#2308);
#2307 = CARTESIAN_POINT('',(18.000001907349,74.90210723877,
    1.381965994835));
#2308 = VECTOR('',#2309,1.);
#2309 = DIRECTION('',(1.,0.,0.));
#2310 = ORIENTED_EDGE('',*,*,#2311,.F.);
#2311 = EDGE_CURVE('',#2256,#2304,#2312,.T.);
#2312 = LINE('',#2313,#2314);
#2313 = CARTESIAN_POINT('',(39.,74.782012939453,1.092019081116));
#2314 = VECTOR('',#2315,1.);
#2315 = DIRECTION('',(0.,0.382668080046,0.923885891501));
#2316 = PLANE('',#2317);
#2317 = AXIS2_PLACEMENT_3D('',#2318,#2319,#2320);
#2318 = CARTESIAN_POINT('',(28.500000953674,74.842060089111,
    1.236992537975));
#2319 = DIRECTION('',(0.,0.923885891501,-0.382668080046));
#2320 = DIRECTION('',(0.,0.382668080046,0.923885891501));
#2321 = ADVANCED_FACE('',(#2322,#2340),#2374,.T.);
#2322 = FACE_BOUND('',#2323,.T.);
#2323 = EDGE_LOOP('',(#2324,#2325,#2333,#2339));
#2324 = ORIENTED_EDGE('',*,*,#2277,.T.);
#2325 = ORIENTED_EDGE('',*,*,#2326,.F.);
#2326 = EDGE_CURVE('',#2327,#2278,#2329,.T.);
#2327 = VERTEX_POINT('',#2328);
#2328 = CARTESIAN_POINT('',(39.,75.,2.));
#2329 = LINE('',#2330,#2331);
#2330 = CARTESIAN_POINT('',(39.,75.,2.));
#2331 = VECTOR('',#2332,1.);
#2332 = DIRECTION('',(0.,0.,1.));
#2333 = ORIENTED_EDGE('',*,*,#2334,.T.);
#2334 = EDGE_CURVE('',#2327,#148,#2335,.T.);
#2335 = LINE('',#2336,#2337);
#2336 = CARTESIAN_POINT('',(39.,75.,2.));
#2337 = VECTOR('',#2338,1.);
#2338 = DIRECTION('',(-1.,0.,0.));
#2339 = ORIENTED_EDGE('',*,*,#147,.F.);
#2340 = FACE_BOUND('',#2341,.T.);
#2341 = EDGE_LOOP('',(#2342,#2352,#2360,#2368));
#2342 = ORIENTED_EDGE('',*,*,#2343,.T.);
#2343 = EDGE_CURVE('',#2344,#2346,#2348,.T.);
#2344 = VERTEX_POINT('',#2345);
#2345 = CARTESIAN_POINT('',(36.000003814697,75.,13.));
#2346 = VERTEX_POINT('',#2347);
#2347 = CARTESIAN_POINT('',(32.,75.,13.));
#2348 = LINE('',#2349,#2350);
#2349 = CARTESIAN_POINT('',(36.000003814697,75.,13.));
#2350 = VECTOR('',#2351,1.);
#2351 = DIRECTION('',(-1.,0.,0.));
#2352 = ORIENTED_EDGE('',*,*,#2353,.T.);
#2353 = EDGE_CURVE('',#2346,#2354,#2356,.T.);
#2354 = VERTEX_POINT('',#2355);
#2355 = CARTESIAN_POINT('',(32.,75.,3.));
#2356 = LINE('',#2357,#2358);
#2357 = CARTESIAN_POINT('',(32.,75.,13.));
#2358 = VECTOR('',#2359,1.);
#2359 = DIRECTION('',(0.,0.,-1.));
#2360 = ORIENTED_EDGE('',*,*,#2361,.T.);
#2361 = EDGE_CURVE('',#2354,#2362,#2364,.T.);
#2362 = VERTEX_POINT('',#2363);
#2363 = CARTESIAN_POINT('',(36.000003814697,75.,3.));
#2364 = LINE('',#2365,#2366);
#2365 = CARTESIAN_POINT('',(32.,75.,3.));
#2366 = VECTOR('',#2367,1.);
#2367 = DIRECTION('',(1.,0.,0.));
#2368 = ORIENTED_EDGE('',*,*,#2369,.T.);
#2369 = EDGE_CURVE('',#2362,#2344,#2370,.T.);
#2370 = LINE('',#2371,#2372);
#2371 = CARTESIAN_POINT('',(36.000003814697,75.,3.));
#2372 = VECTOR('',#2373,1.);
#2373 = DIRECTION('',(0.,0.,1.));
#2374 = PLANE('',#2375);
#2375 = AXIS2_PLACEMENT_3D('',#2376,#2377,#2378);
#2376 = CARTESIAN_POINT('',(28.500000953674,75.,8.));
#2377 = DIRECTION('',(0.,1.,0.));
#2378 = DIRECTION('',(0.,0.,1.));
#2379 = ADVANCED_FACE('',(#2380),#2398,.T.);
#2380 = FACE_BOUND('',#2381,.T.);
#2381 = EDGE_LOOP('',(#2382,#2383,#2384,#2392));
#2382 = ORIENTED_EDGE('',*,*,#2303,.F.);
#2383 = ORIENTED_EDGE('',*,*,#163,.F.);
#2384 = ORIENTED_EDGE('',*,*,#2385,.T.);
#2385 = EDGE_CURVE('',#156,#2386,#2388,.T.);
#2386 = VERTEX_POINT('',#2387);
#2387 = CARTESIAN_POINT('',(39.,74.975379943848,1.687131166458));
#2388 = LINE('',#2389,#2390);
#2389 = CARTESIAN_POINT('',(18.000001907349,74.975379943848,
    1.687131166458));
#2390 = VECTOR('',#2391,1.);
#2391 = DIRECTION('',(1.,0.,0.));
#2392 = ORIENTED_EDGE('',*,*,#2393,.F.);
#2393 = EDGE_CURVE('',#2304,#2386,#2394,.T.);
#2394 = LINE('',#2395,#2396);
#2395 = CARTESIAN_POINT('',(39.,74.90210723877,1.381965994835));
#2396 = VECTOR('',#2397,1.);
#2397 = DIRECTION('',(0.,0.233472566567,0.972363389202));
#2398 = PLANE('',#2399);
#2399 = AXIS2_PLACEMENT_3D('',#2400,#2401,#2402);
#2400 = CARTESIAN_POINT('',(28.500000953674,74.938743591309,
    1.534548580647));
#2401 = DIRECTION('',(0.,0.972363389202,-0.233472566567));
#2402 = DIRECTION('',(0.,0.233472566567,0.972363389202));
#2403 = ADVANCED_FACE('',(#2404),#2415,.T.);
#2404 = FACE_BOUND('',#2405,.T.);
#2405 = EDGE_LOOP('',(#2406,#2407,#2408,#2409));
#2406 = ORIENTED_EDGE('',*,*,#2385,.F.);
#2407 = ORIENTED_EDGE('',*,*,#155,.F.);
#2408 = ORIENTED_EDGE('',*,*,#2334,.F.);
#2409 = ORIENTED_EDGE('',*,*,#2410,.F.);
#2410 = EDGE_CURVE('',#2386,#2327,#2411,.T.);
#2411 = LINE('',#2412,#2413);
#2412 = CARTESIAN_POINT('',(39.,74.975379943848,1.687131166458));
#2413 = VECTOR('',#2414,1.);
#2414 = DIRECTION('',(0.,7.844878772291E-02,0.996918144937));
#2415 = PLANE('',#2416);
#2416 = AXIS2_PLACEMENT_3D('',#2417,#2418,#2419);
#2417 = CARTESIAN_POINT('',(28.500000953674,74.987689971924,
    1.843565583229));
#2418 = DIRECTION('',(0.,0.996918144937,-7.844878772291E-02));
#2419 = DIRECTION('',(0.,7.844878772291E-02,0.996918144937));
#2420 = ADVANCED_FACE('',(#2421),#2440,.F.);
#2421 = FACE_BOUND('',#2422,.F.);
#2422 = EDGE_LOOP('',(#2423,#2431,#2432,#2433));
#2423 = ORIENTED_EDGE('',*,*,#2424,.F.);
#2424 = EDGE_CURVE('',#245,#2425,#2427,.T.);
#2425 = VERTEX_POINT('',#2426);
#2426 = CARTESIAN_POINT('',(32.,70.899997947239,8.000002556026));
#2427 = LINE('',#2428,#2429);
#2428 = CARTESIAN_POINT('',(18.000001907349,70.899997947239,
    8.000002556026));
#2429 = VECTOR('',#2430,1.);
#2430 = DIRECTION('',(1.,0.,0.));
#2431 = ORIENTED_EDGE('',*,*,#244,.F.);
#2432 = ORIENTED_EDGE('',*,*,#2424,.T.);
#2433 = ORIENTED_EDGE('',*,*,#2434,.T.);
#2434 = EDGE_CURVE('',#2425,#2425,#2435,.T.);
#2435 = CIRCLE('',#2436,0.85);
#2436 = AXIS2_PLACEMENT_3D('',#2437,#2438,#2439);
#2437 = CARTESIAN_POINT('',(32.,71.749997947239,8.000002556026));
#2438 = DIRECTION('',(-1.,0.,0.));
#2439 = DIRECTION('',(0.,-1.,0.));
#2440 = CYLINDRICAL_SURFACE('',#2441,0.85);
#2441 = AXIS2_PLACEMENT_3D('',#2442,#2443,#2444);
#2442 = CARTESIAN_POINT('',(18.000001907349,71.749997947239,
    8.000002556026));
#2443 = DIRECTION('',(-1.,0.,0.));
#2444 = DIRECTION('',(0.,-1.,0.));
#2445 = ADVANCED_FACE('',(#2446),#2471,.T.);
#2446 = FACE_BOUND('',#2447,.T.);
#2447 = EDGE_LOOP('',(#2448,#2456,#2457,#2465));
#2448 = ORIENTED_EDGE('',*,*,#2449,.F.);
#2449 = EDGE_CURVE('',#258,#2450,#2452,.T.);
#2450 = VERTEX_POINT('',#2451);
#2451 = CARTESIAN_POINT('',(21.000001907349,45.950000762939,
    1.550000071526));
#2452 = LINE('',#2453,#2454);
#2453 = CARTESIAN_POINT('',(18.000001907349,45.950000762939,
    1.550000071526));
#2454 = VECTOR('',#2455,1.);
#2455 = DIRECTION('',(1.,0.,0.));
#2456 = ORIENTED_EDGE('',*,*,#255,.F.);
#2457 = ORIENTED_EDGE('',*,*,#2458,.F.);
#2458 = EDGE_CURVE('',#2459,#256,#2461,.T.);
#2459 = VERTEX_POINT('',#2460);
#2460 = CARTESIAN_POINT('',(21.000001907349,45.950000762939,
    14.449999809265));
#2461 = LINE('',#2462,#2463);
#2462 = CARTESIAN_POINT('',(21.000001907349,45.950000762939,
    14.449999809265));
#2463 = VECTOR('',#2464,1.);
#2464 = DIRECTION('',(-1.,0.,0.));
#2465 = ORIENTED_EDGE('',*,*,#2466,.F.);
#2466 = EDGE_CURVE('',#2450,#2459,#2467,.T.);
#2467 = LINE('',#2468,#2469);
#2468 = CARTESIAN_POINT('',(21.000001907349,45.950000762939,
    1.550000071526));
#2469 = VECTOR('',#2470,1.);
#2470 = DIRECTION('',(0.,0.,1.));
#2471 = PLANE('',#2472);
#2472 = AXIS2_PLACEMENT_3D('',#2473,#2474,#2475);
#2473 = CARTESIAN_POINT('',(19.500001907349,45.950000762939,
    7.999999940395));
#2474 = DIRECTION('',(0.,1.,0.));
#2475 = DIRECTION('',(0.,0.,1.));
#2476 = ADVANCED_FACE('',(#2477),#2511,.T.);
#2477 = FACE_BOUND('',#2478,.T.);
#2478 = EDGE_LOOP('',(#2479,#2489,#2497,#2503,#2504,#2505));
#2479 = ORIENTED_EDGE('',*,*,#2480,.F.);
#2480 = EDGE_CURVE('',#2481,#2483,#2485,.T.);
#2481 = VERTEX_POINT('',#2482);
#2482 = CARTESIAN_POINT('',(36.5,70.,14.449999809265));
#2483 = VERTEX_POINT('',#2484);
#2484 = CARTESIAN_POINT('',(36.5,70.050003051758,14.449999809265));
#2485 = LINE('',#2486,#2487);
#2486 = CARTESIAN_POINT('',(36.5,70.,14.449999809265));
#2487 = VECTOR('',#2488,1.);
#2488 = DIRECTION('',(0.,1.,0.));
#2489 = ORIENTED_EDGE('',*,*,#2490,.F.);
#2490 = EDGE_CURVE('',#2491,#2481,#2493,.T.);
#2491 = VERTEX_POINT('',#2492);
#2492 = CARTESIAN_POINT('',(21.000001907349,70.,14.449999809265));
#2493 = LINE('',#2494,#2495);
#2494 = CARTESIAN_POINT('',(21.000001907349,70.,14.449999809265));
#2495 = VECTOR('',#2496,1.);
#2496 = DIRECTION('',(1.,0.,0.));
#2497 = ORIENTED_EDGE('',*,*,#2498,.F.);
#2498 = EDGE_CURVE('',#2459,#2491,#2499,.T.);
#2499 = LINE('',#2500,#2501);
#2500 = CARTESIAN_POINT('',(21.000001907349,45.950000762939,
    14.449999809265));
#2501 = VECTOR('',#2502,1.);
#2502 = DIRECTION('',(0.,1.,0.));
#2503 = ORIENTED_EDGE('',*,*,#2458,.T.);
#2504 = ORIENTED_EDGE('',*,*,#281,.F.);
#2505 = ORIENTED_EDGE('',*,*,#2506,.F.);
#2506 = EDGE_CURVE('',#2483,#274,#2507,.T.);
#2507 = LINE('',#2508,#2509);
#2508 = CARTESIAN_POINT('',(36.5,70.050003051758,14.449999809265));
#2509 = VECTOR('',#2510,1.);
#2510 = DIRECTION('',(-1.,0.,0.));
#2511 = PLANE('',#2512);
#2512 = AXIS2_PLACEMENT_3D('',#2513,#2514,#2515);
#2513 = CARTESIAN_POINT('',(22.874708242822,62.375294618201,
    14.449999809265));
#2514 = DIRECTION('',(-0.,-0.,-1.));
#2515 = DIRECTION('',(-1.,0.,0.));
#2516 = ADVANCED_FACE('',(#2517),#2551,.T.);
#2517 = FACE_BOUND('',#2518,.T.);
#2518 = EDGE_LOOP('',(#2519,#2529,#2537,#2543,#2544,#2545));
#2519 = ORIENTED_EDGE('',*,*,#2520,.F.);
#2520 = EDGE_CURVE('',#2521,#2523,#2525,.T.);
#2521 = VERTEX_POINT('',#2522);
#2522 = CARTESIAN_POINT('',(36.5,70.,1.550000071526));
#2523 = VERTEX_POINT('',#2524);
#2524 = CARTESIAN_POINT('',(21.000001907349,70.,1.550000071526));
#2525 = LINE('',#2526,#2527);
#2526 = CARTESIAN_POINT('',(36.5,70.,1.550000071526));
#2527 = VECTOR('',#2528,1.);
#2528 = DIRECTION('',(-1.,0.,0.));
#2529 = ORIENTED_EDGE('',*,*,#2530,.F.);
#2530 = EDGE_CURVE('',#2531,#2521,#2533,.T.);
#2531 = VERTEX_POINT('',#2532);
#2532 = CARTESIAN_POINT('',(36.5,70.050003051758,1.550000071526));
#2533 = LINE('',#2534,#2535);
#2534 = CARTESIAN_POINT('',(36.5,70.050003051758,1.550000071526));
#2535 = VECTOR('',#2536,1.);
#2536 = DIRECTION('',(0.,-1.,0.));
#2537 = ORIENTED_EDGE('',*,*,#2538,.T.);
#2538 = EDGE_CURVE('',#2531,#266,#2539,.T.);
#2539 = LINE('',#2540,#2541);
#2540 = CARTESIAN_POINT('',(36.5,70.050003051758,1.550000071526));
#2541 = VECTOR('',#2542,1.);
#2542 = DIRECTION('',(-1.,0.,0.));
#2543 = ORIENTED_EDGE('',*,*,#265,.F.);
#2544 = ORIENTED_EDGE('',*,*,#2449,.T.);
#2545 = ORIENTED_EDGE('',*,*,#2546,.F.);
#2546 = EDGE_CURVE('',#2523,#2450,#2547,.T.);
#2547 = LINE('',#2548,#2549);
#2548 = CARTESIAN_POINT('',(21.000001907349,70.,1.550000071526));
#2549 = VECTOR('',#2550,1.);
#2550 = DIRECTION('',(0.,-1.,0.));
#2551 = PLANE('',#2552);
#2552 = AXIS2_PLACEMENT_3D('',#2553,#2554,#2555);
#2553 = CARTESIAN_POINT('',(22.874708242822,62.375294618201,
    1.550000071526));
#2554 = DIRECTION('',(0.,0.,1.));
#2555 = DIRECTION('',(1.,0.,0.));
#2556 = ADVANCED_FACE('',(#2557,#2568),#2602,.T.);
#2557 = FACE_BOUND('',#2558,.T.);
#2558 = EDGE_LOOP('',(#2559,#2560,#2566,#2567));
#2559 = ORIENTED_EDGE('',*,*,#2538,.F.);
#2560 = ORIENTED_EDGE('',*,*,#2561,.F.);
#2561 = EDGE_CURVE('',#2483,#2531,#2562,.T.);
#2562 = LINE('',#2563,#2564);
#2563 = CARTESIAN_POINT('',(36.5,70.050003051758,14.449999809265));
#2564 = VECTOR('',#2565,1.);
#2565 = DIRECTION('',(0.,0.,-1.));
#2566 = ORIENTED_EDGE('',*,*,#2506,.T.);
#2567 = ORIENTED_EDGE('',*,*,#273,.F.);
#2568 = FACE_BOUND('',#2569,.T.);
#2569 = EDGE_LOOP('',(#2570,#2580,#2588,#2596));
#2570 = ORIENTED_EDGE('',*,*,#2571,.T.);
#2571 = EDGE_CURVE('',#2572,#2574,#2576,.T.);
#2572 = VERTEX_POINT('',#2573);
#2573 = CARTESIAN_POINT('',(36.000003814697,70.050003051758,3.));
#2574 = VERTEX_POINT('',#2575);
#2575 = CARTESIAN_POINT('',(32.,70.050003051758,3.));
#2576 = LINE('',#2577,#2578);
#2577 = CARTESIAN_POINT('',(36.000003814697,70.050003051758,3.));
#2578 = VECTOR('',#2579,1.);
#2579 = DIRECTION('',(-1.,0.,0.));
#2580 = ORIENTED_EDGE('',*,*,#2581,.T.);
#2581 = EDGE_CURVE('',#2574,#2582,#2584,.T.);
#2582 = VERTEX_POINT('',#2583);
#2583 = CARTESIAN_POINT('',(32.,70.050003051758,13.));
#2584 = LINE('',#2585,#2586);
#2585 = CARTESIAN_POINT('',(32.,70.050003051758,3.));
#2586 = VECTOR('',#2587,1.);
#2587 = DIRECTION('',(0.,0.,1.));
#2588 = ORIENTED_EDGE('',*,*,#2589,.T.);
#2589 = EDGE_CURVE('',#2582,#2590,#2592,.T.);
#2590 = VERTEX_POINT('',#2591);
#2591 = CARTESIAN_POINT('',(36.000003814697,70.050003051758,13.));
#2592 = LINE('',#2593,#2594);
#2593 = CARTESIAN_POINT('',(32.,70.050003051758,13.));
#2594 = VECTOR('',#2595,1.);
#2595 = DIRECTION('',(1.,0.,0.));
#2596 = ORIENTED_EDGE('',*,*,#2597,.T.);
#2597 = EDGE_CURVE('',#2590,#2572,#2598,.T.);
#2598 = LINE('',#2599,#2600);
#2599 = CARTESIAN_POINT('',(36.000003814697,70.050003051758,13.));
#2600 = VECTOR('',#2601,1.);
#2601 = DIRECTION('',(0.,0.,-1.));
#2602 = PLANE('',#2603);
#2603 = AXIS2_PLACEMENT_3D('',#2604,#2605,#2606);
#2604 = CARTESIAN_POINT('',(27.250000953674,70.050003051758,
    7.999999940395));
#2605 = DIRECTION('',(-0.,-1.,-0.));
#2606 = DIRECTION('',(0.,0.,-1.));
#2607 = ADVANCED_FACE('',(#2608),#2627,.F.);
#2608 = FACE_BOUND('',#2609,.F.);
#2609 = EDGE_LOOP('',(#2610,#2618,#2619,#2620));
#2610 = ORIENTED_EDGE('',*,*,#2611,.F.);
#2611 = EDGE_CURVE('',#290,#2612,#2614,.T.);
#2612 = VERTEX_POINT('',#2613);
#2613 = CARTESIAN_POINT('',(21.000001907349,43.399999197213,
    8.000000405415));
#2614 = LINE('',#2615,#2616);
#2615 = CARTESIAN_POINT('',(18.000001907349,43.399999197213,
    8.000000405415));
#2616 = VECTOR('',#2617,1.);
#2617 = DIRECTION('',(1.,0.,0.));
#2618 = ORIENTED_EDGE('',*,*,#289,.F.);
#2619 = ORIENTED_EDGE('',*,*,#2611,.T.);
#2620 = ORIENTED_EDGE('',*,*,#2621,.T.);
#2621 = EDGE_CURVE('',#2612,#2612,#2622,.T.);
#2622 = CIRCLE('',#2623,0.85);
#2623 = AXIS2_PLACEMENT_3D('',#2624,#2625,#2626);
#2624 = CARTESIAN_POINT('',(21.000001907349,44.249999197213,
    8.000000405415));
#2625 = DIRECTION('',(-1.,0.,0.));
#2626 = DIRECTION('',(0.,-1.,0.));
#2627 = CYLINDRICAL_SURFACE('',#2628,0.85);
#2628 = AXIS2_PLACEMENT_3D('',#2629,#2630,#2631);
#2629 = CARTESIAN_POINT('',(18.000001907349,44.249999197213,
    8.000000405415));
#2630 = DIRECTION('',(-1.,0.,0.));
#2631 = DIRECTION('',(0.,-1.,0.));
#2632 = ADVANCED_FACE('',(#2633),#2649,.T.);
#2633 = FACE_BOUND('',#2634,.T.);
#2634 = EDGE_LOOP('',(#2635,#2641,#2642,#2648));
#2635 = ORIENTED_EDGE('',*,*,#2636,.F.);
#2636 = EDGE_CURVE('',#1654,#307,#2637,.T.);
#2637 = LINE('',#2638,#2639);
#2638 = CARTESIAN_POINT('',(18.000001907349,38.426376732202,
    9.074999968211));
#2639 = VECTOR('',#2640,1.);
#2640 = DIRECTION('',(-0.,-0.,-1.));
#2641 = ORIENTED_EDGE('',*,*,#1653,.T.);
#2642 = ORIENTED_EDGE('',*,*,#2643,.T.);
#2643 = EDGE_CURVE('',#1646,#309,#2644,.T.);
#2644 = LINE('',#2645,#2646);
#2645 = CARTESIAN_POINT('',(15.500001907349,38.426376732202,
    9.074999968211));
#2646 = VECTOR('',#2647,1.);
#2647 = DIRECTION('',(-0.,-0.,-1.));
#2648 = ORIENTED_EDGE('',*,*,#306,.F.);
#2649 = PLANE('',#2650);
#2650 = AXIS2_PLACEMENT_3D('',#2651,#2652,#2653);
#2651 = CARTESIAN_POINT('',(15.500001907349,38.426376732202,
    9.074999968211));
#2652 = DIRECTION('',(0.,-1.,0.));
#2653 = DIRECTION('',(0.,0.,1.));
#2654 = ADVANCED_FACE('',(#2655),#2666,.T.);
#2655 = FACE_BOUND('',#2656,.T.);
#2656 = EDGE_LOOP('',(#2657,#2658,#2659,#2665));
#2657 = ORIENTED_EDGE('',*,*,#2643,.F.);
#2658 = ORIENTED_EDGE('',*,*,#1645,.F.);
#2659 = ORIENTED_EDGE('',*,*,#2660,.T.);
#2660 = EDGE_CURVE('',#1638,#316,#2661,.T.);
#2661 = LINE('',#2662,#2663);
#2662 = CARTESIAN_POINT('',(14.911502838135,38.380809783936,16.));
#2663 = VECTOR('',#2664,1.);
#2664 = DIRECTION('',(0.,0.,-1.));
#2665 = ORIENTED_EDGE('',*,*,#315,.F.);
#2666 = PLANE('',#2667);
#2667 = AXIS2_PLACEMENT_3D('',#2668,#2669,#2670);
#2668 = CARTESIAN_POINT('',(15.681176185608,38.440404891968,8.));
#2669 = DIRECTION('',(7.719802600732E-02,-0.997015779605,0.));
#2670 = DIRECTION('',(-0.997015779605,-7.719802600732E-02,0.));
#2671 = ADVANCED_FACE('',(#2672),#2683,.T.);
#2672 = FACE_BOUND('',#2673,.T.);
#2673 = EDGE_LOOP('',(#2674,#2675,#2676,#2682));
#2674 = ORIENTED_EDGE('',*,*,#2660,.F.);
#2675 = ORIENTED_EDGE('',*,*,#1637,.F.);
#2676 = ORIENTED_EDGE('',*,*,#2677,.T.);
#2677 = EDGE_CURVE('',#1630,#324,#2678,.T.);
#2678 = LINE('',#2679,#2680);
#2679 = CARTESIAN_POINT('',(13.408850669861,38.026084899902,16.));
#2680 = VECTOR('',#2681,1.);
#2681 = DIRECTION('',(0.,0.,-1.));
#2682 = ORIENTED_EDGE('',*,*,#323,.F.);
#2683 = PLANE('',#2684);
#2684 = AXIS2_PLACEMENT_3D('',#2685,#2686,#2687);
#2685 = CARTESIAN_POINT('',(14.160176753998,38.203447341919,8.));
#2686 = DIRECTION('',(0.229750973169,-0.973249449179,0.));
#2687 = DIRECTION('',(-0.973249449179,-0.229750973169,0.));
#2688 = ADVANCED_FACE('',(#2689),#2700,.T.);
#2689 = FACE_BOUND('',#2690,.T.);
#2690 = EDGE_LOOP('',(#2691,#2692,#2693,#2699));
#2691 = ORIENTED_EDGE('',*,*,#2677,.F.);
#2692 = ORIENTED_EDGE('',*,*,#1629,.F.);
#2693 = ORIENTED_EDGE('',*,*,#2694,.T.);
#2694 = EDGE_CURVE('',#1622,#332,#2695,.T.);
#2695 = LINE('',#2696,#2697);
#2696 = CARTESIAN_POINT('',(11.978713035583,37.444271087646,16.));
#2697 = VECTOR('',#2698,1.);
#2698 = DIRECTION('',(0.,0.,-1.));
#2699 = ORIENTED_EDGE('',*,*,#331,.F.);
#2700 = PLANE('',#2701);
#2701 = AXIS2_PLACEMENT_3D('',#2702,#2703,#2704);
#2702 = CARTESIAN_POINT('',(12.693781852722,37.735177993774,8.));
#2703 = DIRECTION('',(0.376833090021,-0.926281178836,0.));
#2704 = DIRECTION('',(-0.926281178836,-0.376833090021,0.));
#2705 = ADVANCED_FACE('',(#2706),#2717,.T.);
#2706 = FACE_BOUND('',#2707,.T.);
#2707 = EDGE_LOOP('',(#2708,#2714,#2715,#2716));
#2708 = ORIENTED_EDGE('',*,*,#2709,.F.);
#2709 = EDGE_CURVE('',#340,#1614,#2710,.T.);
#2710 = LINE('',#2711,#2712);
#2711 = CARTESIAN_POINT('',(10.252974510193,36.374652862549,8.7E-16));
#2712 = VECTOR('',#2713,1.);
#2713 = DIRECTION('',(0.,0.,1.));
#2714 = ORIENTED_EDGE('',*,*,#339,.F.);
#2715 = ORIENTED_EDGE('',*,*,#2694,.F.);
#2716 = ORIENTED_EDGE('',*,*,#1621,.F.);
#2717 = PLANE('',#2718);
#2718 = AXIS2_PLACEMENT_3D('',#2719,#2720,#2721);
#2719 = CARTESIAN_POINT('',(11.115843772888,36.909461975098,8.));
#2720 = DIRECTION('',(0.52681882203,-0.849977604855,0.));
#2721 = DIRECTION('',(-0.849977604855,-0.52681882203,0.));
#2722 = ADVANCED_FACE('',(#2723),#2734,.T.);
#2723 = FACE_BOUND('',#2724,.T.);
#2724 = EDGE_LOOP('',(#2725,#2731,#2732,#2733));
#2725 = ORIENTED_EDGE('',*,*,#2726,.F.);
#2726 = EDGE_CURVE('',#348,#1606,#2727,.T.);
#2727 = LINE('',#2728,#2729);
#2728 = CARTESIAN_POINT('',(8.687492370605,35.081783294678,8.7E-16));
#2729 = VECTOR('',#2730,1.);
#2730 = DIRECTION('',(0.,0.,1.));
#2731 = ORIENTED_EDGE('',*,*,#347,.F.);
#2732 = ORIENTED_EDGE('',*,*,#2709,.T.);
#2733 = ORIENTED_EDGE('',*,*,#1613,.F.);
#2734 = PLANE('',#2735);
#2735 = AXIS2_PLACEMENT_3D('',#2736,#2737,#2738);
#2736 = CARTESIAN_POINT('',(9.470233440399,35.728218078613,8.));
#2737 = DIRECTION('',(0.636777570651,-0.771047550749,0.));
#2738 = DIRECTION('',(-0.771047550749,-0.636777570651,0.));
#2739 = ADVANCED_FACE('',(#2740),#2751,.T.);
#2740 = FACE_BOUND('',#2741,.T.);
#2741 = EDGE_LOOP('',(#2742,#2748,#2749,#2750));
#2742 = ORIENTED_EDGE('',*,*,#2743,.F.);
#2743 = EDGE_CURVE('',#356,#1598,#2744,.T.);
#2744 = LINE('',#2745,#2746);
#2745 = CARTESIAN_POINT('',(7.31094455719,33.589344024658,8.7E-16));
#2746 = VECTOR('',#2747,1.);
#2747 = DIRECTION('',(0.,0.,1.));
#2748 = ORIENTED_EDGE('',*,*,#355,.F.);
#2749 = ORIENTED_EDGE('',*,*,#2726,.T.);
#2750 = ORIENTED_EDGE('',*,*,#1605,.F.);
#2751 = PLANE('',#2752);
#2752 = AXIS2_PLACEMENT_3D('',#2753,#2754,#2755);
#2753 = CARTESIAN_POINT('',(7.999218463898,34.335563659668,8.));
#2754 = DIRECTION('',(0.735070574702,-0.677990597433,0.));
#2755 = DIRECTION('',(0.677990597433,0.735070574702,0.));
#2756 = ADVANCED_FACE('',(#2757),#2768,.T.);
#2757 = FACE_BOUND('',#2758,.T.);
#2758 = EDGE_LOOP('',(#2759,#2765,#2766,#2767));
#2759 = ORIENTED_EDGE('',*,*,#2760,.F.);
#2760 = EDGE_CURVE('',#364,#1590,#2761,.T.);
#2761 = LINE('',#2762,#2763);
#2762 = CARTESIAN_POINT('',(6.148554801941,31.924680709839,8.7E-16));
#2763 = VECTOR('',#2764,1.);
#2764 = DIRECTION('',(0.,0.,1.));
#2765 = ORIENTED_EDGE('',*,*,#363,.F.);
#2766 = ORIENTED_EDGE('',*,*,#2743,.T.);
#2767 = ORIENTED_EDGE('',*,*,#1597,.F.);
#2768 = PLANE('',#2769);
#2769 = AXIS2_PLACEMENT_3D('',#2770,#2771,#2772);
#2770 = CARTESIAN_POINT('',(6.729749679565,32.757012367249,8.));
#2771 = DIRECTION('',(0.819896514801,-0.572511750986,0.));
#2772 = DIRECTION('',(0.572511750986,0.819896514801,0.));
#2773 = ADVANCED_FACE('',(#2774),#2785,.T.);
#2774 = FACE_BOUND('',#2775,.T.);
#2775 = EDGE_LOOP('',(#2776,#2782,#2783,#2784));
#2776 = ORIENTED_EDGE('',*,*,#2777,.F.);
#2777 = EDGE_CURVE('',#372,#1582,#2778,.T.);
#2778 = LINE('',#2779,#2780);
#2779 = CARTESIAN_POINT('',(5.221617698669,30.11828994751,8.7E-16));
#2780 = VECTOR('',#2781,1.);
#2781 = DIRECTION('',(0.,0.,1.));
#2782 = ORIENTED_EDGE('',*,*,#371,.F.);
#2783 = ORIENTED_EDGE('',*,*,#2760,.T.);
#2784 = ORIENTED_EDGE('',*,*,#1589,.F.);
#2785 = PLANE('',#2786);
#2786 = AXIS2_PLACEMENT_3D('',#2787,#2788,#2789);
#2787 = CARTESIAN_POINT('',(5.685086250305,31.021485328674,8.));
#2788 = DIRECTION('',(0.889700868717,-0.456543934582,0.));
#2789 = DIRECTION('',(0.456543934582,0.889700868717,0.));
#2790 = ADVANCED_FACE('',(#2791),#2802,.T.);
#2791 = FACE_BOUND('',#2792,.T.);
#2792 = EDGE_LOOP('',(#2793,#2799,#2800,#2801));
#2793 = ORIENTED_EDGE('',*,*,#2794,.F.);
#2794 = EDGE_CURVE('',#380,#1574,#2795,.T.);
#2795 = LINE('',#2796,#2797);
#2796 = CARTESIAN_POINT('',(4.547116756439,28.203271865845,8.7E-16));
#2797 = VECTOR('',#2798,1.);
#2798 = DIRECTION('',(0.,0.,1.));
#2799 = ORIENTED_EDGE('',*,*,#379,.F.);
#2800 = ORIENTED_EDGE('',*,*,#2777,.T.);
#2801 = ORIENTED_EDGE('',*,*,#1581,.F.);
#2802 = PLANE('',#2803);
#2803 = AXIS2_PLACEMENT_3D('',#2804,#2805,#2806);
#2804 = CARTESIAN_POINT('',(4.884367227554,29.160780906677,8.));
#2805 = DIRECTION('',(0.94320466096,-0.332212232681,0.));
#2806 = DIRECTION('',(0.332212232681,0.94320466096,0.));
#2807 = ADVANCED_FACE('',(#2808),#2819,.T.);
#2808 = FACE_BOUND('',#2809,.T.);
#2809 = EDGE_LOOP('',(#2810,#2816,#2817,#2818));
#2810 = ORIENTED_EDGE('',*,*,#2811,.F.);
#2811 = EDGE_CURVE('',#388,#1566,#2812,.T.);
#2812 = LINE('',#2813,#2814);
#2813 = CARTESIAN_POINT('',(4.137408256531,26.214706420898,8.7E-16));
#2814 = VECTOR('',#2815,1.);
#2815 = DIRECTION('',(0.,0.,1.));
#2816 = ORIENTED_EDGE('',*,*,#387,.F.);
#2817 = ORIENTED_EDGE('',*,*,#2794,.T.);
#2818 = ORIENTED_EDGE('',*,*,#1573,.F.);
#2819 = PLANE('',#2820);
#2820 = AXIS2_PLACEMENT_3D('',#2821,#2822,#2823);
#2821 = CARTESIAN_POINT('',(4.342262506485,27.208989143372,8.));
#2822 = DIRECTION('',(0.979428046963,-0.20179370858,0.));
#2823 = DIRECTION('',(0.20179370858,0.979428046963,0.));
#2824 = ADVANCED_FACE('',(#2825),#2836,.T.);
#2825 = FACE_BOUND('',#2826,.T.);
#2826 = EDGE_LOOP('',(#2827,#2833,#2834,#2835));
#2827 = ORIENTED_EDGE('',*,*,#2828,.F.);
#2828 = EDGE_CURVE('',#396,#1558,#2829,.T.);
#2829 = LINE('',#2830,#2831);
#2830 = CARTESIAN_POINT('',(4.,24.189027786255,8.7E-16));
#2831 = VECTOR('',#2832,1.);
#2832 = DIRECTION('',(0.,0.,1.));
#2833 = ORIENTED_EDGE('',*,*,#395,.F.);
#2834 = ORIENTED_EDGE('',*,*,#2811,.T.);
#2835 = ORIENTED_EDGE('',*,*,#1565,.F.);
#2836 = PLANE('',#2837);
#2837 = AXIS2_PLACEMENT_3D('',#2838,#2839,#2840);
#2838 = CARTESIAN_POINT('',(4.068704128265,25.201867103577,8.));
#2839 = DIRECTION('',(0.997707238048,-6.767767096108E-02,0.));
#2840 = DIRECTION('',(6.767767096108E-02,0.997707238048,0.));
#2841 = ADVANCED_FACE('',(#2842,#3013),#3024,.T.);
#2842 = FACE_BOUND('',#2843,.T.);
#2843 = EDGE_LOOP('',(#2844,#2845,#2853,#2861,#2869,#2877,#2885,#2893,
    #2901,#2909,#2917,#2925,#2933,#2941,#2949,#2957,#2965,#2973,#2981,
    #2989,#2997,#3005,#3011,#3012));
#2844 = ORIENTED_EDGE('',*,*,#1557,.T.);
#2845 = ORIENTED_EDGE('',*,*,#2846,.T.);
#2846 = EDGE_CURVE('',#1550,#2847,#2849,.T.);
#2847 = VERTEX_POINT('',#2848);
#2848 = CARTESIAN_POINT('',(4.,5.904958724976,15.913818359375));
#2849 = LINE('',#2850,#2851);
#2850 = CARTESIAN_POINT('',(4.,7.,16.));
#2851 = VECTOR('',#2852,1.);
#2852 = DIRECTION('',(0.,-0.996917332078,-7.845911675257E-02));
#2853 = ORIENTED_EDGE('',*,*,#2854,.T.);
#2854 = EDGE_CURVE('',#2847,#2855,#2857,.T.);
#2855 = VERTEX_POINT('',#2856);
#2856 = CARTESIAN_POINT('',(4.,4.836881160736,15.657395362854));
#2857 = LINE('',#2858,#2859);
#2858 = CARTESIAN_POINT('',(4.,5.904958724976,15.913818359375));
#2859 = VECTOR('',#2860,1.);
#2860 = DIRECTION('',(0.,-0.972369866606,-0.233445587914));
#2861 = ORIENTED_EDGE('',*,*,#2862,.T.);
#2862 = EDGE_CURVE('',#2855,#2863,#2865,.T.);
#2863 = VERTEX_POINT('',#2864);
#2864 = CARTESIAN_POINT('',(4.,3.822066545486,15.237045288086));
#2865 = LINE('',#2866,#2867);
#2866 = CARTESIAN_POINT('',(4.,4.836881160736,15.657395362854));
#2867 = VECTOR('',#2868,1.);
#2868 = DIRECTION('',(0.,-0.92387950102,-0.382683508391));
#2869 = ORIENTED_EDGE('',*,*,#2870,.T.);
#2870 = EDGE_CURVE('',#2863,#2871,#2873,.T.);
#2871 = VERTEX_POINT('',#2872);
#2872 = CARTESIAN_POINT('',(4.,2.885503292084,14.663119316101));
#2873 = LINE('',#2874,#2875);
#2874 = CARTESIAN_POINT('',(4.,3.822066545486,15.237045288086));
#2875 = VECTOR('',#2876,1.);
#2876 = DIRECTION('',(0.,-0.852640459555,-0.522498082992));
#2877 = ORIENTED_EDGE('',*,*,#2878,.T.);
#2878 = EDGE_CURVE('',#2871,#2879,#2881,.T.);
#2879 = VERTEX_POINT('',#2880);
#2880 = CARTESIAN_POINT('',(4.,2.05025267601,13.949747085571));
#2881 = LINE('',#2882,#2883);
#2882 = CARTESIAN_POINT('',(4.,2.885503292084,14.663119316101));
#2883 = VECTOR('',#2884,1.);
#2884 = DIRECTION('',(0.,-0.760405600612,-0.649448475676));
#2885 = ORIENTED_EDGE('',*,*,#2886,.T.);
#2886 = EDGE_CURVE('',#2879,#2887,#2889,.T.);
#2887 = VERTEX_POINT('',#2888);
#2888 = CARTESIAN_POINT('',(4.,1.336881041527,13.114497184753));
#2889 = LINE('',#2890,#2891);
#2890 = CARTESIAN_POINT('',(4.,2.05025267601,13.949747085571));
#2891 = VECTOR('',#2892,1.);
#2892 = DIRECTION('',(0.,-0.649448483488,-0.76040559394));
#2893 = ORIENTED_EDGE('',*,*,#2894,.T.);
#2894 = EDGE_CURVE('',#2887,#2895,#2897,.T.);
#2895 = VERTEX_POINT('',#2896);
#2896 = CARTESIAN_POINT('',(4.,0.762954354286,12.177933692932));
#2897 = LINE('',#2898,#2899);
#2898 = CARTESIAN_POINT('',(4.,1.336881041527,13.114497184753));
#2899 = VECTOR('',#2900,1.);
#2900 = DIRECTION('',(0.,-0.522498459686,-0.852640228716));
#2901 = ORIENTED_EDGE('',*,*,#2902,.T.);
#2902 = EDGE_CURVE('',#2895,#2903,#2905,.T.);
#2903 = VERTEX_POINT('',#2904);
#2904 = CARTESIAN_POINT('',(4.,0.342604398727,11.163119316101));
#2905 = LINE('',#2906,#2907);
#2906 = CARTESIAN_POINT('',(4.,0.762954354286,12.177933692932));
#2907 = VECTOR('',#2908,1.);
#2908 = DIRECTION('',(0.,-0.382683492498,-0.923879507603));
#2909 = ORIENTED_EDGE('',*,*,#2910,.T.);
#2910 = EDGE_CURVE('',#2903,#2911,#2913,.T.);
#2911 = VERTEX_POINT('',#2912);
#2912 = CARTESIAN_POINT('',(4.,8.618161827326E-02,10.095041275024));
#2913 = LINE('',#2914,#2915);
#2914 = CARTESIAN_POINT('',(4.,0.342604398727,11.163119316101));
#2915 = VECTOR('',#2916,1.);
#2916 = DIRECTION('',(0.,-0.233445303388,-0.972369934915));
#2917 = ORIENTED_EDGE('',*,*,#2918,.T.);
#2918 = EDGE_CURVE('',#2911,#2919,#2921,.T.);
#2919 = VERTEX_POINT('',#2920);
#2920 = CARTESIAN_POINT('',(4.,0.,9.));
#2921 = LINE('',#2922,#2923);
#2922 = CARTESIAN_POINT('',(4.,8.618161827326E-02,10.095041275024));
#2923 = VECTOR('',#2924,1.);
#2924 = DIRECTION('',(0.,-7.845909652897E-02,-0.99691733367));
#2925 = ORIENTED_EDGE('',*,*,#2926,.F.);
#2926 = EDGE_CURVE('',#2927,#2919,#2929,.T.);
#2927 = VERTEX_POINT('',#2928);
#2928 = CARTESIAN_POINT('',(4.,0.,7.));
#2929 = LINE('',#2930,#2931);
#2930 = CARTESIAN_POINT('',(4.,3.1E-16,7.));
#2931 = VECTOR('',#2932,1.);
#2932 = DIRECTION('',(0.,0.,1.));
#2933 = ORIENTED_EDGE('',*,*,#2934,.T.);
#2934 = EDGE_CURVE('',#2927,#2935,#2937,.T.);
#2935 = VERTEX_POINT('',#2936);
#2936 = CARTESIAN_POINT('',(4.,8.618161827326E-02,5.904958724976));
#2937 = LINE('',#2938,#2939);
#2938 = CARTESIAN_POINT('',(4.,3.1E-16,7.));
#2939 = VECTOR('',#2940,1.);
#2940 = DIRECTION('',(0.,7.845909652897E-02,-0.99691733367));
#2941 = ORIENTED_EDGE('',*,*,#2942,.T.);
#2942 = EDGE_CURVE('',#2935,#2943,#2945,.T.);
#2943 = VERTEX_POINT('',#2944);
#2944 = CARTESIAN_POINT('',(4.,0.342604398727,4.836881160736));
#2945 = LINE('',#2946,#2947);
#2946 = CARTESIAN_POINT('',(4.,8.618161827326E-02,5.904958724976));
#2947 = VECTOR('',#2948,1.);
#2948 = DIRECTION('',(0.,0.233445401928,-0.972369911257));
#2949 = ORIENTED_EDGE('',*,*,#2950,.T.);
#2950 = EDGE_CURVE('',#2943,#2951,#2953,.T.);
#2951 = VERTEX_POINT('',#2952);
#2952 = CARTESIAN_POINT('',(4.,0.762954354286,3.822066545486));
#2953 = LINE('',#2954,#2955);
#2954 = CARTESIAN_POINT('',(4.,0.342604398727,4.836881160736));
#2955 = VECTOR('',#2956,1.);
#2956 = DIRECTION('',(0.,0.382683415758,-0.92387953939));
#2957 = ORIENTED_EDGE('',*,*,#2958,.T.);
#2958 = EDGE_CURVE('',#2951,#2959,#2961,.T.);
#2959 = VERTEX_POINT('',#2960);
#2960 = CARTESIAN_POINT('',(4.,1.336881041527,2.885503292084));
#2961 = LINE('',#2962,#2963);
#2962 = CARTESIAN_POINT('',(4.,0.762954354286,3.822066545486));
#2963 = VECTOR('',#2964,1.);
#2964 = DIRECTION('',(0.,0.522498556385,-0.852640169459));
#2965 = ORIENTED_EDGE('',*,*,#2966,.T.);
#2966 = EDGE_CURVE('',#2959,#2967,#2969,.T.);
#2967 = VERTEX_POINT('',#2968);
#2968 = CARTESIAN_POINT('',(4.,2.05025267601,2.05025267601));
#2969 = LINE('',#2970,#2971);
#2970 = CARTESIAN_POINT('',(4.,1.336881041527,2.885503292084));
#2971 = VECTOR('',#2972,1.);
#2972 = DIRECTION('',(0.,0.649448161914,-0.76040586859));
#2973 = ORIENTED_EDGE('',*,*,#2974,.T.);
#2974 = EDGE_CURVE('',#2967,#2975,#2977,.T.);
#2975 = VERTEX_POINT('',#2976);
#2976 = CARTESIAN_POINT('',(4.,2.885503292084,1.336881041527));
#2977 = LINE('',#2978,#2979);
#2978 = CARTESIAN_POINT('',(4.,2.05025267601,2.05025267601));
#2979 = VECTOR('',#2980,1.);
#2980 = DIRECTION('',(0.,0.76040586859,-0.649448161914));
#2981 = ORIENTED_EDGE('',*,*,#2982,.T.);
#2982 = EDGE_CURVE('',#2975,#2983,#2985,.T.);
#2983 = VERTEX_POINT('',#2984);
#2984 = CARTESIAN_POINT('',(4.,3.822066545486,0.762954354286));
#2985 = LINE('',#2986,#2987);
#2986 = CARTESIAN_POINT('',(4.,2.885503292084,1.336881041527));
#2987 = VECTOR('',#2988,1.);
#2988 = DIRECTION('',(0.,0.852640169459,-0.522498556385));
#2989 = ORIENTED_EDGE('',*,*,#2990,.T.);
#2990 = EDGE_CURVE('',#2983,#2991,#2993,.T.);
#2991 = VERTEX_POINT('',#2992);
#2992 = CARTESIAN_POINT('',(4.,4.836881160736,0.342604398727));
#2993 = LINE('',#2994,#2995);
#2994 = CARTESIAN_POINT('',(4.,3.822066545486,0.762954354286));
#2995 = VECTOR('',#2996,1.);
#2996 = DIRECTION('',(0.,0.92387953939,-0.382683415758));
#2997 = ORIENTED_EDGE('',*,*,#2998,.T.);
#2998 = EDGE_CURVE('',#2991,#2999,#3001,.T.);
#2999 = VERTEX_POINT('',#3000);
#3000 = CARTESIAN_POINT('',(4.,5.904958724976,8.618161827326E-02));
#3001 = LINE('',#3002,#3003);
#3002 = CARTESIAN_POINT('',(4.,4.836881160736,0.342604398727));
#3003 = VECTOR('',#3004,1.);
#3004 = DIRECTION('',(0.,0.972369911257,-0.233445401928));
#3005 = ORIENTED_EDGE('',*,*,#3006,.T.);
#3006 = EDGE_CURVE('',#2999,#404,#3007,.T.);
#3007 = LINE('',#3008,#3009);
#3008 = CARTESIAN_POINT('',(4.,5.904958724976,8.618161827326E-02));
#3009 = VECTOR('',#3010,1.);
#3010 = DIRECTION('',(0.,0.99691733367,-7.845909652897E-02));
#3011 = ORIENTED_EDGE('',*,*,#403,.T.);
#3012 = ORIENTED_EDGE('',*,*,#2828,.T.);
#3013 = FACE_BOUND('',#3014,.T.);
#3014 = EDGE_LOOP('',(#3015));
#3015 = ORIENTED_EDGE('',*,*,#3016,.T.);
#3016 = EDGE_CURVE('',#3017,#3017,#3019,.T.);
#3017 = VERTEX_POINT('',#3018);
#3018 = CARTESIAN_POINT('',(4.,4.749999730163,7.999999879655));
#3019 = CIRCLE('',#3020,3.75);
#3020 = AXIS2_PLACEMENT_3D('',#3021,#3022,#3023);
#3021 = CARTESIAN_POINT('',(4.,8.499999730163,7.999999879655));
#3022 = DIRECTION('',(-1.,0.,0.));
#3023 = DIRECTION('',(0.,-1.,0.));
#3024 = PLANE('',#3025);
#3025 = AXIS2_PLACEMENT_3D('',#3026,#3027,#3028);
#3026 = CARTESIAN_POINT('',(4.,13.170950775972,7.999999995931));
#3027 = DIRECTION('',(1.,0.,0.));
#3028 = DIRECTION('',(0.,0.,1.));
#3029 = ADVANCED_FACE('',(#3030),#3048,.T.);
#3030 = FACE_BOUND('',#3031,.T.);
#3031 = EDGE_LOOP('',(#3032,#3033,#3034,#3042));
#3032 = ORIENTED_EDGE('',*,*,#411,.F.);
#3033 = ORIENTED_EDGE('',*,*,#3006,.F.);
#3034 = ORIENTED_EDGE('',*,*,#3035,.T.);
#3035 = EDGE_CURVE('',#2999,#3036,#3038,.T.);
#3036 = VERTEX_POINT('',#3037);
#3037 = CARTESIAN_POINT('',(1.5,5.904958724976,8.618161827326E-02));
#3038 = LINE('',#3039,#3040);
#3039 = CARTESIAN_POINT('',(4.,5.904958724976,8.618161827326E-02));
#3040 = VECTOR('',#3041,1.);
#3041 = DIRECTION('',(-1.,0.,0.));
#3042 = ORIENTED_EDGE('',*,*,#3043,.F.);
#3043 = EDGE_CURVE('',#412,#3036,#3044,.T.);
#3044 = LINE('',#3045,#3046);
#3045 = CARTESIAN_POINT('',(1.5,7.,8.7E-16));
#3046 = VECTOR('',#3047,1.);
#3047 = DIRECTION('',(0.,-0.99691733367,7.845909652897E-02));
#3048 = PLANE('',#3049);
#3049 = AXIS2_PLACEMENT_3D('',#3050,#3051,#3052);
#3050 = CARTESIAN_POINT('',(2.75,6.452479362488,4.309080913663E-02));
#3051 = DIRECTION('',(-0.,-7.845909652897E-02,-0.99691733367));
#3052 = DIRECTION('',(0.,-0.99691733367,7.845909652897E-02));
#3053 = ADVANCED_FACE('',(#3054,#3269),#3280,.T.);
#3054 = FACE_BOUND('',#3055,.T.);
#3055 = EDGE_LOOP('',(#3056,#3057,#3063,#3064,#3072,#3080,#3086,#3087,
    #3088,#3096,#3104,#3112,#3120,#3128,#3136,#3144,#3152,#3160,#3168,
    #3176,#3184,#3192,#3200,#3208,#3216,#3224,#3232,#3240,#3246,#3247,
    #3255,#3263));
#3056 = ORIENTED_EDGE('',*,*,#1205,.T.);
#3057 = ORIENTED_EDGE('',*,*,#3058,.T.);
#3058 = EDGE_CURVE('',#1198,#756,#3059,.T.);
#3059 = LINE('',#3060,#3061);
#3060 = CARTESIAN_POINT('',(1.5,25.729490280151,16.));
#3061 = VECTOR('',#3062,1.);
#3062 = DIRECTION('',(0.,0.,-1.));
#3063 = ORIENTED_EDGE('',*,*,#755,.T.);
#3064 = ORIENTED_EDGE('',*,*,#3065,.T.);
#3065 = EDGE_CURVE('',#748,#3066,#3068,.T.);
#3066 = VERTEX_POINT('',#3067);
#3067 = CARTESIAN_POINT('',(1.5,24.5,4.749999879655));
#3068 = LINE('',#3069,#3070);
#3069 = CARTESIAN_POINT('',(1.5,24.5,8.7E-16));
#3070 = VECTOR('',#3071,1.);
#3071 = DIRECTION('',(0.,0.,1.));
#3072 = ORIENTED_EDGE('',*,*,#3073,.T.);
#3073 = EDGE_CURVE('',#3066,#3074,#3076,.T.);
#3074 = VERTEX_POINT('',#3075);
#3075 = CARTESIAN_POINT('',(1.5,14.,4.749999879655));
#3076 = LINE('',#3077,#3078);
#3077 = CARTESIAN_POINT('',(1.5,24.5,4.749999879655));
#3078 = VECTOR('',#3079,1.);
#3079 = DIRECTION('',(0.,-1.,0.));
#3080 = ORIENTED_EDGE('',*,*,#3081,.T.);
#3081 = EDGE_CURVE('',#3074,#420,#3082,.T.);
#3082 = LINE('',#3083,#3084);
#3083 = CARTESIAN_POINT('',(1.5,14.,5.5));
#3084 = VECTOR('',#3085,1.);
#3085 = DIRECTION('',(0.,0.,-1.));
#3086 = ORIENTED_EDGE('',*,*,#419,.T.);
#3087 = ORIENTED_EDGE('',*,*,#3043,.T.);
#3088 = ORIENTED_EDGE('',*,*,#3089,.T.);
#3089 = EDGE_CURVE('',#3036,#3090,#3092,.T.);
#3090 = VERTEX_POINT('',#3091);
#3091 = CARTESIAN_POINT('',(1.5,4.836881160736,0.342604398727));
#3092 = LINE('',#3093,#3094);
#3093 = CARTESIAN_POINT('',(1.5,5.904958724976,8.618161827326E-02));
#3094 = VECTOR('',#3095,1.);
#3095 = DIRECTION('',(0.,-0.972369911257,0.233445401928));
#3096 = ORIENTED_EDGE('',*,*,#3097,.T.);
#3097 = EDGE_CURVE('',#3090,#3098,#3100,.T.);
#3098 = VERTEX_POINT('',#3099);
#3099 = CARTESIAN_POINT('',(1.5,3.822066545486,0.762954354286));
#3100 = LINE('',#3101,#3102);
#3101 = CARTESIAN_POINT('',(1.5,4.836881160736,0.342604398727));
#3102 = VECTOR('',#3103,1.);
#3103 = DIRECTION('',(0.,-0.92387953939,0.382683415758));
#3104 = ORIENTED_EDGE('',*,*,#3105,.T.);
#3105 = EDGE_CURVE('',#3098,#3106,#3108,.T.);
#3106 = VERTEX_POINT('',#3107);
#3107 = CARTESIAN_POINT('',(1.5,2.885503292084,1.336881041527));
#3108 = LINE('',#3109,#3110);
#3109 = CARTESIAN_POINT('',(1.5,3.822066545486,0.762954354286));
#3110 = VECTOR('',#3111,1.);
#3111 = DIRECTION('',(0.,-0.852640169459,0.522498556385));
#3112 = ORIENTED_EDGE('',*,*,#3113,.T.);
#3113 = EDGE_CURVE('',#3106,#3114,#3116,.T.);
#3114 = VERTEX_POINT('',#3115);
#3115 = CARTESIAN_POINT('',(1.5,2.05025267601,2.05025267601));
#3116 = LINE('',#3117,#3118);
#3117 = CARTESIAN_POINT('',(1.5,2.885503292084,1.336881041527));
#3118 = VECTOR('',#3119,1.);
#3119 = DIRECTION('',(0.,-0.76040586859,0.649448161914));
#3120 = ORIENTED_EDGE('',*,*,#3121,.T.);
#3121 = EDGE_CURVE('',#3114,#3122,#3124,.T.);
#3122 = VERTEX_POINT('',#3123);
#3123 = CARTESIAN_POINT('',(1.5,1.336881041527,2.885503292084));
#3124 = LINE('',#3125,#3126);
#3125 = CARTESIAN_POINT('',(1.5,2.05025267601,2.05025267601));
#3126 = VECTOR('',#3127,1.);
#3127 = DIRECTION('',(0.,-0.649448161914,0.76040586859));
#3128 = ORIENTED_EDGE('',*,*,#3129,.T.);
#3129 = EDGE_CURVE('',#3122,#3130,#3132,.T.);
#3130 = VERTEX_POINT('',#3131);
#3131 = CARTESIAN_POINT('',(1.5,0.762954354286,3.822066545486));
#3132 = LINE('',#3133,#3134);
#3133 = CARTESIAN_POINT('',(1.5,1.336881041527,2.885503292084));
#3134 = VECTOR('',#3135,1.);
#3135 = DIRECTION('',(0.,-0.522498556385,0.852640169459));
#3136 = ORIENTED_EDGE('',*,*,#3137,.T.);
#3137 = EDGE_CURVE('',#3130,#3138,#3140,.T.);
#3138 = VERTEX_POINT('',#3139);
#3139 = CARTESIAN_POINT('',(1.5,0.342604398727,4.836881160736));
#3140 = LINE('',#3141,#3142);
#3141 = CARTESIAN_POINT('',(1.5,0.762954354286,3.822066545486));
#3142 = VECTOR('',#3143,1.);
#3143 = DIRECTION('',(0.,-0.382683415758,0.92387953939));
#3144 = ORIENTED_EDGE('',*,*,#3145,.T.);
#3145 = EDGE_CURVE('',#3138,#3146,#3148,.T.);
#3146 = VERTEX_POINT('',#3147);
#3147 = CARTESIAN_POINT('',(1.5,8.618161827326E-02,5.904958724976));
#3148 = LINE('',#3149,#3150);
#3149 = CARTESIAN_POINT('',(1.5,0.342604398727,4.836881160736));
#3150 = VECTOR('',#3151,1.);
#3151 = DIRECTION('',(0.,-0.233445401928,0.972369911257));
#3152 = ORIENTED_EDGE('',*,*,#3153,.T.);
#3153 = EDGE_CURVE('',#3146,#3154,#3156,.T.);
#3154 = VERTEX_POINT('',#3155);
#3155 = CARTESIAN_POINT('',(1.5,0.,7.));
#3156 = LINE('',#3157,#3158);
#3157 = CARTESIAN_POINT('',(1.5,8.618161827326E-02,5.904958724976));
#3158 = VECTOR('',#3159,1.);
#3159 = DIRECTION('',(0.,-7.845909652897E-02,0.99691733367));
#3160 = ORIENTED_EDGE('',*,*,#3161,.T.);
#3161 = EDGE_CURVE('',#3154,#3162,#3164,.T.);
#3162 = VERTEX_POINT('',#3163);
#3163 = CARTESIAN_POINT('',(1.5,0.,9.));
#3164 = LINE('',#3165,#3166);
#3165 = CARTESIAN_POINT('',(1.5,3.1E-16,7.));
#3166 = VECTOR('',#3167,1.);
#3167 = DIRECTION('',(0.,0.,1.));
#3168 = ORIENTED_EDGE('',*,*,#3169,.T.);
#3169 = EDGE_CURVE('',#3162,#3170,#3172,.T.);
#3170 = VERTEX_POINT('',#3171);
#3171 = CARTESIAN_POINT('',(1.5,8.618161827326E-02,10.095041275024));
#3172 = LINE('',#3173,#3174);
#3173 = CARTESIAN_POINT('',(1.5,3.1E-16,9.));
#3174 = VECTOR('',#3175,1.);
#3175 = DIRECTION('',(0.,7.845909652897E-02,0.99691733367));
#3176 = ORIENTED_EDGE('',*,*,#3177,.T.);
#3177 = EDGE_CURVE('',#3170,#3178,#3180,.T.);
#3178 = VERTEX_POINT('',#3179);
#3179 = CARTESIAN_POINT('',(1.5,0.342604398727,11.163119316101));
#3180 = LINE('',#3181,#3182);
#3181 = CARTESIAN_POINT('',(1.5,8.618161827326E-02,10.095041275024));
#3182 = VECTOR('',#3183,1.);
#3183 = DIRECTION('',(0.,0.233445303388,0.972369934915));
#3184 = ORIENTED_EDGE('',*,*,#3185,.T.);
#3185 = EDGE_CURVE('',#3178,#3186,#3188,.T.);
#3186 = VERTEX_POINT('',#3187);
#3187 = CARTESIAN_POINT('',(1.5,0.762954354286,12.177933692932));
#3188 = LINE('',#3189,#3190);
#3189 = CARTESIAN_POINT('',(1.5,0.342604398727,11.163119316101));
#3190 = VECTOR('',#3191,1.);
#3191 = DIRECTION('',(0.,0.382683492498,0.923879507603));
#3192 = ORIENTED_EDGE('',*,*,#3193,.T.);
#3193 = EDGE_CURVE('',#3186,#3194,#3196,.T.);
#3194 = VERTEX_POINT('',#3195);
#3195 = CARTESIAN_POINT('',(1.5,1.336881041527,13.114497184753));
#3196 = LINE('',#3197,#3198);
#3197 = CARTESIAN_POINT('',(1.5,0.762954354286,12.177933692932));
#3198 = VECTOR('',#3199,1.);
#3199 = DIRECTION('',(0.,0.522498459686,0.852640228716));
#3200 = ORIENTED_EDGE('',*,*,#3201,.T.);
#3201 = EDGE_CURVE('',#3194,#3202,#3204,.T.);
#3202 = VERTEX_POINT('',#3203);
#3203 = CARTESIAN_POINT('',(1.5,2.05025267601,13.949747085571));
#3204 = LINE('',#3205,#3206);
#3205 = CARTESIAN_POINT('',(1.5,1.336881041527,13.114497184753));
#3206 = VECTOR('',#3207,1.);
#3207 = DIRECTION('',(0.,0.649448483488,0.76040559394));
#3208 = ORIENTED_EDGE('',*,*,#3209,.T.);
#3209 = EDGE_CURVE('',#3202,#3210,#3212,.T.);
#3210 = VERTEX_POINT('',#3211);
#3211 = CARTESIAN_POINT('',(1.5,2.885503292084,14.663119316101));
#3212 = LINE('',#3213,#3214);
#3213 = CARTESIAN_POINT('',(1.5,2.05025267601,13.949747085571));
#3214 = VECTOR('',#3215,1.);
#3215 = DIRECTION('',(0.,0.760405600612,0.649448475676));
#3216 = ORIENTED_EDGE('',*,*,#3217,.T.);
#3217 = EDGE_CURVE('',#3210,#3218,#3220,.T.);
#3218 = VERTEX_POINT('',#3219);
#3219 = CARTESIAN_POINT('',(1.5,3.822066545486,15.237045288086));
#3220 = LINE('',#3221,#3222);
#3221 = CARTESIAN_POINT('',(1.5,2.885503292084,14.663119316101));
#3222 = VECTOR('',#3223,1.);
#3223 = DIRECTION('',(0.,0.852640459555,0.522498082992));
#3224 = ORIENTED_EDGE('',*,*,#3225,.T.);
#3225 = EDGE_CURVE('',#3218,#3226,#3228,.T.);
#3226 = VERTEX_POINT('',#3227);
#3227 = CARTESIAN_POINT('',(1.5,4.836881160736,15.657395362854));
#3228 = LINE('',#3229,#3230);
#3229 = CARTESIAN_POINT('',(1.5,3.822066545486,15.237045288086));
#3230 = VECTOR('',#3231,1.);
#3231 = DIRECTION('',(0.,0.92387950102,0.382683508391));
#3232 = ORIENTED_EDGE('',*,*,#3233,.T.);
#3233 = EDGE_CURVE('',#3226,#3234,#3236,.T.);
#3234 = VERTEX_POINT('',#3235);
#3235 = CARTESIAN_POINT('',(1.5,5.904958724976,15.913818359375));
#3236 = LINE('',#3237,#3238);
#3237 = CARTESIAN_POINT('',(1.5,4.836881160736,15.657395362854));
#3238 = VECTOR('',#3239,1.);
#3239 = DIRECTION('',(0.,0.972369866606,0.233445587914));
#3240 = ORIENTED_EDGE('',*,*,#3241,.T.);
#3241 = EDGE_CURVE('',#3234,#1542,#3242,.T.);
#3242 = LINE('',#3243,#3244);
#3243 = CARTESIAN_POINT('',(1.5,5.904958724976,15.913818359375));
#3244 = VECTOR('',#3245,1.);
#3245 = DIRECTION('',(0.,0.996917332078,7.845911675257E-02));
#3246 = ORIENTED_EDGE('',*,*,#1541,.T.);
#3247 = ORIENTED_EDGE('',*,*,#3248,.T.);
#3248 = EDGE_CURVE('',#1534,#3249,#3251,.T.);
#3249 = VERTEX_POINT('',#3250);
#3250 = CARTESIAN_POINT('',(1.5,14.,11.249999879655));
#3251 = LINE('',#3252,#3253);
#3252 = CARTESIAN_POINT('',(1.5,14.,16.));
#3253 = VECTOR('',#3254,1.);
#3254 = DIRECTION('',(0.,0.,-1.));
#3255 = ORIENTED_EDGE('',*,*,#3256,.T.);
#3256 = EDGE_CURVE('',#3249,#3257,#3259,.T.);
#3257 = VERTEX_POINT('',#3258);
#3258 = CARTESIAN_POINT('',(1.5,24.5,11.249999879655));
#3259 = LINE('',#3260,#3261);
#3260 = CARTESIAN_POINT('',(1.5,14.,11.249999879655));
#3261 = VECTOR('',#3262,1.);
#3262 = DIRECTION('',(0.,1.,0.));
#3263 = ORIENTED_EDGE('',*,*,#3264,.T.);
#3264 = EDGE_CURVE('',#3257,#1206,#3265,.T.);
#3265 = LINE('',#3266,#3267);
#3266 = CARTESIAN_POINT('',(1.5,24.5,10.5));
#3267 = VECTOR('',#3268,1.);
#3268 = DIRECTION('',(0.,0.,1.));
#3269 = FACE_BOUND('',#3270,.T.);
#3270 = EDGE_LOOP('',(#3271));
#3271 = ORIENTED_EDGE('',*,*,#3272,.F.);
#3272 = EDGE_CURVE('',#3273,#3273,#3275,.T.);
#3273 = VERTEX_POINT('',#3274);
#3274 = CARTESIAN_POINT('',(1.5,4.749999730163,7.999999879655));
#3275 = CIRCLE('',#3276,3.75);
#3276 = AXIS2_PLACEMENT_3D('',#3277,#3278,#3279);
#3277 = CARTESIAN_POINT('',(1.5,8.499999730163,7.999999879655));
#3278 = DIRECTION('',(-1.,0.,0.));
#3279 = DIRECTION('',(0.,-1.,0.));
#3280 = PLANE('',#3281);
#3281 = AXIS2_PLACEMENT_3D('',#3282,#3283,#3284);
#3282 = CARTESIAN_POINT('',(1.5,15.001011482622,7.999999986879));
#3283 = DIRECTION('',(-1.,-0.,-0.));
#3284 = DIRECTION('',(0.,0.,-1.));
#3285 = ADVANCED_FACE('',(#3286),#3304,.T.);
#3286 = FACE_BOUND('',#3287,.T.);
#3287 = EDGE_LOOP('',(#3288,#3296,#3297,#3298));
#3288 = ORIENTED_EDGE('',*,*,#3289,.F.);
#3289 = EDGE_CURVE('',#428,#3290,#3292,.T.);
#3290 = VERTEX_POINT('',#3291);
#3291 = CARTESIAN_POINT('',(1.475376844406,14.31286907196,4.749999879655
    ));
#3292 = LINE('',#3293,#3294);
#3293 = CARTESIAN_POINT('',(1.475376844406,14.31286907196,8.7E-16));
#3294 = VECTOR('',#3295,1.);
#3295 = DIRECTION('',(0.,0.,1.));
#3296 = ORIENTED_EDGE('',*,*,#427,.F.);
#3297 = ORIENTED_EDGE('',*,*,#3081,.F.);
#3298 = ORIENTED_EDGE('',*,*,#3299,.T.);
#3299 = EDGE_CURVE('',#3074,#3290,#3300,.T.);
#3300 = LINE('',#3301,#3302);
#3301 = CARTESIAN_POINT('',(1.083206612717,19.295899616986,
    4.749999879655));
#3302 = VECTOR('',#3303,1.);
#3303 = DIRECTION('',(-7.845854350215E-02,0.996917377194,0.));
#3304 = PLANE('',#3305);
#3305 = AXIS2_PLACEMENT_3D('',#3306,#3307,#3308);
#3306 = CARTESIAN_POINT('',(1.487688422203,14.15643453598,2.75));
#3307 = DIRECTION('',(-0.996917377194,-7.845854350215E-02,-0.));
#3308 = DIRECTION('',(7.845854350215E-02,-0.996917377194,0.));
#3309 = ADVANCED_FACE('',(#3310),#3328,.T.);
#3310 = FACE_BOUND('',#3311,.T.);
#3311 = EDGE_LOOP('',(#3312,#3320,#3321,#3322));
#3312 = ORIENTED_EDGE('',*,*,#3313,.F.);
#3313 = EDGE_CURVE('',#436,#3314,#3316,.T.);
#3314 = VERTEX_POINT('',#3315);
#3315 = CARTESIAN_POINT('',(1.402113199234,14.618033409119,
    4.749999879655));
#3316 = LINE('',#3317,#3318);
#3317 = CARTESIAN_POINT('',(1.402113199234,14.618033409119,8.7E-16));
#3318 = VECTOR('',#3319,1.);
#3319 = DIRECTION('',(0.,0.,1.));
#3320 = ORIENTED_EDGE('',*,*,#435,.F.);
#3321 = ORIENTED_EDGE('',*,*,#3289,.T.);
#3322 = ORIENTED_EDGE('',*,*,#3323,.T.);
#3323 = EDGE_CURVE('',#3290,#3314,#3324,.T.);
#3324 = LINE('',#3325,#3326);
#3325 = CARTESIAN_POINT('',(0.301514324122,19.202347026215,
    4.749999879655));
#3326 = VECTOR('',#3327,1.);
#3327 = DIRECTION('',(-0.233445875393,0.972369797588,0.));
#3328 = PLANE('',#3329);
#3329 = AXIS2_PLACEMENT_3D('',#3330,#3331,#3332);
#3330 = CARTESIAN_POINT('',(1.43874502182,14.46545124054,2.75));
#3331 = DIRECTION('',(-0.972369797588,-0.233445875393,-0.));
#3332 = DIRECTION('',(0.233445875393,-0.972369797588,0.));
#3333 = ADVANCED_FACE('',(#3334),#3352,.T.);
#3334 = FACE_BOUND('',#3335,.T.);
#3335 = EDGE_LOOP('',(#3336,#3344,#3345,#3346));
#3336 = ORIENTED_EDGE('',*,*,#3337,.F.);
#3337 = EDGE_CURVE('',#444,#3338,#3340,.T.);
#3338 = VERTEX_POINT('',#3339);
#3339 = CARTESIAN_POINT('',(1.282013177872,14.907980918884,
    4.749999879655));
#3340 = LINE('',#3341,#3342);
#3341 = CARTESIAN_POINT('',(1.282013177872,14.907980918884,8.7E-16));
#3342 = VECTOR('',#3343,1.);
#3343 = DIRECTION('',(0.,0.,1.));
#3344 = ORIENTED_EDGE('',*,*,#443,.F.);
#3345 = ORIENTED_EDGE('',*,*,#3313,.T.);
#3346 = ORIENTED_EDGE('',*,*,#3347,.T.);
#3347 = EDGE_CURVE('',#3314,#3338,#3348,.T.);
#3348 = LINE('',#3349,#3350);
#3349 = CARTESIAN_POINT('',(-0.367643881374,18.890610987305,
    4.749999879655));
#3350 = VECTOR('',#3351,1.);
#3351 = DIRECTION('',(-0.38268297121,0.923879723528,0.));
#3352 = PLANE('',#3353);
#3353 = AXIS2_PLACEMENT_3D('',#3354,#3355,#3356);
#3354 = CARTESIAN_POINT('',(1.342063188553,14.763007164001,2.75));
#3355 = DIRECTION('',(-0.923879723528,-0.38268297121,-0.));
#3356 = DIRECTION('',(0.38268297121,-0.923879723528,0.));
#3357 = ADVANCED_FACE('',(#3358),#3376,.T.);
#3358 = FACE_BOUND('',#3359,.T.);
#3359 = EDGE_LOOP('',(#3360,#3368,#3369,#3370));
#3360 = ORIENTED_EDGE('',*,*,#3361,.F.);
#3361 = EDGE_CURVE('',#452,#3362,#3364,.T.);
#3362 = VERTEX_POINT('',#3363);
#3363 = CARTESIAN_POINT('',(1.118034124374,15.175570487976,
    4.749999879655));
#3364 = LINE('',#3365,#3366);
#3365 = CARTESIAN_POINT('',(1.118034124374,15.175570487976,8.7E-16));
#3366 = VECTOR('',#3367,1.);
#3367 = DIRECTION('',(0.,0.,1.));
#3368 = ORIENTED_EDGE('',*,*,#451,.F.);
#3369 = ORIENTED_EDGE('',*,*,#3337,.T.);
#3370 = ORIENTED_EDGE('',*,*,#3371,.T.);
#3371 = EDGE_CURVE('',#3338,#3362,#3372,.T.);
#3372 = LINE('',#3373,#3374);
#3373 = CARTESIAN_POINT('',(-0.865863505657,18.412998077781,
    4.749999879655));
#3374 = VECTOR('',#3375,1.);
#3375 = DIRECTION('',(-0.522498459686,0.852640228716,0.));
#3376 = PLANE('',#3377);
#3377 = AXIS2_PLACEMENT_3D('',#3378,#3379,#3380);
#3378 = CARTESIAN_POINT('',(1.200023651123,15.04177570343,2.75));
#3379 = DIRECTION('',(-0.852640228716,-0.522498459686,-0.));
#3380 = DIRECTION('',(0.522498459686,-0.852640228716,0.));
#3381 = ADVANCED_FACE('',(#3382),#3400,.T.);
#3382 = FACE_BOUND('',#3383,.T.);
#3383 = EDGE_LOOP('',(#3384,#3392,#3393,#3394));
#3384 = ORIENTED_EDGE('',*,*,#3385,.F.);
#3385 = EDGE_CURVE('',#460,#3386,#3388,.T.);
#3386 = VERTEX_POINT('',#3387);
#3387 = CARTESIAN_POINT('',(0.914213657379,15.414214134216,
    4.749999879655));
#3388 = LINE('',#3389,#3390);
#3389 = CARTESIAN_POINT('',(0.914213657379,15.414214134216,8.7E-16));
#3390 = VECTOR('',#3391,1.);
#3391 = DIRECTION('',(0.,0.,1.));
#3392 = ORIENTED_EDGE('',*,*,#459,.F.);
#3393 = ORIENTED_EDGE('',*,*,#3361,.T.);
#3394 = ORIENTED_EDGE('',*,*,#3395,.T.);
#3395 = EDGE_CURVE('',#3362,#3386,#3396,.T.);
#3396 = LINE('',#3397,#3398);
#3397 = CARTESIAN_POINT('',(-1.154774653035,17.836693690389,
    4.749999879655));
#3398 = VECTOR('',#3399,1.);
#3399 = DIRECTION('',(-0.649447197195,0.760406692537,0.));
#3400 = PLANE('',#3401);
#3401 = AXIS2_PLACEMENT_3D('',#3402,#3403,#3404);
#3402 = CARTESIAN_POINT('',(1.016123890877,15.294892311096,2.75));
#3403 = DIRECTION('',(-0.760406692537,-0.649447197195,-0.));
#3404 = DIRECTION('',(0.649447197195,-0.760406692537,0.));
#3405 = ADVANCED_FACE('',(#3406),#3424,.T.);
#3406 = FACE_BOUND('',#3407,.T.);
#3407 = EDGE_LOOP('',(#3408,#3416,#3417,#3418));
#3408 = ORIENTED_EDGE('',*,*,#3409,.F.);
#3409 = EDGE_CURVE('',#468,#3410,#3412,.T.);
#3410 = VERTEX_POINT('',#3411);
#3411 = CARTESIAN_POINT('',(0.675570726395,15.618033409119,
    4.749999879655));
#3412 = LINE('',#3413,#3414);
#3413 = CARTESIAN_POINT('',(0.675570726395,15.618033409119,8.7E-16));
#3414 = VECTOR('',#3415,1.);
#3415 = DIRECTION('',(0.,0.,1.));
#3416 = ORIENTED_EDGE('',*,*,#467,.F.);
#3417 = ORIENTED_EDGE('',*,*,#3385,.T.);
#3418 = ORIENTED_EDGE('',*,*,#3419,.T.);
#3419 = EDGE_CURVE('',#3386,#3410,#3420,.T.);
#3420 = LINE('',#3421,#3422);
#3421 = CARTESIAN_POINT('',(-1.219569860163,17.236628096154,
    4.749999879655));
#3422 = VECTOR('',#3423,1.);
#3423 = DIRECTION('',(-0.760407607111,0.649446126362,0.));
#3424 = PLANE('',#3425);
#3425 = AXIS2_PLACEMENT_3D('',#3426,#3427,#3428);
#3426 = CARTESIAN_POINT('',(0.794892191887,15.516123771667,2.75));
#3427 = DIRECTION('',(-0.649446126362,-0.760407607111,-0.));
#3428 = DIRECTION('',(-0.760407607111,0.649446126362,0.));
#3429 = ADVANCED_FACE('',(#3430),#3448,.T.);
#3430 = FACE_BOUND('',#3431,.T.);
#3431 = EDGE_LOOP('',(#3432,#3440,#3441,#3442));
#3432 = ORIENTED_EDGE('',*,*,#3433,.F.);
#3433 = EDGE_CURVE('',#476,#3434,#3436,.T.);
#3434 = VERTEX_POINT('',#3435);
#3435 = CARTESIAN_POINT('',(0.407981157303,15.782013893127,
    4.749999879655));
#3436 = LINE('',#3437,#3438);
#3437 = CARTESIAN_POINT('',(0.407981157303,15.782013893127,8.7E-16));
#3438 = VECTOR('',#3439,1.);
#3439 = DIRECTION('',(0.,0.,1.));
#3440 = ORIENTED_EDGE('',*,*,#475,.F.);
#3441 = ORIENTED_EDGE('',*,*,#3409,.T.);
#3442 = ORIENTED_EDGE('',*,*,#3443,.T.);
#3443 = EDGE_CURVE('',#3410,#3434,#3444,.T.);
#3444 = LINE('',#3445,#3446);
#3445 = CARTESIAN_POINT('',(-1.070130097523,16.687809286453,
    4.749999879655));
#3446 = VECTOR('',#3447,1.);
#3447 = DIRECTION('',(-0.852638198047,0.522501773424,0.));
#3448 = PLANE('',#3449);
#3449 = AXIS2_PLACEMENT_3D('',#3450,#3451,#3452);
#3450 = CARTESIAN_POINT('',(0.541775941849,15.700023651123,2.75));
#3451 = DIRECTION('',(-0.522501773424,-0.852638198047,-0.));
#3452 = DIRECTION('',(-0.852638198047,0.522501773424,0.));
#3453 = ADVANCED_FACE('',(#3454),#3472,.T.);
#3454 = FACE_BOUND('',#3455,.T.);
#3455 = EDGE_LOOP('',(#3456,#3464,#3465,#3466));
#3456 = ORIENTED_EDGE('',*,*,#3457,.F.);
#3457 = EDGE_CURVE('',#484,#3458,#3460,.T.);
#3458 = VERTEX_POINT('',#3459);
#3459 = CARTESIAN_POINT('',(0.118034124374,15.902112960815,
    4.749999879655));
#3460 = LINE('',#3461,#3462);
#3461 = CARTESIAN_POINT('',(0.118034124374,15.902112960815,8.7E-16));
#3462 = VECTOR('',#3463,1.);
#3463 = DIRECTION('',(0.,0.,1.));
#3464 = ORIENTED_EDGE('',*,*,#483,.F.);
#3465 = ORIENTED_EDGE('',*,*,#3433,.T.);
#3466 = ORIENTED_EDGE('',*,*,#3467,.T.);
#3467 = EDGE_CURVE('',#3434,#3458,#3468,.T.);
#3468 = LINE('',#3469,#3470);
#3469 = CARTESIAN_POINT('',(-0.739584729787,16.257347583416,
    4.749999879655));
#3470 = VECTOR('',#3471,1.);
#3471 = DIRECTION('',(-0.923880575383,0.382680914641,0.));
#3472 = PLANE('',#3473);
#3473 = AXIS2_PLACEMENT_3D('',#3474,#3475,#3476);
#3474 = CARTESIAN_POINT('',(0.263007640839,15.842063426971,2.75));
#3475 = DIRECTION('',(-0.382680914641,-0.923880575383,-0.));
#3476 = DIRECTION('',(-0.923880575383,0.382680914641,0.));
#3477 = ADVANCED_FACE('',(#3478),#3496,.T.);
#3478 = FACE_BOUND('',#3479,.T.);
#3479 = EDGE_LOOP('',(#3480,#3488,#3489,#3490));
#3480 = ORIENTED_EDGE('',*,*,#3481,.F.);
#3481 = EDGE_CURVE('',#492,#3482,#3484,.T.);
#3482 = VERTEX_POINT('',#3483);
#3483 = CARTESIAN_POINT('',(-0.18713092804,15.97537612915,4.749999879655
    ));
#3484 = LINE('',#3485,#3486);
#3485 = CARTESIAN_POINT('',(-0.18713092804,15.97537612915,8.7E-16));
#3486 = VECTOR('',#3487,1.);
#3487 = DIRECTION('',(0.,0.,1.));
#3488 = ORIENTED_EDGE('',*,*,#491,.F.);
#3489 = ORIENTED_EDGE('',*,*,#3457,.T.);
#3490 = ORIENTED_EDGE('',*,*,#3491,.T.);
#3491 = EDGE_CURVE('',#3458,#3482,#3492,.T.);
#3492 = LINE('',#3493,#3494);
#3493 = CARTESIAN_POINT('',(-0.28076412817,15.997855324748,
    4.749999879655));
#3494 = VECTOR('',#3495,1.);
#3495 = DIRECTION('',(-0.972370266682,0.233443921472,0.));
#3496 = PLANE('',#3497);
#3497 = AXIS2_PLACEMENT_3D('',#3498,#3499,#3500);
#3498 = CARTESIAN_POINT('',(-3.454840183258E-02,15.938744544983,2.75));
#3499 = DIRECTION('',(-0.233443921472,-0.972370266682,-0.));
#3500 = DIRECTION('',(-0.972370266682,0.233443921472,0.));
#3501 = ADVANCED_FACE('',(#3502),#3520,.T.);
#3502 = FACE_BOUND('',#3503,.T.);
#3503 = EDGE_LOOP('',(#3504,#3512,#3518,#3519));
#3504 = ORIENTED_EDGE('',*,*,#3505,.T.);
#3505 = EDGE_CURVE('',#3482,#3506,#3508,.T.);
#3506 = VERTEX_POINT('',#3507);
#3507 = CARTESIAN_POINT('',(-0.5,16.,4.749999879655));
#3508 = LINE('',#3509,#3510);
#3509 = CARTESIAN_POINT('',(0.239630719228,15.941788521337,
    4.749999879655));
#3510 = VECTOR('',#3511,1.);
#3511 = DIRECTION('',(-0.99691719893,7.84608085433E-02,0.));
#3512 = ORIENTED_EDGE('',*,*,#3513,.T.);
#3513 = EDGE_CURVE('',#3506,#500,#3514,.T.);
#3514 = LINE('',#3515,#3516);
#3515 = CARTESIAN_POINT('',(-0.5,16.,5.5));
#3516 = VECTOR('',#3517,1.);
#3517 = DIRECTION('',(0.,0.,-1.));
#3518 = ORIENTED_EDGE('',*,*,#499,.F.);
#3519 = ORIENTED_EDGE('',*,*,#3481,.T.);
#3520 = PLANE('',#3521);
#3521 = AXIS2_PLACEMENT_3D('',#3522,#3523,#3524);
#3522 = CARTESIAN_POINT('',(-0.34356546402,15.987688064575,2.75));
#3523 = DIRECTION('',(-7.84608085433E-02,-0.99691719893,-0.));
#3524 = DIRECTION('',(-0.99691719893,7.84608085433E-02,0.));
#3525 = ADVANCED_FACE('',(#3526),#3544,.T.);
#3526 = FACE_BOUND('',#3527,.T.);
#3527 = EDGE_LOOP('',(#3528,#3536,#3537,#3538));
#3528 = ORIENTED_EDGE('',*,*,#3529,.F.);
#3529 = EDGE_CURVE('',#508,#3530,#3532,.T.);
#3530 = VERTEX_POINT('',#3531);
#3531 = CARTESIAN_POINT('',(-0.812868595123,16.02462387085,
    4.749999879655));
#3532 = LINE('',#3533,#3534);
#3533 = CARTESIAN_POINT('',(-0.812868595123,16.02462387085,1.73E-15));
#3534 = VECTOR('',#3535,1.);
#3535 = DIRECTION('',(0.,0.,1.));
#3536 = ORIENTED_EDGE('',*,*,#507,.F.);
#3537 = ORIENTED_EDGE('',*,*,#3513,.F.);
#3538 = ORIENTED_EDGE('',*,*,#3539,.T.);
#3539 = EDGE_CURVE('',#3506,#3530,#3540,.T.);
#3540 = LINE('',#3541,#3542);
#3541 = CARTESIAN_POINT('',(8.319578339477E-02,15.954100418277,
    4.749999879655));
#3542 = VECTOR('',#3543,1.);
#3543 = DIRECTION('',(-0.996917189577,7.84609273878E-02,0.));
#3544 = PLANE('',#3545);
#3545 = AXIS2_PLACEMENT_3D('',#3546,#3547,#3548);
#3546 = CARTESIAN_POINT('',(-0.656434297562,16.012311935425,2.75));
#3547 = DIRECTION('',(-7.84609273878E-02,-0.996917189577,-0.));
#3548 = DIRECTION('',(-0.996917189577,7.84609273878E-02,0.));
#3549 = ADVANCED_FACE('',(#3550),#3568,.T.);
#3550 = FACE_BOUND('',#3551,.T.);
#3551 = EDGE_LOOP('',(#3552,#3560,#3561,#3562));
#3552 = ORIENTED_EDGE('',*,*,#3553,.F.);
#3553 = EDGE_CURVE('',#516,#3554,#3556,.T.);
#3554 = VERTEX_POINT('',#3555);
#3555 = CARTESIAN_POINT('',(-1.118033766747,16.097887039185,
    4.749999879655));
#3556 = LINE('',#3557,#3558);
#3557 = CARTESIAN_POINT('',(-1.118033766747,16.097887039185,1.73E-15));
#3558 = VECTOR('',#3559,1.);
#3559 = DIRECTION('',(0.,0.,1.));
#3560 = ORIENTED_EDGE('',*,*,#515,.F.);
#3561 = ORIENTED_EDGE('',*,*,#3529,.T.);
#3562 = ORIENTED_EDGE('',*,*,#3563,.T.);
#3563 = EDGE_CURVE('',#3530,#3554,#3564,.T.);
#3564 = LINE('',#3565,#3566);
#3565 = CARTESIAN_POINT('',(-0.757675787309,16.011373341806,
    4.749999879655));
#3566 = VECTOR('',#3567,1.);
#3567 = DIRECTION('',(-0.972370287382,0.23344383525,0.));
#3568 = PLANE('',#3569);
#3569 = AXIS2_PLACEMENT_3D('',#3570,#3571,#3572);
#3570 = CARTESIAN_POINT('',(-0.965451180935,16.061255455017,2.75));
#3571 = DIRECTION('',(-0.23344383525,-0.972370287382,-0.));
#3572 = DIRECTION('',(-0.972370287382,0.23344383525,0.));
#3573 = ADVANCED_FACE('',(#3574),#3592,.T.);
#3574 = FACE_BOUND('',#3575,.T.);
#3575 = EDGE_LOOP('',(#3576,#3584,#3585,#3586));
#3576 = ORIENTED_EDGE('',*,*,#3577,.F.);
#3577 = EDGE_CURVE('',#524,#3578,#3580,.T.);
#3578 = VERTEX_POINT('',#3579);
#3579 = CARTESIAN_POINT('',(-1.407980799675,16.217987060547,
    4.749999879655));
#3580 = LINE('',#3581,#3582);
#3581 = CARTESIAN_POINT('',(-1.407980799675,16.217987060547,1.73E-15));
#3582 = VECTOR('',#3583,1.);
#3583 = DIRECTION('',(0.,0.,1.));
#3584 = ORIENTED_EDGE('',*,*,#523,.F.);
#3585 = ORIENTED_EDGE('',*,*,#3553,.T.);
#3586 = ORIENTED_EDGE('',*,*,#3587,.T.);
#3587 = EDGE_CURVE('',#3554,#3578,#3588,.T.);
#3588 = LINE('',#3589,#3590);
#3589 = CARTESIAN_POINT('',(-1.558502809173,16.280335332828,
    4.749999879655));
#3590 = VECTOR('',#3591,1.);
#3591 = DIRECTION('',(-0.92387950102,0.382683508391,0.));
#3592 = PLANE('',#3593);
#3593 = AXIS2_PLACEMENT_3D('',#3594,#3595,#3596);
#3594 = CARTESIAN_POINT('',(-1.263007283211,16.157937049866,2.75));
#3595 = DIRECTION('',(-0.382683508391,-0.92387950102,-0.));
#3596 = DIRECTION('',(-0.92387950102,0.382683508391,0.));
#3597 = ADVANCED_FACE('',(#3598),#3616,.T.);
#3598 = FACE_BOUND('',#3599,.T.);
#3599 = EDGE_LOOP('',(#3600,#3608,#3609,#3610));
#3600 = ORIENTED_EDGE('',*,*,#3601,.F.);
#3601 = EDGE_CURVE('',#532,#3602,#3604,.T.);
#3602 = VERTEX_POINT('',#3603);
#3603 = CARTESIAN_POINT('',(-1.675570189953,16.381965637207,
    4.749999879655));
#3604 = LINE('',#3605,#3606);
#3605 = CARTESIAN_POINT('',(-1.675570189953,16.381965637207,1.73E-15));
#3606 = VECTOR('',#3607,1.);
#3607 = DIRECTION('',(0.,0.,1.));
#3608 = ORIENTED_EDGE('',*,*,#531,.F.);
#3609 = ORIENTED_EDGE('',*,*,#3577,.T.);
#3610 = ORIENTED_EDGE('',*,*,#3611,.T.);
#3611 = EDGE_CURVE('',#3578,#3602,#3612,.T.);
#3612 = LINE('',#3613,#3614);
#3613 = CARTESIAN_POINT('',(-2.262662364202,16.741735279051,
    4.749999879655));
#3614 = VECTOR('',#3615,1.);
#3615 = DIRECTION('',(-0.852640750056,0.522497608935,0.));
#3616 = PLANE('',#3617);
#3617 = AXIS2_PLACEMENT_3D('',#3618,#3619,#3620);
#3618 = CARTESIAN_POINT('',(-1.541775494814,16.299976348877,2.75));
#3619 = DIRECTION('',(-0.522497608935,-0.852640750056,-0.));
#3620 = DIRECTION('',(-0.852640750056,0.522497608935,0.));
#3621 = ADVANCED_FACE('',(#3622),#3640,.T.);
#3622 = FACE_BOUND('',#3623,.T.);
#3623 = EDGE_LOOP('',(#3624,#3632,#3633,#3634));
#3624 = ORIENTED_EDGE('',*,*,#3625,.F.);
#3625 = EDGE_CURVE('',#540,#3626,#3628,.T.);
#3626 = VERTEX_POINT('',#3627);
#3627 = CARTESIAN_POINT('',(-1.914213478565,16.585786819458,
    4.749999879655));
#3628 = LINE('',#3629,#3630);
#3629 = CARTESIAN_POINT('',(-1.914213478565,16.585786819458,1.73E-15));
#3630 = VECTOR('',#3631,1.);
#3631 = DIRECTION('',(0.,0.,1.));
#3632 = ORIENTED_EDGE('',*,*,#539,.F.);
#3633 = ORIENTED_EDGE('',*,*,#3601,.T.);
#3634 = ORIENTED_EDGE('',*,*,#3635,.T.);
#3635 = EDGE_CURVE('',#3602,#3626,#3636,.T.);
#3636 = LINE('',#3637,#3638);
#3637 = CARTESIAN_POINT('',(-2.821671263449,17.360831111017,
    4.749999879655));
#3638 = VECTOR('',#3639,1.);
#3639 = DIRECTION('',(-0.760405086397,0.649449077744,0.));
#3640 = PLANE('',#3641);
#3641 = AXIS2_PLACEMENT_3D('',#3642,#3643,#3644);
#3642 = CARTESIAN_POINT('',(-1.794891834259,16.483876228333,2.75));
#3643 = DIRECTION('',(-0.649449077744,-0.760405086397,-0.));
#3644 = DIRECTION('',(-0.760405086397,0.649449077744,0.));
#3645 = ADVANCED_FACE('',(#3646),#3664,.T.);
#3646 = FACE_BOUND('',#3647,.T.);
#3647 = EDGE_LOOP('',(#3648,#3656,#3657,#3658));
#3648 = ORIENTED_EDGE('',*,*,#3649,.F.);
#3649 = EDGE_CURVE('',#548,#3650,#3652,.T.);
#3650 = VERTEX_POINT('',#3651);
#3651 = CARTESIAN_POINT('',(-2.118033885956,16.824430465698,
    4.749999879655));
#3652 = LINE('',#3653,#3654);
#3653 = CARTESIAN_POINT('',(-2.118033885956,16.824430465698,1.73E-15));
#3654 = VECTOR('',#3655,1.);
#3655 = DIRECTION('',(0.,0.,1.));
#3656 = ORIENTED_EDGE('',*,*,#547,.F.);
#3657 = ORIENTED_EDGE('',*,*,#3625,.T.);
#3658 = ORIENTED_EDGE('',*,*,#3659,.T.);
#3659 = EDGE_CURVE('',#3626,#3650,#3660,.T.);
#3660 = LINE('',#3661,#3662);
#3661 = CARTESIAN_POINT('',(-3.199335744862,18.090475517807,
    4.749999879655));
#3662 = VECTOR('',#3663,1.);
#3663 = DIRECTION('',(-0.649447087379,0.760406786329,0.));
#3664 = PLANE('',#3665);
#3665 = AXIS2_PLACEMENT_3D('',#3666,#3667,#3668);
#3666 = CARTESIAN_POINT('',(-2.016123682261,16.705108642578,2.75));
#3667 = DIRECTION('',(-0.760406786329,-0.649447087379,-0.));
#3668 = DIRECTION('',(0.649447087379,-0.760406786329,0.));
#3669 = ADVANCED_FACE('',(#3670),#3688,.T.);
#3670 = FACE_BOUND('',#3671,.T.);
#3671 = EDGE_LOOP('',(#3672,#3680,#3681,#3682));
#3672 = ORIENTED_EDGE('',*,*,#3673,.F.);
#3673 = EDGE_CURVE('',#556,#3674,#3676,.T.);
#3674 = VERTEX_POINT('',#3675);
#3675 = CARTESIAN_POINT('',(-2.28201277554,17.09202003479,4.749999879655
    ));
#3676 = LINE('',#3677,#3678);
#3677 = CARTESIAN_POINT('',(-2.28201277554,17.09202003479,1.73E-15));
#3678 = VECTOR('',#3679,1.);
#3679 = DIRECTION('',(0.,0.,1.));
#3680 = ORIENTED_EDGE('',*,*,#555,.F.);
#3681 = ORIENTED_EDGE('',*,*,#3649,.T.);
#3682 = ORIENTED_EDGE('',*,*,#3683,.T.);
#3683 = EDGE_CURVE('',#3650,#3674,#3684,.T.);
#3684 = LINE('',#3685,#3686);
#3685 = CARTESIAN_POINT('',(-3.374903948659,18.875458615329,
    4.749999879655));
#3686 = VECTOR('',#3687,1.);
#3687 = DIRECTION('',(-0.522498079986,0.852640461397,0.));
#3688 = PLANE('',#3689);
#3689 = AXIS2_PLACEMENT_3D('',#3690,#3691,#3692);
#3690 = CARTESIAN_POINT('',(-2.200023330748,16.958225250244,2.75));
#3691 = DIRECTION('',(-0.852640461397,-0.522498079986,-0.));
#3692 = DIRECTION('',(0.522498079986,-0.852640461397,0.));
#3693 = ADVANCED_FACE('',(#3694),#3712,.T.);
#3694 = FACE_BOUND('',#3695,.T.);
#3695 = EDGE_LOOP('',(#3696,#3704,#3705,#3706));
#3696 = ORIENTED_EDGE('',*,*,#3697,.F.);
#3697 = EDGE_CURVE('',#564,#3698,#3700,.T.);
#3698 = VERTEX_POINT('',#3699);
#3699 = CARTESIAN_POINT('',(-2.402112871408,17.381965637207,
    4.749999879655));
#3700 = LINE('',#3701,#3702);
#3701 = CARTESIAN_POINT('',(-2.402112871408,17.381965637207,1.73E-15));
#3702 = VECTOR('',#3703,1.);
#3703 = DIRECTION('',(0.,0.,1.));
#3704 = ORIENTED_EDGE('',*,*,#563,.F.);
#3705 = ORIENTED_EDGE('',*,*,#3673,.T.);
#3706 = ORIENTED_EDGE('',*,*,#3707,.T.);
#3707 = EDGE_CURVE('',#3674,#3698,#3708,.T.);
#3708 = LINE('',#3709,#3710);
#3709 = CARTESIAN_POINT('',(-3.34466716557,19.657479829399,
    4.749999879655));
#3710 = VECTOR('',#3711,1.);
#3711 = DIRECTION('',(-0.382685322582,0.923878749556,0.));
#3712 = PLANE('',#3713);
#3713 = AXIS2_PLACEMENT_3D('',#3714,#3715,#3716);
#3714 = CARTESIAN_POINT('',(-2.342062823474,17.236992835999,2.75));
#3715 = DIRECTION('',(-0.923878749556,-0.382685322582,-0.));
#3716 = DIRECTION('',(0.382685322582,-0.923878749556,0.));
#3717 = ADVANCED_FACE('',(#3718),#3736,.T.);
#3718 = FACE_BOUND('',#3719,.T.);
#3719 = EDGE_LOOP('',(#3720,#3728,#3729,#3730));
#3720 = ORIENTED_EDGE('',*,*,#3721,.F.);
#3721 = EDGE_CURVE('',#572,#3722,#3724,.T.);
#3722 = VERTEX_POINT('',#3723);
#3723 = CARTESIAN_POINT('',(-2.475376296788,17.687129974365,
    4.749999879655));
#3724 = LINE('',#3725,#3726);
#3725 = CARTESIAN_POINT('',(-2.475376296788,17.687129974365,1.73E-15));
#3726 = VECTOR('',#3727,1.);
#3727 = DIRECTION('',(0.,0.,1.));
#3728 = ORIENTED_EDGE('',*,*,#571,.F.);
#3729 = ORIENTED_EDGE('',*,*,#3697,.T.);
#3730 = ORIENTED_EDGE('',*,*,#3731,.T.);
#3731 = EDGE_CURVE('',#3698,#3722,#3732,.T.);
#3732 = LINE('',#3733,#3734);
#3733 = CARTESIAN_POINT('',(-3.121982156877,20.380439052845,
    4.749999879655));
#3734 = VECTOR('',#3735,1.);
#3735 = DIRECTION('',(-0.233445213218,0.972369956563,0.));
#3736 = PLANE('',#3737);
#3737 = AXIS2_PLACEMENT_3D('',#3738,#3739,#3740);
#3738 = CARTESIAN_POINT('',(-2.438744584098,17.534547805786,2.75));
#3739 = DIRECTION('',(-0.972369956563,-0.233445213218,-0.));
#3740 = DIRECTION('',(0.233445213218,-0.972369956563,0.));
#3741 = ADVANCED_FACE('',(#3742),#3760,.T.);
#3742 = FACE_BOUND('',#3743,.T.);
#3743 = EDGE_LOOP('',(#3744,#3752,#3753,#3754));
#3744 = ORIENTED_EDGE('',*,*,#3745,.F.);
#3745 = EDGE_CURVE('',#580,#3746,#3748,.T.);
#3746 = VERTEX_POINT('',#3747);
#3747 = CARTESIAN_POINT('',(-2.5,18.,4.749999879655));
#3748 = LINE('',#3749,#3750);
#3749 = CARTESIAN_POINT('',(-2.5,18.,1.72E-15));
#3750 = VECTOR('',#3751,1.);
#3751 = DIRECTION('',(0.,0.,1.));
#3752 = ORIENTED_EDGE('',*,*,#579,.F.);
#3753 = ORIENTED_EDGE('',*,*,#3721,.T.);
#3754 = ORIENTED_EDGE('',*,*,#3755,.T.);
#3755 = EDGE_CURVE('',#3722,#3746,#3756,.T.);
#3756 = LINE('',#3757,#3758);
#3757 = CARTESIAN_POINT('',(-2.735741164573,20.99533922942,
    4.749999879655));
#3758 = VECTOR('',#3759,1.);
#3759 = DIRECTION('',(-7.846003998807E-02,0.996917259418,0.));
#3760 = PLANE('',#3761);
#3761 = AXIS2_PLACEMENT_3D('',#3762,#3763,#3764);
#3762 = CARTESIAN_POINT('',(-2.487688148394,17.843564987183,2.75));
#3763 = DIRECTION('',(-0.996917259418,-7.846003998807E-02,-0.));
#3764 = DIRECTION('',(7.846003998807E-02,-0.996917259418,0.));
#3765 = ADVANCED_FACE('',(#3766),#3784,.T.);
#3766 = FACE_BOUND('',#3767,.T.);
#3767 = EDGE_LOOP('',(#3768,#3769,#3770,#3778));
#3768 = ORIENTED_EDGE('',*,*,#587,.F.);
#3769 = ORIENTED_EDGE('',*,*,#3745,.T.);
#3770 = ORIENTED_EDGE('',*,*,#3771,.T.);
#3771 = EDGE_CURVE('',#3746,#3772,#3774,.T.);
#3772 = VERTEX_POINT('',#3773);
#3773 = CARTESIAN_POINT('',(-2.5,20.5,4.749999879655));
#3774 = LINE('',#3775,#3776);
#3775 = CARTESIAN_POINT('',(-2.5,21.875,4.749999879655));
#3776 = VECTOR('',#3777,1.);
#3777 = DIRECTION('',(0.,1.,0.));
#3778 = ORIENTED_EDGE('',*,*,#3779,.T.);
#3779 = EDGE_CURVE('',#3772,#588,#3780,.T.);
#3780 = LINE('',#3781,#3782);
#3781 = CARTESIAN_POINT('',(-2.5,20.5,5.5));
#3782 = VECTOR('',#3783,1.);
#3783 = DIRECTION('',(0.,0.,-1.));
#3784 = PLANE('',#3785);
#3785 = AXIS2_PLACEMENT_3D('',#3786,#3787,#3788);
#3786 = CARTESIAN_POINT('',(-2.5,19.25,2.75));
#3787 = DIRECTION('',(-1.,-0.,-0.));
#3788 = DIRECTION('',(0.,0.,-1.));
#3789 = ADVANCED_FACE('',(#3790),#3808,.T.);
#3790 = FACE_BOUND('',#3791,.T.);
#3791 = EDGE_LOOP('',(#3792,#3793,#3801,#3807));
#3792 = ORIENTED_EDGE('',*,*,#3779,.F.);
#3793 = ORIENTED_EDGE('',*,*,#3794,.T.);
#3794 = EDGE_CURVE('',#3772,#3795,#3797,.T.);
#3795 = VERTEX_POINT('',#3796);
#3796 = CARTESIAN_POINT('',(-2.475376296788,20.812870025635,
    4.749999879655));
#3797 = LINE('',#3798,#3799);
#3798 = CARTESIAN_POINT('',(-2.32509578237,22.722341886736,
    4.749999879655));
#3799 = VECTOR('',#3800,1.);
#3800 = DIRECTION('',(7.846003998807E-02,0.996917259418,0.));
#3801 = ORIENTED_EDGE('',*,*,#3802,.T.);
#3802 = EDGE_CURVE('',#3795,#596,#3803,.T.);
#3803 = LINE('',#3804,#3805);
#3804 = CARTESIAN_POINT('',(-2.475376296788,20.812870025635,5.5));
#3805 = VECTOR('',#3806,1.);
#3806 = DIRECTION('',(0.,0.,-1.));
#3807 = ORIENTED_EDGE('',*,*,#595,.F.);
#3808 = PLANE('',#3809);
#3809 = AXIS2_PLACEMENT_3D('',#3810,#3811,#3812);
#3810 = CARTESIAN_POINT('',(-2.487688148394,20.656435012817,2.75));
#3811 = DIRECTION('',(-0.996917259418,7.846003998807E-02,0.));
#3812 = DIRECTION('',(-7.846003998807E-02,-0.996917259418,0.));
#3813 = ADVANCED_FACE('',(#3814),#3832,.T.);
#3814 = FACE_BOUND('',#3815,.T.);
#3815 = EDGE_LOOP('',(#3816,#3817,#3825,#3831));
#3816 = ORIENTED_EDGE('',*,*,#3802,.F.);
#3817 = ORIENTED_EDGE('',*,*,#3818,.T.);
#3818 = EDGE_CURVE('',#3795,#3819,#3821,.T.);
#3819 = VERTEX_POINT('',#3820);
#3820 = CARTESIAN_POINT('',(-2.402112871408,21.118034362793,
    4.749999879655));
#3821 = LINE('',#3822,#3823);
#3822 = CARTESIAN_POINT('',(-1.930257819736,23.083453442389,
    4.749999879655));
#3823 = VECTOR('',#3824,1.);
#3824 = DIRECTION('',(0.233445213218,0.972369956563,0.));
#3825 = ORIENTED_EDGE('',*,*,#3826,.T.);
#3826 = EDGE_CURVE('',#3819,#604,#3827,.T.);
#3827 = LINE('',#3828,#3829);
#3828 = CARTESIAN_POINT('',(-2.402112871408,21.118034362793,5.5));
#3829 = VECTOR('',#3830,1.);
#3830 = DIRECTION('',(0.,0.,-1.));
#3831 = ORIENTED_EDGE('',*,*,#603,.F.);
#3832 = PLANE('',#3833);
#3833 = AXIS2_PLACEMENT_3D('',#3834,#3835,#3836);
#3834 = CARTESIAN_POINT('',(-2.438744584098,20.965452194214,2.75));
#3835 = DIRECTION('',(-0.972369956563,0.233445213218,0.));
#3836 = DIRECTION('',(-0.233445213218,-0.972369956563,0.));
#3837 = ADVANCED_FACE('',(#3838),#3856,.T.);
#3838 = FACE_BOUND('',#3839,.T.);
#3839 = EDGE_LOOP('',(#3840,#3841,#3849,#3855));
#3840 = ORIENTED_EDGE('',*,*,#3826,.F.);
#3841 = ORIENTED_EDGE('',*,*,#3842,.T.);
#3842 = EDGE_CURVE('',#3819,#3843,#3845,.T.);
#3843 = VERTEX_POINT('',#3844);
#3844 = CARTESIAN_POINT('',(-2.28201277554,21.40797996521,4.749999879655
    ));
#3845 = LINE('',#3846,#3847);
#3846 = CARTESIAN_POINT('',(-1.488504269744,23.323667875974,
    4.749999879655));
#3847 = VECTOR('',#3848,1.);
#3848 = DIRECTION('',(0.382685322582,0.923878749556,0.));
#3849 = ORIENTED_EDGE('',*,*,#3850,.T.);
#3850 = EDGE_CURVE('',#3843,#612,#3851,.T.);
#3851 = LINE('',#3852,#3853);
#3852 = CARTESIAN_POINT('',(-2.28201277554,21.40797996521,5.5));
#3853 = VECTOR('',#3854,1.);
#3854 = DIRECTION('',(0.,0.,-1.));
#3855 = ORIENTED_EDGE('',*,*,#611,.F.);
#3856 = PLANE('',#3857);
#3857 = AXIS2_PLACEMENT_3D('',#3858,#3859,#3860);
#3858 = CARTESIAN_POINT('',(-2.342062823474,21.263007164001,2.75));
#3859 = DIRECTION('',(-0.923878749556,0.382685322582,0.));
#3860 = DIRECTION('',(-0.382685322582,-0.923878749556,0.));
#3861 = ADVANCED_FACE('',(#3862),#3880,.T.);
#3862 = FACE_BOUND('',#3863,.T.);
#3863 = EDGE_LOOP('',(#3864,#3865,#3873,#3879));
#3864 = ORIENTED_EDGE('',*,*,#3850,.F.);
#3865 = ORIENTED_EDGE('',*,*,#3866,.T.);
#3866 = EDGE_CURVE('',#3843,#3867,#3869,.T.);
#3867 = VERTEX_POINT('',#3868);
#3868 = CARTESIAN_POINT('',(-2.118033885956,21.675569534302,
    4.749999879655));
#3869 = LINE('',#3870,#3871);
#3870 = CARTESIAN_POINT('',(-1.036013177669,23.441269105829,
    4.749999879655));
#3871 = VECTOR('',#3872,1.);
#3872 = DIRECTION('',(0.522498079986,0.852640461397,0.));
#3873 = ORIENTED_EDGE('',*,*,#3874,.T.);
#3874 = EDGE_CURVE('',#3867,#620,#3875,.T.);
#3875 = LINE('',#3876,#3877);
#3876 = CARTESIAN_POINT('',(-2.118033885956,21.675569534302,5.5));
#3877 = VECTOR('',#3878,1.);
#3878 = DIRECTION('',(0.,0.,-1.));
#3879 = ORIENTED_EDGE('',*,*,#619,.F.);
#3880 = PLANE('',#3881);
#3881 = AXIS2_PLACEMENT_3D('',#3882,#3883,#3884);
#3882 = CARTESIAN_POINT('',(-2.200023330748,21.541774749756,2.75));
#3883 = DIRECTION('',(-0.852640461397,0.522498079986,0.));
#3884 = DIRECTION('',(-0.522498079986,-0.852640461397,0.));
#3885 = ADVANCED_FACE('',(#3886),#3904,.T.);
#3886 = FACE_BOUND('',#3887,.T.);
#3887 = EDGE_LOOP('',(#3888,#3889,#3897,#3903));
#3888 = ORIENTED_EDGE('',*,*,#3874,.F.);
#3889 = ORIENTED_EDGE('',*,*,#3890,.T.);
#3890 = EDGE_CURVE('',#3867,#3891,#3893,.T.);
#3891 = VERTEX_POINT('',#3892);
#3892 = CARTESIAN_POINT('',(-1.914213478565,21.914213180542,
    4.749999879655));
#3893 = LINE('',#3894,#3895);
#3894 = CARTESIAN_POINT('',(-0.606654888688,23.445171505843,
    4.749999879655));
#3895 = VECTOR('',#3896,1.);
#3896 = DIRECTION('',(0.649447087379,0.760406786329,0.));
#3897 = ORIENTED_EDGE('',*,*,#3898,.T.);
#3898 = EDGE_CURVE('',#3891,#628,#3899,.T.);
#3899 = LINE('',#3900,#3901);
#3900 = CARTESIAN_POINT('',(-1.914213478565,21.914213180542,5.5));
#3901 = VECTOR('',#3902,1.);
#3902 = DIRECTION('',(0.,0.,-1.));
#3903 = ORIENTED_EDGE('',*,*,#627,.F.);
#3904 = PLANE('',#3905);
#3905 = AXIS2_PLACEMENT_3D('',#3906,#3907,#3908);
#3906 = CARTESIAN_POINT('',(-2.016123682261,21.794891357422,2.75));
#3907 = DIRECTION('',(-0.760406786329,0.649447087379,0.));
#3908 = DIRECTION('',(-0.649447087379,-0.760406786329,0.));
#3909 = ADVANCED_FACE('',(#3910),#3928,.T.);
#3910 = FACE_BOUND('',#3911,.T.);
#3911 = EDGE_LOOP('',(#3912,#3913,#3921,#3927));
#3912 = ORIENTED_EDGE('',*,*,#3898,.F.);
#3913 = ORIENTED_EDGE('',*,*,#3914,.T.);
#3914 = EDGE_CURVE('',#3891,#3915,#3917,.T.);
#3915 = VERTEX_POINT('',#3916);
#3916 = CARTESIAN_POINT('',(-1.675570189953,22.118034362793,
    4.749999879655));
#3917 = LINE('',#3918,#3919);
#3918 = CARTESIAN_POINT('',(-0.228988257571,23.353535438039,
    4.749999879655));
#3919 = VECTOR('',#3920,1.);
#3920 = DIRECTION('',(0.760405086397,0.649449077744,0.));
#3921 = ORIENTED_EDGE('',*,*,#3922,.T.);
#3922 = EDGE_CURVE('',#3915,#636,#3923,.T.);
#3923 = LINE('',#3924,#3925);
#3924 = CARTESIAN_POINT('',(-1.675570189953,22.118034362793,5.5));
#3925 = VECTOR('',#3926,1.);
#3926 = DIRECTION('',(0.,0.,-1.));
#3927 = ORIENTED_EDGE('',*,*,#635,.F.);
#3928 = PLANE('',#3929);
#3929 = AXIS2_PLACEMENT_3D('',#3930,#3931,#3932);
#3930 = CARTESIAN_POINT('',(-1.794891834259,22.016123771667,2.75));
#3931 = DIRECTION('',(-0.649449077744,0.760405086397,0.));
#3932 = DIRECTION('',(0.760405086397,0.649449077744,0.));
#3933 = ADVANCED_FACE('',(#3934),#3952,.T.);
#3934 = FACE_BOUND('',#3935,.T.);
#3935 = EDGE_LOOP('',(#3936,#3937,#3945,#3951));
#3936 = ORIENTED_EDGE('',*,*,#3922,.F.);
#3937 = ORIENTED_EDGE('',*,*,#3938,.T.);
#3938 = EDGE_CURVE('',#3915,#3939,#3941,.T.);
#3939 = VERTEX_POINT('',#3940);
#3940 = CARTESIAN_POINT('',(-1.407980799675,22.282012939453,
    4.749999879655));
#3941 = LINE('',#3942,#3943);
#3942 = CARTESIAN_POINT('',(7.622709002188E-02,23.191534415501,
    4.749999879655));
#3943 = VECTOR('',#3944,1.);
#3944 = DIRECTION('',(0.852640750056,0.522497608935,0.));
#3945 = ORIENTED_EDGE('',*,*,#3946,.T.);
#3946 = EDGE_CURVE('',#3939,#644,#3947,.T.);
#3947 = LINE('',#3948,#3949);
#3948 = CARTESIAN_POINT('',(-1.407980799675,22.282012939453,5.5));
#3949 = VECTOR('',#3950,1.);
#3950 = DIRECTION('',(0.,0.,-1.));
#3951 = ORIENTED_EDGE('',*,*,#643,.F.);
#3952 = PLANE('',#3953);
#3953 = AXIS2_PLACEMENT_3D('',#3954,#3955,#3956);
#3954 = CARTESIAN_POINT('',(-1.541775494814,22.200023651123,2.75));
#3955 = DIRECTION('',(-0.522497608935,0.852640750056,0.));
#3956 = DIRECTION('',(0.852640750056,0.522497608935,0.));
#3957 = ADVANCED_FACE('',(#3958),#3976,.T.);
#3958 = FACE_BOUND('',#3959,.T.);
#3959 = EDGE_LOOP('',(#3960,#3961,#3969,#3975));
#3960 = ORIENTED_EDGE('',*,*,#3946,.F.);
#3961 = ORIENTED_EDGE('',*,*,#3962,.T.);
#3962 = EDGE_CURVE('',#3939,#3963,#3965,.T.);
#3963 = VERTEX_POINT('',#3964);
#3964 = CARTESIAN_POINT('',(-1.118033766747,22.402112960815,
    4.749999879655));
#3965 = LINE('',#3966,#3967);
#3966 = CARTESIAN_POINT('',(0.297652796928,22.988509672044,
    4.749999879655));
#3967 = VECTOR('',#3968,1.);
#3968 = DIRECTION('',(0.92387950102,0.382683508391,0.));
#3969 = ORIENTED_EDGE('',*,*,#3970,.T.);
#3970 = EDGE_CURVE('',#3963,#652,#3971,.T.);
#3971 = LINE('',#3972,#3973);
#3972 = CARTESIAN_POINT('',(-1.118033766747,22.402112960815,5.5));
#3973 = VECTOR('',#3974,1.);
#3974 = DIRECTION('',(0.,0.,-1.));
#3975 = ORIENTED_EDGE('',*,*,#651,.F.);
#3976 = PLANE('',#3977);
#3977 = AXIS2_PLACEMENT_3D('',#3978,#3979,#3980);
#3978 = CARTESIAN_POINT('',(-1.263007283211,22.342062950134,2.75));
#3979 = DIRECTION('',(-0.382683508391,0.92387950102,0.));
#3980 = DIRECTION('',(0.92387950102,0.382683508391,0.));
#3981 = ADVANCED_FACE('',(#3982),#4000,.T.);
#3982 = FACE_BOUND('',#3983,.T.);
#3983 = EDGE_LOOP('',(#3984,#3985,#3993,#3999));
#3984 = ORIENTED_EDGE('',*,*,#3970,.F.);
#3985 = ORIENTED_EDGE('',*,*,#3986,.T.);
#3986 = EDGE_CURVE('',#3963,#3987,#3989,.T.);
#3987 = VERTEX_POINT('',#3988);
#3988 = CARTESIAN_POINT('',(-0.812868595123,22.47537612915,
    4.749999879655));
#3989 = LINE('',#3990,#3991);
#3990 = CARTESIAN_POINT('',(0.434041920831,22.774730785329,
    4.749999879655));
#3991 = VECTOR('',#3992,1.);
#3992 = DIRECTION('',(0.972370287382,0.23344383525,0.));
#3993 = ORIENTED_EDGE('',*,*,#3994,.T.);
#3994 = EDGE_CURVE('',#3987,#660,#3995,.T.);
#3995 = LINE('',#3996,#3997);
#3996 = CARTESIAN_POINT('',(-0.812868595123,22.47537612915,5.5));
#3997 = VECTOR('',#3998,1.);
#3998 = DIRECTION('',(0.,0.,-1.));
#3999 = ORIENTED_EDGE('',*,*,#659,.F.);
#4000 = PLANE('',#4001);
#4001 = AXIS2_PLACEMENT_3D('',#4002,#4003,#4004);
#4002 = CARTESIAN_POINT('',(-0.965451180935,22.438744544983,2.75));
#4003 = DIRECTION('',(-0.23344383525,0.972370287382,0.));
#4004 = DIRECTION('',(0.972370287382,0.23344383525,0.));
#4005 = ADVANCED_FACE('',(#4006),#4024,.T.);
#4006 = FACE_BOUND('',#4007,.T.);
#4007 = EDGE_LOOP('',(#4008,#4009,#4017,#4023));
#4008 = ORIENTED_EDGE('',*,*,#3994,.F.);
#4009 = ORIENTED_EDGE('',*,*,#4010,.T.);
#4010 = EDGE_CURVE('',#3987,#4011,#4013,.T.);
#4011 = VERTEX_POINT('',#4012);
#4012 = CARTESIAN_POINT('',(-0.5,22.5,4.749999879655));
#4013 = LINE('',#4014,#4015);
#4014 = CARTESIAN_POINT('',(0.493845781316,22.578219196637,
    4.749999879655));
#4015 = VECTOR('',#4016,1.);
#4016 = DIRECTION('',(0.996917189577,7.84609273878E-02,0.));
#4017 = ORIENTED_EDGE('',*,*,#4018,.F.);
#4018 = EDGE_CURVE('',#668,#4011,#4019,.T.);
#4019 = LINE('',#4020,#4021);
#4020 = CARTESIAN_POINT('',(-0.5,22.5,1.72E-15));
#4021 = VECTOR('',#4022,1.);
#4022 = DIRECTION('',(0.,0.,1.));
#4023 = ORIENTED_EDGE('',*,*,#667,.F.);
#4024 = PLANE('',#4025);
#4025 = AXIS2_PLACEMENT_3D('',#4026,#4027,#4028);
#4026 = CARTESIAN_POINT('',(-0.656434297562,22.487688064575,2.75));
#4027 = DIRECTION('',(-7.84609273878E-02,0.996917189577,0.));
#4028 = DIRECTION('',(0.996917189577,7.84609273878E-02,0.));
#4029 = ADVANCED_FACE('',(#4030),#4048,.T.);
#4030 = FACE_BOUND('',#4031,.T.);
#4031 = EDGE_LOOP('',(#4032,#4033,#4034,#4042));
#4032 = ORIENTED_EDGE('',*,*,#675,.F.);
#4033 = ORIENTED_EDGE('',*,*,#4018,.T.);
#4034 = ORIENTED_EDGE('',*,*,#4035,.T.);
#4035 = EDGE_CURVE('',#4011,#4036,#4038,.T.);
#4036 = VERTEX_POINT('',#4037);
#4037 = CARTESIAN_POINT('',(-0.18713092804,22.52462387085,4.749999879655
    ));
#4038 = LINE('',#4039,#4040);
#4039 = CARTESIAN_POINT('',(0.650280098992,22.590530995668,
    4.749999879655));
#4040 = VECTOR('',#4041,1.);
#4041 = DIRECTION('',(0.99691719893,7.84608085433E-02,0.));
#4042 = ORIENTED_EDGE('',*,*,#4043,.T.);
#4043 = EDGE_CURVE('',#4036,#676,#4044,.T.);
#4044 = LINE('',#4045,#4046);
#4045 = CARTESIAN_POINT('',(-0.18713092804,22.52462387085,5.5));
#4046 = VECTOR('',#4047,1.);
#4047 = DIRECTION('',(0.,0.,-1.));
#4048 = PLANE('',#4049);
#4049 = AXIS2_PLACEMENT_3D('',#4050,#4051,#4052);
#4050 = CARTESIAN_POINT('',(-0.34356546402,22.512311935425,2.75));
#4051 = DIRECTION('',(-7.84608085433E-02,0.99691719893,0.));
#4052 = DIRECTION('',(0.99691719893,7.84608085433E-02,0.));
#4053 = ADVANCED_FACE('',(#4054),#4072,.T.);
#4054 = FACE_BOUND('',#4055,.T.);
#4055 = EDGE_LOOP('',(#4056,#4057,#4065,#4071));
#4056 = ORIENTED_EDGE('',*,*,#4043,.F.);
#4057 = ORIENTED_EDGE('',*,*,#4058,.T.);
#4058 = EDGE_CURVE('',#4036,#4059,#4061,.T.);
#4059 = VERTEX_POINT('',#4060);
#4060 = CARTESIAN_POINT('',(0.118034124374,22.597887039185,
    4.749999879655));
#4061 = LINE('',#4062,#4063);
#4062 = CARTESIAN_POINT('',(0.910953994762,22.788249013732,
    4.749999879655));
#4063 = VECTOR('',#4064,1.);
#4064 = DIRECTION('',(0.972370266682,0.233443921472,0.));
#4065 = ORIENTED_EDGE('',*,*,#4066,.T.);
#4066 = EDGE_CURVE('',#4059,#684,#4067,.T.);
#4067 = LINE('',#4068,#4069);
#4068 = CARTESIAN_POINT('',(0.118034124374,22.597887039185,5.5));
#4069 = VECTOR('',#4070,1.);
#4070 = DIRECTION('',(0.,0.,-1.));
#4071 = ORIENTED_EDGE('',*,*,#683,.F.);
#4072 = PLANE('',#4073);
#4073 = AXIS2_PLACEMENT_3D('',#4074,#4075,#4076);
#4074 = CARTESIAN_POINT('',(-3.454840183258E-02,22.561255455017,2.75));
#4075 = DIRECTION('',(-0.233443921472,0.972370266682,0.));
#4076 = DIRECTION('',(0.972370266682,0.233443921472,0.));
#4077 = ADVANCED_FACE('',(#4078),#4096,.T.);
#4078 = FACE_BOUND('',#4079,.T.);
#4079 = EDGE_LOOP('',(#4080,#4081,#4089,#4095));
#4080 = ORIENTED_EDGE('',*,*,#4066,.F.);
#4081 = ORIENTED_EDGE('',*,*,#4082,.T.);
#4082 = EDGE_CURVE('',#4059,#4083,#4085,.T.);
#4083 = VERTEX_POINT('',#4084);
#4084 = CARTESIAN_POINT('',(0.407981157303,22.717987060547,
    4.749999879655));
#4085 = LINE('',#4086,#4087);
#4086 = CARTESIAN_POINT('',(1.116560970446,23.011490497488,
    4.749999879655));
#4087 = VECTOR('',#4088,1.);
#4088 = DIRECTION('',(0.92387950102,0.382683508391,0.));
#4089 = ORIENTED_EDGE('',*,*,#4090,.T.);
#4090 = EDGE_CURVE('',#4083,#692,#4091,.T.);
#4091 = LINE('',#4092,#4093);
#4092 = CARTESIAN_POINT('',(0.407981157303,22.717987060547,5.5));
#4093 = VECTOR('',#4094,1.);
#4094 = DIRECTION('',(0.,0.,-1.));
#4095 = ORIENTED_EDGE('',*,*,#691,.F.);
#4096 = PLANE('',#4097);
#4097 = AXIS2_PLACEMENT_3D('',#4098,#4099,#4100);
#4098 = CARTESIAN_POINT('',(0.263007640839,22.657937049866,2.75));
#4099 = DIRECTION('',(-0.382683508391,0.92387950102,0.));
#4100 = DIRECTION('',(0.92387950102,0.382683508391,0.));
#4101 = ADVANCED_FACE('',(#4102),#4120,.T.);
#4102 = FACE_BOUND('',#4103,.T.);
#4103 = EDGE_LOOP('',(#4104,#4105,#4113,#4119));
#4104 = ORIENTED_EDGE('',*,*,#4090,.F.);
#4105 = ORIENTED_EDGE('',*,*,#4106,.T.);
#4106 = EDGE_CURVE('',#4083,#4107,#4109,.T.);
#4107 = VERTEX_POINT('',#4108);
#4108 = CARTESIAN_POINT('',(0.675570726395,22.881965637207,
    4.749999879655));
#4109 = LINE('',#4110,#4111);
#4110 = CARTESIAN_POINT('',(1.268771210404,23.245478203755,
    4.749999879655));
#4111 = VECTOR('',#4112,1.);
#4112 = DIRECTION('',(0.852640905605,0.522497355102,0.));
#4113 = ORIENTED_EDGE('',*,*,#4114,.T.);
#4114 = EDGE_CURVE('',#4107,#700,#4115,.T.);
#4115 = LINE('',#4116,#4117);
#4116 = CARTESIAN_POINT('',(0.675570726395,22.881965637207,5.5));
#4117 = VECTOR('',#4118,1.);
#4118 = DIRECTION('',(0.,0.,-1.));
#4119 = ORIENTED_EDGE('',*,*,#699,.F.);
#4120 = PLANE('',#4121);
#4121 = AXIS2_PLACEMENT_3D('',#4122,#4123,#4124);
#4122 = CARTESIAN_POINT('',(0.541775941849,22.799976348877,2.75));
#4123 = DIRECTION('',(-0.522497355102,0.852640905605,0.));
#4124 = DIRECTION('',(0.852640905605,0.522497355102,0.));
#4125 = ADVANCED_FACE('',(#4126),#4144,.T.);
#4126 = FACE_BOUND('',#4127,.T.);
#4127 = EDGE_LOOP('',(#4128,#4129,#4137,#4143));
#4128 = ORIENTED_EDGE('',*,*,#4114,.F.);
#4129 = ORIENTED_EDGE('',*,*,#4130,.T.);
#4130 = EDGE_CURVE('',#4107,#4131,#4133,.T.);
#4131 = VERTEX_POINT('',#4132);
#4132 = CARTESIAN_POINT('',(0.914213657379,23.085786819458,
    4.749999879655));
#4133 = LINE('',#4134,#4135);
#4134 = CARTESIAN_POINT('',(1.373108896844,23.47772204189,4.749999879655
    ));
#4135 = VECTOR('',#4136,1.);
#4136 = DIRECTION('',(0.760404605759,0.649449640496,0.));
#4137 = ORIENTED_EDGE('',*,*,#4138,.T.);
#4138 = EDGE_CURVE('',#4131,#708,#4139,.T.);
#4139 = LINE('',#4140,#4141);
#4140 = CARTESIAN_POINT('',(0.914213657379,23.085786819458,5.5));
#4141 = VECTOR('',#4142,1.);
#4142 = DIRECTION('',(0.,0.,-1.));
#4143 = ORIENTED_EDGE('',*,*,#707,.F.);
#4144 = PLANE('',#4145);
#4145 = AXIS2_PLACEMENT_3D('',#4146,#4147,#4148);
#4146 = CARTESIAN_POINT('',(0.794892191887,22.983876228333,2.75));
#4147 = DIRECTION('',(-0.649449640496,0.760404605759,0.));
#4148 = DIRECTION('',(0.760404605759,0.649449640496,0.));
#4149 = ADVANCED_FACE('',(#4150),#4168,.T.);
#4150 = FACE_BOUND('',#4151,.T.);
#4151 = EDGE_LOOP('',(#4152,#4153,#4161,#4167));
#4152 = ORIENTED_EDGE('',*,*,#4138,.F.);
#4153 = ORIENTED_EDGE('',*,*,#4154,.T.);
#4154 = EDGE_CURVE('',#4131,#4155,#4157,.T.);
#4155 = VERTEX_POINT('',#4156);
#4156 = CARTESIAN_POINT('',(1.118034124374,23.324430465698,
    4.749999879655));
#4157 = LINE('',#4158,#4159);
#4158 = CARTESIAN_POINT('',(1.437906086265,23.698953262358,
    4.749999879655));
#4159 = VECTOR('',#4160,1.);
#4160 = DIRECTION('',(0.649447197195,0.760406692537,0.));
#4161 = ORIENTED_EDGE('',*,*,#4162,.T.);
#4162 = EDGE_CURVE('',#4155,#716,#4163,.T.);
#4163 = LINE('',#4164,#4165);
#4164 = CARTESIAN_POINT('',(1.118034124374,23.324430465698,5.5));
#4165 = VECTOR('',#4166,1.);
#4166 = DIRECTION('',(0.,0.,-1.));
#4167 = ORIENTED_EDGE('',*,*,#715,.F.);
#4168 = PLANE('',#4169);
#4169 = AXIS2_PLACEMENT_3D('',#4170,#4171,#4172);
#4170 = CARTESIAN_POINT('',(1.016123890877,23.205108642578,2.75));
#4171 = DIRECTION('',(-0.760406692537,0.649447197195,0.));
#4172 = DIRECTION('',(-0.649447197195,-0.760406692537,0.));
#4173 = ADVANCED_FACE('',(#4174),#4192,.T.);
#4174 = FACE_BOUND('',#4175,.T.);
#4175 = EDGE_LOOP('',(#4176,#4177,#4185,#4191));
#4176 = ORIENTED_EDGE('',*,*,#4162,.F.);
#4177 = ORIENTED_EDGE('',*,*,#4178,.T.);
#4178 = EDGE_CURVE('',#4155,#4179,#4181,.T.);
#4179 = VERTEX_POINT('',#4180);
#4180 = CARTESIAN_POINT('',(1.282013177872,23.59202003479,4.749999879655
    ));
#4181 = LINE('',#4182,#4183);
#4182 = CARTESIAN_POINT('',(1.473028114308,23.903728167268,
    4.749999879655));
#4183 = VECTOR('',#4184,1.);
#4184 = DIRECTION('',(0.522498459686,0.852640228716,0.));
#4185 = ORIENTED_EDGE('',*,*,#4186,.T.);
#4186 = EDGE_CURVE('',#4179,#724,#4187,.T.);
#4187 = LINE('',#4188,#4189);
#4188 = CARTESIAN_POINT('',(1.282013177872,23.59202003479,5.5));
#4189 = VECTOR('',#4190,1.);
#4190 = DIRECTION('',(0.,0.,-1.));
#4191 = ORIENTED_EDGE('',*,*,#723,.F.);
#4192 = PLANE('',#4193);
#4193 = AXIS2_PLACEMENT_3D('',#4194,#4195,#4196);
#4194 = CARTESIAN_POINT('',(1.200023651123,23.458225250244,2.75));
#4195 = DIRECTION('',(-0.852640228716,0.522498459686,0.));
#4196 = DIRECTION('',(-0.522498459686,-0.852640228716,0.));
#4197 = ADVANCED_FACE('',(#4198),#4216,.T.);
#4198 = FACE_BOUND('',#4199,.T.);
#4199 = EDGE_LOOP('',(#4200,#4201,#4209,#4215));
#4200 = ORIENTED_EDGE('',*,*,#4186,.F.);
#4201 = ORIENTED_EDGE('',*,*,#4202,.T.);
#4202 = EDGE_CURVE('',#4179,#4203,#4205,.T.);
#4203 = VERTEX_POINT('',#4204);
#4204 = CARTESIAN_POINT('',(1.402113199234,23.881965637207,
    4.749999879655));
#4205 = LINE('',#4206,#4207);
#4206 = CARTESIAN_POINT('',(1.488510323514,24.090545668771,
    4.749999879655));
#4207 = VECTOR('',#4208,1.);
#4208 = DIRECTION('',(0.382685119945,0.923878833491,0.));
#4209 = ORIENTED_EDGE('',*,*,#4210,.T.);
#4210 = EDGE_CURVE('',#4203,#732,#4211,.T.);
#4211 = LINE('',#4212,#4213);
#4212 = CARTESIAN_POINT('',(1.402113199234,23.881965637207,5.5));
#4213 = VECTOR('',#4214,1.);
#4214 = DIRECTION('',(0.,0.,-1.));
#4215 = ORIENTED_EDGE('',*,*,#731,.F.);
#4216 = PLANE('',#4217);
#4217 = AXIS2_PLACEMENT_3D('',#4218,#4219,#4220);
#4218 = CARTESIAN_POINT('',(1.342063188553,23.736992835999,2.75));
#4219 = DIRECTION('',(-0.923878833491,0.382685119945,0.));
#4220 = DIRECTION('',(-0.382685119945,-0.923878833491,0.));
#4221 = ADVANCED_FACE('',(#4222),#4240,.T.);
#4222 = FACE_BOUND('',#4223,.T.);
#4223 = EDGE_LOOP('',(#4224,#4225,#4233,#4239));
#4224 = ORIENTED_EDGE('',*,*,#4210,.F.);
#4225 = ORIENTED_EDGE('',*,*,#4226,.T.);
#4226 = EDGE_CURVE('',#4203,#4227,#4229,.T.);
#4227 = VERTEX_POINT('',#4228);
#4228 = CARTESIAN_POINT('',(1.475376844406,24.187129974365,
    4.749999879655));
#4229 = LINE('',#4230,#4231);
#4230 = CARTESIAN_POINT('',(1.493241955031,24.261543343088,
    4.749999879655));
#4231 = VECTOR('',#4232,1.);
#4232 = DIRECTION('',(0.233445875393,0.972369797588,0.));
#4233 = ORIENTED_EDGE('',*,*,#4234,.T.);
#4234 = EDGE_CURVE('',#4227,#740,#4235,.T.);
#4235 = LINE('',#4236,#4237);
#4236 = CARTESIAN_POINT('',(1.475376844406,24.187129974365,5.5));
#4237 = VECTOR('',#4238,1.);
#4238 = DIRECTION('',(0.,0.,-1.));
#4239 = ORIENTED_EDGE('',*,*,#739,.F.);
#4240 = PLANE('',#4241);
#4241 = AXIS2_PLACEMENT_3D('',#4242,#4243,#4244);
#4242 = CARTESIAN_POINT('',(1.43874502182,24.034547805786,2.75));
#4243 = DIRECTION('',(-0.972369797588,0.233445875393,0.));
#4244 = DIRECTION('',(-0.233445875393,-0.972369797588,0.));
#4245 = ADVANCED_FACE('',(#4246),#4257,.T.);
#4246 = FACE_BOUND('',#4247,.T.);
#4247 = EDGE_LOOP('',(#4248,#4249,#4255,#4256));
#4248 = ORIENTED_EDGE('',*,*,#4234,.F.);
#4249 = ORIENTED_EDGE('',*,*,#4250,.T.);
#4250 = EDGE_CURVE('',#4227,#3066,#4251,.T.);
#4251 = LINE('',#4252,#4253);
#4252 = CARTESIAN_POINT('',(1.493844211102,24.421782493591,
    4.749999879655));
#4253 = VECTOR('',#4254,1.);
#4254 = DIRECTION('',(7.845830582101E-02,0.9969173959,0.));
#4255 = ORIENTED_EDGE('',*,*,#3065,.F.);
#4256 = ORIENTED_EDGE('',*,*,#747,.F.);
#4257 = PLANE('',#4258);
#4258 = AXIS2_PLACEMENT_3D('',#4259,#4260,#4261);
#4259 = CARTESIAN_POINT('',(1.487688422203,24.343564987183,2.75));
#4260 = DIRECTION('',(-0.9969173959,7.845830582101E-02,0.));
#4261 = DIRECTION('',(-7.845830582101E-02,-0.9969173959,0.));
#4262 = ADVANCED_FACE('',(#4263),#4274,.T.);
#4263 = FACE_BOUND('',#4264,.T.);
#4264 = EDGE_LOOP('',(#4265,#4271,#4272,#4273));
#4265 = ORIENTED_EDGE('',*,*,#4266,.F.);
#4266 = EDGE_CURVE('',#764,#1190,#4267,.T.);
#4267 = LINE('',#4268,#4269);
#4268 = CARTESIAN_POINT('',(1.643416881561,27.79877281189,8.7E-16));
#4269 = VECTOR('',#4270,1.);
#4270 = DIRECTION('',(0.,0.,1.));
#4271 = ORIENTED_EDGE('',*,*,#763,.F.);
#4272 = ORIENTED_EDGE('',*,*,#3058,.F.);
#4273 = ORIENTED_EDGE('',*,*,#1197,.F.);
#4274 = PLANE('',#4275);
#4275 = AXIS2_PLACEMENT_3D('',#4276,#4277,#4278);
#4276 = CARTESIAN_POINT('',(1.571708440781,26.764131546021,8.));
#4277 = DIRECTION('',(-0.997606850698,6.91416765748E-02,0.));
#4278 = DIRECTION('',(-6.91416765748E-02,-0.997606850698,0.));
#4279 = ADVANCED_FACE('',(#4280),#4291,.T.);
#4280 = FACE_BOUND('',#4281,.T.);
#4281 = EDGE_LOOP('',(#4282,#4288,#4289,#4290));
#4282 = ORIENTED_EDGE('',*,*,#4283,.F.);
#4283 = EDGE_CURVE('',#772,#1182,#4284,.T.);
#4284 = LINE('',#4285,#4286);
#4285 = CARTESIAN_POINT('',(2.070924758911,29.828489303589,8.7E-16));
#4286 = VECTOR('',#4287,1.);
#4287 = DIRECTION('',(0.,0.,1.));
#4288 = ORIENTED_EDGE('',*,*,#771,.F.);
#4289 = ORIENTED_EDGE('',*,*,#4266,.T.);
#4290 = ORIENTED_EDGE('',*,*,#1189,.F.);
#4291 = PLANE('',#4292);
#4292 = AXIS2_PLACEMENT_3D('',#4293,#4294,#4295);
#4293 = CARTESIAN_POINT('',(1.857170820236,28.813631057739,8.));
#4294 = DIRECTION('',(-0.978530426495,0.206102412462,0.));
#4295 = DIRECTION('',(-0.206102412462,-0.978530426495,0.));
#4296 = ADVANCED_FACE('',(#4297),#4308,.T.);
#4297 = FACE_BOUND('',#4298,.T.);
#4298 = EDGE_LOOP('',(#4299,#4305,#4306,#4307));
#4299 = ORIENTED_EDGE('',*,*,#4300,.F.);
#4300 = EDGE_CURVE('',#780,#1174,#4301,.T.);
#4301 = LINE('',#4302,#4303);
#4302 = CARTESIAN_POINT('',(2.774348735809,31.779821395874,8.7E-16));
#4303 = VECTOR('',#4304,1.);
#4304 = DIRECTION('',(0.,0.,1.));
#4305 = ORIENTED_EDGE('',*,*,#779,.F.);
#4306 = ORIENTED_EDGE('',*,*,#4283,.T.);
#4307 = ORIENTED_EDGE('',*,*,#1181,.F.);
#4308 = PLANE('',#4309);
#4309 = AXIS2_PLACEMENT_3D('',#4310,#4311,#4312);
#4310 = CARTESIAN_POINT('',(2.42263674736,30.804155349731,8.));
#4311 = DIRECTION('',(-0.940742219946,0.339122508263,0.));
#4312 = DIRECTION('',(-0.339122508263,-0.940742219946,0.));
#4313 = ADVANCED_FACE('',(#4314),#4325,.T.);
#4314 = FACE_BOUND('',#4315,.T.);
#4315 = EDGE_LOOP('',(#4316,#4322,#4323,#4324));
#4316 = ORIENTED_EDGE('',*,*,#4317,.F.);
#4317 = EDGE_CURVE('',#788,#1166,#4318,.T.);
#4318 = LINE('',#4319,#4320);
#4319 = CARTESIAN_POINT('',(3.740238189697,33.615455627441,8.7E-16));
#4320 = VECTOR('',#4321,1.);
#4321 = DIRECTION('',(0.,0.,1.));
#4322 = ORIENTED_EDGE('',*,*,#787,.F.);
#4323 = ORIENTED_EDGE('',*,*,#4300,.T.);
#4324 = ORIENTED_EDGE('',*,*,#1173,.F.);
#4325 = PLANE('',#4326);
#4326 = AXIS2_PLACEMENT_3D('',#4327,#4328,#4329);
#4327 = CARTESIAN_POINT('',(3.257293462753,32.697638511658,8.));
#4328 = DIRECTION('',(-0.884964678604,0.465658155327,0.));
#4329 = DIRECTION('',(-0.465658155327,-0.884964678604,0.));
#4330 = ADVANCED_FACE('',(#4331),#4342,.T.);
#4331 = FACE_BOUND('',#4332,.T.);
#4332 = EDGE_LOOP('',(#4333,#4339,#4340,#4341));
#4333 = ORIENTED_EDGE('',*,*,#4334,.F.);
#4334 = EDGE_CURVE('',#796,#1158,#4335,.T.);
#4335 = LINE('',#4336,#4337);
#4336 = CARTESIAN_POINT('',(4.950122356415,35.300296783447,8.7E-16));
#4337 = VECTOR('',#4338,1.);
#4338 = DIRECTION('',(0.,0.,1.));
#4339 = ORIENTED_EDGE('',*,*,#795,.F.);
#4340 = ORIENTED_EDGE('',*,*,#4317,.T.);
#4341 = ORIENTED_EDGE('',*,*,#1165,.F.);
#4342 = PLANE('',#4343);
#4343 = AXIS2_PLACEMENT_3D('',#4344,#4345,#4346);
#4344 = CARTESIAN_POINT('',(4.345180273056,34.457876205444,8.));
#4345 = DIRECTION('',(-0.812265575326,0.583287780723,0.));
#4346 = DIRECTION('',(-0.583287780723,-0.812265575326,0.));
#4347 = ADVANCED_FACE('',(#4348),#4359,.T.);
#4348 = FACE_BOUND('',#4349,.T.);
#4349 = EDGE_LOOP('',(#4350,#4356,#4357,#4358));
#4350 = ORIENTED_EDGE('',*,*,#4351,.F.);
#4351 = EDGE_CURVE('',#804,#1150,#4352,.T.);
#4352 = LINE('',#4353,#4354);
#4353 = CARTESIAN_POINT('',(6.380867004395,36.80212020874,8.7E-16));
#4354 = VECTOR('',#4355,1.);
#4355 = DIRECTION('',(0.,0.,1.));
#4356 = ORIENTED_EDGE('',*,*,#803,.F.);
#4357 = ORIENTED_EDGE('',*,*,#4334,.T.);
#4358 = ORIENTED_EDGE('',*,*,#1157,.F.);
#4359 = PLANE('',#4360);
#4360 = AXIS2_PLACEMENT_3D('',#4361,#4362,#4363);
#4361 = CARTESIAN_POINT('',(5.665494680405,36.051208496094,8.));
#4362 = DIRECTION('',(-0.724032799038,0.689765544164,0.));
#4363 = DIRECTION('',(-0.689765544164,-0.724032799038,0.));
#4364 = ADVANCED_FACE('',(#4365),#4376,.T.);
#4365 = FACE_BOUND('',#4366,.T.);
#4366 = EDGE_LOOP('',(#4367,#4373,#4374,#4375));
#4367 = ORIENTED_EDGE('',*,*,#4368,.F.);
#4368 = EDGE_CURVE('',#812,#1142,#4369,.T.);
#4369 = LINE('',#4370,#4371);
#4370 = CARTESIAN_POINT('',(8.005109786987,38.092212677002,8.7E-16));
#4371 = VECTOR('',#4372,1.);
#4372 = DIRECTION('',(0.,0.,1.));
#4373 = ORIENTED_EDGE('',*,*,#811,.F.);
#4374 = ORIENTED_EDGE('',*,*,#4351,.T.);
#4375 = ORIENTED_EDGE('',*,*,#1149,.F.);
#4376 = PLANE('',#4377);
#4377 = AXIS2_PLACEMENT_3D('',#4378,#4379,#4380);
#4378 = CARTESIAN_POINT('',(7.192988395691,37.447166442871,8.));
#4379 = DIRECTION('',(-0.621956826737,0.783051534495,0.));
#4380 = DIRECTION('',(0.783051534495,0.621956826737,0.));
#4381 = ADVANCED_FACE('',(#4382),#4393,.T.);
#4382 = FACE_BOUND('',#4383,.T.);
#4383 = EDGE_LOOP('',(#4384,#4390,#4391,#4392));
#4384 = ORIENTED_EDGE('',*,*,#4385,.F.);
#4385 = EDGE_CURVE('',#820,#1134,#4386,.T.);
#4386 = LINE('',#4387,#4388);
#4387 = CARTESIAN_POINT('',(9.791796684265,39.145896911621,8.7E-16));
#4388 = VECTOR('',#4389,1.);
#4389 = DIRECTION('',(0.,0.,1.));
#4390 = ORIENTED_EDGE('',*,*,#819,.F.);
#4391 = ORIENTED_EDGE('',*,*,#4368,.T.);
#4392 = ORIENTED_EDGE('',*,*,#1141,.F.);
#4393 = PLANE('',#4394);
#4394 = AXIS2_PLACEMENT_3D('',#4395,#4396,#4397);
#4395 = CARTESIAN_POINT('',(8.898453235626,38.619054794312,8.));
#4396 = DIRECTION('',(-0.507983979072,0.861366517231,0.));
#4397 = DIRECTION('',(0.861366517231,0.507983979072,0.));
#4398 = ADVANCED_FACE('',(#4399),#4410,.T.);
#4399 = FACE_BOUND('',#4400,.T.);
#4400 = EDGE_LOOP('',(#4401,#4402,#4403,#4409));
#4401 = ORIENTED_EDGE('',*,*,#4385,.T.);
#4402 = ORIENTED_EDGE('',*,*,#1133,.T.);
#4403 = ORIENTED_EDGE('',*,*,#4404,.T.);
#4404 = EDGE_CURVE('',#1126,#828,#4405,.T.);
#4405 = LINE('',#4406,#4407);
#4406 = CARTESIAN_POINT('',(11.402591705322,39.951293945312,16.));
#4407 = VECTOR('',#4408,1.);
#4408 = DIRECTION('',(0.,0.,-1.));
#4409 = ORIENTED_EDGE('',*,*,#827,.T.);
#4410 = PLANE('',#4411);
#4411 = AXIS2_PLACEMENT_3D('',#4412,#4413,#4414);
#4412 = CARTESIAN_POINT('',(10.597194194794,39.548595428467,8.));
#4413 = DIRECTION('',(-0.447213383681,0.894427296909,0.));
#4414 = DIRECTION('',(0.894427296909,0.447213383681,0.));
#4415 = ADVANCED_FACE('',(#4416),#4427,.T.);
#4416 = FACE_BOUND('',#4417,.T.);
#4417 = EDGE_LOOP('',(#4418,#4424,#4425,#4426));
#4418 = ORIENTED_EDGE('',*,*,#4419,.F.);
#4419 = EDGE_CURVE('',#836,#1118,#4420,.T.);
#4420 = LINE('',#4421,#4422);
#4421 = CARTESIAN_POINT('',(12.71395111084,40.494358062744,8.7E-16));
#4422 = VECTOR('',#4423,1.);
#4423 = DIRECTION('',(0.,0.,1.));
#4424 = ORIENTED_EDGE('',*,*,#835,.F.);
#4425 = ORIENTED_EDGE('',*,*,#4404,.F.);
#4426 = ORIENTED_EDGE('',*,*,#1125,.F.);
#4427 = PLANE('',#4428);
#4428 = AXIS2_PLACEMENT_3D('',#4429,#4430,#4431);
#4429 = CARTESIAN_POINT('',(12.058271408081,40.222826004028,8.));
#4430 = DIRECTION('',(-0.382612029054,0.923909105498,0.));
#4431 = DIRECTION('',(0.923909105498,0.382612029054,0.));
#4432 = ADVANCED_FACE('',(#4433),#4439,.T.);
#4433 = FACE_BOUND('',#4434,.T.);
#4434 = EDGE_LOOP('',(#4435,#4436,#4437,#4438));
#4435 = ORIENTED_EDGE('',*,*,#1093,.F.);
#4436 = ORIENTED_EDGE('',*,*,#843,.F.);
#4437 = ORIENTED_EDGE('',*,*,#4419,.T.);
#4438 = ORIENTED_EDGE('',*,*,#1117,.F.);
#4439 = PLANE('',#4440);
#4440 = AXIS2_PLACEMENT_3D('',#4441,#4442,#4443);
#4441 = CARTESIAN_POINT('',(13.401469230652,40.670322418213,8.));
#4442 = DIRECTION('',(-0.247949138552,0.968773051179,0.));
#4443 = DIRECTION('',(0.968773051179,0.247949138552,0.));
#4444 = ADVANCED_FACE('',(#4445),#4461,.T.);
#4445 = FACE_BOUND('',#4446,.T.);
#4446 = EDGE_LOOP('',(#4447,#4453,#4454,#4460));
#4447 = ORIENTED_EDGE('',*,*,#4448,.F.);
#4448 = EDGE_CURVE('',#876,#1821,#4449,.T.);
#4449 = LINE('',#4450,#4451);
#4450 = CARTESIAN_POINT('',(39.107852935791,42.563041687012,8.7E-16));
#4451 = VECTOR('',#4452,1.);
#4452 = DIRECTION('',(0.,0.,1.));
#4453 = ORIENTED_EDGE('',*,*,#875,.F.);
#4454 = ORIENTED_EDGE('',*,*,#4455,.F.);
#4455 = EDGE_CURVE('',#1829,#868,#4456,.T.);
#4456 = LINE('',#4457,#4458);
#4457 = CARTESIAN_POINT('',(39.,44.027755737305,16.));
#4458 = VECTOR('',#4459,1.);
#4459 = DIRECTION('',(0.,0.,-1.));
#4460 = ORIENTED_EDGE('',*,*,#1828,.F.);
#4461 = PLANE('',#4462);
#4462 = AXIS2_PLACEMENT_3D('',#4463,#4464,#4465);
#4463 = CARTESIAN_POINT('',(39.053926467896,43.295398712158,8.));
#4464 = DIRECTION('',(0.997299982544,7.343531043492E-02,0.));
#4465 = DIRECTION('',(-7.343531043492E-02,0.997299982544,0.));
#4466 = ADVANCED_FACE('',(#4467),#4478,.T.);
#4467 = FACE_BOUND('',#4468,.T.);
#4468 = EDGE_LOOP('',(#4469,#4475,#4476,#4477));
#4469 = ORIENTED_EDGE('',*,*,#4470,.F.);
#4470 = EDGE_CURVE('',#884,#1813,#4471,.T.);
#4471 = LINE('',#4472,#4473);
#4472 = CARTESIAN_POINT('',(39.429080963135,41.129913330078,8.7E-16));
#4473 = VECTOR('',#4474,1.);
#4474 = DIRECTION('',(0.,0.,1.));
#4475 = ORIENTED_EDGE('',*,*,#883,.F.);
#4476 = ORIENTED_EDGE('',*,*,#4448,.T.);
#4477 = ORIENTED_EDGE('',*,*,#1820,.F.);
#4478 = PLANE('',#4479);
#4479 = AXIS2_PLACEMENT_3D('',#4480,#4481,#4482);
#4480 = CARTESIAN_POINT('',(39.268466949463,41.846477508545,8.));
#4481 = DIRECTION('',(0.975788181646,0.21871768232,0.));
#4482 = DIRECTION('',(-0.21871768232,0.975788181646,0.));
#4483 = ADVANCED_FACE('',(#4484),#4495,.T.);
#4484 = FACE_BOUND('',#4485,.T.);
#4485 = EDGE_LOOP('',(#4486,#4492,#4493,#4494));
#4486 = ORIENTED_EDGE('',*,*,#4487,.F.);
#4487 = EDGE_CURVE('',#892,#1805,#4488,.T.);
#4488 = LINE('',#4489,#4490);
#4489 = CARTESIAN_POINT('',(39.956756591797,39.759296417236,8.7E-16));
#4490 = VECTOR('',#4491,1.);
#4491 = DIRECTION('',(0.,0.,1.));
#4492 = ORIENTED_EDGE('',*,*,#891,.F.);
#4493 = ORIENTED_EDGE('',*,*,#4470,.T.);
#4494 = ORIENTED_EDGE('',*,*,#1812,.F.);
#4495 = PLANE('',#4496);
#4496 = AXIS2_PLACEMENT_3D('',#4497,#4498,#4499);
#4497 = CARTESIAN_POINT('',(39.692918777466,40.444604873657,8.));
#4498 = DIRECTION('',(0.933228005646,0.359284691405,0.));
#4499 = DIRECTION('',(-0.359284691405,0.933228005646,0.));
#4500 = ADVANCED_FACE('',(#4501),#4512,.T.);
#4501 = FACE_BOUND('',#4502,.T.);
#4502 = EDGE_LOOP('',(#4503,#4509,#4510,#4511));
#4503 = ORIENTED_EDGE('',*,*,#4504,.F.);
#4504 = EDGE_CURVE('',#900,#1797,#4505,.T.);
#4505 = LINE('',#4506,#4507);
#4506 = CARTESIAN_POINT('',(40.679500579834,38.480754852295,-6.07E-15));
#4507 = VECTOR('',#4508,1.);
#4508 = DIRECTION('',(0.,0.,1.));
#4509 = ORIENTED_EDGE('',*,*,#899,.F.);
#4510 = ORIENTED_EDGE('',*,*,#4487,.T.);
#4511 = ORIENTED_EDGE('',*,*,#1804,.F.);
#4512 = PLANE('',#4513);
#4513 = AXIS2_PLACEMENT_3D('',#4514,#4515,#4516);
#4514 = CARTESIAN_POINT('',(40.318128585815,39.120025634766,8.));
#4515 = DIRECTION('',(0.870536569903,0.492103729371,0.));
#4516 = DIRECTION('',(-0.492103729371,0.870536569903,0.));
#4517 = ADVANCED_FACE('',(#4518),#4529,.T.);
#4518 = FACE_BOUND('',#4519,.T.);
#4519 = EDGE_LOOP('',(#4520,#4526,#4527,#4528));
#4520 = ORIENTED_EDGE('',*,*,#4521,.T.);
#4521 = EDGE_CURVE('',#1789,#908,#4522,.T.);
#4522 = LINE('',#4523,#4524);
#4523 = CARTESIAN_POINT('',(41.320503234863,37.519245147705,16.));
#4524 = VECTOR('',#4525,1.);
#4525 = DIRECTION('',(0.,0.,-1.));
#4526 = ORIENTED_EDGE('',*,*,#907,.T.);
#4527 = ORIENTED_EDGE('',*,*,#4504,.T.);
#4528 = ORIENTED_EDGE('',*,*,#1796,.T.);
#4529 = PLANE('',#4530);
#4530 = AXIS2_PLACEMENT_3D('',#4531,#4532,#4533);
#4531 = CARTESIAN_POINT('',(41.000001907349,38.,8.));
#4532 = DIRECTION('',(0.832051817913,0.554697910856,0.));
#4533 = DIRECTION('',(-0.554697910856,0.832051817913,0.));
#4534 = ADVANCED_FACE('',(#4535),#4546,.T.);
#4535 = FACE_BOUND('',#4536,.T.);
#4536 = EDGE_LOOP('',(#4537,#4543,#4544,#4545));
#4537 = ORIENTED_EDGE('',*,*,#4538,.F.);
#4538 = EDGE_CURVE('',#916,#1781,#4539,.T.);
#4539 = LINE('',#4540,#4541);
#4540 = CARTESIAN_POINT('',(42.0432472229,36.240699768066,8.7E-16));
#4541 = VECTOR('',#4542,1.);
#4542 = DIRECTION('',(0.,0.,1.));
#4543 = ORIENTED_EDGE('',*,*,#915,.F.);
#4544 = ORIENTED_EDGE('',*,*,#4521,.F.);
#4545 = ORIENTED_EDGE('',*,*,#1788,.F.);
#4546 = PLANE('',#4547);
#4547 = AXIS2_PLACEMENT_3D('',#4548,#4549,#4550);
#4548 = CARTESIAN_POINT('',(41.681875228882,36.879972457886,8.));
#4549 = DIRECTION('',(0.870537198894,0.492102616679,0.));
#4550 = DIRECTION('',(-0.492102616679,0.870537198894,0.));
#4551 = ADVANCED_FACE('',(#4552),#4563,.T.);
#4552 = FACE_BOUND('',#4553,.T.);
#4553 = EDGE_LOOP('',(#4554,#4560,#4561,#4562));
#4554 = ORIENTED_EDGE('',*,*,#4555,.F.);
#4555 = EDGE_CURVE('',#924,#1773,#4556,.T.);
#4556 = LINE('',#4557,#4558);
#4557 = CARTESIAN_POINT('',(42.570922851562,34.870082855225,8.7E-16));
#4558 = VECTOR('',#4559,1.);
#4559 = DIRECTION('',(0.,0.,1.));
#4560 = ORIENTED_EDGE('',*,*,#923,.F.);
#4561 = ORIENTED_EDGE('',*,*,#4538,.T.);
#4562 = ORIENTED_EDGE('',*,*,#1780,.F.);
#4563 = PLANE('',#4564);
#4564 = AXIS2_PLACEMENT_3D('',#4565,#4566,#4567);
#4565 = CARTESIAN_POINT('',(42.307085037231,35.555391311646,8.));
#4566 = DIRECTION('',(0.933228005646,0.359284691405,0.));
#4567 = DIRECTION('',(-0.359284691405,0.933228005646,0.));
#4568 = ADVANCED_FACE('',(#4569),#4580,.T.);
#4569 = FACE_BOUND('',#4570,.T.);
#4570 = EDGE_LOOP('',(#4571,#4577,#4578,#4579));
#4571 = ORIENTED_EDGE('',*,*,#4572,.F.);
#4572 = EDGE_CURVE('',#932,#1765,#4573,.T.);
#4573 = LINE('',#4574,#4575);
#4574 = CARTESIAN_POINT('',(42.892150878906,33.436962127686,8.7E-16));
#4575 = VECTOR('',#4576,1.);
#4576 = DIRECTION('',(0.,0.,1.));
#4577 = ORIENTED_EDGE('',*,*,#931,.F.);
#4578 = ORIENTED_EDGE('',*,*,#4555,.T.);
#4579 = ORIENTED_EDGE('',*,*,#1772,.F.);
#4580 = PLANE('',#4581);
#4581 = AXIS2_PLACEMENT_3D('',#4582,#4583,#4584);
#4582 = CARTESIAN_POINT('',(42.731536865234,34.153522491455,8.));
#4583 = DIRECTION('',(0.975787933143,0.21871879099,0.));
#4584 = DIRECTION('',(-0.21871879099,0.975787933143,0.));
#4585 = ADVANCED_FACE('',(#4586),#4597,.T.);
#4586 = FACE_BOUND('',#4587,.T.);
#4587 = EDGE_LOOP('',(#4588,#4594,#4595,#4596));
#4588 = ORIENTED_EDGE('',*,*,#4589,.F.);
#4589 = EDGE_CURVE('',#940,#1757,#4590,.T.);
#4590 = LINE('',#4591,#4592);
#4591 = CARTESIAN_POINT('',(43.,31.972244262695,8.7E-16));
#4592 = VECTOR('',#4593,1.);
#4593 = DIRECTION('',(0.,0.,1.));
#4594 = ORIENTED_EDGE('',*,*,#939,.F.);
#4595 = ORIENTED_EDGE('',*,*,#4572,.T.);
#4596 = ORIENTED_EDGE('',*,*,#1764,.F.);
#4597 = PLANE('',#4598);
#4598 = AXIS2_PLACEMENT_3D('',#4599,#4600,#4601);
#4599 = CARTESIAN_POINT('',(42.946075439453,32.70460319519,8.));
#4600 = DIRECTION('',(0.997300186769,7.343253685954E-02,0.));
#4601 = DIRECTION('',(-7.343253685954E-02,0.997300186769,0.));
#4602 = ADVANCED_FACE('',(#4603,#4774),#5072,.T.);
#4603 = FACE_BOUND('',#4604,.T.);
#4604 = EDGE_LOOP('',(#4605,#4606,#4607,#4615,#4623,#4631,#4639,#4647,
    #4655,#4663,#4671,#4679,#4687,#4695,#4703,#4711,#4719,#4727,#4735,
    #4743,#4751,#4759,#4767,#4773));
#4605 = ORIENTED_EDGE('',*,*,#4589,.T.);
#4606 = ORIENTED_EDGE('',*,*,#1756,.T.);
#4607 = ORIENTED_EDGE('',*,*,#4608,.T.);
#4608 = EDGE_CURVE('',#1749,#4609,#4611,.T.);
#4609 = VERTEX_POINT('',#4610);
#4610 = CARTESIAN_POINT('',(43.,5.904958724976,15.913818359375));
#4611 = LINE('',#4612,#4613);
#4612 = CARTESIAN_POINT('',(43.,7.,16.));
#4613 = VECTOR('',#4614,1.);
#4614 = DIRECTION('',(0.,-0.996917332078,-7.845911675257E-02));
#4615 = ORIENTED_EDGE('',*,*,#4616,.T.);
#4616 = EDGE_CURVE('',#4609,#4617,#4619,.T.);
#4617 = VERTEX_POINT('',#4618);
#4618 = CARTESIAN_POINT('',(43.,4.836881160736,15.657395362854));
#4619 = LINE('',#4620,#4621);
#4620 = CARTESIAN_POINT('',(43.,5.904958724976,15.913818359375));
#4621 = VECTOR('',#4622,1.);
#4622 = DIRECTION('',(0.,-0.972369866606,-0.233445587914));
#4623 = ORIENTED_EDGE('',*,*,#4624,.T.);
#4624 = EDGE_CURVE('',#4617,#4625,#4627,.T.);
#4625 = VERTEX_POINT('',#4626);
#4626 = CARTESIAN_POINT('',(43.,3.822066545486,15.237045288086));
#4627 = LINE('',#4628,#4629);
#4628 = CARTESIAN_POINT('',(43.,4.836881160736,15.657395362854));
#4629 = VECTOR('',#4630,1.);
#4630 = DIRECTION('',(0.,-0.92387950102,-0.382683508391));
#4631 = ORIENTED_EDGE('',*,*,#4632,.T.);
#4632 = EDGE_CURVE('',#4625,#4633,#4635,.T.);
#4633 = VERTEX_POINT('',#4634);
#4634 = CARTESIAN_POINT('',(43.,2.885503292084,14.663119316101));
#4635 = LINE('',#4636,#4637);
#4636 = CARTESIAN_POINT('',(43.,3.822066545486,15.237045288086));
#4637 = VECTOR('',#4638,1.);
#4638 = DIRECTION('',(0.,-0.852640459555,-0.522498082992));
#4639 = ORIENTED_EDGE('',*,*,#4640,.T.);
#4640 = EDGE_CURVE('',#4633,#4641,#4643,.T.);
#4641 = VERTEX_POINT('',#4642);
#4642 = CARTESIAN_POINT('',(43.,2.05025267601,13.949747085571));
#4643 = LINE('',#4644,#4645);
#4644 = CARTESIAN_POINT('',(43.,2.885503292084,14.663119316101));
#4645 = VECTOR('',#4646,1.);
#4646 = DIRECTION('',(0.,-0.760405600612,-0.649448475676));
#4647 = ORIENTED_EDGE('',*,*,#4648,.T.);
#4648 = EDGE_CURVE('',#4641,#4649,#4651,.T.);
#4649 = VERTEX_POINT('',#4650);
#4650 = CARTESIAN_POINT('',(43.,1.336881041527,13.114497184753));
#4651 = LINE('',#4652,#4653);
#4652 = CARTESIAN_POINT('',(43.,2.05025267601,13.949747085571));
#4653 = VECTOR('',#4654,1.);
#4654 = DIRECTION('',(0.,-0.649448483488,-0.76040559394));
#4655 = ORIENTED_EDGE('',*,*,#4656,.T.);
#4656 = EDGE_CURVE('',#4649,#4657,#4659,.T.);
#4657 = VERTEX_POINT('',#4658);
#4658 = CARTESIAN_POINT('',(43.,0.762954354286,12.177933692932));
#4659 = LINE('',#4660,#4661);
#4660 = CARTESIAN_POINT('',(43.,1.336881041527,13.114497184753));
#4661 = VECTOR('',#4662,1.);
#4662 = DIRECTION('',(0.,-0.522498459686,-0.852640228716));
#4663 = ORIENTED_EDGE('',*,*,#4664,.T.);
#4664 = EDGE_CURVE('',#4657,#4665,#4667,.T.);
#4665 = VERTEX_POINT('',#4666);
#4666 = CARTESIAN_POINT('',(43.,0.342604398727,11.163119316101));
#4667 = LINE('',#4668,#4669);
#4668 = CARTESIAN_POINT('',(43.,0.762954354286,12.177933692932));
#4669 = VECTOR('',#4670,1.);
#4670 = DIRECTION('',(0.,-0.382683492498,-0.923879507603));
#4671 = ORIENTED_EDGE('',*,*,#4672,.T.);
#4672 = EDGE_CURVE('',#4665,#4673,#4675,.T.);
#4673 = VERTEX_POINT('',#4674);
#4674 = CARTESIAN_POINT('',(43.,8.618161827326E-02,10.095041275024));
#4675 = LINE('',#4676,#4677);
#4676 = CARTESIAN_POINT('',(43.,0.342604398727,11.163119316101));
#4677 = VECTOR('',#4678,1.);
#4678 = DIRECTION('',(0.,-0.233445303388,-0.972369934915));
#4679 = ORIENTED_EDGE('',*,*,#4680,.T.);
#4680 = EDGE_CURVE('',#4673,#4681,#4683,.T.);
#4681 = VERTEX_POINT('',#4682);
#4682 = CARTESIAN_POINT('',(43.,1.E-15,9.));
#4683 = LINE('',#4684,#4685);
#4684 = CARTESIAN_POINT('',(43.,8.618161827326E-02,10.095041275024));
#4685 = VECTOR('',#4686,1.);
#4686 = DIRECTION('',(0.,-7.845909652897E-02,-0.99691733367));
#4687 = ORIENTED_EDGE('',*,*,#4688,.F.);
#4688 = EDGE_CURVE('',#4689,#4681,#4691,.T.);
#4689 = VERTEX_POINT('',#4690);
#4690 = CARTESIAN_POINT('',(43.,0.,7.));
#4691 = LINE('',#4692,#4693);
#4692 = CARTESIAN_POINT('',(43.,3.1E-16,7.));
#4693 = VECTOR('',#4694,1.);
#4694 = DIRECTION('',(0.,0.,1.));
#4695 = ORIENTED_EDGE('',*,*,#4696,.T.);
#4696 = EDGE_CURVE('',#4689,#4697,#4699,.T.);
#4697 = VERTEX_POINT('',#4698);
#4698 = CARTESIAN_POINT('',(43.,8.618161827326E-02,5.904958724976));
#4699 = LINE('',#4700,#4701);
#4700 = CARTESIAN_POINT('',(43.,3.1E-16,7.));
#4701 = VECTOR('',#4702,1.);
#4702 = DIRECTION('',(0.,7.845909652897E-02,-0.99691733367));
#4703 = ORIENTED_EDGE('',*,*,#4704,.T.);
#4704 = EDGE_CURVE('',#4697,#4705,#4707,.T.);
#4705 = VERTEX_POINT('',#4706);
#4706 = CARTESIAN_POINT('',(43.,0.342604398727,4.836881160736));
#4707 = LINE('',#4708,#4709);
#4708 = CARTESIAN_POINT('',(43.,8.618161827326E-02,5.904958724976));
#4709 = VECTOR('',#4710,1.);
#4710 = DIRECTION('',(0.,0.233445401928,-0.972369911257));
#4711 = ORIENTED_EDGE('',*,*,#4712,.T.);
#4712 = EDGE_CURVE('',#4705,#4713,#4715,.T.);
#4713 = VERTEX_POINT('',#4714);
#4714 = CARTESIAN_POINT('',(43.,0.762954354286,3.822066545486));
#4715 = LINE('',#4716,#4717);
#4716 = CARTESIAN_POINT('',(43.,0.342604398727,4.836881160736));
#4717 = VECTOR('',#4718,1.);
#4718 = DIRECTION('',(0.,0.382683415758,-0.92387953939));
#4719 = ORIENTED_EDGE('',*,*,#4720,.T.);
#4720 = EDGE_CURVE('',#4713,#4721,#4723,.T.);
#4721 = VERTEX_POINT('',#4722);
#4722 = CARTESIAN_POINT('',(43.,1.336881041527,2.885503292084));
#4723 = LINE('',#4724,#4725);
#4724 = CARTESIAN_POINT('',(43.,0.762954354286,3.822066545486));
#4725 = VECTOR('',#4726,1.);
#4726 = DIRECTION('',(0.,0.522498556385,-0.852640169459));
#4727 = ORIENTED_EDGE('',*,*,#4728,.T.);
#4728 = EDGE_CURVE('',#4721,#4729,#4731,.T.);
#4729 = VERTEX_POINT('',#4730);
#4730 = CARTESIAN_POINT('',(43.,2.05025267601,2.05025267601));
#4731 = LINE('',#4732,#4733);
#4732 = CARTESIAN_POINT('',(43.,1.336881041527,2.885503292084));
#4733 = VECTOR('',#4734,1.);
#4734 = DIRECTION('',(0.,0.649448161914,-0.76040586859));
#4735 = ORIENTED_EDGE('',*,*,#4736,.T.);
#4736 = EDGE_CURVE('',#4729,#4737,#4739,.T.);
#4737 = VERTEX_POINT('',#4738);
#4738 = CARTESIAN_POINT('',(43.,2.885503292084,1.336881041527));
#4739 = LINE('',#4740,#4741);
#4740 = CARTESIAN_POINT('',(43.,2.05025267601,2.05025267601));
#4741 = VECTOR('',#4742,1.);
#4742 = DIRECTION('',(0.,0.76040586859,-0.649448161914));
#4743 = ORIENTED_EDGE('',*,*,#4744,.T.);
#4744 = EDGE_CURVE('',#4737,#4745,#4747,.T.);
#4745 = VERTEX_POINT('',#4746);
#4746 = CARTESIAN_POINT('',(43.,3.822066545486,0.762954354286));
#4747 = LINE('',#4748,#4749);
#4748 = CARTESIAN_POINT('',(43.,2.885503292084,1.336881041527));
#4749 = VECTOR('',#4750,1.);
#4750 = DIRECTION('',(0.,0.852640169459,-0.522498556385));
#4751 = ORIENTED_EDGE('',*,*,#4752,.T.);
#4752 = EDGE_CURVE('',#4745,#4753,#4755,.T.);
#4753 = VERTEX_POINT('',#4754);
#4754 = CARTESIAN_POINT('',(43.,4.836881160736,0.342604398727));
#4755 = LINE('',#4756,#4757);
#4756 = CARTESIAN_POINT('',(43.,3.822066545486,0.762954354286));
#4757 = VECTOR('',#4758,1.);
#4758 = DIRECTION('',(0.,0.92387953939,-0.382683415758));
#4759 = ORIENTED_EDGE('',*,*,#4760,.T.);
#4760 = EDGE_CURVE('',#4753,#4761,#4763,.T.);
#4761 = VERTEX_POINT('',#4762);
#4762 = CARTESIAN_POINT('',(43.,5.904958724976,8.618161827326E-02));
#4763 = LINE('',#4764,#4765);
#4764 = CARTESIAN_POINT('',(43.,4.836881160736,0.342604398727));
#4765 = VECTOR('',#4766,1.);
#4766 = DIRECTION('',(0.,0.972369911257,-0.233445401928));
#4767 = ORIENTED_EDGE('',*,*,#4768,.T.);
#4768 = EDGE_CURVE('',#4761,#948,#4769,.T.);
#4769 = LINE('',#4770,#4771);
#4770 = CARTESIAN_POINT('',(43.,5.904958724976,8.618161827326E-02));
#4771 = VECTOR('',#4772,1.);
#4772 = DIRECTION('',(0.,0.99691733367,-7.845909652897E-02));
#4773 = ORIENTED_EDGE('',*,*,#947,.T.);
#4774 = FACE_BOUND('',#4775,.T.);
#4775 = EDGE_LOOP('',(#4776,#4786,#4794,#4802,#4810,#4818,#4826,#4834,
    #4842,#4850,#4858,#4866,#4874,#4882,#4890,#4898,#4906,#4914,#4922,
    #4930,#4938,#4946,#4954,#4962,#4970,#4978,#4986,#4994,#5002,#5010,
    #5018,#5026,#5034,#5042,#5050,#5058,#5066));
#4776 = ORIENTED_EDGE('',*,*,#4777,.T.);
#4777 = EDGE_CURVE('',#4778,#4780,#4782,.T.);
#4778 = VERTEX_POINT('',#4779);
#4779 = CARTESIAN_POINT('',(43.,13.632164955139,6.893933773041));
#4780 = VERTEX_POINT('',#4781);
#4781 = CARTESIAN_POINT('',(43.,13.371417045593,6.042503356934));
#4782 = LINE('',#4783,#4784);
#4783 = CARTESIAN_POINT('',(43.,13.632164955139,6.893933773041));
#4784 = VECTOR('',#4785,1.);
#4785 = DIRECTION('',(0.,-0.292823053969,-0.956166648166));
#4786 = ORIENTED_EDGE('',*,*,#4787,.T.);
#4787 = EDGE_CURVE('',#4780,#4788,#4790,.T.);
#4788 = VERTEX_POINT('',#4789);
#4789 = CARTESIAN_POINT('',(43.,12.970527648926,5.247386455536));
#4790 = LINE('',#4791,#4792);
#4791 = CARTESIAN_POINT('',(43.,13.371417045593,6.042503356934));
#4792 = VECTOR('',#4793,1.);
#4793 = DIRECTION('',(0.,-0.450203646512,-0.892925907714));
#4794 = ORIENTED_EDGE('',*,*,#4795,.T.);
#4795 = EDGE_CURVE('',#4788,#4796,#4798,.T.);
#4796 = VERTEX_POINT('',#4797);
#4797 = CARTESIAN_POINT('',(43.,12.441029548645,4.531457424164));
#4798 = LINE('',#4799,#4800);
#4799 = CARTESIAN_POINT('',(43.,12.970527648926,5.247386455536));
#4800 = VECTOR('',#4801,1.);
#4801 = DIRECTION('',(0.,-0.594632995027,-0.803997264439));
#4802 = ORIENTED_EDGE('',*,*,#4803,.T.);
#4803 = EDGE_CURVE('',#4796,#4804,#4806,.T.);
#4804 = VERTEX_POINT('',#4805);
#4805 = CARTESIAN_POINT('',(43.,11.798154830933,3.915312290192));
#4806 = LINE('',#4807,#4808);
#4807 = CARTESIAN_POINT('',(43.,12.441029548645,4.531457424164));
#4808 = VECTOR('',#4809,1.);
#4809 = DIRECTION('',(0.,-0.72195630441,-0.691938649393));
#4810 = ORIENTED_EDGE('',*,*,#4811,.T.);
#4811 = EDGE_CURVE('',#4804,#4812,#4814,.T.);
#4812 = VERTEX_POINT('',#4813);
#4813 = CARTESIAN_POINT('',(43.,11.060398101807,3.416675806046));
#4814 = LINE('',#4815,#4816);
#4815 = CARTESIAN_POINT('',(43.,11.798154830933,3.915312290192));
#4816 = VECTOR('',#4817,1.);
#4817 = DIRECTION('',(0.,-0.828509666873,-0.559974760054));
#4818 = ORIENTED_EDGE('',*,*,#4819,.T.);
#4819 = EDGE_CURVE('',#4812,#4820,#4822,.T.);
#4820 = VERTEX_POINT('',#4821);
#4821 = CARTESIAN_POINT('',(43.,10.248984336853,3.049893379211));
#4822 = LINE('',#4823,#4824);
#4823 = CARTESIAN_POINT('',(43.,11.060398101807,3.416675806046));
#4824 = VECTOR('',#4825,1.);
#4825 = DIRECTION('',(0.,-0.911228372674,-0.411901508657));
#4826 = ORIENTED_EDGE('',*,*,#4827,.T.);
#4827 = EDGE_CURVE('',#4820,#4828,#4830,.T.);
#4828 = VERTEX_POINT('',#4829);
#4829 = CARTESIAN_POINT('',(43.,9.387254714966,2.825516462326));
#4830 = LINE('',#4831,#4832);
#4831 = CARTESIAN_POINT('',(43.,10.248984336853,3.049893379211));
#4832 = VECTOR('',#4833,1.);
#4833 = DIRECTION('',(0.,-0.967732953883,-0.251978034694));
#4834 = ORIENTED_EDGE('',*,*,#4835,.T.);
#4835 = EDGE_CURVE('',#4828,#4836,#4838,.T.);
#4836 = VERTEX_POINT('',#4837);
#4837 = CARTESIAN_POINT('',(43.,8.5,2.75));
#4838 = LINE('',#4839,#4840);
#4839 = CARTESIAN_POINT('',(43.,9.387254714966,2.825516462326));
#4840 = VECTOR('',#4841,1.);
#4841 = DIRECTION('',(0.,-0.996397492632,-8.480587642415E-02));
#4842 = ORIENTED_EDGE('',*,*,#4843,.T.);
#4843 = EDGE_CURVE('',#4836,#4844,#4846,.T.);
#4844 = VERTEX_POINT('',#4845);
#4845 = CARTESIAN_POINT('',(43.,7.612745761871,2.825516462326));
#4846 = LINE('',#4847,#4848);
#4847 = CARTESIAN_POINT('',(43.,8.5,2.75));
#4848 = VECTOR('',#4849,1.);
#4849 = DIRECTION('',(0.,-0.996397488781,8.480592167359E-02));
#4850 = ORIENTED_EDGE('',*,*,#4851,.T.);
#4851 = EDGE_CURVE('',#4844,#4852,#4854,.T.);
#4852 = VERTEX_POINT('',#4853);
#4853 = CARTESIAN_POINT('',(43.,6.751016139984,3.049893379211));
#4854 = LINE('',#4855,#4856);
#4855 = CARTESIAN_POINT('',(43.,7.612745761871,2.825516462326));
#4856 = VECTOR('',#4857,1.);
#4857 = DIRECTION('',(0.,-0.967732953883,0.251978034694));
#4858 = ORIENTED_EDGE('',*,*,#4859,.T.);
#4859 = EDGE_CURVE('',#4852,#4860,#4862,.T.);
#4860 = VERTEX_POINT('',#4861);
#4861 = CARTESIAN_POINT('',(43.,5.939601421356,3.416675806046));
#4862 = LINE('',#4863,#4864);
#4863 = CARTESIAN_POINT('',(43.,6.751016139984,3.049893379211));
#4864 = VECTOR('',#4865,1.);
#4865 = DIRECTION('',(0.,-0.911228554381,0.411901106676));
#4866 = ORIENTED_EDGE('',*,*,#4867,.T.);
#4867 = EDGE_CURVE('',#4860,#4868,#4870,.T.);
#4868 = VERTEX_POINT('',#4869);
#4869 = CARTESIAN_POINT('',(43.,5.201845169067,3.915312290192));
#4870 = LINE('',#4871,#4872);
#4871 = CARTESIAN_POINT('',(43.,5.939601421356,3.416675806046));
#4872 = VECTOR('',#4873,1.);
#4873 = DIRECTION('',(0.,-0.828509498957,0.559975008494));
#4874 = ORIENTED_EDGE('',*,*,#4875,.T.);
#4875 = EDGE_CURVE('',#4868,#4876,#4878,.T.);
#4876 = VERTEX_POINT('',#4877);
#4877 = CARTESIAN_POINT('',(43.,4.558970451355,4.531457424164));
#4878 = LINE('',#4879,#4880);
#4879 = CARTESIAN_POINT('',(43.,5.201845169067,3.915312290192));
#4880 = VECTOR('',#4881,1.);
#4881 = DIRECTION('',(0.,-0.72195630441,0.691938649393));
#4882 = ORIENTED_EDGE('',*,*,#4883,.T.);
#4883 = EDGE_CURVE('',#4876,#4884,#4886,.T.);
#4884 = VERTEX_POINT('',#4885);
#4885 = CARTESIAN_POINT('',(43.,4.029471874237,5.247386455536));
#4886 = LINE('',#4887,#4888);
#4887 = CARTESIAN_POINT('',(43.,4.558970451355,4.531457424164));
#4888 = VECTOR('',#4889,1.);
#4889 = DIRECTION('',(0.,-0.594633341176,0.803997008428));
#4890 = ORIENTED_EDGE('',*,*,#4891,.T.);
#4891 = EDGE_CURVE('',#4884,#4892,#4894,.T.);
#4892 = VERTEX_POINT('',#4893);
#4893 = CARTESIAN_POINT('',(43.,3.628582715988,6.042503356934));
#4894 = LINE('',#4895,#4896);
#4895 = CARTESIAN_POINT('',(43.,4.029471874237,5.247386455536));
#4896 = VECTOR('',#4897,1.);
#4897 = DIRECTION('',(0.,-0.450203433033,0.892926015348));
#4898 = ORIENTED_EDGE('',*,*,#4899,.T.);
#4899 = EDGE_CURVE('',#4892,#4900,#4902,.T.);
#4900 = VERTEX_POINT('',#4901);
#4901 = CARTESIAN_POINT('',(43.,3.367835044861,6.893933773041));
#4902 = LINE('',#4903,#4904);
#4903 = CARTESIAN_POINT('',(43.,3.628582715988,6.042503356934));
#4904 = VECTOR('',#4905,1.);
#4905 = DIRECTION('',(0.,-0.29282280918,0.956166723131));
#4906 = ORIENTED_EDGE('',*,*,#4907,.T.);
#4907 = EDGE_CURVE('',#4900,#4908,#4910,.T.);
#4908 = VERTEX_POINT('',#4909);
#4909 = CARTESIAN_POINT('',(43.,3.254730463028,7.777184009552));
#4910 = LINE('',#4911,#4912);
#4911 = CARTESIAN_POINT('',(43.,3.367835044861,6.893933773041));
#4912 = VECTOR('',#4913,1.);
#4913 = DIRECTION('',(0.,-0.127017780333,0.991900440306));
#4914 = ORIENTED_EDGE('',*,*,#4915,.T.);
#4915 = EDGE_CURVE('',#4908,#4916,#4918,.T.);
#4916 = VERTEX_POINT('',#4917);
#4917 = CARTESIAN_POINT('',(43.,3.292522668839,8.666843414307));
#4918 = LINE('',#4919,#4920);
#4919 = CARTESIAN_POINT('',(43.,3.254730463028,7.777184009552));
#4920 = VECTOR('',#4921,1.);
#4921 = DIRECTION('',(0.,4.244113383781E-02,0.999098969151));
#4922 = ORIENTED_EDGE('',*,*,#4923,.T.);
#4923 = EDGE_CURVE('',#4916,#4924,#4926,.T.);
#4924 = VERTEX_POINT('',#4925);
#4925 = CARTESIAN_POINT('',(43.,3.48012471199,9.53731918335));
#4926 = LINE('',#4927,#4928);
#4927 = CARTESIAN_POINT('',(43.,3.292522668839,8.666843414307));
#4928 = VECTOR('',#4929,1.);
#4929 = DIRECTION('',(0.,0.210679446248,0.977555200962));
#4930 = ORIENTED_EDGE('',*,*,#4931,.T.);
#4931 = EDGE_CURVE('',#4924,#4932,#4934,.T.);
#4932 = VERTEX_POINT('',#4933);
#4933 = CARTESIAN_POINT('',(43.,3.81213927269,10.363569259644));
#4934 = LINE('',#4935,#4936);
#4935 = CARTESIAN_POINT('',(43.,3.48012471199,9.53731918335));
#4936 = VECTOR('',#4937,1.);
#4937 = DIRECTION('',(0.,0.372856451274,0.927889037948));
#4938 = ORIENTED_EDGE('',*,*,#4939,.T.);
#4939 = EDGE_CURVE('',#4932,#4940,#4942,.T.);
#4940 = VERTEX_POINT('',#4941);
#4941 = CARTESIAN_POINT('',(43.,4.27901506424,11.121824264526));
#4942 = LINE('',#4943,#4944);
#4943 = CARTESIAN_POINT('',(43.,3.81213927269,10.363569259644));
#4944 = VECTOR('',#4945,1.);
#4945 = DIRECTION('',(0.,0.524307014225,0.851529303568));
#4946 = ORIENTED_EDGE('',*,*,#4947,.T.);
#4947 = EDGE_CURVE('',#4940,#4948,#4950,.T.);
#4948 = VERTEX_POINT('',#4949);
#4949 = CARTESIAN_POINT('',(43.,4.867321014404,11.79026889801));
#4950 = LINE('',#4951,#4952);
#4951 = CARTESIAN_POINT('',(43.,4.27901506424,11.121824264526));
#4952 = VECTOR('',#4953,1.);
#4953 = DIRECTION('',(0.,0.660675153728,0.750671926507));
#4954 = ORIENTED_EDGE('',*,*,#4955,.T.);
#4955 = EDGE_CURVE('',#4948,#4956,#4958,.T.);
#4956 = VERTEX_POINT('',#4957);
#4957 = CARTESIAN_POINT('',(43.,5.560132026672,12.349675178528));
#4958 = LINE('',#4959,#4960);
#4959 = CARTESIAN_POINT('',(43.,4.867321014404,11.79026889801));
#4960 = VECTOR('',#4961,1.);
#4961 = DIRECTION('',(0.,0.77803550374,0.628220307632));
#4962 = ORIENTED_EDGE('',*,*,#4963,.T.);
#4963 = EDGE_CURVE('',#4956,#4964,#4966,.T.);
#4964 = VERTEX_POINT('',#4965);
#4965 = CARTESIAN_POINT('',(43.,6.337518215179,12.783948898315));
#4966 = LINE('',#4967,#4968);
#4967 = CARTESIAN_POINT('',(43.,5.560132026672,12.349675178528));
#4968 = VECTOR('',#4969,1.);
#4969 = DIRECTION('',(0.,0.873014237583,0.487694721089));
#4970 = ORIENTED_EDGE('',*,*,#4971,.T.);
#4971 = EDGE_CURVE('',#4964,#4972,#4974,.T.);
#4972 = VERTEX_POINT('',#4973);
#4973 = CARTESIAN_POINT('',(43.,7.177114963531,13.080597877502));
#4974 = LINE('',#4975,#4976);
#4975 = CARTESIAN_POINT('',(43.,6.337518215179,12.783948898315));
#4976 = VECTOR('',#4977,1.);
#4977 = DIRECTION('',(0.,0.942877242208,0.333140370003));
#4978 = ORIENTED_EDGE('',*,*,#4979,.T.);
#4979 = EDGE_CURVE('',#4972,#4980,#4982,.T.);
#4980 = VERTEX_POINT('',#4981);
#4981 = CARTESIAN_POINT('',(43.,8.054768562317,13.231086730957));
#4982 = LINE('',#4983,#4984);
#4983 = CARTESIAN_POINT('',(43.,7.177114963531,13.080597877502));
#4984 = VECTOR('',#4985,1.);
#4985 = DIRECTION('',(0.,0.985615904627,0.169000853684));
#4986 = ORIENTED_EDGE('',*,*,#4987,.T.);
#4987 = EDGE_CURVE('',#4980,#4988,#4990,.T.);
#4988 = VERTEX_POINT('',#4989);
#4989 = CARTESIAN_POINT('',(43.,8.945231437683,13.231086730957));
#4990 = LINE('',#4991,#4992);
#4991 = CARTESIAN_POINT('',(43.,8.054768562317,13.231086730957));
#4992 = VECTOR('',#4993,1.);
#4993 = DIRECTION('',(0.,1.,0.));
#4994 = ORIENTED_EDGE('',*,*,#4995,.T.);
#4995 = EDGE_CURVE('',#4988,#4996,#4998,.T.);
#4996 = VERTEX_POINT('',#4997);
#4997 = CARTESIAN_POINT('',(43.,9.822884559631,13.080597877502));
#4998 = LINE('',#4999,#5000);
#4999 = CARTESIAN_POINT('',(43.,8.945231437683,13.231086730957));
#5000 = VECTOR('',#5001,1.);
#5001 = DIRECTION('',(0.,0.985615889333,-0.169000942882));
#5002 = ORIENTED_EDGE('',*,*,#5003,.T.);
#5003 = EDGE_CURVE('',#4996,#5004,#5006,.T.);
#5004 = VERTEX_POINT('',#5005);
#5005 = CARTESIAN_POINT('',(43.,10.662481307983,12.783948898315));
#5006 = LINE('',#5007,#5008);
#5007 = CARTESIAN_POINT('',(43.,9.822884559631,13.080597877502));
#5008 = VECTOR('',#5009,1.);
#5009 = DIRECTION('',(0.,0.942877242208,-0.333140370003));
#5010 = ORIENTED_EDGE('',*,*,#5011,.T.);
#5011 = EDGE_CURVE('',#5004,#5012,#5014,.T.);
#5012 = VERTEX_POINT('',#5013);
#5013 = CARTESIAN_POINT('',(43.,11.439867019653,12.349675178528));
#5014 = LINE('',#5015,#5016);
#5015 = CARTESIAN_POINT('',(43.,10.662481307983,12.783948898315));
#5016 = VECTOR('',#5017,1.);
#5017 = DIRECTION('',(0.,0.873014110217,-0.487694949084));
#5018 = ORIENTED_EDGE('',*,*,#5019,.T.);
#5019 = EDGE_CURVE('',#5012,#5020,#5022,.T.);
#5020 = VERTEX_POINT('',#5021);
#5021 = CARTESIAN_POINT('',(43.,12.132678985596,11.79026889801));
#5022 = LINE('',#5023,#5024);
#5023 = CARTESIAN_POINT('',(43.,11.439867019653,12.349675178528));
#5024 = VECTOR('',#5025,1.);
#5025 = DIRECTION('',(0.,0.778035926416,-0.628219784157));
#5026 = ORIENTED_EDGE('',*,*,#5027,.T.);
#5027 = EDGE_CURVE('',#5020,#5028,#5030,.T.);
#5028 = VERTEX_POINT('',#5029);
#5029 = CARTESIAN_POINT('',(43.,12.720985412598,11.121824264526));
#5030 = LINE('',#5031,#5032);
#5031 = CARTESIAN_POINT('',(43.,12.132678985596,11.79026889801));
#5032 = VECTOR('',#5033,1.);
#5033 = DIRECTION('',(0.,0.660675455484,-0.750671660929));
#5034 = ORIENTED_EDGE('',*,*,#5035,.T.);
#5035 = EDGE_CURVE('',#5028,#5036,#5038,.T.);
#5036 = VERTEX_POINT('',#5037);
#5037 = CARTESIAN_POINT('',(43.,13.187861442566,10.363569259644));
#5038 = LINE('',#5039,#5040);
#5039 = CARTESIAN_POINT('',(43.,12.720985412598,11.121824264526));
#5040 = VECTOR('',#5041,1.);
#5041 = DIRECTION('',(0.,0.524307208368,-0.851529184029));
#5042 = ORIENTED_EDGE('',*,*,#5043,.T.);
#5043 = EDGE_CURVE('',#5036,#5044,#5046,.T.);
#5044 = VERTEX_POINT('',#5045);
#5045 = CARTESIAN_POINT('',(43.,13.519875526428,9.53731918335));
#5046 = LINE('',#5047,#5048);
#5047 = CARTESIAN_POINT('',(43.,13.187861442566,10.363569259644));
#5048 = VECTOR('',#5049,1.);
#5049 = DIRECTION('',(0.,0.372855990225,-0.927889223212));
#5050 = ORIENTED_EDGE('',*,*,#5051,.T.);
#5051 = EDGE_CURVE('',#5044,#5052,#5054,.T.);
#5052 = VERTEX_POINT('',#5053);
#5053 = CARTESIAN_POINT('',(43.,13.70747756958,8.666843414307));
#5054 = LINE('',#5055,#5056);
#5055 = CARTESIAN_POINT('',(43.,13.519875526428,9.53731918335));
#5056 = VECTOR('',#5057,1.);
#5057 = DIRECTION('',(0.,0.210679446248,-0.977555200962));
#5058 = ORIENTED_EDGE('',*,*,#5059,.T.);
#5059 = EDGE_CURVE('',#5052,#5060,#5062,.T.);
#5060 = VERTEX_POINT('',#5061);
#5061 = CARTESIAN_POINT('',(43.,13.745269775391,7.777184009552));
#5062 = LINE('',#5063,#5064);
#5063 = CARTESIAN_POINT('',(43.,13.70747756958,8.666843414307));
#5064 = VECTOR('',#5065,1.);
#5065 = DIRECTION('',(0.,4.244113383781E-02,-0.999098969151));
#5066 = ORIENTED_EDGE('',*,*,#5067,.T.);
#5067 = EDGE_CURVE('',#5060,#4778,#5068,.T.);
#5068 = LINE('',#5069,#5070);
#5069 = CARTESIAN_POINT('',(43.,13.745269775391,7.777184009552));
#5070 = VECTOR('',#5071,1.);
#5071 = DIRECTION('',(0.,-0.127018043761,-0.991900406573));
#5072 = PLANE('',#5073);
#5073 = AXIS2_PLACEMENT_3D('',#5074,#5075,#5076);
#5074 = CARTESIAN_POINT('',(43.,17.137250863589,7.999999996636));
#5075 = DIRECTION('',(1.,0.,0.));
#5076 = DIRECTION('',(0.,0.,1.));
#5077 = ADVANCED_FACE('',(#5078),#5096,.T.);
#5078 = FACE_BOUND('',#5079,.T.);
#5079 = EDGE_LOOP('',(#5080,#5081,#5082,#5090));
#5080 = ORIENTED_EDGE('',*,*,#955,.F.);
#5081 = ORIENTED_EDGE('',*,*,#4768,.F.);
#5082 = ORIENTED_EDGE('',*,*,#5083,.T.);
#5083 = EDGE_CURVE('',#4761,#5084,#5086,.T.);
#5084 = VERTEX_POINT('',#5085);
#5085 = CARTESIAN_POINT('',(40.5,5.904958724976,8.618161827326E-02));
#5086 = LINE('',#5087,#5088);
#5087 = CARTESIAN_POINT('',(43.,5.904958724976,8.618161827326E-02));
#5088 = VECTOR('',#5089,1.);
#5089 = DIRECTION('',(-1.,0.,0.));
#5090 = ORIENTED_EDGE('',*,*,#5091,.F.);
#5091 = EDGE_CURVE('',#956,#5084,#5092,.T.);
#5092 = LINE('',#5093,#5094);
#5093 = CARTESIAN_POINT('',(40.5,7.,8.7E-16));
#5094 = VECTOR('',#5095,1.);
#5095 = DIRECTION('',(0.,-0.99691733367,7.845909652897E-02));
#5096 = PLANE('',#5097);
#5097 = AXIS2_PLACEMENT_3D('',#5098,#5099,#5100);
#5098 = CARTESIAN_POINT('',(41.75,6.452479362488,4.309080913663E-02));
#5099 = DIRECTION('',(-0.,-7.845909652897E-02,-0.99691733367));
#5100 = DIRECTION('',(0.,-0.99691733367,7.845909652897E-02));
#5101 = ADVANCED_FACE('',(#5102,#5271),#5577,.T.);
#5102 = FACE_BOUND('',#5103,.T.);
#5103 = EDGE_LOOP('',(#5104,#5105,#5113,#5121,#5129,#5137,#5145,#5153,
    #5161,#5169,#5177,#5185,#5193,#5201,#5209,#5217,#5225,#5233,#5241,
    #5249,#5257,#5263,#5264,#5270));
#5104 = ORIENTED_EDGE('',*,*,#5091,.T.);
#5105 = ORIENTED_EDGE('',*,*,#5106,.T.);
#5106 = EDGE_CURVE('',#5084,#5107,#5109,.T.);
#5107 = VERTEX_POINT('',#5108);
#5108 = CARTESIAN_POINT('',(40.5,4.836881160736,0.342604398727));
#5109 = LINE('',#5110,#5111);
#5110 = CARTESIAN_POINT('',(40.5,5.904958724976,8.618161827326E-02));
#5111 = VECTOR('',#5112,1.);
#5112 = DIRECTION('',(0.,-0.972369911257,0.233445401928));
#5113 = ORIENTED_EDGE('',*,*,#5114,.T.);
#5114 = EDGE_CURVE('',#5107,#5115,#5117,.T.);
#5115 = VERTEX_POINT('',#5116);
#5116 = CARTESIAN_POINT('',(40.5,3.822066545486,0.762954354286));
#5117 = LINE('',#5118,#5119);
#5118 = CARTESIAN_POINT('',(40.5,4.836881160736,0.342604398727));
#5119 = VECTOR('',#5120,1.);
#5120 = DIRECTION('',(0.,-0.92387953939,0.382683415758));
#5121 = ORIENTED_EDGE('',*,*,#5122,.T.);
#5122 = EDGE_CURVE('',#5115,#5123,#5125,.T.);
#5123 = VERTEX_POINT('',#5124);
#5124 = CARTESIAN_POINT('',(40.5,2.885503292084,1.336881041527));
#5125 = LINE('',#5126,#5127);
#5126 = CARTESIAN_POINT('',(40.5,3.822066545486,0.762954354286));
#5127 = VECTOR('',#5128,1.);
#5128 = DIRECTION('',(0.,-0.852640169459,0.522498556385));
#5129 = ORIENTED_EDGE('',*,*,#5130,.T.);
#5130 = EDGE_CURVE('',#5123,#5131,#5133,.T.);
#5131 = VERTEX_POINT('',#5132);
#5132 = CARTESIAN_POINT('',(40.5,2.05025267601,2.05025267601));
#5133 = LINE('',#5134,#5135);
#5134 = CARTESIAN_POINT('',(40.5,2.885503292084,1.336881041527));
#5135 = VECTOR('',#5136,1.);
#5136 = DIRECTION('',(0.,-0.76040586859,0.649448161914));
#5137 = ORIENTED_EDGE('',*,*,#5138,.T.);
#5138 = EDGE_CURVE('',#5131,#5139,#5141,.T.);
#5139 = VERTEX_POINT('',#5140);
#5140 = CARTESIAN_POINT('',(40.5,1.336881041527,2.885503292084));
#5141 = LINE('',#5142,#5143);
#5142 = CARTESIAN_POINT('',(40.5,2.05025267601,2.05025267601));
#5143 = VECTOR('',#5144,1.);
#5144 = DIRECTION('',(0.,-0.649448161914,0.76040586859));
#5145 = ORIENTED_EDGE('',*,*,#5146,.T.);
#5146 = EDGE_CURVE('',#5139,#5147,#5149,.T.);
#5147 = VERTEX_POINT('',#5148);
#5148 = CARTESIAN_POINT('',(40.5,0.762954354286,3.822066545486));
#5149 = LINE('',#5150,#5151);
#5150 = CARTESIAN_POINT('',(40.5,1.336881041527,2.885503292084));
#5151 = VECTOR('',#5152,1.);
#5152 = DIRECTION('',(0.,-0.522498556385,0.852640169459));
#5153 = ORIENTED_EDGE('',*,*,#5154,.T.);
#5154 = EDGE_CURVE('',#5147,#5155,#5157,.T.);
#5155 = VERTEX_POINT('',#5156);
#5156 = CARTESIAN_POINT('',(40.5,0.342604398727,4.836881160736));
#5157 = LINE('',#5158,#5159);
#5158 = CARTESIAN_POINT('',(40.5,0.762954354286,3.822066545486));
#5159 = VECTOR('',#5160,1.);
#5160 = DIRECTION('',(0.,-0.382683415758,0.92387953939));
#5161 = ORIENTED_EDGE('',*,*,#5162,.T.);
#5162 = EDGE_CURVE('',#5155,#5163,#5165,.T.);
#5163 = VERTEX_POINT('',#5164);
#5164 = CARTESIAN_POINT('',(40.5,8.618161827326E-02,5.904958724976));
#5165 = LINE('',#5166,#5167);
#5166 = CARTESIAN_POINT('',(40.5,0.342604398727,4.836881160736));
#5167 = VECTOR('',#5168,1.);
#5168 = DIRECTION('',(0.,-0.233445401928,0.972369911257));
#5169 = ORIENTED_EDGE('',*,*,#5170,.T.);
#5170 = EDGE_CURVE('',#5163,#5171,#5173,.T.);
#5171 = VERTEX_POINT('',#5172);
#5172 = CARTESIAN_POINT('',(40.5,0.,7.));
#5173 = LINE('',#5174,#5175);
#5174 = CARTESIAN_POINT('',(40.5,8.618161827326E-02,5.904958724976));
#5175 = VECTOR('',#5176,1.);
#5176 = DIRECTION('',(0.,-7.845909652897E-02,0.99691733367));
#5177 = ORIENTED_EDGE('',*,*,#5178,.F.);
#5178 = EDGE_CURVE('',#5179,#5171,#5181,.T.);
#5179 = VERTEX_POINT('',#5180);
#5180 = CARTESIAN_POINT('',(40.5,0.,9.));
#5181 = LINE('',#5182,#5183);
#5182 = CARTESIAN_POINT('',(40.5,0.,9.));
#5183 = VECTOR('',#5184,1.);
#5184 = DIRECTION('',(0.,0.,-1.));
#5185 = ORIENTED_EDGE('',*,*,#5186,.T.);
#5186 = EDGE_CURVE('',#5179,#5187,#5189,.T.);
#5187 = VERTEX_POINT('',#5188);
#5188 = CARTESIAN_POINT('',(40.5,8.618161827326E-02,10.095041275024));
#5189 = LINE('',#5190,#5191);
#5190 = CARTESIAN_POINT('',(40.5,3.1E-16,9.));
#5191 = VECTOR('',#5192,1.);
#5192 = DIRECTION('',(0.,7.845909652897E-02,0.99691733367));
#5193 = ORIENTED_EDGE('',*,*,#5194,.T.);
#5194 = EDGE_CURVE('',#5187,#5195,#5197,.T.);
#5195 = VERTEX_POINT('',#5196);
#5196 = CARTESIAN_POINT('',(40.5,0.342604398727,11.163119316101));
#5197 = LINE('',#5198,#5199);
#5198 = CARTESIAN_POINT('',(40.5,8.618161827326E-02,10.095041275024));
#5199 = VECTOR('',#5200,1.);
#5200 = DIRECTION('',(0.,0.233445303388,0.972369934915));
#5201 = ORIENTED_EDGE('',*,*,#5202,.T.);
#5202 = EDGE_CURVE('',#5195,#5203,#5205,.T.);
#5203 = VERTEX_POINT('',#5204);
#5204 = CARTESIAN_POINT('',(40.5,0.762954354286,12.177933692932));
#5205 = LINE('',#5206,#5207);
#5206 = CARTESIAN_POINT('',(40.5,0.342604398727,11.163119316101));
#5207 = VECTOR('',#5208,1.);
#5208 = DIRECTION('',(0.,0.382683492498,0.923879507603));
#5209 = ORIENTED_EDGE('',*,*,#5210,.T.);
#5210 = EDGE_CURVE('',#5203,#5211,#5213,.T.);
#5211 = VERTEX_POINT('',#5212);
#5212 = CARTESIAN_POINT('',(40.5,1.336881041527,13.114497184753));
#5213 = LINE('',#5214,#5215);
#5214 = CARTESIAN_POINT('',(40.5,0.762954354286,12.177933692932));
#5215 = VECTOR('',#5216,1.);
#5216 = DIRECTION('',(0.,0.522498459686,0.852640228716));
#5217 = ORIENTED_EDGE('',*,*,#5218,.T.);
#5218 = EDGE_CURVE('',#5211,#5219,#5221,.T.);
#5219 = VERTEX_POINT('',#5220);
#5220 = CARTESIAN_POINT('',(40.5,2.05025267601,13.949747085571));
#5221 = LINE('',#5222,#5223);
#5222 = CARTESIAN_POINT('',(40.5,1.336881041527,13.114497184753));
#5223 = VECTOR('',#5224,1.);
#5224 = DIRECTION('',(0.,0.649448483488,0.76040559394));
#5225 = ORIENTED_EDGE('',*,*,#5226,.T.);
#5226 = EDGE_CURVE('',#5219,#5227,#5229,.T.);
#5227 = VERTEX_POINT('',#5228);
#5228 = CARTESIAN_POINT('',(40.5,2.885503292084,14.663119316101));
#5229 = LINE('',#5230,#5231);
#5230 = CARTESIAN_POINT('',(40.5,2.05025267601,13.949747085571));
#5231 = VECTOR('',#5232,1.);
#5232 = DIRECTION('',(0.,0.760405600612,0.649448475676));
#5233 = ORIENTED_EDGE('',*,*,#5234,.T.);
#5234 = EDGE_CURVE('',#5227,#5235,#5237,.T.);
#5235 = VERTEX_POINT('',#5236);
#5236 = CARTESIAN_POINT('',(40.5,3.822066545486,15.237045288086));
#5237 = LINE('',#5238,#5239);
#5238 = CARTESIAN_POINT('',(40.5,2.885503292084,14.663119316101));
#5239 = VECTOR('',#5240,1.);
#5240 = DIRECTION('',(0.,0.852640459555,0.522498082992));
#5241 = ORIENTED_EDGE('',*,*,#5242,.T.);
#5242 = EDGE_CURVE('',#5235,#5243,#5245,.T.);
#5243 = VERTEX_POINT('',#5244);
#5244 = CARTESIAN_POINT('',(40.5,4.836881160736,15.657395362854));
#5245 = LINE('',#5246,#5247);
#5246 = CARTESIAN_POINT('',(40.5,3.822066545486,15.237045288086));
#5247 = VECTOR('',#5248,1.);
#5248 = DIRECTION('',(0.,0.92387950102,0.382683508391));
#5249 = ORIENTED_EDGE('',*,*,#5250,.T.);
#5250 = EDGE_CURVE('',#5243,#5251,#5253,.T.);
#5251 = VERTEX_POINT('',#5252);
#5252 = CARTESIAN_POINT('',(40.5,5.904958724976,15.913818359375));
#5253 = LINE('',#5254,#5255);
#5254 = CARTESIAN_POINT('',(40.5,4.836881160736,15.657395362854));
#5255 = VECTOR('',#5256,1.);
#5256 = DIRECTION('',(0.,0.972369866606,0.233445587914));
#5257 = ORIENTED_EDGE('',*,*,#5258,.T.);
#5258 = EDGE_CURVE('',#5251,#1741,#5259,.T.);
#5259 = LINE('',#5260,#5261);
#5260 = CARTESIAN_POINT('',(40.5,5.904958724976,15.913818359375));
#5261 = VECTOR('',#5262,1.);
#5262 = DIRECTION('',(0.,0.996917332078,7.845911675257E-02));
#5263 = ORIENTED_EDGE('',*,*,#1740,.T.);
#5264 = ORIENTED_EDGE('',*,*,#5265,.T.);
#5265 = EDGE_CURVE('',#1733,#964,#5266,.T.);
#5266 = LINE('',#5267,#5268);
#5267 = CARTESIAN_POINT('',(40.5,31.215305328369,16.));
#5268 = VECTOR('',#5269,1.);
#5269 = DIRECTION('',(0.,0.,-1.));
#5270 = ORIENTED_EDGE('',*,*,#963,.T.);
#5271 = FACE_BOUND('',#5272,.T.);
#5272 = EDGE_LOOP('',(#5273,#5283,#5291,#5299,#5307,#5315,#5323,#5331,
    #5339,#5347,#5355,#5363,#5371,#5379,#5387,#5395,#5403,#5411,#5419,
    #5427,#5435,#5443,#5451,#5459,#5467,#5475,#5483,#5491,#5499,#5507,
    #5515,#5523,#5531,#5539,#5547,#5555,#5563,#5571));
#5273 = ORIENTED_EDGE('',*,*,#5274,.T.);
#5274 = EDGE_CURVE('',#5275,#5277,#5279,.T.);
#5275 = VERTEX_POINT('',#5276);
#5276 = CARTESIAN_POINT('',(40.5,6.751016139984,3.049893379211));
#5277 = VERTEX_POINT('',#5278);
#5278 = CARTESIAN_POINT('',(40.5,7.612745761871,2.825516462326));
#5279 = LINE('',#5280,#5281);
#5280 = CARTESIAN_POINT('',(40.5,6.751016139984,3.049893379211));
#5281 = VECTOR('',#5282,1.);
#5282 = DIRECTION('',(0.,0.967732953883,-0.251978034694));
#5283 = ORIENTED_EDGE('',*,*,#5284,.T.);
#5284 = EDGE_CURVE('',#5277,#5285,#5287,.T.);
#5285 = VERTEX_POINT('',#5286);
#5286 = CARTESIAN_POINT('',(40.5,8.5,2.75));
#5287 = LINE('',#5288,#5289);
#5288 = CARTESIAN_POINT('',(40.5,7.612745761871,2.825516462326));
#5289 = VECTOR('',#5290,1.);
#5290 = DIRECTION('',(0.,0.996397488781,-8.480592167359E-02));
#5291 = ORIENTED_EDGE('',*,*,#5292,.T.);
#5292 = EDGE_CURVE('',#5285,#5293,#5295,.T.);
#5293 = VERTEX_POINT('',#5294);
#5294 = CARTESIAN_POINT('',(40.5,9.387254714966,2.825516462326));
#5295 = LINE('',#5296,#5297);
#5296 = CARTESIAN_POINT('',(40.5,8.5,2.75));
#5297 = VECTOR('',#5298,1.);
#5298 = DIRECTION('',(0.,0.996397492632,8.480587642415E-02));
#5299 = ORIENTED_EDGE('',*,*,#5300,.T.);
#5300 = EDGE_CURVE('',#5293,#5301,#5303,.T.);
#5301 = VERTEX_POINT('',#5302);
#5302 = CARTESIAN_POINT('',(40.5,10.248984336853,3.049893379211));
#5303 = LINE('',#5304,#5305);
#5304 = CARTESIAN_POINT('',(40.5,9.387254714966,2.825516462326));
#5305 = VECTOR('',#5306,1.);
#5306 = DIRECTION('',(0.,0.967732953883,0.251978034694));
#5307 = ORIENTED_EDGE('',*,*,#5308,.T.);
#5308 = EDGE_CURVE('',#5301,#5309,#5311,.T.);
#5309 = VERTEX_POINT('',#5310);
#5310 = CARTESIAN_POINT('',(40.5,11.060398101807,3.416675806046));
#5311 = LINE('',#5312,#5313);
#5312 = CARTESIAN_POINT('',(40.5,10.248984336853,3.049893379211));
#5313 = VECTOR('',#5314,1.);
#5314 = DIRECTION('',(0.,0.911228372674,0.411901508657));
#5315 = ORIENTED_EDGE('',*,*,#5316,.T.);
#5316 = EDGE_CURVE('',#5309,#5317,#5319,.T.);
#5317 = VERTEX_POINT('',#5318);
#5318 = CARTESIAN_POINT('',(40.5,11.798154830933,3.915312290192));
#5319 = LINE('',#5320,#5321);
#5320 = CARTESIAN_POINT('',(40.5,11.060398101807,3.416675806046));
#5321 = VECTOR('',#5322,1.);
#5322 = DIRECTION('',(0.,0.828509666873,0.559974760054));
#5323 = ORIENTED_EDGE('',*,*,#5324,.T.);
#5324 = EDGE_CURVE('',#5317,#5325,#5327,.T.);
#5325 = VERTEX_POINT('',#5326);
#5326 = CARTESIAN_POINT('',(40.5,12.441029548645,4.531457424164));
#5327 = LINE('',#5328,#5329);
#5328 = CARTESIAN_POINT('',(40.5,11.798154830933,3.915312290192));
#5329 = VECTOR('',#5330,1.);
#5330 = DIRECTION('',(0.,0.72195630441,0.691938649393));
#5331 = ORIENTED_EDGE('',*,*,#5332,.T.);
#5332 = EDGE_CURVE('',#5325,#5333,#5335,.T.);
#5333 = VERTEX_POINT('',#5334);
#5334 = CARTESIAN_POINT('',(40.5,12.970527648926,5.247386455536));
#5335 = LINE('',#5336,#5337);
#5336 = CARTESIAN_POINT('',(40.5,12.441029548645,4.531457424164));
#5337 = VECTOR('',#5338,1.);
#5338 = DIRECTION('',(0.,0.594632995027,0.803997264439));
#5339 = ORIENTED_EDGE('',*,*,#5340,.T.);
#5340 = EDGE_CURVE('',#5333,#5341,#5343,.T.);
#5341 = VERTEX_POINT('',#5342);
#5342 = CARTESIAN_POINT('',(40.5,13.371417045593,6.042503356934));
#5343 = LINE('',#5344,#5345);
#5344 = CARTESIAN_POINT('',(40.5,12.970527648926,5.247386455536));
#5345 = VECTOR('',#5346,1.);
#5346 = DIRECTION('',(0.,0.450203646512,0.892925907714));
#5347 = ORIENTED_EDGE('',*,*,#5348,.T.);
#5348 = EDGE_CURVE('',#5341,#5349,#5351,.T.);
#5349 = VERTEX_POINT('',#5350);
#5350 = CARTESIAN_POINT('',(40.5,13.632164955139,6.893933773041));
#5351 = LINE('',#5352,#5353);
#5352 = CARTESIAN_POINT('',(40.5,13.371417045593,6.042503356934));
#5353 = VECTOR('',#5354,1.);
#5354 = DIRECTION('',(0.,0.292823053969,0.956166648166));
#5355 = ORIENTED_EDGE('',*,*,#5356,.T.);
#5356 = EDGE_CURVE('',#5349,#5357,#5359,.T.);
#5357 = VERTEX_POINT('',#5358);
#5358 = CARTESIAN_POINT('',(40.5,13.745269775391,7.777184009552));
#5359 = LINE('',#5360,#5361);
#5360 = CARTESIAN_POINT('',(40.5,13.632164955139,6.893933773041));
#5361 = VECTOR('',#5362,1.);
#5362 = DIRECTION('',(0.,0.127018043761,0.991900406573));
#5363 = ORIENTED_EDGE('',*,*,#5364,.T.);
#5364 = EDGE_CURVE('',#5357,#5365,#5367,.T.);
#5365 = VERTEX_POINT('',#5366);
#5366 = CARTESIAN_POINT('',(40.5,13.75,8.));
#5367 = LINE('',#5368,#5369);
#5368 = CARTESIAN_POINT('',(40.5,13.745269775391,7.777184009552));
#5369 = VECTOR('',#5370,1.);
#5370 = DIRECTION('',(0.,2.122450478082E-02,0.999774734826));
#5371 = ORIENTED_EDGE('',*,*,#5372,.T.);
#5372 = EDGE_CURVE('',#5365,#5373,#5375,.T.);
#5373 = VERTEX_POINT('',#5374);
#5374 = CARTESIAN_POINT('',(40.5,13.70747756958,8.666843414307));
#5375 = LINE('',#5376,#5377);
#5376 = CARTESIAN_POINT('',(40.5,13.75,8.));
#5377 = VECTOR('',#5378,1.);
#5378 = DIRECTION('',(0.,-6.363748966678E-02,0.997973080754));
#5379 = ORIENTED_EDGE('',*,*,#5380,.T.);
#5380 = EDGE_CURVE('',#5373,#5381,#5383,.T.);
#5381 = VERTEX_POINT('',#5382);
#5382 = CARTESIAN_POINT('',(40.5,13.519875526428,9.53731918335));
#5383 = LINE('',#5384,#5385);
#5384 = CARTESIAN_POINT('',(40.5,13.70747756958,8.666843414307));
#5385 = VECTOR('',#5386,1.);
#5386 = DIRECTION('',(0.,-0.210679446248,0.977555200962));
#5387 = ORIENTED_EDGE('',*,*,#5388,.T.);
#5388 = EDGE_CURVE('',#5381,#5389,#5391,.T.);
#5389 = VERTEX_POINT('',#5390);
#5390 = CARTESIAN_POINT('',(40.5,13.187861442566,10.363569259644));
#5391 = LINE('',#5392,#5393);
#5392 = CARTESIAN_POINT('',(40.5,13.519875526428,9.53731918335));
#5393 = VECTOR('',#5394,1.);
#5394 = DIRECTION('',(0.,-0.372855990225,0.927889223212));
#5395 = ORIENTED_EDGE('',*,*,#5396,.T.);
#5396 = EDGE_CURVE('',#5389,#5397,#5399,.T.);
#5397 = VERTEX_POINT('',#5398);
#5398 = CARTESIAN_POINT('',(40.5,12.720985412598,11.121824264526));
#5399 = LINE('',#5400,#5401);
#5400 = CARTESIAN_POINT('',(40.5,13.187861442566,10.363569259644));
#5401 = VECTOR('',#5402,1.);
#5402 = DIRECTION('',(0.,-0.524307208368,0.851529184029));
#5403 = ORIENTED_EDGE('',*,*,#5404,.T.);
#5404 = EDGE_CURVE('',#5397,#5405,#5407,.T.);
#5405 = VERTEX_POINT('',#5406);
#5406 = CARTESIAN_POINT('',(40.5,12.132678985596,11.79026889801));
#5407 = LINE('',#5408,#5409);
#5408 = CARTESIAN_POINT('',(40.5,12.720985412598,11.121824264526));
#5409 = VECTOR('',#5410,1.);
#5410 = DIRECTION('',(0.,-0.660675455484,0.750671660929));
#5411 = ORIENTED_EDGE('',*,*,#5412,.T.);
#5412 = EDGE_CURVE('',#5405,#5413,#5415,.T.);
#5413 = VERTEX_POINT('',#5414);
#5414 = CARTESIAN_POINT('',(40.5,11.439867019653,12.349675178528));
#5415 = LINE('',#5416,#5417);
#5416 = CARTESIAN_POINT('',(40.5,12.132678985596,11.79026889801));
#5417 = VECTOR('',#5418,1.);
#5418 = DIRECTION('',(0.,-0.778035926416,0.628219784157));
#5419 = ORIENTED_EDGE('',*,*,#5420,.T.);
#5420 = EDGE_CURVE('',#5413,#5421,#5423,.T.);
#5421 = VERTEX_POINT('',#5422);
#5422 = CARTESIAN_POINT('',(40.5,10.662481307983,12.783948898315));
#5423 = LINE('',#5424,#5425);
#5424 = CARTESIAN_POINT('',(40.5,11.439867019653,12.349675178528));
#5425 = VECTOR('',#5426,1.);
#5426 = DIRECTION('',(0.,-0.873014110217,0.487694949084));
#5427 = ORIENTED_EDGE('',*,*,#5428,.T.);
#5428 = EDGE_CURVE('',#5421,#5429,#5431,.T.);
#5429 = VERTEX_POINT('',#5430);
#5430 = CARTESIAN_POINT('',(40.5,9.822884559631,13.080597877502));
#5431 = LINE('',#5432,#5433);
#5432 = CARTESIAN_POINT('',(40.5,10.662481307983,12.783948898315));
#5433 = VECTOR('',#5434,1.);
#5434 = DIRECTION('',(0.,-0.942877242208,0.333140370003));
#5435 = ORIENTED_EDGE('',*,*,#5436,.T.);
#5436 = EDGE_CURVE('',#5429,#5437,#5439,.T.);
#5437 = VERTEX_POINT('',#5438);
#5438 = CARTESIAN_POINT('',(40.5,8.945231437683,13.231086730957));
#5439 = LINE('',#5440,#5441);
#5440 = CARTESIAN_POINT('',(40.5,9.822884559631,13.080597877502));
#5441 = VECTOR('',#5442,1.);
#5442 = DIRECTION('',(0.,-0.985615889333,0.169000942882));
#5443 = ORIENTED_EDGE('',*,*,#5444,.T.);
#5444 = EDGE_CURVE('',#5437,#5445,#5447,.T.);
#5445 = VERTEX_POINT('',#5446);
#5446 = CARTESIAN_POINT('',(40.5,8.054768562317,13.231086730957));
#5447 = LINE('',#5448,#5449);
#5448 = CARTESIAN_POINT('',(40.5,8.945231437683,13.231086730957));
#5449 = VECTOR('',#5450,1.);
#5450 = DIRECTION('',(0.,-1.,0.));
#5451 = ORIENTED_EDGE('',*,*,#5452,.T.);
#5452 = EDGE_CURVE('',#5445,#5453,#5455,.T.);
#5453 = VERTEX_POINT('',#5454);
#5454 = CARTESIAN_POINT('',(40.5,7.177114963531,13.080597877502));
#5455 = LINE('',#5456,#5457);
#5456 = CARTESIAN_POINT('',(40.5,8.054768562317,13.231086730957));
#5457 = VECTOR('',#5458,1.);
#5458 = DIRECTION('',(0.,-0.985615904627,-0.169000853684));
#5459 = ORIENTED_EDGE('',*,*,#5460,.T.);
#5460 = EDGE_CURVE('',#5453,#5461,#5463,.T.);
#5461 = VERTEX_POINT('',#5462);
#5462 = CARTESIAN_POINT('',(40.5,6.337518215179,12.783948898315));
#5463 = LINE('',#5464,#5465);
#5464 = CARTESIAN_POINT('',(40.5,7.177114963531,13.080597877502));
#5465 = VECTOR('',#5466,1.);
#5466 = DIRECTION('',(0.,-0.942877242208,-0.333140370003));
#5467 = ORIENTED_EDGE('',*,*,#5468,.T.);
#5468 = EDGE_CURVE('',#5461,#5469,#5471,.T.);
#5469 = VERTEX_POINT('',#5470);
#5470 = CARTESIAN_POINT('',(40.5,5.560132026672,12.349675178528));
#5471 = LINE('',#5472,#5473);
#5472 = CARTESIAN_POINT('',(40.5,6.337518215179,12.783948898315));
#5473 = VECTOR('',#5474,1.);
#5474 = DIRECTION('',(0.,-0.873014237583,-0.487694721089));
#5475 = ORIENTED_EDGE('',*,*,#5476,.T.);
#5476 = EDGE_CURVE('',#5469,#5477,#5479,.T.);
#5477 = VERTEX_POINT('',#5478);
#5478 = CARTESIAN_POINT('',(40.5,4.867321014404,11.79026889801));
#5479 = LINE('',#5480,#5481);
#5480 = CARTESIAN_POINT('',(40.5,5.560132026672,12.349675178528));
#5481 = VECTOR('',#5482,1.);
#5482 = DIRECTION('',(0.,-0.77803550374,-0.628220307632));
#5483 = ORIENTED_EDGE('',*,*,#5484,.T.);
#5484 = EDGE_CURVE('',#5477,#5485,#5487,.T.);
#5485 = VERTEX_POINT('',#5486);
#5486 = CARTESIAN_POINT('',(40.5,4.27901506424,11.121824264526));
#5487 = LINE('',#5488,#5489);
#5488 = CARTESIAN_POINT('',(40.5,4.867321014404,11.79026889801));
#5489 = VECTOR('',#5490,1.);
#5490 = DIRECTION('',(0.,-0.660675153728,-0.750671926507));
#5491 = ORIENTED_EDGE('',*,*,#5492,.T.);
#5492 = EDGE_CURVE('',#5485,#5493,#5495,.T.);
#5493 = VERTEX_POINT('',#5494);
#5494 = CARTESIAN_POINT('',(40.5,3.81213927269,10.363569259644));
#5495 = LINE('',#5496,#5497);
#5496 = CARTESIAN_POINT('',(40.5,4.27901506424,11.121824264526));
#5497 = VECTOR('',#5498,1.);
#5498 = DIRECTION('',(0.,-0.524307014225,-0.851529303568));
#5499 = ORIENTED_EDGE('',*,*,#5500,.T.);
#5500 = EDGE_CURVE('',#5493,#5501,#5503,.T.);
#5501 = VERTEX_POINT('',#5502);
#5502 = CARTESIAN_POINT('',(40.5,3.48012471199,9.53731918335));
#5503 = LINE('',#5504,#5505);
#5504 = CARTESIAN_POINT('',(40.5,3.81213927269,10.363569259644));
#5505 = VECTOR('',#5506,1.);
#5506 = DIRECTION('',(0.,-0.372856451274,-0.927889037948));
#5507 = ORIENTED_EDGE('',*,*,#5508,.T.);
#5508 = EDGE_CURVE('',#5501,#5509,#5511,.T.);
#5509 = VERTEX_POINT('',#5510);
#5510 = CARTESIAN_POINT('',(40.5,3.292522668839,8.666843414307));
#5511 = LINE('',#5512,#5513);
#5512 = CARTESIAN_POINT('',(40.5,3.48012471199,9.53731918335));
#5513 = VECTOR('',#5514,1.);
#5514 = DIRECTION('',(0.,-0.210679446248,-0.977555200962));
#5515 = ORIENTED_EDGE('',*,*,#5516,.T.);
#5516 = EDGE_CURVE('',#5509,#5517,#5519,.T.);
#5517 = VERTEX_POINT('',#5518);
#5518 = CARTESIAN_POINT('',(40.5,3.254730463028,7.777184009552));
#5519 = LINE('',#5520,#5521);
#5520 = CARTESIAN_POINT('',(40.5,3.292522668839,8.666843414307));
#5521 = VECTOR('',#5522,1.);
#5522 = DIRECTION('',(0.,-4.244113383781E-02,-0.999098969151));
#5523 = ORIENTED_EDGE('',*,*,#5524,.T.);
#5524 = EDGE_CURVE('',#5517,#5525,#5527,.T.);
#5525 = VERTEX_POINT('',#5526);
#5526 = CARTESIAN_POINT('',(40.5,3.367835044861,6.893933773041));
#5527 = LINE('',#5528,#5529);
#5528 = CARTESIAN_POINT('',(40.5,3.254730463028,7.777184009552));
#5529 = VECTOR('',#5530,1.);
#5530 = DIRECTION('',(0.,0.127017780333,-0.991900440306));
#5531 = ORIENTED_EDGE('',*,*,#5532,.T.);
#5532 = EDGE_CURVE('',#5525,#5533,#5535,.T.);
#5533 = VERTEX_POINT('',#5534);
#5534 = CARTESIAN_POINT('',(40.5,3.628582715988,6.042503356934));
#5535 = LINE('',#5536,#5537);
#5536 = CARTESIAN_POINT('',(40.5,3.367835044861,6.893933773041));
#5537 = VECTOR('',#5538,1.);
#5538 = DIRECTION('',(0.,0.29282280918,-0.956166723131));
#5539 = ORIENTED_EDGE('',*,*,#5540,.T.);
#5540 = EDGE_CURVE('',#5533,#5541,#5543,.T.);
#5541 = VERTEX_POINT('',#5542);
#5542 = CARTESIAN_POINT('',(40.5,4.029471874237,5.247386455536));
#5543 = LINE('',#5544,#5545);
#5544 = CARTESIAN_POINT('',(40.5,3.628582715988,6.042503356934));
#5545 = VECTOR('',#5546,1.);
#5546 = DIRECTION('',(0.,0.450203433033,-0.892926015348));
#5547 = ORIENTED_EDGE('',*,*,#5548,.T.);
#5548 = EDGE_CURVE('',#5541,#5549,#5551,.T.);
#5549 = VERTEX_POINT('',#5550);
#5550 = CARTESIAN_POINT('',(40.5,4.558970451355,4.531457424164));
#5551 = LINE('',#5552,#5553);
#5552 = CARTESIAN_POINT('',(40.5,4.029471874237,5.247386455536));
#5553 = VECTOR('',#5554,1.);
#5554 = DIRECTION('',(0.,0.594633341176,-0.803997008428));
#5555 = ORIENTED_EDGE('',*,*,#5556,.T.);
#5556 = EDGE_CURVE('',#5549,#5557,#5559,.T.);
#5557 = VERTEX_POINT('',#5558);
#5558 = CARTESIAN_POINT('',(40.5,5.201845169067,3.915312290192));
#5559 = LINE('',#5560,#5561);
#5560 = CARTESIAN_POINT('',(40.5,4.558970451355,4.531457424164));
#5561 = VECTOR('',#5562,1.);
#5562 = DIRECTION('',(0.,0.72195630441,-0.691938649393));
#5563 = ORIENTED_EDGE('',*,*,#5564,.T.);
#5564 = EDGE_CURVE('',#5557,#5565,#5567,.T.);
#5565 = VERTEX_POINT('',#5566);
#5566 = CARTESIAN_POINT('',(40.5,5.939601421356,3.416675806046));
#5567 = LINE('',#5568,#5569);
#5568 = CARTESIAN_POINT('',(40.5,5.201845169067,3.915312290192));
#5569 = VECTOR('',#5570,1.);
#5570 = DIRECTION('',(0.,0.828509498957,-0.559975008494));
#5571 = ORIENTED_EDGE('',*,*,#5572,.T.);
#5572 = EDGE_CURVE('',#5565,#5275,#5573,.T.);
#5573 = LINE('',#5574,#5575);
#5574 = CARTESIAN_POINT('',(40.5,5.939601421356,3.416675806046));
#5575 = VECTOR('',#5576,1.);
#5576 = DIRECTION('',(0.,0.911228554381,-0.411901106676));
#5577 = PLANE('',#5578);
#5578 = AXIS2_PLACEMENT_3D('',#5579,#5580,#5581);
#5579 = CARTESIAN_POINT('',(40.5,16.752672145718,7.999999996578));
#5580 = DIRECTION('',(-1.,-0.,-0.));
#5581 = DIRECTION('',(0.,0.,-1.));
#5582 = ADVANCED_FACE('',(#5583),#5594,.T.);
#5583 = FACE_BOUND('',#5584,.T.);
#5584 = EDGE_LOOP('',(#5585,#5586,#5587,#5593));
#5585 = ORIENTED_EDGE('',*,*,#5265,.F.);
#5586 = ORIENTED_EDGE('',*,*,#1732,.F.);
#5587 = ORIENTED_EDGE('',*,*,#5588,.T.);
#5588 = EDGE_CURVE('',#1725,#972,#5589,.T.);
#5589 = LINE('',#5590,#5591);
#5590 = CARTESIAN_POINT('',(40.400245666504,32.624267578125,16.));
#5591 = VECTOR('',#5592,1.);
#5592 = DIRECTION('',(0.,0.,-1.));
#5593 = ORIENTED_EDGE('',*,*,#971,.F.);
#5594 = PLANE('',#5595);
#5595 = AXIS2_PLACEMENT_3D('',#5596,#5597,#5598);
#5596 = CARTESIAN_POINT('',(40.450122833252,31.919786453247,8.));
#5597 = DIRECTION('',(-0.997503072937,-7.062308036883E-02,-0.));
#5598 = DIRECTION('',(7.062308036883E-02,-0.997503072937,0.));
#5599 = ADVANCED_FACE('',(#5600),#5611,.T.);
#5600 = FACE_BOUND('',#5601,.T.);
#5601 = EDGE_LOOP('',(#5602,#5603,#5604,#5610));
#5602 = ORIENTED_EDGE('',*,*,#5588,.F.);
#5603 = ORIENTED_EDGE('',*,*,#1724,.F.);
#5604 = ORIENTED_EDGE('',*,*,#5605,.T.);
#5605 = EDGE_CURVE('',#1717,#980,#5606,.T.);
#5606 = LINE('',#5607,#5608);
#5607 = CARTESIAN_POINT('',(40.102966308594,34.00511932373,16.));
#5608 = VECTOR('',#5609,1.);
#5609 = DIRECTION('',(0.,0.,-1.));
#5610 = ORIENTED_EDGE('',*,*,#979,.F.);
#5611 = PLANE('',#5612);
#5612 = AXIS2_PLACEMENT_3D('',#5613,#5614,#5615);
#5613 = CARTESIAN_POINT('',(40.251605987549,33.314693450928,8.));
#5614 = DIRECTION('',(-0.977601430076,-0.210464828212,-0.));
#5615 = DIRECTION('',(0.210464828212,-0.977601430076,0.));
#5616 = ADVANCED_FACE('',(#5617),#5628,.T.);
#5617 = FACE_BOUND('',#5618,.T.);
#5618 = EDGE_LOOP('',(#5619,#5620,#5621,#5627));
#5619 = ORIENTED_EDGE('',*,*,#5605,.F.);
#5620 = ORIENTED_EDGE('',*,*,#1716,.F.);
#5621 = ORIENTED_EDGE('',*,*,#5622,.F.);
#5622 = EDGE_CURVE('',#988,#1709,#5623,.T.);
#5623 = LINE('',#5624,#5625);
#5624 = CARTESIAN_POINT('',(39.614093780518,35.33031463623,8.7E-16));
#5625 = VECTOR('',#5626,1.);
#5626 = DIRECTION('',(0.,0.,1.));
#5627 = ORIENTED_EDGE('',*,*,#987,.F.);
#5628 = PLANE('',#5629);
#5629 = AXIS2_PLACEMENT_3D('',#5630,#5631,#5632);
#5630 = CARTESIAN_POINT('',(39.858530044556,34.66771697998,8.));
#5631 = DIRECTION('',(-0.938195435715,-0.346105943902,-0.));
#5632 = DIRECTION('',(0.346105943902,-0.938195435715,0.));
#5633 = ADVANCED_FACE('',(#5634),#5645,.T.);
#5634 = FACE_BOUND('',#5635,.T.);
#5635 = EDGE_LOOP('',(#5636,#5637,#5638,#5644));
#5636 = ORIENTED_EDGE('',*,*,#5622,.T.);
#5637 = ORIENTED_EDGE('',*,*,#1708,.F.);
#5638 = ORIENTED_EDGE('',*,*,#5639,.T.);
#5639 = EDGE_CURVE('',#1701,#996,#5640,.T.);
#5640 = LINE('',#5641,#5642);
#5641 = CARTESIAN_POINT('',(38.402690887451,36.429790496826,16.));
#5642 = VECTOR('',#5643,1.);
#5643 = DIRECTION('',(0.,0.,-1.));
#5644 = ORIENTED_EDGE('',*,*,#995,.F.);
#5645 = PLANE('',#5646);
#5646 = AXIS2_PLACEMENT_3D('',#5647,#5648,#5649);
#5647 = CARTESIAN_POINT('',(39.008392333984,35.880052566528,8.));
#5648 = DIRECTION('',(-0.672070326219,-0.740487323737,-0.));
#5649 = DIRECTION('',(-0.740487323737,0.672070326219,0.));
#5650 = ADVANCED_FACE('',(#5651),#5662,.T.);
#5651 = FACE_BOUND('',#5652,.T.);
#5652 = EDGE_LOOP('',(#5653,#5654,#5655,#5661));
#5653 = ORIENTED_EDGE('',*,*,#5639,.F.);
#5654 = ORIENTED_EDGE('',*,*,#1700,.F.);
#5655 = ORIENTED_EDGE('',*,*,#5656,.T.);
#5656 = EDGE_CURVE('',#1693,#1004,#5657,.T.);
#5657 = LINE('',#5658,#5659);
#5658 = CARTESIAN_POINT('',(37.028232574463,37.317039489746,16.));
#5659 = VECTOR('',#5660,1.);
#5660 = DIRECTION('',(0.,0.,-1.));
#5661 = ORIENTED_EDGE('',*,*,#1003,.F.);
#5662 = PLANE('',#5663);
#5663 = AXIS2_PLACEMENT_3D('',#5664,#5665,#5666);
#5664 = CARTESIAN_POINT('',(37.715461730957,36.873414993286,8.));
#5665 = DIRECTION('',(-0.54234338936,-0.840156918687,-0.));
#5666 = DIRECTION('',(-0.840156918687,0.54234338936,0.));
#5667 = ADVANCED_FACE('',(#5668),#5679,.T.);
#5668 = FACE_BOUND('',#5669,.T.);
#5669 = EDGE_LOOP('',(#5670,#5671,#5672,#5678));
#5670 = ORIENTED_EDGE('',*,*,#5656,.F.);
#5671 = ORIENTED_EDGE('',*,*,#1692,.F.);
#5672 = ORIENTED_EDGE('',*,*,#5673,.T.);
#5673 = EDGE_CURVE('',#1685,#1012,#5674,.T.);
#5674 = LINE('',#5675,#5676);
#5675 = CARTESIAN_POINT('',(35.527507781982,37.968311309814,16.));
#5676 = VECTOR('',#5677,1.);
#5677 = DIRECTION('',(0.,0.,-1.));
#5678 = ORIENTED_EDGE('',*,*,#1011,.F.);
#5679 = PLANE('',#5680);
#5680 = AXIS2_PLACEMENT_3D('',#5681,#5682,#5683);
#5681 = CARTESIAN_POINT('',(36.277870178223,37.64267539978,8.));
#5682 = DIRECTION('',(-0.398100263584,-0.917341910159,-0.));
#5683 = DIRECTION('',(-0.917341910159,0.398100263584,0.));
#5684 = ADVANCED_FACE('',(#5685),#5702,.T.);
#5685 = FACE_BOUND('',#5686,.T.);
#5686 = EDGE_LOOP('',(#5687,#5688,#5696));
#5687 = ORIENTED_EDGE('',*,*,#1019,.F.);
#5688 = ORIENTED_EDGE('',*,*,#5689,.T.);
#5689 = EDGE_CURVE('',#1012,#5690,#5692,.T.);
#5690 = VERTEX_POINT('',#5691);
#5691 = CARTESIAN_POINT('',(35.019596099854,38.125965118408,3.));
#5692 = LINE('',#5693,#5694);
#5693 = CARTESIAN_POINT('',(35.527507781982,37.968311309814,8.7E-16));
#5694 = VECTOR('',#5695,1.);
#5695 = DIRECTION('',(-0.166704770002,5.174451154855E-02,0.9846481733));
#5696 = ORIENTED_EDGE('',*,*,#5697,.T.);
#5697 = EDGE_CURVE('',#5690,#1020,#5698,.T.);
#5698 = LINE('',#5699,#5700);
#5699 = CARTESIAN_POINT('',(35.019596099854,38.125965118408,3.));
#5700 = VECTOR('',#5701,1.);
#5701 = DIRECTION('',(-0.337463592406,7.513535316232E-02,-0.938335229279
    ));
#5702 = PLANE('',#5703);
#5703 = AXIS2_PLACEMENT_3D('',#5704,#5705,#5706);
#5704 = CARTESIAN_POINT('',(34.839635647614,38.152790055416,
    1.188582689982));
#5705 = DIRECTION('',(-0.243193803577,-0.969928237948,9.797302305745E-03
    ));
#5706 = DIRECTION('',(-0.969974791615,0.243205476155,-2.641819431452E-19
    ));
#5707 = ADVANCED_FACE('',(#5708),#5733,.T.);
#5708 = FACE_BOUND('',#5709,.T.);
#5709 = EDGE_LOOP('',(#5710,#5718,#5719,#5727));
#5710 = ORIENTED_EDGE('',*,*,#5711,.F.);
#5711 = EDGE_CURVE('',#1028,#5712,#5714,.T.);
#5712 = VERTEX_POINT('',#5713);
#5713 = CARTESIAN_POINT('',(32.310203552246,38.5,3.));
#5714 = LINE('',#5715,#5716);
#5715 = CARTESIAN_POINT('',(32.310203552246,38.5,8.7E-16));
#5716 = VECTOR('',#5717,1.);
#5717 = DIRECTION('',(0.,0.,1.));
#5718 = ORIENTED_EDGE('',*,*,#1027,.F.);
#5719 = ORIENTED_EDGE('',*,*,#5720,.F.);
#5720 = EDGE_CURVE('',#5721,#1020,#5723,.T.);
#5721 = VERTEX_POINT('',#5722);
#5722 = CARTESIAN_POINT('',(33.940673828125,38.366184234619,3.));
#5723 = LINE('',#5724,#5725);
#5724 = CARTESIAN_POINT('',(33.940673828125,38.366184234619,3.));
#5725 = VECTOR('',#5726,1.);
#5726 = DIRECTION('',(0.,0.,-1.));
#5727 = ORIENTED_EDGE('',*,*,#5728,.F.);
#5728 = EDGE_CURVE('',#5712,#5721,#5729,.T.);
#5729 = LINE('',#5730,#5731);
#5730 = CARTESIAN_POINT('',(32.310203552246,38.5,3.));
#5731 = VECTOR('',#5732,1.);
#5732 = DIRECTION('',(0.996649022179,-8.179686173492E-02,0.));
#5733 = PLANE('',#5734);
#5734 = AXIS2_PLACEMENT_3D('',#5735,#5736,#5737);
#5735 = CARTESIAN_POINT('',(33.125438690186,38.43309211731,1.5));
#5736 = DIRECTION('',(-8.179686173492E-02,-0.996649022179,-0.));
#5737 = DIRECTION('',(-0.996649022179,8.179686173492E-02,0.));
#5738 = ADVANCED_FACE('',(#5739),#5780,.T.);
#5739 = FACE_BOUND('',#5740,.T.);
#5740 = EDGE_LOOP('',(#5741,#5742,#5750,#5758,#5766,#5772,#5773,#5779));
#5741 = ORIENTED_EDGE('',*,*,#5711,.T.);
#5742 = ORIENTED_EDGE('',*,*,#5743,.T.);
#5743 = EDGE_CURVE('',#5712,#5744,#5746,.T.);
#5744 = VERTEX_POINT('',#5745);
#5745 = CARTESIAN_POINT('',(30.019596099854,38.5,3.));
#5746 = LINE('',#5747,#5748);
#5747 = CARTESIAN_POINT('',(32.310203552246,38.5,3.));
#5748 = VECTOR('',#5749,1.);
#5749 = DIRECTION('',(-1.,0.,0.));
#5750 = ORIENTED_EDGE('',*,*,#5751,.T.);
#5751 = EDGE_CURVE('',#5744,#5752,#5754,.T.);
#5752 = VERTEX_POINT('',#5753);
#5753 = CARTESIAN_POINT('',(30.019596099854,38.5,13.));
#5754 = LINE('',#5755,#5756);
#5755 = CARTESIAN_POINT('',(30.019596099854,38.5,3.));
#5756 = VECTOR('',#5757,1.);
#5757 = DIRECTION('',(0.,0.,1.));
#5758 = ORIENTED_EDGE('',*,*,#5759,.T.);
#5759 = EDGE_CURVE('',#5752,#5760,#5762,.T.);
#5760 = VERTEX_POINT('',#5761);
#5761 = CARTESIAN_POINT('',(32.310203552246,38.5,13.));
#5762 = LINE('',#5763,#5764);
#5763 = CARTESIAN_POINT('',(30.019596099854,38.5,13.));
#5764 = VECTOR('',#5765,1.);
#5765 = DIRECTION('',(1.,0.,0.));
#5766 = ORIENTED_EDGE('',*,*,#5767,.T.);
#5767 = EDGE_CURVE('',#5760,#1669,#5768,.T.);
#5768 = LINE('',#5769,#5770);
#5769 = CARTESIAN_POINT('',(32.310203552246,38.5,13.));
#5770 = VECTOR('',#5771,1.);
#5771 = DIRECTION('',(0.,0.,1.));
#5772 = ORIENTED_EDGE('',*,*,#1668,.T.);
#5773 = ORIENTED_EDGE('',*,*,#5774,.T.);
#5774 = EDGE_CURVE('',#1661,#1036,#5775,.T.);
#5775 = LINE('',#5776,#5777);
#5776 = CARTESIAN_POINT('',(18.950849533081,38.5,16.));
#5777 = VECTOR('',#5778,1.);
#5778 = DIRECTION('',(0.,0.,-1.));
#5779 = ORIENTED_EDGE('',*,*,#1035,.T.);
#5780 = PLANE('',#5781);
#5781 = AXIS2_PLACEMENT_3D('',#5782,#5783,#5784);
#5782 = CARTESIAN_POINT('',(25.669200821189,38.5,8.));
#5783 = DIRECTION('',(-0.,-1.,-0.));
#5784 = DIRECTION('',(0.,0.,-1.));
#5785 = ADVANCED_FACE('',(#5786),#5792,.T.);
#5786 = FACE_BOUND('',#5787,.T.);
#5787 = EDGE_LOOP('',(#5788,#5789,#5790,#5791));
#5788 = ORIENTED_EDGE('',*,*,#5774,.F.);
#5789 = ORIENTED_EDGE('',*,*,#1660,.F.);
#5790 = ORIENTED_EDGE('',*,*,#2636,.T.);
#5791 = ORIENTED_EDGE('',*,*,#1043,.F.);
#5792 = PLANE('',#5793);
#5793 = AXIS2_PLACEMENT_3D('',#5794,#5795,#5796);
#5794 = CARTESIAN_POINT('',(18.181176185608,38.440404891968,8.));
#5795 = DIRECTION('',(7.719802600732E-02,-0.997015779605,0.));
#5796 = DIRECTION('',(-0.997015779605,-7.719802600732E-02,0.));
#5797 = ADVANCED_FACE('',(#5798),#5823,.T.);
#5798 = FACE_BOUND('',#5799,.T.);
#5799 = EDGE_LOOP('',(#5800,#5806,#5807,#5813,#5814,#5815,#5816,#5822));
#5800 = ORIENTED_EDGE('',*,*,#5801,.F.);
#5801 = EDGE_CURVE('',#1856,#1052,#5802,.T.);
#5802 = LINE('',#5803,#5804);
#5803 = CARTESIAN_POINT('',(36.5,41.,16.));
#5804 = VECTOR('',#5805,1.);
#5805 = DIRECTION('',(0.,0.,-1.));
#5806 = ORIENTED_EDGE('',*,*,#1879,.F.);
#5807 = ORIENTED_EDGE('',*,*,#5808,.T.);
#5808 = EDGE_CURVE('',#1872,#2481,#5809,.T.);
#5809 = LINE('',#5810,#5811);
#5810 = CARTESIAN_POINT('',(36.5,70.,16.));
#5811 = VECTOR('',#5812,1.);
#5812 = DIRECTION('',(0.,0.,-1.));
#5813 = ORIENTED_EDGE('',*,*,#2480,.T.);
#5814 = ORIENTED_EDGE('',*,*,#2561,.T.);
#5815 = ORIENTED_EDGE('',*,*,#2530,.T.);
#5816 = ORIENTED_EDGE('',*,*,#5817,.F.);
#5817 = EDGE_CURVE('',#1054,#2521,#5818,.T.);
#5818 = LINE('',#5819,#5820);
#5819 = CARTESIAN_POINT('',(36.5,70.,8.7E-16));
#5820 = VECTOR('',#5821,1.);
#5821 = DIRECTION('',(0.,0.,1.));
#5822 = ORIENTED_EDGE('',*,*,#1051,.F.);
#5823 = PLANE('',#5824);
#5824 = AXIS2_PLACEMENT_3D('',#5825,#5826,#5827);
#5825 = CARTESIAN_POINT('',(36.5,55.523281110085,7.999999999934));
#5826 = DIRECTION('',(-1.,-0.,-0.));
#5827 = DIRECTION('',(0.,0.,-1.));
#5828 = ADVANCED_FACE('',(#5829),#5840,.T.);
#5829 = FACE_BOUND('',#5830,.T.);
#5830 = EDGE_LOOP('',(#5831,#5837,#5838,#5839));
#5831 = ORIENTED_EDGE('',*,*,#5832,.T.);
#5832 = EDGE_CURVE('',#2523,#1062,#5833,.T.);
#5833 = LINE('',#5834,#5835);
#5834 = CARTESIAN_POINT('',(21.000001907349,70.,1.550000071526));
#5835 = VECTOR('',#5836,1.);
#5836 = DIRECTION('',(0.,0.,-1.));
#5837 = ORIENTED_EDGE('',*,*,#1061,.T.);
#5838 = ORIENTED_EDGE('',*,*,#5817,.T.);
#5839 = ORIENTED_EDGE('',*,*,#2520,.T.);
#5840 = PLANE('',#5841);
#5841 = AXIS2_PLACEMENT_3D('',#5842,#5843,#5844);
#5842 = CARTESIAN_POINT('',(28.750000953674,70.,0.775000035763));
#5843 = DIRECTION('',(-0.,-1.,-0.));
#5844 = DIRECTION('',(0.,0.,-1.));
#5845 = ADVANCED_FACE('',(#5846,#5866),#5869,.T.);
#5846 = FACE_BOUND('',#5847,.T.);
#5847 = EDGE_LOOP('',(#5848,#5849,#5850,#5851,#5852,#5853,#5859,#5860));
#5848 = ORIENTED_EDGE('',*,*,#1069,.F.);
#5849 = ORIENTED_EDGE('',*,*,#5832,.F.);
#5850 = ORIENTED_EDGE('',*,*,#2546,.T.);
#5851 = ORIENTED_EDGE('',*,*,#2466,.T.);
#5852 = ORIENTED_EDGE('',*,*,#2498,.T.);
#5853 = ORIENTED_EDGE('',*,*,#5854,.F.);
#5854 = EDGE_CURVE('',#1864,#2491,#5855,.T.);
#5855 = LINE('',#5856,#5857);
#5856 = CARTESIAN_POINT('',(21.000001907349,70.,16.));
#5857 = VECTOR('',#5858,1.);
#5858 = DIRECTION('',(0.,0.,-1.));
#5859 = ORIENTED_EDGE('',*,*,#1863,.F.);
#5860 = ORIENTED_EDGE('',*,*,#5861,.F.);
#5861 = EDGE_CURVE('',#1070,#1854,#5862,.T.);
#5862 = LINE('',#5863,#5864);
#5863 = CARTESIAN_POINT('',(21.000001907349,41.,8.7E-16));
#5864 = VECTOR('',#5865,1.);
#5865 = DIRECTION('',(0.,0.,1.));
#5866 = FACE_BOUND('',#5867,.T.);
#5867 = EDGE_LOOP('',(#5868));
#5868 = ORIENTED_EDGE('',*,*,#2621,.T.);
#5869 = PLANE('',#5870);
#5870 = AXIS2_PLACEMENT_3D('',#5871,#5872,#5873);
#5871 = CARTESIAN_POINT('',(21.000001907349,54.115514327363,
    7.99999997924));
#5872 = DIRECTION('',(1.,0.,0.));
#5873 = DIRECTION('',(0.,0.,1.));
#5874 = ADVANCED_FACE('',(#5875,#5881),#5915,.T.);
#5875 = FACE_BOUND('',#5876,.T.);
#5876 = EDGE_LOOP('',(#5877,#5878,#5879,#5880));
#5877 = ORIENTED_EDGE('',*,*,#1853,.T.);
#5878 = ORIENTED_EDGE('',*,*,#5801,.T.);
#5879 = ORIENTED_EDGE('',*,*,#1077,.T.);
#5880 = ORIENTED_EDGE('',*,*,#5861,.T.);
#5881 = FACE_BOUND('',#5882,.T.);
#5882 = EDGE_LOOP('',(#5883,#5893,#5901,#5909));
#5883 = ORIENTED_EDGE('',*,*,#5884,.T.);
#5884 = EDGE_CURVE('',#5885,#5887,#5889,.T.);
#5885 = VERTEX_POINT('',#5886);
#5886 = CARTESIAN_POINT('',(35.019596099854,41.,3.));
#5887 = VERTEX_POINT('',#5888);
#5888 = CARTESIAN_POINT('',(35.019596099854,41.,13.));
#5889 = LINE('',#5890,#5891);
#5890 = CARTESIAN_POINT('',(35.019596099854,41.,3.));
#5891 = VECTOR('',#5892,1.);
#5892 = DIRECTION('',(0.,0.,1.));
#5893 = ORIENTED_EDGE('',*,*,#5894,.T.);
#5894 = EDGE_CURVE('',#5887,#5895,#5897,.T.);
#5895 = VERTEX_POINT('',#5896);
#5896 = CARTESIAN_POINT('',(30.019596099854,41.,13.));
#5897 = LINE('',#5898,#5899);
#5898 = CARTESIAN_POINT('',(35.019596099854,41.,13.));
#5899 = VECTOR('',#5900,1.);
#5900 = DIRECTION('',(-1.,0.,0.));
#5901 = ORIENTED_EDGE('',*,*,#5902,.T.);
#5902 = EDGE_CURVE('',#5895,#5903,#5905,.T.);
#5903 = VERTEX_POINT('',#5904);
#5904 = CARTESIAN_POINT('',(30.019596099854,41.,3.));
#5905 = LINE('',#5906,#5907);
#5906 = CARTESIAN_POINT('',(30.019596099854,41.,13.));
#5907 = VECTOR('',#5908,1.);
#5908 = DIRECTION('',(0.,0.,-1.));
#5909 = ORIENTED_EDGE('',*,*,#5910,.T.);
#5910 = EDGE_CURVE('',#5903,#5885,#5911,.T.);
#5911 = LINE('',#5912,#5913);
#5912 = CARTESIAN_POINT('',(30.019596099854,41.,3.));
#5913 = VECTOR('',#5914,1.);
#5914 = DIRECTION('',(1.,0.,0.));
#5915 = PLANE('',#5916);
#5916 = AXIS2_PLACEMENT_3D('',#5917,#5918,#5919);
#5917 = CARTESIAN_POINT('',(28.750000953674,41.,8.));
#5918 = DIRECTION('',(0.,1.,0.));
#5919 = DIRECTION('',(0.,0.,1.));
#5920 = ADVANCED_FACE('',(#5921),#5939,.T.);
#5921 = FACE_BOUND('',#5922,.T.);
#5922 = EDGE_LOOP('',(#5923,#5931,#5932,#5933));
#5923 = ORIENTED_EDGE('',*,*,#5924,.F.);
#5924 = EDGE_CURVE('',#1214,#5925,#5927,.T.);
#5925 = VERTEX_POINT('',#5926);
#5926 = CARTESIAN_POINT('',(1.475376844406,24.187129974365,
    11.249999879655));
#5927 = LINE('',#5928,#5929);
#5928 = CARTESIAN_POINT('',(1.475376844406,24.187129974365,16.));
#5929 = VECTOR('',#5930,1.);
#5930 = DIRECTION('',(0.,0.,-1.));
#5931 = ORIENTED_EDGE('',*,*,#1213,.F.);
#5932 = ORIENTED_EDGE('',*,*,#3264,.F.);
#5933 = ORIENTED_EDGE('',*,*,#5934,.T.);
#5934 = EDGE_CURVE('',#3257,#5925,#5935,.T.);
#5935 = LINE('',#5936,#5937);
#5936 = CARTESIAN_POINT('',(1.083207848991,19.204099948791,
    11.249999879655));
#5937 = VECTOR('',#5938,1.);
#5938 = DIRECTION('',(-7.845830582101E-02,-0.9969173959,-0.));
#5939 = PLANE('',#5940);
#5940 = AXIS2_PLACEMENT_3D('',#5941,#5942,#5943);
#5941 = CARTESIAN_POINT('',(1.487688422203,24.343564987183,13.25));
#5942 = DIRECTION('',(-0.9969173959,7.845830582101E-02,0.));
#5943 = DIRECTION('',(-7.845830582101E-02,-0.9969173959,0.));
#5944 = ADVANCED_FACE('',(#5945),#5963,.T.);
#5945 = FACE_BOUND('',#5946,.T.);
#5946 = EDGE_LOOP('',(#5947,#5955,#5956,#5957));
#5947 = ORIENTED_EDGE('',*,*,#5948,.F.);
#5948 = EDGE_CURVE('',#1222,#5949,#5951,.T.);
#5949 = VERTEX_POINT('',#5950);
#5950 = CARTESIAN_POINT('',(1.402113199234,23.881965637207,
    11.249999879655));
#5951 = LINE('',#5952,#5953);
#5952 = CARTESIAN_POINT('',(1.402113199234,23.881965637207,16.));
#5953 = VECTOR('',#5954,1.);
#5954 = DIRECTION('',(0.,0.,-1.));
#5955 = ORIENTED_EDGE('',*,*,#1221,.F.);
#5956 = ORIENTED_EDGE('',*,*,#5924,.T.);
#5957 = ORIENTED_EDGE('',*,*,#5958,.T.);
#5958 = EDGE_CURVE('',#5925,#5949,#5959,.T.);
#5959 = LINE('',#5960,#5961);
#5960 = CARTESIAN_POINT('',(0.301514432362,19.297652470962,
    11.249999879655));
#5961 = VECTOR('',#5962,1.);
#5962 = DIRECTION('',(-0.233445875393,-0.972369797588,-0.));
#5963 = PLANE('',#5964);
#5964 = AXIS2_PLACEMENT_3D('',#5965,#5966,#5967);
#5965 = CARTESIAN_POINT('',(1.43874502182,24.034547805786,13.25));
#5966 = DIRECTION('',(-0.972369797588,0.233445875393,0.));
#5967 = DIRECTION('',(-0.233445875393,-0.972369797588,0.));
#5968 = ADVANCED_FACE('',(#5969),#5987,.T.);
#5969 = FACE_BOUND('',#5970,.T.);
#5970 = EDGE_LOOP('',(#5971,#5979,#5980,#5981));
#5971 = ORIENTED_EDGE('',*,*,#5972,.F.);
#5972 = EDGE_CURVE('',#1230,#5973,#5975,.T.);
#5973 = VERTEX_POINT('',#5974);
#5974 = CARTESIAN_POINT('',(1.282013177872,23.59202003479,
    11.249999879655));
#5975 = LINE('',#5976,#5977);
#5976 = CARTESIAN_POINT('',(1.282013177872,23.59202003479,16.));
#5977 = VECTOR('',#5978,1.);
#5978 = DIRECTION('',(0.,0.,-1.));
#5979 = ORIENTED_EDGE('',*,*,#1229,.F.);
#5980 = ORIENTED_EDGE('',*,*,#5948,.T.);
#5981 = ORIENTED_EDGE('',*,*,#5982,.T.);
#5982 = EDGE_CURVE('',#5949,#5973,#5983,.T.);
#5983 = LINE('',#5984,#5985);
#5984 = CARTESIAN_POINT('',(-0.367651758083,19.609397149164,
    11.249999879655));
#5985 = VECTOR('',#5986,1.);
#5986 = DIRECTION('',(-0.382685119945,-0.923878833491,-0.));
#5987 = PLANE('',#5988);
#5988 = AXIS2_PLACEMENT_3D('',#5989,#5990,#5991);
#5989 = CARTESIAN_POINT('',(1.342063188553,23.736992835999,13.25));
#5990 = DIRECTION('',(-0.923878833491,0.382685119945,0.));
#5991 = DIRECTION('',(-0.382685119945,-0.923878833491,0.));
#5992 = ADVANCED_FACE('',(#5993),#6011,.T.);
#5993 = FACE_BOUND('',#5994,.T.);
#5994 = EDGE_LOOP('',(#5995,#6003,#6004,#6005));
#5995 = ORIENTED_EDGE('',*,*,#5996,.F.);
#5996 = EDGE_CURVE('',#1238,#5997,#5999,.T.);
#5997 = VERTEX_POINT('',#5998);
#5998 = CARTESIAN_POINT('',(1.118034124374,23.324430465698,
    11.249999879655));
#5999 = LINE('',#6000,#6001);
#6000 = CARTESIAN_POINT('',(1.118034124374,23.324430465698,16.));
#6001 = VECTOR('',#6002,1.);
#6002 = DIRECTION('',(0.,0.,-1.));
#6003 = ORIENTED_EDGE('',*,*,#1237,.F.);
#6004 = ORIENTED_EDGE('',*,*,#5972,.T.);
#6005 = ORIENTED_EDGE('',*,*,#6006,.T.);
#6006 = EDGE_CURVE('',#5973,#5997,#6007,.T.);
#6007 = LINE('',#6008,#6009);
#6008 = CARTESIAN_POINT('',(-0.865863718089,20.087002529235,
    11.249999879655));
#6009 = VECTOR('',#6010,1.);
#6010 = DIRECTION('',(-0.522498459686,-0.852640228716,-0.));
#6011 = PLANE('',#6012);
#6012 = AXIS2_PLACEMENT_3D('',#6013,#6014,#6015);
#6013 = CARTESIAN_POINT('',(1.200023651123,23.458225250244,13.25));
#6014 = DIRECTION('',(-0.852640228716,0.522498459686,0.));
#6015 = DIRECTION('',(-0.522498459686,-0.852640228716,0.));
#6016 = ADVANCED_FACE('',(#6017),#6035,.T.);
#6017 = FACE_BOUND('',#6018,.T.);
#6018 = EDGE_LOOP('',(#6019,#6027,#6028,#6029));
#6019 = ORIENTED_EDGE('',*,*,#6020,.F.);
#6020 = EDGE_CURVE('',#1246,#6021,#6023,.T.);
#6021 = VERTEX_POINT('',#6022);
#6022 = CARTESIAN_POINT('',(0.914213657379,23.085786819458,
    11.249999879655));
#6023 = LINE('',#6024,#6025);
#6024 = CARTESIAN_POINT('',(0.914213657379,23.085786819458,16.));
#6025 = VECTOR('',#6026,1.);
#6026 = DIRECTION('',(0.,0.,-1.));
#6027 = ORIENTED_EDGE('',*,*,#1245,.F.);
#6028 = ORIENTED_EDGE('',*,*,#5996,.T.);
#6029 = ORIENTED_EDGE('',*,*,#6030,.T.);
#6030 = EDGE_CURVE('',#5997,#6021,#6031,.T.);
#6031 = LINE('',#6032,#6033);
#6032 = CARTESIAN_POINT('',(-1.154774888518,20.663306987569,
    11.249999879655));
#6033 = VECTOR('',#6034,1.);
#6034 = DIRECTION('',(-0.649447197195,-0.760406692537,-0.));
#6035 = PLANE('',#6036);
#6036 = AXIS2_PLACEMENT_3D('',#6037,#6038,#6039);
#6037 = CARTESIAN_POINT('',(1.016123890877,23.205108642578,13.25));
#6038 = DIRECTION('',(-0.760406692537,0.649447197195,0.));
#6039 = DIRECTION('',(-0.649447197195,-0.760406692537,0.));
#6040 = ADVANCED_FACE('',(#6041),#6059,.T.);
#6041 = FACE_BOUND('',#6042,.T.);
#6042 = EDGE_LOOP('',(#6043,#6051,#6052,#6053));
#6043 = ORIENTED_EDGE('',*,*,#6044,.F.);
#6044 = EDGE_CURVE('',#1254,#6045,#6047,.T.);
#6045 = VERTEX_POINT('',#6046);
#6046 = CARTESIAN_POINT('',(0.675570726395,22.881965637207,
    11.249999879655));
#6047 = LINE('',#6048,#6049);
#6048 = CARTESIAN_POINT('',(0.675570726395,22.881965637207,16.));
#6049 = VECTOR('',#6050,1.);
#6050 = DIRECTION('',(0.,0.,-1.));
#6051 = ORIENTED_EDGE('',*,*,#1253,.F.);
#6052 = ORIENTED_EDGE('',*,*,#6020,.T.);
#6053 = ORIENTED_EDGE('',*,*,#6054,.T.);
#6054 = EDGE_CURVE('',#6021,#6045,#6055,.T.);
#6055 = LINE('',#6056,#6057);
#6056 = CARTESIAN_POINT('',(-1.219574716825,21.263351655301,
    11.249999879655));
#6057 = VECTOR('',#6058,1.);
#6058 = DIRECTION('',(-0.760404605759,-0.649449640496,-0.));
#6059 = PLANE('',#6060);
#6060 = AXIS2_PLACEMENT_3D('',#6061,#6062,#6063);
#6061 = CARTESIAN_POINT('',(0.794892191887,22.983876228333,13.25));
#6062 = DIRECTION('',(-0.649449640496,0.760404605759,0.));
#6063 = DIRECTION('',(0.760404605759,0.649449640496,0.));
#6064 = ADVANCED_FACE('',(#6065),#6083,.T.);
#6065 = FACE_BOUND('',#6066,.T.);
#6066 = EDGE_LOOP('',(#6067,#6075,#6076,#6077));
#6067 = ORIENTED_EDGE('',*,*,#6068,.F.);
#6068 = EDGE_CURVE('',#1262,#6069,#6071,.T.);
#6069 = VERTEX_POINT('',#6070);
#6070 = CARTESIAN_POINT('',(0.407981157303,22.717987060547,
    11.249999879655));
#6071 = LINE('',#6072,#6073);
#6072 = CARTESIAN_POINT('',(0.407981157303,22.717987060547,16.));
#6073 = VECTOR('',#6074,1.);
#6074 = DIRECTION('',(0.,0.,-1.));
#6075 = ORIENTED_EDGE('',*,*,#1261,.F.);
#6076 = ORIENTED_EDGE('',*,*,#6044,.T.);
#6077 = ORIENTED_EDGE('',*,*,#6078,.T.);
#6078 = EDGE_CURVE('',#6045,#6069,#6079,.T.);
#6079 = LINE('',#6080,#6081);
#6080 = CARTESIAN_POINT('',(-1.070117534256,21.812209901789,
    11.249999879655));
#6081 = VECTOR('',#6082,1.);
#6082 = DIRECTION('',(-0.852640905605,-0.522497355102,-0.));
#6083 = PLANE('',#6084);
#6084 = AXIS2_PLACEMENT_3D('',#6085,#6086,#6087);
#6085 = CARTESIAN_POINT('',(0.541775941849,22.799976348877,13.25));
#6086 = DIRECTION('',(-0.522497355102,0.852640905605,0.));
#6087 = DIRECTION('',(0.852640905605,0.522497355102,0.));
#6088 = ADVANCED_FACE('',(#6089),#6107,.T.);
#6089 = FACE_BOUND('',#6090,.T.);
#6090 = EDGE_LOOP('',(#6091,#6099,#6100,#6101));
#6091 = ORIENTED_EDGE('',*,*,#6092,.F.);
#6092 = EDGE_CURVE('',#1270,#6093,#6095,.T.);
#6093 = VERTEX_POINT('',#6094);
#6094 = CARTESIAN_POINT('',(0.118034124374,22.597887039185,
    11.249999879655));
#6095 = LINE('',#6096,#6097);
#6096 = CARTESIAN_POINT('',(0.118034124374,22.597887039185,16.));
#6097 = VECTOR('',#6098,1.);
#6098 = DIRECTION('',(0.,0.,-1.));
#6099 = ORIENTED_EDGE('',*,*,#1269,.F.);
#6100 = ORIENTED_EDGE('',*,*,#6068,.T.);
#6101 = ORIENTED_EDGE('',*,*,#6102,.T.);
#6102 = EDGE_CURVE('',#6069,#6093,#6103,.T.);
#6103 = LINE('',#6104,#6105);
#6104 = CARTESIAN_POINT('',(-0.739594635656,22.242645492616,
    11.249999879655));
#6105 = VECTOR('',#6106,1.);
#6106 = DIRECTION('',(-0.92387950102,-0.382683508391,-0.));
#6107 = PLANE('',#6108);
#6108 = AXIS2_PLACEMENT_3D('',#6109,#6110,#6111);
#6109 = CARTESIAN_POINT('',(0.263007640839,22.657937049866,13.25));
#6110 = DIRECTION('',(-0.382683508391,0.92387950102,0.));
#6111 = DIRECTION('',(0.92387950102,0.382683508391,0.));
#6112 = ADVANCED_FACE('',(#6113),#6131,.T.);
#6113 = FACE_BOUND('',#6114,.T.);
#6114 = EDGE_LOOP('',(#6115,#6123,#6124,#6125));
#6115 = ORIENTED_EDGE('',*,*,#6116,.F.);
#6116 = EDGE_CURVE('',#1278,#6117,#6119,.T.);
#6117 = VERTEX_POINT('',#6118);
#6118 = CARTESIAN_POINT('',(-0.18713092804,22.52462387085,
    11.249999879655));
#6119 = LINE('',#6120,#6121);
#6120 = CARTESIAN_POINT('',(-0.18713092804,22.52462387085,16.));
#6121 = VECTOR('',#6122,1.);
#6122 = DIRECTION('',(0.,0.,-1.));
#6123 = ORIENTED_EDGE('',*,*,#1277,.F.);
#6124 = ORIENTED_EDGE('',*,*,#6092,.T.);
#6125 = ORIENTED_EDGE('',*,*,#6126,.T.);
#6126 = EDGE_CURVE('',#6093,#6117,#6127,.T.);
#6127 = LINE('',#6128,#6129);
#6128 = CARTESIAN_POINT('',(-0.28076412817,22.502144675252,
    11.249999879655));
#6129 = VECTOR('',#6130,1.);
#6130 = DIRECTION('',(-0.972370266682,-0.233443921472,-0.));
#6131 = PLANE('',#6132);
#6132 = AXIS2_PLACEMENT_3D('',#6133,#6134,#6135);
#6133 = CARTESIAN_POINT('',(-3.454840183258E-02,22.561255455017,13.25));
#6134 = DIRECTION('',(-0.233443921472,0.972370266682,0.));
#6135 = DIRECTION('',(0.972370266682,0.233443921472,0.));
#6136 = ADVANCED_FACE('',(#6137),#6155,.T.);
#6137 = FACE_BOUND('',#6138,.T.);
#6138 = EDGE_LOOP('',(#6139,#6147,#6153,#6154));
#6139 = ORIENTED_EDGE('',*,*,#6140,.T.);
#6140 = EDGE_CURVE('',#6117,#6141,#6143,.T.);
#6141 = VERTEX_POINT('',#6142);
#6142 = CARTESIAN_POINT('',(-0.5,22.5,11.249999879655));
#6143 = LINE('',#6144,#6145);
#6144 = CARTESIAN_POINT('',(0.239630719228,22.558211478663,
    11.249999879655));
#6145 = VECTOR('',#6146,1.);
#6146 = DIRECTION('',(-0.99691719893,-7.84608085433E-02,-0.));
#6147 = ORIENTED_EDGE('',*,*,#6148,.T.);
#6148 = EDGE_CURVE('',#6141,#1286,#6149,.T.);
#6149 = LINE('',#6150,#6151);
#6150 = CARTESIAN_POINT('',(-0.5,22.5,10.5));
#6151 = VECTOR('',#6152,1.);
#6152 = DIRECTION('',(0.,0.,1.));
#6153 = ORIENTED_EDGE('',*,*,#1285,.F.);
#6154 = ORIENTED_EDGE('',*,*,#6116,.T.);
#6155 = PLANE('',#6156);
#6156 = AXIS2_PLACEMENT_3D('',#6157,#6158,#6159);
#6157 = CARTESIAN_POINT('',(-0.34356546402,22.512311935425,13.25));
#6158 = DIRECTION('',(-7.84608085433E-02,0.99691719893,0.));
#6159 = DIRECTION('',(0.99691719893,7.84608085433E-02,0.));
#6160 = ADVANCED_FACE('',(#6161),#6179,.T.);
#6161 = FACE_BOUND('',#6162,.T.);
#6162 = EDGE_LOOP('',(#6163,#6171,#6172,#6173));
#6163 = ORIENTED_EDGE('',*,*,#6164,.F.);
#6164 = EDGE_CURVE('',#1294,#6165,#6167,.T.);
#6165 = VERTEX_POINT('',#6166);
#6166 = CARTESIAN_POINT('',(-0.812868595123,22.47537612915,
    11.249999879655));
#6167 = LINE('',#6168,#6169);
#6168 = CARTESIAN_POINT('',(-0.812868595123,22.47537612915,16.));
#6169 = VECTOR('',#6170,1.);
#6170 = DIRECTION('',(0.,0.,-1.));
#6171 = ORIENTED_EDGE('',*,*,#1293,.F.);
#6172 = ORIENTED_EDGE('',*,*,#6148,.F.);
#6173 = ORIENTED_EDGE('',*,*,#6174,.T.);
#6174 = EDGE_CURVE('',#6141,#6165,#6175,.T.);
#6175 = LINE('',#6176,#6177);
#6176 = CARTESIAN_POINT('',(8.319578339477E-02,22.545899581723,
    11.249999879655));
#6177 = VECTOR('',#6178,1.);
#6178 = DIRECTION('',(-0.996917189577,-7.84609273878E-02,-0.));
#6179 = PLANE('',#6180);
#6180 = AXIS2_PLACEMENT_3D('',#6181,#6182,#6183);
#6181 = CARTESIAN_POINT('',(-0.656434297562,22.487688064575,13.25));
#6182 = DIRECTION('',(-7.84609273878E-02,0.996917189577,0.));
#6183 = DIRECTION('',(0.996917189577,7.84609273878E-02,0.));
#6184 = ADVANCED_FACE('',(#6185),#6203,.T.);
#6185 = FACE_BOUND('',#6186,.T.);
#6186 = EDGE_LOOP('',(#6187,#6195,#6196,#6197));
#6187 = ORIENTED_EDGE('',*,*,#6188,.F.);
#6188 = EDGE_CURVE('',#1302,#6189,#6191,.T.);
#6189 = VERTEX_POINT('',#6190);
#6190 = CARTESIAN_POINT('',(-1.118033766747,22.402112960815,
    11.249999879655));
#6191 = LINE('',#6192,#6193);
#6192 = CARTESIAN_POINT('',(-1.118033766747,22.402112960815,16.));
#6193 = VECTOR('',#6194,1.);
#6194 = DIRECTION('',(0.,0.,-1.));
#6195 = ORIENTED_EDGE('',*,*,#1301,.F.);
#6196 = ORIENTED_EDGE('',*,*,#6164,.T.);
#6197 = ORIENTED_EDGE('',*,*,#6198,.T.);
#6198 = EDGE_CURVE('',#6165,#6189,#6199,.T.);
#6199 = LINE('',#6200,#6201);
#6200 = CARTESIAN_POINT('',(-0.757675787309,22.488626658194,
    11.249999879655));
#6201 = VECTOR('',#6202,1.);
#6202 = DIRECTION('',(-0.972370287382,-0.23344383525,-0.));
#6203 = PLANE('',#6204);
#6204 = AXIS2_PLACEMENT_3D('',#6205,#6206,#6207);
#6205 = CARTESIAN_POINT('',(-0.965451180935,22.438744544983,13.25));
#6206 = DIRECTION('',(-0.23344383525,0.972370287382,0.));
#6207 = DIRECTION('',(0.972370287382,0.23344383525,0.));
#6208 = ADVANCED_FACE('',(#6209),#6227,.T.);
#6209 = FACE_BOUND('',#6210,.T.);
#6210 = EDGE_LOOP('',(#6211,#6219,#6220,#6221));
#6211 = ORIENTED_EDGE('',*,*,#6212,.F.);
#6212 = EDGE_CURVE('',#1310,#6213,#6215,.T.);
#6213 = VERTEX_POINT('',#6214);
#6214 = CARTESIAN_POINT('',(-1.407980799675,22.282012939453,
    11.249999879655));
#6215 = LINE('',#6216,#6217);
#6216 = CARTESIAN_POINT('',(-1.407980799675,22.282012939453,16.));
#6217 = VECTOR('',#6218,1.);
#6218 = DIRECTION('',(0.,0.,-1.));
#6219 = ORIENTED_EDGE('',*,*,#1309,.F.);
#6220 = ORIENTED_EDGE('',*,*,#6188,.T.);
#6221 = ORIENTED_EDGE('',*,*,#6222,.T.);
#6222 = EDGE_CURVE('',#6189,#6213,#6223,.T.);
#6223 = LINE('',#6224,#6225);
#6224 = CARTESIAN_POINT('',(-1.558502809173,22.219664667172,
    11.249999879655));
#6225 = VECTOR('',#6226,1.);
#6226 = DIRECTION('',(-0.92387950102,-0.382683508391,-0.));
#6227 = PLANE('',#6228);
#6228 = AXIS2_PLACEMENT_3D('',#6229,#6230,#6231);
#6229 = CARTESIAN_POINT('',(-1.263007283211,22.342062950134,13.25));
#6230 = DIRECTION('',(-0.382683508391,0.92387950102,0.));
#6231 = DIRECTION('',(0.92387950102,0.382683508391,0.));
#6232 = ADVANCED_FACE('',(#6233),#6251,.T.);
#6233 = FACE_BOUND('',#6234,.T.);
#6234 = EDGE_LOOP('',(#6235,#6243,#6244,#6245));
#6235 = ORIENTED_EDGE('',*,*,#6236,.F.);
#6236 = EDGE_CURVE('',#1318,#6237,#6239,.T.);
#6237 = VERTEX_POINT('',#6238);
#6238 = CARTESIAN_POINT('',(-1.675570189953,22.118034362793,
    11.249999879655));
#6239 = LINE('',#6240,#6241);
#6240 = CARTESIAN_POINT('',(-1.675570189953,22.118034362793,16.));
#6241 = VECTOR('',#6242,1.);
#6242 = DIRECTION('',(0.,0.,-1.));
#6243 = ORIENTED_EDGE('',*,*,#1317,.F.);
#6244 = ORIENTED_EDGE('',*,*,#6212,.T.);
#6245 = ORIENTED_EDGE('',*,*,#6246,.T.);
#6246 = EDGE_CURVE('',#6213,#6237,#6247,.T.);
#6247 = LINE('',#6248,#6249);
#6248 = CARTESIAN_POINT('',(-2.262662364202,21.758264720949,
    11.249999879655));
#6249 = VECTOR('',#6250,1.);
#6250 = DIRECTION('',(-0.852640750056,-0.522497608935,-0.));
#6251 = PLANE('',#6252);
#6252 = AXIS2_PLACEMENT_3D('',#6253,#6254,#6255);
#6253 = CARTESIAN_POINT('',(-1.541775494814,22.200023651123,13.25));
#6254 = DIRECTION('',(-0.522497608935,0.852640750056,0.));
#6255 = DIRECTION('',(0.852640750056,0.522497608935,0.));
#6256 = ADVANCED_FACE('',(#6257),#6275,.T.);
#6257 = FACE_BOUND('',#6258,.T.);
#6258 = EDGE_LOOP('',(#6259,#6267,#6268,#6269));
#6259 = ORIENTED_EDGE('',*,*,#6260,.F.);
#6260 = EDGE_CURVE('',#1326,#6261,#6263,.T.);
#6261 = VERTEX_POINT('',#6262);
#6262 = CARTESIAN_POINT('',(-1.914213478565,21.914213180542,
    11.249999879655));
#6263 = LINE('',#6264,#6265);
#6264 = CARTESIAN_POINT('',(-1.914213478565,21.914213180542,16.));
#6265 = VECTOR('',#6266,1.);
#6266 = DIRECTION('',(0.,0.,-1.));
#6267 = ORIENTED_EDGE('',*,*,#1325,.F.);
#6268 = ORIENTED_EDGE('',*,*,#6236,.T.);
#6269 = ORIENTED_EDGE('',*,*,#6270,.T.);
#6270 = EDGE_CURVE('',#6237,#6261,#6271,.T.);
#6271 = LINE('',#6272,#6273);
#6272 = CARTESIAN_POINT('',(-2.821671263449,21.139168888983,
    11.249999879655));
#6273 = VECTOR('',#6274,1.);
#6274 = DIRECTION('',(-0.760405086397,-0.649449077744,-0.));
#6275 = PLANE('',#6276);
#6276 = AXIS2_PLACEMENT_3D('',#6277,#6278,#6279);
#6277 = CARTESIAN_POINT('',(-1.794891834259,22.016123771667,13.25));
#6278 = DIRECTION('',(-0.649449077744,0.760405086397,0.));
#6279 = DIRECTION('',(0.760405086397,0.649449077744,0.));
#6280 = ADVANCED_FACE('',(#6281),#6299,.T.);
#6281 = FACE_BOUND('',#6282,.T.);
#6282 = EDGE_LOOP('',(#6283,#6291,#6292,#6293));
#6283 = ORIENTED_EDGE('',*,*,#6284,.F.);
#6284 = EDGE_CURVE('',#1334,#6285,#6287,.T.);
#6285 = VERTEX_POINT('',#6286);
#6286 = CARTESIAN_POINT('',(-2.118033885956,21.675569534302,
    11.249999879655));
#6287 = LINE('',#6288,#6289);
#6288 = CARTESIAN_POINT('',(-2.118033885956,21.675569534302,16.));
#6289 = VECTOR('',#6290,1.);
#6290 = DIRECTION('',(0.,0.,-1.));
#6291 = ORIENTED_EDGE('',*,*,#1333,.F.);
#6292 = ORIENTED_EDGE('',*,*,#6260,.T.);
#6293 = ORIENTED_EDGE('',*,*,#6294,.T.);
#6294 = EDGE_CURVE('',#6261,#6285,#6295,.T.);
#6295 = LINE('',#6296,#6297);
#6296 = CARTESIAN_POINT('',(-3.199335744862,20.409524482193,
    11.249999879655));
#6297 = VECTOR('',#6298,1.);
#6298 = DIRECTION('',(-0.649447087379,-0.760406786329,-0.));
#6299 = PLANE('',#6300);
#6300 = AXIS2_PLACEMENT_3D('',#6301,#6302,#6303);
#6301 = CARTESIAN_POINT('',(-2.016123682261,21.794891357422,13.25));
#6302 = DIRECTION('',(-0.760406786329,0.649447087379,0.));
#6303 = DIRECTION('',(-0.649447087379,-0.760406786329,0.));
#6304 = ADVANCED_FACE('',(#6305),#6323,.T.);
#6305 = FACE_BOUND('',#6306,.T.);
#6306 = EDGE_LOOP('',(#6307,#6315,#6316,#6317));
#6307 = ORIENTED_EDGE('',*,*,#6308,.F.);
#6308 = EDGE_CURVE('',#1342,#6309,#6311,.T.);
#6309 = VERTEX_POINT('',#6310);
#6310 = CARTESIAN_POINT('',(-2.28201277554,21.40797996521,
    11.249999879655));
#6311 = LINE('',#6312,#6313);
#6312 = CARTESIAN_POINT('',(-2.28201277554,21.40797996521,16.));
#6313 = VECTOR('',#6314,1.);
#6314 = DIRECTION('',(0.,0.,-1.));
#6315 = ORIENTED_EDGE('',*,*,#1341,.F.);
#6316 = ORIENTED_EDGE('',*,*,#6284,.T.);
#6317 = ORIENTED_EDGE('',*,*,#6318,.T.);
#6318 = EDGE_CURVE('',#6285,#6309,#6319,.T.);
#6319 = LINE('',#6320,#6321);
#6320 = CARTESIAN_POINT('',(-3.374903948659,19.624541384671,
    11.249999879655));
#6321 = VECTOR('',#6322,1.);
#6322 = DIRECTION('',(-0.522498079986,-0.852640461397,-0.));
#6323 = PLANE('',#6324);
#6324 = AXIS2_PLACEMENT_3D('',#6325,#6326,#6327);
#6325 = CARTESIAN_POINT('',(-2.200023330748,21.541774749756,13.25));
#6326 = DIRECTION('',(-0.852640461397,0.522498079986,0.));
#6327 = DIRECTION('',(-0.522498079986,-0.852640461397,0.));
#6328 = ADVANCED_FACE('',(#6329),#6347,.T.);
#6329 = FACE_BOUND('',#6330,.T.);
#6330 = EDGE_LOOP('',(#6331,#6339,#6340,#6341));
#6331 = ORIENTED_EDGE('',*,*,#6332,.F.);
#6332 = EDGE_CURVE('',#1350,#6333,#6335,.T.);
#6333 = VERTEX_POINT('',#6334);
#6334 = CARTESIAN_POINT('',(-2.402112871408,21.118034362793,
    11.249999879655));
#6335 = LINE('',#6336,#6337);
#6336 = CARTESIAN_POINT('',(-2.402112871408,21.118034362793,16.));
#6337 = VECTOR('',#6338,1.);
#6338 = DIRECTION('',(0.,0.,-1.));
#6339 = ORIENTED_EDGE('',*,*,#1349,.F.);
#6340 = ORIENTED_EDGE('',*,*,#6308,.T.);
#6341 = ORIENTED_EDGE('',*,*,#6342,.T.);
#6342 = EDGE_CURVE('',#6309,#6333,#6343,.T.);
#6343 = LINE('',#6344,#6345);
#6344 = CARTESIAN_POINT('',(-3.34466716557,18.842520170601,
    11.249999879655));
#6345 = VECTOR('',#6346,1.);
#6346 = DIRECTION('',(-0.382685322582,-0.923878749556,-0.));
#6347 = PLANE('',#6348);
#6348 = AXIS2_PLACEMENT_3D('',#6349,#6350,#6351);
#6349 = CARTESIAN_POINT('',(-2.342062823474,21.263007164001,13.25));
#6350 = DIRECTION('',(-0.923878749556,0.382685322582,0.));
#6351 = DIRECTION('',(-0.382685322582,-0.923878749556,0.));
#6352 = ADVANCED_FACE('',(#6353),#6371,.T.);
#6353 = FACE_BOUND('',#6354,.T.);
#6354 = EDGE_LOOP('',(#6355,#6363,#6364,#6365));
#6355 = ORIENTED_EDGE('',*,*,#6356,.F.);
#6356 = EDGE_CURVE('',#1358,#6357,#6359,.T.);
#6357 = VERTEX_POINT('',#6358);
#6358 = CARTESIAN_POINT('',(-2.475376296788,20.812870025635,
    11.249999879655));
#6359 = LINE('',#6360,#6361);
#6360 = CARTESIAN_POINT('',(-2.475376296788,20.812870025635,16.));
#6361 = VECTOR('',#6362,1.);
#6362 = DIRECTION('',(0.,0.,-1.));
#6363 = ORIENTED_EDGE('',*,*,#1357,.F.);
#6364 = ORIENTED_EDGE('',*,*,#6332,.T.);
#6365 = ORIENTED_EDGE('',*,*,#6366,.T.);
#6366 = EDGE_CURVE('',#6333,#6357,#6367,.T.);
#6367 = LINE('',#6368,#6369);
#6368 = CARTESIAN_POINT('',(-3.121982156877,18.119560947155,
    11.249999879655));
#6369 = VECTOR('',#6370,1.);
#6370 = DIRECTION('',(-0.233445213218,-0.972369956563,-0.));
#6371 = PLANE('',#6372);
#6372 = AXIS2_PLACEMENT_3D('',#6373,#6374,#6375);
#6373 = CARTESIAN_POINT('',(-2.438744584098,20.965452194214,13.25));
#6374 = DIRECTION('',(-0.972369956563,0.233445213218,0.));
#6375 = DIRECTION('',(-0.233445213218,-0.972369956563,0.));
#6376 = ADVANCED_FACE('',(#6377),#6395,.T.);
#6377 = FACE_BOUND('',#6378,.T.);
#6378 = EDGE_LOOP('',(#6379,#6387,#6388,#6389));
#6379 = ORIENTED_EDGE('',*,*,#6380,.F.);
#6380 = EDGE_CURVE('',#1366,#6381,#6383,.T.);
#6381 = VERTEX_POINT('',#6382);
#6382 = CARTESIAN_POINT('',(-2.5,20.5,11.249999879655));
#6383 = LINE('',#6384,#6385);
#6384 = CARTESIAN_POINT('',(-2.5,20.5,16.));
#6385 = VECTOR('',#6386,1.);
#6386 = DIRECTION('',(0.,0.,-1.));
#6387 = ORIENTED_EDGE('',*,*,#1365,.F.);
#6388 = ORIENTED_EDGE('',*,*,#6356,.T.);
#6389 = ORIENTED_EDGE('',*,*,#6390,.T.);
#6390 = EDGE_CURVE('',#6357,#6381,#6391,.T.);
#6391 = LINE('',#6392,#6393);
#6392 = CARTESIAN_POINT('',(-2.735741164573,17.50466077058,
    11.249999879655));
#6393 = VECTOR('',#6394,1.);
#6394 = DIRECTION('',(-7.846003998807E-02,-0.996917259418,-0.));
#6395 = PLANE('',#6396);
#6396 = AXIS2_PLACEMENT_3D('',#6397,#6398,#6399);
#6397 = CARTESIAN_POINT('',(-2.487688148394,20.656435012817,13.25));
#6398 = DIRECTION('',(-0.996917259418,7.846003998807E-02,0.));
#6399 = DIRECTION('',(-7.846003998807E-02,-0.996917259418,0.));
#6400 = ADVANCED_FACE('',(#6401),#6419,.T.);
#6401 = FACE_BOUND('',#6402,.T.);
#6402 = EDGE_LOOP('',(#6403,#6411,#6417,#6418));
#6403 = ORIENTED_EDGE('',*,*,#6404,.T.);
#6404 = EDGE_CURVE('',#6381,#6405,#6407,.T.);
#6405 = VERTEX_POINT('',#6406);
#6406 = CARTESIAN_POINT('',(-2.5,18.,11.249999879655));
#6407 = LINE('',#6408,#6409);
#6408 = CARTESIAN_POINT('',(-2.5,16.625,11.249999879655));
#6409 = VECTOR('',#6410,1.);
#6410 = DIRECTION('',(0.,-1.,0.));
#6411 = ORIENTED_EDGE('',*,*,#6412,.T.);
#6412 = EDGE_CURVE('',#6405,#1374,#6413,.T.);
#6413 = LINE('',#6414,#6415);
#6414 = CARTESIAN_POINT('',(-2.5,18.,10.5));
#6415 = VECTOR('',#6416,1.);
#6416 = DIRECTION('',(0.,0.,1.));
#6417 = ORIENTED_EDGE('',*,*,#1373,.F.);
#6418 = ORIENTED_EDGE('',*,*,#6380,.T.);
#6419 = PLANE('',#6420);
#6420 = AXIS2_PLACEMENT_3D('',#6421,#6422,#6423);
#6421 = CARTESIAN_POINT('',(-2.5,19.25,13.25));
#6422 = DIRECTION('',(-1.,-0.,-0.));
#6423 = DIRECTION('',(0.,0.,-1.));
#6424 = ADVANCED_FACE('',(#6425),#6443,.T.);
#6425 = FACE_BOUND('',#6426,.T.);
#6426 = EDGE_LOOP('',(#6427,#6428,#6436,#6442));
#6427 = ORIENTED_EDGE('',*,*,#6412,.F.);
#6428 = ORIENTED_EDGE('',*,*,#6429,.T.);
#6429 = EDGE_CURVE('',#6405,#6430,#6432,.T.);
#6430 = VERTEX_POINT('',#6431);
#6431 = CARTESIAN_POINT('',(-2.475376296788,17.687129974365,
    11.249999879655));
#6432 = LINE('',#6433,#6434);
#6433 = CARTESIAN_POINT('',(-2.32509578237,15.777658113264,
    11.249999879655));
#6434 = VECTOR('',#6435,1.);
#6435 = DIRECTION('',(7.846003998807E-02,-0.996917259418,0.));
#6436 = ORIENTED_EDGE('',*,*,#6437,.T.);
#6437 = EDGE_CURVE('',#6430,#1382,#6438,.T.);
#6438 = LINE('',#6439,#6440);
#6439 = CARTESIAN_POINT('',(-2.475376296788,17.687129974365,10.5));
#6440 = VECTOR('',#6441,1.);
#6441 = DIRECTION('',(0.,0.,1.));
#6442 = ORIENTED_EDGE('',*,*,#1381,.F.);
#6443 = PLANE('',#6444);
#6444 = AXIS2_PLACEMENT_3D('',#6445,#6446,#6447);
#6445 = CARTESIAN_POINT('',(-2.487688148394,17.843564987183,13.25));
#6446 = DIRECTION('',(-0.996917259418,-7.846003998807E-02,-0.));
#6447 = DIRECTION('',(7.846003998807E-02,-0.996917259418,0.));
#6448 = ADVANCED_FACE('',(#6449),#6467,.T.);
#6449 = FACE_BOUND('',#6450,.T.);
#6450 = EDGE_LOOP('',(#6451,#6452,#6460,#6466));
#6451 = ORIENTED_EDGE('',*,*,#6437,.F.);
#6452 = ORIENTED_EDGE('',*,*,#6453,.T.);
#6453 = EDGE_CURVE('',#6430,#6454,#6456,.T.);
#6454 = VERTEX_POINT('',#6455);
#6455 = CARTESIAN_POINT('',(-2.402112871408,17.381965637207,
    11.249999879655));
#6456 = LINE('',#6457,#6458);
#6457 = CARTESIAN_POINT('',(-1.930257819736,15.416546557611,
    11.249999879655));
#6458 = VECTOR('',#6459,1.);
#6459 = DIRECTION('',(0.233445213218,-0.972369956563,0.));
#6460 = ORIENTED_EDGE('',*,*,#6461,.T.);
#6461 = EDGE_CURVE('',#6454,#1390,#6462,.T.);
#6462 = LINE('',#6463,#6464);
#6463 = CARTESIAN_POINT('',(-2.402112871408,17.381965637207,10.5));
#6464 = VECTOR('',#6465,1.);
#6465 = DIRECTION('',(0.,0.,1.));
#6466 = ORIENTED_EDGE('',*,*,#1389,.F.);
#6467 = PLANE('',#6468);
#6468 = AXIS2_PLACEMENT_3D('',#6469,#6470,#6471);
#6469 = CARTESIAN_POINT('',(-2.438744584098,17.534547805786,13.25));
#6470 = DIRECTION('',(-0.972369956563,-0.233445213218,-0.));
#6471 = DIRECTION('',(0.233445213218,-0.972369956563,0.));
#6472 = ADVANCED_FACE('',(#6473),#6491,.T.);
#6473 = FACE_BOUND('',#6474,.T.);
#6474 = EDGE_LOOP('',(#6475,#6476,#6484,#6490));
#6475 = ORIENTED_EDGE('',*,*,#6461,.F.);
#6476 = ORIENTED_EDGE('',*,*,#6477,.T.);
#6477 = EDGE_CURVE('',#6454,#6478,#6480,.T.);
#6478 = VERTEX_POINT('',#6479);
#6479 = CARTESIAN_POINT('',(-2.28201277554,17.09202003479,
    11.249999879655));
#6480 = LINE('',#6481,#6482);
#6481 = CARTESIAN_POINT('',(-1.488504269744,15.176332124026,
    11.249999879655));
#6482 = VECTOR('',#6483,1.);
#6483 = DIRECTION('',(0.382685322582,-0.923878749556,0.));
#6484 = ORIENTED_EDGE('',*,*,#6485,.T.);
#6485 = EDGE_CURVE('',#6478,#1398,#6486,.T.);
#6486 = LINE('',#6487,#6488);
#6487 = CARTESIAN_POINT('',(-2.28201277554,17.09202003479,10.5));
#6488 = VECTOR('',#6489,1.);
#6489 = DIRECTION('',(0.,0.,1.));
#6490 = ORIENTED_EDGE('',*,*,#1397,.F.);
#6491 = PLANE('',#6492);
#6492 = AXIS2_PLACEMENT_3D('',#6493,#6494,#6495);
#6493 = CARTESIAN_POINT('',(-2.342062823474,17.236992835999,13.25));
#6494 = DIRECTION('',(-0.923878749556,-0.382685322582,-0.));
#6495 = DIRECTION('',(0.382685322582,-0.923878749556,0.));
#6496 = ADVANCED_FACE('',(#6497),#6515,.T.);
#6497 = FACE_BOUND('',#6498,.T.);
#6498 = EDGE_LOOP('',(#6499,#6500,#6508,#6514));
#6499 = ORIENTED_EDGE('',*,*,#6485,.F.);
#6500 = ORIENTED_EDGE('',*,*,#6501,.T.);
#6501 = EDGE_CURVE('',#6478,#6502,#6504,.T.);
#6502 = VERTEX_POINT('',#6503);
#6503 = CARTESIAN_POINT('',(-2.118033885956,16.824430465698,
    11.249999879655));
#6504 = LINE('',#6505,#6506);
#6505 = CARTESIAN_POINT('',(-1.036013177669,15.058730894171,
    11.249999879655));
#6506 = VECTOR('',#6507,1.);
#6507 = DIRECTION('',(0.522498079986,-0.852640461397,0.));
#6508 = ORIENTED_EDGE('',*,*,#6509,.T.);
#6509 = EDGE_CURVE('',#6502,#1406,#6510,.T.);
#6510 = LINE('',#6511,#6512);
#6511 = CARTESIAN_POINT('',(-2.118033885956,16.824430465698,10.5));
#6512 = VECTOR('',#6513,1.);
#6513 = DIRECTION('',(0.,0.,1.));
#6514 = ORIENTED_EDGE('',*,*,#1405,.F.);
#6515 = PLANE('',#6516);
#6516 = AXIS2_PLACEMENT_3D('',#6517,#6518,#6519);
#6517 = CARTESIAN_POINT('',(-2.200023330748,16.958225250244,13.25));
#6518 = DIRECTION('',(-0.852640461397,-0.522498079986,-0.));
#6519 = DIRECTION('',(0.522498079986,-0.852640461397,0.));
#6520 = ADVANCED_FACE('',(#6521),#6539,.T.);
#6521 = FACE_BOUND('',#6522,.T.);
#6522 = EDGE_LOOP('',(#6523,#6524,#6532,#6538));
#6523 = ORIENTED_EDGE('',*,*,#6509,.F.);
#6524 = ORIENTED_EDGE('',*,*,#6525,.T.);
#6525 = EDGE_CURVE('',#6502,#6526,#6528,.T.);
#6526 = VERTEX_POINT('',#6527);
#6527 = CARTESIAN_POINT('',(-1.914213478565,16.585786819458,
    11.249999879655));
#6528 = LINE('',#6529,#6530);
#6529 = CARTESIAN_POINT('',(-0.606654888688,15.054828494157,
    11.249999879655));
#6530 = VECTOR('',#6531,1.);
#6531 = DIRECTION('',(0.649447087379,-0.760406786329,0.));
#6532 = ORIENTED_EDGE('',*,*,#6533,.T.);
#6533 = EDGE_CURVE('',#6526,#1414,#6534,.T.);
#6534 = LINE('',#6535,#6536);
#6535 = CARTESIAN_POINT('',(-1.914213478565,16.585786819458,10.5));
#6536 = VECTOR('',#6537,1.);
#6537 = DIRECTION('',(0.,0.,1.));
#6538 = ORIENTED_EDGE('',*,*,#1413,.F.);
#6539 = PLANE('',#6540);
#6540 = AXIS2_PLACEMENT_3D('',#6541,#6542,#6543);
#6541 = CARTESIAN_POINT('',(-2.016123682261,16.705108642578,13.25));
#6542 = DIRECTION('',(-0.760406786329,-0.649447087379,-0.));
#6543 = DIRECTION('',(0.649447087379,-0.760406786329,0.));
#6544 = ADVANCED_FACE('',(#6545),#6563,.T.);
#6545 = FACE_BOUND('',#6546,.T.);
#6546 = EDGE_LOOP('',(#6547,#6548,#6556,#6562));
#6547 = ORIENTED_EDGE('',*,*,#6533,.F.);
#6548 = ORIENTED_EDGE('',*,*,#6549,.T.);
#6549 = EDGE_CURVE('',#6526,#6550,#6552,.T.);
#6550 = VERTEX_POINT('',#6551);
#6551 = CARTESIAN_POINT('',(-1.675570189953,16.381965637207,
    11.249999879655));
#6552 = LINE('',#6553,#6554);
#6553 = CARTESIAN_POINT('',(-0.228988257571,15.146464561961,
    11.249999879655));
#6554 = VECTOR('',#6555,1.);
#6555 = DIRECTION('',(0.760405086397,-0.649449077744,0.));
#6556 = ORIENTED_EDGE('',*,*,#6557,.T.);
#6557 = EDGE_CURVE('',#6550,#1422,#6558,.T.);
#6558 = LINE('',#6559,#6560);
#6559 = CARTESIAN_POINT('',(-1.675570189953,16.381965637207,10.5));
#6560 = VECTOR('',#6561,1.);
#6561 = DIRECTION('',(0.,0.,1.));
#6562 = ORIENTED_EDGE('',*,*,#1421,.F.);
#6563 = PLANE('',#6564);
#6564 = AXIS2_PLACEMENT_3D('',#6565,#6566,#6567);
#6565 = CARTESIAN_POINT('',(-1.794891834259,16.483876228333,13.25));
#6566 = DIRECTION('',(-0.649449077744,-0.760405086397,-0.));
#6567 = DIRECTION('',(-0.760405086397,0.649449077744,0.));
#6568 = ADVANCED_FACE('',(#6569),#6587,.T.);
#6569 = FACE_BOUND('',#6570,.T.);
#6570 = EDGE_LOOP('',(#6571,#6572,#6580,#6586));
#6571 = ORIENTED_EDGE('',*,*,#6557,.F.);
#6572 = ORIENTED_EDGE('',*,*,#6573,.T.);
#6573 = EDGE_CURVE('',#6550,#6574,#6576,.T.);
#6574 = VERTEX_POINT('',#6575);
#6575 = CARTESIAN_POINT('',(-1.407980799675,16.217987060547,
    11.249999879655));
#6576 = LINE('',#6577,#6578);
#6577 = CARTESIAN_POINT('',(7.622709002188E-02,15.308465584499,
    11.249999879655));
#6578 = VECTOR('',#6579,1.);
#6579 = DIRECTION('',(0.852640750056,-0.522497608935,0.));
#6580 = ORIENTED_EDGE('',*,*,#6581,.T.);
#6581 = EDGE_CURVE('',#6574,#1430,#6582,.T.);
#6582 = LINE('',#6583,#6584);
#6583 = CARTESIAN_POINT('',(-1.407980799675,16.217987060547,10.5));
#6584 = VECTOR('',#6585,1.);
#6585 = DIRECTION('',(0.,0.,1.));
#6586 = ORIENTED_EDGE('',*,*,#1429,.F.);
#6587 = PLANE('',#6588);
#6588 = AXIS2_PLACEMENT_3D('',#6589,#6590,#6591);
#6589 = CARTESIAN_POINT('',(-1.541775494814,16.299976348877,13.25));
#6590 = DIRECTION('',(-0.522497608935,-0.852640750056,-0.));
#6591 = DIRECTION('',(-0.852640750056,0.522497608935,0.));
#6592 = ADVANCED_FACE('',(#6593),#6611,.T.);
#6593 = FACE_BOUND('',#6594,.T.);
#6594 = EDGE_LOOP('',(#6595,#6596,#6604,#6610));
#6595 = ORIENTED_EDGE('',*,*,#6581,.F.);
#6596 = ORIENTED_EDGE('',*,*,#6597,.T.);
#6597 = EDGE_CURVE('',#6574,#6598,#6600,.T.);
#6598 = VERTEX_POINT('',#6599);
#6599 = CARTESIAN_POINT('',(-1.118033766747,16.097887039185,
    11.249999879655));
#6600 = LINE('',#6601,#6602);
#6601 = CARTESIAN_POINT('',(0.297652796928,15.511490327956,
    11.249999879655));
#6602 = VECTOR('',#6603,1.);
#6603 = DIRECTION('',(0.92387950102,-0.382683508391,0.));
#6604 = ORIENTED_EDGE('',*,*,#6605,.T.);
#6605 = EDGE_CURVE('',#6598,#1438,#6606,.T.);
#6606 = LINE('',#6607,#6608);
#6607 = CARTESIAN_POINT('',(-1.118033766747,16.097887039185,10.5));
#6608 = VECTOR('',#6609,1.);
#6609 = DIRECTION('',(0.,0.,1.));
#6610 = ORIENTED_EDGE('',*,*,#1437,.F.);
#6611 = PLANE('',#6612);
#6612 = AXIS2_PLACEMENT_3D('',#6613,#6614,#6615);
#6613 = CARTESIAN_POINT('',(-1.263007283211,16.157937049866,13.25));
#6614 = DIRECTION('',(-0.382683508391,-0.92387950102,-0.));
#6615 = DIRECTION('',(-0.92387950102,0.382683508391,0.));
#6616 = ADVANCED_FACE('',(#6617),#6635,.T.);
#6617 = FACE_BOUND('',#6618,.T.);
#6618 = EDGE_LOOP('',(#6619,#6620,#6628,#6634));
#6619 = ORIENTED_EDGE('',*,*,#6605,.F.);
#6620 = ORIENTED_EDGE('',*,*,#6621,.T.);
#6621 = EDGE_CURVE('',#6598,#6622,#6624,.T.);
#6622 = VERTEX_POINT('',#6623);
#6623 = CARTESIAN_POINT('',(-0.812868595123,16.02462387085,
    11.249999879655));
#6624 = LINE('',#6625,#6626);
#6625 = CARTESIAN_POINT('',(0.434041920831,15.725269214671,
    11.249999879655));
#6626 = VECTOR('',#6627,1.);
#6627 = DIRECTION('',(0.972370287382,-0.23344383525,0.));
#6628 = ORIENTED_EDGE('',*,*,#6629,.T.);
#6629 = EDGE_CURVE('',#6622,#1446,#6630,.T.);
#6630 = LINE('',#6631,#6632);
#6631 = CARTESIAN_POINT('',(-0.812868595123,16.02462387085,10.5));
#6632 = VECTOR('',#6633,1.);
#6633 = DIRECTION('',(0.,0.,1.));
#6634 = ORIENTED_EDGE('',*,*,#1445,.F.);
#6635 = PLANE('',#6636);
#6636 = AXIS2_PLACEMENT_3D('',#6637,#6638,#6639);
#6637 = CARTESIAN_POINT('',(-0.965451180935,16.061255455017,13.25));
#6638 = DIRECTION('',(-0.23344383525,-0.972370287382,-0.));
#6639 = DIRECTION('',(-0.972370287382,0.23344383525,0.));
#6640 = ADVANCED_FACE('',(#6641),#6659,.T.);
#6641 = FACE_BOUND('',#6642,.T.);
#6642 = EDGE_LOOP('',(#6643,#6644,#6652,#6658));
#6643 = ORIENTED_EDGE('',*,*,#6629,.F.);
#6644 = ORIENTED_EDGE('',*,*,#6645,.T.);
#6645 = EDGE_CURVE('',#6622,#6646,#6648,.T.);
#6646 = VERTEX_POINT('',#6647);
#6647 = CARTESIAN_POINT('',(-0.5,16.,11.249999879655));
#6648 = LINE('',#6649,#6650);
#6649 = CARTESIAN_POINT('',(0.493845781316,15.921780803363,
    11.249999879655));
#6650 = VECTOR('',#6651,1.);
#6651 = DIRECTION('',(0.996917189577,-7.84609273878E-02,0.));
#6652 = ORIENTED_EDGE('',*,*,#6653,.F.);
#6653 = EDGE_CURVE('',#1454,#6646,#6654,.T.);
#6654 = LINE('',#6655,#6656);
#6655 = CARTESIAN_POINT('',(-0.5,16.,16.));
#6656 = VECTOR('',#6657,1.);
#6657 = DIRECTION('',(0.,0.,-1.));
#6658 = ORIENTED_EDGE('',*,*,#1453,.F.);
#6659 = PLANE('',#6660);
#6660 = AXIS2_PLACEMENT_3D('',#6661,#6662,#6663);
#6661 = CARTESIAN_POINT('',(-0.656434297562,16.012311935425,13.25));
#6662 = DIRECTION('',(-7.84609273878E-02,-0.996917189577,-0.));
#6663 = DIRECTION('',(-0.996917189577,7.84609273878E-02,0.));
#6664 = ADVANCED_FACE('',(#6665),#6683,.T.);
#6665 = FACE_BOUND('',#6666,.T.);
#6666 = EDGE_LOOP('',(#6667,#6668,#6669,#6677));
#6667 = ORIENTED_EDGE('',*,*,#1461,.F.);
#6668 = ORIENTED_EDGE('',*,*,#6653,.T.);
#6669 = ORIENTED_EDGE('',*,*,#6670,.T.);
#6670 = EDGE_CURVE('',#6646,#6671,#6673,.T.);
#6671 = VERTEX_POINT('',#6672);
#6672 = CARTESIAN_POINT('',(-0.18713092804,15.97537612915,
    11.249999879655));
#6673 = LINE('',#6674,#6675);
#6674 = CARTESIAN_POINT('',(0.650280098992,15.909469004332,
    11.249999879655));
#6675 = VECTOR('',#6676,1.);
#6676 = DIRECTION('',(0.99691719893,-7.84608085433E-02,0.));
#6677 = ORIENTED_EDGE('',*,*,#6678,.T.);
#6678 = EDGE_CURVE('',#6671,#1462,#6679,.T.);
#6679 = LINE('',#6680,#6681);
#6680 = CARTESIAN_POINT('',(-0.18713092804,15.97537612915,10.5));
#6681 = VECTOR('',#6682,1.);
#6682 = DIRECTION('',(0.,0.,1.));
#6683 = PLANE('',#6684);
#6684 = AXIS2_PLACEMENT_3D('',#6685,#6686,#6687);
#6685 = CARTESIAN_POINT('',(-0.34356546402,15.987688064575,13.25));
#6686 = DIRECTION('',(-7.84608085433E-02,-0.99691719893,-0.));
#6687 = DIRECTION('',(-0.99691719893,7.84608085433E-02,0.));
#6688 = ADVANCED_FACE('',(#6689),#6707,.T.);
#6689 = FACE_BOUND('',#6690,.T.);
#6690 = EDGE_LOOP('',(#6691,#6692,#6700,#6706));
#6691 = ORIENTED_EDGE('',*,*,#6678,.F.);
#6692 = ORIENTED_EDGE('',*,*,#6693,.T.);
#6693 = EDGE_CURVE('',#6671,#6694,#6696,.T.);
#6694 = VERTEX_POINT('',#6695);
#6695 = CARTESIAN_POINT('',(0.118034124374,15.902112960815,
    11.249999879655));
#6696 = LINE('',#6697,#6698);
#6697 = CARTESIAN_POINT('',(0.910953994762,15.711750986268,
    11.249999879655));
#6698 = VECTOR('',#6699,1.);
#6699 = DIRECTION('',(0.972370266682,-0.233443921472,0.));
#6700 = ORIENTED_EDGE('',*,*,#6701,.T.);
#6701 = EDGE_CURVE('',#6694,#1470,#6702,.T.);
#6702 = LINE('',#6703,#6704);
#6703 = CARTESIAN_POINT('',(0.118034124374,15.902112960815,10.5));
#6704 = VECTOR('',#6705,1.);
#6705 = DIRECTION('',(0.,0.,1.));
#6706 = ORIENTED_EDGE('',*,*,#1469,.F.);
#6707 = PLANE('',#6708);
#6708 = AXIS2_PLACEMENT_3D('',#6709,#6710,#6711);
#6709 = CARTESIAN_POINT('',(-3.454840183258E-02,15.938744544983,13.25));
#6710 = DIRECTION('',(-0.233443921472,-0.972370266682,-0.));
#6711 = DIRECTION('',(-0.972370266682,0.233443921472,0.));
#6712 = ADVANCED_FACE('',(#6713),#6731,.T.);
#6713 = FACE_BOUND('',#6714,.T.);
#6714 = EDGE_LOOP('',(#6715,#6716,#6724,#6730));
#6715 = ORIENTED_EDGE('',*,*,#6701,.F.);
#6716 = ORIENTED_EDGE('',*,*,#6717,.T.);
#6717 = EDGE_CURVE('',#6694,#6718,#6720,.T.);
#6718 = VERTEX_POINT('',#6719);
#6719 = CARTESIAN_POINT('',(0.407981157303,15.782013893127,
    11.249999879655));
#6720 = LINE('',#6721,#6722);
#6721 = CARTESIAN_POINT('',(1.116560454147,15.488513000656,
    11.249999879655));
#6722 = VECTOR('',#6723,1.);
#6723 = DIRECTION('',(0.923880575383,-0.382680914641,0.));
#6724 = ORIENTED_EDGE('',*,*,#6725,.T.);
#6725 = EDGE_CURVE('',#6718,#1478,#6726,.T.);
#6726 = LINE('',#6727,#6728);
#6727 = CARTESIAN_POINT('',(0.407981157303,15.782013893127,10.5));
#6728 = VECTOR('',#6729,1.);
#6729 = DIRECTION('',(0.,0.,1.));
#6730 = ORIENTED_EDGE('',*,*,#1477,.F.);
#6731 = PLANE('',#6732);
#6732 = AXIS2_PLACEMENT_3D('',#6733,#6734,#6735);
#6733 = CARTESIAN_POINT('',(0.263007640839,15.842063426971,13.25));
#6734 = DIRECTION('',(-0.382680914641,-0.923880575383,-0.));
#6735 = DIRECTION('',(-0.923880575383,0.382680914641,0.));
#6736 = ADVANCED_FACE('',(#6737),#6755,.T.);
#6737 = FACE_BOUND('',#6738,.T.);
#6738 = EDGE_LOOP('',(#6739,#6740,#6748,#6754));
#6739 = ORIENTED_EDGE('',*,*,#6725,.F.);
#6740 = ORIENTED_EDGE('',*,*,#6741,.T.);
#6741 = EDGE_CURVE('',#6718,#6742,#6744,.T.);
#6742 = VERTEX_POINT('',#6743);
#6743 = CARTESIAN_POINT('',(0.675570726395,15.618033409119,
    11.249999879655));
#6744 = LINE('',#6745,#6746);
#6745 = CARTESIAN_POINT('',(1.268770997961,15.25451674449,
    11.249999879655));
#6746 = VECTOR('',#6747,1.);
#6747 = DIRECTION('',(0.852638198047,-0.522501773424,0.));
#6748 = ORIENTED_EDGE('',*,*,#6749,.T.);
#6749 = EDGE_CURVE('',#6742,#1486,#6750,.T.);
#6750 = LINE('',#6751,#6752);
#6751 = CARTESIAN_POINT('',(0.675570726395,15.618033409119,10.5));
#6752 = VECTOR('',#6753,1.);
#6753 = DIRECTION('',(0.,0.,1.));
#6754 = ORIENTED_EDGE('',*,*,#1485,.F.);
#6755 = PLANE('',#6756);
#6756 = AXIS2_PLACEMENT_3D('',#6757,#6758,#6759);
#6757 = CARTESIAN_POINT('',(0.541775941849,15.700023651123,13.25));
#6758 = DIRECTION('',(-0.522501773424,-0.852638198047,-0.));
#6759 = DIRECTION('',(-0.852638198047,0.522501773424,0.));
#6760 = ADVANCED_FACE('',(#6761),#6779,.T.);
#6761 = FACE_BOUND('',#6762,.T.);
#6762 = EDGE_LOOP('',(#6763,#6764,#6772,#6778));
#6763 = ORIENTED_EDGE('',*,*,#6749,.F.);
#6764 = ORIENTED_EDGE('',*,*,#6765,.T.);
#6765 = EDGE_CURVE('',#6742,#6766,#6768,.T.);
#6766 = VERTEX_POINT('',#6767);
#6767 = CARTESIAN_POINT('',(0.914213657379,15.414214134216,
    11.249999879655));
#6768 = LINE('',#6769,#6770);
#6769 = CARTESIAN_POINT('',(1.373109958036,15.022281673157,
    11.249999879655));
#6770 = VECTOR('',#6771,1.);
#6771 = DIRECTION('',(0.760407607111,-0.649446126362,0.));
#6772 = ORIENTED_EDGE('',*,*,#6773,.T.);
#6773 = EDGE_CURVE('',#6766,#1494,#6774,.T.);
#6774 = LINE('',#6775,#6776);
#6775 = CARTESIAN_POINT('',(0.914213657379,15.414214134216,10.5));
#6776 = VECTOR('',#6777,1.);
#6777 = DIRECTION('',(0.,0.,1.));
#6778 = ORIENTED_EDGE('',*,*,#1493,.F.);
#6779 = PLANE('',#6780);
#6780 = AXIS2_PLACEMENT_3D('',#6781,#6782,#6783);
#6781 = CARTESIAN_POINT('',(0.794892191887,15.516123771667,13.25));
#6782 = DIRECTION('',(-0.649446126362,-0.760407607111,-0.));
#6783 = DIRECTION('',(-0.760407607111,0.649446126362,0.));
#6784 = ADVANCED_FACE('',(#6785),#6803,.T.);
#6785 = FACE_BOUND('',#6786,.T.);
#6786 = EDGE_LOOP('',(#6787,#6788,#6796,#6802));
#6787 = ORIENTED_EDGE('',*,*,#6773,.F.);
#6788 = ORIENTED_EDGE('',*,*,#6789,.T.);
#6789 = EDGE_CURVE('',#6766,#6790,#6792,.T.);
#6790 = VERTEX_POINT('',#6791);
#6791 = CARTESIAN_POINT('',(1.118034124374,15.175570487976,
    11.249999879655));
#6792 = LINE('',#6793,#6794);
#6793 = CARTESIAN_POINT('',(1.437906321748,14.8010474156,11.249999879655
    ));
#6794 = VECTOR('',#6795,1.);
#6795 = DIRECTION('',(0.649447197195,-0.760406692537,0.));
#6796 = ORIENTED_EDGE('',*,*,#6797,.T.);
#6797 = EDGE_CURVE('',#6790,#1502,#6798,.T.);
#6798 = LINE('',#6799,#6800);
#6799 = CARTESIAN_POINT('',(1.118034124374,15.175570487976,10.5));
#6800 = VECTOR('',#6801,1.);
#6801 = DIRECTION('',(0.,0.,1.));
#6802 = ORIENTED_EDGE('',*,*,#1501,.F.);
#6803 = PLANE('',#6804);
#6804 = AXIS2_PLACEMENT_3D('',#6805,#6806,#6807);
#6805 = CARTESIAN_POINT('',(1.016123890877,15.294892311096,13.25));
#6806 = DIRECTION('',(-0.760406692537,-0.649447197195,-0.));
#6807 = DIRECTION('',(0.649447197195,-0.760406692537,0.));
#6808 = ADVANCED_FACE('',(#6809),#6827,.T.);
#6809 = FACE_BOUND('',#6810,.T.);
#6810 = EDGE_LOOP('',(#6811,#6812,#6820,#6826));
#6811 = ORIENTED_EDGE('',*,*,#6797,.F.);
#6812 = ORIENTED_EDGE('',*,*,#6813,.T.);
#6813 = EDGE_CURVE('',#6790,#6814,#6816,.T.);
#6814 = VERTEX_POINT('',#6815);
#6815 = CARTESIAN_POINT('',(1.282013177872,14.907980918884,
    11.249999879655));
#6816 = LINE('',#6817,#6818);
#6817 = CARTESIAN_POINT('',(1.473028326741,14.596272439748,
    11.249999879655));
#6818 = VECTOR('',#6819,1.);
#6819 = DIRECTION('',(0.522498459686,-0.852640228716,0.));
#6820 = ORIENTED_EDGE('',*,*,#6821,.T.);
#6821 = EDGE_CURVE('',#6814,#1510,#6822,.T.);
#6822 = LINE('',#6823,#6824);
#6823 = CARTESIAN_POINT('',(1.282013177872,14.907980918884,10.5));
#6824 = VECTOR('',#6825,1.);
#6825 = DIRECTION('',(0.,0.,1.));
#6826 = ORIENTED_EDGE('',*,*,#1509,.F.);
#6827 = PLANE('',#6828);
#6828 = AXIS2_PLACEMENT_3D('',#6829,#6830,#6831);
#6829 = CARTESIAN_POINT('',(1.200023651123,15.04177570343,13.25));
#6830 = DIRECTION('',(-0.852640228716,-0.522498459686,-0.));
#6831 = DIRECTION('',(0.522498459686,-0.852640228716,0.));
#6832 = ADVANCED_FACE('',(#6833),#6851,.T.);
#6833 = FACE_BOUND('',#6834,.T.);
#6834 = EDGE_LOOP('',(#6835,#6836,#6844,#6850));
#6835 = ORIENTED_EDGE('',*,*,#6821,.F.);
#6836 = ORIENTED_EDGE('',*,*,#6837,.T.);
#6837 = EDGE_CURVE('',#6814,#6838,#6840,.T.);
#6838 = VERTEX_POINT('',#6839);
#6839 = CARTESIAN_POINT('',(1.402113199234,14.618033409119,
    11.249999879655));
#6840 = LINE('',#6841,#6842);
#6841 = CARTESIAN_POINT('',(1.488509566236,14.409453833687,
    11.249999879655));
#6842 = VECTOR('',#6843,1.);
#6843 = DIRECTION('',(0.38268297121,-0.923879723528,0.));
#6844 = ORIENTED_EDGE('',*,*,#6845,.T.);
#6845 = EDGE_CURVE('',#6838,#1518,#6846,.T.);
#6846 = LINE('',#6847,#6848);
#6847 = CARTESIAN_POINT('',(1.402113199234,14.618033409119,10.5));
#6848 = VECTOR('',#6849,1.);
#6849 = DIRECTION('',(0.,0.,1.));
#6850 = ORIENTED_EDGE('',*,*,#1517,.F.);
#6851 = PLANE('',#6852);
#6852 = AXIS2_PLACEMENT_3D('',#6853,#6854,#6855);
#6853 = CARTESIAN_POINT('',(1.342063188553,14.763007164001,13.25));
#6854 = DIRECTION('',(-0.923879723528,-0.38268297121,-0.));
#6855 = DIRECTION('',(0.38268297121,-0.923879723528,0.));
#6856 = ADVANCED_FACE('',(#6857),#6875,.T.);
#6857 = FACE_BOUND('',#6858,.T.);
#6858 = EDGE_LOOP('',(#6859,#6860,#6868,#6874));
#6859 = ORIENTED_EDGE('',*,*,#6845,.F.);
#6860 = ORIENTED_EDGE('',*,*,#6861,.T.);
#6861 = EDGE_CURVE('',#6838,#6862,#6864,.T.);
#6862 = VERTEX_POINT('',#6863);
#6863 = CARTESIAN_POINT('',(1.475376844406,14.31286907196,
    11.249999879655));
#6864 = LINE('',#6865,#6866);
#6865 = CARTESIAN_POINT('',(1.493241846791,14.238456154089,
    11.249999879655));
#6866 = VECTOR('',#6867,1.);
#6867 = DIRECTION('',(0.233445875393,-0.972369797588,0.));
#6868 = ORIENTED_EDGE('',*,*,#6869,.T.);
#6869 = EDGE_CURVE('',#6862,#1526,#6870,.T.);
#6870 = LINE('',#6871,#6872);
#6871 = CARTESIAN_POINT('',(1.475376844406,14.31286907196,10.5));
#6872 = VECTOR('',#6873,1.);
#6873 = DIRECTION('',(0.,0.,1.));
#6874 = ORIENTED_EDGE('',*,*,#1525,.F.);
#6875 = PLANE('',#6876);
#6876 = AXIS2_PLACEMENT_3D('',#6877,#6878,#6879);
#6877 = CARTESIAN_POINT('',(1.43874502182,14.46545124054,13.25));
#6878 = DIRECTION('',(-0.972369797588,-0.233445875393,-0.));
#6879 = DIRECTION('',(0.233445875393,-0.972369797588,0.));
#6880 = ADVANCED_FACE('',(#6881),#6892,.T.);
#6881 = FACE_BOUND('',#6882,.T.);
#6882 = EDGE_LOOP('',(#6883,#6884,#6890,#6891));
#6883 = ORIENTED_EDGE('',*,*,#6869,.F.);
#6884 = ORIENTED_EDGE('',*,*,#6885,.T.);
#6885 = EDGE_CURVE('',#6862,#3249,#6886,.T.);
#6886 = LINE('',#6887,#6888);
#6887 = CARTESIAN_POINT('',(1.493844211102,14.07821726799,
    11.249999879655));
#6888 = VECTOR('',#6889,1.);
#6889 = DIRECTION('',(7.845854350215E-02,-0.996917377194,0.));
#6890 = ORIENTED_EDGE('',*,*,#3248,.F.);
#6891 = ORIENTED_EDGE('',*,*,#1533,.F.);
#6892 = PLANE('',#6893);
#6893 = AXIS2_PLACEMENT_3D('',#6894,#6895,#6896);
#6894 = CARTESIAN_POINT('',(1.487688422203,14.15643453598,13.25));
#6895 = DIRECTION('',(-0.996917377194,-7.845854350215E-02,-0.));
#6896 = DIRECTION('',(7.845854350215E-02,-0.996917377194,0.));
#6897 = ADVANCED_FACE('',(#6898),#6909,.T.);
#6898 = FACE_BOUND('',#6899,.T.);
#6899 = EDGE_LOOP('',(#6900,#6901,#6902,#6908));
#6900 = ORIENTED_EDGE('',*,*,#1549,.F.);
#6901 = ORIENTED_EDGE('',*,*,#3241,.F.);
#6902 = ORIENTED_EDGE('',*,*,#6903,.T.);
#6903 = EDGE_CURVE('',#3234,#2847,#6904,.T.);
#6904 = LINE('',#6905,#6906);
#6905 = CARTESIAN_POINT('',(1.5,5.904958724976,15.913818359375));
#6906 = VECTOR('',#6907,1.);
#6907 = DIRECTION('',(1.,0.,0.));
#6908 = ORIENTED_EDGE('',*,*,#2846,.F.);
#6909 = PLANE('',#6910);
#6910 = AXIS2_PLACEMENT_3D('',#6911,#6912,#6913);
#6911 = CARTESIAN_POINT('',(2.75,6.452479362488,15.956909179687));
#6912 = DIRECTION('',(0.,-7.845911675257E-02,0.996917332078));
#6913 = DIRECTION('',(0.,0.996917332078,7.845911675257E-02));
#6914 = ADVANCED_FACE('',(#6915),#6933,.T.);
#6915 = FACE_BOUND('',#6916,.T.);
#6916 = EDGE_LOOP('',(#6917,#6925,#6926,#6927));
#6917 = ORIENTED_EDGE('',*,*,#6918,.F.);
#6918 = EDGE_CURVE('',#1677,#6919,#6921,.T.);
#6919 = VERTEX_POINT('',#6920);
#6920 = CARTESIAN_POINT('',(33.940673828125,38.366184234619,13.));
#6921 = LINE('',#6922,#6923);
#6922 = CARTESIAN_POINT('',(33.940673828125,38.366184234619,16.));
#6923 = VECTOR('',#6924,1.);
#6924 = DIRECTION('',(0.,0.,-1.));
#6925 = ORIENTED_EDGE('',*,*,#1676,.F.);
#6926 = ORIENTED_EDGE('',*,*,#5767,.F.);
#6927 = ORIENTED_EDGE('',*,*,#6928,.F.);
#6928 = EDGE_CURVE('',#6919,#5760,#6929,.T.);
#6929 = LINE('',#6930,#6931);
#6930 = CARTESIAN_POINT('',(33.940673828125,38.366184234619,13.));
#6931 = VECTOR('',#6932,1.);
#6932 = DIRECTION('',(-0.996649022179,8.179686173492E-02,0.));
#6933 = PLANE('',#6934);
#6934 = AXIS2_PLACEMENT_3D('',#6935,#6936,#6937);
#6935 = CARTESIAN_POINT('',(33.125438690186,38.43309211731,14.5));
#6936 = DIRECTION('',(-8.179686173492E-02,-0.996649022179,-0.));
#6937 = DIRECTION('',(-0.996649022179,8.179686173492E-02,0.));
#6938 = ADVANCED_FACE('',(#6939),#6949,.T.);
#6939 = FACE_BOUND('',#6940,.T.);
#6940 = EDGE_LOOP('',(#6941,#6947,#6948));
#6941 = ORIENTED_EDGE('',*,*,#6942,.F.);
#6942 = EDGE_CURVE('',#1685,#6919,#6943,.T.);
#6943 = LINE('',#6944,#6945);
#6944 = CARTESIAN_POINT('',(35.527507781982,37.968311309814,16.));
#6945 = VECTOR('',#6946,1.);
#6946 = DIRECTION('',(-0.464384833892,0.11643697921,-0.877945986906));
#6947 = ORIENTED_EDGE('',*,*,#1684,.F.);
#6948 = ORIENTED_EDGE('',*,*,#6918,.T.);
#6949 = PLANE('',#6950);
#6950 = AXIS2_PLACEMENT_3D('',#6951,#6952,#6953);
#6951 = CARTESIAN_POINT('',(34.438518363979,38.241357776818,
    14.804721775895));
#6952 = DIRECTION('',(-0.243205476155,-0.969974791615,-0.));
#6953 = DIRECTION('',(-0.969974791615,0.243205476155,0.));
#6954 = ADVANCED_FACE('',(#6955),#6966,.T.);
#6955 = FACE_BOUND('',#6956,.T.);
#6956 = EDGE_LOOP('',(#6957,#6958,#6959,#6965));
#6957 = ORIENTED_EDGE('',*,*,#1748,.F.);
#6958 = ORIENTED_EDGE('',*,*,#5258,.F.);
#6959 = ORIENTED_EDGE('',*,*,#6960,.T.);
#6960 = EDGE_CURVE('',#5251,#4609,#6961,.T.);
#6961 = LINE('',#6962,#6963);
#6962 = CARTESIAN_POINT('',(40.5,5.904958724976,15.913818359375));
#6963 = VECTOR('',#6964,1.);
#6964 = DIRECTION('',(1.,0.,0.));
#6965 = ORIENTED_EDGE('',*,*,#4608,.F.);
#6966 = PLANE('',#6967);
#6967 = AXIS2_PLACEMENT_3D('',#6968,#6969,#6970);
#6968 = CARTESIAN_POINT('',(41.75,6.452479362488,15.956909179687));
#6969 = DIRECTION('',(0.,-7.845911675257E-02,0.996917332078));
#6970 = DIRECTION('',(0.,0.996917332078,7.845911675257E-02));
#6971 = ADVANCED_FACE('',(#6972),#6978,.T.);
#6972 = FACE_BOUND('',#6973,.T.);
#6973 = EDGE_LOOP('',(#6974,#6975,#6976,#6977));
#6974 = ORIENTED_EDGE('',*,*,#5808,.F.);
#6975 = ORIENTED_EDGE('',*,*,#1871,.F.);
#6976 = ORIENTED_EDGE('',*,*,#5854,.T.);
#6977 = ORIENTED_EDGE('',*,*,#2490,.T.);
#6978 = PLANE('',#6979);
#6979 = AXIS2_PLACEMENT_3D('',#6980,#6981,#6982);
#6980 = CARTESIAN_POINT('',(28.750000953674,70.,15.224999904633));
#6981 = DIRECTION('',(-0.,-1.,-0.));
#6982 = DIRECTION('',(0.,0.,-1.));
#6983 = ADVANCED_FACE('',(#6984),#7000,.T.);
#6984 = FACE_BOUND('',#6985,.T.);
#6985 = EDGE_LOOP('',(#6986,#6987,#6993,#6994));
#6986 = ORIENTED_EDGE('',*,*,#2343,.F.);
#6987 = ORIENTED_EDGE('',*,*,#6988,.F.);
#6988 = EDGE_CURVE('',#2590,#2344,#6989,.T.);
#6989 = LINE('',#6990,#6991);
#6990 = CARTESIAN_POINT('',(36.000003814697,70.050003051758,13.));
#6991 = VECTOR('',#6992,1.);
#6992 = DIRECTION('',(0.,1.,0.));
#6993 = ORIENTED_EDGE('',*,*,#2589,.F.);
#6994 = ORIENTED_EDGE('',*,*,#6995,.F.);
#6995 = EDGE_CURVE('',#2346,#2582,#6996,.T.);
#6996 = LINE('',#6997,#6998);
#6997 = CARTESIAN_POINT('',(32.,75.,13.));
#6998 = VECTOR('',#6999,1.);
#6999 = DIRECTION('',(0.,-1.,0.));
#7000 = PLANE('',#7001);
#7001 = AXIS2_PLACEMENT_3D('',#7002,#7003,#7004);
#7002 = CARTESIAN_POINT('',(34.000001907349,72.525001525879,13.));
#7003 = DIRECTION('',(-0.,-0.,-1.));
#7004 = DIRECTION('',(-1.,0.,0.));
#7005 = ADVANCED_FACE('',(#7006,#7017),#7020,.T.);
#7006 = FACE_BOUND('',#7007,.T.);
#7007 = EDGE_LOOP('',(#7008,#7014,#7015,#7016));
#7008 = ORIENTED_EDGE('',*,*,#7009,.T.);
#7009 = EDGE_CURVE('',#2574,#2354,#7010,.T.);
#7010 = LINE('',#7011,#7012);
#7011 = CARTESIAN_POINT('',(32.,70.050003051758,3.));
#7012 = VECTOR('',#7013,1.);
#7013 = DIRECTION('',(0.,1.,0.));
#7014 = ORIENTED_EDGE('',*,*,#2353,.F.);
#7015 = ORIENTED_EDGE('',*,*,#6995,.T.);
#7016 = ORIENTED_EDGE('',*,*,#2581,.F.);
#7017 = FACE_BOUND('',#7018,.T.);
#7018 = EDGE_LOOP('',(#7019));
#7019 = ORIENTED_EDGE('',*,*,#2434,.T.);
#7020 = PLANE('',#7021);
#7021 = AXIS2_PLACEMENT_3D('',#7022,#7023,#7024);
#7022 = CARTESIAN_POINT('',(32.,72.525001525879,8.));
#7023 = DIRECTION('',(1.,0.,0.));
#7024 = DIRECTION('',(0.,0.,1.));
#7025 = ADVANCED_FACE('',(#7026),#7037,.T.);
#7026 = FACE_BOUND('',#7027,.T.);
#7027 = EDGE_LOOP('',(#7028,#7029,#7030,#7031));
#7028 = ORIENTED_EDGE('',*,*,#2361,.F.);
#7029 = ORIENTED_EDGE('',*,*,#7009,.F.);
#7030 = ORIENTED_EDGE('',*,*,#2571,.F.);
#7031 = ORIENTED_EDGE('',*,*,#7032,.T.);
#7032 = EDGE_CURVE('',#2572,#2362,#7033,.T.);
#7033 = LINE('',#7034,#7035);
#7034 = CARTESIAN_POINT('',(36.000003814697,70.050003051758,3.));
#7035 = VECTOR('',#7036,1.);
#7036 = DIRECTION('',(0.,1.,0.));
#7037 = PLANE('',#7038);
#7038 = AXIS2_PLACEMENT_3D('',#7039,#7040,#7041);
#7039 = CARTESIAN_POINT('',(34.000001907349,72.525001525879,3.));
#7040 = DIRECTION('',(0.,0.,1.));
#7041 = DIRECTION('',(1.,0.,0.));
#7042 = ADVANCED_FACE('',(#7043,#7049),#7355,.T.);
#7043 = FACE_BOUND('',#7044,.T.);
#7044 = EDGE_LOOP('',(#7045,#7046,#7047,#7048));
#7045 = ORIENTED_EDGE('',*,*,#6988,.T.);
#7046 = ORIENTED_EDGE('',*,*,#2369,.F.);
#7047 = ORIENTED_EDGE('',*,*,#7032,.F.);
#7048 = ORIENTED_EDGE('',*,*,#2597,.F.);
#7049 = FACE_BOUND('',#7050,.T.);
#7050 = EDGE_LOOP('',(#7051,#7061,#7069,#7077,#7085,#7093,#7101,#7109,
    #7117,#7125,#7133,#7141,#7149,#7157,#7165,#7173,#7181,#7189,#7197,
    #7205,#7213,#7221,#7229,#7237,#7245,#7253,#7261,#7269,#7277,#7285,
    #7293,#7301,#7309,#7317,#7325,#7333,#7341,#7349));
#7051 = ORIENTED_EDGE('',*,*,#7052,.T.);
#7052 = EDGE_CURVE('',#7053,#7055,#7057,.T.);
#7053 = VERTEX_POINT('',#7054);
#7054 = CARTESIAN_POINT('',(36.000003814697,71.042846679688,
    8.249855041504));
#7055 = VERTEX_POINT('',#7056);
#7056 = CARTESIAN_POINT('',(36.000003814697,71.010787963867,
    8.126750946045));
#7057 = LINE('',#7058,#7059);
#7058 = CARTESIAN_POINT('',(36.000003814697,71.042846679688,
    8.249855041504));
#7059 = VECTOR('',#7060,1.);
#7060 = DIRECTION('',(0.,-0.252014152179,-0.967723548903));
#7061 = ORIENTED_EDGE('',*,*,#7062,.T.);
#7062 = EDGE_CURVE('',#7055,#7063,#7065,.T.);
#7063 = VERTEX_POINT('',#7064);
#7064 = CARTESIAN_POINT('',(36.000003814697,71.,8.));
#7065 = LINE('',#7066,#7067);
#7066 = CARTESIAN_POINT('',(36.000003814697,71.010787963867,
    8.126750946045));
#7067 = VECTOR('',#7068,1.);
#7068 = DIRECTION('',(0.,-8.480489796479E-02,-0.996397575911));
#7069 = ORIENTED_EDGE('',*,*,#7070,.T.);
#7070 = EDGE_CURVE('',#7063,#7071,#7073,.T.);
#7071 = VERTEX_POINT('',#7072);
#7072 = CARTESIAN_POINT('',(36.000003814697,71.010787963867,
    7.873249053955));
#7073 = LINE('',#7074,#7075);
#7074 = CARTESIAN_POINT('',(36.000003814697,71.,8.));
#7075 = VECTOR('',#7076,1.);
#7076 = DIRECTION('',(0.,8.480489796479E-02,-0.996397575911));
#7077 = ORIENTED_EDGE('',*,*,#7078,.T.);
#7078 = EDGE_CURVE('',#7071,#7079,#7081,.T.);
#7079 = VERTEX_POINT('',#7080);
#7080 = CARTESIAN_POINT('',(36.000003814697,71.042846679688,
    7.750144958496));
#7081 = LINE('',#7082,#7083);
#7082 = CARTESIAN_POINT('',(36.000003814697,71.010787963867,
    7.873249053955));
#7083 = VECTOR('',#7084,1.);
#7084 = DIRECTION('',(0.,0.252014152179,-0.967723548903));
#7085 = ORIENTED_EDGE('',*,*,#7086,.T.);
#7086 = EDGE_CURVE('',#7079,#7087,#7089,.T.);
#7087 = VERTEX_POINT('',#7088);
#7088 = CARTESIAN_POINT('',(36.000003814697,71.095245361328,
    7.63422870636));
#7089 = LINE('',#7090,#7091);
#7090 = CARTESIAN_POINT('',(36.000003814697,71.042846679688,
    7.750144958496));
#7091 = VECTOR('',#7092,1.);
#7092 = DIRECTION('',(0.,0.411909289828,-0.91122485532));
#7093 = ORIENTED_EDGE('',*,*,#7094,.T.);
#7094 = EDGE_CURVE('',#7087,#7095,#7097,.T.);
#7095 = VERTEX_POINT('',#7096);
#7096 = CARTESIAN_POINT('',(36.000003814697,71.166473388672,
    7.528834819794));
#7097 = LINE('',#7098,#7099);
#7098 = CARTESIAN_POINT('',(36.000003814697,71.095245361328,
    7.63422870636));
#7099 = VECTOR('',#7100,1.);
#7100 = DIRECTION('',(0.,0.559943450084,-0.828530827856));
#7101 = ORIENTED_EDGE('',*,*,#7102,.T.);
#7102 = EDGE_CURVE('',#7095,#7103,#7105,.T.);
#7103 = VERTEX_POINT('',#7104);
#7104 = CARTESIAN_POINT('',(36.000003814697,71.254493713379,
    7.436995983124));
#7105 = LINE('',#7106,#7107);
#7106 = CARTESIAN_POINT('',(36.000003814697,71.166473388672,
    7.528834819794));
#7107 = VECTOR('',#7108,1.);
#7108 = DIRECTION('',(0.,0.691938579763,-0.721956371144));
#7109 = ORIENTED_EDGE('',*,*,#7110,.T.);
#7110 = EDGE_CURVE('',#7103,#7111,#7113,.T.);
#7111 = VERTEX_POINT('',#7112);
#7112 = CARTESIAN_POINT('',(36.000003814697,71.35676574707,
    7.361353397369));
#7113 = LINE('',#7114,#7115);
#7114 = CARTESIAN_POINT('',(36.000003814697,71.254493713379,
    7.436995983124));
#7115 = VECTOR('',#7116,1.);
#7116 = DIRECTION('',(0.,0.803987418194,-0.594646307804));
#7117 = ORIENTED_EDGE('',*,*,#7118,.T.);
#7118 = EDGE_CURVE('',#7111,#7119,#7121,.T.);
#7119 = VERTEX_POINT('',#7120);
#7120 = CARTESIAN_POINT('',(36.000003814697,71.470359802246,
    7.304082870483));
#7121 = LINE('',#7122,#7123);
#7122 = CARTESIAN_POINT('',(36.000003814697,71.35676574707,
    7.361353397369));
#7123 = VECTOR('',#7124,1.);
#7124 = DIRECTION('',(0.,0.892933412457,-0.450188761431));
#7125 = ORIENTED_EDGE('',*,*,#7126,.T.);
#7126 = EDGE_CURVE('',#7119,#7127,#7129,.T.);
#7127 = VERTEX_POINT('',#7128);
#7128 = CARTESIAN_POINT('',(36.000003814697,71.591987609863,
    7.266833305359));
#7129 = LINE('',#7130,#7131);
#7130 = CARTESIAN_POINT('',(36.000003814697,71.470359802246,
    7.304082870483));
#7131 = VECTOR('',#7132,1.);
#7132 = DIRECTION('',(0.,0.956163504144,-0.292833320069));
#7133 = ORIENTED_EDGE('',*,*,#7134,.T.);
#7134 = EDGE_CURVE('',#7127,#7135,#7137,.T.);
#7135 = VERTEX_POINT('',#7136);
#7136 = CARTESIAN_POINT('',(36.000003814697,71.718170166016,
    7.25067615509));
#7137 = LINE('',#7138,#7139);
#7138 = CARTESIAN_POINT('',(36.000003814697,71.591987609863,
    7.266833305359));
#7139 = VECTOR('',#7140,1.);
#7140 = DIRECTION('',(0.,0.991901582247,-0.127008862434));
#7141 = ORIENTED_EDGE('',*,*,#7142,.T.);
#7142 = EDGE_CURVE('',#7135,#7143,#7145,.T.);
#7143 = VERTEX_POINT('',#7144);
#7144 = CARTESIAN_POINT('',(36.000003814697,71.75,7.25));
#7145 = LINE('',#7146,#7147);
#7146 = CARTESIAN_POINT('',(36.000003814697,71.718170166016,
    7.25067615509));
#7147 = VECTOR('',#7148,1.);
#7148 = DIRECTION('',(0.,0.999774447862,-2.123801784319E-02));
#7149 = ORIENTED_EDGE('',*,*,#7150,.T.);
#7150 = EDGE_CURVE('',#7143,#7151,#7153,.T.);
#7151 = VERTEX_POINT('',#7152);
#7152 = CARTESIAN_POINT('',(36.000003814697,71.845260620117,
    7.256074905396));
#7153 = LINE('',#7154,#7155);
#7154 = CARTESIAN_POINT('',(36.000003814697,71.75,7.25));
#7155 = VECTOR('',#7156,1.);
#7156 = DIRECTION('',(0.,0.997972783853,6.364214553445E-02));
#7157 = ORIENTED_EDGE('',*,*,#7158,.T.);
#7158 = EDGE_CURVE('',#7151,#7159,#7161,.T.);
#7159 = VERTEX_POINT('',#7160);
#7160 = CARTESIAN_POINT('',(36.000003814697,71.969612121582,
    7.282875061035));
#7161 = LINE('',#7162,#7163);
#7162 = CARTESIAN_POINT('',(36.000003814697,71.845260620117,
    7.256074905396));
#7163 = VECTOR('',#7164,1.);
#7164 = DIRECTION('',(0.,0.977554660934,0.210681951972));
#7165 = ORIENTED_EDGE('',*,*,#7166,.T.);
#7166 = EDGE_CURVE('',#7159,#7167,#7169,.T.);
#7167 = VERTEX_POINT('',#7168);
#7168 = CARTESIAN_POINT('',(36.000003814697,72.08765411377,
    7.330305576324));
#7169 = LINE('',#7170,#7171);
#7170 = CARTESIAN_POINT('',(36.000003814697,71.969612121582,
    7.282875061035));
#7171 = VECTOR('',#7172,1.);
#7172 = DIRECTION('',(0.,0.927896256954,0.372838485583));
#7173 = ORIENTED_EDGE('',*,*,#7174,.T.);
#7174 = EDGE_CURVE('',#7167,#7175,#7177,.T.);
#7175 = VERTEX_POINT('',#7176);
#7176 = CARTESIAN_POINT('',(36.000003814697,72.195976257324,
    7.397002220154));
#7177 = LINE('',#7178,#7179);
#7178 = CARTESIAN_POINT('',(36.000003814697,72.08765411377,
    7.330305576324));
#7179 = VECTOR('',#7180,1.);
#7180 = DIRECTION('',(0.,0.851528944951,0.524307596656));
#7181 = ORIENTED_EDGE('',*,*,#7182,.T.);
#7182 = EDGE_CURVE('',#7175,#7183,#7185,.T.);
#7183 = VERTEX_POINT('',#7184);
#7184 = CARTESIAN_POINT('',(36.000003814697,72.291465759277,
    7.481046199799));
#7185 = LINE('',#7186,#7187);
#7186 = CARTESIAN_POINT('',(36.000003814697,72.195976257324,
    7.397002220154));
#7187 = VECTOR('',#7188,1.);
#7188 = DIRECTION('',(0.,0.750661981897,0.660686452816));
#7189 = ORIENTED_EDGE('',*,*,#7190,.T.);
#7190 = EDGE_CURVE('',#7183,#7191,#7193,.T.);
#7191 = VERTEX_POINT('',#7192);
#7192 = CARTESIAN_POINT('',(36.000003814697,72.371376037598,
    7.580018997192));
#7193 = LINE('',#7194,#7195);
#7194 = CARTESIAN_POINT('',(36.000003814697,72.291465759277,
    7.481046199799));
#7195 = VECTOR('',#7196,1.);
#7196 = DIRECTION('',(0.,0.628197752801,0.778053714968));
#7197 = ORIENTED_EDGE('',*,*,#7198,.T.);
#7198 = EDGE_CURVE('',#7191,#7199,#7201,.T.);
#7199 = VERTEX_POINT('',#7200);
#7200 = CARTESIAN_POINT('',(36.000003814697,72.433418273926,
    7.691074371338));
#7201 = LINE('',#7202,#7203);
#7202 = CARTESIAN_POINT('',(36.000003814697,72.371376037598,
    7.580018997192));
#7203 = VECTOR('',#7204,1.);
#7204 = DIRECTION('',(0.,0.487712810684,0.873004131889));
#7205 = ORIENTED_EDGE('',*,*,#7206,.T.);
#7206 = EDGE_CURVE('',#7199,#7207,#7209,.T.);
#7207 = VERTEX_POINT('',#7208);
#7208 = CARTESIAN_POINT('',(36.000003814697,72.475799560547,
    7.811016559601));
#7209 = LINE('',#7210,#7211);
#7210 = CARTESIAN_POINT('',(36.000003814697,72.433418273926,
    7.691074371338));
#7211 = VECTOR('',#7212,1.);
#7212 = DIRECTION('',(0.,0.333160869078,0.94286999916));
#7213 = ORIENTED_EDGE('',*,*,#7214,.T.);
#7214 = EDGE_CURVE('',#7207,#7215,#7217,.T.);
#7215 = VERTEX_POINT('',#7216);
#7216 = CARTESIAN_POINT('',(36.000003814697,72.497299194336,
    7.936395645142));
#7217 = LINE('',#7218,#7219);
#7218 = CARTESIAN_POINT('',(36.000003814697,72.475799560547,
    7.811016559601));
#7219 = VECTOR('',#7220,1.);
#7220 = DIRECTION('',(0.,0.169010217255,0.985614299036));
#7221 = ORIENTED_EDGE('',*,*,#7222,.T.);
#7222 = EDGE_CURVE('',#7215,#7223,#7225,.T.);
#7223 = VERTEX_POINT('',#7224);
#7224 = CARTESIAN_POINT('',(36.000003814697,72.497299194336,
    8.063604354858));
#7225 = LINE('',#7226,#7227);
#7226 = CARTESIAN_POINT('',(36.000003814697,72.497299194336,
    7.936395645142));
#7227 = VECTOR('',#7228,1.);
#7228 = DIRECTION('',(0.,0.,1.));
#7229 = ORIENTED_EDGE('',*,*,#7230,.T.);
#7230 = EDGE_CURVE('',#7223,#7231,#7233,.T.);
#7231 = VERTEX_POINT('',#7232);
#7232 = CARTESIAN_POINT('',(36.000003814697,72.475799560547,
    8.188982963562));
#7233 = LINE('',#7234,#7235);
#7234 = CARTESIAN_POINT('',(36.000003814697,72.497299194336,
    8.063604354858));
#7235 = VECTOR('',#7236,1.);
#7236 = DIRECTION('',(0.,-0.169010841671,0.985614191962));
#7237 = ORIENTED_EDGE('',*,*,#7238,.T.);
#7238 = EDGE_CURVE('',#7231,#7239,#7241,.T.);
#7239 = VERTEX_POINT('',#7240);
#7240 = CARTESIAN_POINT('',(36.000003814697,72.433418273926,
    8.308925628662));
#7241 = LINE('',#7242,#7243);
#7242 = CARTESIAN_POINT('',(36.000003814697,72.475799560547,
    8.188982963562));
#7243 = VECTOR('',#7244,1.);
#7244 = DIRECTION('',(0.,-0.333159691596,0.942870415219));
#7245 = ORIENTED_EDGE('',*,*,#7246,.T.);
#7246 = EDGE_CURVE('',#7239,#7247,#7249,.T.);
#7247 = VERTEX_POINT('',#7248);
#7248 = CARTESIAN_POINT('',(36.000003814697,72.371376037598,
    8.419981002808));
#7249 = LINE('',#7250,#7251);
#7250 = CARTESIAN_POINT('',(36.000003814697,72.433418273926,
    8.308925628662));
#7251 = VECTOR('',#7252,1.);
#7252 = DIRECTION('',(0.,-0.487712810684,0.873004131889));
#7253 = ORIENTED_EDGE('',*,*,#7254,.T.);
#7254 = EDGE_CURVE('',#7247,#7255,#7257,.T.);
#7255 = VERTEX_POINT('',#7256);
#7256 = CARTESIAN_POINT('',(36.000003814697,72.291465759277,
    8.518954277039));
#7257 = LINE('',#7258,#7259);
#7258 = CARTESIAN_POINT('',(36.000003814697,72.371376037598,
    8.419981002808));
#7259 = VECTOR('',#7260,1.);
#7260 = DIRECTION('',(0.,-0.628195920618,0.778055194263));
#7261 = ORIENTED_EDGE('',*,*,#7262,.T.);
#7262 = EDGE_CURVE('',#7255,#7263,#7265,.T.);
#7263 = VERTEX_POINT('',#7264);
#7264 = CARTESIAN_POINT('',(36.000003814697,72.195976257324,
    8.602997779846));
#7265 = LINE('',#7266,#7267);
#7266 = CARTESIAN_POINT('',(36.000003814697,72.291465759277,
    8.518954277039));
#7267 = VECTOR('',#7268,1.);
#7268 = DIRECTION('',(0.,-0.750663840981,0.660684340547));
#7269 = ORIENTED_EDGE('',*,*,#7270,.T.);
#7270 = EDGE_CURVE('',#7263,#7271,#7273,.T.);
#7271 = VERTEX_POINT('',#7272);
#7272 = CARTESIAN_POINT('',(36.000003814697,72.08765411377,
    8.669693946838));
#7273 = LINE('',#7274,#7275);
#7274 = CARTESIAN_POINT('',(36.000003814697,72.195976257324,
    8.602997779846));
#7275 = VECTOR('',#7276,1.);
#7276 = DIRECTION('',(0.,-0.851530618496,0.524304878638));
#7277 = ORIENTED_EDGE('',*,*,#7278,.T.);
#7278 = EDGE_CURVE('',#7271,#7279,#7281,.T.);
#7279 = VERTEX_POINT('',#7280);
#7280 = CARTESIAN_POINT('',(36.000003814697,71.969612121582,
    8.717124938965));
#7281 = LINE('',#7282,#7283);
#7282 = CARTESIAN_POINT('',(36.000003814697,72.08765411377,
    8.669693946838));
#7283 = VECTOR('',#7284,1.);
#7284 = DIRECTION('',(0.,-0.927894960209,0.37284171282));
#7285 = ORIENTED_EDGE('',*,*,#7286,.T.);
#7286 = EDGE_CURVE('',#7279,#7287,#7289,.T.);
#7287 = VERTEX_POINT('',#7288);
#7288 = CARTESIAN_POINT('',(36.000003814697,71.845260620117,
    8.743925094604));
#7289 = LINE('',#7290,#7291);
#7290 = CARTESIAN_POINT('',(36.000003814697,71.969612121582,
    8.717124938965));
#7291 = VECTOR('',#7292,1.);
#7292 = DIRECTION('',(0.,-0.977554660934,0.210681951972));
#7293 = ORIENTED_EDGE('',*,*,#7294,.T.);
#7294 = EDGE_CURVE('',#7287,#7295,#7297,.T.);
#7295 = VERTEX_POINT('',#7296);
#7296 = CARTESIAN_POINT('',(36.000003814697,71.718170166016,
    8.74932384491));
#7297 = LINE('',#7298,#7299);
#7298 = CARTESIAN_POINT('',(36.000003814697,71.845260620117,
    8.743925094604));
#7299 = VECTOR('',#7300,1.);
#7300 = DIRECTION('',(0.,-0.999098961513,4.244131364153E-02));
#7301 = ORIENTED_EDGE('',*,*,#7302,.T.);
#7302 = EDGE_CURVE('',#7295,#7303,#7305,.T.);
#7303 = VERTEX_POINT('',#7304);
#7304 = CARTESIAN_POINT('',(36.000003814697,71.591987609863,
    8.733166694641));
#7305 = LINE('',#7306,#7307);
#7306 = CARTESIAN_POINT('',(36.000003814697,71.718170166016,
    8.74932384491));
#7307 = VECTOR('',#7308,1.);
#7308 = DIRECTION('',(0.,-0.991901582247,-0.127008862434));
#7309 = ORIENTED_EDGE('',*,*,#7310,.T.);
#7310 = EDGE_CURVE('',#7303,#7311,#7313,.T.);
#7311 = VERTEX_POINT('',#7312);
#7312 = CARTESIAN_POINT('',(36.000003814697,71.470359802246,
    8.695917129517));
#7313 = LINE('',#7314,#7315);
#7314 = CARTESIAN_POINT('',(36.000003814697,71.591987609863,
    8.733166694641));
#7315 = VECTOR('',#7316,1.);
#7316 = DIRECTION('',(0.,-0.956163504144,-0.292833320069));
#7317 = ORIENTED_EDGE('',*,*,#7318,.T.);
#7318 = EDGE_CURVE('',#7311,#7319,#7321,.T.);
#7319 = VERTEX_POINT('',#7320);
#7320 = CARTESIAN_POINT('',(36.000003814697,71.35676574707,
    8.638646125793));
#7321 = LINE('',#7322,#7323);
#7322 = CARTESIAN_POINT('',(36.000003814697,71.470359802246,
    8.695917129517));
#7323 = VECTOR('',#7324,1.);
#7324 = DIRECTION('',(0.,-0.892931905683,-0.45019175005));
#7325 = ORIENTED_EDGE('',*,*,#7326,.T.);
#7326 = EDGE_CURVE('',#7319,#7327,#7329,.T.);
#7327 = VERTEX_POINT('',#7328);
#7328 = CARTESIAN_POINT('',(36.000003814697,71.254493713379,
    8.563004493713));
#7329 = LINE('',#7330,#7331);
#7330 = CARTESIAN_POINT('',(36.000003814697,71.35676574707,
    8.638646125793));
#7331 = VECTOR('',#7332,1.);
#7332 = DIRECTION('',(0.,-0.803991002463,-0.594641461688));
#7333 = ORIENTED_EDGE('',*,*,#7334,.T.);
#7334 = EDGE_CURVE('',#7327,#7335,#7337,.T.);
#7335 = VERTEX_POINT('',#7336);
#7336 = CARTESIAN_POINT('',(36.000003814697,71.166473388672,
    8.471164703369));
#7337 = LINE('',#7338,#7339);
#7338 = CARTESIAN_POINT('',(36.000003814697,71.254493713379,
    8.563004493713));
#7339 = VECTOR('',#7340,1.);
#7340 = DIRECTION('',(0.,-0.691934834676,-0.721959960498));
#7341 = ORIENTED_EDGE('',*,*,#7342,.T.);
#7342 = EDGE_CURVE('',#7335,#7343,#7345,.T.);
#7343 = VERTEX_POINT('',#7344);
#7344 = CARTESIAN_POINT('',(36.000003814697,71.095245361328,
    8.365770339966));
#7345 = LINE('',#7346,#7347);
#7346 = CARTESIAN_POINT('',(36.000003814697,71.166473388672,
    8.471164703369));
#7347 = VECTOR('',#7348,1.);
#7348 = DIRECTION('',(0.,-0.559941711022,-0.828532003158));
#7349 = ORIENTED_EDGE('',*,*,#7350,.T.);
#7350 = EDGE_CURVE('',#7343,#7053,#7351,.T.);
#7351 = LINE('',#7352,#7353);
#7352 = CARTESIAN_POINT('',(36.000003814697,71.095245361328,
    8.365770339966));
#7353 = VECTOR('',#7354,1.);
#7354 = DIRECTION('',(0.,-0.411912103744,-0.911223583315));
#7355 = PLANE('',#7356);
#7356 = AXIS2_PLACEMENT_3D('',#7357,#7358,#7359);
#7357 = CARTESIAN_POINT('',(36.000003814697,72.525001525879,8.));
#7358 = DIRECTION('',(-1.,-0.,-0.));
#7359 = DIRECTION('',(0.,0.,-1.));
#7360 = ADVANCED_FACE('',(#7361),#7372,.T.);
#7361 = FACE_BOUND('',#7362,.T.);
#7362 = EDGE_LOOP('',(#7363,#7364,#7365,#7371));
#7363 = ORIENTED_EDGE('',*,*,#6903,.F.);
#7364 = ORIENTED_EDGE('',*,*,#3233,.F.);
#7365 = ORIENTED_EDGE('',*,*,#7366,.T.);
#7366 = EDGE_CURVE('',#3226,#2855,#7367,.T.);
#7367 = LINE('',#7368,#7369);
#7368 = CARTESIAN_POINT('',(1.5,4.836881160736,15.657395362854));
#7369 = VECTOR('',#7370,1.);
#7370 = DIRECTION('',(1.,0.,0.));
#7371 = ORIENTED_EDGE('',*,*,#2854,.F.);
#7372 = PLANE('',#7373);
#7373 = AXIS2_PLACEMENT_3D('',#7374,#7375,#7376);
#7374 = CARTESIAN_POINT('',(2.75,5.370919942856,15.785606861115));
#7375 = DIRECTION('',(0.,-0.233445587914,0.972369866606));
#7376 = DIRECTION('',(0.,0.972369866606,0.233445587914));
#7377 = ADVANCED_FACE('',(#7378),#7389,.T.);
#7378 = FACE_BOUND('',#7379,.T.);
#7379 = EDGE_LOOP('',(#7380,#7381,#7382,#7388));
#7380 = ORIENTED_EDGE('',*,*,#7366,.F.);
#7381 = ORIENTED_EDGE('',*,*,#3225,.F.);
#7382 = ORIENTED_EDGE('',*,*,#7383,.T.);
#7383 = EDGE_CURVE('',#3218,#2863,#7384,.T.);
#7384 = LINE('',#7385,#7386);
#7385 = CARTESIAN_POINT('',(1.5,3.822066545486,15.237045288086));
#7386 = VECTOR('',#7387,1.);
#7387 = DIRECTION('',(1.,0.,0.));
#7388 = ORIENTED_EDGE('',*,*,#2862,.F.);
#7389 = PLANE('',#7390);
#7390 = AXIS2_PLACEMENT_3D('',#7391,#7392,#7393);
#7391 = CARTESIAN_POINT('',(2.75,4.329473853111,15.44722032547));
#7392 = DIRECTION('',(0.,-0.382683508391,0.92387950102));
#7393 = DIRECTION('',(0.,0.92387950102,0.382683508391));
#7394 = ADVANCED_FACE('',(#7395),#7406,.T.);
#7395 = FACE_BOUND('',#7396,.T.);
#7396 = EDGE_LOOP('',(#7397,#7398,#7399,#7405));
#7397 = ORIENTED_EDGE('',*,*,#3035,.F.);
#7398 = ORIENTED_EDGE('',*,*,#2998,.F.);
#7399 = ORIENTED_EDGE('',*,*,#7400,.T.);
#7400 = EDGE_CURVE('',#2991,#3090,#7401,.T.);
#7401 = LINE('',#7402,#7403);
#7402 = CARTESIAN_POINT('',(4.,4.836881160736,0.342604398727));
#7403 = VECTOR('',#7404,1.);
#7404 = DIRECTION('',(-1.,0.,0.));
#7405 = ORIENTED_EDGE('',*,*,#3089,.F.);
#7406 = PLANE('',#7407);
#7407 = AXIS2_PLACEMENT_3D('',#7408,#7409,#7410);
#7408 = CARTESIAN_POINT('',(2.75,5.370919942856,0.2143930085));
#7409 = DIRECTION('',(-0.,-0.233445401928,-0.972369911257));
#7410 = DIRECTION('',(0.,-0.972369911257,0.233445401928));
#7411 = ADVANCED_FACE('',(#7412),#7423,.T.);
#7412 = FACE_BOUND('',#7413,.T.);
#7413 = EDGE_LOOP('',(#7414,#7415,#7416,#7422));
#7414 = ORIENTED_EDGE('',*,*,#7383,.F.);
#7415 = ORIENTED_EDGE('',*,*,#3217,.F.);
#7416 = ORIENTED_EDGE('',*,*,#7417,.T.);
#7417 = EDGE_CURVE('',#3210,#2871,#7418,.T.);
#7418 = LINE('',#7419,#7420);
#7419 = CARTESIAN_POINT('',(1.5,2.885503292084,14.663119316101));
#7420 = VECTOR('',#7421,1.);
#7421 = DIRECTION('',(1.,0.,0.));
#7422 = ORIENTED_EDGE('',*,*,#2870,.F.);
#7423 = PLANE('',#7424);
#7424 = AXIS2_PLACEMENT_3D('',#7425,#7426,#7427);
#7425 = CARTESIAN_POINT('',(2.75,3.353784918785,14.950082302094));
#7426 = DIRECTION('',(0.,-0.522498082992,0.852640459555));
#7427 = DIRECTION('',(0.,0.852640459555,0.522498082992));
#7428 = ADVANCED_FACE('',(#7429),#7440,.T.);
#7429 = FACE_BOUND('',#7430,.T.);
#7430 = EDGE_LOOP('',(#7431,#7432,#7433,#7439));
#7431 = ORIENTED_EDGE('',*,*,#7400,.F.);
#7432 = ORIENTED_EDGE('',*,*,#2990,.F.);
#7433 = ORIENTED_EDGE('',*,*,#7434,.T.);
#7434 = EDGE_CURVE('',#2983,#3098,#7435,.T.);
#7435 = LINE('',#7436,#7437);
#7436 = CARTESIAN_POINT('',(4.,3.822066545486,0.762954354286));
#7437 = VECTOR('',#7438,1.);
#7438 = DIRECTION('',(-1.,0.,0.));
#7439 = ORIENTED_EDGE('',*,*,#3097,.F.);
#7440 = PLANE('',#7441);
#7441 = AXIS2_PLACEMENT_3D('',#7442,#7443,#7444);
#7442 = CARTESIAN_POINT('',(2.75,4.329473853111,0.552779376507));
#7443 = DIRECTION('',(-0.,-0.382683415758,-0.92387953939));
#7444 = DIRECTION('',(0.,-0.92387953939,0.382683415758));
#7445 = ADVANCED_FACE('',(#7446),#7457,.T.);
#7446 = FACE_BOUND('',#7447,.T.);
#7447 = EDGE_LOOP('',(#7448,#7449,#7450,#7456));
#7448 = ORIENTED_EDGE('',*,*,#7417,.F.);
#7449 = ORIENTED_EDGE('',*,*,#3209,.F.);
#7450 = ORIENTED_EDGE('',*,*,#7451,.T.);
#7451 = EDGE_CURVE('',#3202,#2879,#7452,.T.);
#7452 = LINE('',#7453,#7454);
#7453 = CARTESIAN_POINT('',(1.5,2.05025267601,13.949747085571));
#7454 = VECTOR('',#7455,1.);
#7455 = DIRECTION('',(1.,0.,0.));
#7456 = ORIENTED_EDGE('',*,*,#2878,.F.);
#7457 = PLANE('',#7458);
#7458 = AXIS2_PLACEMENT_3D('',#7459,#7460,#7461);
#7459 = CARTESIAN_POINT('',(2.75,2.467877984047,14.306433200836));
#7460 = DIRECTION('',(0.,-0.649448475676,0.760405600612));
#7461 = DIRECTION('',(0.,0.760405600612,0.649448475676));
#7462 = ADVANCED_FACE('',(#7463),#7474,.T.);
#7463 = FACE_BOUND('',#7464,.T.);
#7464 = EDGE_LOOP('',(#7465,#7466,#7467,#7473));
#7465 = ORIENTED_EDGE('',*,*,#7434,.F.);
#7466 = ORIENTED_EDGE('',*,*,#2982,.F.);
#7467 = ORIENTED_EDGE('',*,*,#7468,.T.);
#7468 = EDGE_CURVE('',#2975,#3106,#7469,.T.);
#7469 = LINE('',#7470,#7471);
#7470 = CARTESIAN_POINT('',(4.,2.885503292084,1.336881041527));
#7471 = VECTOR('',#7472,1.);
#7472 = DIRECTION('',(-1.,0.,0.));
#7473 = ORIENTED_EDGE('',*,*,#3105,.F.);
#7474 = PLANE('',#7475);
#7475 = AXIS2_PLACEMENT_3D('',#7476,#7477,#7478);
#7476 = CARTESIAN_POINT('',(2.75,3.353784918785,1.049917697906));
#7477 = DIRECTION('',(-0.,-0.522498556385,-0.852640169459));
#7478 = DIRECTION('',(0.,-0.852640169459,0.522498556385));
#7479 = ADVANCED_FACE('',(#7480),#7491,.T.);
#7480 = FACE_BOUND('',#7481,.T.);
#7481 = EDGE_LOOP('',(#7482,#7483,#7484,#7490));
#7482 = ORIENTED_EDGE('',*,*,#7451,.F.);
#7483 = ORIENTED_EDGE('',*,*,#3201,.F.);
#7484 = ORIENTED_EDGE('',*,*,#7485,.T.);
#7485 = EDGE_CURVE('',#3194,#2887,#7486,.T.);
#7486 = LINE('',#7487,#7488);
#7487 = CARTESIAN_POINT('',(1.5,1.336881041527,13.114497184753));
#7488 = VECTOR('',#7489,1.);
#7489 = DIRECTION('',(1.,0.,0.));
#7490 = ORIENTED_EDGE('',*,*,#2886,.F.);
#7491 = PLANE('',#7492);
#7492 = AXIS2_PLACEMENT_3D('',#7493,#7494,#7495);
#7493 = CARTESIAN_POINT('',(2.75,1.693566858768,13.532122135162));
#7494 = DIRECTION('',(0.,-0.76040559394,0.649448483488));
#7495 = DIRECTION('',(0.,-0.649448483488,-0.76040559394));
#7496 = ADVANCED_FACE('',(#7497),#7508,.T.);
#7497 = FACE_BOUND('',#7498,.T.);
#7498 = EDGE_LOOP('',(#7499,#7500,#7501,#7507));
#7499 = ORIENTED_EDGE('',*,*,#7468,.F.);
#7500 = ORIENTED_EDGE('',*,*,#2974,.F.);
#7501 = ORIENTED_EDGE('',*,*,#7502,.T.);
#7502 = EDGE_CURVE('',#2967,#3114,#7503,.T.);
#7503 = LINE('',#7504,#7505);
#7504 = CARTESIAN_POINT('',(4.,2.05025267601,2.05025267601));
#7505 = VECTOR('',#7506,1.);
#7506 = DIRECTION('',(-1.,0.,0.));
#7507 = ORIENTED_EDGE('',*,*,#3113,.F.);
#7508 = PLANE('',#7509);
#7509 = AXIS2_PLACEMENT_3D('',#7510,#7511,#7512);
#7510 = CARTESIAN_POINT('',(2.75,2.467877984047,1.693566858768));
#7511 = DIRECTION('',(-0.,-0.649448161914,-0.76040586859));
#7512 = DIRECTION('',(0.,-0.76040586859,0.649448161914));
#7513 = ADVANCED_FACE('',(#7514),#7525,.T.);
#7514 = FACE_BOUND('',#7515,.T.);
#7515 = EDGE_LOOP('',(#7516,#7517,#7518,#7524));
#7516 = ORIENTED_EDGE('',*,*,#7485,.F.);
#7517 = ORIENTED_EDGE('',*,*,#3193,.F.);
#7518 = ORIENTED_EDGE('',*,*,#7519,.T.);
#7519 = EDGE_CURVE('',#3186,#2895,#7520,.T.);
#7520 = LINE('',#7521,#7522);
#7521 = CARTESIAN_POINT('',(1.5,0.762954354286,12.177933692932));
#7522 = VECTOR('',#7523,1.);
#7523 = DIRECTION('',(1.,0.,0.));
#7524 = ORIENTED_EDGE('',*,*,#2894,.F.);
#7525 = PLANE('',#7526);
#7526 = AXIS2_PLACEMENT_3D('',#7527,#7528,#7529);
#7527 = CARTESIAN_POINT('',(2.75,1.049917697906,12.646215438843));
#7528 = DIRECTION('',(0.,-0.852640228716,0.522498459686));
#7529 = DIRECTION('',(0.,-0.522498459686,-0.852640228716));
#7530 = ADVANCED_FACE('',(#7531),#7542,.T.);
#7531 = FACE_BOUND('',#7532,.T.);
#7532 = EDGE_LOOP('',(#7533,#7534,#7535,#7541));
#7533 = ORIENTED_EDGE('',*,*,#7502,.F.);
#7534 = ORIENTED_EDGE('',*,*,#2966,.F.);
#7535 = ORIENTED_EDGE('',*,*,#7536,.T.);
#7536 = EDGE_CURVE('',#2959,#3122,#7537,.T.);
#7537 = LINE('',#7538,#7539);
#7538 = CARTESIAN_POINT('',(4.,1.336881041527,2.885503292084));
#7539 = VECTOR('',#7540,1.);
#7540 = DIRECTION('',(-1.,0.,0.));
#7541 = ORIENTED_EDGE('',*,*,#3121,.F.);
#7542 = PLANE('',#7543);
#7543 = AXIS2_PLACEMENT_3D('',#7544,#7545,#7546);
#7544 = CARTESIAN_POINT('',(2.75,1.693566858768,2.467877984047));
#7545 = DIRECTION('',(-0.,-0.76040586859,-0.649448161914));
#7546 = DIRECTION('',(0.,0.649448161914,-0.76040586859));
#7547 = ADVANCED_FACE('',(#7548),#7559,.T.);
#7548 = FACE_BOUND('',#7549,.T.);
#7549 = EDGE_LOOP('',(#7550,#7551,#7552,#7558));
#7550 = ORIENTED_EDGE('',*,*,#7519,.F.);
#7551 = ORIENTED_EDGE('',*,*,#3185,.F.);
#7552 = ORIENTED_EDGE('',*,*,#7553,.T.);
#7553 = EDGE_CURVE('',#3178,#2903,#7554,.T.);
#7554 = LINE('',#7555,#7556);
#7555 = CARTESIAN_POINT('',(1.5,0.342604398727,11.163119316101));
#7556 = VECTOR('',#7557,1.);
#7557 = DIRECTION('',(1.,0.,0.));
#7558 = ORIENTED_EDGE('',*,*,#2902,.F.);
#7559 = PLANE('',#7560);
#7560 = AXIS2_PLACEMENT_3D('',#7561,#7562,#7563);
#7561 = CARTESIAN_POINT('',(2.75,0.552779376507,11.670526504517));
#7562 = DIRECTION('',(0.,-0.923879507603,0.382683492498));
#7563 = DIRECTION('',(0.,-0.382683492498,-0.923879507603));
#7564 = ADVANCED_FACE('',(#7565),#7576,.T.);
#7565 = FACE_BOUND('',#7566,.T.);
#7566 = EDGE_LOOP('',(#7567,#7568,#7569,#7575));
#7567 = ORIENTED_EDGE('',*,*,#7536,.F.);
#7568 = ORIENTED_EDGE('',*,*,#2958,.F.);
#7569 = ORIENTED_EDGE('',*,*,#7570,.T.);
#7570 = EDGE_CURVE('',#2951,#3130,#7571,.T.);
#7571 = LINE('',#7572,#7573);
#7572 = CARTESIAN_POINT('',(4.,0.762954354286,3.822066545486));
#7573 = VECTOR('',#7574,1.);
#7574 = DIRECTION('',(-1.,0.,0.));
#7575 = ORIENTED_EDGE('',*,*,#3129,.F.);
#7576 = PLANE('',#7577);
#7577 = AXIS2_PLACEMENT_3D('',#7578,#7579,#7580);
#7578 = CARTESIAN_POINT('',(2.75,1.049917697906,3.353784918785));
#7579 = DIRECTION('',(-0.,-0.852640169459,-0.522498556385));
#7580 = DIRECTION('',(0.,0.522498556385,-0.852640169459));
#7581 = ADVANCED_FACE('',(#7582),#7593,.T.);
#7582 = FACE_BOUND('',#7583,.T.);
#7583 = EDGE_LOOP('',(#7584,#7585,#7586,#7592));
#7584 = ORIENTED_EDGE('',*,*,#7553,.F.);
#7585 = ORIENTED_EDGE('',*,*,#3177,.F.);
#7586 = ORIENTED_EDGE('',*,*,#7587,.T.);
#7587 = EDGE_CURVE('',#3170,#2911,#7588,.T.);
#7588 = LINE('',#7589,#7590);
#7589 = CARTESIAN_POINT('',(1.5,8.618161827326E-02,10.095041275024));
#7590 = VECTOR('',#7591,1.);
#7591 = DIRECTION('',(1.,0.,0.));
#7592 = ORIENTED_EDGE('',*,*,#2910,.F.);
#7593 = PLANE('',#7594);
#7594 = AXIS2_PLACEMENT_3D('',#7595,#7596,#7597);
#7595 = CARTESIAN_POINT('',(2.75,0.2143930085,10.629080295563));
#7596 = DIRECTION('',(0.,-0.972369934915,0.233445303388));
#7597 = DIRECTION('',(0.,-0.233445303388,-0.972369934915));
#7598 = ADVANCED_FACE('',(#7599),#7610,.T.);
#7599 = FACE_BOUND('',#7600,.T.);
#7600 = EDGE_LOOP('',(#7601,#7602,#7603,#7609));
#7601 = ORIENTED_EDGE('',*,*,#7570,.F.);
#7602 = ORIENTED_EDGE('',*,*,#2950,.F.);
#7603 = ORIENTED_EDGE('',*,*,#7604,.T.);
#7604 = EDGE_CURVE('',#2943,#3138,#7605,.T.);
#7605 = LINE('',#7606,#7607);
#7606 = CARTESIAN_POINT('',(4.,0.342604398727,4.836881160736));
#7607 = VECTOR('',#7608,1.);
#7608 = DIRECTION('',(-1.,0.,0.));
#7609 = ORIENTED_EDGE('',*,*,#3137,.F.);
#7610 = PLANE('',#7611);
#7611 = AXIS2_PLACEMENT_3D('',#7612,#7613,#7614);
#7612 = CARTESIAN_POINT('',(2.75,0.552779376507,4.329473853111));
#7613 = DIRECTION('',(-0.,-0.92387953939,-0.382683415758));
#7614 = DIRECTION('',(0.,0.382683415758,-0.92387953939));
#7615 = ADVANCED_FACE('',(#7616),#7627,.T.);
#7616 = FACE_BOUND('',#7617,.T.);
#7617 = EDGE_LOOP('',(#7618,#7619,#7620,#7626));
#7618 = ORIENTED_EDGE('',*,*,#7587,.F.);
#7619 = ORIENTED_EDGE('',*,*,#3169,.F.);
#7620 = ORIENTED_EDGE('',*,*,#7621,.F.);
#7621 = EDGE_CURVE('',#2919,#3162,#7622,.T.);
#7622 = LINE('',#7623,#7624);
#7623 = CARTESIAN_POINT('',(4.,3.1E-16,9.));
#7624 = VECTOR('',#7625,1.);
#7625 = DIRECTION('',(-1.,0.,0.));
#7626 = ORIENTED_EDGE('',*,*,#2918,.F.);
#7627 = PLANE('',#7628);
#7628 = AXIS2_PLACEMENT_3D('',#7629,#7630,#7631);
#7629 = CARTESIAN_POINT('',(2.75,4.309080913663E-02,9.547520637512));
#7630 = DIRECTION('',(0.,-0.99691733367,7.845909652897E-02));
#7631 = DIRECTION('',(0.,-7.845909652897E-02,-0.99691733367));
#7632 = ADVANCED_FACE('',(#7633),#7644,.T.);
#7633 = FACE_BOUND('',#7634,.T.);
#7634 = EDGE_LOOP('',(#7635,#7636,#7637,#7643));
#7635 = ORIENTED_EDGE('',*,*,#7604,.F.);
#7636 = ORIENTED_EDGE('',*,*,#2942,.F.);
#7637 = ORIENTED_EDGE('',*,*,#7638,.T.);
#7638 = EDGE_CURVE('',#2935,#3146,#7639,.T.);
#7639 = LINE('',#7640,#7641);
#7640 = CARTESIAN_POINT('',(4.,8.618161827326E-02,5.904958724976));
#7641 = VECTOR('',#7642,1.);
#7642 = DIRECTION('',(-1.,0.,0.));
#7643 = ORIENTED_EDGE('',*,*,#3145,.F.);
#7644 = PLANE('',#7645);
#7645 = AXIS2_PLACEMENT_3D('',#7646,#7647,#7648);
#7646 = CARTESIAN_POINT('',(2.75,0.2143930085,5.370919942856));
#7647 = DIRECTION('',(-0.,-0.972369911257,-0.233445401928));
#7648 = DIRECTION('',(0.,0.233445401928,-0.972369911257));
#7649 = ADVANCED_FACE('',(#7650),#7661,.T.);
#7650 = FACE_BOUND('',#7651,.T.);
#7651 = EDGE_LOOP('',(#7652,#7658,#7659,#7660));
#7652 = ORIENTED_EDGE('',*,*,#7653,.T.);
#7653 = EDGE_CURVE('',#3154,#2927,#7654,.T.);
#7654 = LINE('',#7655,#7656);
#7655 = CARTESIAN_POINT('',(1.5,3.1E-16,7.));
#7656 = VECTOR('',#7657,1.);
#7657 = DIRECTION('',(1.,0.,0.));
#7658 = ORIENTED_EDGE('',*,*,#2926,.T.);
#7659 = ORIENTED_EDGE('',*,*,#7621,.T.);
#7660 = ORIENTED_EDGE('',*,*,#3161,.F.);
#7661 = PLANE('',#7662);
#7662 = AXIS2_PLACEMENT_3D('',#7663,#7664,#7665);
#7663 = CARTESIAN_POINT('',(2.75,3.1E-16,8.));
#7664 = DIRECTION('',(-0.,-1.,-0.));
#7665 = DIRECTION('',(0.,0.,-1.));
#7666 = ADVANCED_FACE('',(#7667),#7673,.T.);
#7667 = FACE_BOUND('',#7668,.T.);
#7668 = EDGE_LOOP('',(#7669,#7670,#7671,#7672));
#7669 = ORIENTED_EDGE('',*,*,#7638,.F.);
#7670 = ORIENTED_EDGE('',*,*,#2934,.F.);
#7671 = ORIENTED_EDGE('',*,*,#7653,.F.);
#7672 = ORIENTED_EDGE('',*,*,#3153,.F.);
#7673 = PLANE('',#7674);
#7674 = AXIS2_PLACEMENT_3D('',#7675,#7676,#7677);
#7675 = CARTESIAN_POINT('',(2.75,4.309080913663E-02,6.452479362488));
#7676 = DIRECTION('',(-0.,-0.99691733367,-7.845909652897E-02));
#7677 = DIRECTION('',(0.,7.845909652897E-02,-0.99691733367));
#7678 = ADVANCED_FACE('',(#7679),#7690,.F.);
#7679 = FACE_BOUND('',#7680,.F.);
#7680 = EDGE_LOOP('',(#7681,#7682,#7688,#7689));
#7681 = ORIENTED_EDGE('',*,*,#3272,.F.);
#7682 = ORIENTED_EDGE('',*,*,#7683,.T.);
#7683 = EDGE_CURVE('',#3273,#3017,#7684,.T.);
#7684 = LINE('',#7685,#7686);
#7685 = CARTESIAN_POINT('',(1.5,4.749999730163,7.999999879655));
#7686 = VECTOR('',#7687,1.);
#7687 = DIRECTION('',(1.,0.,0.));
#7688 = ORIENTED_EDGE('',*,*,#3016,.T.);
#7689 = ORIENTED_EDGE('',*,*,#7683,.F.);
#7690 = CYLINDRICAL_SURFACE('',#7691,3.75);
#7691 = AXIS2_PLACEMENT_3D('',#7692,#7693,#7694);
#7692 = CARTESIAN_POINT('',(1.5,8.499999730163,7.999999879655));
#7693 = DIRECTION('',(-1.,0.,0.));
#7694 = DIRECTION('',(0.,-1.,0.));
#7695 = ADVANCED_FACE('',(#7696),#7740,.T.);
#7696 = FACE_BOUND('',#7697,.T.);
#7697 = EDGE_LOOP('',(#7698,#7699,#7700,#7701,#7702,#7703,#7704,#7705,
    #7706,#7707,#7708,#7709,#7710,#7711,#7712,#7713,#7714,#7715,#7716,
    #7717,#7718,#7719,#7720,#7721,#7722,#7723,#7724,#7725,#7726,#7727,
    #7728,#7729,#7730,#7731,#7732,#7733,#7734,#7735,#7736,#7737,#7738,
    #7739));
#7698 = ORIENTED_EDGE('',*,*,#3073,.F.);
#7699 = ORIENTED_EDGE('',*,*,#4250,.F.);
#7700 = ORIENTED_EDGE('',*,*,#4226,.F.);
#7701 = ORIENTED_EDGE('',*,*,#4202,.F.);
#7702 = ORIENTED_EDGE('',*,*,#4178,.F.);
#7703 = ORIENTED_EDGE('',*,*,#4154,.F.);
#7704 = ORIENTED_EDGE('',*,*,#4130,.F.);
#7705 = ORIENTED_EDGE('',*,*,#4106,.F.);
#7706 = ORIENTED_EDGE('',*,*,#4082,.F.);
#7707 = ORIENTED_EDGE('',*,*,#4058,.F.);
#7708 = ORIENTED_EDGE('',*,*,#4035,.F.);
#7709 = ORIENTED_EDGE('',*,*,#4010,.F.);
#7710 = ORIENTED_EDGE('',*,*,#3986,.F.);
#7711 = ORIENTED_EDGE('',*,*,#3962,.F.);
#7712 = ORIENTED_EDGE('',*,*,#3938,.F.);
#7713 = ORIENTED_EDGE('',*,*,#3914,.F.);
#7714 = ORIENTED_EDGE('',*,*,#3890,.F.);
#7715 = ORIENTED_EDGE('',*,*,#3866,.F.);
#7716 = ORIENTED_EDGE('',*,*,#3842,.F.);
#7717 = ORIENTED_EDGE('',*,*,#3818,.F.);
#7718 = ORIENTED_EDGE('',*,*,#3794,.F.);
#7719 = ORIENTED_EDGE('',*,*,#3771,.F.);
#7720 = ORIENTED_EDGE('',*,*,#3755,.F.);
#7721 = ORIENTED_EDGE('',*,*,#3731,.F.);
#7722 = ORIENTED_EDGE('',*,*,#3707,.F.);
#7723 = ORIENTED_EDGE('',*,*,#3683,.F.);
#7724 = ORIENTED_EDGE('',*,*,#3659,.F.);
#7725 = ORIENTED_EDGE('',*,*,#3635,.F.);
#7726 = ORIENTED_EDGE('',*,*,#3611,.F.);
#7727 = ORIENTED_EDGE('',*,*,#3587,.F.);
#7728 = ORIENTED_EDGE('',*,*,#3563,.F.);
#7729 = ORIENTED_EDGE('',*,*,#3539,.F.);
#7730 = ORIENTED_EDGE('',*,*,#3505,.F.);
#7731 = ORIENTED_EDGE('',*,*,#3491,.F.);
#7732 = ORIENTED_EDGE('',*,*,#3467,.F.);
#7733 = ORIENTED_EDGE('',*,*,#3443,.F.);
#7734 = ORIENTED_EDGE('',*,*,#3419,.F.);
#7735 = ORIENTED_EDGE('',*,*,#3395,.F.);
#7736 = ORIENTED_EDGE('',*,*,#3371,.F.);
#7737 = ORIENTED_EDGE('',*,*,#3347,.F.);
#7738 = ORIENTED_EDGE('',*,*,#3323,.F.);
#7739 = ORIENTED_EDGE('',*,*,#3299,.F.);
#7740 = PLANE('',#7741);
#7741 = AXIS2_PLACEMENT_3D('',#7742,#7743,#7744);
#7742 = CARTESIAN_POINT('',(1.5,24.5,4.749999879655));
#7743 = DIRECTION('',(0.,0.,1.));
#7744 = DIRECTION('',(0.,-1.,0.));
#7745 = ADVANCED_FACE('',(#7746),#7790,.T.);
#7746 = FACE_BOUND('',#7747,.T.);
#7747 = EDGE_LOOP('',(#7748,#7749,#7750,#7751,#7752,#7753,#7754,#7755,
    #7756,#7757,#7758,#7759,#7760,#7761,#7762,#7763,#7764,#7765,#7766,
    #7767,#7768,#7769,#7770,#7771,#7772,#7773,#7774,#7775,#7776,#7777,
    #7778,#7779,#7780,#7781,#7782,#7783,#7784,#7785,#7786,#7787,#7788,
    #7789));
#7748 = ORIENTED_EDGE('',*,*,#3256,.F.);
#7749 = ORIENTED_EDGE('',*,*,#6885,.F.);
#7750 = ORIENTED_EDGE('',*,*,#6861,.F.);
#7751 = ORIENTED_EDGE('',*,*,#6837,.F.);
#7752 = ORIENTED_EDGE('',*,*,#6813,.F.);
#7753 = ORIENTED_EDGE('',*,*,#6789,.F.);
#7754 = ORIENTED_EDGE('',*,*,#6765,.F.);
#7755 = ORIENTED_EDGE('',*,*,#6741,.F.);
#7756 = ORIENTED_EDGE('',*,*,#6717,.F.);
#7757 = ORIENTED_EDGE('',*,*,#6693,.F.);
#7758 = ORIENTED_EDGE('',*,*,#6670,.F.);
#7759 = ORIENTED_EDGE('',*,*,#6645,.F.);
#7760 = ORIENTED_EDGE('',*,*,#6621,.F.);
#7761 = ORIENTED_EDGE('',*,*,#6597,.F.);
#7762 = ORIENTED_EDGE('',*,*,#6573,.F.);
#7763 = ORIENTED_EDGE('',*,*,#6549,.F.);
#7764 = ORIENTED_EDGE('',*,*,#6525,.F.);
#7765 = ORIENTED_EDGE('',*,*,#6501,.F.);
#7766 = ORIENTED_EDGE('',*,*,#6477,.F.);
#7767 = ORIENTED_EDGE('',*,*,#6453,.F.);
#7768 = ORIENTED_EDGE('',*,*,#6429,.F.);
#7769 = ORIENTED_EDGE('',*,*,#6404,.F.);
#7770 = ORIENTED_EDGE('',*,*,#6390,.F.);
#7771 = ORIENTED_EDGE('',*,*,#6366,.F.);
#7772 = ORIENTED_EDGE('',*,*,#6342,.F.);
#7773 = ORIENTED_EDGE('',*,*,#6318,.F.);
#7774 = ORIENTED_EDGE('',*,*,#6294,.F.);
#7775 = ORIENTED_EDGE('',*,*,#6270,.F.);
#7776 = ORIENTED_EDGE('',*,*,#6246,.F.);
#7777 = ORIENTED_EDGE('',*,*,#6222,.F.);
#7778 = ORIENTED_EDGE('',*,*,#6198,.F.);
#7779 = ORIENTED_EDGE('',*,*,#6174,.F.);
#7780 = ORIENTED_EDGE('',*,*,#6140,.F.);
#7781 = ORIENTED_EDGE('',*,*,#6126,.F.);
#7782 = ORIENTED_EDGE('',*,*,#6102,.F.);
#7783 = ORIENTED_EDGE('',*,*,#6078,.F.);
#7784 = ORIENTED_EDGE('',*,*,#6054,.F.);
#7785 = ORIENTED_EDGE('',*,*,#6030,.F.);
#7786 = ORIENTED_EDGE('',*,*,#6006,.F.);
#7787 = ORIENTED_EDGE('',*,*,#5982,.F.);
#7788 = ORIENTED_EDGE('',*,*,#5958,.F.);
#7789 = ORIENTED_EDGE('',*,*,#5934,.F.);
#7790 = PLANE('',#7791);
#7791 = AXIS2_PLACEMENT_3D('',#7792,#7793,#7794);
#7792 = CARTESIAN_POINT('',(1.5,14.,11.249999879655));
#7793 = DIRECTION('',(0.,0.,-1.));
#7794 = DIRECTION('',(0.,1.,0.));
#7795 = ADVANCED_FACE('',(#7796),#7807,.T.);
#7796 = FACE_BOUND('',#7797,.T.);
#7797 = EDGE_LOOP('',(#7798,#7799,#7800,#7806));
#7798 = ORIENTED_EDGE('',*,*,#6960,.F.);
#7799 = ORIENTED_EDGE('',*,*,#5250,.F.);
#7800 = ORIENTED_EDGE('',*,*,#7801,.T.);
#7801 = EDGE_CURVE('',#5243,#4617,#7802,.T.);
#7802 = LINE('',#7803,#7804);
#7803 = CARTESIAN_POINT('',(40.5,4.836881160736,15.657395362854));
#7804 = VECTOR('',#7805,1.);
#7805 = DIRECTION('',(1.,0.,0.));
#7806 = ORIENTED_EDGE('',*,*,#4616,.F.);
#7807 = PLANE('',#7808);
#7808 = AXIS2_PLACEMENT_3D('',#7809,#7810,#7811);
#7809 = CARTESIAN_POINT('',(41.75,5.370919942856,15.785606861115));
#7810 = DIRECTION('',(0.,-0.233445587914,0.972369866606));
#7811 = DIRECTION('',(0.,0.972369866606,0.233445587914));
#7812 = ADVANCED_FACE('',(#7813),#7824,.T.);
#7813 = FACE_BOUND('',#7814,.T.);
#7814 = EDGE_LOOP('',(#7815,#7816,#7817,#7823));
#7815 = ORIENTED_EDGE('',*,*,#7801,.F.);
#7816 = ORIENTED_EDGE('',*,*,#5242,.F.);
#7817 = ORIENTED_EDGE('',*,*,#7818,.T.);
#7818 = EDGE_CURVE('',#5235,#4625,#7819,.T.);
#7819 = LINE('',#7820,#7821);
#7820 = CARTESIAN_POINT('',(40.5,3.822066545486,15.237045288086));
#7821 = VECTOR('',#7822,1.);
#7822 = DIRECTION('',(1.,0.,0.));
#7823 = ORIENTED_EDGE('',*,*,#4624,.F.);
#7824 = PLANE('',#7825);
#7825 = AXIS2_PLACEMENT_3D('',#7826,#7827,#7828);
#7826 = CARTESIAN_POINT('',(41.75,4.329473853111,15.44722032547));
#7827 = DIRECTION('',(0.,-0.382683508391,0.92387950102));
#7828 = DIRECTION('',(0.,0.92387950102,0.382683508391));
#7829 = ADVANCED_FACE('',(#7830),#7841,.T.);
#7830 = FACE_BOUND('',#7831,.T.);
#7831 = EDGE_LOOP('',(#7832,#7833,#7834,#7840));
#7832 = ORIENTED_EDGE('',*,*,#7818,.F.);
#7833 = ORIENTED_EDGE('',*,*,#5234,.F.);
#7834 = ORIENTED_EDGE('',*,*,#7835,.T.);
#7835 = EDGE_CURVE('',#5227,#4633,#7836,.T.);
#7836 = LINE('',#7837,#7838);
#7837 = CARTESIAN_POINT('',(40.5,2.885503292084,14.663119316101));
#7838 = VECTOR('',#7839,1.);
#7839 = DIRECTION('',(1.,0.,0.));
#7840 = ORIENTED_EDGE('',*,*,#4632,.F.);
#7841 = PLANE('',#7842);
#7842 = AXIS2_PLACEMENT_3D('',#7843,#7844,#7845);
#7843 = CARTESIAN_POINT('',(41.75,3.353784918785,14.950082302094));
#7844 = DIRECTION('',(0.,-0.522498082992,0.852640459555));
#7845 = DIRECTION('',(0.,0.852640459555,0.522498082992));
#7846 = ADVANCED_FACE('',(#7847),#7858,.T.);
#7847 = FACE_BOUND('',#7848,.T.);
#7848 = EDGE_LOOP('',(#7849,#7850,#7851,#7857));
#7849 = ORIENTED_EDGE('',*,*,#7835,.F.);
#7850 = ORIENTED_EDGE('',*,*,#5226,.F.);
#7851 = ORIENTED_EDGE('',*,*,#7852,.T.);
#7852 = EDGE_CURVE('',#5219,#4641,#7853,.T.);
#7853 = LINE('',#7854,#7855);
#7854 = CARTESIAN_POINT('',(40.5,2.05025267601,13.949747085571));
#7855 = VECTOR('',#7856,1.);
#7856 = DIRECTION('',(1.,0.,0.));
#7857 = ORIENTED_EDGE('',*,*,#4640,.F.);
#7858 = PLANE('',#7859);
#7859 = AXIS2_PLACEMENT_3D('',#7860,#7861,#7862);
#7860 = CARTESIAN_POINT('',(41.75,2.467877984047,14.306433200836));
#7861 = DIRECTION('',(0.,-0.649448475676,0.760405600612));
#7862 = DIRECTION('',(0.,0.760405600612,0.649448475676));
#7863 = ADVANCED_FACE('',(#7864),#7875,.T.);
#7864 = FACE_BOUND('',#7865,.T.);
#7865 = EDGE_LOOP('',(#7866,#7867,#7868,#7874));
#7866 = ORIENTED_EDGE('',*,*,#7852,.F.);
#7867 = ORIENTED_EDGE('',*,*,#5218,.F.);
#7868 = ORIENTED_EDGE('',*,*,#7869,.T.);
#7869 = EDGE_CURVE('',#5211,#4649,#7870,.T.);
#7870 = LINE('',#7871,#7872);
#7871 = CARTESIAN_POINT('',(40.5,1.336881041527,13.114497184753));
#7872 = VECTOR('',#7873,1.);
#7873 = DIRECTION('',(1.,0.,0.));
#7874 = ORIENTED_EDGE('',*,*,#4648,.F.);
#7875 = PLANE('',#7876);
#7876 = AXIS2_PLACEMENT_3D('',#7877,#7878,#7879);
#7877 = CARTESIAN_POINT('',(41.75,1.693566858768,13.532122135162));
#7878 = DIRECTION('',(0.,-0.76040559394,0.649448483488));
#7879 = DIRECTION('',(0.,-0.649448483488,-0.76040559394));
#7880 = ADVANCED_FACE('',(#7881),#7892,.T.);
#7881 = FACE_BOUND('',#7882,.T.);
#7882 = EDGE_LOOP('',(#7883,#7884,#7885,#7891));
#7883 = ORIENTED_EDGE('',*,*,#7869,.F.);
#7884 = ORIENTED_EDGE('',*,*,#5210,.F.);
#7885 = ORIENTED_EDGE('',*,*,#7886,.T.);
#7886 = EDGE_CURVE('',#5203,#4657,#7887,.T.);
#7887 = LINE('',#7888,#7889);
#7888 = CARTESIAN_POINT('',(40.5,0.762954354286,12.177933692932));
#7889 = VECTOR('',#7890,1.);
#7890 = DIRECTION('',(1.,0.,0.));
#7891 = ORIENTED_EDGE('',*,*,#4656,.F.);
#7892 = PLANE('',#7893);
#7893 = AXIS2_PLACEMENT_3D('',#7894,#7895,#7896);
#7894 = CARTESIAN_POINT('',(41.75,1.049917697906,12.646215438843));
#7895 = DIRECTION('',(0.,-0.852640228716,0.522498459686));
#7896 = DIRECTION('',(0.,-0.522498459686,-0.852640228716));
#7897 = ADVANCED_FACE('',(#7898),#7909,.T.);
#7898 = FACE_BOUND('',#7899,.T.);
#7899 = EDGE_LOOP('',(#7900,#7901,#7902,#7908));
#7900 = ORIENTED_EDGE('',*,*,#7886,.F.);
#7901 = ORIENTED_EDGE('',*,*,#5202,.F.);
#7902 = ORIENTED_EDGE('',*,*,#7903,.T.);
#7903 = EDGE_CURVE('',#5195,#4665,#7904,.T.);
#7904 = LINE('',#7905,#7906);
#7905 = CARTESIAN_POINT('',(40.5,0.342604398727,11.163119316101));
#7906 = VECTOR('',#7907,1.);
#7907 = DIRECTION('',(1.,0.,0.));
#7908 = ORIENTED_EDGE('',*,*,#4664,.F.);
#7909 = PLANE('',#7910);
#7910 = AXIS2_PLACEMENT_3D('',#7911,#7912,#7913);
#7911 = CARTESIAN_POINT('',(41.75,0.552779376507,11.670526504517));
#7912 = DIRECTION('',(0.,-0.923879507603,0.382683492498));
#7913 = DIRECTION('',(0.,-0.382683492498,-0.923879507603));
#7914 = ADVANCED_FACE('',(#7915),#7926,.T.);
#7915 = FACE_BOUND('',#7916,.T.);
#7916 = EDGE_LOOP('',(#7917,#7918,#7919,#7925));
#7917 = ORIENTED_EDGE('',*,*,#7903,.F.);
#7918 = ORIENTED_EDGE('',*,*,#5194,.F.);
#7919 = ORIENTED_EDGE('',*,*,#7920,.T.);
#7920 = EDGE_CURVE('',#5187,#4673,#7921,.T.);
#7921 = LINE('',#7922,#7923);
#7922 = CARTESIAN_POINT('',(40.5,8.618161827326E-02,10.095041275024));
#7923 = VECTOR('',#7924,1.);
#7924 = DIRECTION('',(1.,0.,0.));
#7925 = ORIENTED_EDGE('',*,*,#4672,.F.);
#7926 = PLANE('',#7927);
#7927 = AXIS2_PLACEMENT_3D('',#7928,#7929,#7930);
#7928 = CARTESIAN_POINT('',(41.75,0.2143930085,10.629080295563));
#7929 = DIRECTION('',(0.,-0.972369934915,0.233445303388));
#7930 = DIRECTION('',(0.,-0.233445303388,-0.972369934915));
#7931 = ADVANCED_FACE('',(#7932),#7943,.T.);
#7932 = FACE_BOUND('',#7933,.T.);
#7933 = EDGE_LOOP('',(#7934,#7935,#7936,#7942));
#7934 = ORIENTED_EDGE('',*,*,#7920,.F.);
#7935 = ORIENTED_EDGE('',*,*,#5186,.F.);
#7936 = ORIENTED_EDGE('',*,*,#7937,.F.);
#7937 = EDGE_CURVE('',#4681,#5179,#7938,.T.);
#7938 = LINE('',#7939,#7940);
#7939 = CARTESIAN_POINT('',(43.,3.1E-16,9.));
#7940 = VECTOR('',#7941,1.);
#7941 = DIRECTION('',(-1.,-1.2E-16,0.));
#7942 = ORIENTED_EDGE('',*,*,#4680,.F.);
#7943 = PLANE('',#7944);
#7944 = AXIS2_PLACEMENT_3D('',#7945,#7946,#7947);
#7945 = CARTESIAN_POINT('',(41.75,4.309080913663E-02,9.547520637512));
#7946 = DIRECTION('',(1.7E-16,-0.99691733367,7.845909652897E-02));
#7947 = DIRECTION('',(4.415248125612E-34,-7.845909652897E-02,
    -0.99691733367));
#7948 = ADVANCED_FACE('',(#7949),#7960,.T.);
#7949 = FACE_BOUND('',#7950,.T.);
#7950 = EDGE_LOOP('',(#7951,#7957,#7958,#7959));
#7951 = ORIENTED_EDGE('',*,*,#7952,.T.);
#7952 = EDGE_CURVE('',#5171,#4689,#7953,.T.);
#7953 = LINE('',#7954,#7955);
#7954 = CARTESIAN_POINT('',(40.5,0.,7.));
#7955 = VECTOR('',#7956,1.);
#7956 = DIRECTION('',(1.,1.2E-16,0.));
#7957 = ORIENTED_EDGE('',*,*,#4688,.T.);
#7958 = ORIENTED_EDGE('',*,*,#7937,.T.);
#7959 = ORIENTED_EDGE('',*,*,#5178,.T.);
#7960 = PLANE('',#7961);
#7961 = AXIS2_PLACEMENT_3D('',#7962,#7963,#7964);
#7962 = CARTESIAN_POINT('',(41.75,1.5E-16,8.));
#7963 = DIRECTION('',(-0.,-1.,-0.));
#7964 = DIRECTION('',(0.,0.,-1.));
#7965 = ADVANCED_FACE('',(#7966),#7977,.T.);
#7966 = FACE_BOUND('',#7967,.T.);
#7967 = EDGE_LOOP('',(#7968,#7974,#7975,#7976));
#7968 = ORIENTED_EDGE('',*,*,#7969,.F.);
#7969 = EDGE_CURVE('',#4697,#5163,#7970,.T.);
#7970 = LINE('',#7971,#7972);
#7971 = CARTESIAN_POINT('',(43.,8.618161827326E-02,5.904958724976));
#7972 = VECTOR('',#7973,1.);
#7973 = DIRECTION('',(-1.,0.,0.));
#7974 = ORIENTED_EDGE('',*,*,#4696,.F.);
#7975 = ORIENTED_EDGE('',*,*,#7952,.F.);
#7976 = ORIENTED_EDGE('',*,*,#5170,.F.);
#7977 = PLANE('',#7978);
#7978 = AXIS2_PLACEMENT_3D('',#7979,#7980,#7981);
#7979 = CARTESIAN_POINT('',(41.75,4.309080913663E-02,6.452479362488));
#7980 = DIRECTION('',(-0.,-0.99691733367,-7.845909652897E-02));
#7981 = DIRECTION('',(0.,7.845909652897E-02,-0.99691733367));
#7982 = ADVANCED_FACE('',(#7983),#7994,.T.);
#7983 = FACE_BOUND('',#7984,.T.);
#7984 = EDGE_LOOP('',(#7985,#7991,#7992,#7993));
#7985 = ORIENTED_EDGE('',*,*,#7986,.F.);
#7986 = EDGE_CURVE('',#4705,#5155,#7987,.T.);
#7987 = LINE('',#7988,#7989);
#7988 = CARTESIAN_POINT('',(43.,0.342604398727,4.836881160736));
#7989 = VECTOR('',#7990,1.);
#7990 = DIRECTION('',(-1.,0.,0.));
#7991 = ORIENTED_EDGE('',*,*,#4704,.F.);
#7992 = ORIENTED_EDGE('',*,*,#7969,.T.);
#7993 = ORIENTED_EDGE('',*,*,#5162,.F.);
#7994 = PLANE('',#7995);
#7995 = AXIS2_PLACEMENT_3D('',#7996,#7997,#7998);
#7996 = CARTESIAN_POINT('',(41.75,0.2143930085,5.370919942856));
#7997 = DIRECTION('',(-0.,-0.972369911257,-0.233445401928));
#7998 = DIRECTION('',(0.,0.233445401928,-0.972369911257));
#7999 = ADVANCED_FACE('',(#8000),#8011,.T.);
#8000 = FACE_BOUND('',#8001,.T.);
#8001 = EDGE_LOOP('',(#8002,#8008,#8009,#8010));
#8002 = ORIENTED_EDGE('',*,*,#8003,.F.);
#8003 = EDGE_CURVE('',#4713,#5147,#8004,.T.);
#8004 = LINE('',#8005,#8006);
#8005 = CARTESIAN_POINT('',(43.,0.762954354286,3.822066545486));
#8006 = VECTOR('',#8007,1.);
#8007 = DIRECTION('',(-1.,0.,0.));
#8008 = ORIENTED_EDGE('',*,*,#4712,.F.);
#8009 = ORIENTED_EDGE('',*,*,#7986,.T.);
#8010 = ORIENTED_EDGE('',*,*,#5154,.F.);
#8011 = PLANE('',#8012);
#8012 = AXIS2_PLACEMENT_3D('',#8013,#8014,#8015);
#8013 = CARTESIAN_POINT('',(41.75,0.552779376507,4.329473853111));
#8014 = DIRECTION('',(-0.,-0.92387953939,-0.382683415758));
#8015 = DIRECTION('',(0.,0.382683415758,-0.92387953939));
#8016 = ADVANCED_FACE('',(#8017),#8028,.T.);
#8017 = FACE_BOUND('',#8018,.T.);
#8018 = EDGE_LOOP('',(#8019,#8025,#8026,#8027));
#8019 = ORIENTED_EDGE('',*,*,#8020,.F.);
#8020 = EDGE_CURVE('',#4721,#5139,#8021,.T.);
#8021 = LINE('',#8022,#8023);
#8022 = CARTESIAN_POINT('',(43.,1.336881041527,2.885503292084));
#8023 = VECTOR('',#8024,1.);
#8024 = DIRECTION('',(-1.,0.,0.));
#8025 = ORIENTED_EDGE('',*,*,#4720,.F.);
#8026 = ORIENTED_EDGE('',*,*,#8003,.T.);
#8027 = ORIENTED_EDGE('',*,*,#5146,.F.);
#8028 = PLANE('',#8029);
#8029 = AXIS2_PLACEMENT_3D('',#8030,#8031,#8032);
#8030 = CARTESIAN_POINT('',(41.75,1.049917697906,3.353784918785));
#8031 = DIRECTION('',(-0.,-0.852640169459,-0.522498556385));
#8032 = DIRECTION('',(0.,0.522498556385,-0.852640169459));
#8033 = ADVANCED_FACE('',(#8034),#8045,.T.);
#8034 = FACE_BOUND('',#8035,.T.);
#8035 = EDGE_LOOP('',(#8036,#8042,#8043,#8044));
#8036 = ORIENTED_EDGE('',*,*,#8037,.F.);
#8037 = EDGE_CURVE('',#4729,#5131,#8038,.T.);
#8038 = LINE('',#8039,#8040);
#8039 = CARTESIAN_POINT('',(43.,2.05025267601,2.05025267601));
#8040 = VECTOR('',#8041,1.);
#8041 = DIRECTION('',(-1.,0.,0.));
#8042 = ORIENTED_EDGE('',*,*,#4728,.F.);
#8043 = ORIENTED_EDGE('',*,*,#8020,.T.);
#8044 = ORIENTED_EDGE('',*,*,#5138,.F.);
#8045 = PLANE('',#8046);
#8046 = AXIS2_PLACEMENT_3D('',#8047,#8048,#8049);
#8047 = CARTESIAN_POINT('',(41.75,1.693566858768,2.467877984047));
#8048 = DIRECTION('',(-0.,-0.76040586859,-0.649448161914));
#8049 = DIRECTION('',(0.,0.649448161914,-0.76040586859));
#8050 = ADVANCED_FACE('',(#8051),#8062,.T.);
#8051 = FACE_BOUND('',#8052,.T.);
#8052 = EDGE_LOOP('',(#8053,#8059,#8060,#8061));
#8053 = ORIENTED_EDGE('',*,*,#8054,.F.);
#8054 = EDGE_CURVE('',#4737,#5123,#8055,.T.);
#8055 = LINE('',#8056,#8057);
#8056 = CARTESIAN_POINT('',(43.,2.885503292084,1.336881041527));
#8057 = VECTOR('',#8058,1.);
#8058 = DIRECTION('',(-1.,0.,0.));
#8059 = ORIENTED_EDGE('',*,*,#4736,.F.);
#8060 = ORIENTED_EDGE('',*,*,#8037,.T.);
#8061 = ORIENTED_EDGE('',*,*,#5130,.F.);
#8062 = PLANE('',#8063);
#8063 = AXIS2_PLACEMENT_3D('',#8064,#8065,#8066);
#8064 = CARTESIAN_POINT('',(41.75,2.467877984047,1.693566858768));
#8065 = DIRECTION('',(-0.,-0.649448161914,-0.76040586859));
#8066 = DIRECTION('',(0.,-0.76040586859,0.649448161914));
#8067 = ADVANCED_FACE('',(#8068),#8079,.T.);
#8068 = FACE_BOUND('',#8069,.T.);
#8069 = EDGE_LOOP('',(#8070,#8076,#8077,#8078));
#8070 = ORIENTED_EDGE('',*,*,#8071,.F.);
#8071 = EDGE_CURVE('',#4745,#5115,#8072,.T.);
#8072 = LINE('',#8073,#8074);
#8073 = CARTESIAN_POINT('',(43.,3.822066545486,0.762954354286));
#8074 = VECTOR('',#8075,1.);
#8075 = DIRECTION('',(-1.,0.,0.));
#8076 = ORIENTED_EDGE('',*,*,#4744,.F.);
#8077 = ORIENTED_EDGE('',*,*,#8054,.T.);
#8078 = ORIENTED_EDGE('',*,*,#5122,.F.);
#8079 = PLANE('',#8080);
#8080 = AXIS2_PLACEMENT_3D('',#8081,#8082,#8083);
#8081 = CARTESIAN_POINT('',(41.75,3.353784918785,1.049917697906));
#8082 = DIRECTION('',(-0.,-0.522498556385,-0.852640169459));
#8083 = DIRECTION('',(0.,-0.852640169459,0.522498556385));
#8084 = ADVANCED_FACE('',(#8085),#8096,.T.);
#8085 = FACE_BOUND('',#8086,.T.);
#8086 = EDGE_LOOP('',(#8087,#8093,#8094,#8095));
#8087 = ORIENTED_EDGE('',*,*,#8088,.F.);
#8088 = EDGE_CURVE('',#4753,#5107,#8089,.T.);
#8089 = LINE('',#8090,#8091);
#8090 = CARTESIAN_POINT('',(43.,4.836881160736,0.342604398727));
#8091 = VECTOR('',#8092,1.);
#8092 = DIRECTION('',(-1.,0.,0.));
#8093 = ORIENTED_EDGE('',*,*,#4752,.F.);
#8094 = ORIENTED_EDGE('',*,*,#8071,.T.);
#8095 = ORIENTED_EDGE('',*,*,#5114,.F.);
#8096 = PLANE('',#8097);
#8097 = AXIS2_PLACEMENT_3D('',#8098,#8099,#8100);
#8098 = CARTESIAN_POINT('',(41.75,4.329473853111,0.552779376507));
#8099 = DIRECTION('',(-0.,-0.382683415758,-0.92387953939));
#8100 = DIRECTION('',(0.,-0.92387953939,0.382683415758));
#8101 = ADVANCED_FACE('',(#8102),#8108,.T.);
#8102 = FACE_BOUND('',#8103,.T.);
#8103 = EDGE_LOOP('',(#8104,#8105,#8106,#8107));
#8104 = ORIENTED_EDGE('',*,*,#5083,.F.);
#8105 = ORIENTED_EDGE('',*,*,#4760,.F.);
#8106 = ORIENTED_EDGE('',*,*,#8088,.T.);
#8107 = ORIENTED_EDGE('',*,*,#5106,.F.);
#8108 = PLANE('',#8109);
#8109 = AXIS2_PLACEMENT_3D('',#8110,#8111,#8112);
#8110 = CARTESIAN_POINT('',(41.75,5.370919942856,0.2143930085));
#8111 = DIRECTION('',(-0.,-0.233445401928,-0.972369911257));
#8112 = DIRECTION('',(0.,-0.972369911257,0.233445401928));
#8113 = ADVANCED_FACE('',(#8114),#8130,.T.);
#8114 = FACE_BOUND('',#8115,.T.);
#8115 = EDGE_LOOP('',(#8116,#8122,#8123,#8129));
#8116 = ORIENTED_EDGE('',*,*,#8117,.F.);
#8117 = EDGE_CURVE('',#5349,#4778,#8118,.T.);
#8118 = LINE('',#8119,#8120);
#8119 = CARTESIAN_POINT('',(40.5,13.632164955139,6.893933773041));
#8120 = VECTOR('',#8121,1.);
#8121 = DIRECTION('',(1.,0.,0.));
#8122 = ORIENTED_EDGE('',*,*,#5348,.F.);
#8123 = ORIENTED_EDGE('',*,*,#8124,.T.);
#8124 = EDGE_CURVE('',#5341,#4780,#8125,.T.);
#8125 = LINE('',#8126,#8127);
#8126 = CARTESIAN_POINT('',(40.5,13.371417045593,6.042503356934));
#8127 = VECTOR('',#8128,1.);
#8128 = DIRECTION('',(1.,0.,0.));
#8129 = ORIENTED_EDGE('',*,*,#4777,.F.);
#8130 = PLANE('',#8131);
#8131 = AXIS2_PLACEMENT_3D('',#8132,#8133,#8134);
#8132 = CARTESIAN_POINT('',(41.75,13.501791000366,6.468218564987));
#8133 = DIRECTION('',(0.,-0.956166648166,0.292823053969));
#8134 = DIRECTION('',(0.,-0.292823053969,-0.956166648166));
#8135 = ADVANCED_FACE('',(#8136),#8147,.T.);
#8136 = FACE_BOUND('',#8137,.T.);
#8137 = EDGE_LOOP('',(#8138,#8139,#8140,#8146));
#8138 = ORIENTED_EDGE('',*,*,#8124,.F.);
#8139 = ORIENTED_EDGE('',*,*,#5340,.F.);
#8140 = ORIENTED_EDGE('',*,*,#8141,.T.);
#8141 = EDGE_CURVE('',#5333,#4788,#8142,.T.);
#8142 = LINE('',#8143,#8144);
#8143 = CARTESIAN_POINT('',(40.5,12.970527648926,5.247386455536));
#8144 = VECTOR('',#8145,1.);
#8145 = DIRECTION('',(1.,0.,0.));
#8146 = ORIENTED_EDGE('',*,*,#4787,.F.);
#8147 = PLANE('',#8148);
#8148 = AXIS2_PLACEMENT_3D('',#8149,#8150,#8151);
#8149 = CARTESIAN_POINT('',(41.75,13.17097234726,5.644944906235));
#8150 = DIRECTION('',(0.,-0.892925907714,0.450203646512));
#8151 = DIRECTION('',(0.,-0.450203646512,-0.892925907714));
#8152 = ADVANCED_FACE('',(#8153),#8164,.T.);
#8153 = FACE_BOUND('',#8154,.T.);
#8154 = EDGE_LOOP('',(#8155,#8156,#8157,#8163));
#8155 = ORIENTED_EDGE('',*,*,#8141,.F.);
#8156 = ORIENTED_EDGE('',*,*,#5332,.F.);
#8157 = ORIENTED_EDGE('',*,*,#8158,.T.);
#8158 = EDGE_CURVE('',#5325,#4796,#8159,.T.);
#8159 = LINE('',#8160,#8161);
#8160 = CARTESIAN_POINT('',(40.5,12.441029548645,4.531457424164));
#8161 = VECTOR('',#8162,1.);
#8162 = DIRECTION('',(1.,0.,0.));
#8163 = ORIENTED_EDGE('',*,*,#4795,.F.);
#8164 = PLANE('',#8165);
#8165 = AXIS2_PLACEMENT_3D('',#8166,#8167,#8168);
#8166 = CARTESIAN_POINT('',(41.75,12.705778598785,4.88942193985));
#8167 = DIRECTION('',(0.,-0.803997264439,0.594632995027));
#8168 = DIRECTION('',(0.,-0.594632995027,-0.803997264439));
#8169 = ADVANCED_FACE('',(#8170),#8181,.T.);
#8170 = FACE_BOUND('',#8171,.T.);
#8171 = EDGE_LOOP('',(#8172,#8173,#8174,#8180));
#8172 = ORIENTED_EDGE('',*,*,#8158,.F.);
#8173 = ORIENTED_EDGE('',*,*,#5324,.F.);
#8174 = ORIENTED_EDGE('',*,*,#8175,.T.);
#8175 = EDGE_CURVE('',#5317,#4804,#8176,.T.);
#8176 = LINE('',#8177,#8178);
#8177 = CARTESIAN_POINT('',(40.5,11.798154830933,3.915312290192));
#8178 = VECTOR('',#8179,1.);
#8179 = DIRECTION('',(1.,0.,0.));
#8180 = ORIENTED_EDGE('',*,*,#4803,.F.);
#8181 = PLANE('',#8182);
#8182 = AXIS2_PLACEMENT_3D('',#8183,#8184,#8185);
#8183 = CARTESIAN_POINT('',(41.75,12.119592189789,4.223384857178));
#8184 = DIRECTION('',(0.,-0.691938649393,0.72195630441));
#8185 = DIRECTION('',(0.,0.72195630441,0.691938649393));
#8186 = ADVANCED_FACE('',(#8187),#8198,.T.);
#8187 = FACE_BOUND('',#8188,.T.);
#8188 = EDGE_LOOP('',(#8189,#8190,#8191,#8197));
#8189 = ORIENTED_EDGE('',*,*,#8175,.F.);
#8190 = ORIENTED_EDGE('',*,*,#5316,.F.);
#8191 = ORIENTED_EDGE('',*,*,#8192,.T.);
#8192 = EDGE_CURVE('',#5309,#4812,#8193,.T.);
#8193 = LINE('',#8194,#8195);
#8194 = CARTESIAN_POINT('',(40.5,11.060398101807,3.416675806046));
#8195 = VECTOR('',#8196,1.);
#8196 = DIRECTION('',(1.,0.,0.));
#8197 = ORIENTED_EDGE('',*,*,#4811,.F.);
#8198 = PLANE('',#8199);
#8199 = AXIS2_PLACEMENT_3D('',#8200,#8201,#8202);
#8200 = CARTESIAN_POINT('',(41.75,11.42927646637,3.665994048119));
#8201 = DIRECTION('',(0.,-0.559974760054,0.828509666873));
#8202 = DIRECTION('',(0.,0.828509666873,0.559974760054));
#8203 = ADVANCED_FACE('',(#8204),#8215,.T.);
#8204 = FACE_BOUND('',#8205,.T.);
#8205 = EDGE_LOOP('',(#8206,#8207,#8208,#8214));
#8206 = ORIENTED_EDGE('',*,*,#8192,.F.);
#8207 = ORIENTED_EDGE('',*,*,#5308,.F.);
#8208 = ORIENTED_EDGE('',*,*,#8209,.T.);
#8209 = EDGE_CURVE('',#5301,#4820,#8210,.T.);
#8210 = LINE('',#8211,#8212);
#8211 = CARTESIAN_POINT('',(40.5,10.248984336853,3.049893379211));
#8212 = VECTOR('',#8213,1.);
#8213 = DIRECTION('',(1.,0.,0.));
#8214 = ORIENTED_EDGE('',*,*,#4819,.F.);
#8215 = PLANE('',#8216);
#8216 = AXIS2_PLACEMENT_3D('',#8217,#8218,#8219);
#8217 = CARTESIAN_POINT('',(41.75,10.65469121933,3.233284592628));
#8218 = DIRECTION('',(0.,-0.411901508657,0.911228372674));
#8219 = DIRECTION('',(0.,0.911228372674,0.411901508657));
#8220 = ADVANCED_FACE('',(#8221),#8232,.T.);
#8221 = FACE_BOUND('',#8222,.T.);
#8222 = EDGE_LOOP('',(#8223,#8224,#8225,#8231));
#8223 = ORIENTED_EDGE('',*,*,#8209,.F.);
#8224 = ORIENTED_EDGE('',*,*,#5300,.F.);
#8225 = ORIENTED_EDGE('',*,*,#8226,.T.);
#8226 = EDGE_CURVE('',#5293,#4828,#8227,.T.);
#8227 = LINE('',#8228,#8229);
#8228 = CARTESIAN_POINT('',(40.5,9.387254714966,2.825516462326));
#8229 = VECTOR('',#8230,1.);
#8230 = DIRECTION('',(1.,0.,0.));
#8231 = ORIENTED_EDGE('',*,*,#4827,.F.);
#8232 = PLANE('',#8233);
#8233 = AXIS2_PLACEMENT_3D('',#8234,#8235,#8236);
#8234 = CARTESIAN_POINT('',(41.75,9.818119525909,2.937704920769));
#8235 = DIRECTION('',(0.,-0.251978034694,0.967732953883));
#8236 = DIRECTION('',(0.,0.967732953883,0.251978034694));
#8237 = ADVANCED_FACE('',(#8238),#8249,.T.);
#8238 = FACE_BOUND('',#8239,.T.);
#8239 = EDGE_LOOP('',(#8240,#8241,#8242,#8248));
#8240 = ORIENTED_EDGE('',*,*,#8226,.F.);
#8241 = ORIENTED_EDGE('',*,*,#5292,.F.);
#8242 = ORIENTED_EDGE('',*,*,#8243,.T.);
#8243 = EDGE_CURVE('',#5285,#4836,#8244,.T.);
#8244 = LINE('',#8245,#8246);
#8245 = CARTESIAN_POINT('',(40.5,8.5,2.75));
#8246 = VECTOR('',#8247,1.);
#8247 = DIRECTION('',(1.,0.,0.));
#8248 = ORIENTED_EDGE('',*,*,#4835,.F.);
#8249 = PLANE('',#8250);
#8250 = AXIS2_PLACEMENT_3D('',#8251,#8252,#8253);
#8251 = CARTESIAN_POINT('',(41.75,8.943627357483,2.787758231163));
#8252 = DIRECTION('',(0.,-8.480587642415E-02,0.996397492632));
#8253 = DIRECTION('',(0.,0.996397492632,8.480587642415E-02));
#8254 = ADVANCED_FACE('',(#8255),#8266,.T.);
#8255 = FACE_BOUND('',#8256,.T.);
#8256 = EDGE_LOOP('',(#8257,#8258,#8259,#8265));
#8257 = ORIENTED_EDGE('',*,*,#8243,.F.);
#8258 = ORIENTED_EDGE('',*,*,#5284,.F.);
#8259 = ORIENTED_EDGE('',*,*,#8260,.T.);
#8260 = EDGE_CURVE('',#5277,#4844,#8261,.T.);
#8261 = LINE('',#8262,#8263);
#8262 = CARTESIAN_POINT('',(40.5,7.612745761871,2.825516462326));
#8263 = VECTOR('',#8264,1.);
#8264 = DIRECTION('',(1.,0.,0.));
#8265 = ORIENTED_EDGE('',*,*,#4843,.F.);
#8266 = PLANE('',#8267);
#8267 = AXIS2_PLACEMENT_3D('',#8268,#8269,#8270);
#8268 = CARTESIAN_POINT('',(41.75,8.056372880936,2.787758231163));
#8269 = DIRECTION('',(0.,8.480592167359E-02,0.996397488781));
#8270 = DIRECTION('',(0.,0.996397488781,-8.480592167359E-02));
#8271 = ADVANCED_FACE('',(#8272),#8283,.T.);
#8272 = FACE_BOUND('',#8273,.T.);
#8273 = EDGE_LOOP('',(#8274,#8275,#8276,#8282));
#8274 = ORIENTED_EDGE('',*,*,#8260,.F.);
#8275 = ORIENTED_EDGE('',*,*,#5274,.F.);
#8276 = ORIENTED_EDGE('',*,*,#8277,.T.);
#8277 = EDGE_CURVE('',#5275,#4852,#8278,.T.);
#8278 = LINE('',#8279,#8280);
#8279 = CARTESIAN_POINT('',(40.5,6.751016139984,3.049893379211));
#8280 = VECTOR('',#8281,1.);
#8281 = DIRECTION('',(1.,0.,0.));
#8282 = ORIENTED_EDGE('',*,*,#4851,.F.);
#8283 = PLANE('',#8284);
#8284 = AXIS2_PLACEMENT_3D('',#8285,#8286,#8287);
#8285 = CARTESIAN_POINT('',(41.75,7.181880950928,2.937704920769));
#8286 = DIRECTION('',(0.,0.251978034694,0.967732953883));
#8287 = DIRECTION('',(0.,0.967732953883,-0.251978034694));
#8288 = ADVANCED_FACE('',(#8289),#8300,.T.);
#8289 = FACE_BOUND('',#8290,.T.);
#8290 = EDGE_LOOP('',(#8291,#8292,#8293,#8299));
#8291 = ORIENTED_EDGE('',*,*,#8277,.F.);
#8292 = ORIENTED_EDGE('',*,*,#5572,.F.);
#8293 = ORIENTED_EDGE('',*,*,#8294,.T.);
#8294 = EDGE_CURVE('',#5565,#4860,#8295,.T.);
#8295 = LINE('',#8296,#8297);
#8296 = CARTESIAN_POINT('',(40.5,5.939601421356,3.416675806046));
#8297 = VECTOR('',#8298,1.);
#8298 = DIRECTION('',(1.,0.,0.));
#8299 = ORIENTED_EDGE('',*,*,#4859,.F.);
#8300 = PLANE('',#8301);
#8301 = AXIS2_PLACEMENT_3D('',#8302,#8303,#8304);
#8302 = CARTESIAN_POINT('',(41.75,6.34530878067,3.233284592628));
#8303 = DIRECTION('',(0.,0.411901106676,0.911228554381));
#8304 = DIRECTION('',(0.,0.911228554381,-0.411901106676));
#8305 = ADVANCED_FACE('',(#8306),#8317,.T.);
#8306 = FACE_BOUND('',#8307,.T.);
#8307 = EDGE_LOOP('',(#8308,#8309,#8310,#8316));
#8308 = ORIENTED_EDGE('',*,*,#8294,.F.);
#8309 = ORIENTED_EDGE('',*,*,#5564,.F.);
#8310 = ORIENTED_EDGE('',*,*,#8311,.T.);
#8311 = EDGE_CURVE('',#5557,#4868,#8312,.T.);
#8312 = LINE('',#8313,#8314);
#8313 = CARTESIAN_POINT('',(40.5,5.201845169067,3.915312290192));
#8314 = VECTOR('',#8315,1.);
#8315 = DIRECTION('',(1.,0.,0.));
#8316 = ORIENTED_EDGE('',*,*,#4867,.F.);
#8317 = PLANE('',#8318);
#8318 = AXIS2_PLACEMENT_3D('',#8319,#8320,#8321);
#8319 = CARTESIAN_POINT('',(41.75,5.570723295212,3.665994048119));
#8320 = DIRECTION('',(0.,0.559975008494,0.828509498957));
#8321 = DIRECTION('',(0.,0.828509498957,-0.559975008494));
#8322 = ADVANCED_FACE('',(#8323),#8334,.T.);
#8323 = FACE_BOUND('',#8324,.T.);
#8324 = EDGE_LOOP('',(#8325,#8326,#8327,#8333));
#8325 = ORIENTED_EDGE('',*,*,#8311,.F.);
#8326 = ORIENTED_EDGE('',*,*,#5556,.F.);
#8327 = ORIENTED_EDGE('',*,*,#8328,.T.);
#8328 = EDGE_CURVE('',#5549,#4876,#8329,.T.);
#8329 = LINE('',#8330,#8331);
#8330 = CARTESIAN_POINT('',(40.5,4.558970451355,4.531457424164));
#8331 = VECTOR('',#8332,1.);
#8332 = DIRECTION('',(1.,0.,0.));
#8333 = ORIENTED_EDGE('',*,*,#4875,.F.);
#8334 = PLANE('',#8335);
#8335 = AXIS2_PLACEMENT_3D('',#8336,#8337,#8338);
#8336 = CARTESIAN_POINT('',(41.75,4.880407810211,4.223384857178));
#8337 = DIRECTION('',(0.,0.691938649393,0.72195630441));
#8338 = DIRECTION('',(0.,0.72195630441,-0.691938649393));
#8339 = ADVANCED_FACE('',(#8340),#8351,.T.);
#8340 = FACE_BOUND('',#8341,.T.);
#8341 = EDGE_LOOP('',(#8342,#8343,#8344,#8350));
#8342 = ORIENTED_EDGE('',*,*,#8328,.F.);
#8343 = ORIENTED_EDGE('',*,*,#5548,.F.);
#8344 = ORIENTED_EDGE('',*,*,#8345,.T.);
#8345 = EDGE_CURVE('',#5541,#4884,#8346,.T.);
#8346 = LINE('',#8347,#8348);
#8347 = CARTESIAN_POINT('',(40.5,4.029471874237,5.247386455536));
#8348 = VECTOR('',#8349,1.);
#8349 = DIRECTION('',(1.,0.,0.));
#8350 = ORIENTED_EDGE('',*,*,#4883,.F.);
#8351 = PLANE('',#8352);
#8352 = AXIS2_PLACEMENT_3D('',#8353,#8354,#8355);
#8353 = CARTESIAN_POINT('',(41.75,4.294221162796,4.88942193985));
#8354 = DIRECTION('',(0.,0.803997008428,0.594633341176));
#8355 = DIRECTION('',(0.,-0.594633341176,0.803997008428));
#8356 = ADVANCED_FACE('',(#8357),#8368,.T.);
#8357 = FACE_BOUND('',#8358,.T.);
#8358 = EDGE_LOOP('',(#8359,#8360,#8361,#8367));
#8359 = ORIENTED_EDGE('',*,*,#8345,.F.);
#8360 = ORIENTED_EDGE('',*,*,#5540,.F.);
#8361 = ORIENTED_EDGE('',*,*,#8362,.T.);
#8362 = EDGE_CURVE('',#5533,#4892,#8363,.T.);
#8363 = LINE('',#8364,#8365);
#8364 = CARTESIAN_POINT('',(40.5,3.628582715988,6.042503356934));
#8365 = VECTOR('',#8366,1.);
#8366 = DIRECTION('',(1.,0.,0.));
#8367 = ORIENTED_EDGE('',*,*,#4891,.F.);
#8368 = PLANE('',#8369);
#8369 = AXIS2_PLACEMENT_3D('',#8370,#8371,#8372);
#8370 = CARTESIAN_POINT('',(41.75,3.829027295113,5.644944906235));
#8371 = DIRECTION('',(0.,0.892926015348,0.450203433033));
#8372 = DIRECTION('',(0.,-0.450203433033,0.892926015348));
#8373 = ADVANCED_FACE('',(#8374),#8385,.T.);
#8374 = FACE_BOUND('',#8375,.T.);
#8375 = EDGE_LOOP('',(#8376,#8377,#8378,#8384));
#8376 = ORIENTED_EDGE('',*,*,#8362,.F.);
#8377 = ORIENTED_EDGE('',*,*,#5532,.F.);
#8378 = ORIENTED_EDGE('',*,*,#8379,.T.);
#8379 = EDGE_CURVE('',#5525,#4900,#8380,.T.);
#8380 = LINE('',#8381,#8382);
#8381 = CARTESIAN_POINT('',(40.5,3.367835044861,6.893933773041));
#8382 = VECTOR('',#8383,1.);
#8383 = DIRECTION('',(1.,0.,0.));
#8384 = ORIENTED_EDGE('',*,*,#4899,.F.);
#8385 = PLANE('',#8386);
#8386 = AXIS2_PLACEMENT_3D('',#8387,#8388,#8389);
#8387 = CARTESIAN_POINT('',(41.75,3.498208880424,6.468218564987));
#8388 = DIRECTION('',(0.,0.956166723131,0.29282280918));
#8389 = DIRECTION('',(0.,-0.29282280918,0.956166723131));
#8390 = ADVANCED_FACE('',(#8391),#8402,.T.);
#8391 = FACE_BOUND('',#8392,.T.);
#8392 = EDGE_LOOP('',(#8393,#8394,#8395,#8401));
#8393 = ORIENTED_EDGE('',*,*,#8379,.F.);
#8394 = ORIENTED_EDGE('',*,*,#5524,.F.);
#8395 = ORIENTED_EDGE('',*,*,#8396,.T.);
#8396 = EDGE_CURVE('',#5517,#4908,#8397,.T.);
#8397 = LINE('',#8398,#8399);
#8398 = CARTESIAN_POINT('',(40.5,3.254730463028,7.777184009552));
#8399 = VECTOR('',#8400,1.);
#8400 = DIRECTION('',(1.,0.,0.));
#8401 = ORIENTED_EDGE('',*,*,#4907,.F.);
#8402 = PLANE('',#8403);
#8403 = AXIS2_PLACEMENT_3D('',#8404,#8405,#8406);
#8404 = CARTESIAN_POINT('',(41.75,3.311282753944,7.335558891296));
#8405 = DIRECTION('',(0.,0.991900440306,0.127017780333));
#8406 = DIRECTION('',(0.,-0.127017780333,0.991900440306));
#8407 = ADVANCED_FACE('',(#8408),#8419,.T.);
#8408 = FACE_BOUND('',#8409,.T.);
#8409 = EDGE_LOOP('',(#8410,#8411,#8412,#8418));
#8410 = ORIENTED_EDGE('',*,*,#8396,.F.);
#8411 = ORIENTED_EDGE('',*,*,#5516,.F.);
#8412 = ORIENTED_EDGE('',*,*,#8413,.T.);
#8413 = EDGE_CURVE('',#5509,#4916,#8414,.T.);
#8414 = LINE('',#8415,#8416);
#8415 = CARTESIAN_POINT('',(40.5,3.292522668839,8.666843414307));
#8416 = VECTOR('',#8417,1.);
#8417 = DIRECTION('',(1.,0.,0.));
#8418 = ORIENTED_EDGE('',*,*,#4915,.F.);
#8419 = PLANE('',#8420);
#8420 = AXIS2_PLACEMENT_3D('',#8421,#8422,#8423);
#8421 = CARTESIAN_POINT('',(41.75,3.273626565933,8.222013711929));
#8422 = DIRECTION('',(0.,0.999098969151,-4.244113383781E-02));
#8423 = DIRECTION('',(0.,4.244113383781E-02,0.999098969151));
#8424 = ADVANCED_FACE('',(#8425),#8436,.T.);
#8425 = FACE_BOUND('',#8426,.T.);
#8426 = EDGE_LOOP('',(#8427,#8428,#8429,#8435));
#8427 = ORIENTED_EDGE('',*,*,#8413,.F.);
#8428 = ORIENTED_EDGE('',*,*,#5508,.F.);
#8429 = ORIENTED_EDGE('',*,*,#8430,.T.);
#8430 = EDGE_CURVE('',#5501,#4924,#8431,.T.);
#8431 = LINE('',#8432,#8433);
#8432 = CARTESIAN_POINT('',(40.5,3.48012471199,9.53731918335));
#8433 = VECTOR('',#8434,1.);
#8434 = DIRECTION('',(1.,0.,0.));
#8435 = ORIENTED_EDGE('',*,*,#4923,.F.);
#8436 = PLANE('',#8437);
#8437 = AXIS2_PLACEMENT_3D('',#8438,#8439,#8440);
#8438 = CARTESIAN_POINT('',(41.75,3.386323690414,9.102081298828));
#8439 = DIRECTION('',(0.,0.977555200962,-0.210679446248));
#8440 = DIRECTION('',(0.,0.210679446248,0.977555200962));
#8441 = ADVANCED_FACE('',(#8442),#8453,.T.);
#8442 = FACE_BOUND('',#8443,.T.);
#8443 = EDGE_LOOP('',(#8444,#8445,#8446,#8452));
#8444 = ORIENTED_EDGE('',*,*,#8430,.F.);
#8445 = ORIENTED_EDGE('',*,*,#5500,.F.);
#8446 = ORIENTED_EDGE('',*,*,#8447,.T.);
#8447 = EDGE_CURVE('',#5493,#4932,#8448,.T.);
#8448 = LINE('',#8449,#8450);
#8449 = CARTESIAN_POINT('',(40.5,3.81213927269,10.363569259644));
#8450 = VECTOR('',#8451,1.);
#8451 = DIRECTION('',(1.,0.,0.));
#8452 = ORIENTED_EDGE('',*,*,#4931,.F.);
#8453 = PLANE('',#8454);
#8454 = AXIS2_PLACEMENT_3D('',#8455,#8456,#8457);
#8455 = CARTESIAN_POINT('',(41.75,3.64613199234,9.950444221497));
#8456 = DIRECTION('',(0.,0.927889037948,-0.372856451274));
#8457 = DIRECTION('',(0.,0.372856451274,0.927889037948));
#8458 = ADVANCED_FACE('',(#8459),#8470,.T.);
#8459 = FACE_BOUND('',#8460,.T.);
#8460 = EDGE_LOOP('',(#8461,#8462,#8463,#8469));
#8461 = ORIENTED_EDGE('',*,*,#8447,.F.);
#8462 = ORIENTED_EDGE('',*,*,#5492,.F.);
#8463 = ORIENTED_EDGE('',*,*,#8464,.T.);
#8464 = EDGE_CURVE('',#5485,#4940,#8465,.T.);
#8465 = LINE('',#8466,#8467);
#8466 = CARTESIAN_POINT('',(40.5,4.27901506424,11.121824264526));
#8467 = VECTOR('',#8468,1.);
#8468 = DIRECTION('',(1.,0.,0.));
#8469 = ORIENTED_EDGE('',*,*,#4939,.F.);
#8470 = PLANE('',#8471);
#8471 = AXIS2_PLACEMENT_3D('',#8472,#8473,#8474);
#8472 = CARTESIAN_POINT('',(41.75,4.045577168465,10.742696762085));
#8473 = DIRECTION('',(0.,0.851529303568,-0.524307014225));
#8474 = DIRECTION('',(0.,0.524307014225,0.851529303568));
#8475 = ADVANCED_FACE('',(#8476),#8487,.T.);
#8476 = FACE_BOUND('',#8477,.T.);
#8477 = EDGE_LOOP('',(#8478,#8479,#8480,#8486));
#8478 = ORIENTED_EDGE('',*,*,#8464,.F.);
#8479 = ORIENTED_EDGE('',*,*,#5484,.F.);
#8480 = ORIENTED_EDGE('',*,*,#8481,.T.);
#8481 = EDGE_CURVE('',#5477,#4948,#8482,.T.);
#8482 = LINE('',#8483,#8484);
#8483 = CARTESIAN_POINT('',(40.5,4.867321014404,11.79026889801));
#8484 = VECTOR('',#8485,1.);
#8485 = DIRECTION('',(1.,0.,0.));
#8486 = ORIENTED_EDGE('',*,*,#4947,.F.);
#8487 = PLANE('',#8488);
#8488 = AXIS2_PLACEMENT_3D('',#8489,#8490,#8491);
#8489 = CARTESIAN_POINT('',(41.75,4.573168039322,11.456046581268));
#8490 = DIRECTION('',(0.,0.750671926507,-0.660675153728));
#8491 = DIRECTION('',(0.,0.660675153728,0.750671926507));
#8492 = ADVANCED_FACE('',(#8493),#8504,.T.);
#8493 = FACE_BOUND('',#8494,.T.);
#8494 = EDGE_LOOP('',(#8495,#8496,#8497,#8503));
#8495 = ORIENTED_EDGE('',*,*,#8481,.F.);
#8496 = ORIENTED_EDGE('',*,*,#5476,.F.);
#8497 = ORIENTED_EDGE('',*,*,#8498,.T.);
#8498 = EDGE_CURVE('',#5469,#4956,#8499,.T.);
#8499 = LINE('',#8500,#8501);
#8500 = CARTESIAN_POINT('',(40.5,5.560132026672,12.349675178528));
#8501 = VECTOR('',#8502,1.);
#8502 = DIRECTION('',(1.,0.,0.));
#8503 = ORIENTED_EDGE('',*,*,#4955,.F.);
#8504 = PLANE('',#8505);
#8505 = AXIS2_PLACEMENT_3D('',#8506,#8507,#8508);
#8506 = CARTESIAN_POINT('',(41.75,5.213726520538,12.069972038269));
#8507 = DIRECTION('',(0.,0.628220307632,-0.77803550374));
#8508 = DIRECTION('',(0.,-0.77803550374,-0.628220307632));
#8509 = ADVANCED_FACE('',(#8510),#8521,.T.);
#8510 = FACE_BOUND('',#8511,.T.);
#8511 = EDGE_LOOP('',(#8512,#8513,#8514,#8520));
#8512 = ORIENTED_EDGE('',*,*,#8498,.F.);
#8513 = ORIENTED_EDGE('',*,*,#5468,.F.);
#8514 = ORIENTED_EDGE('',*,*,#8515,.T.);
#8515 = EDGE_CURVE('',#5461,#4964,#8516,.T.);
#8516 = LINE('',#8517,#8518);
#8517 = CARTESIAN_POINT('',(40.5,6.337518215179,12.783948898315));
#8518 = VECTOR('',#8519,1.);
#8519 = DIRECTION('',(1.,0.,0.));
#8520 = ORIENTED_EDGE('',*,*,#4963,.F.);
#8521 = PLANE('',#8522);
#8522 = AXIS2_PLACEMENT_3D('',#8523,#8524,#8525);
#8523 = CARTESIAN_POINT('',(41.75,5.948825120926,12.566812038422));
#8524 = DIRECTION('',(0.,0.487694721089,-0.873014237583));
#8525 = DIRECTION('',(0.,-0.873014237583,-0.487694721089));
#8526 = ADVANCED_FACE('',(#8527),#8538,.T.);
#8527 = FACE_BOUND('',#8528,.T.);
#8528 = EDGE_LOOP('',(#8529,#8530,#8531,#8537));
#8529 = ORIENTED_EDGE('',*,*,#8515,.F.);
#8530 = ORIENTED_EDGE('',*,*,#5460,.F.);
#8531 = ORIENTED_EDGE('',*,*,#8532,.T.);
#8532 = EDGE_CURVE('',#5453,#4972,#8533,.T.);
#8533 = LINE('',#8534,#8535);
#8534 = CARTESIAN_POINT('',(40.5,7.177114963531,13.080597877502));
#8535 = VECTOR('',#8536,1.);
#8536 = DIRECTION('',(1.,0.,0.));
#8537 = ORIENTED_EDGE('',*,*,#4971,.F.);
#8538 = PLANE('',#8539);
#8539 = AXIS2_PLACEMENT_3D('',#8540,#8541,#8542);
#8540 = CARTESIAN_POINT('',(41.75,6.757316589355,12.932273387909));
#8541 = DIRECTION('',(0.,0.333140370003,-0.942877242208));
#8542 = DIRECTION('',(0.,-0.942877242208,-0.333140370003));
#8543 = ADVANCED_FACE('',(#8544),#8555,.T.);
#8544 = FACE_BOUND('',#8545,.T.);
#8545 = EDGE_LOOP('',(#8546,#8547,#8548,#8554));
#8546 = ORIENTED_EDGE('',*,*,#8532,.F.);
#8547 = ORIENTED_EDGE('',*,*,#5452,.F.);
#8548 = ORIENTED_EDGE('',*,*,#8549,.T.);
#8549 = EDGE_CURVE('',#5445,#4980,#8550,.T.);
#8550 = LINE('',#8551,#8552);
#8551 = CARTESIAN_POINT('',(40.5,8.054768562317,13.231086730957));
#8552 = VECTOR('',#8553,1.);
#8553 = DIRECTION('',(1.,0.,0.));
#8554 = ORIENTED_EDGE('',*,*,#4979,.F.);
#8555 = PLANE('',#8556);
#8556 = AXIS2_PLACEMENT_3D('',#8557,#8558,#8559);
#8557 = CARTESIAN_POINT('',(41.75,7.615941762924,13.15584230423));
#8558 = DIRECTION('',(0.,0.169000853684,-0.985615904627));
#8559 = DIRECTION('',(0.,-0.985615904627,-0.169000853684));
#8560 = ADVANCED_FACE('',(#8561),#8572,.T.);
#8561 = FACE_BOUND('',#8562,.T.);
#8562 = EDGE_LOOP('',(#8563,#8564,#8565,#8571));
#8563 = ORIENTED_EDGE('',*,*,#8549,.F.);
#8564 = ORIENTED_EDGE('',*,*,#5444,.F.);
#8565 = ORIENTED_EDGE('',*,*,#8566,.T.);
#8566 = EDGE_CURVE('',#5437,#4988,#8567,.T.);
#8567 = LINE('',#8568,#8569);
#8568 = CARTESIAN_POINT('',(40.5,8.945231437683,13.231086730957));
#8569 = VECTOR('',#8570,1.);
#8570 = DIRECTION('',(1.,0.,0.));
#8571 = ORIENTED_EDGE('',*,*,#4987,.F.);
#8572 = PLANE('',#8573);
#8573 = AXIS2_PLACEMENT_3D('',#8574,#8575,#8576);
#8574 = CARTESIAN_POINT('',(41.75,8.5,13.231086730957));
#8575 = DIRECTION('',(-0.,-0.,-1.));
#8576 = DIRECTION('',(-1.,0.,0.));
#8577 = ADVANCED_FACE('',(#8578),#8589,.T.);
#8578 = FACE_BOUND('',#8579,.T.);
#8579 = EDGE_LOOP('',(#8580,#8581,#8582,#8588));
#8580 = ORIENTED_EDGE('',*,*,#8566,.F.);
#8581 = ORIENTED_EDGE('',*,*,#5436,.F.);
#8582 = ORIENTED_EDGE('',*,*,#8583,.T.);
#8583 = EDGE_CURVE('',#5429,#4996,#8584,.T.);
#8584 = LINE('',#8585,#8586);
#8585 = CARTESIAN_POINT('',(40.5,9.822884559631,13.080597877502));
#8586 = VECTOR('',#8587,1.);
#8587 = DIRECTION('',(1.,0.,0.));
#8588 = ORIENTED_EDGE('',*,*,#4995,.F.);
#8589 = PLANE('',#8590);
#8590 = AXIS2_PLACEMENT_3D('',#8591,#8592,#8593);
#8591 = CARTESIAN_POINT('',(41.75,9.384057998657,13.15584230423));
#8592 = DIRECTION('',(-0.,-0.169000942882,-0.985615889333));
#8593 = DIRECTION('',(0.,-0.985615889333,0.169000942882));
#8594 = ADVANCED_FACE('',(#8595),#8606,.T.);
#8595 = FACE_BOUND('',#8596,.T.);
#8596 = EDGE_LOOP('',(#8597,#8598,#8599,#8605));
#8597 = ORIENTED_EDGE('',*,*,#8583,.F.);
#8598 = ORIENTED_EDGE('',*,*,#5428,.F.);
#8599 = ORIENTED_EDGE('',*,*,#8600,.T.);
#8600 = EDGE_CURVE('',#5421,#5004,#8601,.T.);
#8601 = LINE('',#8602,#8603);
#8602 = CARTESIAN_POINT('',(40.5,10.662481307983,12.783948898315));
#8603 = VECTOR('',#8604,1.);
#8604 = DIRECTION('',(1.,0.,0.));
#8605 = ORIENTED_EDGE('',*,*,#5003,.F.);
#8606 = PLANE('',#8607);
#8607 = AXIS2_PLACEMENT_3D('',#8608,#8609,#8610);
#8608 = CARTESIAN_POINT('',(41.75,10.242682933807,12.932273387909));
#8609 = DIRECTION('',(-0.,-0.333140370003,-0.942877242208));
#8610 = DIRECTION('',(0.,-0.942877242208,0.333140370003));
#8611 = ADVANCED_FACE('',(#8612),#8623,.T.);
#8612 = FACE_BOUND('',#8613,.T.);
#8613 = EDGE_LOOP('',(#8614,#8615,#8616,#8622));
#8614 = ORIENTED_EDGE('',*,*,#8600,.F.);
#8615 = ORIENTED_EDGE('',*,*,#5420,.F.);
#8616 = ORIENTED_EDGE('',*,*,#8617,.T.);
#8617 = EDGE_CURVE('',#5413,#5012,#8618,.T.);
#8618 = LINE('',#8619,#8620);
#8619 = CARTESIAN_POINT('',(40.5,11.439867019653,12.349675178528));
#8620 = VECTOR('',#8621,1.);
#8621 = DIRECTION('',(1.,0.,0.));
#8622 = ORIENTED_EDGE('',*,*,#5011,.F.);
#8623 = PLANE('',#8624);
#8624 = AXIS2_PLACEMENT_3D('',#8625,#8626,#8627);
#8625 = CARTESIAN_POINT('',(41.75,11.051174163818,12.566812038422));
#8626 = DIRECTION('',(-0.,-0.487694949084,-0.873014110217));
#8627 = DIRECTION('',(0.,-0.873014110217,0.487694949084));
#8628 = ADVANCED_FACE('',(#8629),#8640,.T.);
#8629 = FACE_BOUND('',#8630,.T.);
#8630 = EDGE_LOOP('',(#8631,#8632,#8633,#8639));
#8631 = ORIENTED_EDGE('',*,*,#8617,.F.);
#8632 = ORIENTED_EDGE('',*,*,#5412,.F.);
#8633 = ORIENTED_EDGE('',*,*,#8634,.T.);
#8634 = EDGE_CURVE('',#5405,#5020,#8635,.T.);
#8635 = LINE('',#8636,#8637);
#8636 = CARTESIAN_POINT('',(40.5,12.132678985596,11.79026889801));
#8637 = VECTOR('',#8638,1.);
#8638 = DIRECTION('',(1.,0.,0.));
#8639 = ORIENTED_EDGE('',*,*,#5019,.F.);
#8640 = PLANE('',#8641);
#8641 = AXIS2_PLACEMENT_3D('',#8642,#8643,#8644);
#8642 = CARTESIAN_POINT('',(41.75,11.786273002625,12.069972038269));
#8643 = DIRECTION('',(-0.,-0.628219784157,-0.778035926416));
#8644 = DIRECTION('',(0.,-0.778035926416,0.628219784157));
#8645 = ADVANCED_FACE('',(#8646),#8657,.T.);
#8646 = FACE_BOUND('',#8647,.T.);
#8647 = EDGE_LOOP('',(#8648,#8649,#8650,#8656));
#8648 = ORIENTED_EDGE('',*,*,#8634,.F.);
#8649 = ORIENTED_EDGE('',*,*,#5404,.F.);
#8650 = ORIENTED_EDGE('',*,*,#8651,.T.);
#8651 = EDGE_CURVE('',#5397,#5028,#8652,.T.);
#8652 = LINE('',#8653,#8654);
#8653 = CARTESIAN_POINT('',(40.5,12.720985412598,11.121824264526));
#8654 = VECTOR('',#8655,1.);
#8655 = DIRECTION('',(1.,0.,0.));
#8656 = ORIENTED_EDGE('',*,*,#5027,.F.);
#8657 = PLANE('',#8658);
#8658 = AXIS2_PLACEMENT_3D('',#8659,#8660,#8661);
#8659 = CARTESIAN_POINT('',(41.75,12.426832199097,11.456046581268));
#8660 = DIRECTION('',(-0.,-0.750671660929,-0.660675455484));
#8661 = DIRECTION('',(0.,0.660675455484,-0.750671660929));
#8662 = ADVANCED_FACE('',(#8663),#8674,.T.);
#8663 = FACE_BOUND('',#8664,.T.);
#8664 = EDGE_LOOP('',(#8665,#8666,#8667,#8673));
#8665 = ORIENTED_EDGE('',*,*,#8651,.F.);
#8666 = ORIENTED_EDGE('',*,*,#5396,.F.);
#8667 = ORIENTED_EDGE('',*,*,#8668,.T.);
#8668 = EDGE_CURVE('',#5389,#5036,#8669,.T.);
#8669 = LINE('',#8670,#8671);
#8670 = CARTESIAN_POINT('',(40.5,13.187861442566,10.363569259644));
#8671 = VECTOR('',#8672,1.);
#8672 = DIRECTION('',(1.,0.,0.));
#8673 = ORIENTED_EDGE('',*,*,#5035,.F.);
#8674 = PLANE('',#8675);
#8675 = AXIS2_PLACEMENT_3D('',#8676,#8677,#8678);
#8676 = CARTESIAN_POINT('',(41.75,12.954423427582,10.742696762085));
#8677 = DIRECTION('',(-0.,-0.851529184029,-0.524307208368));
#8678 = DIRECTION('',(0.,0.524307208368,-0.851529184029));
#8679 = ADVANCED_FACE('',(#8680),#8691,.T.);
#8680 = FACE_BOUND('',#8681,.T.);
#8681 = EDGE_LOOP('',(#8682,#8683,#8684,#8690));
#8682 = ORIENTED_EDGE('',*,*,#8668,.F.);
#8683 = ORIENTED_EDGE('',*,*,#5388,.F.);
#8684 = ORIENTED_EDGE('',*,*,#8685,.T.);
#8685 = EDGE_CURVE('',#5381,#5044,#8686,.T.);
#8686 = LINE('',#8687,#8688);
#8687 = CARTESIAN_POINT('',(40.5,13.519875526428,9.53731918335));
#8688 = VECTOR('',#8689,1.);
#8689 = DIRECTION('',(1.,0.,0.));
#8690 = ORIENTED_EDGE('',*,*,#5043,.F.);
#8691 = PLANE('',#8692);
#8692 = AXIS2_PLACEMENT_3D('',#8693,#8694,#8695);
#8693 = CARTESIAN_POINT('',(41.75,13.353868484497,9.950444221497));
#8694 = DIRECTION('',(-0.,-0.927889223212,-0.372855990225));
#8695 = DIRECTION('',(0.,0.372855990225,-0.927889223212));
#8696 = ADVANCED_FACE('',(#8697),#8708,.T.);
#8697 = FACE_BOUND('',#8698,.T.);
#8698 = EDGE_LOOP('',(#8699,#8700,#8701,#8707));
#8699 = ORIENTED_EDGE('',*,*,#8685,.F.);
#8700 = ORIENTED_EDGE('',*,*,#5380,.F.);
#8701 = ORIENTED_EDGE('',*,*,#8702,.T.);
#8702 = EDGE_CURVE('',#5373,#5052,#8703,.T.);
#8703 = LINE('',#8704,#8705);
#8704 = CARTESIAN_POINT('',(40.5,13.70747756958,8.666843414307));
#8705 = VECTOR('',#8706,1.);
#8706 = DIRECTION('',(1.,0.,0.));
#8707 = ORIENTED_EDGE('',*,*,#5051,.F.);
#8708 = PLANE('',#8709);
#8709 = AXIS2_PLACEMENT_3D('',#8710,#8711,#8712);
#8710 = CARTESIAN_POINT('',(41.75,13.613676548004,9.102081298828));
#8711 = DIRECTION('',(-0.,-0.977555200962,-0.210679446248));
#8712 = DIRECTION('',(0.,0.210679446248,-0.977555200962));
#8713 = ADVANCED_FACE('',(#8714),#8729,.T.);
#8714 = FACE_BOUND('',#8715,.T.);
#8715 = EDGE_LOOP('',(#8716,#8717,#8723));
#8716 = ORIENTED_EDGE('',*,*,#5059,.F.);
#8717 = ORIENTED_EDGE('',*,*,#8718,.F.);
#8718 = EDGE_CURVE('',#5365,#5052,#8719,.T.);
#8719 = LINE('',#8720,#8721);
#8720 = CARTESIAN_POINT('',(40.5,13.75,8.));
#8721 = VECTOR('',#8722,1.);
#8722 = DIRECTION('',(0.966087474864,-1.643215497178E-02,0.257691628103)
  );
#8723 = ORIENTED_EDGE('',*,*,#8724,.F.);
#8724 = EDGE_CURVE('',#5060,#5365,#8725,.T.);
#8725 = LINE('',#8726,#8727);
#8726 = CARTESIAN_POINT('',(43.,13.745269775391,7.777184009552));
#8727 = VECTOR('',#8728,1.);
#8728 = DIRECTION('',(-0.996049980603,1.884616052166E-03,
    8.877434518551E-02));
#8729 = PLANE('',#8730);
#8730 = AXIS2_PLACEMENT_3D('',#8731,#8732,#8733);
#8731 = CARTESIAN_POINT('',(41.935880492375,13.73630734625,
    8.130405361339));
#8732 = DIRECTION('',(-5.672919035982E-03,-0.999082892515,
    -4.244045091181E-02));
#8733 = DIRECTION('',(-4.66029211864E-21,4.244113383781E-02,
    -0.999098969151));
#8734 = ADVANCED_FACE('',(#8735),#8746,.T.);
#8735 = FACE_BOUND('',#8736,.T.);
#8736 = EDGE_LOOP('',(#8737,#8743,#8744,#8745));
#8737 = ORIENTED_EDGE('',*,*,#8738,.F.);
#8738 = EDGE_CURVE('',#5357,#5060,#8739,.T.);
#8739 = LINE('',#8740,#8741);
#8740 = CARTESIAN_POINT('',(40.5,13.745269775391,7.777184009552));
#8741 = VECTOR('',#8742,1.);
#8742 = DIRECTION('',(1.,0.,0.));
#8743 = ORIENTED_EDGE('',*,*,#5356,.F.);
#8744 = ORIENTED_EDGE('',*,*,#8117,.T.);
#8745 = ORIENTED_EDGE('',*,*,#5067,.F.);
#8746 = PLANE('',#8747);
#8747 = AXIS2_PLACEMENT_3D('',#8748,#8749,#8750);
#8748 = CARTESIAN_POINT('',(41.75,13.688717365265,7.335558891296));
#8749 = DIRECTION('',(0.,-0.991900406573,0.127018043761));
#8750 = DIRECTION('',(0.,-0.127018043761,-0.991900406573));
#8751 = ADVANCED_FACE('',(#8752),#8757,.T.);
#8752 = FACE_BOUND('',#8753,.T.);
#8753 = EDGE_LOOP('',(#8754,#8755,#8756));
#8754 = ORIENTED_EDGE('',*,*,#8724,.T.);
#8755 = ORIENTED_EDGE('',*,*,#5364,.F.);
#8756 = ORIENTED_EDGE('',*,*,#8738,.T.);
#8757 = PLANE('',#8758);
#8758 = AXIS2_PLACEMENT_3D('',#8759,#8760,#8761);
#8759 = CARTESIAN_POINT('',(41.696762003843,13.746504937591,
    7.835366001286));
#8760 = DIRECTION('',(0.,-0.999774734826,2.122450478082E-02));
#8761 = DIRECTION('',(0.,-2.122450478082E-02,-0.999774734826));
#8762 = ADVANCED_FACE('',(#8763),#8768,.T.);
#8763 = FACE_BOUND('',#8764,.T.);
#8764 = EDGE_LOOP('',(#8765,#8766,#8767));
#8765 = ORIENTED_EDGE('',*,*,#8718,.T.);
#8766 = ORIENTED_EDGE('',*,*,#8702,.F.);
#8767 = ORIENTED_EDGE('',*,*,#5372,.F.);
#8768 = PLANE('',#8769);
#8769 = AXIS2_PLACEMENT_3D('',#8770,#8771,#8772);
#8770 = CARTESIAN_POINT('',(41.604889897541,13.719504342144,
    8.478237683152));
#8771 = DIRECTION('',(-0.,-0.997973080754,-6.363748966678E-02));
#8772 = DIRECTION('',(0.,6.363748966678E-02,-0.997973080754));
#8773 = ADVANCED_FACE('',(#8774),#8792,.T.);
#8774 = FACE_BOUND('',#8775,.T.);
#8775 = EDGE_LOOP('',(#8776,#8777,#8785,#8791));
#8776 = ORIENTED_EDGE('',*,*,#5673,.F.);
#8777 = ORIENTED_EDGE('',*,*,#8778,.F.);
#8778 = EDGE_CURVE('',#8779,#1685,#8781,.T.);
#8779 = VERTEX_POINT('',#8780);
#8780 = CARTESIAN_POINT('',(35.019596099854,38.125965118408,13.));
#8781 = LINE('',#8782,#8783);
#8782 = CARTESIAN_POINT('',(35.019596099854,38.125965118408,13.));
#8783 = VECTOR('',#8784,1.);
#8784 = DIRECTION('',(0.166704770002,-5.174451154855E-02,0.9846481733));
#8785 = ORIENTED_EDGE('',*,*,#8786,.F.);
#8786 = EDGE_CURVE('',#5690,#8779,#8787,.T.);
#8787 = LINE('',#8788,#8789);
#8788 = CARTESIAN_POINT('',(35.019596099854,38.125965118408,3.));
#8789 = VECTOR('',#8790,1.);
#8790 = DIRECTION('',(0.,0.,1.));
#8791 = ORIENTED_EDGE('',*,*,#5689,.F.);
#8792 = PLANE('',#8793);
#8793 = AXIS2_PLACEMENT_3D('',#8794,#8795,#8796);
#8794 = CARTESIAN_POINT('',(35.321029866703,38.032401250802,8.));
#8795 = DIRECTION('',(-0.296443886032,-0.955050272203,-0.));
#8796 = DIRECTION('',(-0.955050272203,0.296443886032,0.));
#8797 = ADVANCED_FACE('',(#8798),#8808,.T.);
#8798 = FACE_BOUND('',#8799,.T.);
#8799 = EDGE_LOOP('',(#8800,#8801,#8802));
#8800 = ORIENTED_EDGE('',*,*,#5720,.T.);
#8801 = ORIENTED_EDGE('',*,*,#5697,.F.);
#8802 = ORIENTED_EDGE('',*,*,#8803,.F.);
#8803 = EDGE_CURVE('',#5721,#5690,#8804,.T.);
#8804 = LINE('',#8805,#8806);
#8805 = CARTESIAN_POINT('',(33.940673828125,38.366184234619,3.));
#8806 = VECTOR('',#8807,1.);
#8807 = DIRECTION('',(0.976099117895,-0.217325820014,0.));
#8808 = PLANE('',#8809);
#8809 = AXIS2_PLACEMENT_3D('',#8810,#8811,#8812);
#8810 = CARTESIAN_POINT('',(34.258514277069,38.295417921102,
    1.727047318103));
#8811 = DIRECTION('',(-0.217325820014,-0.976099117895,-0.));
#8812 = DIRECTION('',(-0.976099117895,0.217325820014,0.));
#8813 = ADVANCED_FACE('',(#8814),#8832,.T.);
#8814 = FACE_BOUND('',#8815,.T.);
#8815 = EDGE_LOOP('',(#8816,#8817,#8823,#8824,#8830,#8831));
#8816 = ORIENTED_EDGE('',*,*,#8803,.T.);
#8817 = ORIENTED_EDGE('',*,*,#8818,.T.);
#8818 = EDGE_CURVE('',#5690,#5885,#8819,.T.);
#8819 = LINE('',#8820,#8821);
#8820 = CARTESIAN_POINT('',(35.019596099854,38.125965118408,3.));
#8821 = VECTOR('',#8822,1.);
#8822 = DIRECTION('',(0.,1.,0.));
#8823 = ORIENTED_EDGE('',*,*,#5910,.F.);
#8824 = ORIENTED_EDGE('',*,*,#8825,.F.);
#8825 = EDGE_CURVE('',#5744,#5903,#8826,.T.);
#8826 = LINE('',#8827,#8828);
#8827 = CARTESIAN_POINT('',(30.019596099854,38.5,3.));
#8828 = VECTOR('',#8829,1.);
#8829 = DIRECTION('',(0.,1.,0.));
#8830 = ORIENTED_EDGE('',*,*,#5743,.F.);
#8831 = ORIENTED_EDGE('',*,*,#5728,.T.);
#8832 = PLANE('',#8833);
#8833 = AXIS2_PLACEMENT_3D('',#8834,#8835,#8836);
#8834 = CARTESIAN_POINT('',(32.583870235648,39.687199359091,3.));
#8835 = DIRECTION('',(0.,0.,1.));
#8836 = DIRECTION('',(1.,0.,0.));
#8837 = ADVANCED_FACE('',(#8838),#8849,.T.);
#8838 = FACE_BOUND('',#8839,.T.);
#8839 = EDGE_LOOP('',(#8840,#8846,#8847,#8848));
#8840 = ORIENTED_EDGE('',*,*,#8841,.T.);
#8841 = EDGE_CURVE('',#5895,#5752,#8842,.T.);
#8842 = LINE('',#8843,#8844);
#8843 = CARTESIAN_POINT('',(30.019596099854,41.,13.));
#8844 = VECTOR('',#8845,1.);
#8845 = DIRECTION('',(0.,-1.,0.));
#8846 = ORIENTED_EDGE('',*,*,#5751,.F.);
#8847 = ORIENTED_EDGE('',*,*,#8825,.T.);
#8848 = ORIENTED_EDGE('',*,*,#5902,.F.);
#8849 = PLANE('',#8850);
#8850 = AXIS2_PLACEMENT_3D('',#8851,#8852,#8853);
#8851 = CARTESIAN_POINT('',(30.019596099854,39.75,8.));
#8852 = DIRECTION('',(1.,0.,0.));
#8853 = DIRECTION('',(0.,0.,1.));
#8854 = ADVANCED_FACE('',(#8855),#8873,.T.);
#8855 = FACE_BOUND('',#8856,.T.);
#8856 = EDGE_LOOP('',(#8857,#8863,#8869,#8870,#8871,#8872));
#8857 = ORIENTED_EDGE('',*,*,#8858,.F.);
#8858 = EDGE_CURVE('',#8779,#5887,#8859,.T.);
#8859 = LINE('',#8860,#8861);
#8860 = CARTESIAN_POINT('',(35.019596099854,38.125965118408,13.));
#8861 = VECTOR('',#8862,1.);
#8862 = DIRECTION('',(0.,1.,0.));
#8863 = ORIENTED_EDGE('',*,*,#8864,.T.);
#8864 = EDGE_CURVE('',#8779,#6919,#8865,.T.);
#8865 = LINE('',#8866,#8867);
#8866 = CARTESIAN_POINT('',(35.019596099854,38.125965118408,13.));
#8867 = VECTOR('',#8868,1.);
#8868 = DIRECTION('',(-0.976099117895,0.217325820014,0.));
#8869 = ORIENTED_EDGE('',*,*,#6928,.T.);
#8870 = ORIENTED_EDGE('',*,*,#5759,.F.);
#8871 = ORIENTED_EDGE('',*,*,#8841,.F.);
#8872 = ORIENTED_EDGE('',*,*,#5894,.F.);
#8873 = PLANE('',#8874);
#8874 = AXIS2_PLACEMENT_3D('',#8875,#8876,#8877);
#8875 = CARTESIAN_POINT('',(32.583870235648,39.687199359091,13.));
#8876 = DIRECTION('',(-0.,-0.,-1.));
#8877 = DIRECTION('',(-1.,0.,0.));
#8878 = ADVANCED_FACE('',(#8879),#8885,.T.);
#8879 = FACE_BOUND('',#8880,.T.);
#8880 = EDGE_LOOP('',(#8881,#8882,#8883,#8884));
#8881 = ORIENTED_EDGE('',*,*,#8818,.F.);
#8882 = ORIENTED_EDGE('',*,*,#8786,.T.);
#8883 = ORIENTED_EDGE('',*,*,#8858,.T.);
#8884 = ORIENTED_EDGE('',*,*,#5884,.F.);
#8885 = PLANE('',#8886);
#8886 = AXIS2_PLACEMENT_3D('',#8887,#8888,#8889);
#8887 = CARTESIAN_POINT('',(35.019596099854,39.562982559204,8.));
#8888 = DIRECTION('',(-1.,-0.,-0.));
#8889 = DIRECTION('',(0.,0.,-1.));
#8890 = ADVANCED_FACE('',(#8891),#8896,.T.);
#8891 = FACE_BOUND('',#8892,.T.);
#8892 = EDGE_LOOP('',(#8893,#8894,#8895));
#8893 = ORIENTED_EDGE('',*,*,#6942,.T.);
#8894 = ORIENTED_EDGE('',*,*,#8864,.F.);
#8895 = ORIENTED_EDGE('',*,*,#8778,.T.);
#8896 = PLANE('',#8897);
#8897 = AXIS2_PLACEMENT_3D('',#8898,#8899,#8900);
#8898 = CARTESIAN_POINT('',(34.914150987659,38.130412080547,
    14.280952349929));
#8899 = DIRECTION('',(-0.217302973647,-0.975996505519,
    -1.449961579751E-02));
#8900 = DIRECTION('',(-0.976099117895,0.217325820014,6.678657996572E-19)
  );
#8901 = ADVANCED_FACE('',(#8902),#8927,.T.);
#8902 = FACE_BOUND('',#8903,.T.);
#8903 = EDGE_LOOP('',(#8904,#8912,#8913,#8921));
#8904 = ORIENTED_EDGE('',*,*,#8905,.F.);
#8905 = EDGE_CURVE('',#7055,#8906,#8908,.T.);
#8906 = VERTEX_POINT('',#8907);
#8907 = CARTESIAN_POINT('',(36.5,71.010787963867,8.126750946045));
#8908 = LINE('',#8909,#8910);
#8909 = CARTESIAN_POINT('',(36.000003814697,71.010787963867,
    8.126750946045));
#8910 = VECTOR('',#8911,1.);
#8911 = DIRECTION('',(1.,0.,0.));
#8912 = ORIENTED_EDGE('',*,*,#7052,.F.);
#8913 = ORIENTED_EDGE('',*,*,#8914,.T.);
#8914 = EDGE_CURVE('',#7053,#8915,#8917,.T.);
#8915 = VERTEX_POINT('',#8916);
#8916 = CARTESIAN_POINT('',(36.5,71.042846679688,8.249855041504));
#8917 = LINE('',#8918,#8919);
#8918 = CARTESIAN_POINT('',(36.000003814697,71.042846679688,
    8.249855041504));
#8919 = VECTOR('',#8920,1.);
#8920 = DIRECTION('',(1.,0.,0.));
#8921 = ORIENTED_EDGE('',*,*,#8922,.F.);
#8922 = EDGE_CURVE('',#8906,#8915,#8923,.T.);
#8923 = LINE('',#8924,#8925);
#8924 = CARTESIAN_POINT('',(36.5,71.010787963867,8.126750946045));
#8925 = VECTOR('',#8926,1.);
#8926 = DIRECTION('',(0.,0.252014152179,0.967723548903));
#8927 = PLANE('',#8928);
#8928 = AXIS2_PLACEMENT_3D('',#8929,#8930,#8931);
#8929 = CARTESIAN_POINT('',(36.250001907349,71.026817321777,
    8.188302993774));
#8930 = DIRECTION('',(0.,0.967723548903,-0.252014152179));
#8931 = DIRECTION('',(0.,0.252014152179,0.967723548903));
#8932 = ADVANCED_FACE('',(#8933),#8951,.T.);
#8933 = FACE_BOUND('',#8934,.T.);
#8934 = EDGE_LOOP('',(#8935,#8943,#8944,#8945));
#8935 = ORIENTED_EDGE('',*,*,#8936,.F.);
#8936 = EDGE_CURVE('',#7063,#8937,#8939,.T.);
#8937 = VERTEX_POINT('',#8938);
#8938 = CARTESIAN_POINT('',(36.5,71.,8.));
#8939 = LINE('',#8940,#8941);
#8940 = CARTESIAN_POINT('',(36.000003814697,71.,8.));
#8941 = VECTOR('',#8942,1.);
#8942 = DIRECTION('',(1.,0.,0.));
#8943 = ORIENTED_EDGE('',*,*,#7062,.F.);
#8944 = ORIENTED_EDGE('',*,*,#8905,.T.);
#8945 = ORIENTED_EDGE('',*,*,#8946,.F.);
#8946 = EDGE_CURVE('',#8937,#8906,#8947,.T.);
#8947 = LINE('',#8948,#8949);
#8948 = CARTESIAN_POINT('',(36.5,71.,8.));
#8949 = VECTOR('',#8950,1.);
#8950 = DIRECTION('',(0.,8.480489796479E-02,0.996397575911));
#8951 = PLANE('',#8952);
#8952 = AXIS2_PLACEMENT_3D('',#8953,#8954,#8955);
#8953 = CARTESIAN_POINT('',(36.250001907349,71.005393981934,
    8.063375473022));
#8954 = DIRECTION('',(0.,0.996397575911,-8.480489796479E-02));
#8955 = DIRECTION('',(0.,8.480489796479E-02,0.996397575911));
#8956 = ADVANCED_FACE('',(#8957),#8975,.T.);
#8957 = FACE_BOUND('',#8958,.T.);
#8958 = EDGE_LOOP('',(#8959,#8967,#8968,#8969));
#8959 = ORIENTED_EDGE('',*,*,#8960,.F.);
#8960 = EDGE_CURVE('',#7071,#8961,#8963,.T.);
#8961 = VERTEX_POINT('',#8962);
#8962 = CARTESIAN_POINT('',(36.5,71.010787963867,7.873249053955));
#8963 = LINE('',#8964,#8965);
#8964 = CARTESIAN_POINT('',(36.000003814697,71.010787963867,
    7.873249053955));
#8965 = VECTOR('',#8966,1.);
#8966 = DIRECTION('',(1.,0.,0.));
#8967 = ORIENTED_EDGE('',*,*,#7070,.F.);
#8968 = ORIENTED_EDGE('',*,*,#8936,.T.);
#8969 = ORIENTED_EDGE('',*,*,#8970,.F.);
#8970 = EDGE_CURVE('',#8961,#8937,#8971,.T.);
#8971 = LINE('',#8972,#8973);
#8972 = CARTESIAN_POINT('',(36.5,71.010787963867,7.873249053955));
#8973 = VECTOR('',#8974,1.);
#8974 = DIRECTION('',(0.,-8.480489796479E-02,0.996397575911));
#8975 = PLANE('',#8976);
#8976 = AXIS2_PLACEMENT_3D('',#8977,#8978,#8979);
#8977 = CARTESIAN_POINT('',(36.250001907349,71.005393981934,
    7.936624526978));
#8978 = DIRECTION('',(0.,0.996397575911,8.480489796479E-02));
#8979 = DIRECTION('',(0.,-8.480489796479E-02,0.996397575911));
#8980 = ADVANCED_FACE('',(#8981),#8999,.T.);
#8981 = FACE_BOUND('',#8982,.T.);
#8982 = EDGE_LOOP('',(#8983,#8991,#8992,#8993));
#8983 = ORIENTED_EDGE('',*,*,#8984,.F.);
#8984 = EDGE_CURVE('',#7079,#8985,#8987,.T.);
#8985 = VERTEX_POINT('',#8986);
#8986 = CARTESIAN_POINT('',(36.5,71.042846679688,7.750144958496));
#8987 = LINE('',#8988,#8989);
#8988 = CARTESIAN_POINT('',(36.000003814697,71.042846679688,
    7.750144958496));
#8989 = VECTOR('',#8990,1.);
#8990 = DIRECTION('',(1.,0.,0.));
#8991 = ORIENTED_EDGE('',*,*,#7078,.F.);
#8992 = ORIENTED_EDGE('',*,*,#8960,.T.);
#8993 = ORIENTED_EDGE('',*,*,#8994,.F.);
#8994 = EDGE_CURVE('',#8985,#8961,#8995,.T.);
#8995 = LINE('',#8996,#8997);
#8996 = CARTESIAN_POINT('',(36.5,71.042846679688,7.750144958496));
#8997 = VECTOR('',#8998,1.);
#8998 = DIRECTION('',(0.,-0.252014152179,0.967723548903));
#8999 = PLANE('',#9000);
#9000 = AXIS2_PLACEMENT_3D('',#9001,#9002,#9003);
#9001 = CARTESIAN_POINT('',(36.250001907349,71.026817321777,
    7.811697006226));
#9002 = DIRECTION('',(0.,0.967723548903,0.252014152179));
#9003 = DIRECTION('',(0.,-0.252014152179,0.967723548903));
#9004 = ADVANCED_FACE('',(#9005),#9023,.T.);
#9005 = FACE_BOUND('',#9006,.T.);
#9006 = EDGE_LOOP('',(#9007,#9015,#9016,#9017));
#9007 = ORIENTED_EDGE('',*,*,#9008,.F.);
#9008 = EDGE_CURVE('',#7087,#9009,#9011,.T.);
#9009 = VERTEX_POINT('',#9010);
#9010 = CARTESIAN_POINT('',(36.5,71.095245361328,7.63422870636));
#9011 = LINE('',#9012,#9013);
#9012 = CARTESIAN_POINT('',(36.000003814697,71.095245361328,
    7.63422870636));
#9013 = VECTOR('',#9014,1.);
#9014 = DIRECTION('',(1.,0.,0.));
#9015 = ORIENTED_EDGE('',*,*,#7086,.F.);
#9016 = ORIENTED_EDGE('',*,*,#8984,.T.);
#9017 = ORIENTED_EDGE('',*,*,#9018,.F.);
#9018 = EDGE_CURVE('',#9009,#8985,#9019,.T.);
#9019 = LINE('',#9020,#9021);
#9020 = CARTESIAN_POINT('',(36.5,71.095245361328,7.63422870636));
#9021 = VECTOR('',#9022,1.);
#9022 = DIRECTION('',(0.,-0.411909289828,0.91122485532));
#9023 = PLANE('',#9024);
#9024 = AXIS2_PLACEMENT_3D('',#9025,#9026,#9027);
#9025 = CARTESIAN_POINT('',(36.250001907349,71.069046020508,
    7.692186832428));
#9026 = DIRECTION('',(0.,0.91122485532,0.411909289828));
#9027 = DIRECTION('',(0.,-0.411909289828,0.91122485532));
#9028 = ADVANCED_FACE('',(#9029),#9047,.T.);
#9029 = FACE_BOUND('',#9030,.T.);
#9030 = EDGE_LOOP('',(#9031,#9039,#9040,#9041));
#9031 = ORIENTED_EDGE('',*,*,#9032,.F.);
#9032 = EDGE_CURVE('',#7095,#9033,#9035,.T.);
#9033 = VERTEX_POINT('',#9034);
#9034 = CARTESIAN_POINT('',(36.5,71.166473388672,7.528834819794));
#9035 = LINE('',#9036,#9037);
#9036 = CARTESIAN_POINT('',(36.000003814697,71.166473388672,
    7.528834819794));
#9037 = VECTOR('',#9038,1.);
#9038 = DIRECTION('',(1.,0.,0.));
#9039 = ORIENTED_EDGE('',*,*,#7094,.F.);
#9040 = ORIENTED_EDGE('',*,*,#9008,.T.);
#9041 = ORIENTED_EDGE('',*,*,#9042,.F.);
#9042 = EDGE_CURVE('',#9033,#9009,#9043,.T.);
#9043 = LINE('',#9044,#9045);
#9044 = CARTESIAN_POINT('',(36.5,71.166473388672,7.528834819794));
#9045 = VECTOR('',#9046,1.);
#9046 = DIRECTION('',(0.,-0.559943450084,0.828530827856));
#9047 = PLANE('',#9048);
#9048 = AXIS2_PLACEMENT_3D('',#9049,#9050,#9051);
#9049 = CARTESIAN_POINT('',(36.250001907349,71.130859375,7.581531763077)
  );
#9050 = DIRECTION('',(0.,0.828530827856,0.559943450084));
#9051 = DIRECTION('',(0.,-0.559943450084,0.828530827856));
#9052 = ADVANCED_FACE('',(#9053),#9071,.T.);
#9053 = FACE_BOUND('',#9054,.T.);
#9054 = EDGE_LOOP('',(#9055,#9063,#9064,#9065));
#9055 = ORIENTED_EDGE('',*,*,#9056,.F.);
#9056 = EDGE_CURVE('',#7103,#9057,#9059,.T.);
#9057 = VERTEX_POINT('',#9058);
#9058 = CARTESIAN_POINT('',(36.5,71.254493713379,7.436995983124));
#9059 = LINE('',#9060,#9061);
#9060 = CARTESIAN_POINT('',(36.000003814697,71.254493713379,
    7.436995983124));
#9061 = VECTOR('',#9062,1.);
#9062 = DIRECTION('',(1.,0.,0.));
#9063 = ORIENTED_EDGE('',*,*,#7102,.F.);
#9064 = ORIENTED_EDGE('',*,*,#9032,.T.);
#9065 = ORIENTED_EDGE('',*,*,#9066,.F.);
#9066 = EDGE_CURVE('',#9057,#9033,#9067,.T.);
#9067 = LINE('',#9068,#9069);
#9068 = CARTESIAN_POINT('',(36.5,71.254493713379,7.436995983124));
#9069 = VECTOR('',#9070,1.);
#9070 = DIRECTION('',(0.,-0.691938579763,0.721956371144));
#9071 = PLANE('',#9072);
#9072 = AXIS2_PLACEMENT_3D('',#9073,#9074,#9075);
#9073 = CARTESIAN_POINT('',(36.250001907349,71.210483551025,
    7.482915401459));
#9074 = DIRECTION('',(0.,0.721956371144,0.691938579763));
#9075 = DIRECTION('',(0.,-0.691938579763,0.721956371144));
#9076 = ADVANCED_FACE('',(#9077),#9095,.T.);
#9077 = FACE_BOUND('',#9078,.T.);
#9078 = EDGE_LOOP('',(#9079,#9087,#9088,#9089));
#9079 = ORIENTED_EDGE('',*,*,#9080,.F.);
#9080 = EDGE_CURVE('',#7111,#9081,#9083,.T.);
#9081 = VERTEX_POINT('',#9082);
#9082 = CARTESIAN_POINT('',(36.5,71.35676574707,7.361353397369));
#9083 = LINE('',#9084,#9085);
#9084 = CARTESIAN_POINT('',(36.000003814697,71.35676574707,
    7.361353397369));
#9085 = VECTOR('',#9086,1.);
#9086 = DIRECTION('',(1.,0.,0.));
#9087 = ORIENTED_EDGE('',*,*,#7110,.F.);
#9088 = ORIENTED_EDGE('',*,*,#9056,.T.);
#9089 = ORIENTED_EDGE('',*,*,#9090,.F.);
#9090 = EDGE_CURVE('',#9081,#9057,#9091,.T.);
#9091 = LINE('',#9092,#9093);
#9092 = CARTESIAN_POINT('',(36.5,71.35676574707,7.361353397369));
#9093 = VECTOR('',#9094,1.);
#9094 = DIRECTION('',(0.,-0.803987418194,0.594646307804));
#9095 = PLANE('',#9096);
#9096 = AXIS2_PLACEMENT_3D('',#9097,#9098,#9099);
#9097 = CARTESIAN_POINT('',(36.250001907349,71.305629730225,
    7.399174690247));
#9098 = DIRECTION('',(0.,0.594646307804,0.803987418194));
#9099 = DIRECTION('',(0.,0.803987418194,-0.594646307804));
#9100 = ADVANCED_FACE('',(#9101),#9119,.T.);
#9101 = FACE_BOUND('',#9102,.T.);
#9102 = EDGE_LOOP('',(#9103,#9111,#9112,#9113));
#9103 = ORIENTED_EDGE('',*,*,#9104,.F.);
#9104 = EDGE_CURVE('',#7119,#9105,#9107,.T.);
#9105 = VERTEX_POINT('',#9106);
#9106 = CARTESIAN_POINT('',(36.5,71.470359802246,7.304082870483));
#9107 = LINE('',#9108,#9109);
#9108 = CARTESIAN_POINT('',(36.000003814697,71.470359802246,
    7.304082870483));
#9109 = VECTOR('',#9110,1.);
#9110 = DIRECTION('',(1.,0.,0.));
#9111 = ORIENTED_EDGE('',*,*,#7118,.F.);
#9112 = ORIENTED_EDGE('',*,*,#9080,.T.);
#9113 = ORIENTED_EDGE('',*,*,#9114,.F.);
#9114 = EDGE_CURVE('',#9105,#9081,#9115,.T.);
#9115 = LINE('',#9116,#9117);
#9116 = CARTESIAN_POINT('',(36.5,71.470359802246,7.304082870483));
#9117 = VECTOR('',#9118,1.);
#9118 = DIRECTION('',(0.,-0.892933412457,0.450188761431));
#9119 = PLANE('',#9120);
#9120 = AXIS2_PLACEMENT_3D('',#9121,#9122,#9123);
#9121 = CARTESIAN_POINT('',(36.250001907349,71.413562774658,
    7.332718133926));
#9122 = DIRECTION('',(0.,0.450188761431,0.892933412457));
#9123 = DIRECTION('',(0.,0.892933412457,-0.450188761431));
#9124 = ADVANCED_FACE('',(#9125),#9143,.T.);
#9125 = FACE_BOUND('',#9126,.T.);
#9126 = EDGE_LOOP('',(#9127,#9135,#9136,#9137));
#9127 = ORIENTED_EDGE('',*,*,#9128,.F.);
#9128 = EDGE_CURVE('',#7127,#9129,#9131,.T.);
#9129 = VERTEX_POINT('',#9130);
#9130 = CARTESIAN_POINT('',(36.5,71.591987609863,7.266833305359));
#9131 = LINE('',#9132,#9133);
#9132 = CARTESIAN_POINT('',(36.000003814697,71.591987609863,
    7.266833305359));
#9133 = VECTOR('',#9134,1.);
#9134 = DIRECTION('',(1.,0.,0.));
#9135 = ORIENTED_EDGE('',*,*,#7126,.F.);
#9136 = ORIENTED_EDGE('',*,*,#9104,.T.);
#9137 = ORIENTED_EDGE('',*,*,#9138,.F.);
#9138 = EDGE_CURVE('',#9129,#9105,#9139,.T.);
#9139 = LINE('',#9140,#9141);
#9140 = CARTESIAN_POINT('',(36.5,71.591987609863,7.266833305359));
#9141 = VECTOR('',#9142,1.);
#9142 = DIRECTION('',(0.,-0.956163504144,0.292833320069));
#9143 = PLANE('',#9144);
#9144 = AXIS2_PLACEMENT_3D('',#9145,#9146,#9147);
#9145 = CARTESIAN_POINT('',(36.250001907349,71.531173706055,
    7.285458087921));
#9146 = DIRECTION('',(0.,0.292833320069,0.956163504144));
#9147 = DIRECTION('',(0.,0.956163504144,-0.292833320069));
#9148 = ADVANCED_FACE('',(#9149),#9167,.T.);
#9149 = FACE_BOUND('',#9150,.T.);
#9150 = EDGE_LOOP('',(#9151,#9159,#9160,#9161));
#9151 = ORIENTED_EDGE('',*,*,#9152,.F.);
#9152 = EDGE_CURVE('',#7135,#9153,#9155,.T.);
#9153 = VERTEX_POINT('',#9154);
#9154 = CARTESIAN_POINT('',(36.5,71.718170166016,7.25067615509));
#9155 = LINE('',#9156,#9157);
#9156 = CARTESIAN_POINT('',(36.000003814697,71.718170166016,
    7.25067615509));
#9157 = VECTOR('',#9158,1.);
#9158 = DIRECTION('',(1.,0.,0.));
#9159 = ORIENTED_EDGE('',*,*,#7134,.F.);
#9160 = ORIENTED_EDGE('',*,*,#9128,.T.);
#9161 = ORIENTED_EDGE('',*,*,#9162,.F.);
#9162 = EDGE_CURVE('',#9153,#9129,#9163,.T.);
#9163 = LINE('',#9164,#9165);
#9164 = CARTESIAN_POINT('',(36.5,71.718170166016,7.25067615509));
#9165 = VECTOR('',#9166,1.);
#9166 = DIRECTION('',(0.,-0.991901582247,0.127008862434));
#9167 = PLANE('',#9168);
#9168 = AXIS2_PLACEMENT_3D('',#9169,#9170,#9171);
#9169 = CARTESIAN_POINT('',(36.250001907349,71.655078887939,
    7.258754730225));
#9170 = DIRECTION('',(0.,0.127008862434,0.991901582247));
#9171 = DIRECTION('',(0.,0.991901582247,-0.127008862434));
#9172 = ADVANCED_FACE('',(#9173),#9183,.T.);
#9173 = FACE_BOUND('',#9174,.T.);
#9174 = EDGE_LOOP('',(#9175,#9181,#9182));
#9175 = ORIENTED_EDGE('',*,*,#9176,.F.);
#9176 = EDGE_CURVE('',#7143,#9153,#9177,.T.);
#9177 = LINE('',#9178,#9179);
#9178 = CARTESIAN_POINT('',(36.000003814697,71.75,7.25));
#9179 = VECTOR('',#9180,1.);
#9180 = DIRECTION('',(0.997978921722,-6.353149150344E-02,
    1.349587352467E-03));
#9181 = ORIENTED_EDGE('',*,*,#7142,.F.);
#9182 = ORIENTED_EDGE('',*,*,#9152,.T.);
#9183 = PLANE('',#9184);
#9184 = AXIS2_PLACEMENT_3D('',#9185,#9186,#9187);
#9185 = CARTESIAN_POINT('',(36.242295798108,71.726380711897,
    7.250501740031));
#9186 = DIRECTION('',(0.,2.123801784319E-02,0.999774447862));
#9187 = DIRECTION('',(0.,0.999774447862,-2.123801784319E-02));
#9188 = ADVANCED_FACE('',(#9189),#9206,.T.);
#9189 = FACE_BOUND('',#9190,.T.);
#9190 = EDGE_LOOP('',(#9191,#9199,#9205));
#9191 = ORIENTED_EDGE('',*,*,#9192,.T.);
#9192 = EDGE_CURVE('',#7143,#9193,#9195,.T.);
#9193 = VERTEX_POINT('',#9194);
#9194 = CARTESIAN_POINT('',(36.5,71.845260620117,7.256074905396));
#9195 = LINE('',#9196,#9197);
#9196 = CARTESIAN_POINT('',(36.000003814697,71.75,7.25));
#9197 = VECTOR('',#9198,1.);
#9198 = DIRECTION('',(0.982260210114,0.187142861251,1.193436675242E-02)
  );
#9199 = ORIENTED_EDGE('',*,*,#9200,.F.);
#9200 = EDGE_CURVE('',#7151,#9193,#9201,.T.);
#9201 = LINE('',#9202,#9203);
#9202 = CARTESIAN_POINT('',(36.000003814697,71.845260620117,
    7.256074905396));
#9203 = VECTOR('',#9204,1.);
#9204 = DIRECTION('',(1.,0.,0.));
#9205 = ORIENTED_EDGE('',*,*,#7150,.F.);
#9206 = PLANE('',#9207);
#9207 = AXIS2_PLACEMENT_3D('',#9208,#9209,#9210);
#9208 = CARTESIAN_POINT('',(36.228395880256,71.819192537065,
    7.254412506618));
#9209 = DIRECTION('',(0.,-6.364214553445E-02,0.997972783853));
#9210 = DIRECTION('',(0.,0.997972783853,6.364214553445E-02));
#9211 = ADVANCED_FACE('',(#9212),#9230,.T.);
#9212 = FACE_BOUND('',#9213,.T.);
#9213 = EDGE_LOOP('',(#9214,#9222,#9223,#9224));
#9214 = ORIENTED_EDGE('',*,*,#9215,.F.);
#9215 = EDGE_CURVE('',#7159,#9216,#9218,.T.);
#9216 = VERTEX_POINT('',#9217);
#9217 = CARTESIAN_POINT('',(36.5,71.969612121582,7.282875061035));
#9218 = LINE('',#9219,#9220);
#9219 = CARTESIAN_POINT('',(36.000003814697,71.969612121582,
    7.282875061035));
#9220 = VECTOR('',#9221,1.);
#9221 = DIRECTION('',(1.,0.,0.));
#9222 = ORIENTED_EDGE('',*,*,#7158,.F.);
#9223 = ORIENTED_EDGE('',*,*,#9200,.T.);
#9224 = ORIENTED_EDGE('',*,*,#9225,.F.);
#9225 = EDGE_CURVE('',#9216,#9193,#9226,.T.);
#9226 = LINE('',#9227,#9228);
#9227 = CARTESIAN_POINT('',(36.5,71.969612121582,7.282875061035));
#9228 = VECTOR('',#9229,1.);
#9229 = DIRECTION('',(0.,-0.977554660934,-0.210681951972));
#9230 = PLANE('',#9231);
#9231 = AXIS2_PLACEMENT_3D('',#9232,#9233,#9234);
#9232 = CARTESIAN_POINT('',(36.250001907349,71.90743637085,
    7.269474983215));
#9233 = DIRECTION('',(0.,-0.210681951972,0.977554660934));
#9234 = DIRECTION('',(0.,0.977554660934,0.210681951972));
#9235 = ADVANCED_FACE('',(#9236),#9254,.T.);
#9236 = FACE_BOUND('',#9237,.T.);
#9237 = EDGE_LOOP('',(#9238,#9246,#9247,#9248));
#9238 = ORIENTED_EDGE('',*,*,#9239,.F.);
#9239 = EDGE_CURVE('',#7167,#9240,#9242,.T.);
#9240 = VERTEX_POINT('',#9241);
#9241 = CARTESIAN_POINT('',(36.5,72.08765411377,7.330305576324));
#9242 = LINE('',#9243,#9244);
#9243 = CARTESIAN_POINT('',(36.000003814697,72.08765411377,
    7.330305576324));
#9244 = VECTOR('',#9245,1.);
#9245 = DIRECTION('',(1.,0.,0.));
#9246 = ORIENTED_EDGE('',*,*,#7166,.F.);
#9247 = ORIENTED_EDGE('',*,*,#9215,.T.);
#9248 = ORIENTED_EDGE('',*,*,#9249,.F.);
#9249 = EDGE_CURVE('',#9240,#9216,#9250,.T.);
#9250 = LINE('',#9251,#9252);
#9251 = CARTESIAN_POINT('',(36.5,72.08765411377,7.330305576324));
#9252 = VECTOR('',#9253,1.);
#9253 = DIRECTION('',(0.,-0.927896256954,-0.372838485583));
#9254 = PLANE('',#9255);
#9255 = AXIS2_PLACEMENT_3D('',#9256,#9257,#9258);
#9256 = CARTESIAN_POINT('',(36.250001907349,72.028633117676,
    7.30659031868));
#9257 = DIRECTION('',(0.,-0.372838485583,0.927896256954));
#9258 = DIRECTION('',(0.,0.927896256954,0.372838485583));
#9259 = ADVANCED_FACE('',(#9260),#9278,.T.);
#9260 = FACE_BOUND('',#9261,.T.);
#9261 = EDGE_LOOP('',(#9262,#9270,#9271,#9272));
#9262 = ORIENTED_EDGE('',*,*,#9263,.F.);
#9263 = EDGE_CURVE('',#7175,#9264,#9266,.T.);
#9264 = VERTEX_POINT('',#9265);
#9265 = CARTESIAN_POINT('',(36.5,72.195976257324,7.397002220154));
#9266 = LINE('',#9267,#9268);
#9267 = CARTESIAN_POINT('',(36.000003814697,72.195976257324,
    7.397002220154));
#9268 = VECTOR('',#9269,1.);
#9269 = DIRECTION('',(1.,0.,0.));
#9270 = ORIENTED_EDGE('',*,*,#7174,.F.);
#9271 = ORIENTED_EDGE('',*,*,#9239,.T.);
#9272 = ORIENTED_EDGE('',*,*,#9273,.F.);
#9273 = EDGE_CURVE('',#9264,#9240,#9274,.T.);
#9274 = LINE('',#9275,#9276);
#9275 = CARTESIAN_POINT('',(36.5,72.195976257324,7.397002220154));
#9276 = VECTOR('',#9277,1.);
#9277 = DIRECTION('',(0.,-0.851528944951,-0.524307596656));
#9278 = PLANE('',#9279);
#9279 = AXIS2_PLACEMENT_3D('',#9280,#9281,#9282);
#9280 = CARTESIAN_POINT('',(36.250001907349,72.141815185547,
    7.363653898239));
#9281 = DIRECTION('',(0.,-0.524307596656,0.851528944951));
#9282 = DIRECTION('',(0.,0.851528944951,0.524307596656));
#9283 = ADVANCED_FACE('',(#9284),#9302,.T.);
#9284 = FACE_BOUND('',#9285,.T.);
#9285 = EDGE_LOOP('',(#9286,#9294,#9295,#9296));
#9286 = ORIENTED_EDGE('',*,*,#9287,.F.);
#9287 = EDGE_CURVE('',#7183,#9288,#9290,.T.);
#9288 = VERTEX_POINT('',#9289);
#9289 = CARTESIAN_POINT('',(36.5,72.291465759277,7.481046199799));
#9290 = LINE('',#9291,#9292);
#9291 = CARTESIAN_POINT('',(36.000003814697,72.291465759277,
    7.481046199799));
#9292 = VECTOR('',#9293,1.);
#9293 = DIRECTION('',(1.,0.,0.));
#9294 = ORIENTED_EDGE('',*,*,#7182,.F.);
#9295 = ORIENTED_EDGE('',*,*,#9263,.T.);
#9296 = ORIENTED_EDGE('',*,*,#9297,.F.);
#9297 = EDGE_CURVE('',#9288,#9264,#9298,.T.);
#9298 = LINE('',#9299,#9300);
#9299 = CARTESIAN_POINT('',(36.5,72.291465759277,7.481046199799));
#9300 = VECTOR('',#9301,1.);
#9301 = DIRECTION('',(0.,-0.750661981897,-0.660686452816));
#9302 = PLANE('',#9303);
#9303 = AXIS2_PLACEMENT_3D('',#9304,#9305,#9306);
#9304 = CARTESIAN_POINT('',(36.250001907349,72.243721008301,
    7.439024209976));
#9305 = DIRECTION('',(0.,-0.660686452816,0.750661981897));
#9306 = DIRECTION('',(0.,0.750661981897,0.660686452816));
#9307 = ADVANCED_FACE('',(#9308),#9326,.T.);
#9308 = FACE_BOUND('',#9309,.T.);
#9309 = EDGE_LOOP('',(#9310,#9318,#9319,#9320));
#9310 = ORIENTED_EDGE('',*,*,#9311,.F.);
#9311 = EDGE_CURVE('',#7191,#9312,#9314,.T.);
#9312 = VERTEX_POINT('',#9313);
#9313 = CARTESIAN_POINT('',(36.5,72.371376037598,7.580018997192));
#9314 = LINE('',#9315,#9316);
#9315 = CARTESIAN_POINT('',(36.000003814697,72.371376037598,
    7.580018997192));
#9316 = VECTOR('',#9317,1.);
#9317 = DIRECTION('',(1.,0.,0.));
#9318 = ORIENTED_EDGE('',*,*,#7190,.F.);
#9319 = ORIENTED_EDGE('',*,*,#9287,.T.);
#9320 = ORIENTED_EDGE('',*,*,#9321,.F.);
#9321 = EDGE_CURVE('',#9312,#9288,#9322,.T.);
#9322 = LINE('',#9323,#9324);
#9323 = CARTESIAN_POINT('',(36.5,72.371376037598,7.580018997192));
#9324 = VECTOR('',#9325,1.);
#9325 = DIRECTION('',(0.,-0.628197752801,-0.778053714968));
#9326 = PLANE('',#9327);
#9327 = AXIS2_PLACEMENT_3D('',#9328,#9329,#9330);
#9328 = CARTESIAN_POINT('',(36.250001907349,72.331420898438,
    7.530532598495));
#9329 = DIRECTION('',(0.,-0.778053714968,0.628197752801));
#9330 = DIRECTION('',(0.,-0.628197752801,-0.778053714968));
#9331 = ADVANCED_FACE('',(#9332),#9350,.T.);
#9332 = FACE_BOUND('',#9333,.T.);
#9333 = EDGE_LOOP('',(#9334,#9342,#9343,#9344));
#9334 = ORIENTED_EDGE('',*,*,#9335,.F.);
#9335 = EDGE_CURVE('',#7199,#9336,#9338,.T.);
#9336 = VERTEX_POINT('',#9337);
#9337 = CARTESIAN_POINT('',(36.5,72.433418273926,7.691074371338));
#9338 = LINE('',#9339,#9340);
#9339 = CARTESIAN_POINT('',(36.000003814697,72.433418273926,
    7.691074371338));
#9340 = VECTOR('',#9341,1.);
#9341 = DIRECTION('',(1.,0.,0.));
#9342 = ORIENTED_EDGE('',*,*,#7198,.F.);
#9343 = ORIENTED_EDGE('',*,*,#9311,.T.);
#9344 = ORIENTED_EDGE('',*,*,#9345,.F.);
#9345 = EDGE_CURVE('',#9336,#9312,#9346,.T.);
#9346 = LINE('',#9347,#9348);
#9347 = CARTESIAN_POINT('',(36.5,72.433418273926,7.691074371338));
#9348 = VECTOR('',#9349,1.);
#9349 = DIRECTION('',(0.,-0.487712810684,-0.873004131889));
#9350 = PLANE('',#9351);
#9351 = AXIS2_PLACEMENT_3D('',#9352,#9353,#9354);
#9352 = CARTESIAN_POINT('',(36.250001907349,72.402397155762,
    7.635546684265));
#9353 = DIRECTION('',(0.,-0.873004131889,0.487712810684));
#9354 = DIRECTION('',(0.,-0.487712810684,-0.873004131889));
#9355 = ADVANCED_FACE('',(#9356),#9374,.T.);
#9356 = FACE_BOUND('',#9357,.T.);
#9357 = EDGE_LOOP('',(#9358,#9366,#9367,#9368));
#9358 = ORIENTED_EDGE('',*,*,#9359,.F.);
#9359 = EDGE_CURVE('',#7207,#9360,#9362,.T.);
#9360 = VERTEX_POINT('',#9361);
#9361 = CARTESIAN_POINT('',(36.5,72.475799560547,7.811016559601));
#9362 = LINE('',#9363,#9364);
#9363 = CARTESIAN_POINT('',(36.000003814697,72.475799560547,
    7.811016559601));
#9364 = VECTOR('',#9365,1.);
#9365 = DIRECTION('',(1.,0.,0.));
#9366 = ORIENTED_EDGE('',*,*,#7206,.F.);
#9367 = ORIENTED_EDGE('',*,*,#9335,.T.);
#9368 = ORIENTED_EDGE('',*,*,#9369,.F.);
#9369 = EDGE_CURVE('',#9360,#9336,#9370,.T.);
#9370 = LINE('',#9371,#9372);
#9371 = CARTESIAN_POINT('',(36.5,72.475799560547,7.811016559601));
#9372 = VECTOR('',#9373,1.);
#9373 = DIRECTION('',(0.,-0.333160869078,-0.94286999916));
#9374 = PLANE('',#9375);
#9375 = AXIS2_PLACEMENT_3D('',#9376,#9377,#9378);
#9376 = CARTESIAN_POINT('',(36.250001907349,72.454608917236,
    7.751045465469));
#9377 = DIRECTION('',(0.,-0.94286999916,0.333160869078));
#9378 = DIRECTION('',(0.,-0.333160869078,-0.94286999916));
#9379 = ADVANCED_FACE('',(#9380),#9398,.T.);
#9380 = FACE_BOUND('',#9381,.T.);
#9381 = EDGE_LOOP('',(#9382,#9390,#9391,#9392));
#9382 = ORIENTED_EDGE('',*,*,#9383,.F.);
#9383 = EDGE_CURVE('',#7215,#9384,#9386,.T.);
#9384 = VERTEX_POINT('',#9385);
#9385 = CARTESIAN_POINT('',(36.5,72.497299194336,7.936395645142));
#9386 = LINE('',#9387,#9388);
#9387 = CARTESIAN_POINT('',(36.000003814697,72.497299194336,
    7.936395645142));
#9388 = VECTOR('',#9389,1.);
#9389 = DIRECTION('',(1.,0.,0.));
#9390 = ORIENTED_EDGE('',*,*,#7214,.F.);
#9391 = ORIENTED_EDGE('',*,*,#9359,.T.);
#9392 = ORIENTED_EDGE('',*,*,#9393,.F.);
#9393 = EDGE_CURVE('',#9384,#9360,#9394,.T.);
#9394 = LINE('',#9395,#9396);
#9395 = CARTESIAN_POINT('',(36.5,72.497299194336,7.936395645142));
#9396 = VECTOR('',#9397,1.);
#9397 = DIRECTION('',(0.,-0.169010217255,-0.985614299036));
#9398 = PLANE('',#9399);
#9399 = AXIS2_PLACEMENT_3D('',#9400,#9401,#9402);
#9400 = CARTESIAN_POINT('',(36.250001907349,72.486549377441,
    7.873706102371));
#9401 = DIRECTION('',(0.,-0.985614299036,0.169010217255));
#9402 = DIRECTION('',(0.,-0.169010217255,-0.985614299036));
#9403 = ADVANCED_FACE('',(#9404),#9422,.T.);
#9404 = FACE_BOUND('',#9405,.T.);
#9405 = EDGE_LOOP('',(#9406,#9414,#9415,#9416));
#9406 = ORIENTED_EDGE('',*,*,#9407,.F.);
#9407 = EDGE_CURVE('',#7223,#9408,#9410,.T.);
#9408 = VERTEX_POINT('',#9409);
#9409 = CARTESIAN_POINT('',(36.5,72.497299194336,8.063604354858));
#9410 = LINE('',#9411,#9412);
#9411 = CARTESIAN_POINT('',(36.000003814697,72.497299194336,
    8.063604354858));
#9412 = VECTOR('',#9413,1.);
#9413 = DIRECTION('',(1.,0.,0.));
#9414 = ORIENTED_EDGE('',*,*,#7222,.F.);
#9415 = ORIENTED_EDGE('',*,*,#9383,.T.);
#9416 = ORIENTED_EDGE('',*,*,#9417,.F.);
#9417 = EDGE_CURVE('',#9408,#9384,#9418,.T.);
#9418 = LINE('',#9419,#9420);
#9419 = CARTESIAN_POINT('',(36.5,72.497299194336,8.063604354858));
#9420 = VECTOR('',#9421,1.);
#9421 = DIRECTION('',(0.,0.,-1.));
#9422 = PLANE('',#9423);
#9423 = AXIS2_PLACEMENT_3D('',#9424,#9425,#9426);
#9424 = CARTESIAN_POINT('',(36.250001907349,72.497299194336,8.));
#9425 = DIRECTION('',(-0.,-1.,-0.));
#9426 = DIRECTION('',(0.,0.,-1.));
#9427 = ADVANCED_FACE('',(#9428),#9446,.T.);
#9428 = FACE_BOUND('',#9429,.T.);
#9429 = EDGE_LOOP('',(#9430,#9438,#9439,#9440));
#9430 = ORIENTED_EDGE('',*,*,#9431,.F.);
#9431 = EDGE_CURVE('',#7231,#9432,#9434,.T.);
#9432 = VERTEX_POINT('',#9433);
#9433 = CARTESIAN_POINT('',(36.5,72.475799560547,8.188982963562));
#9434 = LINE('',#9435,#9436);
#9435 = CARTESIAN_POINT('',(36.000003814697,72.475799560547,
    8.188982963562));
#9436 = VECTOR('',#9437,1.);
#9437 = DIRECTION('',(1.,0.,0.));
#9438 = ORIENTED_EDGE('',*,*,#7230,.F.);
#9439 = ORIENTED_EDGE('',*,*,#9407,.T.);
#9440 = ORIENTED_EDGE('',*,*,#9441,.F.);
#9441 = EDGE_CURVE('',#9432,#9408,#9442,.T.);
#9442 = LINE('',#9443,#9444);
#9443 = CARTESIAN_POINT('',(36.5,72.475799560547,8.188982963562));
#9444 = VECTOR('',#9445,1.);
#9445 = DIRECTION('',(0.,0.169010841671,-0.985614191962));
#9446 = PLANE('',#9447);
#9447 = AXIS2_PLACEMENT_3D('',#9448,#9449,#9450);
#9448 = CARTESIAN_POINT('',(36.250001907349,72.486549377441,
    8.12629365921));
#9449 = DIRECTION('',(-0.,-0.985614191962,-0.169010841671));
#9450 = DIRECTION('',(0.,0.169010841671,-0.985614191962));
#9451 = ADVANCED_FACE('',(#9452),#9470,.T.);
#9452 = FACE_BOUND('',#9453,.T.);
#9453 = EDGE_LOOP('',(#9454,#9462,#9463,#9464));
#9454 = ORIENTED_EDGE('',*,*,#9455,.F.);
#9455 = EDGE_CURVE('',#7239,#9456,#9458,.T.);
#9456 = VERTEX_POINT('',#9457);
#9457 = CARTESIAN_POINT('',(36.5,72.433418273926,8.308925628662));
#9458 = LINE('',#9459,#9460);
#9459 = CARTESIAN_POINT('',(36.000003814697,72.433418273926,
    8.308925628662));
#9460 = VECTOR('',#9461,1.);
#9461 = DIRECTION('',(1.,0.,0.));
#9462 = ORIENTED_EDGE('',*,*,#7238,.F.);
#9463 = ORIENTED_EDGE('',*,*,#9431,.T.);
#9464 = ORIENTED_EDGE('',*,*,#9465,.F.);
#9465 = EDGE_CURVE('',#9456,#9432,#9466,.T.);
#9466 = LINE('',#9467,#9468);
#9467 = CARTESIAN_POINT('',(36.5,72.433418273926,8.308925628662));
#9468 = VECTOR('',#9469,1.);
#9469 = DIRECTION('',(0.,0.333159691596,-0.942870415219));
#9470 = PLANE('',#9471);
#9471 = AXIS2_PLACEMENT_3D('',#9472,#9473,#9474);
#9472 = CARTESIAN_POINT('',(36.250001907349,72.454608917236,
    8.248954296112));
#9473 = DIRECTION('',(-0.,-0.942870415219,-0.333159691596));
#9474 = DIRECTION('',(0.,0.333159691596,-0.942870415219));
#9475 = ADVANCED_FACE('',(#9476),#9494,.T.);
#9476 = FACE_BOUND('',#9477,.T.);
#9477 = EDGE_LOOP('',(#9478,#9486,#9487,#9488));
#9478 = ORIENTED_EDGE('',*,*,#9479,.F.);
#9479 = EDGE_CURVE('',#7247,#9480,#9482,.T.);
#9480 = VERTEX_POINT('',#9481);
#9481 = CARTESIAN_POINT('',(36.5,72.371376037598,8.419981002808));
#9482 = LINE('',#9483,#9484);
#9483 = CARTESIAN_POINT('',(36.000003814697,72.371376037598,
    8.419981002808));
#9484 = VECTOR('',#9485,1.);
#9485 = DIRECTION('',(1.,0.,0.));
#9486 = ORIENTED_EDGE('',*,*,#7246,.F.);
#9487 = ORIENTED_EDGE('',*,*,#9455,.T.);
#9488 = ORIENTED_EDGE('',*,*,#9489,.F.);
#9489 = EDGE_CURVE('',#9480,#9456,#9490,.T.);
#9490 = LINE('',#9491,#9492);
#9491 = CARTESIAN_POINT('',(36.5,72.371376037598,8.419981002808));
#9492 = VECTOR('',#9493,1.);
#9493 = DIRECTION('',(0.,0.487712810684,-0.873004131889));
#9494 = PLANE('',#9495);
#9495 = AXIS2_PLACEMENT_3D('',#9496,#9497,#9498);
#9496 = CARTESIAN_POINT('',(36.250001907349,72.402397155762,
    8.364453315735));
#9497 = DIRECTION('',(-0.,-0.873004131889,-0.487712810684));
#9498 = DIRECTION('',(0.,0.487712810684,-0.873004131889));
#9499 = ADVANCED_FACE('',(#9500),#9518,.T.);
#9500 = FACE_BOUND('',#9501,.T.);
#9501 = EDGE_LOOP('',(#9502,#9510,#9511,#9512));
#9502 = ORIENTED_EDGE('',*,*,#9503,.F.);
#9503 = EDGE_CURVE('',#7255,#9504,#9506,.T.);
#9504 = VERTEX_POINT('',#9505);
#9505 = CARTESIAN_POINT('',(36.5,72.291465759277,8.518954277039));
#9506 = LINE('',#9507,#9508);
#9507 = CARTESIAN_POINT('',(36.000003814697,72.291465759277,
    8.518954277039));
#9508 = VECTOR('',#9509,1.);
#9509 = DIRECTION('',(1.,0.,0.));
#9510 = ORIENTED_EDGE('',*,*,#7254,.F.);
#9511 = ORIENTED_EDGE('',*,*,#9479,.T.);
#9512 = ORIENTED_EDGE('',*,*,#9513,.F.);
#9513 = EDGE_CURVE('',#9504,#9480,#9514,.T.);
#9514 = LINE('',#9515,#9516);
#9515 = CARTESIAN_POINT('',(36.5,72.291465759277,8.518954277039));
#9516 = VECTOR('',#9517,1.);
#9517 = DIRECTION('',(0.,0.628195920618,-0.778055194263));
#9518 = PLANE('',#9519);
#9519 = AXIS2_PLACEMENT_3D('',#9520,#9521,#9522);
#9520 = CARTESIAN_POINT('',(36.250001907349,72.331420898438,
    8.469467639923));
#9521 = DIRECTION('',(-0.,-0.778055194263,-0.628195920618));
#9522 = DIRECTION('',(0.,0.628195920618,-0.778055194263));
#9523 = ADVANCED_FACE('',(#9524),#9542,.T.);
#9524 = FACE_BOUND('',#9525,.T.);
#9525 = EDGE_LOOP('',(#9526,#9534,#9535,#9536));
#9526 = ORIENTED_EDGE('',*,*,#9527,.F.);
#9527 = EDGE_CURVE('',#7263,#9528,#9530,.T.);
#9528 = VERTEX_POINT('',#9529);
#9529 = CARTESIAN_POINT('',(36.5,72.195976257324,8.602997779846));
#9530 = LINE('',#9531,#9532);
#9531 = CARTESIAN_POINT('',(36.000003814697,72.195976257324,
    8.602997779846));
#9532 = VECTOR('',#9533,1.);
#9533 = DIRECTION('',(1.,0.,0.));
#9534 = ORIENTED_EDGE('',*,*,#7262,.F.);
#9535 = ORIENTED_EDGE('',*,*,#9503,.T.);
#9536 = ORIENTED_EDGE('',*,*,#9537,.F.);
#9537 = EDGE_CURVE('',#9528,#9504,#9538,.T.);
#9538 = LINE('',#9539,#9540);
#9539 = CARTESIAN_POINT('',(36.5,72.195976257324,8.602997779846));
#9540 = VECTOR('',#9541,1.);
#9541 = DIRECTION('',(0.,0.750663840981,-0.660684340547));
#9542 = PLANE('',#9543);
#9543 = AXIS2_PLACEMENT_3D('',#9544,#9545,#9546);
#9544 = CARTESIAN_POINT('',(36.250001907349,72.243721008301,
    8.560976028442));
#9545 = DIRECTION('',(-0.,-0.660684340547,-0.750663840981));
#9546 = DIRECTION('',(0.,-0.750663840981,0.660684340547));
#9547 = ADVANCED_FACE('',(#9548),#9566,.T.);
#9548 = FACE_BOUND('',#9549,.T.);
#9549 = EDGE_LOOP('',(#9550,#9558,#9559,#9560));
#9550 = ORIENTED_EDGE('',*,*,#9551,.F.);
#9551 = EDGE_CURVE('',#7271,#9552,#9554,.T.);
#9552 = VERTEX_POINT('',#9553);
#9553 = CARTESIAN_POINT('',(36.5,72.08765411377,8.669693946838));
#9554 = LINE('',#9555,#9556);
#9555 = CARTESIAN_POINT('',(36.000003814697,72.08765411377,
    8.669693946838));
#9556 = VECTOR('',#9557,1.);
#9557 = DIRECTION('',(1.,0.,0.));
#9558 = ORIENTED_EDGE('',*,*,#7270,.F.);
#9559 = ORIENTED_EDGE('',*,*,#9527,.T.);
#9560 = ORIENTED_EDGE('',*,*,#9561,.F.);
#9561 = EDGE_CURVE('',#9552,#9528,#9562,.T.);
#9562 = LINE('',#9563,#9564);
#9563 = CARTESIAN_POINT('',(36.5,72.08765411377,8.669693946838));
#9564 = VECTOR('',#9565,1.);
#9565 = DIRECTION('',(0.,0.851530618496,-0.524304878638));
#9566 = PLANE('',#9567);
#9567 = AXIS2_PLACEMENT_3D('',#9568,#9569,#9570);
#9568 = CARTESIAN_POINT('',(36.250001907349,72.141815185547,
    8.636345863342));
#9569 = DIRECTION('',(-0.,-0.524304878638,-0.851530618496));
#9570 = DIRECTION('',(0.,-0.851530618496,0.524304878638));
#9571 = ADVANCED_FACE('',(#9572),#9590,.T.);
#9572 = FACE_BOUND('',#9573,.T.);
#9573 = EDGE_LOOP('',(#9574,#9582,#9583,#9584));
#9574 = ORIENTED_EDGE('',*,*,#9575,.F.);
#9575 = EDGE_CURVE('',#7279,#9576,#9578,.T.);
#9576 = VERTEX_POINT('',#9577);
#9577 = CARTESIAN_POINT('',(36.5,71.969612121582,8.717124938965));
#9578 = LINE('',#9579,#9580);
#9579 = CARTESIAN_POINT('',(36.000003814697,71.969612121582,
    8.717124938965));
#9580 = VECTOR('',#9581,1.);
#9581 = DIRECTION('',(1.,0.,0.));
#9582 = ORIENTED_EDGE('',*,*,#7278,.F.);
#9583 = ORIENTED_EDGE('',*,*,#9551,.T.);
#9584 = ORIENTED_EDGE('',*,*,#9585,.F.);
#9585 = EDGE_CURVE('',#9576,#9552,#9586,.T.);
#9586 = LINE('',#9587,#9588);
#9587 = CARTESIAN_POINT('',(36.5,71.969612121582,8.717124938965));
#9588 = VECTOR('',#9589,1.);
#9589 = DIRECTION('',(0.,0.927894960209,-0.37284171282));
#9590 = PLANE('',#9591);
#9591 = AXIS2_PLACEMENT_3D('',#9592,#9593,#9594);
#9592 = CARTESIAN_POINT('',(36.250001907349,72.028633117676,
    8.693409442902));
#9593 = DIRECTION('',(-0.,-0.37284171282,-0.927894960209));
#9594 = DIRECTION('',(0.,-0.927894960209,0.37284171282));
#9595 = ADVANCED_FACE('',(#9596),#9614,.T.);
#9596 = FACE_BOUND('',#9597,.T.);
#9597 = EDGE_LOOP('',(#9598,#9606,#9607,#9608));
#9598 = ORIENTED_EDGE('',*,*,#9599,.F.);
#9599 = EDGE_CURVE('',#7287,#9600,#9602,.T.);
#9600 = VERTEX_POINT('',#9601);
#9601 = CARTESIAN_POINT('',(36.5,71.845260620117,8.743925094604));
#9602 = LINE('',#9603,#9604);
#9603 = CARTESIAN_POINT('',(36.000003814697,71.845260620117,
    8.743925094604));
#9604 = VECTOR('',#9605,1.);
#9605 = DIRECTION('',(1.,0.,0.));
#9606 = ORIENTED_EDGE('',*,*,#7286,.F.);
#9607 = ORIENTED_EDGE('',*,*,#9575,.T.);
#9608 = ORIENTED_EDGE('',*,*,#9609,.F.);
#9609 = EDGE_CURVE('',#9600,#9576,#9610,.T.);
#9610 = LINE('',#9611,#9612);
#9611 = CARTESIAN_POINT('',(36.5,71.845260620117,8.743925094604));
#9612 = VECTOR('',#9613,1.);
#9613 = DIRECTION('',(0.,0.977554660934,-0.210681951972));
#9614 = PLANE('',#9615);
#9615 = AXIS2_PLACEMENT_3D('',#9616,#9617,#9618);
#9616 = CARTESIAN_POINT('',(36.250001907349,71.90743637085,
    8.730525016785));
#9617 = DIRECTION('',(-0.,-0.210681951972,-0.977554660934));
#9618 = DIRECTION('',(0.,-0.977554660934,0.210681951972));
#9619 = ADVANCED_FACE('',(#9620),#9637,.T.);
#9620 = FACE_BOUND('',#9621,.T.);
#9621 = EDGE_LOOP('',(#9622,#9630,#9636));
#9622 = ORIENTED_EDGE('',*,*,#9623,.T.);
#9623 = EDGE_CURVE('',#7287,#9624,#9626,.T.);
#9624 = VERTEX_POINT('',#9625);
#9625 = CARTESIAN_POINT('',(36.5,71.75,8.75));
#9626 = LINE('',#9627,#9628);
#9627 = CARTESIAN_POINT('',(36.000003814697,71.845260620117,
    8.743925094604));
#9628 = VECTOR('',#9629,1.);
#9629 = DIRECTION('',(0.982260210114,-0.187142861251,1.193436675242E-02)
  );
#9630 = ORIENTED_EDGE('',*,*,#9631,.T.);
#9631 = EDGE_CURVE('',#9624,#7295,#9632,.T.);
#9632 = LINE('',#9633,#9634);
#9633 = CARTESIAN_POINT('',(36.5,71.75,8.75));
#9634 = VECTOR('',#9635,1.);
#9635 = DIRECTION('',(-0.997978921722,-6.353149150344E-02,
    -1.349587352467E-03));
#9636 = ORIENTED_EDGE('',*,*,#7294,.F.);
#9637 = PLANE('',#9638);
#9638 = AXIS2_PLACEMENT_3D('',#9639,#9640,#9641);
#9639 = CARTESIAN_POINT('',(36.222038571529,71.767855440507,
    8.748113936091));
#9640 = DIRECTION('',(4.052889266458E-03,-4.244096507147E-02,
    -0.999090755924));
#9641 = DIRECTION('',(2.812507032291E-20,-0.999098961513,
    4.244131364153E-02));
#9642 = ADVANCED_FACE('',(#9643),#9668,.T.);
#9643 = FACE_BOUND('',#9644,.T.);
#9644 = EDGE_LOOP('',(#9645,#9653,#9654,#9662));
#9645 = ORIENTED_EDGE('',*,*,#9646,.F.);
#9646 = EDGE_CURVE('',#7303,#9647,#9649,.T.);
#9647 = VERTEX_POINT('',#9648);
#9648 = CARTESIAN_POINT('',(36.5,71.591987609863,8.733166694641));
#9649 = LINE('',#9650,#9651);
#9650 = CARTESIAN_POINT('',(36.000003814697,71.591987609863,
    8.733166694641));
#9651 = VECTOR('',#9652,1.);
#9652 = DIRECTION('',(1.,0.,0.));
#9653 = ORIENTED_EDGE('',*,*,#7302,.F.);
#9654 = ORIENTED_EDGE('',*,*,#9655,.T.);
#9655 = EDGE_CURVE('',#7295,#9656,#9658,.T.);
#9656 = VERTEX_POINT('',#9657);
#9657 = CARTESIAN_POINT('',(36.5,71.718170166016,8.74932384491));
#9658 = LINE('',#9659,#9660);
#9659 = CARTESIAN_POINT('',(36.000003814697,71.718170166016,
    8.74932384491));
#9660 = VECTOR('',#9661,1.);
#9661 = DIRECTION('',(1.,0.,0.));
#9662 = ORIENTED_EDGE('',*,*,#9663,.F.);
#9663 = EDGE_CURVE('',#9647,#9656,#9664,.T.);
#9664 = LINE('',#9665,#9666);
#9665 = CARTESIAN_POINT('',(36.5,71.591987609863,8.733166694641));
#9666 = VECTOR('',#9667,1.);
#9667 = DIRECTION('',(0.,0.991901582247,0.127008862434));
#9668 = PLANE('',#9669);
#9669 = AXIS2_PLACEMENT_3D('',#9670,#9671,#9672);
#9670 = CARTESIAN_POINT('',(36.250001907349,71.655078887939,
    8.741245269775));
#9671 = DIRECTION('',(0.,0.127008862434,-0.991901582247));
#9672 = DIRECTION('',(0.,-0.991901582247,-0.127008862434));
#9673 = ADVANCED_FACE('',(#9674),#9692,.T.);
#9674 = FACE_BOUND('',#9675,.T.);
#9675 = EDGE_LOOP('',(#9676,#9684,#9685,#9686));
#9676 = ORIENTED_EDGE('',*,*,#9677,.F.);
#9677 = EDGE_CURVE('',#7311,#9678,#9680,.T.);
#9678 = VERTEX_POINT('',#9679);
#9679 = CARTESIAN_POINT('',(36.5,71.470359802246,8.695917129517));
#9680 = LINE('',#9681,#9682);
#9681 = CARTESIAN_POINT('',(36.000003814697,71.470359802246,
    8.695917129517));
#9682 = VECTOR('',#9683,1.);
#9683 = DIRECTION('',(1.,0.,0.));
#9684 = ORIENTED_EDGE('',*,*,#7310,.F.);
#9685 = ORIENTED_EDGE('',*,*,#9646,.T.);
#9686 = ORIENTED_EDGE('',*,*,#9687,.F.);
#9687 = EDGE_CURVE('',#9678,#9647,#9688,.T.);
#9688 = LINE('',#9689,#9690);
#9689 = CARTESIAN_POINT('',(36.5,71.470359802246,8.695917129517));
#9690 = VECTOR('',#9691,1.);
#9691 = DIRECTION('',(0.,0.956163504144,0.292833320069));
#9692 = PLANE('',#9693);
#9693 = AXIS2_PLACEMENT_3D('',#9694,#9695,#9696);
#9694 = CARTESIAN_POINT('',(36.250001907349,71.531173706055,
    8.714541912079));
#9695 = DIRECTION('',(0.,0.292833320069,-0.956163504144));
#9696 = DIRECTION('',(0.,-0.956163504144,-0.292833320069));
#9697 = ADVANCED_FACE('',(#9698),#9716,.T.);
#9698 = FACE_BOUND('',#9699,.T.);
#9699 = EDGE_LOOP('',(#9700,#9708,#9709,#9710));
#9700 = ORIENTED_EDGE('',*,*,#9701,.F.);
#9701 = EDGE_CURVE('',#7319,#9702,#9704,.T.);
#9702 = VERTEX_POINT('',#9703);
#9703 = CARTESIAN_POINT('',(36.5,71.35676574707,8.638646125793));
#9704 = LINE('',#9705,#9706);
#9705 = CARTESIAN_POINT('',(36.000003814697,71.35676574707,
    8.638646125793));
#9706 = VECTOR('',#9707,1.);
#9707 = DIRECTION('',(1.,0.,0.));
#9708 = ORIENTED_EDGE('',*,*,#7318,.F.);
#9709 = ORIENTED_EDGE('',*,*,#9677,.T.);
#9710 = ORIENTED_EDGE('',*,*,#9711,.F.);
#9711 = EDGE_CURVE('',#9702,#9678,#9712,.T.);
#9712 = LINE('',#9713,#9714);
#9713 = CARTESIAN_POINT('',(36.5,71.35676574707,8.638646125793));
#9714 = VECTOR('',#9715,1.);
#9715 = DIRECTION('',(0.,0.892931905683,0.45019175005));
#9716 = PLANE('',#9717);
#9717 = AXIS2_PLACEMENT_3D('',#9718,#9719,#9720);
#9718 = CARTESIAN_POINT('',(36.250001907349,71.413562774658,
    8.667281627655));
#9719 = DIRECTION('',(0.,0.45019175005,-0.892931905683));
#9720 = DIRECTION('',(0.,-0.892931905683,-0.45019175005));
#9721 = ADVANCED_FACE('',(#9722),#9740,.T.);
#9722 = FACE_BOUND('',#9723,.T.);
#9723 = EDGE_LOOP('',(#9724,#9732,#9733,#9734));
#9724 = ORIENTED_EDGE('',*,*,#9725,.F.);
#9725 = EDGE_CURVE('',#7327,#9726,#9728,.T.);
#9726 = VERTEX_POINT('',#9727);
#9727 = CARTESIAN_POINT('',(36.5,71.254493713379,8.563004493713));
#9728 = LINE('',#9729,#9730);
#9729 = CARTESIAN_POINT('',(36.000003814697,71.254493713379,
    8.563004493713));
#9730 = VECTOR('',#9731,1.);
#9731 = DIRECTION('',(1.,0.,0.));
#9732 = ORIENTED_EDGE('',*,*,#7326,.F.);
#9733 = ORIENTED_EDGE('',*,*,#9701,.T.);
#9734 = ORIENTED_EDGE('',*,*,#9735,.F.);
#9735 = EDGE_CURVE('',#9726,#9702,#9736,.T.);
#9736 = LINE('',#9737,#9738);
#9737 = CARTESIAN_POINT('',(36.5,71.254493713379,8.563004493713));
#9738 = VECTOR('',#9739,1.);
#9739 = DIRECTION('',(0.,0.803991002463,0.594641461688));
#9740 = PLANE('',#9741);
#9741 = AXIS2_PLACEMENT_3D('',#9742,#9743,#9744);
#9742 = CARTESIAN_POINT('',(36.250001907349,71.305629730225,
    8.600825309753));
#9743 = DIRECTION('',(0.,0.594641461688,-0.803991002463));
#9744 = DIRECTION('',(0.,-0.803991002463,-0.594641461688));
#9745 = ADVANCED_FACE('',(#9746),#9764,.T.);
#9746 = FACE_BOUND('',#9747,.T.);
#9747 = EDGE_LOOP('',(#9748,#9756,#9757,#9758));
#9748 = ORIENTED_EDGE('',*,*,#9749,.F.);
#9749 = EDGE_CURVE('',#7335,#9750,#9752,.T.);
#9750 = VERTEX_POINT('',#9751);
#9751 = CARTESIAN_POINT('',(36.5,71.166473388672,8.471164703369));
#9752 = LINE('',#9753,#9754);
#9753 = CARTESIAN_POINT('',(36.000003814697,71.166473388672,
    8.471164703369));
#9754 = VECTOR('',#9755,1.);
#9755 = DIRECTION('',(1.,0.,0.));
#9756 = ORIENTED_EDGE('',*,*,#7334,.F.);
#9757 = ORIENTED_EDGE('',*,*,#9725,.T.);
#9758 = ORIENTED_EDGE('',*,*,#9759,.F.);
#9759 = EDGE_CURVE('',#9750,#9726,#9760,.T.);
#9760 = LINE('',#9761,#9762);
#9761 = CARTESIAN_POINT('',(36.5,71.166473388672,8.471164703369));
#9762 = VECTOR('',#9763,1.);
#9763 = DIRECTION('',(0.,0.691934834676,0.721959960498));
#9764 = PLANE('',#9765);
#9765 = AXIS2_PLACEMENT_3D('',#9766,#9767,#9768);
#9766 = CARTESIAN_POINT('',(36.250001907349,71.210483551025,
    8.517084598541));
#9767 = DIRECTION('',(0.,0.721959960498,-0.691934834676));
#9768 = DIRECTION('',(0.,0.691934834676,0.721959960498));
#9769 = ADVANCED_FACE('',(#9770),#9788,.T.);
#9770 = FACE_BOUND('',#9771,.T.);
#9771 = EDGE_LOOP('',(#9772,#9780,#9781,#9782));
#9772 = ORIENTED_EDGE('',*,*,#9773,.F.);
#9773 = EDGE_CURVE('',#7343,#9774,#9776,.T.);
#9774 = VERTEX_POINT('',#9775);
#9775 = CARTESIAN_POINT('',(36.5,71.095245361328,8.365770339966));
#9776 = LINE('',#9777,#9778);
#9777 = CARTESIAN_POINT('',(36.000003814697,71.095245361328,
    8.365770339966));
#9778 = VECTOR('',#9779,1.);
#9779 = DIRECTION('',(1.,0.,0.));
#9780 = ORIENTED_EDGE('',*,*,#7342,.F.);
#9781 = ORIENTED_EDGE('',*,*,#9749,.T.);
#9782 = ORIENTED_EDGE('',*,*,#9783,.F.);
#9783 = EDGE_CURVE('',#9774,#9750,#9784,.T.);
#9784 = LINE('',#9785,#9786);
#9785 = CARTESIAN_POINT('',(36.5,71.095245361328,8.365770339966));
#9786 = VECTOR('',#9787,1.);
#9787 = DIRECTION('',(0.,0.559941711022,0.828532003158));
#9788 = PLANE('',#9789);
#9789 = AXIS2_PLACEMENT_3D('',#9790,#9791,#9792);
#9790 = CARTESIAN_POINT('',(36.250001907349,71.130859375,8.418467521667)
  );
#9791 = DIRECTION('',(0.,0.828532003158,-0.559941711022));
#9792 = DIRECTION('',(0.,0.559941711022,0.828532003158));
#9793 = ADVANCED_FACE('',(#9794),#9805,.T.);
#9794 = FACE_BOUND('',#9795,.T.);
#9795 = EDGE_LOOP('',(#9796,#9797,#9798,#9799));
#9796 = ORIENTED_EDGE('',*,*,#8914,.F.);
#9797 = ORIENTED_EDGE('',*,*,#7350,.F.);
#9798 = ORIENTED_EDGE('',*,*,#9773,.T.);
#9799 = ORIENTED_EDGE('',*,*,#9800,.F.);
#9800 = EDGE_CURVE('',#8915,#9774,#9801,.T.);
#9801 = LINE('',#9802,#9803);
#9802 = CARTESIAN_POINT('',(36.5,71.042846679688,8.249855041504));
#9803 = VECTOR('',#9804,1.);
#9804 = DIRECTION('',(0.,0.411912103744,0.911223583315));
#9805 = PLANE('',#9806);
#9806 = AXIS2_PLACEMENT_3D('',#9807,#9808,#9809);
#9807 = CARTESIAN_POINT('',(36.250001907349,71.069046020508,
    8.307812690735));
#9808 = DIRECTION('',(0.,0.911223583315,-0.411912103744));
#9809 = DIRECTION('',(0.,0.411912103744,0.911223583315));
#9810 = ADVANCED_FACE('',(#9811),#9866,.T.);
#9811 = FACE_BOUND('',#9812,.T.);
#9812 = EDGE_LOOP('',(#9813,#9819,#9825,#9826,#9827,#9828,#9829,#9830,
    #9831,#9832,#9833,#9834,#9835,#9836,#9837,#9838,#9839,#9840,#9841,
    #9842,#9848,#9849,#9850,#9851,#9852,#9853,#9854,#9855,#9856,#9857,
    #9858,#9859,#9860,#9861,#9862,#9863,#9864,#9865));
#9813 = ORIENTED_EDGE('',*,*,#9814,.T.);
#9814 = EDGE_CURVE('',#9656,#9624,#9815,.T.);
#9815 = LINE('',#9816,#9817);
#9816 = CARTESIAN_POINT('',(36.5,71.718170166016,8.74932384491));
#9817 = VECTOR('',#9818,1.);
#9818 = DIRECTION('',(0.,0.999774447862,2.123801784319E-02));
#9819 = ORIENTED_EDGE('',*,*,#9820,.T.);
#9820 = EDGE_CURVE('',#9624,#9600,#9821,.T.);
#9821 = LINE('',#9822,#9823);
#9822 = CARTESIAN_POINT('',(36.5,71.75,8.75));
#9823 = VECTOR('',#9824,1.);
#9824 = DIRECTION('',(0.,0.997972783853,-6.364214553445E-02));
#9825 = ORIENTED_EDGE('',*,*,#9609,.T.);
#9826 = ORIENTED_EDGE('',*,*,#9585,.T.);
#9827 = ORIENTED_EDGE('',*,*,#9561,.T.);
#9828 = ORIENTED_EDGE('',*,*,#9537,.T.);
#9829 = ORIENTED_EDGE('',*,*,#9513,.T.);
#9830 = ORIENTED_EDGE('',*,*,#9489,.T.);
#9831 = ORIENTED_EDGE('',*,*,#9465,.T.);
#9832 = ORIENTED_EDGE('',*,*,#9441,.T.);
#9833 = ORIENTED_EDGE('',*,*,#9417,.T.);
#9834 = ORIENTED_EDGE('',*,*,#9393,.T.);
#9835 = ORIENTED_EDGE('',*,*,#9369,.T.);
#9836 = ORIENTED_EDGE('',*,*,#9345,.T.);
#9837 = ORIENTED_EDGE('',*,*,#9321,.T.);
#9838 = ORIENTED_EDGE('',*,*,#9297,.T.);
#9839 = ORIENTED_EDGE('',*,*,#9273,.T.);
#9840 = ORIENTED_EDGE('',*,*,#9249,.T.);
#9841 = ORIENTED_EDGE('',*,*,#9225,.T.);
#9842 = ORIENTED_EDGE('',*,*,#9843,.T.);
#9843 = EDGE_CURVE('',#9193,#9153,#9844,.T.);
#9844 = LINE('',#9845,#9846);
#9845 = CARTESIAN_POINT('',(36.5,71.845260620117,7.256074905396));
#9846 = VECTOR('',#9847,1.);
#9847 = DIRECTION('',(0.,-0.999098961513,-4.244131364153E-02));
#9848 = ORIENTED_EDGE('',*,*,#9162,.T.);
#9849 = ORIENTED_EDGE('',*,*,#9138,.T.);
#9850 = ORIENTED_EDGE('',*,*,#9114,.T.);
#9851 = ORIENTED_EDGE('',*,*,#9090,.T.);
#9852 = ORIENTED_EDGE('',*,*,#9066,.T.);
#9853 = ORIENTED_EDGE('',*,*,#9042,.T.);
#9854 = ORIENTED_EDGE('',*,*,#9018,.T.);
#9855 = ORIENTED_EDGE('',*,*,#8994,.T.);
#9856 = ORIENTED_EDGE('',*,*,#8970,.T.);
#9857 = ORIENTED_EDGE('',*,*,#8946,.T.);
#9858 = ORIENTED_EDGE('',*,*,#8922,.T.);
#9859 = ORIENTED_EDGE('',*,*,#9800,.T.);
#9860 = ORIENTED_EDGE('',*,*,#9783,.T.);
#9861 = ORIENTED_EDGE('',*,*,#9759,.T.);
#9862 = ORIENTED_EDGE('',*,*,#9735,.T.);
#9863 = ORIENTED_EDGE('',*,*,#9711,.T.);
#9864 = ORIENTED_EDGE('',*,*,#9687,.T.);
#9865 = ORIENTED_EDGE('',*,*,#9663,.T.);
#9866 = PLANE('',#9867);
#9867 = AXIS2_PLACEMENT_3D('',#9868,#9869,#9870);
#9868 = CARTESIAN_POINT('',(36.5,71.750001282777,8.000041018134));
#9869 = DIRECTION('',(-1.,-0.,-0.));
#9870 = DIRECTION('',(0.,0.,-1.));
#9871 = ADVANCED_FACE('',(#9872),#9877,.T.);
#9872 = FACE_BOUND('',#9873,.T.);
#9873 = EDGE_LOOP('',(#9874,#9875,#9876));
#9874 = ORIENTED_EDGE('',*,*,#9843,.F.);
#9875 = ORIENTED_EDGE('',*,*,#9192,.F.);
#9876 = ORIENTED_EDGE('',*,*,#9176,.T.);
#9877 = PLANE('',#9878);
#9878 = AXIS2_PLACEMENT_3D('',#9879,#9880,#9881);
#9879 = CARTESIAN_POINT('',(36.277965243168,71.767855440507,
    7.251886063909));
#9880 = DIRECTION('',(-4.052889266458E-03,-4.244096507147E-02,
    0.999090755924));
#9881 = DIRECTION('',(2.812507032291E-20,0.999098961513,
    4.244131364153E-02));
#9882 = ADVANCED_FACE('',(#9883),#9888,.T.);
#9883 = FACE_BOUND('',#9884,.T.);
#9884 = EDGE_LOOP('',(#9885,#9886,#9887));
#9885 = ORIENTED_EDGE('',*,*,#9820,.F.);
#9886 = ORIENTED_EDGE('',*,*,#9623,.F.);
#9887 = ORIENTED_EDGE('',*,*,#9599,.T.);
#9888 = PLANE('',#9889);
#9889 = AXIS2_PLACEMENT_3D('',#9890,#9891,#9892);
#9890 = CARTESIAN_POINT('',(36.271607934442,71.819192537065,
    8.745587493382));
#9891 = DIRECTION('',(-0.,-6.364214553445E-02,-0.997972783853));
#9892 = DIRECTION('',(0.,-0.997972783853,6.364214553445E-02));
#9893 = ADVANCED_FACE('',(#9894),#9899,.T.);
#9894 = FACE_BOUND('',#9895,.T.);
#9895 = EDGE_LOOP('',(#9896,#9897,#9898));
#9896 = ORIENTED_EDGE('',*,*,#9814,.F.);
#9897 = ORIENTED_EDGE('',*,*,#9655,.F.);
#9898 = ORIENTED_EDGE('',*,*,#9631,.F.);
#9899 = PLANE('',#9900);
#9900 = AXIS2_PLACEMENT_3D('',#9901,#9902,#9903);
#9901 = CARTESIAN_POINT('',(36.257708016589,71.726380711897,
    8.749498259969));
#9902 = DIRECTION('',(0.,2.123801784319E-02,-0.999774447862));
#9903 = DIRECTION('',(0.,-0.999774447862,-2.123801784319E-02));
#9904 = ADVANCED_FACE('',(#9905,#9931),#9942,.T.);
#9905 = FACE_BOUND('',#9906,.T.);
#9906 = EDGE_LOOP('',(#9907,#9908,#9909,#9910,#9911,#9912,#9913,#9914,
    #9915,#9916,#9917,#9918,#9919,#9920,#9921,#9922,#9923,#9924,#9925,
    #9926,#9927,#9928,#9929,#9930));
#9907 = ORIENTED_EDGE('',*,*,#2263,.T.);
#9908 = ORIENTED_EDGE('',*,*,#2311,.T.);
#9909 = ORIENTED_EDGE('',*,*,#2393,.T.);
#9910 = ORIENTED_EDGE('',*,*,#2410,.T.);
#9911 = ORIENTED_EDGE('',*,*,#2326,.T.);
#9912 = ORIENTED_EDGE('',*,*,#2287,.T.);
#9913 = ORIENTED_EDGE('',*,*,#2239,.T.);
#9914 = ORIENTED_EDGE('',*,*,#2191,.T.);
#9915 = ORIENTED_EDGE('',*,*,#2143,.T.);
#9916 = ORIENTED_EDGE('',*,*,#2095,.T.);
#9917 = ORIENTED_EDGE('',*,*,#2047,.T.);
#9918 = ORIENTED_EDGE('',*,*,#1999,.T.);
#9919 = ORIENTED_EDGE('',*,*,#1951,.T.);
#9920 = ORIENTED_EDGE('',*,*,#1927,.T.);
#9921 = ORIENTED_EDGE('',*,*,#1903,.T.);
#9922 = ORIENTED_EDGE('',*,*,#1836,.T.);
#9923 = ORIENTED_EDGE('',*,*,#4455,.T.);
#9924 = ORIENTED_EDGE('',*,*,#867,.T.);
#9925 = ORIENTED_EDGE('',*,*,#1975,.T.);
#9926 = ORIENTED_EDGE('',*,*,#2023,.T.);
#9927 = ORIENTED_EDGE('',*,*,#2071,.T.);
#9928 = ORIENTED_EDGE('',*,*,#2119,.T.);
#9929 = ORIENTED_EDGE('',*,*,#2167,.T.);
#9930 = ORIENTED_EDGE('',*,*,#2215,.T.);
#9931 = FACE_BOUND('',#9932,.T.);
#9932 = EDGE_LOOP('',(#9933));
#9933 = ORIENTED_EDGE('',*,*,#9934,.F.);
#9934 = EDGE_CURVE('',#9935,#9935,#9937,.T.);
#9935 = VERTEX_POINT('',#9936);
#9936 = CARTESIAN_POINT('',(39.,68.299998115493,7.999999436454));
#9937 = CIRCLE('',#9938,4.6);
#9938 = AXIS2_PLACEMENT_3D('',#9939,#9940,#9941);
#9939 = CARTESIAN_POINT('',(39.,63.699998115493,7.999999436454));
#9940 = DIRECTION('',(1.,0.,0.));
#9941 = DIRECTION('',(0.,1.,0.));
#9942 = PLANE('',#9943);
#9943 = AXIS2_PLACEMENT_3D('',#9944,#9945,#9946);
#9944 = CARTESIAN_POINT('',(39.,59.218231057382,7.99999999797));
#9945 = DIRECTION('',(1.,0.,0.));
#9946 = DIRECTION('',(0.,0.,1.));
#9947 = ADVANCED_FACE('',(#9948),#10624,.T.);
#9948 = FACE_BOUND('',#9949,.T.);
#9949 = EDGE_LOOP('',(#9950,#9961,#9967,#9968,#9969,#9978,#9987,#9996,
    #10005,#10014,#10023,#10032,#10041,#10050,#10059,#10068,#10077,
    #10086,#10095,#10104,#10113,#10122,#10131,#10140,#10149,#10158,
    #10167,#10176,#10185,#10194,#10203,#10212,#10221,#10230,#10239,
    #10248,#10257,#10266,#10275,#10284,#10293,#10302,#10311,#10320,
    #10329,#10338,#10347,#10356,#10365,#10374,#10383,#10392,#10401,
    #10410,#10419,#10428,#10437,#10446,#10455,#10464,#10473,#10482,
    #10491,#10500,#10509,#10518,#10527,#10536,#10545,#10554,#10563,
    #10572,#10581,#10590,#10599,#10608,#10617));
#9950 = ORIENTED_EDGE('',*,*,#9951,.F.);
#9951 = EDGE_CURVE('',#9952,#9954,#9956,.T.);
#9952 = VERTEX_POINT('',#9953);
#9953 = CARTESIAN_POINT('',(42.985620579978,68.299998115493,
    7.999999436454));
#9954 = VERTEX_POINT('',#9955);
#9955 = CARTESIAN_POINT('',(42.988614434438,68.295853326038,
    8.195229771462));
#9956 = ELLIPSE('',#9957,4.731638081924,4.6);
#9957 = AXIS2_PLACEMENT_3D('',#9958,#9959,#9960);
#9958 = CARTESIAN_POINT('',(44.092953832473,63.699998115493,
    7.999999436454));
#9959 = DIRECTION('',(0.972179173545,0.234027462228,-9.939891753284E-03)
  );
#9960 = DIRECTION('',(0.234238456546,-0.971303466437,4.125435204935E-02)
  );
#9961 = ORIENTED_EDGE('',*,*,#9962,.T.);
#9962 = EDGE_CURVE('',#9952,#9935,#9963,.T.);
#9963 = LINE('',#9964,#9965);
#9964 = CARTESIAN_POINT('',(43.,68.299998115493,7.999999436454));
#9965 = VECTOR('',#9966,1.);
#9966 = DIRECTION('',(-1.,-0.,-0.));
#9967 = ORIENTED_EDGE('',*,*,#9934,.T.);
#9968 = ORIENTED_EDGE('',*,*,#9962,.F.);
#9969 = ORIENTED_EDGE('',*,*,#9970,.F.);
#9970 = EDGE_CURVE('',#9971,#9952,#9973,.T.);
#9971 = VERTEX_POINT('',#9972);
#9972 = CARTESIAN_POINT('',(42.984623156952,68.295598456665,
    7.798858927806));
#9973 = ELLIPSE('',#9974,4.731638081924,4.6);
#9974 = AXIS2_PLACEMENT_3D('',#9975,#9976,#9977);
#9975 = CARTESIAN_POINT('',(44.092953832473,63.699998115493,
    7.999999436454));
#9976 = DIRECTION('',(0.972179173545,0.234027462228,-9.939891753284E-03)
  );
#9977 = DIRECTION('',(0.234238456546,-0.971303466437,4.125435204935E-02)
  );
#9978 = ORIENTED_EDGE('',*,*,#9979,.F.);
#9979 = EDGE_CURVE('',#9980,#9971,#9982,.T.);
#9980 = VERTEX_POINT('',#9981);
#9981 = CARTESIAN_POINT('',(42.988614311951,68.262740199281,
    7.41571810282));
#9982 = ELLIPSE('',#9983,4.731612600556,4.6);
#9983 = AXIS2_PLACEMENT_3D('',#9984,#9985,#9986);
#9984 = CARTESIAN_POINT('',(44.092845057235,63.699998115493,
    7.999999436454));
#9985 = DIRECTION('',(0.972184409066,0.234005656596,-9.941199635599E-03)
  );
#9986 = DIRECTION('',(0.234216726066,-0.971308304052,4.126383053623E-02)
  );
#9987 = ORIENTED_EDGE('',*,*,#9988,.F.);
#9988 = EDGE_CURVE('',#9989,#9980,#9991,.T.);
#9989 = VERTEX_POINT('',#9990);
#9990 = CARTESIAN_POINT('',(42.984622169593,68.195492968498,
    7.025050193363));
#9991 = ELLIPSE('',#9992,4.731613057391,4.6);
#9992 = AXIS2_PLACEMENT_3D('',#9993,#9994,#9995);
#9993 = CARTESIAN_POINT('',(44.092846012457,63.699998115493,
    7.999999436454));
#9994 = DIRECTION('',(0.972184315202,0.228959823669,-4.93462908517E-02)
  );
#9995 = DIRECTION('',(0.234217115676,-0.950362439314,0.204825722668));
#9996 = ORIENTED_EDGE('',*,*,#9997,.F.);
#9997 = EDGE_CURVE('',#9998,#9989,#10000,.T.);
#9998 = VERTEX_POINT('',#9999);
#9999 = CARTESIAN_POINT('',(42.988615076041,68.098365705316,
    6.653016680518));
#10000 = ELLIPSE('',#10001,4.731655732711,4.6);
#10001 = AXIS2_PLACEMENT_3D('',#10002,#10003,#10004);
#10002 = CARTESIAN_POINT('',(44.093028179326,63.699998115493,
    7.999999436454));
#10003 = DIRECTION('',(0.972175546965,0.22899618644,-4.935030373487E-02)
  );
#10004 = DIRECTION('',(0.234253507728,-0.95035713644,0.204808709128));
#10005 = ORIENTED_EDGE('',*,*,#10006,.F.);
#10006 = EDGE_CURVE('',#10007,#9998,#10009,.T.);
#10007 = VERTEX_POINT('',#10008);
#10008 = CARTESIAN_POINT('',(42.98462354708,67.966085043281,
    6.279388404129));
#10009 = ELLIPSE('',#10010,4.731653666825,4.6);
#10010 = AXIS2_PLACEMENT_3D('',#10011,#10012,#10013);
#10011 = CARTESIAN_POINT('',(44.093020760453,63.699998115493,
    7.999999436454));
#10012 = DIRECTION('',(0.972175971427,0.217360191952,-8.734086978666E-02
    ));
#10013 = DIRECTION('',(0.234251746164,-0.902073769872,0.362476251813));
#10014 = ORIENTED_EDGE('',*,*,#10015,.F.);
#10015 = EDGE_CURVE('',#10016,#10007,#10018,.T.);
#10016 = VERTEX_POINT('',#10017);
#10017 = CARTESIAN_POINT('',(42.988613373057,67.807456823833,
    5.929061735972));
#10018 = ELLIPSE('',#10019,4.731595823972,4.6);
#10019 = AXIS2_PLACEMENT_3D('',#10020,#10021,#10022);
#10020 = CARTESIAN_POINT('',(44.092773839264,63.699998115493,
    7.999999436454));
#10021 = DIRECTION('',(0.972187856092,0.217312531445,-8.732717873058E-02
    ));
#10022 = DIRECTION('',(0.234202417724,-0.902076955908,0.362500197451));
#10023 = ORIENTED_EDGE('',*,*,#10024,.F.);
#10024 = EDGE_CURVE('',#10025,#10016,#10027,.T.);
#10025 = VERTEX_POINT('',#10026);
#10026 = CARTESIAN_POINT('',(42.984621565367,67.613890009841,
    5.583090203704));
#10027 = ELLIPSE('',#10028,4.731598410207,4.6);
#10028 = AXIS2_PLACEMENT_3D('',#10029,#10030,#10031);
#10029 = CARTESIAN_POINT('',(44.092782860141,63.699998115493,
    7.999999436454));
#10030 = DIRECTION('',(0.972187324706,0.199431301991,-0.122796422863));
#10031 = DIRECTION('',(0.234204623528,-0.82784268314,0.509730013134));
#10032 = ORIENTED_EDGE('',*,*,#10033,.F.);
#10033 = EDGE_CURVE('',#10034,#10025,#10036,.T.);
#10034 = VERTEX_POINT('',#10035);
#10035 = CARTESIAN_POINT('',(42.988614123237,67.398385807407,
    5.264688031824));
#10036 = ELLIPSE('',#10037,4.731637056493,4.6);
#10037 = AXIS2_PLACEMENT_3D('',#10038,#10039,#10040);
#10038 = CARTESIAN_POINT('',(44.092947838299,63.699998115493,
    7.999999436454));
#10039 = DIRECTION('',(0.972179384234,0.199461142269,-0.12281082035));
#10040 = DIRECTION('',(0.234237582105,-0.827843289395,0.509713883796));
#10041 = ORIENTED_EDGE('',*,*,#10042,.F.);
#10042 = EDGE_CURVE('',#10043,#10034,#10045,.T.);
#10043 = VERTEX_POINT('',#10044);
#10044 = CARTESIAN_POINT('',(42.984622994294,67.149176084965,
    4.956453587463));
#10045 = ELLIPSE('',#10046,4.731634890927,4.6);
#10046 = AXIS2_PLACEMENT_3D('',#10047,#10048,#10049);
#10047 = CARTESIAN_POINT('',(44.092940043825,63.699998115493,
    7.999999436454));
#10048 = DIRECTION('',(0.972179829179,0.175835433928,-0.154752317954));
#10049 = DIRECTION('',(0.234235735397,-0.729793265021,0.642289195451));
#10050 = ORIENTED_EDGE('',*,*,#10051,.F.);
#10051 = EDGE_CURVE('',#10052,#10043,#10054,.T.);
#10052 = VERTEX_POINT('',#10053);
#10053 = CARTESIAN_POINT('',(42.98861396313,66.88291777046,
    4.679002226274));
#10054 = ELLIPSE('',#10055,4.731604737793,4.6);
#10055 = AXIS2_PLACEMENT_3D('',#10056,#10057,#10058);
#10056 = CARTESIAN_POINT('',(44.092811323115,63.699998115493,
    7.999999436454));
#10057 = DIRECTION('',(0.972186024597,0.175814385077,-0.154737311526));
#10058 = DIRECTION('',(0.234210020234,-0.729790672165,0.642301518948));
#10059 = ORIENTED_EDGE('',*,*,#10060,.F.);
#10060 = EDGE_CURVE('',#10061,#10052,#10063,.T.);
#10061 = VERTEX_POINT('',#10062);
#10062 = CARTESIAN_POINT('',(42.984622039552,66.585166250923,
    4.417290289691));
#10063 = ELLIPSE('',#10064,4.731607652381,4.6);
#10064 = AXIS2_PLACEMENT_3D('',#10065,#10066,#10067);
#10065 = CARTESIAN_POINT('',(44.092822801128,63.699998115493,
    7.999999436454));
#10066 = DIRECTION('',(0.972185425747,0.147135983092,-0.18222650862));
#10067 = DIRECTION('',(0.234212505994,-0.610742187986,0.756398361877));
#10068 = ORIENTED_EDGE('',*,*,#10069,.F.);
#10069 = EDGE_CURVE('',#10070,#10061,#10072,.T.);
#10070 = VERTEX_POINT('',#10071);
#10071 = CARTESIAN_POINT('',(42.988613288458,66.275879806362,
    4.188853478261));
#10072 = ELLIPSE('',#10073,4.73161406201,4.6);
#10073 = AXIS2_PLACEMENT_3D('',#10074,#10075,#10076);
#10074 = CARTESIAN_POINT('',(44.092850164074,63.699998115493,
    7.999999436454));
#10075 = DIRECTION('',(0.972184108787,0.147139854111,-0.182230408971));
#10076 = DIRECTION('',(0.234217972456,-0.610743174129,0.756395872961));
#10077 = ORIENTED_EDGE('',*,*,#10078,.F.);
#10078 = EDGE_CURVE('',#10079,#10070,#10081,.T.);
#10079 = VERTEX_POINT('',#10080);
#10080 = CARTESIAN_POINT('',(42.984621897913,65.938178163928,
    3.981224738764));
#10081 = ELLIPSE('',#10082,4.731615743649,4.6);
#10082 = AXIS2_PLACEMENT_3D('',#10083,#10084,#10085);
#10083 = CARTESIAN_POINT('',(44.092857194597,63.699998115493,
    7.999999436454));
#10084 = DIRECTION('',(0.972183763268,0.114227730626,-0.204476785953));
#10085 = DIRECTION('',(0.23421940662,-0.474129563523,0.848729890222));
#10086 = ORIENTED_EDGE('',*,*,#10087,.F.);
#10087 = EDGE_CURVE('',#10088,#10079,#10090,.T.);
#10088 = VERTEX_POINT('',#10089);
#10089 = CARTESIAN_POINT('',(42.98861367979,65.594742739658,
    3.80834787541));
#10090 = ELLIPSE('',#10091,4.731619895354,4.6);
#10091 = AXIS2_PLACEMENT_3D('',#10092,#10093,#10094);
#10092 = CARTESIAN_POINT('',(44.092874917919,63.699998115493,
    7.999999436454));
#10093 = DIRECTION('',(0.972182910237,0.114229774923,-0.204479699639));
#10094 = DIRECTION('',(0.234222947303,-0.474130465435,0.848728409271));
#10095 = ORIENTED_EDGE('',*,*,#10096,.F.);
#10096 = EDGE_CURVE('',#10097,#10088,#10099,.T.);
#10097 = VERTEX_POINT('',#10098);
#10098 = CARTESIAN_POINT('',(42.984622210223,65.226822239196,
    3.660781984507));
#10099 = ELLIPSE('',#10100,4.731620355686,4.6);
#10100 = AXIS2_PLACEMENT_3D('',#10101,#10102,#10103);
#10101 = CARTESIAN_POINT('',(44.092877202185,63.699998115493,
    7.999999436454));
#10102 = DIRECTION('',(0.972182815655,7.802930153472E-02,-0.2208438386)
  );
#10103 = DIRECTION('',(0.234223339883,-0.323873556357,0.916648976734));
#10104 = ORIENTED_EDGE('',*,*,#10105,.F.);
#10105 = EDGE_CURVE('',#10106,#10097,#10108,.T.);
#10106 = VERTEX_POINT('',#10107);
#10107 = CARTESIAN_POINT('',(42.988613749303,64.859096829833,
    3.548427784732));
#10108 = ELLIPSE('',#10109,4.731617919869,4.6);
#10109 = AXIS2_PLACEMENT_3D('',#10110,#10111,#10112);
#10110 = CARTESIAN_POINT('',(44.092866803906,63.699998115493,
    7.999999436454));
#10111 = DIRECTION('',(0.97218331613,7.802840830122E-02,-0.220841951032)
  );
#10112 = DIRECTION('',(0.234221262566,-0.323872887985,0.916649743681));
#10113 = ORIENTED_EDGE('',*,*,#10114,.F.);
#10114 = EDGE_CURVE('',#10115,#10106,#10117,.T.);
#10115 = VERTEX_POINT('',#10116);
#10116 = CARTESIAN_POINT('',(42.984622139511,64.471524957101,
    3.465162467755));
#10117 = ELLIPSE('',#10118,4.731619205778,4.6);
#10118 = AXIS2_PLACEMENT_3D('',#10119,#10120,#10121);
#10119 = CARTESIAN_POINT('',(44.092872222884,63.699998115493,
    7.999999436454));
#10120 = DIRECTION('',(0.972183051921,3.95836221952E-02,-0.230853309294)
  );
#10121 = DIRECTION('',(0.234222359219,-0.164299116276,0.958199189539));
#10122 = ORIENTED_EDGE('',*,*,#10123,.F.);
#10123 = EDGE_CURVE('',#10124,#10115,#10126,.T.);
#10124 = VERTEX_POINT('',#10125);
#10125 = CARTESIAN_POINT('',(42.988613899605,64.090109545365,
    3.416571344699));
#10126 = ELLIPSE('',#10127,4.731626191649,4.6);
#10127 = AXIS2_PLACEMENT_3D('',#10128,#10129,#10130);
#10128 = CARTESIAN_POINT('',(44.092902044533,63.699998115493,
    7.999999436454));
#10129 = DIRECTION('',(0.972181616569,3.958523220152E-02,-0.230859077785
    ));
#10130 = DIRECTION('',(0.234228316829,-0.164301377199,0.958197345564));
#10131 = ORIENTED_EDGE('',*,*,#10132,.F.);
#10132 = EDGE_CURVE('',#10133,#10124,#10135,.T.);
#10133 = VERTEX_POINT('',#10134);
#10134 = CARTESIAN_POINT('',(42.988613736322,63.309894648378,
    3.416570666969));
#10135 = ELLIPSE('',#10136,4.731621615276,4.6);
#10136 = AXIS2_PLACEMENT_3D('',#10137,#10138,#10139);
#10137 = CARTESIAN_POINT('',(44.092882590394,63.699998115493,
    7.999999436454));
#10138 = DIRECTION('',(0.972182556853,0.,-0.234224414079));
#10139 = DIRECTION('',(0.234224414079,0.,0.972182556853));
#10140 = ORIENTED_EDGE('',*,*,#10141,.F.);
#10141 = EDGE_CURVE('',#10142,#10133,#10144,.T.);
#10142 = VERTEX_POINT('',#10143);
#10143 = CARTESIAN_POINT('',(42.984622168337,62.916722533581,
    3.467176986503));
#10144 = ELLIPSE('',#10145,4.731623914237,4.6);
#10145 = AXIS2_PLACEMENT_3D('',#10146,#10147,#10148);
#10146 = CARTESIAN_POINT('',(44.092892352224,63.699998115493,
    7.999999436454));
#10147 = DIRECTION('',(0.972182084497,-3.958411228412E-02,
    -0.230857299294));
#10148 = DIRECTION('',(0.234226374652,0.164298170309,0.958198370198));
#10149 = ORIENTED_EDGE('',*,*,#10150,.F.);
#10150 = EDGE_CURVE('',#10151,#10142,#10153,.T.);
#10151 = VERTEX_POINT('',#10152);
#10152 = CARTESIAN_POINT('',(42.98861382463,62.540898234929,
    3.548428088393));
#10153 = ELLIPSE('',#10154,4.731621404527,4.6);
#10154 = AXIS2_PLACEMENT_3D('',#10155,#10156,#10157);
#10155 = CARTESIAN_POINT('',(44.092881638642,63.699998115493,
    7.999999436454));
#10156 = DIRECTION('',(0.972182600155,-3.95839672618E-02,-0.230855152623
    ));
#10157 = DIRECTION('',(0.23422423435,0.164299156848,0.958198724223));
#10158 = ORIENTED_EDGE('',*,*,#10159,.F.);
#10159 = EDGE_CURVE('',#10160,#10151,#10162,.T.);
#10160 = VERTEX_POINT('',#10161);
#10161 = CARTESIAN_POINT('',(42.984622156928,62.161937088902,
    3.664752237218));
#10162 = ELLIPSE('',#10163,4.731622279564,4.6);
#10163 = AXIS2_PLACEMENT_3D('',#10164,#10165,#10166);
#10164 = CARTESIAN_POINT('',(44.0928853646,63.699998115493,
    7.999999436454));
#10165 = DIRECTION('',(0.972182420365,-7.802984812134E-02,
    -0.220845385587));
#10166 = DIRECTION('',(0.234224980591,0.32387342467,0.916648604024));
#10167 = ORIENTED_EDGE('',*,*,#10168,.F.);
#10168 = EDGE_CURVE('',#10169,#10160,#10171,.T.);
#10169 = VERTEX_POINT('',#10170);
#10170 = CARTESIAN_POINT('',(42.988613533429,61.805254720383,
    3.808347319843));
#10171 = ELLIPSE('',#10172,4.731620339655,4.6);
#10172 = AXIS2_PLACEMENT_3D('',#10173,#10174,#10175);
#10173 = CARTESIAN_POINT('',(44.092877083371,63.699998115493,
    7.999999436454));
#10174 = DIRECTION('',(0.972182818949,-7.802945721115E-02,
    -0.220843769096));
#10175 = DIRECTION('',(0.234223326211,0.32387422252,0.916648744856));
#10176 = ORIENTED_EDGE('',*,*,#10177,.F.);
#10177 = EDGE_CURVE('',#10178,#10169,#10180,.T.);
#10178 = VERTEX_POINT('',#10179);
#10179 = CARTESIAN_POINT('',(42.984622088882,61.451398149269,
    3.98704563758));
#10180 = ELLIPSE('',#10181,4.731619808994,4.6);
#10181 = AXIS2_PLACEMENT_3D('',#10182,#10183,#10184);
#10182 = CARTESIAN_POINT('',(44.092874744053,63.699998115493,
    7.999999436454));
#10183 = DIRECTION('',(0.972182927981,-0.114228939614,-0.204480081908));
#10184 = DIRECTION('',(0.234222873654,0.474127156081,0.848730278312));
#10185 = ORIENTED_EDGE('',*,*,#10186,.F.);
#10186 = EDGE_CURVE('',#10187,#10178,#10189,.T.);
#10187 = VERTEX_POINT('',#10188);
#10188 = CARTESIAN_POINT('',(42.988613602269,61.124114822196,
    4.188854561313));
#10189 = ELLIPSE('',#10190,4.731615762281,4.6);
#10190 = AXIS2_PLACEMENT_3D('',#10191,#10192,#10193);
#10191 = CARTESIAN_POINT('',(44.092857468926,63.699998115493,
    7.999999436454));
#10192 = DIRECTION('',(0.97218375944,-0.114227566,-0.20447689612));
#10193 = DIRECTION('',(0.23421942251,0.474128846172,0.848730286573));
#10194 = ORIENTED_EDGE('',*,*,#10195,.F.);
#10195 = EDGE_CURVE('',#10196,#10187,#10198,.T.);
#10196 = VERTEX_POINT('',#10197);
#10197 = CARTESIAN_POINT('',(42.984621762187,60.805539760055,
    4.424791634293));
#10198 = ELLIPSE('',#10199,4.731614210168,4.6);
#10199 = AXIS2_PLACEMENT_3D('',#10200,#10201,#10202);
#10200 = CARTESIAN_POINT('',(44.092850517124,63.699998115493,
    7.999999436454));
#10201 = DIRECTION('',(0.972184078346,-0.147141156107,-0.182229520085));
#10202 = DIRECTION('',(0.234218098812,0.610748229801,0.756391751663));
#10203 = ORIENTED_EDGE('',*,*,#10204,.F.);
#10204 = EDGE_CURVE('',#10205,#10196,#10207,.T.);
#10205 = VERTEX_POINT('',#10206);
#10206 = CARTESIAN_POINT('',(42.98861335542,60.517080367452,
    4.679000398633));
#10207 = ELLIPSE('',#10208,4.731623897038,4.6);
#10208 = AXIS2_PLACEMENT_3D('',#10209,#10210,#10211);
#10209 = CARTESIAN_POINT('',(44.092891869484,63.699998115493,
    7.999999436454));
#10210 = DIRECTION('',(0.972182088031,-0.147145685714,-0.182236480671));
#10211 = DIRECTION('',(0.234226359984,0.610744239001,0.75639241589));
#10212 = ORIENTED_EDGE('',*,*,#10213,.F.);
#10213 = EDGE_CURVE('',#10214,#10205,#10216,.T.);
#10214 = VERTEX_POINT('',#10215);
#10215 = CARTESIAN_POINT('',(42.984622018936,60.24296697799,
    4.965376607446));
#10216 = ELLIPSE('',#10217,4.731624302128,4.6);
#10217 = AXIS2_PLACEMENT_3D('',#10218,#10219,#10220);
#10218 = CARTESIAN_POINT('',(44.09289385367,63.699998115493,
    7.999999436454));
#10219 = DIRECTION('',(0.972182004799,-0.175826971411,-0.154748265479));
#10220 = DIRECTION('',(0.234226705447,0.729787908848,0.642298574306));
#10221 = ORIENTED_EDGE('',*,*,#10222,.F.);
#10222 = EDGE_CURVE('',#10223,#10214,#10225,.T.);
#10223 = VERTEX_POINT('',#10224);
#10224 = CARTESIAN_POINT('',(42.988613521726,60.001611525551,
    5.264686541859));
#10225 = ELLIPSE('',#10226,4.731615500504,4.6);
#10226 = AXIS2_PLACEMENT_3D('',#10227,#10228,#10229);
#10227 = CARTESIAN_POINT('',(44.092856280464,63.699998115493,
    7.999999436454));
#10228 = DIRECTION('',(0.972183813226,-0.175821846139,-0.154742727523));
#10229 = DIRECTION('',(0.234219199258,0.729791380765,0.642297366692));
#10230 = ORIENTED_EDGE('',*,*,#10231,.F.);
#10231 = EDGE_CURVE('',#10232,#10223,#10234,.T.);
#10232 = VERTEX_POINT('',#10233);
#10233 = CARTESIAN_POINT('',(42.98462183536,59.779835533637,
    5.593274414392));
#10234 = ELLIPSE('',#10235,4.731614732925,4.6);
#10235 = AXIS2_PLACEMENT_3D('',#10236,#10237,#10238);
#10236 = CARTESIAN_POINT('',(44.092852820477,63.699998115493,
    7.999999436454));
#10237 = DIRECTION('',(0.972183970937,-0.199444166749,-0.122802080611));
#10238 = DIRECTION('',(0.234218544639,0.827844021956,0.50972144222));
#10239 = ORIENTED_EDGE('',*,*,#10240,.F.);
#10240 = EDGE_CURVE('',#10241,#10232,#10243,.T.);
#10241 = VERTEX_POINT('',#10242);
#10242 = CARTESIAN_POINT('',(42.988613406477,59.592539375552,
    5.929061798647));
#10243 = ELLIPSE('',#10244,4.731620457404,4.6);
#10244 = AXIS2_PLACEMENT_3D('',#10245,#10246,#10247);
#10245 = CARTESIAN_POINT('',(44.092877257883,63.699998115493,
    7.999999436454));
#10246 = DIRECTION('',(0.972182794755,-0.199448060976,-0.1228050673));
#10247 = DIRECTION('',(0.234223426629,0.827841929047,0.509722598018));
#10248 = ORIENTED_EDGE('',*,*,#10249,.F.);
#10249 = EDGE_CURVE('',#10250,#10241,#10252,.T.);
#10250 = VERTEX_POINT('',#10251);
#10251 = CARTESIAN_POINT('',(42.984622061374,59.429488341366,
    6.29039531003));
#10252 = ELLIPSE('',#10253,4.731620274101,4.6);
#10253 = AXIS2_PLACEMENT_3D('',#10254,#10255,#10256);
#10254 = CARTESIAN_POINT('',(44.092876700683,63.699998115493,
    7.999999436454));
#10255 = DIRECTION('',(0.972182832418,-0.21733298633,-8.733220142152E-02
    ));
#10256 = DIRECTION('',(0.234223270305,0.902076885671,0.362486899054));
#10257 = ORIENTED_EDGE('',*,*,#10258,.F.);
#10258 = EDGE_CURVE('',#10259,#10250,#10261,.T.);
#10259 = VERTEX_POINT('',#10260);
#10260 = CARTESIAN_POINT('',(42.988613734937,59.30163102665,
    6.653015044642));
#10261 = ELLIPSE('',#10262,4.731617575449,4.6);
#10262 = AXIS2_PLACEMENT_3D('',#10263,#10264,#10265);
#10263 = CARTESIAN_POINT('',(44.092865180382,63.699998115493,
    7.999999436454));
#10264 = DIRECTION('',(0.972183386897,-0.21733093897,-8.733112393793E-02
    ));
#10265 = DIRECTION('',(0.234220968835,0.902077766037,0.362486195296));
#10266 = ORIENTED_EDGE('',*,*,#10267,.F.);
#10267 = EDGE_CURVE('',#10268,#10259,#10270,.T.);
#10268 = VERTEX_POINT('',#10269);
#10269 = CARTESIAN_POINT('',(42.984621981614,59.201990508426,
    7.036709466211));
#10270 = ELLIPSE('',#10271,4.731617379975,4.6);
#10271 = AXIS2_PLACEMENT_3D('',#10272,#10273,#10274);
#10272 = CARTESIAN_POINT('',(44.092864270603,63.699998115493,
    7.999999436454));
#10273 = DIRECTION('',(0.97218342706,-0.228963893555,-4.934490448117E-02
    ));
#10274 = DIRECTION('',(0.234220802129,0.950363506083,0.204816557327));
#10275 = ORIENTED_EDGE('',*,*,#10276,.F.);
#10276 = EDGE_CURVE('',#10277,#10268,#10279,.T.);
#10277 = VERTEX_POINT('',#10278);
#10278 = CARTESIAN_POINT('',(42.988613051206,59.137256117127,
    7.415717435749));
#10279 = ELLIPSE('',#10280,4.731612810908,4.6);
#10280 = AXIS2_PLACEMENT_3D('',#10281,#10282,#10283);
#10281 = CARTESIAN_POINT('',(44.092844765388,63.699998115493,
    7.999999436454));
#10282 = DIRECTION('',(0.972184365846,-0.228960168675,
    -4.934369225574E-02));
#10283 = DIRECTION('',(0.234216905464,0.950364773825,0.204815130954));
#10284 = ORIENTED_EDGE('',*,*,#10285,.F.);
#10285 = EDGE_CURVE('',#10286,#10277,#10288,.T.);
#10286 = VERTEX_POINT('',#10287);
#10287 = CARTESIAN_POINT('',(42.984621464447,59.103892539677,
    7.810754790677));
#10288 = ELLIPSE('',#10289,4.731612704427,4.6);
#10289 = AXIS2_PLACEMENT_3D('',#10290,#10291,#10292);
#10290 = CARTESIAN_POINT('',(44.092843782722,63.699998115493,
    7.999999436454));
#10291 = DIRECTION('',(0.972184387724,-0.234005791844,
    -9.940103086532E-03));
#10292 = DIRECTION('',(0.234216814652,0.971308476743,4.125926248055E-02)
  );
#10293 = ORIENTED_EDGE('',*,*,#10294,.F.);
#10294 = EDGE_CURVE('',#10295,#10286,#10297,.T.);
#10295 = VERTEX_POINT('',#10296);
#10296 = CARTESIAN_POINT('',(42.988613425692,59.104142912523,
    8.195229949794));
#10297 = ELLIPSE('',#10298,4.731625276256,4.6);
#10298 = AXIS2_PLACEMENT_3D('',#10299,#10300,#10301);
#10299 = CARTESIAN_POINT('',(44.092897450688,63.699998115493,
    7.999999436454));
#10300 = DIRECTION('',(0.97218180465,-0.234016456972,-9.941658465063E-03
    ));
#10301 = DIRECTION('',(0.234227536183,0.971305701984,4.126371999325E-02)
  );
#10302 = ORIENTED_EDGE('',*,*,#10303,.F.);
#10303 = EDGE_CURVE('',#10304,#10295,#10306,.T.);
#10304 = VERTEX_POINT('',#10305);
#10305 = CARTESIAN_POINT('',(42.98462162877,59.138020054314,
    8.590216489178));
#10306 = ELLIPSE('',#10307,4.73162531639,4.6);
#10307 = AXIS2_PLACEMENT_3D('',#10308,#10309,#10310);
#10308 = CARTESIAN_POINT('',(44.092897795578,63.699998115493,
    7.999999436454));
#10309 = DIRECTION('',(0.972181796404,-0.232330374874,2.975149829651E-02
    ));
#10310 = DIRECTION('',(0.23422757041,0.964307322188,-0.123486167786));
#10311 = ORIENTED_EDGE('',*,*,#10312,.F.);
#10312 = EDGE_CURVE('',#10313,#10304,#10315,.T.);
#10313 = VERTEX_POINT('',#10314);
#10314 = CARTESIAN_POINT('',(42.988613853437,59.203244222772,
    8.969125036312));
#10315 = ELLIPSE('',#10316,4.73163991915,4.6);
#10316 = AXIS2_PLACEMENT_3D('',#10317,#10318,#10319);
#10317 = CARTESIAN_POINT('',(44.092960130315,63.699998115493,
    7.999999436454));
#10318 = DIRECTION('',(0.972178796062,-0.23234288931,2.975181126906E-02)
  );
#10319 = DIRECTION('',(0.234240023238,0.964305020467,-0.123480520794));
#10320 = ORIENTED_EDGE('',*,*,#10321,.F.);
#10321 = EDGE_CURVE('',#10322,#10313,#10324,.T.);
#10322 = VERTEX_POINT('',#10323);
#10323 = CARTESIAN_POINT('',(42.984622547236,59.303375223819,
    9.352666116906));
#10324 = ELLIPSE('',#10325,4.731638918518,4.6);
#10325 = AXIS2_PLACEMENT_3D('',#10326,#10327,#10328);
#10326 = CARTESIAN_POINT('',(44.092956786748,63.699998115493,
    7.999999436454));
#10327 = DIRECTION('',(0.972179001656,-0.223972089535,6.858929835797E-02
    ));
#10328 = DIRECTION('',(0.234239169952,0.929566828841,-0.28467090118));
#10329 = ORIENTED_EDGE('',*,*,#10330,.F.);
#10330 = EDGE_CURVE('',#10331,#10322,#10333,.T.);
#10331 = VERTEX_POINT('',#10332);
#10332 = CARTESIAN_POINT('',(42.988613565858,59.431708978004,
    9.715140200004));
#10333 = ELLIPSE('',#10334,4.731611109728,4.6);
#10334 = AXIS2_PLACEMENT_3D('',#10335,#10336,#10337);
#10335 = CARTESIAN_POINT('',(44.092838076093,63.699998115493,
    7.999999436454));
#10336 = DIRECTION('',(0.97218471538,-0.223948700397,6.858468321593E-02)
  );
#10337 = DIRECTION('',(0.234215454617,0.929569331415,-0.284682242001));
#10338 = ORIENTED_EDGE('',*,*,#10339,.F.);
#10339 = EDGE_CURVE('',#10340,#10331,#10342,.T.);
#10340 = VERTEX_POINT('',#10341);
#10341 = CARTESIAN_POINT('',(42.984622004662,59.595229346347,
    10.076263714394));
#10342 = ELLIPSE('',#10343,4.731612204991,4.6);
#10343 = AXIS2_PLACEMENT_3D('',#10344,#10345,#10346);
#10344 = CARTESIAN_POINT('',(44.092842197512,63.699998115493,
    7.999999436454));
#10345 = DIRECTION('',(0.972184490341,-0.209137719823,0.105445392919));
#10346 = DIRECTION('',(0.234216388711,0.868088047453,-0.43768233358));
#10347 = ORIENTED_EDGE('',*,*,#10348,.F.);
#10348 = EDGE_CURVE('',#10349,#10340,#10351,.T.);
#10349 = VERTEX_POINT('',#10350);
#10350 = CARTESIAN_POINT('',(42.988613894497,59.782964826738,
    10.411814150479));
#10351 = ELLIPSE('',#10352,4.731623123513,4.6);
#10352 = AXIS2_PLACEMENT_3D('',#10353,#10354,#10355);
#10353 = CARTESIAN_POINT('',(44.092888807913,63.699998115493,
    7.999999436454));
#10354 = DIRECTION('',(0.972182246963,-0.209146465022,0.105448730947));
#10355 = DIRECTION('',(0.234225700318,0.868087831666,-0.437677778536));
#10356 = ORIENTED_EDGE('',*,*,#10357,.F.);
#10357 = EDGE_CURVE('',#10358,#10349,#10360,.T.);
#10358 = VERTEX_POINT('',#10359);
#10359 = CARTESIAN_POINT('',(42.98462217395,60.005159108737,
    10.740102484544));
#10360 = ELLIPSE('',#10361,4.731623633404,4.6);
#10361 = AXIS2_PLACEMENT_3D('',#10362,#10363,#10364);
#10362 = CARTESIAN_POINT('',(44.092891161909,63.699998115493,
    7.999999436454));
#10363 = DIRECTION('',(0.972182142199,-0.188316957946,0.139278877581));
#10364 = DIRECTION('',(0.234226135156,0.781630894717,-0.57809277978));
#10365 = ORIENTED_EDGE('',*,*,#10366,.F.);
#10366 = EDGE_CURVE('',#10367,#10358,#10369,.T.);
#10367 = VERTEX_POINT('',#10368);
#10368 = CARTESIAN_POINT('',(42.9886140794,60.246905784267,
    11.039103474165));
#10369 = ELLIPSE('',#10370,4.731631511984,4.6);
#10370 = AXIS2_PLACEMENT_3D('',#10371,#10372,#10373);
#10371 = CARTESIAN_POINT('',(44.092924793806,63.699998115493,
    7.999999436454));
#10372 = DIRECTION('',(0.97218052343,-0.188322770206,0.139282317919));
#10373 = DIRECTION('',(0.234232853936,0.781631296534,-0.578089514189));
#10374 = ORIENTED_EDGE('',*,*,#10375,.F.);
#10375 = EDGE_CURVE('',#10376,#10367,#10378,.T.);
#10376 = VERTEX_POINT('',#10377);
#10377 = CARTESIAN_POINT('',(42.984622479724,60.521375225152,
    11.325109437793));
#10378 = ELLIPSE('',#10379,4.731630156843,4.6);
#10379 = AXIS2_PLACEMENT_3D('',#10380,#10381,#10382);
#10380 = CARTESIAN_POINT('',(44.092919319161,63.699998115493,
    7.999999436454));
#10381 = DIRECTION('',(0.972180801863,-0.162074231154,0.16910479616));
#10382 = DIRECTION('',(0.2342316983,0.67269057582,-0.701871000052));
#10383 = ORIENTED_EDGE('',*,*,#10384,.F.);
#10384 = EDGE_CURVE('',#10385,#10376,#10387,.T.);
#10385 = VERTEX_POINT('',#10386);
#10386 = CARTESIAN_POINT('',(42.988613862785,60.810186991081,
    11.578964603262));
#10387 = ELLIPSE('',#10388,4.731620426239,4.6);
#10388 = AXIS2_PLACEMENT_3D('',#10389,#10390,#10391);
#10389 = CARTESIAN_POINT('',(44.092877781027,63.699998115493,
    7.999999436454));
#10390 = DIRECTION('',(0.972182801159,-0.162067873891,0.169099394983));
#10391 = DIRECTION('',(0.234223400051,0.672689405001,-0.701874891465));
#10392 = ORIENTED_EDGE('',*,*,#10393,.F.);
#10393 = EDGE_CURVE('',#10394,#10385,#10396,.T.);
#10394 = VERTEX_POINT('',#10395);
#10395 = CARTESIAN_POINT('',(42.984622275997,61.129051178073,
    11.814476051269));
#10396 = ELLIPSE('',#10397,4.731620444144,4.6);
#10397 = AXIS2_PLACEMENT_3D('',#10398,#10399,#10400);
#10398 = CARTESIAN_POINT('',(44.092877647824,63.699998115493,
    7.999999436454));
#10399 = DIRECTION('',(0.97218279748,-0.13115914075,0.194056404384));
#10400 = DIRECTION('',(0.234223415321,0.544397579526,-0.805463014124));
#10401 = ORIENTED_EDGE('',*,*,#10402,.F.);
#10402 = EDGE_CURVE('',#10403,#10394,#10405,.T.);
#10403 = VERTEX_POINT('',#10404);
#10404 = CARTESIAN_POINT('',(42.988613726658,61.456603670228,
    12.015865639772));
#10405 = ELLIPSE('',#10406,4.731617474597,4.6);
#10406 = AXIS2_PLACEMENT_3D('',#10407,#10408,#10409);
#10407 = CARTESIAN_POINT('',(44.09286497109,63.699998115493,
    7.999999436454));
#10408 = DIRECTION('',(0.972183407618,-0.131157507089,0.194054451858));
#10409 = DIRECTION('',(0.234220882826,0.544397026594,-0.805464124268));
#10410 = ORIENTED_EDGE('',*,*,#10411,.F.);
#10411 = EDGE_CURVE('',#10412,#10403,#10414,.T.);
#10412 = VERTEX_POINT('',#10413);
#10413 = CARTESIAN_POINT('',(42.984622139308,61.810688238458,
    12.194103415677));
#10414 = ELLIPSE('',#10415,4.731618298243,4.6);
#10415 = AXIS2_PLACEMENT_3D('',#10416,#10417,#10418);
#10416 = CARTESIAN_POINT('',(44.092868348064,63.699998115493,
    7.999999436454));
#10417 = DIRECTION('',(0.972183238388,-9.647594091372E-02,0.213429482085
    ));
#10418 = DIRECTION('',(0.234221585252,0.400442566226,-0.885881482003));
#10419 = ORIENTED_EDGE('',*,*,#10420,.F.);
#10420 = EDGE_CURVE('',#10421,#10412,#10423,.T.);
#10421 = VERTEX_POINT('',#10422);
#10422 = CARTESIAN_POINT('',(42.988614011655,62.167556319378,
    12.337236130655));
#10423 = ELLIPSE('',#10424,4.73162629653,4.6);
#10424 = AXIS2_PLACEMENT_3D('',#10425,#10426,#10427);
#10425 = CARTESIAN_POINT('',(44.092902491617,63.699998115493,
    7.999999436454));
#10426 = DIRECTION('',(0.97218159502,-9.647938895902E-02,0.213435408989)
  );
#10427 = DIRECTION('',(0.234228406271,0.40044453932,-0.885878786643));
#10428 = ORIENTED_EDGE('',*,*,#10429,.F.);
#10429 = EDGE_CURVE('',#10430,#10421,#10432,.T.);
#10430 = VERTEX_POINT('',#10431);
#10431 = CARTESIAN_POINT('',(42.984622593172,62.546648893999,
    12.453064175853));
#10432 = ELLIPSE('',#10433,4.731625135209,4.6);
#10433 = AXIS2_PLACEMENT_3D('',#10434,#10435,#10436);
#10434 = CARTESIAN_POINT('',(44.09289799428,63.699998115493,
    7.999999436454));
#10435 = DIRECTION('',(0.972181833631,-5.902066476965E-02,0.226669458659
    ));
#10436 = DIRECTION('',(0.234227415899,0.244970546585,-0.940811856296));
#10437 = ORIENTED_EDGE('',*,*,#10438,.F.);
#10438 = EDGE_CURVE('',#10439,#10430,#10441,.T.);
#10439 = VERTEX_POINT('',#10440);
#10440 = CARTESIAN_POINT('',(42.988614020554,62.922594710051,
    12.53383268716));
#10441 = ELLIPSE('',#10442,4.731616410376,4.6);
#10442 = AXIS2_PLACEMENT_3D('',#10443,#10444,#10445);
#10443 = CARTESIAN_POINT('',(44.092860748985,63.699998115493,
    7.999999436454));
#10444 = DIRECTION('',(0.972183626279,-5.901805022968E-02,0.226662450667
    ));
#10445 = DIRECTION('',(0.234219975227,0.244967928259,-0.940814390477));
#10446 = ORIENTED_EDGE('',*,*,#10447,.F.);
#10447 = EDGE_CURVE('',#10448,#10439,#10450,.T.);
#10448 = VERTEX_POINT('',#10449);
#10449 = CARTESIAN_POINT('',(42.984622449948,63.315817512603,
    12.583928456887));
#10450 = ELLIPSE('',#10451,4.731618793804,4.6);
#10451 = AXIS2_PLACEMENT_3D('',#10452,#10453,#10454);
#10452 = CARTESIAN_POINT('',(44.09287077831,63.699998115493,
    7.999999436454));
#10453 = DIRECTION('',(0.972183136567,-1.986335521859E-02,0.233378225407
    ));
#10454 = DIRECTION('',(0.234222007878,8.244664604352E-02,-0.968680856413
    ));
#10455 = ORIENTED_EDGE('',*,*,#10456,.F.);
#10456 = EDGE_CURVE('',#10457,#10448,#10459,.T.);
#10457 = VERTEX_POINT('',#10458);
#10458 = CARTESIAN_POINT('',(42.98861413022,63.699996948242,
    12.599999436454));
#10459 = ELLIPSE('',#10460,4.731622257456,4.6);
#10460 = AXIS2_PLACEMENT_3D('',#10461,#10462,#10463);
#10461 = CARTESIAN_POINT('',(44.092885564248,63.699998115493,
    7.999999436454));
#10462 = DIRECTION('',(0.972182424908,-1.986390805434E-02,0.233381142892
    ));
#10463 = DIRECTION('',(0.234224961737,8.244784055973E-02,-0.968680040512
    ));
#10464 = ORIENTED_EDGE('',*,*,#10465,.F.);
#10465 = EDGE_CURVE('',#10466,#10457,#10468,.T.);
#10466 = VERTEX_POINT('',#10467);
#10467 = CARTESIAN_POINT('',(42.984622561453,64.096027859025,
    12.582919950955));
#10468 = ELLIPSE('',#10469,4.731622219781,4.6);
#10469 = AXIS2_PLACEMENT_3D('',#10470,#10471,#10472);
#10470 = CARTESIAN_POINT('',(44.092885516549,63.699998115493,
    7.999999436454));
#10471 = DIRECTION('',(0.972182432648,1.986350736259E-02,0.23338114475)
  );
#10472 = DIRECTION('',(0.234224929608,-8.244618940029E-02,
    -0.968680188816));
#10473 = ORIENTED_EDGE('',*,*,#10474,.F.);
#10474 = EDGE_CURVE('',#10475,#10466,#10477,.T.);
#10475 = VERTEX_POINT('',#10476);
#10476 = CARTESIAN_POINT('',(42.98861419118,64.477405606543,
    12.53383198661));
#10477 = ELLIPSE('',#10478,4.731619888282,4.6);
#10478 = AXIS2_PLACEMENT_3D('',#10479,#10480,#10481);
#10479 = CARTESIAN_POINT('',(44.092875563665,63.699998115493,
    7.999999436454));
#10480 = DIRECTION('',(0.97218291169,1.986354224576E-02,0.233379146257)
  );
#10481 = DIRECTION('',(0.234222941272,-8.244707470609E-02,
    -0.968680594238));
#10482 = ORIENTED_EDGE('',*,*,#10483,.F.);
#10483 = EDGE_CURVE('',#10484,#10475,#10486,.T.);
#10484 = VERTEX_POINT('',#10485);
#10485 = CARTESIAN_POINT('',(42.984622606262,64.86484831362,
    12.45006955005));
#10486 = ELLIPSE('',#10487,4.731619737808,4.6);
#10487 = AXIS2_PLACEMENT_3D('',#10488,#10489,#10490);
#10488 = CARTESIAN_POINT('',(44.092874967224,63.699998115493,
    7.999999436454));
#10489 = DIRECTION('',(0.972182942607,5.901922893394E-02,0.226665076092)
  );
#10490 = DIRECTION('',(0.234222812945,-0.244969680511,-0.940813227759));
#10491 = ORIENTED_EDGE('',*,*,#10492,.F.);
#10492 = EDGE_CURVE('',#10493,#10484,#10495,.T.);
#10493 = VERTEX_POINT('',#10494);
#10494 = CARTESIAN_POINT('',(42.988613999165,65.232439772766,
    12.33723617971));
#10495 = ELLIPSE('',#10496,4.731618587775,4.6);
#10496 = AXIS2_PLACEMENT_3D('',#10497,#10498,#10499);
#10497 = CARTESIAN_POINT('',(44.092870057835,63.699998115493,
    7.999999436454));
#10498 = DIRECTION('',(0.972183178899,5.90190792949E-02,0.22666410158));
#10499 = DIRECTION('',(0.234221832172,-0.244970144724,-0.940813351058));
#10500 = ORIENTED_EDGE('',*,*,#10501,.F.);
#10501 = EDGE_CURVE('',#10502,#10493,#10504,.T.);
#10502 = VERTEX_POINT('',#10503);
#10503 = CARTESIAN_POINT('',(42.984622374555,65.600163279873,
    12.189196537102));
#10504 = ELLIPSE('',#10505,4.731615543225,4.6);
#10505 = AXIS2_PLACEMENT_3D('',#10506,#10507,#10508);
#10506 = CARTESIAN_POINT('',(44.092856825225,63.699998115493,
    7.999999436454));
#10507 = DIRECTION('',(0.972183804448,9.64753979184E-02,0.213427149081)
  );
#10508 = DIRECTION('',(0.234219235692,-0.400444562577,-0.885881200802));
#10509 = ORIENTED_EDGE('',*,*,#10510,.F.);
#10510 = EDGE_CURVE('',#10511,#10502,#10513,.T.);
#10511 = VERTEX_POINT('',#10512);
#10512 = CARTESIAN_POINT('',(42.98861389995,65.943393688884,
    12.015865009564));
#10513 = ELLIPSE('',#10514,4.731618276855,4.6);
#10514 = AXIS2_PLACEMENT_3D('',#10515,#10516,#10517);
#10515 = CARTESIAN_POINT('',(44.092868494934,63.699998115493,
    7.999999436454));
#10516 = DIRECTION('',(0.972183242782,9.6476139975E-02,0.213429372086));
#10517 = DIRECTION('',(0.234221567012,-0.400443425465,-0.885881098426));
#10518 = ORIENTED_EDGE('',*,*,#10519,.F.);
#10519 = EDGE_CURVE('',#10520,#10511,#10522,.T.);
#10520 = VERTEX_POINT('',#10521);
#10521 = CARTESIAN_POINT('',(42.984622371542,66.28080969472,
    11.807808726916));
#10522 = ELLIPSE('',#10523,4.73161749913,4.6);
#10523 = AXIS2_PLACEMENT_3D('',#10524,#10525,#10526);
#10524 = CARTESIAN_POINT('',(44.092865170762,63.699998115493,
    7.999999436454));
#10525 = DIRECTION('',(0.972183402578,0.131157734333,0.194054323521));
#10526 = DIRECTION('',(0.234220903748,-0.544397918366,-0.805463515453));
#10527 = ORIENTED_EDGE('',*,*,#10528,.F.);
#10528 = EDGE_CURVE('',#10529,#10520,#10531,.T.);
#10529 = VERTEX_POINT('',#10530);
#10530 = CARTESIAN_POINT('',(42.988614908138,66.589813435903,
    11.578961215228));
#10531 = ELLIPSE('',#10532,4.731635180125,4.6);
#10532 = AXIS2_PLACEMENT_3D('',#10533,#10534,#10535);
#10533 = CARTESIAN_POINT('',(44.092940647307,63.699998115493,
    7.999999436454));
#10534 = DIRECTION('',(0.97217976976,0.131164894527,0.194067683332));
#10535 = DIRECTION('',(0.234235982014,-0.544390558039,-0.805464105375));
#10536 = ORIENTED_EDGE('',*,*,#10537,.F.);
#10537 = EDGE_CURVE('',#10538,#10529,#10540,.T.);
#10538 = VERTEX_POINT('',#10539);
#10539 = CARTESIAN_POINT('',(42.984623009875,66.887192460301,
    11.316894401391));
#10540 = ELLIPSE('',#10541,4.731638535332,4.6);
#10541 = AXIS2_PLACEMENT_3D('',#10542,#10543,#10544);
#10542 = CARTESIAN_POINT('',(44.092955628945,63.699998115493,
    7.999999436454));
#10543 = DIRECTION('',(0.972179080386,0.162079174988,0.169109954451));
#10544 = DIRECTION('',(0.23423884319,-0.672689384662,-0.701869757223));
#10545 = ORIENTED_EDGE('',*,*,#10546,.F.);
#10546 = EDGE_CURVE('',#10547,#10538,#10549,.T.);
#10547 = VERTEX_POINT('',#10548);
#10548 = CARTESIAN_POINT('',(42.988614346148,67.153091092832,
    11.039102740037));
#10549 = ELLIPSE('',#10550,4.731630087065,4.6);
#10550 = AXIS2_PLACEMENT_3D('',#10551,#10552,#10553);
#10551 = CARTESIAN_POINT('',(44.092919566031,63.699998115493,
    7.999999436454));
#10552 = DIRECTION('',(0.9721808162,0.162074724226,0.169104241164));
#10553 = DIRECTION('',(0.234231638795,-0.672692803132,-0.701868885193));
#10554 = ORIENTED_EDGE('',*,*,#10555,.F.);
#10555 = EDGE_CURVE('',#10556,#10547,#10558,.T.);
#10556 = VERTEX_POINT('',#10557);
#10557 = CARTESIAN_POINT('',(42.984622362844,67.401920281732,
    10.730525443492));
#10558 = ELLIPSE('',#10559,4.731631532729,4.6);
#10559 = AXIS2_PLACEMENT_3D('',#10560,#10561,#10562);
#10560 = CARTESIAN_POINT('',(44.092925080568,63.699998115493,
    7.999999436454));
#10561 = DIRECTION('',(0.972180519168,0.188322915148,0.139282151693));
#10562 = DIRECTION('',(0.234232871626,-0.781631835655,-0.578088778079));
#10563 = ORIENTED_EDGE('',*,*,#10564,.F.);
#10564 = EDGE_CURVE('',#10565,#10556,#10567,.T.);
#10565 = VERTEX_POINT('',#10566);
#10566 = CARTESIAN_POINT('',(42.988614531624,67.61703226103,
    10.411812758977));
#10567 = ELLIPSE('',#10568,4.731644605011,4.6);
#10568 = AXIS2_PLACEMENT_3D('',#10569,#10570,#10571);
#10569 = CARTESIAN_POINT('',(44.092980881102,63.699998115493,
    7.999999436454));
#10570 = DIRECTION('',(0.97217783329,0.188331196785,0.139289700899));
#10571 = DIRECTION('',(0.234244019046,-0.781626850397,-0.578091001729));
#10572 = ORIENTED_EDGE('',*,*,#10573,.F.);
#10573 = EDGE_CURVE('',#10574,#10565,#10576,.T.);
#10574 = VERTEX_POINT('',#10575);
#10575 = CARTESIAN_POINT('',(42.984623099326,67.810119121952,
    10.065648320525));
#10576 = ELLIPSE('',#10577,4.731646204698,4.6);
#10577 = AXIS2_PLACEMENT_3D('',#10578,#10579,#10580);
#10578 = CARTESIAN_POINT('',(44.092988451177,63.699998115493,
    7.999999436454));
#10579 = DIRECTION('',(0.972177504614,0.209163154664,0.105459348819));
#10580 = DIRECTION('',(0.234245383139,-0.868079921289,-0.43768293402));
#10581 = ORIENTED_EDGE('',*,*,#10582,.F.);
#10582 = EDGE_CURVE('',#10583,#10574,#10585,.T.);
#10583 = VERTEX_POINT('',#10584);
#10584 = CARTESIAN_POINT('',(42.988615109824,67.968288216592,
    9.715137801969));
#10585 = ELLIPSE('',#10586,4.731635475605,4.6);
#10586 = AXIS2_PLACEMENT_3D('',#10587,#10588,#10589);
#10587 = CARTESIAN_POINT('',(44.092942653269,63.699998115493,
    7.999999436454));
#10588 = DIRECTION('',(0.972179709049,0.209155408243,0.10545439069));
#10589 = DIRECTION('',(0.234236233989,-0.868083645597,-0.437680443856));
#10590 = ORIENTED_EDGE('',*,*,#10591,.F.);
#10591 = EDGE_CURVE('',#10592,#10583,#10594,.T.);
#10592 = VERTEX_POINT('',#10593);
#10593 = CARTESIAN_POINT('',(42.984623212297,68.100093579911,
    9.341327101123));
#10594 = ELLIPSE('',#10595,4.731636148945,4.6);
#10595 = AXIS2_PLACEMENT_3D('',#10596,#10597,#10598);
#10596 = CARTESIAN_POINT('',(44.092945646424,63.699998115493,
    7.999999436454));
#10597 = DIRECTION('',(0.972179570702,0.223969514391,6.858964158713E-02)
  );
#10598 = DIRECTION('',(0.234236808187,-0.929566057685,-0.284675362634));
#10599 = ORIENTED_EDGE('',*,*,#10600,.F.);
#10600 = EDGE_CURVE('',#10601,#10592,#10603,.T.);
#10601 = VERTEX_POINT('',#10602);
#10602 = CARTESIAN_POINT('',(42.988614456409,68.196752122262,
    8.969124507126));
#10603 = ELLIPSE('',#10604,4.731626483667,4.6);
#10604 = AXIS2_PLACEMENT_3D('',#10605,#10606,#10607);
#10605 = CARTESIAN_POINT('',(44.092904388022,63.699998115493,
    7.999999436454));
#10606 = DIRECTION('',(0.97218155657,0.223961881255,6.858641855076E-02)
  );
#10607 = DIRECTION('',(0.23422856586,-0.929568985454,-0.28467258424));
#10608 = ORIENTED_EDGE('',*,*,#10609,.F.);
#10609 = EDGE_CURVE('',#10610,#10601,#10612,.T.);
#10610 = VERTEX_POINT('',#10611);
#10611 = CARTESIAN_POINT('',(42.984622482955,68.263491480412,
    8.57838365852));
#10612 = ELLIPSE('',#10613,4.731626981681,4.6);
#10613 = AXIS2_PLACEMENT_3D('',#10614,#10615,#10616);
#10614 = CARTESIAN_POINT('',(44.092905773147,63.699998115493,
    7.999999436454));
#10615 = DIRECTION('',(0.972181454246,0.232331926118,2.97505651413E-02)
  );
#10616 = DIRECTION('',(0.234228990563,-0.964307574646,-0.1234815025));
#10617 = ORIENTED_EDGE('',*,*,#10618,.F.);
#10618 = EDGE_CURVE('',#9954,#10610,#10619,.T.);
#10619 = ELLIPSE('',#10620,4.73163822585,4.6);
#10620 = AXIS2_PLACEMENT_3D('',#10621,#10622,#10623);
#10621 = CARTESIAN_POINT('',(44.092953771135,63.699998115493,
    7.999999436454));
#10622 = DIRECTION('',(0.972179143974,0.23234131207,2.975276001154E-02)
  );
#10623 = DIRECTION('',(0.234238579279,-0.964304763857,-0.123485263819));
#10624 = CYLINDRICAL_SURFACE('',#10625,4.6);
#10625 = AXIS2_PLACEMENT_3D('',#10626,#10627,#10628);
#10626 = CARTESIAN_POINT('',(43.,63.699998115493,7.999999436454));
#10627 = DIRECTION('',(1.,0.,0.));
#10628 = DIRECTION('',(0.,1.,0.));
#10629 = ADVANCED_FACE('',(#10630),#10648,.T.);
#10630 = FACE_BOUND('',#10631,.T.);
#10631 = EDGE_LOOP('',(#10632,#10633,#10641,#10647));
#10632 = ORIENTED_EDGE('',*,*,#9951,.T.);
#10633 = ORIENTED_EDGE('',*,*,#10634,.F.);
#10634 = EDGE_CURVE('',#10635,#9954,#10637,.T.);
#10635 = VERTEX_POINT('',#10636);
#10636 = CARTESIAN_POINT('',(42.993843078613,68.27409362793,
    8.194305419922));
#10637 = LINE('',#10638,#10639);
#10638 = CARTESIAN_POINT('',(42.993843078613,68.27409362793,
    8.194305419922));
#10639 = VECTOR('',#10640,1.);
#10640 = DIRECTION('',(-0.233440782063,0.971494860574,4.126908222784E-02
    ));
#10641 = ORIENTED_EDGE('',*,*,#10642,.T.);
#10642 = EDGE_CURVE('',#10635,#9971,#10643,.T.);
#10643 = LINE('',#10644,#10645);
#10644 = CARTESIAN_POINT('',(42.993843078613,68.27409362793,
    8.194305419922));
#10645 = VECTOR('',#10646,1.);
#10646 = DIRECTION('',(-2.327451387752E-02,5.428619171016E-02,
    -0.998254129164));
#10647 = ORIENTED_EDGE('',*,*,#9970,.T.);
#10648 = PLANE('',#10649);
#10649 = AXIS2_PLACEMENT_3D('',#10650,#10651,#10652);
#10650 = CARTESIAN_POINT('',(42.980317253594,68.314426945195,
    7.821019513168));
#10651 = DIRECTION('',(0.972179173545,0.234027462228,-9.939891753284E-03
    ));
#10652 = DIRECTION('',(-0.234039024211,0.972227203459,
    -2.081789636229E-19));
#10653 = ADVANCED_FACE('',(#10654),#10672,.T.);
#10654 = FACE_BOUND('',#10655,.T.);
#10655 = EDGE_LOOP('',(#10656,#10664,#10665,#10666));
#10656 = ORIENTED_EDGE('',*,*,#10657,.T.);
#10657 = EDGE_CURVE('',#10658,#10635,#10660,.T.);
#10658 = VERTEX_POINT('',#10659);
#10659 = CARTESIAN_POINT('',(42.993843078613,68.17546081543,
    8.964535713196));
#10660 = LINE('',#10661,#10662);
#10661 = CARTESIAN_POINT('',(42.993843078613,68.17546081543,
    8.964535713196));
#10662 = VECTOR('',#10663,1.);
#10663 = DIRECTION('',(0.,0.127019042308,-0.991900278703));
#10664 = ORIENTED_EDGE('',*,*,#10634,.T.);
#10665 = ORIENTED_EDGE('',*,*,#10618,.T.);
#10666 = ORIENTED_EDGE('',*,*,#10667,.F.);
#10667 = EDGE_CURVE('',#10658,#10610,#10668,.T.);
#10668 = LINE('',#10669,#10670);
#10669 = CARTESIAN_POINT('',(42.993843078613,68.17546081543,
    8.964535713196));
#10670 = VECTOR('',#10671,1.);
#10671 = DIRECTION('',(-2.327455169936E-02,0.222206280294,
    -0.974721839419));
#10672 = PLANE('',#10673);
#10673 = AXIS2_PLACEMENT_3D('',#10674,#10675,#10676);
#10674 = CARTESIAN_POINT('',(42.989016805564,68.247218918326,
    8.561871564641));
#10675 = DIRECTION('',(0.972179143974,0.23234131207,2.975276001154E-02)
  );
#10676 = DIRECTION('',(-0.232444217766,0.97260972935,-8.959230073836E-19
    ));
#10677 = ADVANCED_FACE('',(#10678),#10688,.T.);
#10678 = FACE_BOUND('',#10679,.T.);
#10679 = EDGE_LOOP('',(#10680,#10681,#10687));
#10680 = ORIENTED_EDGE('',*,*,#10609,.T.);
#10681 = ORIENTED_EDGE('',*,*,#10682,.F.);
#10682 = EDGE_CURVE('',#10658,#10601,#10683,.T.);
#10683 = LINE('',#10684,#10685);
#10684 = CARTESIAN_POINT('',(42.993843078613,68.17546081543,
    8.964535713196));
#10685 = VECTOR('',#10686,1.);
#10686 = DIRECTION('',(-0.233431039925,0.950547142374,0.204866004317));
#10687 = ORIENTED_EDGE('',*,*,#10667,.T.);
#10688 = PLANE('',#10689);
#10689 = AXIS2_PLACEMENT_3D('',#10690,#10691,#10692);
#10690 = CARTESIAN_POINT('',(42.9803172591,68.278298372017,
    8.603436800827));
#10691 = DIRECTION('',(0.972181454246,0.232331926118,2.97505651413E-02)
  );
#10692 = DIRECTION('',(-0.232434812465,0.972611977077,
    -6.400734463274E-20));
#10693 = ADVANCED_FACE('',(#10694),#10712,.T.);
#10694 = FACE_BOUND('',#10695,.T.);
#10695 = EDGE_LOOP('',(#10696,#10704,#10705,#10706));
#10696 = ORIENTED_EDGE('',*,*,#10697,.T.);
#10697 = EDGE_CURVE('',#10698,#10658,#10700,.T.);
#10698 = VERTEX_POINT('',#10699);
#10699 = CARTESIAN_POINT('',(42.993843078613,67.948081970215,
    9.70701789856));
#10700 = LINE('',#10701,#10702);
#10701 = CARTESIAN_POINT('',(42.993843078613,67.948081970215,
    9.70701789856));
#10702 = VECTOR('',#10703,1.);
#10703 = DIRECTION('',(0.,0.292818334514,-0.956168093471));
#10704 = ORIENTED_EDGE('',*,*,#10682,.T.);
#10705 = ORIENTED_EDGE('',*,*,#10600,.T.);
#10706 = ORIENTED_EDGE('',*,*,#10707,.F.);
#10707 = EDGE_CURVE('',#10698,#10592,#10708,.T.);
#10708 = LINE('',#10709,#10710);
#10709 = CARTESIAN_POINT('',(42.993843078613,67.948081970215,
    9.70701789856));
#10710 = VECTOR('',#10711,1.);
#10711 = DIRECTION('',(-2.327460391047E-02,0.383737668639,
    -0.923148793251));
#10712 = PLANE('',#10713);
#10713 = AXIS2_PLACEMENT_3D('',#10714,#10715,#10716);
#10714 = CARTESIAN_POINT('',(42.989016797417,68.086857065261,
    9.3222724876));
#10715 = DIRECTION('',(0.97218155657,0.223961881255,6.858641855076E-02)
  );
#10716 = DIRECTION('',(-0.224490516236,0.97447627376,1.698629425744E-18)
  );
#10717 = ADVANCED_FACE('',(#10718),#10728,.T.);
#10718 = FACE_BOUND('',#10719,.T.);
#10719 = EDGE_LOOP('',(#10720,#10721,#10727));
#10720 = ORIENTED_EDGE('',*,*,#10591,.T.);
#10721 = ORIENTED_EDGE('',*,*,#10722,.F.);
#10722 = EDGE_CURVE('',#10698,#10583,#10723,.T.);
#10723 = LINE('',#10724,#10725);
#10724 = CARTESIAN_POINT('',(42.993843078613,67.948081970215,
    9.70701789856));
#10725 = VECTOR('',#10726,1.);
#10726 = DIRECTION('',(-0.233438717954,0.902247208988,0.362569081463));
#10727 = ORIENTED_EDGE('',*,*,#10707,.T.);
#10728 = PLANE('',#10729);
#10729 = AXIS2_PLACEMENT_3D('',#10730,#10731,#10732);
#10730 = CARTESIAN_POINT('',(42.9803172513,68.110465040001,
    9.368492667098));
#10731 = DIRECTION('',(0.972179570702,0.223969514391,6.858964158713E-02)
  );
#10732 = DIRECTION('',(-0.224498217251,0.974474499641,
    -1.139145678177E-18));
#10733 = ADVANCED_FACE('',(#10734),#10752,.T.);
#10734 = FACE_BOUND('',#10735,.T.);
#10735 = EDGE_LOOP('',(#10736,#10744,#10745,#10746));
#10736 = ORIENTED_EDGE('',*,*,#10737,.T.);
#10737 = EDGE_CURVE('',#10738,#10698,#10740,.T.);
#10738 = VERTEX_POINT('',#10739);
#10739 = CARTESIAN_POINT('',(42.993843078613,67.598487854004,
    10.400393486023));
#10740 = LINE('',#10741,#10742);
#10741 = CARTESIAN_POINT('',(42.993843078613,67.598487854004,
    10.400393486023));
#10742 = VECTOR('',#10743,1.);
#10743 = DIRECTION('',(0.,0.450205285897,-0.892925081152));
#10744 = ORIENTED_EDGE('',*,*,#10722,.T.);
#10745 = ORIENTED_EDGE('',*,*,#10582,.T.);
#10746 = ORIENTED_EDGE('',*,*,#10747,.F.);
#10747 = EDGE_CURVE('',#10738,#10574,#10748,.T.);
#10748 = LINE('',#10749,#10750);
#10749 = CARTESIAN_POINT('',(42.993843078613,67.598487854004,
    10.400393486023));
#10750 = VECTOR('',#10751,1.);
#10751 = DIRECTION('',(-2.32745307075E-02,0.53423313559,-0.845016717621)
  );
#10752 = PLANE('',#10753);
#10753 = AXIS2_PLACEMENT_3D('',#10754,#10755,#10756);
#10754 = CARTESIAN_POINT('',(42.989016806812,67.800291093584,
    10.044635558848));
#10755 = DIRECTION('',(0.972179709049,0.209155408243,0.10545439069));
#10756 = DIRECTION('',(-0.210328168531,0.977630841127,5.292346688143E-19
    ));
#10757 = ADVANCED_FACE('',(#10758),#10768,.T.);
#10758 = FACE_BOUND('',#10759,.T.);
#10759 = EDGE_LOOP('',(#10760,#10761,#10767));
#10760 = ORIENTED_EDGE('',*,*,#10573,.T.);
#10761 = ORIENTED_EDGE('',*,*,#10762,.F.);
#10762 = EDGE_CURVE('',#10738,#10565,#10763,.T.);
#10763 = LINE('',#10764,#10765);
#10764 = CARTESIAN_POINT('',(42.993843078613,67.598487854004,
    10.400393486023));
#10765 = VECTOR('',#10766,1.);
#10766 = DIRECTION('',(-0.2334469312,0.827980492497,0.509853738201));
#10767 = ORIENTED_EDGE('',*,*,#10747,.T.);
#10768 = PLANE('',#10769);
#10769 = AXIS2_PLACEMENT_3D('',#10770,#10771,#10772);
#10770 = CARTESIAN_POINT('',(42.980317239288,67.81574718256,
    10.094179478644));
#10771 = DIRECTION('',(0.972177504614,0.209163154664,0.105459348819));
#10772 = DIRECTION('',(-0.210336069601,0.977629141252,3.538972627295E-18
    ));
#10773 = ADVANCED_FACE('',(#10774),#10792,.T.);
#10774 = FACE_BOUND('',#10775,.T.);
#10775 = EDGE_LOOP('',(#10776,#10784,#10785,#10786));
#10776 = ORIENTED_EDGE('',*,*,#10777,.T.);
#10777 = EDGE_CURVE('',#10778,#10738,#10780,.T.);
#10778 = VERTEX_POINT('',#10779);
#10779 = CARTESIAN_POINT('',(42.993843078613,67.136741638184,
    11.024712562561));
#10780 = LINE('',#10781,#10782);
#10781 = CARTESIAN_POINT('',(42.993843078613,67.136741638184,
    11.024712562561));
#10782 = VECTOR('',#10783,1.);
#10783 = DIRECTION('',(0.,0.594635036856,-0.803995754307));
#10784 = ORIENTED_EDGE('',*,*,#10762,.T.);
#10785 = ORIENTED_EDGE('',*,*,#10564,.T.);
#10786 = ORIENTED_EDGE('',*,*,#10787,.F.);
#10787 = EDGE_CURVE('',#10778,#10556,#10788,.T.);
#10788 = LINE('',#10789,#10790);
#10789 = CARTESIAN_POINT('',(42.993843078613,67.136741638184,
    11.024712562561));
#10790 = VECTOR('',#10791,1.);
#10791 = DIRECTION('',(-2.327463474467E-02,0.669355419385,
    -0.742577682076));
#10792 = PLANE('',#10793);
#10793 = AXIS2_PLACEMENT_3D('',#10794,#10795,#10796);
#10794 = CARTESIAN_POINT('',(42.989016819824,67.395764039198,
    10.708177910828));
#10795 = DIRECTION('',(0.97217783329,0.188331196785,0.139289700899));
#10796 = DIRECTION('',(-0.190185183826,0.981748234454,2.51744707431E-19)
  );
#10797 = ADVANCED_FACE('',(#10798),#10808,.T.);
#10798 = FACE_BOUND('',#10799,.T.);
#10799 = EDGE_LOOP('',(#10800,#10801,#10807));
#10800 = ORIENTED_EDGE('',*,*,#10555,.T.);
#10801 = ORIENTED_EDGE('',*,*,#10802,.F.);
#10802 = EDGE_CURVE('',#10778,#10547,#10803,.T.);
#10803 = LINE('',#10804,#10805);
#10804 = CARTESIAN_POINT('',(42.993843078613,67.136741638184,
    11.024712562561));
#10805 = VECTOR('',#10806,1.);
#10806 = DIRECTION('',(-0.233434508104,0.729914358603,0.642443273396));
#10807 = ORIENTED_EDGE('',*,*,#10787,.T.);
#10808 = PLANE('',#10809);
#10809 = AXIS2_PLACEMENT_3D('',#10810,#10811,#10812);
#10810 = CARTESIAN_POINT('',(42.980317251999,67.402624857735,
    10.759622187335));
#10811 = DIRECTION('',(0.972180519168,0.188322915148,0.139282151693));
#10812 = DIRECTION('',(-0.190176616736,0.98174989404,1.362303596692E-18)
  );
#10813 = ADVANCED_FACE('',(#10814),#10832,.T.);
#10814 = FACE_BOUND('',#10815,.T.);
#10815 = EDGE_LOOP('',(#10816,#10824,#10825,#10826));
#10816 = ORIENTED_EDGE('',*,*,#10817,.T.);
#10817 = EDGE_CURVE('',#10818,#10778,#10820,.T.);
#10818 = VERTEX_POINT('',#10819);
#10819 = CARTESIAN_POINT('',(42.993843078613,66.576133728027,
    11.562016487122));
#10820 = LINE('',#10821,#10822);
#10821 = CARTESIAN_POINT('',(42.993843078613,66.576133728027,
    11.562016487122));
#10822 = VECTOR('',#10823,1.);
#10823 = DIRECTION('',(0.,0.721953029207,-0.691942066663));
#10824 = ORIENTED_EDGE('',*,*,#10802,.T.);
#10825 = ORIENTED_EDGE('',*,*,#10546,.T.);
#10826 = ORIENTED_EDGE('',*,*,#10827,.F.);
#10827 = EDGE_CURVE('',#10818,#10538,#10828,.T.);
#10828 = LINE('',#10829,#10830);
#10829 = CARTESIAN_POINT('',(42.993843078613,66.576133728027,
    11.562016487122));
#10830 = VECTOR('',#10831,1.);
#10831 = DIRECTION('',(-2.327473767165E-02,0.785223038982,
    -0.618775456558));
#10832 = PLANE('',#10833);
#10833 = AXIS2_PLACEMENT_3D('',#10834,#10835,#10836);
#10834 = CARTESIAN_POINT('',(42.989016804473,66.884923094366,
    11.293809492735));
#10835 = DIRECTION('',(0.9721808162,0.162074724226,0.169104241164));
#10836 = DIRECTION('',(-0.171370011886,3.848043818255E-18,0.985206739231
    ));
#10837 = ADVANCED_FACE('',(#10838),#10848,.T.);
#10838 = FACE_BOUND('',#10839,.T.);
#10839 = EDGE_LOOP('',(#10840,#10841,#10847));
#10840 = ORIENTED_EDGE('',*,*,#10537,.T.);
#10841 = ORIENTED_EDGE('',*,*,#10842,.F.);
#10842 = EDGE_CURVE('',#10818,#10529,#10843,.T.);
#10843 = LINE('',#10844,#10845);
#10844 = CARTESIAN_POINT('',(42.993843078613,66.576133728027,
    11.562016487122));
#10845 = VECTOR('',#10846,1.);
#10846 = DIRECTION('',(-0.233439554767,0.610803517388,0.75658775923));
#10847 = ORIENTED_EDGE('',*,*,#10827,.T.);
#10848 = PLANE('',#10849);
#10849 = AXIS2_PLACEMENT_3D('',#10850,#10851,#10852);
#10850 = CARTESIAN_POINT('',(42.980317237695,66.88299067348,
    11.345674515464));
#10851 = DIRECTION('',(0.972179080386,0.162079174988,0.169109954451));
#10852 = DIRECTION('',(-0.171375928683,2.630850547062E-18,0.985205710026
    ));
#10853 = ADVANCED_FACE('',(#10854),#10872,.T.);
#10854 = FACE_BOUND('',#10855,.T.);
#10855 = EDGE_LOOP('',(#10856,#10864,#10865,#10866));
#10856 = ORIENTED_EDGE('',*,*,#10857,.T.);
#10857 = EDGE_CURVE('',#10858,#10818,#10860,.T.);
#10858 = VERTEX_POINT('',#10859);
#10859 = CARTESIAN_POINT('',(42.993843078613,65.932769775391,
    11.996848106384));
#10860 = LINE('',#10861,#10862);
#10861 = CARTESIAN_POINT('',(42.993843078613,65.932769775391,
    11.996848106384));
#10862 = VECTOR('',#10863,1.);
#10863 = DIRECTION('',(0.,0.828513542896,-0.559969025249));
#10864 = ORIENTED_EDGE('',*,*,#10842,.T.);
#10865 = ORIENTED_EDGE('',*,*,#10528,.T.);
#10866 = ORIENTED_EDGE('',*,*,#10867,.F.);
#10867 = EDGE_CURVE('',#10858,#10520,#10868,.T.);
#10868 = LINE('',#10869,#10870);
#10869 = CARTESIAN_POINT('',(42.993843078613,65.932769775391,
    11.996848106384));
#10870 = VECTOR('',#10871,1.);
#10871 = DIRECTION('',(-2.327447204364E-02,0.878505879163,
    -0.477164247642));
#10872 = PLANE('',#10873);
#10873 = AXIS2_PLACEMENT_3D('',#10874,#10875,#10876);
#10874 = CARTESIAN_POINT('',(42.989016821176,66.282450964065,
    11.784685495488));
#10875 = DIRECTION('',(0.97217976976,0.131164894527,0.194067683332));
#10876 = DIRECTION('',(-0.195758929822,3.282647520092E-19,0.980652049095
    ));
#10877 = ADVANCED_FACE('',(#10878),#10888,.T.);
#10878 = FACE_BOUND('',#10879,.T.);
#10879 = EDGE_LOOP('',(#10880,#10881,#10887));
#10880 = ORIENTED_EDGE('',*,*,#10519,.T.);
#10881 = ORIENTED_EDGE('',*,*,#10882,.F.);
#10882 = EDGE_CURVE('',#10858,#10511,#10883,.T.);
#10883 = LINE('',#10884,#10885);
#10884 = CARTESIAN_POINT('',(42.993843078613,65.932769775391,
    11.996848106384));
#10885 = VECTOR('',#10886,1.);
#10886 = DIRECTION('',(-0.233423506635,0.474237218021,0.848888996037));
#10887 = ORIENTED_EDGE('',*,*,#10867,.T.);
#10888 = PLANE('',#10889);
#10889 = AXIS2_PLACEMENT_3D('',#10890,#10891,#10892);
#10890 = CARTESIAN_POINT('',(42.9803172714,66.271781492991,
    11.835478635477));
#10891 = DIRECTION('',(0.972183402578,0.131157734333,0.194054323521));
#10892 = DIRECTION('',(-0.195745266533,-3.379711663036E-18,
    0.980654776478));
#10893 = ADVANCED_FACE('',(#10894),#10912,.T.);
#10894 = FACE_BOUND('',#10895,.T.);
#10895 = EDGE_LOOP('',(#10896,#10904,#10905,#10906));
#10896 = ORIENTED_EDGE('',*,*,#10897,.T.);
#10897 = EDGE_CURVE('',#10898,#10858,#10900,.T.);
#10898 = VERTEX_POINT('',#10899);
#10899 = CARTESIAN_POINT('',(42.993843078613,65.22518157959,
    12.316698074341));
#10900 = LINE('',#10901,#10902);
#10901 = CARTESIAN_POINT('',(42.993843078613,65.22518157959,
    12.316698074341));
#10902 = VECTOR('',#10903,1.);
#10903 = DIRECTION('',(0.,0.911228520964,-0.411901180603));
#10904 = ORIENTED_EDGE('',*,*,#10882,.T.);
#10905 = ORIENTED_EDGE('',*,*,#10510,.T.);
#10906 = ORIENTED_EDGE('',*,*,#10907,.F.);
#10907 = EDGE_CURVE('',#10898,#10502,#10908,.T.);
#10908 = LINE('',#10909,#10910);
#10909 = CARTESIAN_POINT('',(42.993843078613,65.22518157959,
    12.316698074341));
#10910 = VECTOR('',#10911,1.);
#10911 = DIRECTION('',(-2.327444626672E-02,0.946510307623,
    -0.321833089837));
#10912 = PLANE('',#10913);
#10913 = AXIS2_PLACEMENT_3D('',#10914,#10915,#10916);
#10914 = CARTESIAN_POINT('',(42.989016784481,65.605687793303,
    12.166682506464));
#10915 = DIRECTION('',(0.972183242782,9.6476139975E-02,0.213429372086));
#10916 = DIRECTION('',(-0.214429622486,-1.25630036701E-18,0.976739441714
    ));
#10917 = ADVANCED_FACE('',(#10918),#10928,.T.);
#10918 = FACE_BOUND('',#10919,.T.);
#10919 = EDGE_LOOP('',(#10920,#10921,#10927));
#10920 = ORIENTED_EDGE('',*,*,#10501,.T.);
#10921 = ORIENTED_EDGE('',*,*,#10922,.F.);
#10922 = EDGE_CURVE('',#10898,#10493,#10923,.T.);
#10923 = LINE('',#10924,#10925);
#10924 = CARTESIAN_POINT('',(42.993843078613,65.22518157959,
    12.316698074341));
#10925 = VECTOR('',#10926,1.);
#10926 = DIRECTION('',(-0.233422808492,0.324001165547,0.916808069991));
#10927 = ORIENTED_EDGE('',*,*,#10907,.T.);
#10928 = PLANE('',#10929);
#10929 = AXIS2_PLACEMENT_3D('',#10930,#10931,#10932);
#10930 = CARTESIAN_POINT('',(42.980317283193,65.586589735368,
    12.214942339501));
#10931 = DIRECTION('',(0.972183804448,9.64753979184E-02,0.213427149081)
  );
#10932 = DIRECTION('',(-0.214427373567,2.687881723538E-18,0.976739935431
    ));
#10933 = ADVANCED_FACE('',(#10934),#10952,.T.);
#10934 = FACE_BOUND('',#10935,.T.);
#10935 = EDGE_LOOP('',(#10936,#10944,#10945,#10946));
#10936 = ORIENTED_EDGE('',*,*,#10937,.T.);
#10937 = EDGE_CURVE('',#10938,#10898,#10940,.T.);
#10938 = VERTEX_POINT('',#10939);
#10939 = CARTESIAN_POINT('',(42.993843078613,64.473724365234,
    12.512363433838));
#10940 = LINE('',#10941,#10942);
#10941 = CARTESIAN_POINT('',(42.993843078613,64.473724365234,
    12.512363433838));
#10942 = VECTOR('',#10943,1.);
#10943 = DIRECTION('',(0.,0.967732595541,-0.251979410918));
#10944 = ORIENTED_EDGE('',*,*,#10922,.T.);
#10945 = ORIENTED_EDGE('',*,*,#10492,.T.);
#10946 = ORIENTED_EDGE('',*,*,#10947,.F.);
#10947 = EDGE_CURVE('',#10938,#10484,#10948,.T.);
#10948 = LINE('',#10949,#10950);
#10949 = CARTESIAN_POINT('',(42.993843078613,64.473724365234,
    12.512363433838));
#10950 = VECTOR('',#10951,1.);
#10951 = DIRECTION('',(-2.327456214914E-02,0.987285498838,
    -0.157243882364));
#10952 = PLANE('',#10953);
#10953 = AXIS2_PLACEMENT_3D('',#10954,#10955,#10956);
#10954 = CARTESIAN_POINT('',(42.989016771144,64.87410718919,
    12.428811735241));
#10955 = DIRECTION('',(0.972183178899,5.90190792949E-02,0.22666410158));
#10956 = DIRECTION('',(-0.227059899941,-5.314696316872E-19,
    0.973880794471));
#10957 = ADVANCED_FACE('',(#10958),#10968,.T.);
#10958 = FACE_BOUND('',#10959,.T.);
#10959 = EDGE_LOOP('',(#10960,#10961,#10967));
#10960 = ORIENTED_EDGE('',*,*,#10483,.T.);
#10961 = ORIENTED_EDGE('',*,*,#10962,.T.);
#10962 = EDGE_CURVE('',#10475,#10938,#10963,.T.);
#10963 = LINE('',#10964,#10965);
#10964 = CARTESIAN_POINT('',(42.975528717041,64.486618041992,
    12.587557792664));
#10965 = VECTOR('',#10966,1.);
#10966 = DIRECTION('',(0.233425133868,-0.164335961773,-0.958387394818));
#10967 = ORIENTED_EDGE('',*,*,#10947,.T.);
#10968 = PLANE('',#10969);
#10969 = AXIS2_PLACEMENT_3D('',#10970,#10971,#10972);
#10970 = CARTESIAN_POINT('',(42.980317267492,64.847127701928,
    12.4731495668));
#10971 = DIRECTION('',(0.972182942607,5.901922893394E-02,0.226665076092)
  );
#10972 = DIRECTION('',(-0.227060878167,-9.837012563677E-19,
    0.973880566397));
#10973 = ADVANCED_FACE('',(#10974),#10992,.T.);
#10974 = FACE_BOUND('',#10975,.T.);
#10975 = EDGE_LOOP('',(#10976,#10977,#10978,#10986));
#10976 = ORIENTED_EDGE('',*,*,#10962,.F.);
#10977 = ORIENTED_EDGE('',*,*,#10474,.T.);
#10978 = ORIENTED_EDGE('',*,*,#10979,.F.);
#10979 = EDGE_CURVE('',#10980,#10466,#10982,.T.);
#10980 = VERTEX_POINT('',#10981);
#10981 = CARTESIAN_POINT('',(42.993843078613,63.699996948242,
    12.578217506409));
#10982 = LINE('',#10983,#10984);
#10983 = CARTESIAN_POINT('',(42.993843078613,63.699996948242,
    12.578217506409));
#10984 = VECTOR('',#10985,1.);
#10985 = DIRECTION('',(-2.327436938541E-02,0.999658646579,
    1.186987990839E-02));
#10986 = ORIENTED_EDGE('',*,*,#10987,.T.);
#10987 = EDGE_CURVE('',#10980,#10938,#10988,.T.);
#10988 = LINE('',#10989,#10990);
#10989 = CARTESIAN_POINT('',(42.993843078613,63.699996948242,
    12.578217506409));
#10990 = VECTOR('',#10991,1.);
#10991 = DIRECTION('',(0.,0.996397470672,-8.480613443697E-02));
#10992 = PLANE('',#10993);
#10993 = AXIS2_PLACEMENT_3D('',#10994,#10995,#10996);
#10994 = CARTESIAN_POINT('',(42.989016790079,64.10874528745,
    12.563532583961));
#10995 = DIRECTION('',(0.97218291169,1.986354224576E-02,0.233379146257)
  );
#10996 = DIRECTION('',(-0.23342520096,4.347739633636E-19,0.97237476086)
  );
#10997 = ADVANCED_FACE('',(#10998),#11008,.T.);
#10998 = FACE_BOUND('',#10999,.T.);
#10999 = EDGE_LOOP('',(#11000,#11001,#11007));
#11000 = ORIENTED_EDGE('',*,*,#10465,.T.);
#11001 = ORIENTED_EDGE('',*,*,#11002,.F.);
#11002 = EDGE_CURVE('',#10980,#10457,#11003,.T.);
#11003 = LINE('',#11004,#11005);
#11004 = CARTESIAN_POINT('',(42.993843078613,63.699996948242,
    12.578217506409));
#11005 = VECTOR('',#11006,1.);
#11006 = DIRECTION('',(-0.233427199686,0.,0.97237428105));
#11007 = ORIENTED_EDGE('',*,*,#10979,.T.);
#11008 = PLANE('',#11009);
#11009 = AXIS2_PLACEMENT_3D('',#11010,#11011,#11012);
#11010 = CARTESIAN_POINT('',(42.980317263362,64.074659725447,
    12.602672965942));
#11011 = DIRECTION('',(0.972182432648,1.986350736259E-02,0.23338114475)
  );
#11012 = DIRECTION('',(-0.233427199686,1.313754983623E-18,0.97237428105)
  );
#11013 = ADVANCED_FACE('',(#11014),#11032,.T.);
#11014 = FACE_BOUND('',#11015,.T.);
#11015 = EDGE_LOOP('',(#11016,#11024,#11025,#11026));
#11016 = ORIENTED_EDGE('',*,*,#11017,.T.);
#11017 = EDGE_CURVE('',#11018,#10980,#11020,.T.);
#11018 = VERTEX_POINT('',#11019);
#11019 = CARTESIAN_POINT('',(42.993843078613,62.926277160645,
    12.512363433838));
#11020 = LINE('',#11021,#11022);
#11021 = CARTESIAN_POINT('',(42.993843078613,62.926277160645,
    12.512363433838));
#11022 = VECTOR('',#11023,1.);
#11023 = DIRECTION('',(0.,0.996397400009,8.480696466773E-02));
#11024 = ORIENTED_EDGE('',*,*,#11002,.T.);
#11025 = ORIENTED_EDGE('',*,*,#10456,.T.);
#11026 = ORIENTED_EDGE('',*,*,#11027,.F.);
#11027 = EDGE_CURVE('',#11018,#10448,#11028,.T.);
#11028 = LINE('',#11029,#11030);
#11029 = CARTESIAN_POINT('',(42.993843078613,62.926277160645,
    12.512363433838));
#11030 = VECTOR('',#11031,1.);
#11031 = DIRECTION('',(-2.32746030128E-02,0.983273199474,0.180643593994)
  );
#11032 = PLANE('',#11033);
#11033 = AXIS2_PLACEMENT_3D('',#11034,#11035,#11036);
#11034 = CARTESIAN_POINT('',(42.9890167904,63.331623717971,
    12.566968528174));
#11035 = DIRECTION('',(0.972182424908,-1.986390805434E-02,0.233381142892
    ));
#11036 = DIRECTION('',(-0.233427199686,-5.772225202646E-19,0.97237428105
    ));
#11037 = ADVANCED_FACE('',(#11038),#11048,.T.);
#11038 = FACE_BOUND('',#11039,.T.);
#11039 = EDGE_LOOP('',(#11040,#11041,#11047));
#11040 = ORIENTED_EDGE('',*,*,#10447,.T.);
#11041 = ORIENTED_EDGE('',*,*,#11042,.F.);
#11042 = EDGE_CURVE('',#11018,#10439,#11043,.T.);
#11043 = LINE('',#11044,#11045);
#11044 = CARTESIAN_POINT('',(42.993843078613,62.926277160645,
    12.512363433838));
#11045 = VECTOR('',#11046,1.);
#11046 = DIRECTION('',(-0.23342326854,-0.164383268264,0.958379736231));
#11047 = ORIENTED_EDGE('',*,*,#11027,.T.);
#11048 = PLANE('',#11049);
#11049 = AXIS2_PLACEMENT_3D('',#11050,#11051,#11052);
#11050 = CARTESIAN_POINT('',(42.980317256997,63.291412423757,
    12.599785416254));
#11051 = DIRECTION('',(0.972183136567,-1.986335521859E-02,0.233378225407
    ));
#11052 = DIRECTION('',(-0.233424279061,-6.275982677739E-21,
    0.972374982167));
#11053 = ADVANCED_FACE('',(#11054),#11072,.T.);
#11054 = FACE_BOUND('',#11055,.T.);
#11055 = EDGE_LOOP('',(#11056,#11064,#11065,#11066));
#11056 = ORIENTED_EDGE('',*,*,#11057,.T.);
#11057 = EDGE_CURVE('',#11058,#11018,#11060,.T.);
#11058 = VERTEX_POINT('',#11059);
#11059 = CARTESIAN_POINT('',(42.993843078613,62.174812316895,
    12.316698074341));
#11060 = LINE('',#11061,#11062);
#11061 = CARTESIAN_POINT('',(42.993843078613,62.174812316895,
    12.316698074341));
#11062 = VECTOR('',#11063,1.);
#11063 = DIRECTION('',(0.,0.96773321937,0.251977015079));
#11064 = ORIENTED_EDGE('',*,*,#11042,.T.);
#11065 = ORIENTED_EDGE('',*,*,#10438,.T.);
#11066 = ORIENTED_EDGE('',*,*,#11067,.F.);
#11067 = EDGE_CURVE('',#11058,#10430,#11068,.T.);
#11068 = LINE('',#11069,#11070);
#11069 = CARTESIAN_POINT('',(42.993843078613,62.174812316895,
    12.316698074341));
#11070 = VECTOR('',#11071,1.);
#11071 = DIRECTION('',(-2.327461869604E-02,0.938600749918,0.344219296927
    ));
#11072 = PLANE('',#11073);
#11073 = AXIS2_PLACEMENT_3D('',#11074,#11075,#11076);
#11074 = CARTESIAN_POINT('',(42.989016798298,62.565101113313,
    12.439021442889));
#11075 = DIRECTION('',(0.972183626279,-5.901805022968E-02,0.226662450667
    ));
#11076 = DIRECTION('',(-0.227058232307,-5.070180630174E-19,
    0.973881183277));
#11077 = ADVANCED_FACE('',(#11078),#11088,.T.);
#11078 = FACE_BOUND('',#11079,.T.);
#11079 = EDGE_LOOP('',(#11080,#11081,#11087));
#11080 = ORIENTED_EDGE('',*,*,#10429,.T.);
#11081 = ORIENTED_EDGE('',*,*,#11082,.F.);
#11082 = EDGE_CURVE('',#11058,#10421,#11083,.T.);
#11083 = LINE('',#11084,#11085);
#11084 = CARTESIAN_POINT('',(42.993843078613,62.174812316895,
    12.316698074341));
#11085 = VECTOR('',#11086,1.);
#11086 = DIRECTION('',(-0.233430161868,-0.323914130049,0.916836951636));
#11087 = ORIENTED_EDGE('',*,*,#11067,.T.);
#11088 = PLANE('',#11089);
#11089 = AXIS2_PLACEMENT_3D('',#11090,#11091,#11092);
#11090 = CARTESIAN_POINT('',(42.980317268666,62.519922918581,
    12.464570681637));
#11091 = DIRECTION('',(0.972181833631,-5.902066476965E-02,0.226669458659
    ));
#11092 = DIRECTION('',(-0.227065287696,-1.01897935403E-18,0.973879538302
    ));
#11093 = ADVANCED_FACE('',(#11094),#11112,.T.);
#11094 = FACE_BOUND('',#11095,.T.);
#11095 = EDGE_LOOP('',(#11096,#11104,#11105,#11106));
#11096 = ORIENTED_EDGE('',*,*,#11097,.T.);
#11097 = EDGE_CURVE('',#11098,#11058,#11100,.T.);
#11098 = VERTEX_POINT('',#11099);
#11099 = CARTESIAN_POINT('',(42.993843078613,61.467227935791,
    11.996848106384));
#11100 = LINE('',#11101,#11102);
#11101 = CARTESIAN_POINT('',(42.993843078613,61.467227935791,
    11.996848106384));
#11102 = VECTOR('',#11103,1.);
#11103 = DIRECTION('',(0.,0.911227687482,0.411903024467));
#11104 = ORIENTED_EDGE('',*,*,#11082,.T.);
#11105 = ORIENTED_EDGE('',*,*,#10420,.T.);
#11106 = ORIENTED_EDGE('',*,*,#11107,.F.);
#11107 = EDGE_CURVE('',#11098,#10412,#11108,.T.);
#11108 = LINE('',#11109,#11110);
#11109 = CARTESIAN_POINT('',(42.993843078613,61.467227935791,
    11.996848106384));
#11110 = VECTOR('',#11111,1.);
#11111 = DIRECTION('',(-2.327454156936E-02,0.866926982967,0.497891455961
    ));
#11112 = PLANE('',#11113);
#11113 = AXIS2_PLACEMENT_3D('',#11114,#11115,#11116);
#11114 = CARTESIAN_POINT('',(42.989016788663,61.831229278883,
    12.183371315503));
#11115 = DIRECTION('',(0.97218159502,-9.647938895902E-02,0.213435408989)
  );
#11116 = DIRECTION('',(-0.214435755528,9.701371752317E-19,0.97673809527)
  );
#11117 = ADVANCED_FACE('',(#11118),#11128,.T.);
#11118 = FACE_BOUND('',#11119,.T.);
#11119 = EDGE_LOOP('',(#11120,#11121,#11127));
#11120 = ORIENTED_EDGE('',*,*,#10411,.T.);
#11121 = ORIENTED_EDGE('',*,*,#11122,.F.);
#11122 = EDGE_CURVE('',#11098,#10403,#11123,.T.);
#11123 = LINE('',#11124,#11125);
#11124 = CARTESIAN_POINT('',(42.993843078613,61.467227935791,
    11.996848106384));
#11125 = VECTOR('',#11126,1.);
#11126 = DIRECTION('',(-0.233423506635,-0.474237218021,0.848888996037));
#11127 = ORIENTED_EDGE('',*,*,#11107,.T.);
#11128 = PLANE('',#11129);
#11129 = AXIS2_PLACEMENT_3D('',#11130,#11131,#11132);
#11130 = CARTESIAN_POINT('',(42.980317264008,61.782383700923,
    12.20091794151));
#11131 = DIRECTION('',(0.972183238388,-9.647594091372E-02,0.213429482085
    ));
#11132 = DIRECTION('',(-0.214429728843,-3.461705214388E-19,
    0.976739418365));
#11133 = ADVANCED_FACE('',(#11134),#11152,.T.);
#11134 = FACE_BOUND('',#11135,.T.);
#11135 = EDGE_LOOP('',(#11136,#11144,#11145,#11146));
#11136 = ORIENTED_EDGE('',*,*,#11137,.T.);
#11137 = EDGE_CURVE('',#11138,#11098,#11140,.T.);
#11138 = VERTEX_POINT('',#11139);
#11139 = CARTESIAN_POINT('',(42.993843078613,60.823871612549,
    11.562016487122));
#11140 = LINE('',#11141,#11142);
#11141 = CARTESIAN_POINT('',(42.993843078613,60.823871612549,
    11.562016487122));
#11142 = VECTOR('',#11143,1.);
#11143 = DIRECTION('',(0.,0.828510462076,0.559973583511));
#11144 = ORIENTED_EDGE('',*,*,#11122,.T.);
#11145 = ORIENTED_EDGE('',*,*,#10402,.T.);
#11146 = ORIENTED_EDGE('',*,*,#11147,.F.);
#11147 = EDGE_CURVE('',#11138,#10394,#11148,.T.);
#11148 = LINE('',#11149,#11150);
#11149 = CARTESIAN_POINT('',(42.993843078613,60.823871612549,
    11.562016487122));
#11150 = VECTOR('',#11151,1.);
#11151 = DIRECTION('',(-2.327451094045E-02,0.770313109647,0.63724093579)
  );
#11152 = PLANE('',#11153);
#11153 = AXIS2_PLACEMENT_3D('',#11154,#11155,#11156);
#11154 = CARTESIAN_POINT('',(42.989016791836,61.151116420824,
    11.807373647086));
#11155 = DIRECTION('',(0.972183407618,-0.131157507089,0.194054451858));
#11156 = DIRECTION('',(-0.195745390053,6.49660290911E-18,0.980654751823)
  );
#11157 = ADVANCED_FACE('',(#11158),#11168,.T.);
#11158 = FACE_BOUND('',#11159,.T.);
#11159 = EDGE_LOOP('',(#11160,#11161,#11167));
#11160 = ORIENTED_EDGE('',*,*,#10393,.T.);
#11161 = ORIENTED_EDGE('',*,*,#11162,.F.);
#11162 = EDGE_CURVE('',#11138,#10385,#11163,.T.);
#11163 = LINE('',#11164,#11165);
#11164 = CARTESIAN_POINT('',(42.993843078613,60.823871612549,
    11.562016487122));
#11165 = VECTOR('',#11166,1.);
#11166 = DIRECTION('',(-0.233425688978,-0.610864477467,0.756542819604));
#11167 = ORIENTED_EDGE('',*,*,#11147,.T.);
#11168 = PLANE('',#11169);
#11169 = AXIS2_PLACEMENT_3D('',#11170,#11171,#11172);
#11170 = CARTESIAN_POINT('',(42.980317265992,61.100007173204,
    11.816412962079));
#11171 = DIRECTION('',(0.97218279748,-0.13115914075,0.194056404384));
#11172 = DIRECTION('',(-0.195747402269,-9.188496221443E-18,
    0.980654350169));
#11173 = ADVANCED_FACE('',(#11174),#11192,.T.);
#11174 = FACE_BOUND('',#11175,.T.);
#11175 = EDGE_LOOP('',(#11176,#11184,#11185,#11186));
#11176 = ORIENTED_EDGE('',*,*,#11177,.T.);
#11177 = EDGE_CURVE('',#11178,#11138,#11180,.T.);
#11178 = VERTEX_POINT('',#11179);
#11179 = CARTESIAN_POINT('',(42.993843078613,60.263256072998,
    11.024712562561));
#11180 = LINE('',#11181,#11182);
#11181 = CARTESIAN_POINT('',(42.993843078613,60.263256072998,
    11.024712562561));
#11182 = VECTOR('',#11183,1.);
#11183 = DIRECTION('',(0.,0.721957733287,0.691937158525));
#11184 = ORIENTED_EDGE('',*,*,#11162,.T.);
#11185 = ORIENTED_EDGE('',*,*,#10384,.T.);
#11186 = ORIENTED_EDGE('',*,*,#11187,.F.);
#11187 = EDGE_CURVE('',#11178,#10376,#11188,.T.);
#11188 = LINE('',#11189,#11190);
#11189 = CARTESIAN_POINT('',(42.993843078613,60.263256072998,
    11.024712562561));
#11190 = VECTOR('',#11191,1.);
#11191 = DIRECTION('',(-2.327448777592E-02,0.651540222476,0.758256972744
    ));
#11192 = PLANE('',#11193);
#11193 = AXIS2_PLACEMENT_3D('',#11194,#11195,#11196);
#11194 = CARTESIAN_POINT('',(42.98901679056,60.544328598235,
    11.321844677187));
#11195 = DIRECTION('',(0.972182801159,-0.162067873891,0.169099394983));
#11196 = DIRECTION('',(-0.171364905384,1.331146817505E-18,0.985207627459
    ));
#11197 = ADVANCED_FACE('',(#11198),#11208,.T.);
#11198 = FACE_BOUND('',#11199,.T.);
#11199 = EDGE_LOOP('',(#11200,#11201,#11207));
#11200 = ORIENTED_EDGE('',*,*,#10375,.T.);
#11201 = ORIENTED_EDGE('',*,*,#11202,.F.);
#11202 = EDGE_CURVE('',#11178,#10367,#11203,.T.);
#11203 = LINE('',#11204,#11205);
#11204 = CARTESIAN_POINT('',(42.993843078613,60.263256072998,
    11.024712562561));
#11205 = VECTOR('',#11206,1.);
#11206 = DIRECTION('',(-0.233434508104,-0.729914358603,0.642443273396));
#11207 = ORIENTED_EDGE('',*,*,#11187,.T.);
#11208 = PLANE('',#11209);
#11209 = AXIS2_PLACEMENT_3D('',#11210,#11211,#11212);
#11210 = CARTESIAN_POINT('',(42.980317264477,60.492428756816,
    11.322117038994));
#11211 = DIRECTION('',(0.972180801863,-0.162074231154,0.16910479616));
#11212 = DIRECTION('',(-0.171370560254,7.912654071102E-20,0.985206643846
    ));
#11213 = ADVANCED_FACE('',(#11214),#11232,.T.);
#11214 = FACE_BOUND('',#11215,.T.);
#11215 = EDGE_LOOP('',(#11216,#11224,#11225,#11226));
#11216 = ORIENTED_EDGE('',*,*,#11217,.T.);
#11217 = EDGE_CURVE('',#11218,#11178,#11220,.T.);
#11218 = VERTEX_POINT('',#11219);
#11219 = CARTESIAN_POINT('',(42.993843078613,59.801513671875,
    10.400393486023));
#11220 = LINE('',#11221,#11222);
#11221 = CARTESIAN_POINT('',(42.993843078613,59.801513671875,
    10.400393486023));
#11222 = VECTOR('',#11223,1.);
#11223 = DIRECTION('',(0.,0.594631861323,0.803998102921));
#11224 = ORIENTED_EDGE('',*,*,#11202,.T.);
#11225 = ORIENTED_EDGE('',*,*,#10366,.T.);
#11226 = ORIENTED_EDGE('',*,*,#11227,.F.);
#11227 = EDGE_CURVE('',#11218,#10358,#11228,.T.);
#11228 = LINE('',#11229,#11230);
#11229 = CARTESIAN_POINT('',(42.993843078613,59.801513671875,
    10.400393486023));
#11230 = VECTOR('',#11231,1.);
#11231 = DIRECTION('',(-2.327452601569E-02,0.514022342839,0.857460977247
    ));
#11232 = PLANE('',#11233);
#11233 = AXIS2_PLACEMENT_3D('',#11234,#11235,#11236);
#11234 = CARTESIAN_POINT('',(42.989016792446,60.02832597107,
    10.740752137588));
#11235 = DIRECTION('',(0.97218052343,-0.188322770206,0.139282317919));
#11236 = DIRECTION('',(0.190176474857,0.981749921523,-2.648390097701E-18
    ));
#11237 = ADVANCED_FACE('',(#11238),#11248,.T.);
#11238 = FACE_BOUND('',#11239,.T.);
#11239 = EDGE_LOOP('',(#11240,#11241,#11247));
#11240 = ORIENTED_EDGE('',*,*,#10357,.T.);
#11241 = ORIENTED_EDGE('',*,*,#11242,.F.);
#11242 = EDGE_CURVE('',#11218,#10349,#11243,.T.);
#11243 = LINE('',#11244,#11245);
#11244 = CARTESIAN_POINT('',(42.993843078613,59.801513671875,
    10.400393486023));
#11245 = VECTOR('',#11246,1.);
#11246 = DIRECTION('',(-0.233428135099,-0.82801106868,0.509812687061));
#11247 = ORIENTED_EDGE('',*,*,#11227,.T.);
#11248 = PLANE('',#11249);
#11249 = AXIS2_PLACEMENT_3D('',#11250,#11251,#11252);
#11250 = CARTESIAN_POINT('',(42.980317260794,59.977126768296,
    10.732249137351));
#11251 = DIRECTION('',(0.972182142199,-0.188316957946,0.139278877581));
#11252 = DIRECTION('',(0.190170512459,0.981751076491,3.339510737529E-18)
  );
#11253 = ADVANCED_FACE('',(#11254),#11272,.T.);
#11254 = FACE_BOUND('',#11255,.T.);
#11255 = EDGE_LOOP('',(#11256,#11264,#11265,#11266));
#11256 = ORIENTED_EDGE('',*,*,#11257,.T.);
#11257 = EDGE_CURVE('',#11258,#11218,#11260,.T.);
#11258 = VERTEX_POINT('',#11259);
#11259 = CARTESIAN_POINT('',(42.993843078613,59.451923370361,
    9.70701789856));
#11260 = LINE('',#11261,#11262);
#11261 = CARTESIAN_POINT('',(42.993843078613,59.451923370361,
    9.70701789856));
#11262 = VECTOR('',#11263,1.);
#11263 = DIRECTION('',(0.,0.450201369037,0.892927055989));
#11264 = ORIENTED_EDGE('',*,*,#11242,.T.);
#11265 = ORIENTED_EDGE('',*,*,#10348,.T.);
#11266 = ORIENTED_EDGE('',*,*,#11267,.F.);
#11267 = EDGE_CURVE('',#11258,#10340,#11268,.T.);
#11268 = LINE('',#11269,#11270);
#11269 = CARTESIAN_POINT('',(42.993843078613,59.451923370361,
    9.70701789856));
#11270 = VECTOR('',#11271,1.);
#11271 = DIRECTION('',(-2.327455215287E-02,0.361713009744,0.931998923714
    ));
#11272 = PLANE('',#11273);
#11273 = AXIS2_PLACEMENT_3D('',#11274,#11275,#11276);
#11274 = CARTESIAN_POINT('',(42.989016794294,59.617951620256,
    10.080813288411));
#11275 = DIRECTION('',(0.972182246963,-0.209146465022,0.105448730947));
#11276 = DIRECTION('',(0.210319048228,0.977632803231,-1.177027483128E-18
    ));
#11277 = ADVANCED_FACE('',(#11278),#11288,.T.);
#11278 = FACE_BOUND('',#11279,.T.);
#11279 = EDGE_LOOP('',(#11280,#11281,#11287));
#11280 = ORIENTED_EDGE('',*,*,#10339,.T.);
#11281 = ORIENTED_EDGE('',*,*,#11282,.F.);
#11282 = EDGE_CURVE('',#11258,#10331,#11283,.T.);
#11283 = LINE('',#11284,#11285);
#11284 = CARTESIAN_POINT('',(42.993843078613,59.451923370361,
    9.70701789856));
#11285 = VECTOR('',#11286,1.);
#11286 = DIRECTION('',(-0.233418237675,-0.902265289476,0.36253727219));
#11287 = ORIENTED_EDGE('',*,*,#11267,.T.);
#11288 = PLANE('',#11289);
#11289 = AXIS2_PLACEMENT_3D('',#11290,#11291,#11292);
#11290 = CARTESIAN_POINT('',(42.980317267803,59.568923688654,
    10.063778514022));
#11291 = DIRECTION('',(0.972184490341,-0.209137719823,0.105445392919));
#11292 = DIRECTION('',(0.21031017914,0.977634711203,4.994350680171E-18)
  );
#11293 = ADVANCED_FACE('',(#11294),#11312,.T.);
#11294 = FACE_BOUND('',#11295,.T.);
#11295 = EDGE_LOOP('',(#11296,#11304,#11305,#11306));
#11296 = ORIENTED_EDGE('',*,*,#11297,.T.);
#11297 = EDGE_CURVE('',#11298,#11258,#11300,.T.);
#11298 = VERTEX_POINT('',#11299);
#11299 = CARTESIAN_POINT('',(42.993843078613,59.224536895752,
    8.964535713196));
#11300 = LINE('',#11301,#11302);
#11301 = CARTESIAN_POINT('',(42.993843078613,59.224536895752,
    8.964535713196));
#11302 = VECTOR('',#11303,1.);
#11303 = DIRECTION('',(0.,0.292827317173,0.956165342562));
#11304 = ORIENTED_EDGE('',*,*,#11282,.T.);
#11305 = ORIENTED_EDGE('',*,*,#10330,.T.);
#11306 = ORIENTED_EDGE('',*,*,#11307,.F.);
#11307 = EDGE_CURVE('',#11298,#10322,#11308,.T.);
#11308 = LINE('',#11309,#11310);
#11309 = CARTESIAN_POINT('',(42.993843078613,59.224536895752,
    8.964535713196));
#11310 = VECTOR('',#11311,1.);
#11311 = DIRECTION('',(-2.327454635696E-02,0.19900440074,0.979722176935)
  );
#11312 = PLANE('',#11313);
#11313 = AXIS2_PLACEMENT_3D('',#11314,#11315,#11316);
#11314 = CARTESIAN_POINT('',(42.9890167875,59.325007549531,
    9.361013724301));
#11315 = DIRECTION('',(0.97218471538,-0.223948700397,6.858468321593E-02)
  );
#11316 = DIRECTION('',(0.224477277423,0.974479323496,-1.088978186777E-18
    ));
#11317 = ADVANCED_FACE('',(#11318),#11328,.T.);
#11318 = FACE_BOUND('',#11319,.T.);
#11319 = EDGE_LOOP('',(#11320,#11321,#11327));
#11320 = ORIENTED_EDGE('',*,*,#10321,.T.);
#11321 = ORIENTED_EDGE('',*,*,#11322,.F.);
#11322 = EDGE_CURVE('',#11298,#10313,#11323,.T.);
#11323 = LINE('',#11324,#11325);
#11324 = CARTESIAN_POINT('',(42.993843078613,59.224536895752,
    8.964535713196));
#11325 = VECTOR('',#11326,1.);
#11326 = DIRECTION('',(-0.23344182885,-0.950542452028,0.204875472997));
#11327 = ORIENTED_EDGE('',*,*,#11307,.T.);
#11328 = PLANE('',#11329);
#11329 = AXIS2_PLACEMENT_3D('',#11330,#11331,#11332);
#11330 = CARTESIAN_POINT('',(42.980317256909,59.279565265264,
    9.335939698285));
#11331 = DIRECTION('',(0.972179001656,-0.223972089535,6.858929835797E-02
    ));
#11332 = DIRECTION('',(0.224500793164,0.974473906202,5.063627703132E-19)
  );
#11333 = ADVANCED_FACE('',(#11334),#11352,.T.);
#11334 = FACE_BOUND('',#11335,.T.);
#11335 = EDGE_LOOP('',(#11336,#11344,#11345,#11346));
#11336 = ORIENTED_EDGE('',*,*,#11337,.T.);
#11337 = EDGE_CURVE('',#11338,#11298,#11340,.T.);
#11338 = VERTEX_POINT('',#11339);
#11339 = CARTESIAN_POINT('',(42.993843078613,59.125907897949,
    8.194305419922));
#11340 = LINE('',#11341,#11342);
#11341 = CARTESIAN_POINT('',(42.993843078613,59.125907897949,
    8.194305419922));
#11342 = VECTOR('',#11343,1.);
#11343 = DIRECTION('',(0.,0.127014209006,0.991900897626));
#11344 = ORIENTED_EDGE('',*,*,#11322,.T.);
#11345 = ORIENTED_EDGE('',*,*,#10312,.T.);
#11346 = ORIENTED_EDGE('',*,*,#11347,.F.);
#11347 = EDGE_CURVE('',#11338,#10304,#11348,.T.);
#11348 = LINE('',#11349,#11350);
#11349 = CARTESIAN_POINT('',(42.993843078613,59.125907897949,
    8.194305419922));
#11350 = VECTOR('',#11351,1.);
#11351 = DIRECTION('',(-2.32745215065E-02,3.057053376796E-02,
    0.999261596937));
#11352 = PLANE('',#11353);
#11353 = AXIS2_PLACEMENT_3D('',#11354,#11355,#11356);
#11354 = CARTESIAN_POINT('',(42.989016802375,59.157926893068,
    8.602058384991));
#11355 = DIRECTION('',(0.972178796062,-0.23234288931,2.975181126906E-02)
  );
#11356 = DIRECTION('',(0.232445789137,0.972609353807,-8.610519347571E-19
    ));
#11357 = ADVANCED_FACE('',(#11358),#11368,.T.);
#11358 = FACE_BOUND('',#11359,.T.);
#11359 = EDGE_LOOP('',(#11360,#11361,#11367));
#11360 = ORIENTED_EDGE('',*,*,#10303,.T.);
#11361 = ORIENTED_EDGE('',*,*,#11362,.F.);
#11362 = EDGE_CURVE('',#11338,#10295,#11363,.T.);
#11363 = LINE('',#11364,#11365);
#11364 = CARTESIAN_POINT('',(42.993843078613,59.125907897949,
    8.194305419922));
#11365 = VECTOR('',#11366,1.);
#11366 = DIRECTION('',(-0.233429755444,-0.971497592904,
    4.126713287508E-02));
#11367 = ORIENTED_EDGE('',*,*,#11347,.T.);
#11368 = PLANE('',#11369);
#11369 = AXIS2_PLACEMENT_3D('',#11370,#11371,#11372);
#11370 = CARTESIAN_POINT('',(42.980317261533,59.117376896112,
    8.569666088525));
#11371 = DIRECTION('',(0.972181796404,-0.232330374874,2.975149829651E-02
    ));
#11372 = DIRECTION('',(0.232433266993,0.972612346413,8.939193880334E-19)
  );
#11373 = ADVANCED_FACE('',(#11374),#11392,.T.);
#11374 = FACE_BOUND('',#11375,.T.);
#11375 = EDGE_LOOP('',(#11376,#11384,#11385,#11386));
#11376 = ORIENTED_EDGE('',*,*,#11377,.T.);
#11377 = EDGE_CURVE('',#11378,#11338,#11380,.T.);
#11378 = VERTEX_POINT('',#11379);
#11379 = CARTESIAN_POINT('',(42.993843078613,59.158866882324,
    7.418484687805));
#11380 = LINE('',#11381,#11382);
#11381 = CARTESIAN_POINT('',(42.993843078613,59.158866882324,
    7.418484687805));
#11382 = VECTOR('',#11383,1.);
#11383 = DIRECTION('',(0.,-4.244444793748E-02,0.999098828364));
#11384 = ORIENTED_EDGE('',*,*,#11362,.T.);
#11385 = ORIENTED_EDGE('',*,*,#10294,.T.);
#11386 = ORIENTED_EDGE('',*,*,#11387,.F.);
#11387 = EDGE_CURVE('',#11378,#10286,#11388,.T.);
#11388 = LINE('',#11389,#11390);
#11389 = CARTESIAN_POINT('',(42.993843078613,59.158866882324,
    7.418484687805));
#11390 = VECTOR('',#11391,1.);
#11391 = DIRECTION('',(-2.327451103366E-02,-0.1387502146,0.990053874839)
  );
#11392 = PLANE('',#11393);
#11393 = AXIS2_PLACEMENT_3D('',#11394,#11395,#11396);
#11394 = CARTESIAN_POINT('',(42.989016793992,59.121513674273,
    7.825784870744));
#11395 = DIRECTION('',(0.97218180465,-0.234016456972,-9.941658465063E-03
    ));
#11396 = DIRECTION('',(0.234028022521,0.972229851771,2.8896168357E-20));
#11397 = ADVANCED_FACE('',(#11398),#11408,.T.);
#11398 = FACE_BOUND('',#11399,.T.);
#11399 = EDGE_LOOP('',(#11400,#11401,#11407));
#11400 = ORIENTED_EDGE('',*,*,#10285,.T.);
#11401 = ORIENTED_EDGE('',*,*,#11402,.F.);
#11402 = EDGE_CURVE('',#11378,#10277,#11403,.T.);
#11403 = LINE('',#11404,#11405);
#11404 = CARTESIAN_POINT('',(42.993843078613,59.158866882324,
    7.418484687805));
#11405 = VECTOR('',#11406,1.);
#11406 = DIRECTION('',(-0.233419167514,-0.964501030025,-0.123504070043)
  );
#11407 = ORIENTED_EDGE('',*,*,#11387,.T.);
#11408 = PLANE('',#11409);
#11409 = AXIS2_PLACEMENT_3D('',#11410,#11411,#11412);
#11410 = CARTESIAN_POINT('',(42.980317272558,59.087019547288,
    7.78700350666));
#11411 = DIRECTION('',(0.972184387724,-0.234005791844,
    -9.940103086532E-03));
#11412 = DIRECTION('',(0.234017353248,0.972232419938,5.542573524556E-20)
  );
#11413 = ADVANCED_FACE('',(#11414),#11432,.T.);
#11414 = FACE_BOUND('',#11415,.T.);
#11415 = EDGE_LOOP('',(#11416,#11424,#11425,#11426));
#11416 = ORIENTED_EDGE('',*,*,#11417,.T.);
#11417 = EDGE_CURVE('',#11418,#11378,#11420,.T.);
#11418 = VERTEX_POINT('',#11419);
#11419 = CARTESIAN_POINT('',(42.993843078613,59.322460174561,
    6.659393787384));
#11420 = LINE('',#11421,#11422);
#11421 = CARTESIAN_POINT('',(42.993843078613,59.322460174561,
    6.659393787384));
#11422 = VECTOR('',#11423,1.);
#11423 = DIRECTION('',(0.,-0.210675195106,0.977556117145));
#11424 = ORIENTED_EDGE('',*,*,#11402,.T.);
#11425 = ORIENTED_EDGE('',*,*,#10276,.T.);
#11426 = ORIENTED_EDGE('',*,*,#11427,.F.);
#11427 = EDGE_CURVE('',#11418,#10268,#11428,.T.);
#11428 = LINE('',#11429,#11430);
#11429 = CARTESIAN_POINT('',(42.993843078613,59.322460174561,
    6.659393787384));
#11430 = VECTOR('',#11431,1.);
#11431 = DIRECTION('',(-2.327453714529E-02,-0.304071816989,0.95236475472
    ));
#11432 = PLANE('',#11433);
#11433 = AXIS2_PLACEMENT_3D('',#11434,#11435,#11436);
#11434 = CARTESIAN_POINT('',(42.989016782499,59.216812112956,
    7.054523285934));
#11435 = DIRECTION('',(0.972184365846,-0.228960168675,
    -4.934369225574E-02));
#11436 = DIRECTION('',(0.229239414815,0.973370068728,-1.607106065292E-19
    ));
#11437 = ADVANCED_FACE('',(#11438),#11448,.T.);
#11438 = FACE_BOUND('',#11439,.T.);
#11439 = EDGE_LOOP('',(#11440,#11441,#11447));
#11440 = ORIENTED_EDGE('',*,*,#10267,.T.);
#11441 = ORIENTED_EDGE('',*,*,#11442,.F.);
#11442 = EDGE_CURVE('',#11418,#10259,#11443,.T.);
#11443 = LINE('',#11444,#11445);
#11444 = CARTESIAN_POINT('',(42.993843078613,59.322460174561,
    6.659393787384));
#11445 = VECTOR('',#11446,1.);
#11446 = DIRECTION('',(-0.233423118455,-0.929754279154,-0.284729043419)
  );
#11447 = ORIENTED_EDGE('',*,*,#11427,.T.);
#11448 = PLANE('',#11449);
#11449 = AXIS2_PLACEMENT_3D('',#11450,#11451,#11452);
#11450 = CARTESIAN_POINT('',(42.980317268952,59.18936765755,
    7.010469812149));
#11451 = DIRECTION('',(0.97218342706,-0.228963893555,-4.934490448117E-02
    ));
#11452 = DIRECTION('',(0.229243157984,0.973369187163,-1.521011996175E-18
    ));
#11453 = ADVANCED_FACE('',(#11454),#11472,.T.);
#11454 = FACE_BOUND('',#11455,.T.);
#11455 = EDGE_LOOP('',(#11456,#11464,#11465,#11466));
#11456 = ORIENTED_EDGE('',*,*,#11457,.T.);
#11457 = EDGE_CURVE('',#11458,#11418,#11460,.T.);
#11458 = VERTEX_POINT('',#11459);
#11459 = CARTESIAN_POINT('',(42.993843078613,59.611991882324,
    5.938869476318));
#11460 = LINE('',#11461,#11462);
#11461 = CARTESIAN_POINT('',(42.993843078613,59.611991882324,
    5.938869476318));
#11462 = VECTOR('',#11463,1.);
#11463 = DIRECTION('',(0.,-0.372857837504,0.927888480913));
#11464 = ORIENTED_EDGE('',*,*,#11442,.T.);
#11465 = ORIENTED_EDGE('',*,*,#10258,.T.);
#11466 = ORIENTED_EDGE('',*,*,#11467,.F.);
#11467 = EDGE_CURVE('',#11458,#10250,#11468,.T.);
#11468 = LINE('',#11469,#11470);
#11469 = CARTESIAN_POINT('',(42.993843078613,59.611991882324,
    5.938869476318));
#11470 = VECTOR('',#11471,1.);
#11471 = DIRECTION('',(-2.327449220045E-02,-0.46065169712,0.887275781228
    ));
#11472 = PLANE('',#11473);
#11473 = AXIS2_PLACEMENT_3D('',#11474,#11475,#11476);
#11474 = CARTESIAN_POINT('',(42.989016786029,59.441084351336,
    6.310460396637));
#11475 = DIRECTION('',(0.972183386897,-0.21733093897,-8.733112393793E-02
    ));
#11476 = DIRECTION('',(0.21816447153,0.975912016199,-2.770246607006E-18)
  );
#11477 = ADVANCED_FACE('',(#11478),#11488,.T.);
#11478 = FACE_BOUND('',#11479,.T.);
#11479 = EDGE_LOOP('',(#11480,#11481,#11487));
#11480 = ORIENTED_EDGE('',*,*,#10249,.T.);
#11481 = ORIENTED_EDGE('',*,*,#11482,.F.);
#11482 = EDGE_CURVE('',#11458,#10241,#11483,.T.);
#11483 = LINE('',#11484,#11485);
#11484 = CARTESIAN_POINT('',(42.993843078613,59.611991882324,
    5.938869476318));
#11485 = VECTOR('',#11486,1.);
#11486 = DIRECTION('',(-0.233425633246,-0.868259728912,-0.437764225232)
  );
#11487 = ORIENTED_EDGE('',*,*,#11467,.T.);
#11488 = PLANE('',#11489);
#11489 = AXIS2_PLACEMENT_3D('',#11490,#11491,#11492);
#11490 = CARTESIAN_POINT('',(42.980317266921,59.421480222724,
    6.262403127483));
#11491 = DIRECTION('',(0.972182832418,-0.21733298633,-8.733220142152E-02
    ));
#11492 = DIRECTION('',(0.21816654743,0.975911552131,5.266390379615E-18)
  );
#11493 = ADVANCED_FACE('',(#11494),#11512,.T.);
#11494 = FACE_BOUND('',#11495,.T.);
#11495 = EDGE_LOOP('',(#11496,#11504,#11505,#11506));
#11496 = ORIENTED_EDGE('',*,*,#11497,.T.);
#11497 = EDGE_CURVE('',#11498,#11458,#11500,.T.);
#11498 = VERTEX_POINT('',#11499);
#11499 = CARTESIAN_POINT('',(42.993843078613,60.01912689209,
    5.277640342712));
#11500 = LINE('',#11501,#11502);
#11501 = CARTESIAN_POINT('',(42.993843078613,60.01912689209,
    5.277640342712));
#11502 = VECTOR('',#11503,1.);
#11503 = DIRECTION('',(0.,-0.524307363562,0.851529088473));
#11504 = ORIENTED_EDGE('',*,*,#11482,.T.);
#11505 = ORIENTED_EDGE('',*,*,#10240,.T.);
#11506 = ORIENTED_EDGE('',*,*,#11507,.F.);
#11507 = EDGE_CURVE('',#11498,#10232,#11508,.T.);
#11508 = LINE('',#11509,#11510);
#11509 = CARTESIAN_POINT('',(42.993843078613,60.01912689209,
    5.277640342712));
#11510 = VECTOR('',#11511,1.);
#11511 = DIRECTION('',(-2.327452357967E-02,-0.603974129285,
    0.796664011806));
#11512 = PLANE('',#11513);
#11513 = AXIS2_PLACEMENT_3D('',#11514,#11515,#11516);
#11514 = CARTESIAN_POINT('',(42.989016789147,59.787879518019,
    5.615002682017));
#11515 = DIRECTION('',(0.972182794755,-0.199448060976,-0.1228050673));
#11516 = DIRECTION('',(0.200969235016,0.979597553374,-2.618394688461E-18
    ));
#11517 = ADVANCED_FACE('',(#11518),#11528,.T.);
#11518 = FACE_BOUND('',#11519,.T.);
#11519 = EDGE_LOOP('',(#11520,#11521,#11527));
#11520 = ORIENTED_EDGE('',*,*,#10231,.T.);
#11521 = ORIENTED_EDGE('',*,*,#11522,.F.);
#11522 = EDGE_CURVE('',#11498,#10223,#11523,.T.);
#11523 = LINE('',#11524,#11525);
#11524 = CARTESIAN_POINT('',(42.993843078613,60.01912689209,
    5.277640342712));
#11525 = VECTOR('',#11526,1.);
#11526 = DIRECTION('',(-0.233421127372,-0.781797902134,-0.578192543635)
  );
#11527 = ORIENTED_EDGE('',*,*,#11507,.T.);
#11528 = PLANE('',#11529);
#11529 = AXIS2_PLACEMENT_3D('',#11530,#11531,#11532);
#11530 = CARTESIAN_POINT('',(42.980317273685,59.776678822793,
    5.564323452971));
#11531 = DIRECTION('',(0.972183970937,-0.199444166749,-0.122802080611));
#11532 = DIRECTION('',(0.20096523625,0.979598373732,-1.286693902503E-18)
  );
#11533 = ADVANCED_FACE('',(#11534),#11552,.T.);
#11534 = FACE_BOUND('',#11535,.T.);
#11535 = EDGE_LOOP('',(#11536,#11544,#11545,#11546));
#11536 = ORIENTED_EDGE('',*,*,#11537,.T.);
#11537 = EDGE_CURVE('',#11538,#11498,#11540,.T.);
#11538 = VERTEX_POINT('',#11539);
#11539 = CARTESIAN_POINT('',(42.993843078613,60.532154083252,
    4.694728374481));
#11540 = LINE('',#11541,#11542);
#11541 = CARTESIAN_POINT('',(42.993843078613,60.532154083252,
    4.694728374481));
#11542 = VECTOR('',#11543,1.);
#11543 = DIRECTION('',(0.,-0.660674820907,0.750672219427));
#11544 = ORIENTED_EDGE('',*,*,#11522,.T.);
#11545 = ORIENTED_EDGE('',*,*,#10222,.T.);
#11546 = ORIENTED_EDGE('',*,*,#11547,.F.);
#11547 = EDGE_CURVE('',#11538,#10214,#11548,.T.);
#11548 = LINE('',#11549,#11550);
#11549 = CARTESIAN_POINT('',(42.993843078613,60.532154083252,
    4.694728374481));
#11550 = VECTOR('',#11551,1.);
#11551 = DIRECTION('',(-2.327447369175E-02,-0.729924532461,
    0.683131375202));
#11552 = PLANE('',#11553);
#11553 = AXIS2_PLACEMENT_3D('',#11554,#11555,#11556);
#11554 = CARTESIAN_POINT('',(42.989016781419,60.247217633075,
    4.988157380286));
#11555 = DIRECTION('',(0.972183813226,-0.175821846139,-0.154742727523));
#11556 = DIRECTION('',(0.177965475758,0.984036731752,-2.7754821877E-19)
  );
#11557 = ADVANCED_FACE('',(#11558),#11568,.T.);
#11558 = FACE_BOUND('',#11559,.T.);
#11559 = EDGE_LOOP('',(#11560,#11561,#11567));
#11560 = ORIENTED_EDGE('',*,*,#10213,.T.);
#11561 = ORIENTED_EDGE('',*,*,#11562,.F.);
#11562 = EDGE_CURVE('',#11538,#10205,#11563,.T.);
#11563 = LINE('',#11564,#11565);
#11564 = CARTESIAN_POINT('',(42.993843078613,60.532154083252,
    4.694728374481));
#11565 = VECTOR('',#11566,1.);
#11566 = DIRECTION('',(-0.2334288178,-0.672815659388,-0.70201857205));
#11567 = ORIENTED_EDGE('',*,*,#11547,.T.);
#11568 = PLANE('',#11569);
#11569 = AXIS2_PLACEMENT_3D('',#11570,#11571,#11572);
#11570 = CARTESIAN_POINT('',(42.980317261053,60.244743151255,
    4.936314521995));
#11571 = DIRECTION('',(0.972182004799,-0.175826971411,-0.154748265479));
#11572 = DIRECTION('',(0.177970819776,0.984035765259,3.226089659389E-18)
  );
#11573 = ADVANCED_FACE('',(#11574),#11592,.T.);
#11574 = FACE_BOUND('',#11575,.T.);
#11575 = EDGE_LOOP('',(#11576,#11584,#11585,#11586));
#11576 = ORIENTED_EDGE('',*,*,#11577,.T.);
#11577 = EDGE_CURVE('',#11578,#11538,#11580,.T.);
#11578 = VERTEX_POINT('',#11579);
#11579 = CARTESIAN_POINT('',(42.993843078613,61.13631439209,
    4.206902980804));
#11580 = LINE('',#11581,#11582);
#11581 = CARTESIAN_POINT('',(42.993843078613,61.13631439209,
    4.206902980804));
#11582 = VECTOR('',#11583,1.);
#11583 = DIRECTION('',(0.,-0.778035745775,0.628220007877));
#11584 = ORIENTED_EDGE('',*,*,#11562,.T.);
#11585 = ORIENTED_EDGE('',*,*,#10204,.T.);
#11586 = ORIENTED_EDGE('',*,*,#11587,.F.);
#11587 = EDGE_CURVE('',#11578,#10196,#11588,.T.);
#11588 = LINE('',#11589,#11590);
#11589 = CARTESIAN_POINT('',(42.993843078613,61.13631439209,
    4.206902980804));
#11590 = VECTOR('',#11591,1.);
#11591 = DIRECTION('',(-2.327455240326E-02,-0.834873368492,
    0.549949773883));
#11592 = PLANE('',#11593);
#11593 = AXIS2_PLACEMENT_3D('',#11594,#11595,#11596);
#11594 = CARTESIAN_POINT('',(42.989016795317,60.805888157272,
    4.447956630254));
#11595 = DIRECTION('',(0.972182088031,-0.147145685714,-0.182236480671));
#11596 = DIRECTION('',(0.184241985986,-2.584236450875E-18,0.982880913743
    ));
#11597 = ADVANCED_FACE('',(#11598),#11608,.T.);
#11598 = FACE_BOUND('',#11599,.T.);
#11599 = EDGE_LOOP('',(#11600,#11601,#11607));
#11600 = ORIENTED_EDGE('',*,*,#10195,.T.);
#11601 = ORIENTED_EDGE('',*,*,#11602,.F.);
#11602 = EDGE_CURVE('',#11578,#10187,#11603,.T.);
#11603 = LINE('',#11604,#11605);
#11604 = CARTESIAN_POINT('',(42.993843078613,61.13631439209,
    4.206902980804));
#11605 = VECTOR('',#11606,1.);
#11606 = DIRECTION('',(-0.233420999754,-0.544535554519,-0.805602672996)
  );
#11607 = ORIENTED_EDGE('',*,*,#11587,.T.);
#11608 = PLANE('',#11609);
#11609 = AXIS2_PLACEMENT_3D('',#11610,#11611,#11612);
#11610 = CARTESIAN_POINT('',(42.980317277804,60.812210406834,
    4.396441244855));
#11611 = DIRECTION('',(0.972184078346,-0.147141156107,-0.182229520085));
#11612 = DIRECTION('',(0.184234823289,1.871905910723E-18,0.98288225637)
  );
#11613 = ADVANCED_FACE('',(#11614),#11632,.T.);
#11614 = FACE_BOUND('',#11615,.T.);
#11615 = EDGE_LOOP('',(#11616,#11624,#11625,#11626));
#11616 = ORIENTED_EDGE('',*,*,#11617,.T.);
#11617 = EDGE_CURVE('',#11618,#11578,#11620,.T.);
#11618 = VERTEX_POINT('',#11619);
#11619 = CARTESIAN_POINT('',(42.993843078613,61.814228057861,
    3.828197956085));
#11620 = LINE('',#11621,#11622);
#11621 = CARTESIAN_POINT('',(42.993843078613,61.814228057861,
    3.828197956085));
#11622 = VECTOR('',#11623,1.);
#11623 = DIRECTION('',(0.,-0.873014261277,0.487694678674));
#11624 = ORIENTED_EDGE('',*,*,#11602,.T.);
#11625 = ORIENTED_EDGE('',*,*,#10186,.T.);
#11626 = ORIENTED_EDGE('',*,*,#11627,.F.);
#11627 = EDGE_CURVE('',#11618,#10178,#11628,.T.);
#11628 = LINE('',#11629,#11630);
#11629 = CARTESIAN_POINT('',(42.993843078613,61.814228057861,
    3.828197956085));
#11630 = VECTOR('',#11631,1.);
#11631 = DIRECTION('',(-2.327440988617E-02,-0.915807549678,
    0.400942432023));
#11632 = PLANE('',#11633);
#11633 = AXIS2_PLACEMENT_3D('',#11634,#11635,#11636);
#11634 = CARTESIAN_POINT('',(42.989016777835,61.447814344969,
    4.009942182661));
#11635 = DIRECTION('',(0.97218375944,-0.114227566,-0.20447689612));
#11636 = DIRECTION('',(0.205824094985,1.359682563735E-18,0.978589005622)
  );
#11637 = ADVANCED_FACE('',(#11638),#11648,.T.);
#11638 = FACE_BOUND('',#11639,.T.);
#11639 = EDGE_LOOP('',(#11640,#11641,#11647));
#11640 = ORIENTED_EDGE('',*,*,#10177,.T.);
#11641 = ORIENTED_EDGE('',*,*,#11642,.F.);
#11642 = EDGE_CURVE('',#11618,#10169,#11643,.T.);
#11643 = LINE('',#11644,#11645);
#11644 = CARTESIAN_POINT('',(42.993843078613,61.814228057861,
    3.828197956085));
#11645 = VECTOR('',#11646,1.);
#11646 = DIRECTION('',(-0.233425394885,-0.400532889619,-0.886050782606)
  );
#11647 = ORIENTED_EDGE('',*,*,#11627,.T.);
#11648 = PLANE('',#11649);
#11649 = AXIS2_PLACEMENT_3D('',#11650,#11651,#11652);
#11650 = CARTESIAN_POINT('',(42.980317268244,61.462751571377,
    3.960236363792));
#11651 = DIRECTION('',(0.972182927981,-0.114228939614,-0.204480081908));
#11652 = DIRECTION('',(0.205827334486,3.580612555542E-18,0.97858832426)
  );
#11653 = ADVANCED_FACE('',(#11654),#11672,.T.);
#11654 = FACE_BOUND('',#11655,.T.);
#11655 = EDGE_LOOP('',(#11656,#11664,#11665,#11666));
#11656 = ORIENTED_EDGE('',*,*,#11657,.T.);
#11657 = EDGE_CURVE('',#11658,#11618,#11660,.T.);
#11658 = VERTEX_POINT('',#11659);
#11659 = CARTESIAN_POINT('',(42.993843078613,62.54638671875,
    3.569508552551));
#11660 = LINE('',#11661,#11662);
#11661 = CARTESIAN_POINT('',(42.993843078613,62.54638671875,
    3.569508552551));
#11662 = VECTOR('',#11663,1.);
#11663 = DIRECTION('',(0.,-0.94287692293,0.333141273645));
#11664 = ORIENTED_EDGE('',*,*,#11642,.T.);
#11665 = ORIENTED_EDGE('',*,*,#10168,.T.);
#11666 = ORIENTED_EDGE('',*,*,#11667,.F.);
#11667 = EDGE_CURVE('',#11658,#10160,#11668,.T.);
#11668 = LINE('',#11669,#11670);
#11669 = CARTESIAN_POINT('',(42.993843078613,62.54638671875,
    3.569508552551));
#11670 = VECTOR('',#11671,1.);
#11671 = DIRECTION('',(-2.327462755104E-02,-0.970393443504,0.24040560833
    ));
#11672 = PLANE('',#11673);
#11673 = AXIS2_PLACEMENT_3D('',#11674,#11675,#11676);
#11674 = CARTESIAN_POINT('',(42.989016786149,62.154532199945,
    3.686714289897));
#11675 = DIRECTION('',(0.972182818949,-7.802945721115E-02,
    -0.220843769096));
#11676 = DIRECTION('',(0.22151916911,2.100898159619E-18,0.975156017116)
  );
#11677 = ADVANCED_FACE('',(#11678),#11688,.T.);
#11678 = FACE_BOUND('',#11679,.T.);
#11679 = EDGE_LOOP('',(#11680,#11681,#11687));
#11680 = ORIENTED_EDGE('',*,*,#10159,.T.);
#11681 = ORIENTED_EDGE('',*,*,#11682,.F.);
#11682 = EDGE_CURVE('',#11658,#10151,#11683,.T.);
#11683 = LINE('',#11684,#11685);
#11684 = CARTESIAN_POINT('',(42.993843078613,62.54638671875,
    3.569508552551));
#11685 = VECTOR('',#11686,1.);
#11686 = DIRECTION('',(-0.233426853234,-0.244998523942,-0.941003521489)
  );
#11687 = ORIENTED_EDGE('',*,*,#11667,.T.);
#11688 = PLANE('',#11689);
#11689 = AXIS2_PLACEMENT_3D('',#11690,#11691,#11692);
#11690 = CARTESIAN_POINT('',(42.980317261324,62.17765560732,
    3.640247956008));
#11691 = DIRECTION('',(0.972182420365,-7.802984812134E-02,
    -0.220845385587));
#11692 = DIRECTION('',(0.221520797343,-1.654052082641E-18,0.97515564724)
  );
#11693 = ADVANCED_FACE('',(#11694),#11712,.T.);
#11694 = FACE_BOUND('',#11695,.T.);
#11695 = EDGE_LOOP('',(#11696,#11704,#11705,#11706));
#11696 = ORIENTED_EDGE('',*,*,#11697,.T.);
#11697 = EDGE_CURVE('',#11698,#11658,#11700,.T.);
#11698 = VERTEX_POINT('',#11699);
#11699 = CARTESIAN_POINT('',(42.993843078613,63.311740875244,
    3.438275814056));
#11700 = LINE('',#11701,#11702);
#11701 = CARTESIAN_POINT('',(42.993843078613,63.311740875244,
    3.438275814056));
#11702 = VECTOR('',#11703,1.);
#11703 = DIRECTION('',(0.,-0.985615998549,0.169000305932));
#11704 = ORIENTED_EDGE('',*,*,#11682,.T.);
#11705 = ORIENTED_EDGE('',*,*,#10150,.T.);
#11706 = ORIENTED_EDGE('',*,*,#11707,.F.);
#11707 = EDGE_CURVE('',#11698,#10142,#11708,.T.);
#11708 = LINE('',#11709,#11710);
#11709 = CARTESIAN_POINT('',(42.993843078613,63.311740875244,
    3.438275814056));
#11710 = VECTOR('',#11711,1.);
#11711 = DIRECTION('',(-2.327445859027E-02,-0.997064038154,
    7.294932074679E-02));
#11712 = PLANE('',#11713);
#11713 = AXIS2_PLACEMENT_3D('',#11714,#11715,#11716);
#11714 = CARTESIAN_POINT('',(42.989016796042,62.90571157938,
    3.487571756928));
#11715 = DIRECTION('',(0.972182600155,-3.95839672618E-02,-0.230855152623
    ));
#11716 = DIRECTION('',(0.231036227813,-3.769260175459E-19,0.972945148216
    ));
#11717 = ADVANCED_FACE('',(#11718),#11728,.T.);
#11718 = FACE_BOUND('',#11719,.T.);
#11719 = EDGE_LOOP('',(#11720,#11721,#11727));
#11720 = ORIENTED_EDGE('',*,*,#10141,.T.);
#11721 = ORIENTED_EDGE('',*,*,#11722,.F.);
#11722 = EDGE_CURVE('',#11698,#10133,#11723,.T.);
#11723 = LINE('',#11724,#11725);
#11724 = CARTESIAN_POINT('',(42.993843078613,63.311740875244,
    3.438275814056));
#11725 = VECTOR('',#11726,1.);
#11726 = DIRECTION('',(-0.233427664037,-8.241197470165E-02,
    -0.968875529719));
#11727 = ORIENTED_EDGE('',*,*,#11707,.T.);
#11728 = PLANE('',#11729);
#11729 = AXIS2_PLACEMENT_3D('',#11730,#11731,#11732);
#11730 = CARTESIAN_POINT('',(42.980317252229,62.936356314848,
    3.445681681253));
#11731 = DIRECTION('',(0.972182084497,-3.958411228412E-02,
    -0.230857299294));
#11732 = DIRECTION('',(0.231038377496,1.177659211226E-18,0.972944637749)
  );
#11733 = ADVANCED_FACE('',(#11734),#11752,.T.);
#11734 = FACE_BOUND('',#11735,.T.);
#11735 = EDGE_LOOP('',(#11736,#11737,#11745,#11751));
#11736 = ORIENTED_EDGE('',*,*,#10132,.T.);
#11737 = ORIENTED_EDGE('',*,*,#11738,.F.);
#11738 = EDGE_CURVE('',#11739,#10124,#11741,.T.);
#11739 = VERTEX_POINT('',#11740);
#11740 = CARTESIAN_POINT('',(42.993843078613,64.088264465332,
    3.438275814056));
#11741 = LINE('',#11742,#11743);
#11742 = CARTESIAN_POINT('',(42.993843078613,64.088264465332,
    3.438275814056));
#11743 = VECTOR('',#11744,1.);
#11744 = DIRECTION('',(-0.233428599093,8.236368399581E-02,
    -0.968879410806));
#11745 = ORIENTED_EDGE('',*,*,#11746,.T.);
#11746 = EDGE_CURVE('',#11739,#11698,#11747,.T.);
#11747 = LINE('',#11748,#11749);
#11748 = CARTESIAN_POINT('',(42.993843078613,64.088264465332,
    3.438275814056));
#11749 = VECTOR('',#11750,1.);
#11750 = DIRECTION('',(0.,-1.,0.));
#11751 = ORIENTED_EDGE('',*,*,#11722,.T.);
#11752 = PLANE('',#11753);
#11753 = AXIS2_PLACEMENT_3D('',#11754,#11755,#11756);
#11754 = CARTESIAN_POINT('',(42.984617185373,63.700001638043,
    3.39998239996));
#11755 = DIRECTION('',(0.972182556853,0.,-0.234224414079));
#11756 = DIRECTION('',(0.234224414079,0.,0.972182556853));
#11757 = ADVANCED_FACE('',(#11758),#11776,.T.);
#11758 = FACE_BOUND('',#11759,.T.);
#11759 = EDGE_LOOP('',(#11760,#11768,#11769,#11770));
#11760 = ORIENTED_EDGE('',*,*,#11761,.T.);
#11761 = EDGE_CURVE('',#11762,#11739,#11764,.T.);
#11762 = VERTEX_POINT('',#11763);
#11763 = CARTESIAN_POINT('',(42.993843078613,64.853607177734,
    3.569508552551));
#11764 = LINE('',#11765,#11766);
#11765 = CARTESIAN_POINT('',(42.993843078613,64.853607177734,
    3.569508552551));
#11766 = VECTOR('',#11767,1.);
#11767 = DIRECTION('',(0.,-0.985615577617,-0.1690027608));
#11768 = ORIENTED_EDGE('',*,*,#11738,.T.);
#11769 = ORIENTED_EDGE('',*,*,#10123,.T.);
#11770 = ORIENTED_EDGE('',*,*,#11771,.F.);
#11771 = EDGE_CURVE('',#11762,#10115,#11772,.T.);
#11772 = LINE('',#11773,#11774);
#11773 = CARTESIAN_POINT('',(42.993843078613,64.853607177734,
    3.569508552551));
#11774 = VECTOR('',#11775,1.);
#11775 = DIRECTION('',(-2.327451939493E-02,-0.964411537252,
    -0.263379352952));
#11776 = PLANE('',#11777);
#11777 = AXIS2_PLACEMENT_3D('',#11778,#11779,#11780);
#11778 = CARTESIAN_POINT('',(42.989016769856,64.454352324988,
    3.480724325827));
#11779 = DIRECTION('',(0.972181616569,3.958523220152E-02,-0.230859077785
    ));
#11780 = DIRECTION('',(0.231040167641,-6.066654655016E-19,0.972944212654
    ));
#11781 = ADVANCED_FACE('',(#11782),#11792,.T.);
#11782 = FACE_BOUND('',#11783,.T.);
#11783 = EDGE_LOOP('',(#11784,#11785,#11791));
#11784 = ORIENTED_EDGE('',*,*,#10114,.T.);
#11785 = ORIENTED_EDGE('',*,*,#11786,.F.);
#11786 = EDGE_CURVE('',#11762,#10106,#11787,.T.);
#11787 = LINE('',#11788,#11789);
#11788 = CARTESIAN_POINT('',(42.993843078613,64.853607177734,
    3.569508552551));
#11789 = VECTOR('',#11790,1.);
#11790 = DIRECTION('',(-0.233424072441,0.245044225182,-0.940992311398));
#11791 = ORIENTED_EDGE('',*,*,#11771,.T.);
#11792 = PLANE('',#11793);
#11793 = AXIS2_PLACEMENT_3D('',#11794,#11795,#11796);
#11794 = CARTESIAN_POINT('',(42.980317260869,64.497199232505,
    3.451435788903));
#11795 = DIRECTION('',(0.972183051921,3.95836221952E-02,-0.230853309294)
  );
#11796 = DIRECTION('',(0.231034379878,-1.261916921021E-19,0.972945587027
    ));
#11797 = ADVANCED_FACE('',(#11798),#11816,.T.);
#11798 = FACE_BOUND('',#11799,.T.);
#11799 = EDGE_LOOP('',(#11800,#11808,#11809,#11810));
#11800 = ORIENTED_EDGE('',*,*,#11801,.T.);
#11801 = EDGE_CURVE('',#11802,#11762,#11804,.T.);
#11802 = VERTEX_POINT('',#11803);
#11803 = CARTESIAN_POINT('',(42.993843078613,65.58576965332,
    3.828197956085));
#11804 = LINE('',#11805,#11806);
#11805 = CARTESIAN_POINT('',(42.993843078613,65.58576965332,
    3.828197956085));
#11806 = VECTOR('',#11807,1.);
#11807 = DIRECTION('',(0.,-0.94287746814,-0.333139730554));
#11808 = ORIENTED_EDGE('',*,*,#11786,.T.);
#11809 = ORIENTED_EDGE('',*,*,#10105,.T.);
#11810 = ORIENTED_EDGE('',*,*,#11811,.F.);
#11811 = EDGE_CURVE('',#11802,#10097,#11812,.T.);
#11812 = LINE('',#11813,#11814);
#11813 = CARTESIAN_POINT('',(42.993843078613,65.58576965332,
    3.828197956085));
#11814 = VECTOR('',#11815,1.);
#11815 = DIRECTION('',(-2.32746060733E-02,-0.906027427255,
    -0.422578506048));
#11816 = PLANE('',#11817);
#11817 = AXIS2_PLACEMENT_3D('',#11818,#11819,#11820);
#11818 = CARTESIAN_POINT('',(42.989016793634,65.207261030555,
    3.673216264707));
#11819 = DIRECTION('',(0.97218331613,7.802840830122E-02,-0.220841951032)
  );
#11820 = DIRECTION('',(0.221517327245,-3.700925164818E-18,0.975156435517
    ));
#11821 = ADVANCED_FACE('',(#11822),#11832,.T.);
#11822 = FACE_BOUND('',#11823,.T.);
#11823 = EDGE_LOOP('',(#11824,#11825,#11831));
#11824 = ORIENTED_EDGE('',*,*,#10096,.T.);
#11825 = ORIENTED_EDGE('',*,*,#11826,.F.);
#11826 = EDGE_CURVE('',#11802,#10088,#11827,.T.);
#11827 = LINE('',#11828,#11829);
#11828 = CARTESIAN_POINT('',(42.993843078613,65.58576965332,
    3.828197956085));
#11829 = VECTOR('',#11830,1.);
#11830 = DIRECTION('',(-0.233425394885,0.400532889619,-0.886050782606));
#11831 = ORIENTED_EDGE('',*,*,#11811,.T.);
#11832 = PLANE('',#11833);
#11833 = AXIS2_PLACEMENT_3D('',#11834,#11835,#11836);
#11834 = CARTESIAN_POINT('',(42.980317264535,65.254443815108,
    3.651590412954));
#11835 = DIRECTION('',(0.972182815655,7.802930153472E-02,-0.2208438386)
  );
#11836 = DIRECTION('',(0.22151923612,1.089339148029E-18,0.975156001894)
  );
#11837 = ADVANCED_FACE('',(#11838),#11856,.T.);
#11838 = FACE_BOUND('',#11839,.T.);
#11839 = EDGE_LOOP('',(#11840,#11848,#11849,#11850));
#11840 = ORIENTED_EDGE('',*,*,#11841,.T.);
#11841 = EDGE_CURVE('',#11842,#11802,#11844,.T.);
#11842 = VERTEX_POINT('',#11843);
#11843 = CARTESIAN_POINT('',(42.993843078613,66.263679504395,
    4.206902980804));
#11844 = LINE('',#11845,#11846);
#11845 = CARTESIAN_POINT('',(42.993843078613,66.263679504395,
    4.206902980804));
#11846 = VECTOR('',#11847,1.);
#11847 = DIRECTION('',(0.,-0.873013092839,-0.487696770271));
#11848 = ORIENTED_EDGE('',*,*,#11826,.T.);
#11849 = ORIENTED_EDGE('',*,*,#10087,.T.);
#11850 = ORIENTED_EDGE('',*,*,#11851,.F.);
#11851 = EDGE_CURVE('',#11842,#10079,#11852,.T.);
#11852 = LINE('',#11853,#11854);
#11853 = CARTESIAN_POINT('',(42.993843078613,66.263679504395,
    4.206902980804));
#11854 = VECTOR('',#11855,1.);
#11855 = DIRECTION('',(-2.327462006131E-02,-0.821578090196,
    -0.569620692892));
#11856 = PLANE('',#11857);
#11857 = AXIS2_PLACEMENT_3D('',#11858,#11859,#11860);
#11858 = CARTESIAN_POINT('',(42.989016790686,65.916808391673,
    3.990181986717));
#11859 = DIRECTION('',(0.972182910237,0.114229774923,-0.204479699639));
#11860 = DIRECTION('',(0.205826969597,6.944125737376E-19,0.978588401008)
  );
#11861 = ADVANCED_FACE('',(#11862),#11872,.T.);
#11862 = FACE_BOUND('',#11863,.T.);
#11863 = EDGE_LOOP('',(#11864,#11865,#11871));
#11864 = ORIENTED_EDGE('',*,*,#10078,.T.);
#11865 = ORIENTED_EDGE('',*,*,#11866,.F.);
#11866 = EDGE_CURVE('',#11842,#10070,#11867,.T.);
#11867 = LINE('',#11868,#11869);
#11868 = CARTESIAN_POINT('',(42.993843078613,66.263679504395,
    4.206902980804));
#11869 = VECTOR('',#11870,1.);
#11870 = DIRECTION('',(-0.233420999754,0.544535554519,-0.805602672996));
#11871 = ORIENTED_EDGE('',*,*,#11851,.T.);
#11872 = PLANE('',#11873);
#11873 = AXIS2_PLACEMENT_3D('',#11874,#11875,#11876);
#11874 = CARTESIAN_POINT('',(42.980317263022,65.966967730496,
    3.976841212836));
#11875 = DIRECTION('',(0.972183763268,0.114227730626,-0.204476785953));
#11876 = DIRECTION('',(0.205823988014,-6.683019241078E-19,0.978589028121
    ));
#11877 = ADVANCED_FACE('',(#11878),#11896,.T.);
#11878 = FACE_BOUND('',#11879,.T.);
#11879 = EDGE_LOOP('',(#11880,#11888,#11889,#11890));
#11880 = ORIENTED_EDGE('',*,*,#11881,.T.);
#11881 = EDGE_CURVE('',#11882,#11842,#11884,.T.);
#11882 = VERTEX_POINT('',#11883);
#11883 = CARTESIAN_POINT('',(42.993843078613,66.86784362793,
    4.694728374481));
#11884 = LINE('',#11885,#11886);
#11885 = CARTESIAN_POINT('',(42.993843078613,66.86784362793,
    4.694728374481));
#11886 = VECTOR('',#11887,1.);
#11887 = DIRECTION('',(0.,-0.778037684554,-0.628217606736));
#11888 = ORIENTED_EDGE('',*,*,#11866,.T.);
#11889 = ORIENTED_EDGE('',*,*,#10069,.T.);
#11890 = ORIENTED_EDGE('',*,*,#11891,.F.);
#11891 = EDGE_CURVE('',#11882,#10061,#11892,.T.);
#11892 = LINE('',#11893,#11894);
#11893 = CARTESIAN_POINT('',(42.993843078613,66.86784362793,
    4.694728374481));
#11894 = VECTOR('',#11895,1.);
#11895 = DIRECTION('',(-2.327451491584E-02,-0.713496470794,
    -0.700272149325));
#11896 = PLANE('',#11897);
#11897 = AXIS2_PLACEMENT_3D('',#11898,#11899,#11900);
#11898 = CARTESIAN_POINT('',(42.989016793767,66.562584831614,
    4.422502830632));
#11899 = DIRECTION('',(0.972184108787,0.147139854111,-0.182230408971));
#11900 = DIRECTION('',(0.18423568588,3.496202384687E-18,0.982882094683)
  );
#11901 = ADVANCED_FACE('',(#11902),#11912,.T.);
#11902 = FACE_BOUND('',#11903,.T.);
#11903 = EDGE_LOOP('',(#11904,#11905,#11911));
#11904 = ORIENTED_EDGE('',*,*,#10060,.T.);
#11905 = ORIENTED_EDGE('',*,*,#11906,.F.);
#11906 = EDGE_CURVE('',#11882,#10052,#11907,.T.);
#11907 = LINE('',#11908,#11909);
#11908 = CARTESIAN_POINT('',(42.993843078613,66.86784362793,
    4.694728374481));
#11909 = VECTOR('',#11910,1.);
#11910 = DIRECTION('',(-0.233413545935,0.67286887643,-0.701972643132));
#11911 = ORIENTED_EDGE('',*,*,#11891,.T.);
#11912 = PLANE('',#11913);
#11913 = AXIS2_PLACEMENT_3D('',#11914,#11915,#11916);
#11914 = CARTESIAN_POINT('',(42.980317261999,66.61427948832,
    4.417831170423));
#11915 = DIRECTION('',(0.972185425747,0.147135983092,-0.18222650862));
#11916 = DIRECTION('',(0.184231635354,-1.509652970607E-18,0.982882853922
    ));
#11917 = ADVANCED_FACE('',(#11918),#11936,.T.);
#11918 = FACE_BOUND('',#11919,.T.);
#11919 = EDGE_LOOP('',(#11920,#11928,#11929,#11930));
#11920 = ORIENTED_EDGE('',*,*,#11921,.T.);
#11921 = EDGE_CURVE('',#11922,#11882,#11924,.T.);
#11922 = VERTEX_POINT('',#11923);
#11923 = CARTESIAN_POINT('',(42.993843078613,67.380874633789,
    5.277640342712));
#11924 = LINE('',#11925,#11926);
#11925 = CARTESIAN_POINT('',(42.993843078613,67.380874633789,
    5.277640342712));
#11926 = VECTOR('',#11927,1.);
#11927 = DIRECTION('',(0.,-0.660677589162,-0.750669783047));
#11928 = ORIENTED_EDGE('',*,*,#11906,.T.);
#11929 = ORIENTED_EDGE('',*,*,#10051,.T.);
#11930 = ORIENTED_EDGE('',*,*,#11931,.F.);
#11931 = EDGE_CURVE('',#11922,#10043,#11932,.T.);
#11932 = LINE('',#11933,#11934);
#11933 = CARTESIAN_POINT('',(42.993843078613,67.380874633789,
    5.277640342712));
#11934 = VECTOR('',#11935,1.);
#11935 = DIRECTION('',(-2.327457101584E-02,-0.584884491547,
    -0.810782600881));
#11936 = PLANE('',#11937);
#11937 = AXIS2_PLACEMENT_3D('',#11938,#11939,#11940);
#11938 = CARTESIAN_POINT('',(42.989016790785,67.126013426239,
    4.957741311413));
#11939 = DIRECTION('',(0.972186024597,0.175814385077,-0.154737311526));
#11940 = DIRECTION('',(-0.17795777093,0.984038125159,4.964053402864E-19)
  );
#11941 = ADVANCED_FACE('',(#11942),#11952,.T.);
#11942 = FACE_BOUND('',#11943,.T.);
#11943 = EDGE_LOOP('',(#11944,#11945,#11951));
#11944 = ORIENTED_EDGE('',*,*,#10042,.T.);
#11945 = ORIENTED_EDGE('',*,*,#11946,.F.);
#11946 = EDGE_CURVE('',#11922,#10034,#11947,.T.);
#11947 = LINE('',#11948,#11949);
#11948 = CARTESIAN_POINT('',(42.993843078613,67.380874633789,
    5.277640342712));
#11949 = VECTOR('',#11950,1.);
#11950 = DIRECTION('',(-0.233438873174,0.78176009225,-0.578236500626));
#11951 = ORIENTED_EDGE('',*,*,#11931,.T.);
#11952 = PLANE('',#11953);
#11953 = AXIS2_PLACEMENT_3D('',#11954,#11955,#11956);
#11954 = CARTESIAN_POINT('',(42.980317265324,67.177750811146,
    4.96187196525));
#11955 = DIRECTION('',(0.972179829179,0.175835433928,-0.154752317954));
#11956 = DIRECTION('',(-0.177979499829,0.984034195361,
    -1.510440931126E-18));
#11957 = ADVANCED_FACE('',(#11958),#11976,.T.);
#11958 = FACE_BOUND('',#11959,.T.);
#11959 = EDGE_LOOP('',(#11960,#11968,#11969,#11970));
#11960 = ORIENTED_EDGE('',*,*,#11961,.T.);
#11961 = EDGE_CURVE('',#11962,#11922,#11964,.T.);
#11962 = VERTEX_POINT('',#11963);
#11963 = CARTESIAN_POINT('',(42.993843078613,67.78800201416,
    5.938869476318));
#11964 = LINE('',#11965,#11966);
#11965 = CARTESIAN_POINT('',(42.993843078613,67.78800201416,
    5.938869476318));
#11966 = VECTOR('',#11967,1.);
#11967 = DIRECTION('',(0.,-0.524300239299,-0.851533475015));
#11968 = ORIENTED_EDGE('',*,*,#11946,.T.);
#11969 = ORIENTED_EDGE('',*,*,#10033,.T.);
#11970 = ORIENTED_EDGE('',*,*,#11971,.F.);
#11971 = EDGE_CURVE('',#11962,#10025,#11972,.T.);
#11972 = LINE('',#11973,#11974);
#11973 = CARTESIAN_POINT('',(42.993843078613,67.78800201416,
    5.938869476318));
#11974 = VECTOR('',#11975,1.);
#11975 = DIRECTION('',(-2.327456270155E-02,-0.439448564834,
    -0.897966176198));
#11976 = PLANE('',#11977);
#11977 = AXIS2_PLACEMENT_3D('',#11978,#11979,#11980);
#11978 = CARTESIAN_POINT('',(42.989016792616,67.590873878569,
    5.580501877095));
#11979 = DIRECTION('',(0.972179384234,0.199461142269,-0.12281082035));
#11980 = DIRECTION('',(-0.200982560251,0.979594819543,2.035688367414E-18
    ));
#11981 = ADVANCED_FACE('',(#11982),#11992,.T.);
#11982 = FACE_BOUND('',#11983,.T.);
#11983 = EDGE_LOOP('',(#11984,#11985,#11991));
#11984 = ORIENTED_EDGE('',*,*,#10024,.T.);
#11985 = ORIENTED_EDGE('',*,*,#11986,.F.);
#11986 = EDGE_CURVE('',#11962,#10016,#11987,.T.);
#11987 = LINE('',#11988,#11989);
#11988 = CARTESIAN_POINT('',(42.993843078613,67.78800201416,
    5.938869476318));
#11989 = VECTOR('',#11990,1.);
#11990 = DIRECTION('',(-0.233405926525,0.868283659185,-0.437727267435));
#11991 = ORIENTED_EDGE('',*,*,#11971,.T.);
#11992 = PLANE('',#11993);
#11993 = AXIS2_PLACEMENT_3D('',#11994,#11995,#11996);
#11994 = CARTESIAN_POINT('',(42.980317272108,67.641169701562,
    5.593317253157));
#11995 = DIRECTION('',(0.972187324706,0.199431301991,-0.122796422863));
#11996 = DIRECTION('',(-0.200952131625,0.979601062063,1.608158877368E-18
    ));
#11997 = ADVANCED_FACE('',(#11998),#12016,.T.);
#11998 = FACE_BOUND('',#11999,.T.);
#11999 = EDGE_LOOP('',(#12000,#12008,#12009,#12010));
#12000 = ORIENTED_EDGE('',*,*,#12001,.T.);
#12001 = EDGE_CURVE('',#12002,#11962,#12004,.T.);
#12002 = VERTEX_POINT('',#12003);
#12003 = CARTESIAN_POINT('',(42.993843078613,68.077545166016,
    6.659393787384));
#12004 = LINE('',#12005,#12006);
#12005 = CARTESIAN_POINT('',(42.993843078613,68.077545166016,
    6.659393787384));
#12006 = VECTOR('',#12007,1.);
#12007 = DIRECTION('',(0.,-0.372870526185,-0.92788338206));
#12008 = ORIENTED_EDGE('',*,*,#11986,.T.);
#12009 = ORIENTED_EDGE('',*,*,#10015,.T.);
#12010 = ORIENTED_EDGE('',*,*,#12011,.F.);
#12011 = EDGE_CURVE('',#12002,#10007,#12012,.T.);
#12012 = LINE('',#12013,#12014);
#12013 = CARTESIAN_POINT('',(42.993843078613,68.077545166016,
    6.659393787384));
#12014 = VECTOR('',#12015,1.);
#12015 = DIRECTION('',(-2.32744888734E-02,-0.28137843849,-0.959314584753
    ));
#12016 = PLANE('',#12017);
#12017 = AXIS2_PLACEMENT_3D('',#12018,#12019,#12020);
#12018 = CARTESIAN_POINT('',(42.989016783032,67.943809017426,
    6.272863414591));
#12019 = DIRECTION('',(0.972187856092,0.217312531445,-8.732717873058E-02
    ));
#12020 = DIRECTION('',(-0.21814591767,0.975916163717,2.606594309425E-18)
  );
#12021 = ADVANCED_FACE('',(#12022),#12032,.T.);
#12022 = FACE_BOUND('',#12023,.T.);
#12023 = EDGE_LOOP('',(#12024,#12025,#12031));
#12024 = ORIENTED_EDGE('',*,*,#10006,.T.);
#12025 = ORIENTED_EDGE('',*,*,#12026,.F.);
#12026 = EDGE_CURVE('',#12002,#9998,#12027,.T.);
#12027 = LINE('',#12028,#12029);
#12028 = CARTESIAN_POINT('',(42.993843078613,68.077545166016,
    6.659393787384));
#12029 = VECTOR('',#12030,1.);
#12030 = DIRECTION('',(-0.233454777641,0.929734502917,-0.284767661229));
#12031 = ORIENTED_EDGE('',*,*,#12011,.T.);
#12032 = PLANE('',#12033);
#12033 = AXIS2_PLACEMENT_3D('',#12034,#12035,#12036);
#12034 = CARTESIAN_POINT('',(42.980317249592,67.991214159071,
    6.293993141763));
#12035 = DIRECTION('',(0.972175971427,0.217360191952,-8.734086978666E-02
    ));
#12036 = DIRECTION('',(-0.218194023853,0.975905409328,
    -2.231711892323E-18));
#12037 = ADVANCED_FACE('',(#12038),#12056,.T.);
#12038 = FACE_BOUND('',#12039,.T.);
#12039 = EDGE_LOOP('',(#12040,#12048,#12049,#12050));
#12040 = ORIENTED_EDGE('',*,*,#12041,.T.);
#12041 = EDGE_CURVE('',#12042,#12002,#12044,.T.);
#12042 = VERTEX_POINT('',#12043);
#12043 = CARTESIAN_POINT('',(42.993843078613,68.241134643555,
    7.418484687805));
#12044 = LINE('',#12045,#12046);
#12045 = CARTESIAN_POINT('',(42.993843078613,68.241134643555,
    7.418484687805));
#12046 = VECTOR('',#12047,1.);
#12047 = DIRECTION('',(0.,-0.210670500577,-0.977557128861));
#12048 = ORIENTED_EDGE('',*,*,#12026,.T.);
#12049 = ORIENTED_EDGE('',*,*,#9997,.T.);
#12050 = ORIENTED_EDGE('',*,*,#12051,.F.);
#12051 = EDGE_CURVE('',#12042,#9989,#12052,.T.);
#12052 = LINE('',#12053,#12054);
#12053 = CARTESIAN_POINT('',(42.993843078613,68.241134643555,
    7.418484687805));
#12054 = VECTOR('',#12055,1.);
#12055 = DIRECTION('',(-2.327452245229E-02,-0.115204280682,
    -0.993069116586));
#12056 = PLANE('',#12057);
#12057 = AXIS2_PLACEMENT_3D('',#12058,#12059,#12060);
#12058 = CARTESIAN_POINT('',(42.989016810396,68.174652303185,
    7.014917113802));
#12059 = DIRECTION('',(0.972175546965,0.22899618644,-4.935030373487E-02)
  );
#12060 = DIRECTION('',(-0.229275551494,0.973361557432,
    -1.785777968727E-18));
#12061 = ADVANCED_FACE('',(#12062),#12072,.T.);
#12062 = FACE_BOUND('',#12063,.T.);
#12063 = EDGE_LOOP('',(#12064,#12065,#12071));
#12064 = ORIENTED_EDGE('',*,*,#9988,.T.);
#12065 = ORIENTED_EDGE('',*,*,#12066,.F.);
#12066 = EDGE_CURVE('',#12042,#9980,#12067,.T.);
#12067 = LINE('',#12068,#12069);
#12068 = CARTESIAN_POINT('',(42.993843078613,68.241134643555,
    7.418484687805));
#12069 = VECTOR('',#12070,1.);
#12070 = DIRECTION('',(-0.233419167514,0.964501030025,-0.123504070043));
#12071 = ORIENTED_EDGE('',*,*,#12051,.T.);
#12072 = PLANE('',#12073);
#12073 = AXIS2_PLACEMENT_3D('',#12074,#12075,#12076);
#12074 = CARTESIAN_POINT('',(42.980317269118,68.217802989294,
    7.043753558723));
#12075 = DIRECTION('',(0.972184315202,0.228959823669,-4.93462908517E-02)
  );
#12076 = DIRECTION('',(-0.229239098855,0.97337014314,8.946195007223E-20)
  );
#12077 = ADVANCED_FACE('',(#12078),#12089,.T.);
#12078 = FACE_BOUND('',#12079,.T.);
#12079 = EDGE_LOOP('',(#12080,#12086,#12087,#12088));
#12080 = ORIENTED_EDGE('',*,*,#12081,.T.);
#12081 = EDGE_CURVE('',#10635,#12042,#12082,.T.);
#12082 = LINE('',#12083,#12084);
#12083 = CARTESIAN_POINT('',(42.993843078613,68.27409362793,
    8.194305419922));
#12084 = VECTOR('',#12085,1.);
#12085 = DIRECTION('',(0.,-4.244444793748E-02,-0.999098828364));
#12086 = ORIENTED_EDGE('',*,*,#12066,.T.);
#12087 = ORIENTED_EDGE('',*,*,#9979,.T.);
#12088 = ORIENTED_EDGE('',*,*,#10642,.F.);
#12089 = PLANE('',#12090);
#12090 = AXIS2_PLACEMENT_3D('',#12091,#12092,#12093);
#12091 = CARTESIAN_POINT('',(42.989016784858,68.27676913161,
    7.785304022083));
#12092 = DIRECTION('',(0.972184409066,0.234005656596,-9.941199635599E-03
    ));
#12093 = DIRECTION('',(-0.234017220544,0.97223245188,3.308343546538E-19)
  );
#12094 = ADVANCED_FACE('',(#12095),#12112,.T.);
#12095 = FACE_BOUND('',#12096,.T.);
#12096 = EDGE_LOOP('',(#12097,#12098,#12106));
#12097 = ORIENTED_EDGE('',*,*,#10657,.F.);
#12098 = ORIENTED_EDGE('',*,*,#12099,.F.);
#12099 = EDGE_CURVE('',#12100,#10658,#12102,.T.);
#12100 = VERTEX_POINT('',#12101);
#12101 = CARTESIAN_POINT('',(43.,68.098999023438,8.948057174683));
#12102 = LINE('',#12103,#12104);
#12103 = CARTESIAN_POINT('',(43.,68.098999023438,8.948057174683));
#12104 = VECTOR('',#12105,1.);
#12105 = DIRECTION('',(-7.847284505375E-02,0.974541329775,0.210026686754
    ));
#12106 = ORIENTED_EDGE('',*,*,#12107,.T.);
#12107 = EDGE_CURVE('',#12100,#10635,#12108,.T.);
#12108 = LINE('',#12109,#12110);
#12109 = CARTESIAN_POINT('',(43.,68.098999023438,8.948057174683));
#12110 = VECTOR('',#12111,1.);
#12111 = DIRECTION('',(-7.956261130227E-03,0.226265418759,-0.97403319152
    ));
#12112 = PLANE('',#12113);
#12113 = AXIS2_PLACEMENT_3D('',#12114,#12115,#12116);
#12114 = CARTESIAN_POINT('',(42.995453925759,68.202396843016,
    8.593659955952));
#12115 = DIRECTION('',(0.996894018607,7.811689007993E-02,
    1.000335696949E-02));
#12116 = DIRECTION('',(-7.812079884059E-02,0.996943900522,
    3.138618384657E-20));
#12117 = ADVANCED_FACE('',(#12118),#12135,.T.);
#12118 = FACE_BOUND('',#12119,.T.);
#12119 = EDGE_LOOP('',(#12120,#12121,#12129));
#12120 = ORIENTED_EDGE('',*,*,#10697,.F.);
#12121 = ORIENTED_EDGE('',*,*,#12122,.F.);
#12122 = EDGE_CURVE('',#12123,#10698,#12125,.T.);
#12123 = VERTEX_POINT('',#12124);
#12124 = CARTESIAN_POINT('',(43.,67.875495910645,9.677854537964));
#12125 = LINE('',#12126,#12127);
#12126 = CARTESIAN_POINT('',(43.,67.875495910645,9.677854537964));
#12127 = VECTOR('',#12128,1.);
#12128 = DIRECTION('',(-7.846462550373E-02,0.925046402779,0.371661748436
    ));
#12129 = ORIENTED_EDGE('',*,*,#12130,.T.);
#12130 = EDGE_CURVE('',#12123,#10658,#12131,.T.);
#12131 = LINE('',#12132,#12133);
#12132 = CARTESIAN_POINT('',(43.,67.875495910645,9.677854537964));
#12133 = VECTOR('',#12134,1.);
#12134 = DIRECTION('',(-7.956242120811E-03,0.387627721764,
    -0.921781670208));
#12135 = PLANE('',#12136);
#12136 = AXIS2_PLACEMENT_3D('',#12137,#12138,#12139);
#12137 = CARTESIAN_POINT('',(42.995453936233,68.037303562615,
    9.346030867101));
#12138 = DIRECTION('',(0.996894691254,7.529466788047E-02,
    2.305835072004E-02));
#12139 = DIRECTION('',(-7.531469248424E-02,0.997159815223,
    1.580135929341E-19));
#12140 = ADVANCED_FACE('',(#12141),#12158,.T.);
#12141 = FACE_BOUND('',#12142,.T.);
#12142 = EDGE_LOOP('',(#12143,#12144,#12152));
#12143 = ORIENTED_EDGE('',*,*,#10737,.F.);
#12144 = ORIENTED_EDGE('',*,*,#12145,.F.);
#12145 = EDGE_CURVE('',#12146,#10738,#12148,.T.);
#12146 = VERTEX_POINT('',#12147);
#12147 = CARTESIAN_POINT('',(43.,67.531883239746,10.359383583069));
#12148 = LINE('',#12149,#12150);
#12149 = CARTESIAN_POINT('',(43.,67.531883239746,10.359383583069));
#12150 = VECTOR('',#12151,1.);
#12151 = DIRECTION('',(-7.847259701991E-02,0.848904302334,0.522688757288
    ));
#12152 = ORIENTED_EDGE('',*,*,#12153,.T.);
#12153 = EDGE_CURVE('',#12146,#10698,#12154,.T.);
#12154 = LINE('',#12155,#12156);
#12155 = CARTESIAN_POINT('',(43.,67.531883239746,10.359383583069));
#12156 = VECTOR('',#12157,1.);
#12157 = DIRECTION('',(-7.956244248592E-03,0.537830280358,
    -0.843015591616));
#12158 = PLANE('',#12159);
#12159 = AXIS2_PLACEMENT_3D('',#12160,#12161,#12162);
#12160 = CARTESIAN_POINT('',(42.995453925797,67.74743917052,
    10.059675893574));
#12161 = DIRECTION('',(0.99689403802,7.03219005547E-02,
    3.545570844891E-02));
#12162 = DIRECTION('',(-7.036614335845E-02,0.997521230786,
    6.445360149954E-19));
#12163 = ADVANCED_FACE('',(#12164),#12181,.T.);
#12164 = FACE_BOUND('',#12165,.T.);
#12165 = EDGE_LOOP('',(#12166,#12167,#12175));
#12166 = ORIENTED_EDGE('',*,*,#10777,.F.);
#12167 = ORIENTED_EDGE('',*,*,#12168,.F.);
#12168 = EDGE_CURVE('',#12169,#10778,#12171,.T.);
#12169 = VERTEX_POINT('',#12170);
#12170 = CARTESIAN_POINT('',(43.,67.078025817871,10.973035812378));
#12171 = LINE('',#12172,#12173);
#12172 = CARTESIAN_POINT('',(43.,67.078025817871,10.973035812378));
#12173 = VECTOR('',#12174,1.);
#12174 = DIRECTION('',(-7.847229564576E-02,0.748355374585,0.658639759008
    ));
#12175 = ORIENTED_EDGE('',*,*,#12176,.T.);
#12176 = EDGE_CURVE('',#12169,#10738,#12177,.T.);
#12177 = LINE('',#12178,#12179);
#12178 = CARTESIAN_POINT('',(43.,67.078025817871,10.973035812378));
#12179 = VECTOR('',#12180,1.);
#12180 = DIRECTION('',(-7.956260222372E-03,0.672565253841,
    -0.739995052179));
#12181 = PLANE('',#12182);
#12182 = AXIS2_PLACEMENT_3D('',#12183,#12184,#12185);
#12183 = CARTESIAN_POINT('',(42.995453925862,67.341131761827,
    10.714069316551));
#12184 = DIRECTION('',(0.996894059505,6.331809401458E-02,
    4.683004476863E-02));
#12185 = DIRECTION('',(-6.338763839236E-02,0.997988981552,
    3.656736487698E-20));
#12186 = ADVANCED_FACE('',(#12187),#12204,.T.);
#12187 = FACE_BOUND('',#12188,.T.);
#12188 = EDGE_LOOP('',(#12189,#12190,#12198));
#12189 = ORIENTED_EDGE('',*,*,#10817,.F.);
#12190 = ORIENTED_EDGE('',*,*,#12191,.F.);
#12191 = EDGE_CURVE('',#12192,#10818,#12194,.T.);
#12192 = VERTEX_POINT('',#12193);
#12193 = CARTESIAN_POINT('',(43.,66.526985168457,11.501160621643));
#12194 = LINE('',#12195,#12196);
#12195 = CARTESIAN_POINT('',(43.,66.526985168457,11.501160621643));
#12196 = VECTOR('',#12197,1.);
#12197 = DIRECTION('',(-7.846602972944E-02,0.626366993206,0.775569127803
    ));
#12198 = ORIENTED_EDGE('',*,*,#12199,.T.);
#12199 = EDGE_CURVE('',#12192,#10778,#12200,.T.);
#12200 = LINE('',#12201,#12202);
#12201 = CARTESIAN_POINT('',(43.,66.526985168457,11.501160621643));
#12202 = VECTOR('',#12203,1.);
#12203 = DIRECTION('',(-7.956222088771E-03,0.787951898115,
    -0.615685394327));
#12204 = PLANE('',#12205);
#12205 = AXIS2_PLACEMENT_3D('',#12206,#12207,#12208);
#12206 = CARTESIAN_POINT('',(42.995453939397,66.830075597077,
    11.290384384533));
#12207 = DIRECTION('',(0.996894611264,5.448855533924E-02,
    5.685183699551E-02));
#12208 = DIRECTION('',(-5.693642201977E-02,-7.41768396546E-19,
    0.998377806167));
#12209 = ADVANCED_FACE('',(#12210),#12227,.T.);
#12210 = FACE_BOUND('',#12211,.T.);
#12211 = EDGE_LOOP('',(#12212,#12213,#12221));
#12212 = ORIENTED_EDGE('',*,*,#10857,.F.);
#12213 = ORIENTED_EDGE('',*,*,#12214,.F.);
#12214 = EDGE_CURVE('',#12215,#10858,#12217,.T.);
#12215 = VERTEX_POINT('',#12216);
#12216 = CARTESIAN_POINT('',(43.,65.894622802734,11.928564071655));
#12217 = LINE('',#12218,#12219);
#12218 = CARTESIAN_POINT('',(43.,65.894622802734,11.928564071655));
#12219 = VECTOR('',#12220,1.);
#12220 = DIRECTION('',(-7.847314427194E-02,0.48620287653,0.870315304061)
  );
#12221 = ORIENTED_EDGE('',*,*,#12222,.T.);
#12222 = EDGE_CURVE('',#12215,#10818,#12223,.T.);
#12223 = LINE('',#12224,#12225);
#12224 = CARTESIAN_POINT('',(43.,65.894622802734,11.928564071655));
#12225 = VECTOR('',#12226,1.);
#12226 = DIRECTION('',(-7.956165174619E-03,0.880669599198,
    -0.473664181128));
#12227 = PLANE('',#12228);
#12228 = AXIS2_PLACEMENT_3D('',#12229,#12230,#12231);
#12229 = CARTESIAN_POINT('',(42.995453925891,66.228976333471,
    11.77203961497));
#12230 = DIRECTION('',(0.996894003506,4.410034546924E-02,
    6.524956170815E-02));
#12231 = DIRECTION('',(-6.531310440264E-02,-5.984925499615E-19,
    0.997864819699));
#12232 = ADVANCED_FACE('',(#12233),#12250,.T.);
#12233 = FACE_BOUND('',#12234,.T.);
#12234 = EDGE_LOOP('',(#12235,#12236,#12244));
#12235 = ORIENTED_EDGE('',*,*,#10897,.F.);
#12236 = ORIENTED_EDGE('',*,*,#12237,.F.);
#12237 = EDGE_CURVE('',#12238,#10898,#12240,.T.);
#12238 = VERTEX_POINT('',#12239);
#12239 = CARTESIAN_POINT('',(43.,65.199127197266,12.242948532104));
#12240 = LINE('',#12241,#12242);
#12241 = CARTESIAN_POINT('',(43.,65.199127197266,12.242948532104));
#12242 = VECTOR('',#12243,1.);
#12243 = DIRECTION('',(-7.84736229783E-02,0.332078590422,0.939981755291)
  );
#12244 = ORIENTED_EDGE('',*,*,#12245,.T.);
#12245 = EDGE_CURVE('',#12238,#10858,#12246,.T.);
#12246 = LINE('',#12247,#12248);
#12247 = CARTESIAN_POINT('',(43.,65.199127197266,12.242948532104));
#12248 = VECTOR('',#12249,1.);
#12249 = DIRECTION('',(-7.956280902447E-03,0.948049531077,
    -0.318023244777));
#12250 = PLANE('',#12251);
#12251 = AXIS2_PLACEMENT_3D('',#12252,#12253,#12254);
#12252 = CARTESIAN_POINT('',(42.995453922103,65.555117198447,
    12.145181294323));
#12253 = DIRECTION('',(0.996893935792,3.243961941511E-02,
    7.176455861805E-02));
#12254 = DIRECTION('',(-7.180234840593E-02,5.517343843874E-19,
    0.997418880292));
#12255 = ADVANCED_FACE('',(#12256),#12273,.T.);
#12256 = FACE_BOUND('',#12257,.T.);
#12257 = EDGE_LOOP('',(#12258,#12259,#12267));
#12258 = ORIENTED_EDGE('',*,*,#10937,.F.);
#12259 = ORIENTED_EDGE('',*,*,#12260,.T.);
#12260 = EDGE_CURVE('',#10938,#12261,#12263,.T.);
#12261 = VERTEX_POINT('',#12262);
#12262 = CARTESIAN_POINT('',(43.,64.460502624512,12.435271263123));
#12263 = LINE('',#12264,#12265);
#12264 = CARTESIAN_POINT('',(42.993843078613,64.473724365234,
    12.512363433838));
#12265 = VECTOR('',#12266,1.);
#12266 = DIRECTION('',(7.847240305001E-02,-0.168516325261,
    -0.982570267248));
#12267 = ORIENTED_EDGE('',*,*,#12268,.T.);
#12268 = EDGE_CURVE('',#12261,#10898,#12269,.T.);
#12269 = LINE('',#12270,#12271);
#12270 = CARTESIAN_POINT('',(43.,64.460502624512,12.435271263123));
#12271 = VECTOR('',#12272,1.);
#12272 = DIRECTION('',(-7.956303134061E-03,0.988159046494,
    -0.153226616724));
#12273 = PLANE('',#12274);
#12274 = AXIS2_PLACEMENT_3D('',#12275,#12276,#12277);
#12275 = CARTESIAN_POINT('',(42.995453929009,64.827894961622,
    12.399073522265));
#12276 = DIRECTION('',(0.996894070327,1.984441857152E-02,
    7.621293589517E-02));
#12277 = DIRECTION('',(-7.622794669198E-02,-1.581958157987E-19,
    0.997090417236));
#12278 = ADVANCED_FACE('',(#12279),#12297,.T.);
#12279 = FACE_BOUND('',#12280,.T.);
#12280 = EDGE_LOOP('',(#12281,#12282,#12290,#12296));
#12281 = ORIENTED_EDGE('',*,*,#10987,.F.);
#12282 = ORIENTED_EDGE('',*,*,#12283,.F.);
#12283 = EDGE_CURVE('',#12284,#10980,#12286,.T.);
#12284 = VERTEX_POINT('',#12285);
#12285 = CARTESIAN_POINT('',(43.,63.699996948242,12.5));
#12286 = LINE('',#12287,#12288);
#12287 = CARTESIAN_POINT('',(43.,63.699996948242,12.5));
#12288 = VECTOR('',#12289,1.);
#12289 = DIRECTION('',(-7.847265101825E-02,0.,0.996916266816));
#12290 = ORIENTED_EDGE('',*,*,#12291,.F.);
#12291 = EDGE_CURVE('',#12261,#12284,#12292,.T.);
#12292 = LINE('',#12293,#12294);
#12293 = CARTESIAN_POINT('',(43.,64.460502624512,12.435271263123));
#12294 = VECTOR('',#12295,1.);
#12295 = DIRECTION('',(0.,-0.99639747033,8.48061384613E-02));
#12296 = ORIENTED_EDGE('',*,*,#12260,.F.);
#12297 = PLANE('',#12298);
#12298 = AXIS2_PLACEMENT_3D('',#12299,#12300,#12301);
#12299 = CARTESIAN_POINT('',(42.996897463285,64.083581128748,
    12.506766707509));
#12300 = DIRECTION('',(0.996894031786,6.678874624913E-03,
    7.847089921414E-02));
#12301 = DIRECTION('',(-7.847264946276E-02,-7.123024430279E-20,
    0.996916266938));
#12302 = ADVANCED_FACE('',(#12303),#12320,.T.);
#12303 = FACE_BOUND('',#12304,.T.);
#12304 = EDGE_LOOP('',(#12305,#12306,#12314));
#12305 = ORIENTED_EDGE('',*,*,#11017,.F.);
#12306 = ORIENTED_EDGE('',*,*,#12307,.F.);
#12307 = EDGE_CURVE('',#12308,#11018,#12310,.T.);
#12308 = VERTEX_POINT('',#12309);
#12309 = CARTESIAN_POINT('',(43.,62.93949508667,12.435271263123));
#12310 = LINE('',#12311,#12312);
#12311 = CARTESIAN_POINT('',(43.,62.93949508667,12.435271263123));
#12312 = VECTOR('',#12313,1.);
#12313 = DIRECTION('',(-7.847304590799E-02,-0.168469085546,
    0.982578316615));
#12314 = ORIENTED_EDGE('',*,*,#12315,.T.);
#12315 = EDGE_CURVE('',#12308,#10980,#12316,.T.);
#12316 = LINE('',#12317,#12318);
#12317 = CARTESIAN_POINT('',(43.,62.93949508667,12.435271263123));
#12318 = VECTOR('',#12319,1.);
#12319 = DIRECTION('',(-7.956281846125E-03,0.982758553361,0.184722287162
    ));
#12320 = PLANE('',#12321);
#12321 = AXIS2_PLACEMENT_3D('',#12322,#12323,#12324);
#12322 = CARTESIAN_POINT('',(42.995453926353,63.297960535279,
    12.523534619552));
#12323 = DIRECTION('',(0.996894006681,-6.6789668053E-03,
    7.847121030233E-02));
#12324 = DIRECTION('',(-7.847296060621E-02,2.310731139018E-20,
    0.996916242447));
#12325 = ADVANCED_FACE('',(#12326),#12343,.T.);
#12326 = FACE_BOUND('',#12327,.T.);
#12327 = EDGE_LOOP('',(#12328,#12329,#12337));
#12328 = ORIENTED_EDGE('',*,*,#11057,.F.);
#12329 = ORIENTED_EDGE('',*,*,#12330,.F.);
#12330 = EDGE_CURVE('',#12331,#11058,#12333,.T.);
#12331 = VERTEX_POINT('',#12332);
#12332 = CARTESIAN_POINT('',(43.,62.200870513916,12.242948532104));
#12333 = LINE('',#12334,#12335);
#12334 = CARTESIAN_POINT('',(43.,62.200870513916,12.242948532104));
#12335 = VECTOR('',#12336,1.);
#12336 = DIRECTION('',(-7.847235589249E-02,-0.332121848266,
    0.939966577738));
#12337 = ORIENTED_EDGE('',*,*,#12338,.T.);
#12338 = EDGE_CURVE('',#12331,#11018,#12339,.T.);
#12339 = LINE('',#12340,#12341);
#12340 = CARTESIAN_POINT('',(43.,62.200870513916,12.242948532104));
#12341 = VECTOR('',#12342,1.);
#12342 = DIRECTION('',(-7.956265354789E-03,0.937404817926,0.348150693194
    ));
#12343 = PLANE('',#12344);
#12344 = AXIS2_PLACEMENT_3D('',#12345,#12346,#12347);
#12345 = CARTESIAN_POINT('',(42.995453925061,62.539263546182,
    12.390522976344));
#12346 = DIRECTION('',(0.996894049362,-1.984429675889E-02,
    7.621324184095E-02));
#12347 = DIRECTION('',(-7.622825251368E-02,-1.723743843418E-19,
    0.997090393855));
#12348 = ADVANCED_FACE('',(#12349),#12366,.T.);
#12349 = FACE_BOUND('',#12350,.T.);
#12350 = EDGE_LOOP('',(#12351,#12352,#12360));
#12351 = ORIENTED_EDGE('',*,*,#11097,.F.);
#12352 = ORIENTED_EDGE('',*,*,#12353,.F.);
#12353 = EDGE_CURVE('',#12354,#11098,#12356,.T.);
#12354 = VERTEX_POINT('',#12355);
#12355 = CARTESIAN_POINT('',(43.,61.505374908447,11.928564071655));
#12356 = LINE('',#12357,#12358);
#12357 = CARTESIAN_POINT('',(43.,61.505374908447,11.928564071655));
#12358 = VECTOR('',#12359,1.);
#12359 = DIRECTION('',(-7.847314427194E-02,-0.48620287653,0.870315304061
    ));
#12360 = ORIENTED_EDGE('',*,*,#12361,.T.);
#12361 = EDGE_CURVE('',#12354,#11058,#12362,.T.);
#12362 = LINE('',#12363,#12364);
#12363 = CARTESIAN_POINT('',(43.,61.505374908447,11.928564071655));
#12364 = VECTOR('',#12365,1.);
#12365 = DIRECTION('',(-7.956296873312E-03,0.865082144982,0.501567123896
    ));
#12366 = PLANE('',#12367);
#12367 = AXIS2_PLACEMENT_3D('',#12368,#12369,#12370);
#12368 = CARTESIAN_POINT('',(42.995453924572,61.81395868836,
    12.13120435781));
#12369 = DIRECTION('',(0.996893986515,-3.243950016302E-02,
    7.176390791221E-02));
#12370 = DIRECTION('',(-7.180169707938E-02,3.853158626946E-19,
    0.99741892718));
#12371 = ADVANCED_FACE('',(#12372),#12389,.T.);
#12372 = FACE_BOUND('',#12373,.T.);
#12373 = EDGE_LOOP('',(#12374,#12375,#12383));
#12374 = ORIENTED_EDGE('',*,*,#11137,.F.);
#12375 = ORIENTED_EDGE('',*,*,#12376,.F.);
#12376 = EDGE_CURVE('',#12377,#11138,#12379,.T.);
#12377 = VERTEX_POINT('',#12378);
#12378 = CARTESIAN_POINT('',(43.,60.873008728027,11.501160621643));
#12379 = LINE('',#12380,#12381);
#12380 = CARTESIAN_POINT('',(43.,60.873008728027,11.501160621643));
#12381 = VECTOR('',#12382,1.);
#12382 = DIRECTION('',(-7.84731980743E-02,-0.626278354644,0.775639980718
    ));
#12383 = ORIENTED_EDGE('',*,*,#12384,.T.);
#12384 = EDGE_CURVE('',#12377,#11098,#12385,.T.);
#12385 = LINE('',#12386,#12387);
#12386 = CARTESIAN_POINT('',(43.,60.873008728027,11.501160621643));
#12387 = VECTOR('',#12388,1.);
#12388 = DIRECTION('',(-7.956243053939E-03,0.767876045077,0.640549043862
    ));
#12389 = PLANE('',#12390);
#12390 = AXIS2_PLACEMENT_3D('',#12391,#12392,#12393);
#12391 = CARTESIAN_POINT('',(42.995453925268,61.142910717813,
    11.753037779752));
#12392 = DIRECTION('',(0.996893990593,-4.41007959869E-02,
    6.524945450446E-02));
#12393 = DIRECTION('',(-6.531299839472E-02,-6.856558514573E-19,
    0.997864826638));
#12394 = ADVANCED_FACE('',(#12395),#12412,.T.);
#12395 = FACE_BOUND('',#12396,.T.);
#12396 = EDGE_LOOP('',(#12397,#12398,#12406));
#12397 = ORIENTED_EDGE('',*,*,#11177,.F.);
#12398 = ORIENTED_EDGE('',*,*,#12399,.F.);
#12399 = EDGE_CURVE('',#12400,#11178,#12402,.T.);
#12400 = VERTEX_POINT('',#12401);
#12401 = CARTESIAN_POINT('',(43.,60.321975708008,10.973035812378));
#12402 = LINE('',#12403,#12404);
#12403 = CARTESIAN_POINT('',(43.,60.321975708008,10.973035812378));
#12404 = VECTOR('',#12405,1.);
#12405 = DIRECTION('',(-7.846944050534E-02,-0.748376764373,
    0.658615795022));
#12406 = ORIENTED_EDGE('',*,*,#12407,.T.);
#12407 = EDGE_CURVE('',#12400,#11138,#12408,.T.);
#12408 = LINE('',#12409,#12410);
#12409 = CARTESIAN_POINT('',(43.,60.321975708008,10.973035812378));
#12410 = VECTOR('',#12411,1.);
#12411 = DIRECTION('',(-7.95627504162E-03,0.648574442968,0.761109643623)
  );
#12412 = PLANE('',#12413);
#12413 = AXIS2_PLACEMENT_3D('',#12414,#12415,#12416);
#12414 = CARTESIAN_POINT('',(42.995453926236,60.545424010562,
    11.26690294066));
#12415 = DIRECTION('',(0.996894269756,-5.44911602012E-02,
    5.685532857763E-02));
#12416 = DIRECTION('',(-5.693992690276E-02,5.406109876841E-19,
    0.998377606281));
#12417 = ADVANCED_FACE('',(#12418),#12435,.T.);
#12418 = FACE_BOUND('',#12419,.T.);
#12419 = EDGE_LOOP('',(#12420,#12421,#12429));
#12420 = ORIENTED_EDGE('',*,*,#11217,.F.);
#12421 = ORIENTED_EDGE('',*,*,#12422,.F.);
#12422 = EDGE_CURVE('',#12423,#11218,#12425,.T.);
#12423 = VERTEX_POINT('',#12424);
#12424 = CARTESIAN_POINT('',(43.,59.868118286133,10.359383583069));
#12425 = LINE('',#12426,#12427);
#12426 = CARTESIAN_POINT('',(43.,59.868118286133,10.359383583069));
#12427 = VECTOR('',#12428,1.);
#12428 = DIRECTION('',(-7.847259701991E-02,-0.848904302334,
    0.522688757288));
#12429 = ORIENTED_EDGE('',*,*,#12430,.T.);
#12430 = EDGE_CURVE('',#12423,#11178,#12431,.T.);
#12431 = LINE('',#12432,#12433);
#12432 = CARTESIAN_POINT('',(43.,59.868118286133,10.359383583069));
#12433 = VECTOR('',#12434,1.);
#12434 = DIRECTION('',(-7.956283097451E-03,0.510616897201,0.859771528868
    ));
#12435 = PLANE('',#12436);
#12436 = AXIS2_PLACEMENT_3D('',#12437,#12438,#12439);
#12437 = CARTESIAN_POINT('',(42.995453925829,60.038689817312,
    10.686786957437));
#12438 = DIRECTION('',(0.996894035859,-6.331851962941E-02,
    4.682997266616E-02));
#12439 = DIRECTION('',(6.338806426015E-02,0.997988954503,
    -4.111229945174E-19));
#12440 = ADVANCED_FACE('',(#12441),#12458,.T.);
#12441 = FACE_BOUND('',#12442,.T.);
#12442 = EDGE_LOOP('',(#12443,#12444,#12452));
#12443 = ORIENTED_EDGE('',*,*,#11257,.F.);
#12444 = ORIENTED_EDGE('',*,*,#12445,.F.);
#12445 = EDGE_CURVE('',#12446,#11258,#12448,.T.);
#12446 = VERTEX_POINT('',#12447);
#12447 = CARTESIAN_POINT('',(43.,59.52449798584,9.677854537964));
#12448 = LINE('',#12449,#12450);
#12449 = CARTESIAN_POINT('',(43.,59.52449798584,9.677854537964));
#12450 = VECTOR('',#12451,1.);
#12451 = DIRECTION('',(-7.847521274256E-02,-0.925025354664,
    0.371711896789));
#12452 = ORIENTED_EDGE('',*,*,#12453,.T.);
#12453 = EDGE_CURVE('',#12446,#11218,#12454,.T.);
#12454 = LINE('',#12455,#12456);
#12455 = CARTESIAN_POINT('',(43.,59.52449798584,9.677854537964));
#12456 = VECTOR('',#12457,1.);
#12457 = DIRECTION('',(-7.956258516541E-03,0.357972478906,0.93369823942)
  );
#12458 = PLANE('',#12459);
#12459 = AXIS2_PLACEMENT_3D('',#12460,#12461,#12462);
#12460 = CARTESIAN_POINT('',(42.995453923889,59.637286829543,
    10.029376432128));
#12461 = DIRECTION('',(0.996893833083,-7.032437242615E-02,
    3.545656784681E-02));
#12462 = DIRECTION('',(7.036861893197E-02,0.997521056154,
    -5.377439597437E-19));
#12463 = ADVANCED_FACE('',(#12464),#12481,.T.);
#12464 = FACE_BOUND('',#12465,.T.);
#12465 = EDGE_LOOP('',(#12466,#12467,#12475));
#12466 = ORIENTED_EDGE('',*,*,#11297,.F.);
#12467 = ORIENTED_EDGE('',*,*,#12468,.F.);
#12468 = EDGE_CURVE('',#12469,#11298,#12471,.T.);
#12469 = VERTEX_POINT('',#12470);
#12470 = CARTESIAN_POINT('',(43.,59.300998687744,8.948057174683));
#12471 = LINE('',#12472,#12473);
#12472 = CARTESIAN_POINT('',(43.,59.300998687744,8.948057174683));
#12473 = VECTOR('',#12474,1.);
#12474 = DIRECTION('',(-7.847284505375E-02,-0.974541329775,
    0.210026686754));
#12475 = ORIENTED_EDGE('',*,*,#12476,.T.);
#12476 = EDGE_CURVE('',#12469,#11258,#12477,.T.);
#12477 = LINE('',#12478,#12479);
#12478 = CARTESIAN_POINT('',(43.,59.300998687744,8.948057174683));
#12479 = VECTOR('',#12480,1.);
#12480 = DIRECTION('',(-7.956262379899E-03,0.19503194845,0.980764618536)
  );
#12481 = PLANE('',#12482);
#12482 = AXIS2_PLACEMENT_3D('',#12483,#12484,#12485);
#12483 = CARTESIAN_POINT('',(42.995453924842,59.352758453258,
    9.313583105852));
#12484 = DIRECTION('',(0.996894012322,-7.530266903945E-02,
    2.306157478131E-02));
#12485 = DIRECTION('',(7.53227013741E-02,0.997159210286,
    -1.428084646675E-20));
#12486 = ADVANCED_FACE('',(#12487),#12504,.T.);
#12487 = FACE_BOUND('',#12488,.T.);
#12488 = EDGE_LOOP('',(#12489,#12490,#12498));
#12489 = ORIENTED_EDGE('',*,*,#11337,.F.);
#12490 = ORIENTED_EDGE('',*,*,#12491,.F.);
#12491 = EDGE_CURVE('',#12492,#11338,#12494,.T.);
#12492 = VERTEX_POINT('',#12493);
#12493 = CARTESIAN_POINT('',(43.,59.204051971436,8.190985679626));
#12494 = LINE('',#12495,#12496);
#12495 = CARTESIAN_POINT('',(43.,59.204051971436,8.190985679626));
#12496 = VECTOR('',#12497,1.);
#12497 = DIRECTION('',(-7.847559212766E-02,-0.996017660926,
    4.231312518532E-02));
#12498 = ORIENTED_EDGE('',*,*,#12499,.T.);
#12499 = EDGE_CURVE('',#12492,#11298,#12500,.T.);
#12500 = LINE('',#12501,#12502);
#12501 = CARTESIAN_POINT('',(43.,59.204051971436,8.190985679626));
#12502 = VECTOR('',#12503,1.);
#12503 = DIRECTION('',(-7.956264729239E-03,2.647158711029E-02,
    0.999617903465));
#12504 = PLANE('',#12505);
#12505 = AXIS2_PLACEMENT_3D('',#12506,#12507,#12508);
#12506 = CARTESIAN_POINT('',(42.995453923449,59.193291987651,
    8.560001925363));
#12507 = DIRECTION('',(0.996893801998,-7.811965844343E-02,
    1.000332457481E-02));
#12508 = DIRECTION('',(7.812356731729E-02,0.99694368358,
    9.764623288409E-21));
#12509 = ADVANCED_FACE('',(#12510),#12527,.T.);
#12510 = FACE_BOUND('',#12511,.T.);
#12511 = EDGE_LOOP('',(#12512,#12513,#12521));
#12512 = ORIENTED_EDGE('',*,*,#11377,.F.);
#12513 = ORIENTED_EDGE('',*,*,#12514,.F.);
#12514 = EDGE_CURVE('',#12515,#11378,#12517,.T.);
#12515 = VERTEX_POINT('',#12516);
#12516 = CARTESIAN_POINT('',(43.,59.236446380615,7.428419589996));
#12517 = LINE('',#12518,#12519);
#12518 = CARTESIAN_POINT('',(43.,59.236446380615,7.428419589996));
#12519 = VECTOR('',#12520,1.);
#12520 = DIRECTION('',(-7.847709693723E-02,-0.988840595051,
    -0.126631839737));
#12521 = ORIENTED_EDGE('',*,*,#12522,.T.);
#12522 = EDGE_CURVE('',#12515,#11338,#12523,.T.);
#12523 = LINE('',#12524,#12525);
#12524 = CARTESIAN_POINT('',(43.,59.236446380615,7.428419589996));
#12525 = VECTOR('',#12526,1.);
#12526 = DIRECTION('',(-7.956260915631E-03,-0.142842981755,
    0.989713382993));
#12527 = PLANE('',#12528);
#12528 = AXIS2_PLACEMENT_3D('',#12529,#12530,#12531);
#12529 = CARTESIAN_POINT('',(42.995453921332,59.163478370465,
    7.790309960624));
#12530 = DIRECTION('',(0.996893677938,-7.868811854132E-02,
    -3.342886265008E-03));
#12531 = DIRECTION('',(7.868855821048E-02,0.996899248072,
    2.739824557386E-20));
#12532 = ADVANCED_FACE('',(#12533),#12550,.T.);
#12533 = FACE_BOUND('',#12534,.T.);
#12534 = EDGE_LOOP('',(#12535,#12536,#12544));
#12535 = ORIENTED_EDGE('',*,*,#11417,.F.);
#12536 = ORIENTED_EDGE('',*,*,#12537,.F.);
#12537 = EDGE_CURVE('',#12538,#11418,#12540,.T.);
#12538 = VERTEX_POINT('',#12539);
#12539 = CARTESIAN_POINT('',(43.,59.39725112915,6.682297706604));
#12540 = LINE('',#12541,#12542);
#12541 = CARTESIAN_POINT('',(43.,59.39725112915,6.682297706604));
#12542 = VECTOR('',#12543,1.);
#12543 = DIRECTION('',(-7.847075109035E-02,-0.953220288648,
    -0.291913381902));
#12544 = ORIENTED_EDGE('',*,*,#12545,.T.);
#12545 = EDGE_CURVE('',#12538,#11378,#12546,.T.);
#12546 = LINE('',#12547,#12548);
#12547 = CARTESIAN_POINT('',(43.,59.39725112915,6.682297706604));
#12548 = VECTOR('',#12549,1.);
#12549 = DIRECTION('',(-7.95627114737E-03,-0.308051635855,0.951336369218
    ));
#12550 = PLANE('',#12551);
#12551 = AXIS2_PLACEMENT_3D('',#12552,#12553,#12554);
#12552 = CARTESIAN_POINT('',(42.995453927644,59.264171438408,
    7.026648742647));
#12553 = DIRECTION('',(0.996894183764,-7.698517505817E-02,
    -1.659123859102E-02));
#12554 = DIRECTION('',(7.69957730699E-02,0.997031419229,
    1.308540473293E-19));
#12555 = ADVANCED_FACE('',(#12556),#12573,.T.);
#12556 = FACE_BOUND('',#12557,.T.);
#12557 = EDGE_LOOP('',(#12558,#12559,#12567));
#12558 = ORIENTED_EDGE('',*,*,#11457,.F.);
#12559 = ORIENTED_EDGE('',*,*,#12560,.F.);
#12560 = EDGE_CURVE('',#12561,#11458,#12563,.T.);
#12561 = VERTEX_POINT('',#12562);
#12562 = CARTESIAN_POINT('',(43.,59.681831359863,5.974083423615));
#12563 = LINE('',#12564,#12565);
#12564 = CARTESIAN_POINT('',(43.,59.681831359863,5.974083423615));
#12565 = VECTOR('',#12566,1.);
#12566 = DIRECTION('',(-7.847522361722E-02,-0.890163812877,
    -0.448831845485));
#12567 = ORIENTED_EDGE('',*,*,#12568,.T.);
#12568 = EDGE_CURVE('',#12561,#11418,#12569,.T.);
#12569 = LINE('',#12570,#12571);
#12570 = CARTESIAN_POINT('',(43.,59.681831359863,5.974083423615));
#12571 = VECTOR('',#12572,1.);
#12572 = DIRECTION('',(-7.95627365122E-03,-0.46439694663,0.885591425924)
  );
#12573 = PLANE('',#12574);
#12574 = AXIS2_PLACEMENT_3D('',#12575,#12576,#12577);
#12575 = CARTESIAN_POINT('',(42.995453922038,59.492471284647,
    6.290991644456));
#12576 = DIRECTION('',(0.99689381883,-7.307800132931E-02,
    -2.936528053236E-02));
#12577 = DIRECTION('',(7.310953002175E-02,0.997323917601,
    3.610246144003E-20));
#12578 = ADVANCED_FACE('',(#12579),#12596,.T.);
#12579 = FACE_BOUND('',#12580,.T.);
#12580 = EDGE_LOOP('',(#12581,#12582,#12590));
#12581 = ORIENTED_EDGE('',*,*,#11497,.F.);
#12582 = ORIENTED_EDGE('',*,*,#12583,.F.);
#12583 = EDGE_CURVE('',#12584,#11498,#12586,.T.);
#12584 = VERTEX_POINT('',#12585);
#12585 = CARTESIAN_POINT('',(43.,60.082015991211,5.324151039124));
#12586 = LINE('',#12587,#12588);
#12587 = CARTESIAN_POINT('',(43.,60.082015991211,5.324151039124));
#12588 = VECTOR('',#12589,1.);
#12589 = DIRECTION('',(-7.847070478934E-02,-0.801529144459,
    -0.592784428838));
#12590 = ORIENTED_EDGE('',*,*,#12591,.T.);
#12591 = EDGE_CURVE('',#12584,#11458,#12592,.T.);
#12592 = LINE('',#12593,#12594);
#12593 = CARTESIAN_POINT('',(43.,60.082015991211,5.324151039124));
#12594 = VECTOR('',#12595,1.);
#12595 = DIRECTION('',(-7.956250556881E-03,-0.607386280121,
    0.794366794874));
#12596 = PLANE('',#12597);
#12597 = AXIS2_PLACEMENT_3D('',#12598,#12599,#12600);
#12598 = CARTESIAN_POINT('',(42.995453928775,59.841819153399,
    5.604497760074));
#12599 = DIRECTION('',(0.996894196064,-6.706007480319E-02,
    -4.129053428271E-02));
#12600 = DIRECTION('',(6.711731364025E-02,0.997745090797,
    1.030696656591E-19));
#12601 = ADVANCED_FACE('',(#12602),#12619,.T.);
#12602 = FACE_BOUND('',#12603,.T.);
#12603 = EDGE_LOOP('',(#12604,#12605,#12613));
#12604 = ORIENTED_EDGE('',*,*,#11537,.F.);
#12605 = ORIENTED_EDGE('',*,*,#12606,.F.);
#12606 = EDGE_CURVE('',#12607,#11538,#12609,.T.);
#12607 = VERTEX_POINT('',#12608);
#12608 = CARTESIAN_POINT('',(43.,60.586273193359,4.751197338104));
#12609 = LINE('',#12610,#12611);
#12610 = CARTESIAN_POINT('',(43.,60.586273193359,4.751197338104));
#12611 = VECTOR('',#12612,1.);
#12612 = DIRECTION('',(-7.847492259109E-02,-0.689791652292,
    -0.719742428201));
#12613 = ORIENTED_EDGE('',*,*,#12614,.T.);
#12614 = EDGE_CURVE('',#12607,#11498,#12615,.T.);
#12615 = LINE('',#12616,#12617);
#12616 = CARTESIAN_POINT('',(43.,60.586273193359,4.751197338104));
#12617 = VECTOR('',#12618,1.);
#12618 = DIRECTION('',(-7.95627882868E-03,-0.732894546825,0.680295730445
    ));
#12619 = PLANE('',#12620);
#12620 = AXIS2_PLACEMENT_3D('',#12621,#12622,#12623);
#12621 = CARTESIAN_POINT('',(42.995453922257,60.302155507518,
    4.986919538269));
#12622 = DIRECTION('',(0.996893841995,-5.912070505906E-02,
    -5.203277837649E-02));
#12623 = DIRECTION('',(5.920089993095E-02,0.998246088621,
    7.888838897462E-19));
#12624 = ADVANCED_FACE('',(#12625),#12642,.T.);
#12625 = FACE_BOUND('',#12626,.T.);
#12626 = EDGE_LOOP('',(#12627,#12628,#12636));
#12627 = ORIENTED_EDGE('',*,*,#11577,.F.);
#12628 = ORIENTED_EDGE('',*,*,#12629,.F.);
#12629 = EDGE_CURVE('',#12630,#11578,#12632,.T.);
#12630 = VERTEX_POINT('',#12631);
#12631 = CARTESIAN_POINT('',(43.,61.180114746094,4.271706581116));
#12632 = LINE('',#12633,#12634);
#12633 = CARTESIAN_POINT('',(43.,61.180114746094,4.271706581116));
#12634 = VECTOR('',#12635,1.);
#12635 = DIRECTION('',(-7.847265538188E-02,-0.558254664867,
    -0.825950223386));
#12636 = ORIENTED_EDGE('',*,*,#12637,.T.);
#12637 = EDGE_CURVE('',#12630,#11538,#12638,.T.);
#12638 = LINE('',#12639,#12640);
#12639 = CARTESIAN_POINT('',(43.,61.180114746094,4.271706581116));
#12640 = VECTOR('',#12641,1.);
#12641 = DIRECTION('',(-7.956256945582E-03,-0.837324565378,
    0.546648214294));
#12642 = PLANE('',#12643);
#12643 = AXIS2_PLACEMENT_3D('',#12644,#12645,#12646);
#12644 = CARTESIAN_POINT('',(42.995453926197,60.860244809485,
    4.456021261681));
#12645 = DIRECTION('',(0.996894035685,-4.947519387446E-02,
    -6.127386724524E-02));
#12646 = DIRECTION('',(6.134899812923E-02,1.561084367086E-19,
    0.998116376195));
#12647 = ADVANCED_FACE('',(#12648),#12665,.T.);
#12648 = FACE_BOUND('',#12649,.T.);
#12649 = EDGE_LOOP('',(#12650,#12651,#12659));
#12650 = ORIENTED_EDGE('',*,*,#11617,.F.);
#12651 = ORIENTED_EDGE('',*,*,#12652,.F.);
#12652 = EDGE_CURVE('',#12653,#11618,#12655,.T.);
#12653 = VERTEX_POINT('',#12654);
#12654 = CARTESIAN_POINT('',(43.,61.84644317627,3.899471759796));
#12655 = LINE('',#12656,#12657);
#12656 = CARTESIAN_POINT('',(43.,61.84644317627,3.899471759796));
#12657 = VECTOR('',#12658,1.);
#12658 = DIRECTION('',(-7.847398546462E-02,-0.410602730637,
    -0.90843119233));
#12659 = ORIENTED_EDGE('',*,*,#12660,.T.);
#12660 = EDGE_CURVE('',#12653,#11578,#12661,.T.);
#12661 = LINE('',#12662,#12663);
#12662 = CARTESIAN_POINT('',(43.,61.84644317627,3.899471759796));
#12663 = VECTOR('',#12664,1.);
#12664 = DIRECTION('',(-7.956280943677E-03,-0.917663838507,
    0.397277959481));
#12665 = PLANE('',#12666);
#12666 = AXIS2_PLACEMENT_3D('',#12667,#12668,#12669);
#12667 = CARTESIAN_POINT('',(42.995453922169,61.500026784951,
    4.027077083664));
#12668 = DIRECTION('',(0.996893909751,-3.84089600292E-02,
    -6.875525063649E-02));
#12669 = DIRECTION('',(6.880602234929E-02,5.954877644787E-19,
    0.99763005733));
#12670 = ADVANCED_FACE('',(#12671),#12688,.T.);
#12671 = FACE_BOUND('',#12672,.T.);
#12672 = EDGE_LOOP('',(#12673,#12674,#12682));
#12673 = ORIENTED_EDGE('',*,*,#11657,.F.);
#12674 = ORIENTED_EDGE('',*,*,#12675,.F.);
#12675 = EDGE_CURVE('',#12676,#11658,#12678,.T.);
#12676 = VERTEX_POINT('',#12677);
#12677 = CARTESIAN_POINT('',(43.,62.566101074219,3.645201683044));
#12678 = LINE('',#12679,#12680);
#12679 = CARTESIAN_POINT('',(43.,62.566101074219,3.645201683044));
#12680 = VECTOR('',#12681,1.);
#12681 = DIRECTION('',(-7.84718383305E-02,-0.251265464989,
    -0.964732002523));
#12682 = ORIENTED_EDGE('',*,*,#12683,.T.);
#12683 = EDGE_CURVE('',#12676,#11618,#12684,.T.);
#12684 = LINE('',#12685,#12686);
#12685 = CARTESIAN_POINT('',(43.,62.566101074219,3.645201683044));
#12686 = VECTOR('',#12687,1.);
#12687 = DIRECTION('',(-7.956255547742E-03,-0.97160471636,0.236476157668
    ));
#12688 = PLANE('',#12689);
#12689 = AXIS2_PLACEMENT_3D('',#12690,#12691,#12692);
#12690 = CARTESIAN_POINT('',(42.995453931374,62.203099326888,
    3.712426536864));
#12691 = DIRECTION('',(0.996894130505,-2.623599645804E-02,
    -7.425473085248E-02));
#12692 = DIRECTION('',(7.428029984012E-02,4.310914166163E-19,
    0.997237402556));
#12693 = ADVANCED_FACE('',(#12694),#12711,.T.);
#12694 = FACE_BOUND('',#12695,.T.);
#12695 = EDGE_LOOP('',(#12696,#12697,#12705));
#12696 = ORIENTED_EDGE('',*,*,#11697,.F.);
#12697 = ORIENTED_EDGE('',*,*,#12698,.F.);
#12698 = EDGE_CURVE('',#12699,#11698,#12701,.T.);
#12699 = VERTEX_POINT('',#12700);
#12700 = CARTESIAN_POINT('',(43.,63.318370819092,3.516211509705));
#12701 = LINE('',#12702,#12703);
#12702 = CARTESIAN_POINT('',(43.,63.318370819092,3.516211509705));
#12703 = VECTOR('',#12704,1.);
#12704 = DIRECTION('',(-7.847296650493E-02,-8.450186851646E-02,
    -0.993328459144));
#12705 = ORIENTED_EDGE('',*,*,#12706,.T.);
#12706 = EDGE_CURVE('',#12699,#11658,#12707,.T.);
#12707 = LINE('',#12708,#12709);
#12708 = CARTESIAN_POINT('',(43.,63.318370819092,3.516211509705));
#12709 = VECTOR('',#12710,1.);
#12710 = DIRECTION('',(-7.956259817357E-03,-0.997593714683,
    6.887291452181E-02));
#12711 = PLANE('',#12712);
#12712 = AXIS2_PLACEMENT_3D('',#12713,#12714,#12715);
#12713 = CARTESIAN_POINT('',(42.995453922021,62.949231587576,
    3.521121923553));
#12714 = DIRECTION('',(0.996893984497,-1.330965519741E-02,
    -7.7622398524E-02));
#12715 = DIRECTION('',(7.762927472205E-02,-1.427542617169E-19,
    0.99698229458));
#12716 = ADVANCED_FACE('',(#12717),#12735,.T.);
#12717 = FACE_BOUND('',#12718,.T.);
#12718 = EDGE_LOOP('',(#12719,#12720,#12728,#12734));
#12719 = ORIENTED_EDGE('',*,*,#11746,.F.);
#12720 = ORIENTED_EDGE('',*,*,#12721,.F.);
#12721 = EDGE_CURVE('',#12722,#11739,#12724,.T.);
#12722 = VERTEX_POINT('',#12723);
#12723 = CARTESIAN_POINT('',(43.,64.08162689209,3.516211509705));
#12724 = LINE('',#12725,#12726);
#12725 = CARTESIAN_POINT('',(43.,64.08162689209,3.516211509705));
#12726 = VECTOR('',#12727,1.);
#12727 = DIRECTION('',(-7.847232133017E-02,8.459841332992E-02,
    -0.993320292377));
#12728 = ORIENTED_EDGE('',*,*,#12729,.F.);
#12729 = EDGE_CURVE('',#12699,#12722,#12730,.T.);
#12730 = LINE('',#12731,#12732);
#12731 = CARTESIAN_POINT('',(43.,63.318370819092,3.516211509705));
#12732 = VECTOR('',#12733,1.);
#12733 = DIRECTION('',(0.,1.,0.));
#12734 = ORIENTED_EDGE('',*,*,#12698,.T.);
#12735 = PLANE('',#12736);
#12736 = AXIS2_PLACEMENT_3D('',#12737,#12738,#12739);
#12737 = CARTESIAN_POINT('',(42.996897466952,63.700000924206,
    3.476938948603));
#12738 = DIRECTION('',(0.996894029291,0.,-7.875464661204E-02));
#12739 = DIRECTION('',(7.875464661204E-02,0.,0.996894029291));
#12740 = ADVANCED_FACE('',(#12741),#12758,.T.);
#12741 = FACE_BOUND('',#12742,.T.);
#12742 = EDGE_LOOP('',(#12743,#12744,#12752));
#12743 = ORIENTED_EDGE('',*,*,#11761,.F.);
#12744 = ORIENTED_EDGE('',*,*,#12745,.F.);
#12745 = EDGE_CURVE('',#12746,#11762,#12748,.T.);
#12746 = VERTEX_POINT('',#12747);
#12747 = CARTESIAN_POINT('',(43.,64.83390045166,3.645201683044));
#12748 = LINE('',#12749,#12750);
#12749 = CARTESIAN_POINT('',(43.,64.83390045166,3.645201683044));
#12750 = VECTOR('',#12751,1.);
#12751 = DIRECTION('',(-7.847375531583E-02,0.25117436181,-0.964755569922
    ));
#12752 = ORIENTED_EDGE('',*,*,#12753,.T.);
#12753 = EDGE_CURVE('',#12746,#11739,#12754,.T.);
#12754 = LINE('',#12755,#12756);
#12755 = CARTESIAN_POINT('',(43.,64.83390045166,3.645201683044));
#12756 = VECTOR('',#12757,1.);
#12757 = DIRECTION('',(-7.956317523739E-03,-0.963552446382,
    -0.267401159465));
#12758 = PLANE('',#12759);
#12759 = AXIS2_PLACEMENT_3D('',#12760,#12761,#12762);
#12760 = CARTESIAN_POINT('',(42.995453927408,64.484212836595,
    3.526856622846));
#12761 = DIRECTION('',(0.996893959793,1.330990137956E-02,
    -7.762267358339E-02));
#12762 = DIRECTION('',(7.762955006022E-02,-1.749403057836E-19,
    0.996982273141));
#12763 = ADVANCED_FACE('',(#12764),#12781,.T.);
#12764 = FACE_BOUND('',#12765,.T.);
#12765 = EDGE_LOOP('',(#12766,#12767,#12775));
#12766 = ORIENTED_EDGE('',*,*,#11801,.F.);
#12767 = ORIENTED_EDGE('',*,*,#12768,.F.);
#12768 = EDGE_CURVE('',#12769,#11802,#12771,.T.);
#12769 = VERTEX_POINT('',#12770);
#12770 = CARTESIAN_POINT('',(43.,65.553550720215,3.899471759796));
#12771 = LINE('',#12772,#12773);
#12772 = CARTESIAN_POINT('',(43.,65.553550720215,3.899471759796));
#12773 = VECTOR('',#12774,1.);
#12774 = DIRECTION('',(-7.847241877694E-02,0.41064315303,-0.908413056027
    ));
#12775 = ORIENTED_EDGE('',*,*,#12776,.T.);
#12776 = EDGE_CURVE('',#12769,#11762,#12777,.T.);
#12777 = LINE('',#12778,#12779);
#12778 = CARTESIAN_POINT('',(43.,65.553550720215,3.899471759796));
#12779 = VECTOR('',#12780,1.);
#12780 = DIRECTION('',(-7.956282039633E-03,-0.904502085703,
    -0.426394974801));
#12781 = PLANE('',#12782);
#12782 = AXIS2_PLACEMENT_3D('',#12783,#12784,#12785);
#12783 = CARTESIAN_POINT('',(42.995453924972,65.228892891078,
    3.723731224668));
#12784 = DIRECTION('',(0.996894043146,2.623624332848E-02,
    -7.425581644644E-02));
#12785 = DIRECTION('',(7.428138628934E-02,-1.044942663994E-19,
    0.99723732163));
#12786 = ADVANCED_FACE('',(#12787),#12804,.T.);
#12787 = FACE_BOUND('',#12788,.T.);
#12788 = EDGE_LOOP('',(#12789,#12790,#12798));
#12789 = ORIENTED_EDGE('',*,*,#11841,.F.);
#12790 = ORIENTED_EDGE('',*,*,#12791,.F.);
#12791 = EDGE_CURVE('',#12792,#11842,#12794,.T.);
#12792 = VERTEX_POINT('',#12793);
#12793 = CARTESIAN_POINT('',(43.,66.219886779785,4.271706581116));
#12794 = LINE('',#12795,#12796);
#12795 = CARTESIAN_POINT('',(43.,66.219886779785,4.271706581116));
#12796 = VECTOR('',#12797,1.);
#12797 = DIRECTION('',(-7.847691521965E-02,0.558187724115,
    -0.825995059564));
#12798 = ORIENTED_EDGE('',*,*,#12799,.T.);
#12799 = EDGE_CURVE('',#12792,#11802,#12800,.T.);
#12800 = LINE('',#12801,#12802);
#12801 = CARTESIAN_POINT('',(43.,66.219886779785,4.271706581116));
#12802 = VECTOR('',#12803,1.);
#12803 = DIRECTION('',(-7.956230557425E-03,-0.819432593284,
    -0.573120339422));
#12804 = PLANE('',#12805);
#12805 = AXIS2_PLACEMENT_3D('',#12806,#12807,#12808);
#12806 = CARTESIAN_POINT('',(42.995453927239,65.929593381616,
    4.043625686442));
#12807 = DIRECTION('',(0.996893733052,3.841021554784E-02,
    -6.875711121358E-02));
#12808 = DIRECTION('',(6.88078876234E-02,7.5352185657E-21,0.997629928681
    ));
#12809 = ADVANCED_FACE('',(#12810),#12827,.T.);
#12810 = FACE_BOUND('',#12811,.T.);
#12811 = EDGE_LOOP('',(#12812,#12813,#12821));
#12812 = ORIENTED_EDGE('',*,*,#11881,.F.);
#12813 = ORIENTED_EDGE('',*,*,#12814,.F.);
#12814 = EDGE_CURVE('',#12815,#11882,#12817,.T.);
#12815 = VERTEX_POINT('',#12816);
#12816 = CARTESIAN_POINT('',(43.,66.813720703125,4.751197338104));
#12817 = LINE('',#12818,#12819);
#12818 = CARTESIAN_POINT('',(43.,66.813720703125,4.751197338104));
#12819 = VECTOR('',#12820,1.);
#12820 = DIRECTION('',(-7.847229068946E-02,0.689817137734,-0.71971828939
    ));
#12821 = ORIENTED_EDGE('',*,*,#12822,.T.);
#12822 = EDGE_CURVE('',#12815,#11842,#12823,.T.);
#12823 = LINE('',#12824,#12825);
#12824 = CARTESIAN_POINT('',(43.,66.813720703125,4.751197338104));
#12825 = VECTOR('',#12826,1.);
#12826 = DIRECTION('',(-7.956248911214E-03,-0.710787813202,
    -0.703361487933));
#12827 = PLANE('',#12828);
#12828 = AXIS2_PLACEMENT_3D('',#12829,#12830,#12831);
#12829 = CARTESIAN_POINT('',(42.995453924294,66.566152415321,
    4.4773388831));
#12830 = DIRECTION('',(0.996894049946,4.947489136535E-02,
    -6.127387947859E-02));
#12831 = DIRECTION('',(6.134900945714E-02,-4.817996670238E-19,
    0.998116375499));
#12832 = ADVANCED_FACE('',(#12833),#12850,.T.);
#12833 = FACE_BOUND('',#12834,.T.);
#12834 = EDGE_LOOP('',(#12835,#12836,#12844));
#12835 = ORIENTED_EDGE('',*,*,#11921,.F.);
#12836 = ORIENTED_EDGE('',*,*,#12837,.F.);
#12837 = EDGE_CURVE('',#12838,#11922,#12840,.T.);
#12838 = VERTEX_POINT('',#12839);
#12839 = CARTESIAN_POINT('',(43.,67.317985534668,5.324151039124));
#12840 = LINE('',#12841,#12842);
#12841 = CARTESIAN_POINT('',(43.,67.317985534668,5.324151039124));
#12842 = VECTOR('',#12843,1.);
#12843 = DIRECTION('',(-7.847070478934E-02,0.801529144459,
    -0.592784428838));
#12844 = ORIENTED_EDGE('',*,*,#12845,.T.);
#12845 = EDGE_CURVE('',#12838,#11882,#12846,.T.);
#12846 = LINE('',#12847,#12848);
#12847 = CARTESIAN_POINT('',(43.,67.317985534668,5.324151039124));
#12848 = VECTOR('',#12849,1.);
#12849 = DIRECTION('',(-7.956255824796E-03,-0.581693989986,
    -0.813368797046));
#12850 = PLANE('',#12851);
#12851 = AXIS2_PLACEMENT_3D('',#12852,#12853,#12854);
#12852 = CARTESIAN_POINT('',(42.99545392558,67.120261789135,
    5.012392588564));
#12853 = DIRECTION('',(0.996894174114,5.911735734415E-02,
    -5.203021889231E-02));
#12854 = DIRECTION('',(-5.919753977004E-02,0.99824628789,
    2.368009415478E-19));
#12855 = ADVANCED_FACE('',(#12856),#12873,.T.);
#12856 = FACE_BOUND('',#12857,.T.);
#12857 = EDGE_LOOP('',(#12858,#12859,#12867));
#12858 = ORIENTED_EDGE('',*,*,#11961,.F.);
#12859 = ORIENTED_EDGE('',*,*,#12860,.F.);
#12860 = EDGE_CURVE('',#12861,#11962,#12863,.T.);
#12861 = VERTEX_POINT('',#12862);
#12862 = CARTESIAN_POINT('',(43.,67.718162536621,5.974083423615));
#12863 = LINE('',#12864,#12865);
#12864 = CARTESIAN_POINT('',(43.,67.718162536621,5.974083423615));
#12865 = VECTOR('',#12866,1.);
#12866 = DIRECTION('',(-7.847522361722E-02,0.890163812877,
    -0.448831845485));
#12867 = ORIENTED_EDGE('',*,*,#12868,.T.);
#12868 = EDGE_CURVE('',#12861,#11922,#12869,.T.);
#12869 = LINE('',#12870,#12871);
#12870 = CARTESIAN_POINT('',(43.,67.718162536621,5.974083423615));
#12871 = VECTOR('',#12872,1.);
#12872 = DIRECTION('',(-7.956285935585E-03,-0.435860526551,
    -0.899979054706));
#12873 = PLANE('',#12874);
#12874 = AXIS2_PLACEMENT_3D('',#12875,#12876,#12877);
#12875 = CARTESIAN_POINT('',(42.99545392556,67.575971353243,
    5.633393055679));
#12876 = DIRECTION('',(0.996893841921,6.706423751746E-02,
    -4.129232356743E-02));
#12877 = DIRECTION('',(-6.712148487513E-02,0.997744810194,
    -3.237315180737E-19));
#12878 = ADVANCED_FACE('',(#12879),#12896,.T.);
#12879 = FACE_BOUND('',#12880,.T.);
#12880 = EDGE_LOOP('',(#12881,#12882,#12890));
#12881 = ORIENTED_EDGE('',*,*,#12001,.F.);
#12882 = ORIENTED_EDGE('',*,*,#12883,.F.);
#12883 = EDGE_CURVE('',#12884,#12002,#12886,.T.);
#12884 = VERTEX_POINT('',#12885);
#12885 = CARTESIAN_POINT('',(43.,68.002754211426,6.682297706604));
#12886 = LINE('',#12887,#12888);
#12887 = CARTESIAN_POINT('',(43.,68.002754211426,6.682297706604));
#12888 = VECTOR('',#12889,1.);
#12889 = DIRECTION('',(-7.847075109035E-02,0.953220288648,
    -0.291913381902));
#12890 = ORIENTED_EDGE('',*,*,#12891,.T.);
#12891 = EDGE_CURVE('',#12884,#11962,#12892,.T.);
#12892 = LINE('',#12893,#12894);
#12893 = CARTESIAN_POINT('',(43.,68.002754211426,6.682297706604));
#12894 = VECTOR('',#12895,1.);
#12895 = DIRECTION('',(-7.956233153092E-03,-0.277511834936,
    -0.960689273295));
#12896 = PLANE('',#12897);
#12897 = AXIS2_PLACEMENT_3D('',#12898,#12899,#12900);
#12898 = CARTESIAN_POINT('',(42.995453925396,67.920179574477,
    6.322477939431));
#12899 = DIRECTION('',(0.996894170872,7.307346491481E-02,
    -2.936461826963E-02));
#12900 = DIRECTION('',(-7.310499022715E-02,0.997324250384,
    -3.190890271142E-19));
#12901 = ADVANCED_FACE('',(#12902),#12919,.T.);
#12902 = FACE_BOUND('',#12903,.T.);
#12903 = EDGE_LOOP('',(#12904,#12905,#12913));
#12904 = ORIENTED_EDGE('',*,*,#12041,.F.);
#12905 = ORIENTED_EDGE('',*,*,#12906,.F.);
#12906 = EDGE_CURVE('',#12907,#12042,#12909,.T.);
#12907 = VERTEX_POINT('',#12908);
#12908 = CARTESIAN_POINT('',(43.,68.163551330566,7.428419589996));
#12909 = LINE('',#12910,#12911);
#12910 = CARTESIAN_POINT('',(43.,68.163551330566,7.428419589996));
#12911 = VECTOR('',#12912,1.);
#12912 = DIRECTION('',(-7.84733239271E-02,0.98884167412,-0.126625751551)
  );
#12913 = ORIENTED_EDGE('',*,*,#12914,.T.);
#12914 = EDGE_CURVE('',#12907,#12002,#12915,.T.);
#12915 = LINE('',#12916,#12917);
#12916 = CARTESIAN_POINT('',(43.,68.163551330566,7.428419589996));
#12917 = VECTOR('',#12918,1.);
#12918 = DIRECTION('',(-7.956274967166E-03,-0.111141372621,
    -0.993772757214));
#12919 = PLANE('',#12920);
#12920 = AXIS2_PLACEMENT_3D('',#12921,#12922,#12923);
#12921 = CARTESIAN_POINT('',(42.995453925786,68.142981607771,
    7.059820866039));
#12922 = DIRECTION('',(0.996893982948,7.698773968059E-02,
    -1.659140440792E-02));
#12923 = DIRECTION('',(-7.699833825726E-02,0.997031221129,
    -6.635674384938E-20));
#12924 = ADVANCED_FACE('',(#12925),#12942,.T.);
#12925 = FACE_BOUND('',#12926,.T.);
#12926 = EDGE_LOOP('',(#12927,#12928,#12936));
#12927 = ORIENTED_EDGE('',*,*,#12081,.F.);
#12928 = ORIENTED_EDGE('',*,*,#12929,.F.);
#12929 = EDGE_CURVE('',#12930,#10635,#12932,.T.);
#12930 = VERTEX_POINT('',#12931);
#12931 = CARTESIAN_POINT('',(43.,68.195945739746,8.190985679626));
#12932 = LINE('',#12933,#12934);
#12933 = CARTESIAN_POINT('',(43.,68.195945739746,8.190985679626));
#12934 = VECTOR('',#12935,1.);
#12935 = DIRECTION('',(-7.847179188119E-02,0.996018047384,
    4.231107613669E-02));
#12936 = ORIENTED_EDGE('',*,*,#12937,.T.);
#12937 = EDGE_CURVE('',#12930,#12042,#12938,.T.);
#12938 = LINE('',#12939,#12940);
#12939 = CARTESIAN_POINT('',(43.,68.195945739746,8.190985679626));
#12940 = VECTOR('',#12941,1.);
#12941 = DIRECTION('',(-7.956261189582E-03,5.839521068884E-02,
    -0.998261838035));
#12942 = PLANE('',#12943);
#12943 = AXIS2_PLACEMENT_3D('',#12944,#12945,#12946);
#12944 = CARTESIAN_POINT('',(42.995453926087,68.237961964101,
    7.824212079882));
#12945 = DIRECTION('',(0.996894097783,7.868280895709E-02,
    -3.342660699363E-03));
#12946 = DIRECTION('',(-7.868324853726E-02,0.996899667168,
    -5.562432563165E-20));
#12947 = ADVANCED_FACE('',(#12948),#12958,.T.);
#12948 = FACE_BOUND('',#12949,.T.);
#12949 = EDGE_LOOP('',(#12950,#12951,#12952));
#12950 = ORIENTED_EDGE('',*,*,#12099,.T.);
#12951 = ORIENTED_EDGE('',*,*,#12130,.F.);
#12952 = ORIENTED_EDGE('',*,*,#12953,.F.);
#12953 = EDGE_CURVE('',#12100,#12123,#12954,.T.);
#12954 = LINE('',#12955,#12956);
#12955 = CARTESIAN_POINT('',(43.,68.098999023438,8.948057174683));
#12956 = VECTOR('',#12957,1.);
#12957 = DIRECTION('',(0.,-0.292828978864,0.956164833665));
#12958 = PLANE('',#12959);
#12959 = AXIS2_PLACEMENT_3D('',#12960,#12961,#12962);
#12960 = CARTESIAN_POINT('',(42.998375924761,68.012843769161,
    9.299581381568));
#12961 = DIRECTION('',(0.996894011408,7.530264003171E-02,
    2.30617090379E-02));
#12962 = DIRECTION('',(-7.532267259198E-02,0.99715921246,
    -3.975879514123E-20));
#12963 = ADVANCED_FACE('',(#12964),#12974,.T.);
#12964 = FACE_BOUND('',#12965,.T.);
#12965 = EDGE_LOOP('',(#12966,#12967,#12968));
#12966 = ORIENTED_EDGE('',*,*,#12929,.T.);
#12967 = ORIENTED_EDGE('',*,*,#12107,.F.);
#12968 = ORIENTED_EDGE('',*,*,#12969,.F.);
#12969 = EDGE_CURVE('',#12930,#12100,#12970,.T.);
#12970 = LINE('',#12971,#12972);
#12971 = CARTESIAN_POINT('',(43.,68.195945739746,8.190985679626));
#12972 = VECTOR('',#12973,1.);
#12973 = DIRECTION('',(0.,-0.127017715013,0.991900448671));
#12974 = PLANE('',#12975);
#12975 = AXIS2_PLACEMENT_3D('',#12976,#12977,#12978);
#12976 = CARTESIAN_POINT('',(42.998375924215,68.170440398469,
    8.552013369602));
#12977 = DIRECTION('',(0.996894100337,7.81158772756E-02,
    1.000312103003E-02));
#12978 = DIRECTION('',(-7.811978580119E-02,0.996943979904,
    6.822990363565E-20));
#12979 = ADVANCED_FACE('',(#12980),#12990,.T.);
#12980 = FACE_BOUND('',#12981,.T.);
#12981 = EDGE_LOOP('',(#12982,#12983,#12984));
#12982 = ORIENTED_EDGE('',*,*,#12122,.T.);
#12983 = ORIENTED_EDGE('',*,*,#12153,.F.);
#12984 = ORIENTED_EDGE('',*,*,#12985,.F.);
#12985 = EDGE_CURVE('',#12123,#12146,#12986,.T.);
#12986 = LINE('',#12987,#12988);
#12987 = CARTESIAN_POINT('',(43.,67.875495910645,9.677854537964));
#12988 = VECTOR('',#12989,1.);
#12989 = DIRECTION('',(0.,-0.450196386988,0.892929567851));
#12990 = PLANE('',#12991);
#12991 = AXIS2_PLACEMENT_3D('',#12992,#12993,#12994);
#12992 = CARTESIAN_POINT('',(42.998375913383,67.731181064813,
    10.009761021123));
#12993 = DIRECTION('',(0.996894646643,7.031537435797E-02,
    3.545153909713E-02));
#12994 = DIRECTION('',(-7.035960264224E-02,0.997521692153,
    -4.535597650108E-19));
#12995 = ADVANCED_FACE('',(#12996),#13006,.T.);
#12996 = FACE_BOUND('',#12997,.T.);
#12997 = EDGE_LOOP('',(#12998,#12999,#13000));
#12998 = ORIENTED_EDGE('',*,*,#12145,.T.);
#12999 = ORIENTED_EDGE('',*,*,#12176,.F.);
#13000 = ORIENTED_EDGE('',*,*,#13001,.F.);
#13001 = EDGE_CURVE('',#12146,#12169,#13002,.T.);
#13002 = LINE('',#13003,#13004);
#13003 = CARTESIAN_POINT('',(43.,67.531883239746,10.359383583069));
#13004 = VECTOR('',#13005,1.);
#13005 = DIRECTION('',(0.,-0.594635378421,0.803995501685));
#13006 = PLANE('',#13007);
#13007 = AXIS2_PLACEMENT_3D('',#13008,#13009,#13010);
#13008 = CARTESIAN_POINT('',(42.998375924665,67.333544299155,
    10.662126318572));
#13009 = DIRECTION('',(0.996894033557,6.331833819982E-02,
    4.683026698222E-02));
#13010 = DIRECTION('',(-6.338788350688E-02,0.997988965983,
    -3.928287843576E-19));
#13011 = ADVANCED_FACE('',(#13012),#13022,.T.);
#13012 = FACE_BOUND('',#13013,.T.);
#13013 = EDGE_LOOP('',(#13014,#13015,#13016));
#13014 = ORIENTED_EDGE('',*,*,#12168,.T.);
#13015 = ORIENTED_EDGE('',*,*,#12199,.F.);
#13016 = ORIENTED_EDGE('',*,*,#13017,.F.);
#13017 = EDGE_CURVE('',#12169,#12192,#13018,.T.);
#13018 = LINE('',#13019,#13020);
#13019 = CARTESIAN_POINT('',(43.,67.078025817871,10.973035812378));
#13020 = VECTOR('',#13021,1.);
#13021 = DIRECTION('',(0.,-0.721959284404,0.691935540107));
#13022 = PLANE('',#13023);
#13023 = AXIS2_PLACEMENT_3D('',#13024,#13025,#13026);
#13024 = CARTESIAN_POINT('',(42.998375925001,66.831374184856,
    11.237905370848));
#13025 = DIRECTION('',(0.996894059183,5.449287713108E-02,
    5.685737514307E-02));
#13026 = DIRECTION('',(-5.69419818567E-02,7.996014182314E-19,
    0.99837748908));
#13027 = ADVANCED_FACE('',(#13028),#13038,.T.);
#13028 = FACE_BOUND('',#13029,.T.);
#13029 = EDGE_LOOP('',(#13030,#13031,#13032));
#13030 = ORIENTED_EDGE('',*,*,#12191,.T.);
#13031 = ORIENTED_EDGE('',*,*,#12222,.F.);
#13032 = ORIENTED_EDGE('',*,*,#13033,.F.);
#13033 = EDGE_CURVE('',#12192,#12215,#13034,.T.);
#13034 = LINE('',#13035,#13036);
#13035 = CARTESIAN_POINT('',(43.,66.526985168457,11.501160621643));
#13036 = VECTOR('',#13037,1.);
#13037 = DIRECTION('',(0.,-0.828508987513,0.5599757652));
#13038 = PLANE('',#13039);
#13039 = AXIS2_PLACEMENT_3D('',#13040,#13041,#13042);
#13040 = CARTESIAN_POINT('',(42.998375910597,66.23912497608,
    11.720535896426));
#13041 = DIRECTION('',(0.996894500337,4.409735446029E-02,
    6.524399226965E-02));
#13042 = DIRECTION('',(-6.530752090954E-02,-1.638749356676E-19,
    0.997865185139));
#13043 = ADVANCED_FACE('',(#13044),#13054,.T.);
#13044 = FACE_BOUND('',#13045,.T.);
#13045 = EDGE_LOOP('',(#13046,#13047,#13048));
#13046 = ORIENTED_EDGE('',*,*,#12214,.T.);
#13047 = ORIENTED_EDGE('',*,*,#12245,.F.);
#13048 = ORIENTED_EDGE('',*,*,#13049,.F.);
#13049 = EDGE_CURVE('',#12215,#12238,#13050,.T.);
#13050 = LINE('',#13051,#13052);
#13051 = CARTESIAN_POINT('',(43.,65.894622802734,11.928564071655));
#13052 = VECTOR('',#13053,1.);
#13053 = DIRECTION('',(0.,-0.911228183179,0.411901927866));
#13054 = PLANE('',#13055);
#13055 = AXIS2_PLACEMENT_3D('',#13056,#13057,#13058);
#13056 = CARTESIAN_POINT('',(42.998375924405,65.573825709525,
    12.096134295867));
#13057 = DIRECTION('',(0.996893985882,3.243941710253E-02,
    7.176395425696E-02));
#13058 = DIRECTION('',(-7.180174325486E-02,-1.753026367467E-19,
    0.997418923856));
#13059 = ADVANCED_FACE('',(#13060),#13070,.T.);
#13060 = FACE_BOUND('',#13061,.T.);
#13061 = EDGE_LOOP('',(#13062,#13063,#13064));
#13062 = ORIENTED_EDGE('',*,*,#12237,.T.);
#13063 = ORIENTED_EDGE('',*,*,#12268,.F.);
#13064 = ORIENTED_EDGE('',*,*,#13065,.F.);
#13065 = EDGE_CURVE('',#12238,#12261,#13066,.T.);
#13066 = LINE('',#13067,#13068);
#13067 = CARTESIAN_POINT('',(43.,65.199127197266,12.242948532104));
#13068 = VECTOR('',#13069,1.);
#13069 = DIRECTION('',(0.,-0.967732994699,0.25197787794));
#13070 = PLANE('',#13071);
#13071 = AXIS2_PLACEMENT_3D('',#13072,#13073,#13074);
#13072 = CARTESIAN_POINT('',(42.998375928472,64.854622988973,
    12.353893511082));
#13073 = DIRECTION('',(0.996893973573,1.984460645059E-02,
    7.621415255205E-02));
#13074 = DIRECTION('',(-7.622916387282E-02,2.101113116925E-19,
    0.997090324181));
#13075 = ADVANCED_FACE('',(#13076),#13086,.T.);
#13076 = FACE_BOUND('',#13077,.T.);
#13077 = EDGE_LOOP('',(#13078,#13079,#13080));
#13078 = ORIENTED_EDGE('',*,*,#12283,.T.);
#13079 = ORIENTED_EDGE('',*,*,#12315,.F.);
#13080 = ORIENTED_EDGE('',*,*,#13081,.F.);
#13081 = EDGE_CURVE('',#12284,#12308,#13082,.T.);
#13082 = LINE('',#13083,#13084);
#13083 = CARTESIAN_POINT('',(43.,63.699996948242,12.5));
#13084 = VECTOR('',#13085,1.);
#13085 = DIRECTION('',(0.,-0.996397434384,-8.480656079165E-02));
#13086 = PLANE('',#13087);
#13087 = AXIS2_PLACEMENT_3D('',#13088,#13089,#13090);
#13088 = CARTESIAN_POINT('',(42.998375924811,63.338212909627,
    12.48983965277));
#13089 = DIRECTION('',(0.996894031438,-6.678908420819E-03,
    7.847090075187E-02));
#13090 = DIRECTION('',(-7.847265101825E-02,5.982514569316E-20,
    0.996916266816));
#13091 = ADVANCED_FACE('',(#13092),#13261,.T.);
#13092 = FACE_BOUND('',#13093,.T.);
#13093 = EDGE_LOOP('',(#13094,#13100,#13106,#13112,#13118,#13124,#13130,
    #13136,#13142,#13148,#13154,#13160,#13161,#13167,#13173,#13179,
    #13185,#13191,#13197,#13203,#13209,#13215,#13216,#13217,#13218,
    #13219,#13220,#13221,#13222,#13223,#13224,#13225,#13231,#13237,
    #13243,#13249,#13255));
#13094 = ORIENTED_EDGE('',*,*,#13095,.T.);
#13095 = EDGE_CURVE('',#12446,#12469,#13096,.T.);
#13096 = LINE('',#13097,#13098);
#13097 = CARTESIAN_POINT('',(43.,59.52449798584,9.677854537964));
#13098 = VECTOR('',#13099,1.);
#13099 = DIRECTION('',(0.,-0.292824409486,-0.956166233042));
#13100 = ORIENTED_EDGE('',*,*,#13101,.T.);
#13101 = EDGE_CURVE('',#12469,#12492,#13102,.T.);
#13102 = LINE('',#13103,#13104);
#13103 = CARTESIAN_POINT('',(43.,59.300998687744,8.948057174683));
#13104 = VECTOR('',#13105,1.);
#13105 = DIRECTION('',(0.,-0.127017715013,-0.991900448671));
#13106 = ORIENTED_EDGE('',*,*,#13107,.T.);
#13107 = EDGE_CURVE('',#12492,#12515,#13108,.T.);
#13108 = LINE('',#13109,#13110);
#13109 = CARTESIAN_POINT('',(43.,59.204051971436,8.190985679626));
#13110 = VECTOR('',#13111,1.);
#13111 = DIRECTION('',(0.,4.244251005122E-02,-0.999098910689));
#13112 = ORIENTED_EDGE('',*,*,#13113,.T.);
#13113 = EDGE_CURVE('',#12515,#12538,#13114,.T.);
#13114 = LINE('',#13115,#13116);
#13115 = CARTESIAN_POINT('',(43.,59.236446380615,7.428419589996));
#13116 = VECTOR('',#13117,1.);
#13117 = DIRECTION('',(0.,0.210683254043,-0.977554380311));
#13118 = ORIENTED_EDGE('',*,*,#13119,.T.);
#13119 = EDGE_CURVE('',#12538,#12561,#13120,.T.);
#13120 = LINE('',#13121,#13122);
#13121 = CARTESIAN_POINT('',(43.,59.39725112915,6.682297706604));
#13122 = VECTOR('',#13123,1.);
#13123 = DIRECTION('',(0.,0.372852332703,-0.927890692915));
#13124 = ORIENTED_EDGE('',*,*,#13125,.T.);
#13125 = EDGE_CURVE('',#12561,#12584,#13126,.T.);
#13126 = LINE('',#13127,#13128);
#13127 = CARTESIAN_POINT('',(43.,59.681831359863,5.974083423615));
#13128 = VECTOR('',#13129,1.);
#13129 = DIRECTION('',(0.,0.524312405576,-0.85152598396));
#13130 = ORIENTED_EDGE('',*,*,#13131,.T.);
#13131 = EDGE_CURVE('',#12584,#12607,#13132,.T.);
#13132 = LINE('',#13133,#13134);
#13133 = CARTESIAN_POINT('',(43.,60.082015991211,5.324151039124));
#13134 = VECTOR('',#13135,1.);
#13135 = DIRECTION('',(0.,0.660670679579,-0.750675864235));
#13136 = ORIENTED_EDGE('',*,*,#13137,.T.);
#13137 = EDGE_CURVE('',#12607,#12630,#13138,.T.);
#13138 = LINE('',#13139,#13140);
#13139 = CARTESIAN_POINT('',(43.,60.586273193359,4.751197338104));
#13140 = VECTOR('',#13141,1.);
#13141 = DIRECTION('',(0.,0.778037553444,-0.628217769114));
#13142 = ORIENTED_EDGE('',*,*,#13143,.T.);
#13143 = EDGE_CURVE('',#12630,#12653,#13144,.T.);
#13144 = LINE('',#13145,#13146);
#13145 = CARTESIAN_POINT('',(43.,61.180114746094,4.271706581116));
#13146 = VECTOR('',#13147,1.);
#13147 = DIRECTION('',(0.,0.873013316935,-0.487696369121));
#13148 = ORIENTED_EDGE('',*,*,#13149,.T.);
#13149 = EDGE_CURVE('',#12653,#12676,#13150,.T.);
#13150 = LINE('',#13151,#13152);
#13151 = CARTESIAN_POINT('',(43.,61.84644317627,3.899471759796));
#13152 = VECTOR('',#13153,1.);
#13153 = DIRECTION('',(0.,0.942877953505,-0.333138356834));
#13154 = ORIENTED_EDGE('',*,*,#13155,.T.);
#13155 = EDGE_CURVE('',#12676,#12699,#13156,.T.);
#13156 = LINE('',#13157,#13158);
#13157 = CARTESIAN_POINT('',(43.,62.566101074219,3.645201683044));
#13158 = VECTOR('',#13159,1.);
#13159 = DIRECTION('',(0.,0.985615785656,-0.169001547523));
#13160 = ORIENTED_EDGE('',*,*,#12729,.T.);
#13161 = ORIENTED_EDGE('',*,*,#13162,.T.);
#13162 = EDGE_CURVE('',#12722,#12746,#13163,.T.);
#13163 = LINE('',#13164,#13165);
#13164 = CARTESIAN_POINT('',(43.,64.08162689209,3.516211509705));
#13165 = VECTOR('',#13166,1.);
#13166 = DIRECTION('',(0.,0.985615928405,0.169000715011));
#13167 = ORIENTED_EDGE('',*,*,#13168,.T.);
#13168 = EDGE_CURVE('',#12746,#12769,#13169,.T.);
#13169 = LINE('',#13170,#13171);
#13170 = CARTESIAN_POINT('',(43.,64.83390045166,3.645201683044));
#13171 = VECTOR('',#13172,1.);
#13172 = DIRECTION('',(0.,0.942876844139,0.333141496644));
#13173 = ORIENTED_EDGE('',*,*,#13174,.T.);
#13174 = EDGE_CURVE('',#12769,#12792,#13175,.T.);
#13175 = LINE('',#13176,#13177);
#13176 = CARTESIAN_POINT('',(43.,65.553550720215,3.899471759796));
#13177 = VECTOR('',#13178,1.);
#13178 = DIRECTION('',(0.,0.87301569441,0.487692113237));
#13179 = ORIENTED_EDGE('',*,*,#13180,.T.);
#13180 = EDGE_CURVE('',#12792,#12815,#13181,.T.);
#13181 = LINE('',#13182,#13183);
#13182 = CARTESIAN_POINT('',(43.,66.219886779785,4.271706581116));
#13183 = VECTOR('',#13184,1.);
#13184 = DIRECTION('',(0.,0.778033608457,0.628222654885));
#13185 = ORIENTED_EDGE('',*,*,#13186,.T.);
#13186 = EDGE_CURVE('',#12815,#12838,#13187,.T.);
#13187 = LINE('',#13188,#13189);
#13188 = CARTESIAN_POINT('',(43.,66.813720703125,4.751197338104));
#13189 = VECTOR('',#13190,1.);
#13190 = DIRECTION('',(0.,0.660676312369,0.750670906772));
#13191 = ORIENTED_EDGE('',*,*,#13192,.T.);
#13192 = EDGE_CURVE('',#12838,#12861,#13193,.T.);
#13193 = LINE('',#13194,#13195);
#13194 = CARTESIAN_POINT('',(43.,67.317985534668,5.324151039124));
#13195 = VECTOR('',#13196,1.);
#13196 = DIRECTION('',(0.,0.524305157562,0.851530446757));
#13197 = ORIENTED_EDGE('',*,*,#13198,.T.);
#13198 = EDGE_CURVE('',#12861,#12884,#13199,.T.);
#13199 = LINE('',#13200,#13201);
#13200 = CARTESIAN_POINT('',(43.,67.718162536621,5.974083423615));
#13201 = VECTOR('',#13202,1.);
#13202 = DIRECTION('',(0.,0.372865242026,0.927885505485));
#13203 = ORIENTED_EDGE('',*,*,#13204,.T.);
#13204 = EDGE_CURVE('',#12884,#12907,#13205,.T.);
#13205 = LINE('',#13206,#13207);
#13206 = CARTESIAN_POINT('',(43.,68.002754211426,6.682297706604));
#13207 = VECTOR('',#13208,1.);
#13208 = DIRECTION('',(0.,0.21067370182,0.977556438965));
#13209 = ORIENTED_EDGE('',*,*,#13210,.T.);
#13210 = EDGE_CURVE('',#12907,#12930,#13211,.T.);
#13211 = LINE('',#13212,#13213);
#13212 = CARTESIAN_POINT('',(43.,68.163551330566,7.428419589996));
#13213 = VECTOR('',#13214,1.);
#13214 = DIRECTION('',(0.,4.244251005122E-02,0.999098910689));
#13215 = ORIENTED_EDGE('',*,*,#12969,.T.);
#13216 = ORIENTED_EDGE('',*,*,#12953,.T.);
#13217 = ORIENTED_EDGE('',*,*,#12985,.T.);
#13218 = ORIENTED_EDGE('',*,*,#13001,.T.);
#13219 = ORIENTED_EDGE('',*,*,#13017,.T.);
#13220 = ORIENTED_EDGE('',*,*,#13033,.T.);
#13221 = ORIENTED_EDGE('',*,*,#13049,.T.);
#13222 = ORIENTED_EDGE('',*,*,#13065,.T.);
#13223 = ORIENTED_EDGE('',*,*,#12291,.T.);
#13224 = ORIENTED_EDGE('',*,*,#13081,.T.);
#13225 = ORIENTED_EDGE('',*,*,#13226,.T.);
#13226 = EDGE_CURVE('',#12308,#12331,#13227,.T.);
#13227 = LINE('',#13228,#13229);
#13228 = CARTESIAN_POINT('',(43.,62.93949508667,12.435271263123));
#13229 = VECTOR('',#13230,1.);
#13230 = DIRECTION('',(0.,-0.967732994699,-0.25197787794));
#13231 = ORIENTED_EDGE('',*,*,#13232,.T.);
#13232 = EDGE_CURVE('',#12331,#12354,#13233,.T.);
#13233 = LINE('',#13234,#13235);
#13234 = CARTESIAN_POINT('',(43.,62.200870513916,12.242948532104));
#13235 = VECTOR('',#13236,1.);
#13236 = DIRECTION('',(0.,-0.911228183179,-0.411901927866));
#13237 = ORIENTED_EDGE('',*,*,#13238,.T.);
#13238 = EDGE_CURVE('',#12354,#12377,#13239,.T.);
#13239 = LINE('',#13240,#13241);
#13240 = CARTESIAN_POINT('',(43.,61.505374908447,11.928564071655));
#13241 = VECTOR('',#13242,1.);
#13242 = DIRECTION('',(0.,-0.828510554722,-0.559973446437));
#13243 = ORIENTED_EDGE('',*,*,#13244,.T.);
#13244 = EDGE_CURVE('',#12377,#12400,#13245,.T.);
#13245 = LINE('',#13246,#13247);
#13246 = CARTESIAN_POINT('',(43.,60.873008728027,11.501160621643));
#13247 = VECTOR('',#13248,1.);
#13248 = DIRECTION('',(0.,-0.721954498598,-0.691940533539));
#13249 = ORIENTED_EDGE('',*,*,#13250,.T.);
#13250 = EDGE_CURVE('',#12400,#12423,#13251,.T.);
#13251 = LINE('',#13252,#13253);
#13252 = CARTESIAN_POINT('',(43.,60.321975708008,10.973035812378));
#13253 = VECTOR('',#13254,1.);
#13254 = DIRECTION('',(0.,-0.594635378421,-0.803995501685));
#13255 = ORIENTED_EDGE('',*,*,#13256,.T.);
#13256 = EDGE_CURVE('',#12423,#12446,#13257,.T.);
#13257 = LINE('',#13258,#13259);
#13258 = CARTESIAN_POINT('',(43.,59.868118286133,10.359383583069));
#13259 = VECTOR('',#13260,1.);
#13260 = DIRECTION('',(0.,-0.450204356916,-0.892925549536));
#13261 = PLANE('',#13262);
#13262 = AXIS2_PLACEMENT_3D('',#13263,#13264,#13265);
#13263 = CARTESIAN_POINT('',(43.,63.69999915134,8.000000089281));
#13264 = DIRECTION('',(1.,0.,0.));
#13265 = DIRECTION('',(0.,0.,1.));
#13266 = ADVANCED_FACE('',(#13267),#13272,.T.);
#13267 = FACE_BOUND('',#13268,.T.);
#13268 = EDGE_LOOP('',(#13269,#13270,#13271));
#13269 = ORIENTED_EDGE('',*,*,#12307,.T.);
#13270 = ORIENTED_EDGE('',*,*,#12338,.F.);
#13271 = ORIENTED_EDGE('',*,*,#13226,.F.);
#13272 = PLANE('',#13273);
#13273 = AXIS2_PLACEMENT_3D('',#13274,#13275,#13276);
#13274 = CARTESIAN_POINT('',(42.998375924645,62.584631712986,
    12.364115351867));
#13275 = DIRECTION('',(0.996893994902,-1.984453841816E-02,
    7.621389127026E-02));
#13276 = DIRECTION('',(-7.622890243661E-02,9.860904701787E-20,
    0.997090344168));
#13277 = ADVANCED_FACE('',(#13278),#13283,.T.);
#13278 = FACE_BOUND('',#13279,.T.);
#13279 = EDGE_LOOP('',(#13280,#13281,#13282));
#13280 = ORIENTED_EDGE('',*,*,#12330,.T.);
#13281 = ORIENTED_EDGE('',*,*,#12361,.F.);
#13282 = ORIENTED_EDGE('',*,*,#13232,.F.);
#13283 = PLANE('',#13284);
#13284 = AXIS2_PLACEMENT_3D('',#13285,#13286,#13287);
#13285 = CARTESIAN_POINT('',(42.998375925094,61.863137531686,
    12.11284406313));
#13286 = DIRECTION('',(0.99689406002,-3.243903055266E-02,
    7.176309911377E-02));
#13287 = DIRECTION('',(-7.180088676009E-02,-5.860336834731E-20,
    0.997418985512));
#13288 = ADVANCED_FACE('',(#13289),#13294,.T.);
#13289 = FACE_BOUND('',#13290,.T.);
#13290 = EDGE_LOOP('',(#13291,#13292,#13293));
#13291 = ORIENTED_EDGE('',*,*,#12353,.T.);
#13292 = ORIENTED_EDGE('',*,*,#12384,.F.);
#13293 = ORIENTED_EDGE('',*,*,#13238,.F.);
#13294 = PLANE('',#13295);
#13295 = AXIS2_PLACEMENT_3D('',#13296,#13297,#13298);
#13296 = CARTESIAN_POINT('',(42.998375926997,61.194484668305,
    11.743252620766));
#13297 = DIRECTION('',(0.996894000698,-4.410071356121E-02,
    6.52493558199E-02));
#13298 = DIRECTION('',(-6.531289937617E-02,1.041362352658E-19,
    0.997864833119));
#13299 = ADVANCED_FACE('',(#13300),#13305,.T.);
#13300 = FACE_BOUND('',#13301,.T.);
#13301 = EDGE_LOOP('',(#13302,#13303,#13304));
#13302 = ORIENTED_EDGE('',*,*,#12376,.T.);
#13303 = ORIENTED_EDGE('',*,*,#12407,.F.);
#13304 = ORIENTED_EDGE('',*,*,#13244,.F.);
#13305 = PLANE('',#13306);
#13306 = AXIS2_PLACEMENT_3D('',#13307,#13308,#13309);
#13307 = CARTESIAN_POINT('',(42.998375924913,60.597911178359,
    11.265974903283));
#13308 = DIRECTION('',(0.996893984237,-5.449392681705E-02,
    5.685768314597E-02));
#13309 = DIRECTION('',(-5.694229358477E-02,-2.007492415869E-19,
    0.998377471301));
#13310 = ADVANCED_FACE('',(#13311),#13316,.T.);
#13311 = FACE_BOUND('',#13312,.T.);
#13312 = EDGE_LOOP('',(#13313,#13314,#13315));
#13313 = ORIENTED_EDGE('',*,*,#12399,.T.);
#13314 = ORIENTED_EDGE('',*,*,#12430,.F.);
#13315 = ORIENTED_EDGE('',*,*,#13250,.F.);
#13316 = PLANE('',#13317);
#13317 = AXIS2_PLACEMENT_3D('',#13318,#13319,#13320);
#13318 = CARTESIAN_POINT('',(42.998375923826,60.09057911275,
    10.694742599416));
#13319 = DIRECTION('',(0.996894303032,-6.331559565455E-02,
    4.682823859469E-02));
#13320 = DIRECTION('',(6.338513191529E-02,0.997989140749,
    -7.745200222578E-19));
#13321 = ADVANCED_FACE('',(#13322),#13327,.T.);
#13322 = FACE_BOUND('',#13323,.T.);
#13323 = EDGE_LOOP('',(#13324,#13325,#13326));
#13324 = ORIENTED_EDGE('',*,*,#12422,.T.);
#13325 = ORIENTED_EDGE('',*,*,#12453,.F.);
#13326 = ORIENTED_EDGE('',*,*,#13256,.F.);
#13327 = PLANE('',#13328);
#13328 = AXIS2_PLACEMENT_3D('',#13329,#13330,#13331);
#13329 = CARTESIAN_POINT('',(42.998375925261,59.687083092242,
    10.045985862));
#13330 = DIRECTION('',(0.996894037473,-7.032194363016E-02,
    3.54556384074E-02));
#13331 = DIRECTION('',(7.036618628605E-02,0.997521227758,
    -5.032992949387E-19));
#13332 = ADVANCED_FACE('',(#13333),#13338,.T.);
#13333 = FACE_BOUND('',#13334,.T.);
#13334 = EDGE_LOOP('',(#13335,#13336,#13337));
#13335 = ORIENTED_EDGE('',*,*,#12445,.T.);
#13336 = ORIENTED_EDGE('',*,*,#12476,.F.);
#13337 = ORIENTED_EDGE('',*,*,#13095,.F.);
#13338 = PLANE('',#13339);
#13339 = AXIS2_PLACEMENT_3D('',#13340,#13341,#13342);
#13340 = CARTESIAN_POINT('',(42.998375927543,59.399031549212,
    9.338369281855));
#13341 = DIRECTION('',(0.996893826572,-7.530498733204E-02,
    2.306203428325E-02));
#13342 = DIRECTION('',(7.532502108205E-02,0.997159035059,
    -5.970277240689E-20));
#13343 = ADVANCED_FACE('',(#13344),#13349,.T.);
#13344 = FACE_BOUND('',#13345,.T.);
#13345 = EDGE_LOOP('',(#13346,#13347,#13348));
#13346 = ORIENTED_EDGE('',*,*,#12468,.T.);
#13347 = ORIENTED_EDGE('',*,*,#12499,.F.);
#13348 = ORIENTED_EDGE('',*,*,#13101,.F.);
#13349 = PLANE('',#13350);
#13350 = AXIS2_PLACEMENT_3D('',#13351,#13352,#13353);
#13351 = CARTESIAN_POINT('',(42.998375925478,59.234710314275,
    8.592251650397));
#13352 = DIRECTION('',(0.996894017902,-7.811691230701E-02,
    1.000325357088E-02));
#13353 = DIRECTION('',(7.812082098797E-02,0.996943898787,
    -9.000761605079E-20));
#13354 = ADVANCED_FACE('',(#13355),#13360,.T.);
#13355 = FACE_BOUND('',#13356,.T.);
#13356 = EDGE_LOOP('',(#13357,#13358,#13359));
#13357 = ORIENTED_EDGE('',*,*,#12491,.T.);
#13358 = ORIENTED_EDGE('',*,*,#12522,.F.);
#13359 = ORIENTED_EDGE('',*,*,#13107,.F.);
#13360 = PLANE('',#13361);
#13361 = AXIS2_PLACEMENT_3D('',#13362,#13363,#13364);
#13362 = CARTESIAN_POINT('',(42.998375927962,59.198849753703,
    7.829094622092));
#13363 = DIRECTION('',(0.996893796425,-7.868662660408E-02,
    -3.342669984733E-03));
#13364 = DIRECTION('',(7.868706620801E-02,0.99689936584,
    1.229943007288E-20));
#13365 = ADVANCED_FACE('',(#13366),#13371,.T.);
#13366 = FACE_BOUND('',#13367,.T.);
#13367 = EDGE_LOOP('',(#13368,#13369,#13370));
#13368 = ORIENTED_EDGE('',*,*,#12514,.T.);
#13369 = ORIENTED_EDGE('',*,*,#12545,.F.);
#13370 = ORIENTED_EDGE('',*,*,#13113,.F.);
#13371 = PLANE('',#13372);
#13372 = AXIS2_PLACEMENT_3D('',#13373,#13374,#13375);
#13373 = CARTESIAN_POINT('',(42.998375929944,59.292480343876,
    7.070854723035));
#13374 = DIRECTION('',(0.996893680208,-7.699126923983E-02,
    -1.659321615555E-02));
#13375 = DIRECTION('',(7.70018706178E-02,0.997030948327,
    -2.170212939395E-19));
#13376 = ADVANCED_FACE('',(#13377),#13382,.T.);
#13377 = FACE_BOUND('',#13378,.T.);
#13378 = EDGE_LOOP('',(#13379,#13380,#13381));
#13379 = ORIENTED_EDGE('',*,*,#12537,.T.);
#13380 = ORIENTED_EDGE('',*,*,#12568,.F.);
#13381 = ORIENTED_EDGE('',*,*,#13119,.F.);
#13382 = PLANE('',#13383);
#13383 = AXIS2_PLACEMENT_3D('',#13384,#13385,#13386);
#13384 = CARTESIAN_POINT('',(42.998375922704,59.512902354956,
    6.33934655521));
#13385 = DIRECTION('',(0.996894181192,-7.307391945583E-02,
    -2.936313677557E-02));
#13386 = DIRECTION('',(7.310544178125E-02,0.997324217284,
    -1.114103991251E-19));
#13387 = ADVANCED_FACE('',(#13388),#13393,.T.);
#13388 = FACE_BOUND('',#13389,.T.);
#13389 = EDGE_LOOP('',(#13390,#13391,#13392));
#13390 = ORIENTED_EDGE('',*,*,#12560,.T.);
#13391 = ORIENTED_EDGE('',*,*,#12591,.F.);
#13392 = ORIENTED_EDGE('',*,*,#13125,.F.);
#13393 = PLANE('',#13394);
#13394 = AXIS2_PLACEMENT_3D('',#13395,#13396,#13397);
#13395 = CARTESIAN_POINT('',(42.998375928965,59.853784299776,
    5.655609927556));
#13396 = DIRECTION('',(0.996893834404,-6.706372857242E-02,
    -4.129333163875E-02));
#13397 = DIRECTION('',(6.71209782944E-02,0.997744844273,
    6.479782563711E-21));
#13398 = ADVANCED_FACE('',(#13399),#13404,.T.);
#13399 = FACE_BOUND('',#13400,.T.);
#13400 = EDGE_LOOP('',(#13401,#13402,#13403));
#13401 = ORIENTED_EDGE('',*,*,#12583,.T.);
#13402 = ORIENTED_EDGE('',*,*,#12614,.F.);
#13403 = ORIENTED_EDGE('',*,*,#13131,.F.);
#13404 = PLANE('',#13405);
#13405 = AXIS2_PLACEMENT_3D('',#13406,#13407,#13408);
#13406 = CARTESIAN_POINT('',(42.998375921727,60.305310724961,
    5.039318642668));
#13407 = DIRECTION('',(0.996894178959,-5.911779021814E-02,
    -5.202963422623E-02));
#13408 = DIRECTION('',(5.919797142544E-02,0.998246262292,
    1.700447257617E-19));
#13409 = ADVANCED_FACE('',(#13410),#13415,.T.);
#13410 = FACE_BOUND('',#13411,.T.);
#13411 = EDGE_LOOP('',(#13412,#13413,#13414));
#13412 = ORIENTED_EDGE('',*,*,#12606,.T.);
#13413 = ORIENTED_EDGE('',*,*,#12637,.F.);
#13414 = ORIENTED_EDGE('',*,*,#13137,.F.);
#13415 = PLANE('',#13416);
#13416 = AXIS2_PLACEMENT_3D('',#13417,#13418,#13419);
#13417 = CARTESIAN_POINT('',(42.998375928814,60.854498937906,
    4.508199460607));
#13418 = DIRECTION('',(0.996893859926,-4.947641519907E-02,
    -6.127574055875E-02));
#13419 = DIRECTION('',(6.135087745599E-02,-2.847621323969E-19,
    0.998116260681));
#13420 = ADVANCED_FACE('',(#13421),#13426,.T.);
#13421 = FACE_BOUND('',#13422,.T.);
#13422 = EDGE_LOOP('',(#13423,#13424,#13425));
#13423 = ORIENTED_EDGE('',*,*,#12629,.T.);
#13424 = ORIENTED_EDGE('',*,*,#12660,.F.);
#13425 = ORIENTED_EDGE('',*,*,#13143,.F.);
#13426 = PLANE('',#13427);
#13427 = AXIS2_PLACEMENT_3D('',#13428,#13429,#13430);
#13428 = CARTESIAN_POINT('',(42.998375924372,61.48554515614,
    4.077534042096));
#13429 = DIRECTION('',(0.996894028024,-3.840836302917E-02,
    -6.875386927027E-02));
#13430 = DIRECTION('',(6.8804638383E-02,2.455696356031E-19,
    0.997630152781));
#13431 = ADVANCED_FACE('',(#13432),#13437,.T.);
#13432 = FACE_BOUND('',#13433,.T.);
#13433 = EDGE_LOOP('',(#13434,#13435,#13436));
#13434 = ORIENTED_EDGE('',*,*,#12652,.T.);
#13435 = ORIENTED_EDGE('',*,*,#12683,.F.);
#13436 = ORIENTED_EDGE('',*,*,#13149,.F.);
#13437 = PLANE('',#13438);
#13438 = AXIS2_PLACEMENT_3D('',#13439,#13440,#13441);
#13439 = CARTESIAN_POINT('',(42.998375928893,62.18029969762,
    3.759710321858));
#13440 = DIRECTION('',(0.996893941557,-2.623656353551E-02,
    -7.425706714916E-02));
#13441 = DIRECTION('',(7.428263804722E-02,-6.120202808823E-22,
    0.997237228389));
#13442 = ADVANCED_FACE('',(#13443),#13448,.T.);
#13443 = FACE_BOUND('',#13444,.T.);
#13444 = EDGE_LOOP('',(#13445,#13446,#13447));
#13445 = ORIENTED_EDGE('',*,*,#12675,.T.);
#13446 = ORIENTED_EDGE('',*,*,#12706,.F.);
#13447 = ORIENTED_EDGE('',*,*,#13155,.F.);
#13448 = PLANE('',#13449);
#13449 = AXIS2_PLACEMENT_3D('',#13450,#13451,#13452);
#13450 = CARTESIAN_POINT('',(42.998375919083,62.918768481738,
    3.563872399164));
#13451 = DIRECTION('',(0.996894061439,-1.330958838018E-02,
    -7.762142181749E-02));
#13452 = DIRECTION('',(7.762829785998E-02,-1.240404196311E-19,
    0.996982370642));
#13453 = ADVANCED_FACE('',(#13454),#13459,.T.);
#13454 = FACE_BOUND('',#13455,.T.);
#13455 = EDGE_LOOP('',(#13456,#13457,#13458));
#13456 = ORIENTED_EDGE('',*,*,#12721,.T.);
#13457 = ORIENTED_EDGE('',*,*,#12753,.F.);
#13458 = ORIENTED_EDGE('',*,*,#13162,.F.);
#13459 = PLANE('',#13460);
#13460 = AXIS2_PLACEMENT_3D('',#13461,#13462,#13463);
#13461 = CARTESIAN_POINT('',(42.998375928351,64.441247337184,
    3.557016509444));
#13462 = DIRECTION('',(0.99689408657,1.330946905344E-02,
    -7.762111951306E-02));
#13463 = DIRECTION('',(7.762799540546E-02,-1.258622085762E-19,
    0.996982394192));
#13464 = ADVANCED_FACE('',(#13465),#13470,.T.);
#13465 = FACE_BOUND('',#13466,.T.);
#13466 = EDGE_LOOP('',(#13467,#13468,#13469));
#13467 = ORIENTED_EDGE('',*,*,#12745,.T.);
#13468 = ORIENTED_EDGE('',*,*,#12776,.F.);
#13469 = ORIENTED_EDGE('',*,*,#13168,.F.);
#13470 = PLANE('',#13471);
#13471 = AXIS2_PLACEMENT_3D('',#13472,#13473,#13474);
#13472 = CARTESIAN_POINT('',(42.998375923773,65.181449136025,
    3.74619610415));
#13473 = DIRECTION('',(0.996893928738,2.623686487004E-02,
    -7.425713277379E-02));
#13474 = DIRECTION('',(7.428270428214E-02,-1.645989897573E-20,
    0.997237223455));
#13475 = ADVANCED_FACE('',(#13476),#13481,.T.);
#13476 = FACE_BOUND('',#13477,.T.);
#13477 = EDGE_LOOP('',(#13478,#13479,#13480));
#13478 = ORIENTED_EDGE('',*,*,#12768,.T.);
#13479 = ORIENTED_EDGE('',*,*,#12799,.F.);
#13480 = ORIENTED_EDGE('',*,*,#13174,.F.);
#13481 = PLANE('',#13482);
#13482 = AXIS2_PLACEMENT_3D('',#13483,#13484,#13485);
#13483 = CARTESIAN_POINT('',(42.998375926443,65.879037221648,
    4.057749799717));
#13484 = DIRECTION('',(0.996894058896,3.840783727335E-02,
    -6.875371534189E-02));
#13485 = DIRECTION('',(6.880448294951E-02,-5.402507141666E-19,
    0.997630163501));
#13486 = ADVANCED_FACE('',(#13487),#13492,.T.);
#13487 = FACE_BOUND('',#13488,.T.);
#13488 = EDGE_LOOP('',(#13489,#13490,#13491));
#13489 = ORIENTED_EDGE('',*,*,#12791,.T.);
#13490 = ORIENTED_EDGE('',*,*,#12822,.F.);
#13491 = ORIENTED_EDGE('',*,*,#13180,.F.);
#13492 = PLANE('',#13493);
#13493 = AXIS2_PLACEMENT_3D('',#13494,#13495,#13496);
#13494 = CARTESIAN_POINT('',(42.998375923936,66.513936391237,
    4.482715404766));
#13495 = DIRECTION('',(0.996893653611,4.947844056842E-02,
    -6.127746167209E-02));
#13496 = DIRECTION('',(6.135260684301E-02,-3.973305756098E-20,
    0.99811615438));
#13497 = ADVANCED_FACE('',(#13498),#13503,.T.);
#13498 = FACE_BOUND('',#13499,.T.);
#13499 = EDGE_LOOP('',(#13500,#13501,#13502));
#13500 = ORIENTED_EDGE('',*,*,#12814,.T.);
#13501 = ORIENTED_EDGE('',*,*,#12845,.F.);
#13502 = ORIENTED_EDGE('',*,*,#13186,.F.);
#13503 = PLANE('',#13504);
#13504 = AXIS2_PLACEMENT_3D('',#13505,#13506,#13507);
#13505 = CARTESIAN_POINT('',(42.998375926207,67.06788485468,
    5.008866038303));
#13506 = DIRECTION('',(0.996894070231,5.9118432967E-02,
    -5.203098712541E-02));
#13507 = DIRECTION('',(-5.919861922447E-02,0.998246223876,
    1.163027199994E-19));
#13508 = ADVANCED_FACE('',(#13509),#13514,.T.);
#13509 = FACE_BOUND('',#13510,.T.);
#13510 = EDGE_LOOP('',(#13511,#13512,#13513));
#13511 = ORIENTED_EDGE('',*,*,#12837,.T.);
#13512 = ORIENTED_EDGE('',*,*,#12868,.F.);
#13513 = ORIENTED_EDGE('',*,*,#13192,.F.);
#13514 = PLANE('',#13515);
#13515 = AXIS2_PLACEMENT_3D('',#13516,#13517,#13518);
#13516 = CARTESIAN_POINT('',(42.998375923974,67.524945426523,
    5.621066256027));
#13517 = DIRECTION('',(0.996894194701,6.706019646319E-02,
    -4.129036960059E-02));
#13518 = DIRECTION('',(-6.711743494693E-02,0.997745082637,
    2.80864237908E-19));
#13519 = ADVANCED_FACE('',(#13520),#13525,.T.);
#13520 = FACE_BOUND('',#13521,.T.);
#13521 = EDGE_LOOP('',(#13522,#13523,#13524));
#13522 = ORIENTED_EDGE('',*,*,#12860,.T.);
#13523 = ORIENTED_EDGE('',*,*,#12891,.F.);
#13524 = ORIENTED_EDGE('',*,*,#13198,.F.);
#13525 = PLANE('',#13526);
#13526 = AXIS2_PLACEMENT_3D('',#13527,#13528,#13529);
#13527 = CARTESIAN_POINT('',(42.998375927473,67.871970285116,
    6.301705248182));
#13528 = DIRECTION('',(0.99689382303,7.307771765864E-02,
    -2.936584386803E-02));
#13529 = DIRECTION('',(-7.310924743917E-02,0.997323938316,
    -2.774561219256E-19));
#13530 = ADVANCED_FACE('',(#13531),#13536,.T.);
#13531 = FACE_BOUND('',#13532,.T.);
#13532 = EDGE_LOOP('',(#13533,#13534,#13535));
#13533 = ORIENTED_EDGE('',*,*,#12883,.T.);
#13534 = ORIENTED_EDGE('',*,*,#12914,.F.);
#13535 = ORIENTED_EDGE('',*,*,#13204,.F.);
#13536 = PLANE('',#13537);
#13537 = AXIS2_PLACEMENT_3D('',#13538,#13539,#13540);
#13538 = CARTESIAN_POINT('',(42.998375922951,68.098976537049,
    7.031198921348));
#13539 = DIRECTION('',(0.996894182961,7.698521034934E-02,
    -1.659112313437E-02));
#13540 = DIRECTION('',(-7.69958082184E-02,0.997031416514,
    -4.224434615436E-19));
#13541 = ADVANCED_FACE('',(#13542),#13547,.T.);
#13542 = FACE_BOUND('',#13543,.T.);
#13543 = EDGE_LOOP('',(#13544,#13545,#13546));
#13544 = ORIENTED_EDGE('',*,*,#12906,.T.);
#13545 = ORIENTED_EDGE('',*,*,#12937,.F.);
#13546 = ORIENTED_EDGE('',*,*,#13210,.F.);
#13547 = PLANE('',#13548);
#13548 = AXIS2_PLACEMENT_3D('',#13549,#13550,#13551);
#13549 = CARTESIAN_POINT('',(42.998375925944,68.19942686929,
    7.788565188096));
#13550 = DIRECTION('',(0.996893979312,7.868431371606E-02,
    -3.342571731425E-03));
#13551 = DIRECTION('',(-7.868475328123E-02,0.9968995484,
    -2.086715881094E-20));
#13552 = ( GEOMETRIC_REPRESENTATION_CONTEXT(3) 
GLOBAL_UNCERTAINTY_ASSIGNED_CONTEXT((#13556)) 
GLOBAL_UNIT_ASSIGNED_CONTEXT((#13553,#13554,#13555)) 
REPRESENTATION_CONTEXT('Context #1',
  '3D Context with UNIT and UNCERTAINTY') );
#13553 = ( LENGTH_UNIT() NAMED_UNIT(*) SI_UNIT(.MILLI.,.METRE.) );
#13554 = ( NAMED_UNIT(*) PLANE_ANGLE_UNIT() SI_UNIT($,.RADIAN.) );
#13555 = ( NAMED_UNIT(*) SI_UNIT($,.STERADIAN.) SOLID_ANGLE_UNIT() );
#13556 = UNCERTAINTY_MEASURE_WITH_UNIT(LENGTH_MEASURE(5.E-06),#13553,
  'distance_accuracy_value','confusion accuracy');
#13557 = PRODUCT_RELATED_PRODUCT_CATEGORY('part',$,(#7));
#13558 = MECHANICAL_DESIGN_GEOMETRIC_PRESENTATION_REPRESENTATION('',(
    #13559),#13552);
#13559 = STYLED_ITEM('color',(#13560),#15);
#13560 = PRESENTATION_STYLE_ASSIGNMENT((#13561,#13567));
#13561 = SURFACE_STYLE_USAGE(.BOTH.,#13562);
#13562 = SURFACE_SIDE_STYLE('',(#13563));
#13563 = SURFACE_STYLE_FILL_AREA(#13564);
#13564 = FILL_AREA_STYLE('',(#13565));
#13565 = FILL_AREA_STYLE_COLOUR('',#13566);
#13566 = COLOUR_RGB('',0.447058818107,0.474509808674,0.501960817233);
#13567 = CURVE_STYLE('',#13568,POSITIVE_LENGTH_MEASURE(0.1),#13569);
#13568 = DRAUGHTING_PRE_DEFINED_CURVE_FONT('continuous');
#13569 = COLOUR_RGB('',0.678431390124,0.709803936702,0.741176476869);
ENDSEC;
END-ISO-10303-21;
