ISO-10303-21;
HEADER;
FILE_DESCRIPTION(('FreeCAD Model'),'2;1');
FILE_NAME('Open CASCADE Shape Model','2026-08-26T17:00:50',(''),(''),
  'Open CASCADE STEP processor 7.8','FreeCAD','Unknown');
FILE_SCHEMA(('AUTOMOTIVE_DESIGN { 1 0 10303 214 1 1 1 1 }'));
ENDSEC;
DATA;
#1 = APPLICATION_PROTOCOL_DEFINITION('international standard',
  'automotive_design',2000,#2);
#2 = APPLICATION_CONTEXT(
  'core data for automotive mechanical design processes');
#3 = SHAPE_DEFINITION_REPRESENTATION(#4,#10);
#4 = PRODUCT_DEFINITION_SHAPE('','',#5);
#5 = PRODUCT_DEFINITION('design','',#6,#9);
#6 = PRODUCT_DEFINITION_FORMATION('','',#7);
#7 = PRODUCT('Body001','Body001','',(#8));
#8 = PRODUCT_CONTEXT('',#2,'mechanical');
#9 = PRODUCT_DEFINITION_CONTEXT('part definition',#2,'design');
#10 = ADVANCED_BREP_SHAPE_REPRESENTATION('',(#11,#15),#10091);
#11 = AXIS2_PLACEMENT_3D('',#12,#13,#14);
#12 = CARTESIAN_POINT('',(0.,0.,0.));
#13 = DIRECTION('',(0.,0.,1.));
#14 = DIRECTION('',(1.,0.,-0.));
#15 = MANIFOLD_SOLID_BREP('',#16);
#16 = CLOSED_SHELL('',(#17,#49,#248,#271,#294,#325,#360,#384,#415,#775,
    #799,#1294,#1318,#1390,#1406,#1437,#1461,#1485,#1509,#1533,#1557,
    #1581,#1605,#2037,#2060,#2083,#2107,#2131,#2148,#2171,#2192,#2215,
    #2231,#2312,#2480,#2497,#2519,#2531,#2548,#2565,#2582,#2599,#2616,
    #2633,#2650,#2667,#2684,#2701,#2718,#2735,#2752,#2769,#2786,#2803,
    #2820,#2837,#2849,#2866,#2883,#2900,#2917,#2934,#2951,#2968,#2985,
    #3002,#3019,#3036,#3053,#3070,#3087,#3104,#3121,#3138,#3155,#3172,
    #3184,#3208,#3232,#3256,#3280,#3304,#3328,#3352,#3375,#3398,#3421,
    #3444,#3467,#3488,#3504,#3527,#3548,#3570,#3587,#3604,#3621,#3638,
    #3650,#3661,#3684,#3705,#3728,#3751,#3774,#3797,#3820,#3843,#3866,
    #3889,#4041,#4065,#4089,#4113,#4137,#4161,#4185,#4209,#4233,#4257,
    #4281,#4305,#4329,#4353,#4377,#4401,#4425,#4449,#4473,#4497,#4521,
    #4545,#4569,#4593,#4617,#4641,#4665,#4681,#4705,#4729,#4753,#4777,
    #4801,#4825,#4841,#4864,#4880,#4903,#5046,#5062,#5085,#5101,#5124,
    #5140,#5156,#5177,#5188,#5211,#5227,#5250,#5261,#5284,#5307,#5335,
    #5346,#5367,#5383,#5406,#5429,#5452,#5473,#5496,#5512,#5533,#5544,
    #5567,#5588,#5599,#5615,#5631,#5642,#5658,#5681,#5704,#5727,#5743,
    #5766,#5782,#5805,#5828,#5844,#5867,#5890,#5913,#5935,#5958,#5981,
    #6038,#6054,#6070,#6093,#6116,#6139,#6162,#6178,#6201,#6224,#6240,
    #6256,#6272,#6288,#6311,#6334,#6355,#6366,#6389,#6412,#6428,#6451,
    #6467,#6490,#6506,#6522,#6538,#6561,#6577,#6600,#6616,#6639,#6662,
    #6685,#6708,#6729,#6745,#6761,#6782,#6798,#6809,#6825,#6841,#6862,
    #6873,#6884,#6895,#6906,#6917,#6933,#6956,#6972,#6995,#7018,#7041,
    #7057,#7073,#7096,#7112,#7128,#7151,#7167,#7183,#7206,#7222,#7245,
    #7269,#7280,#7301,#7322,#7345,#7361,#7377,#7400,#7416,#7439,#7455,
    #7471,#7487,#7503,#7514,#7530,#7541,#7552,#7575,#7598,#7621,#7637,
    #7653,#7676,#7692,#7708,#7724,#7747,#7770,#7786,#7809,#7825,#7841,
    #7864,#7880,#7891,#7914,#7935,#7951,#7962,#7978,#8001,#8024,#8040,
    #8056,#8072,#8088,#8104,#8127,#8150,#8181,#8197,#8213,#8236,#8252,
    #8268,#8291,#8314,#8335,#8356,#8377,#8400,#8416,#8439,#8455,#8487,
    #8503,#8514,#8525,#8548,#8564,#8587,#8603,#8626,#8642,#8658,#8674,
    #8697,#8807,#8823,#8839,#8862,#8885,#8896,#8913,#8937,#8954,#8965,
    #8976,#8992,#9015,#9039,#9055,#9066,#9077,#9089,#9112,#9128,#9144,
    #9155,#9178,#9201,#9217,#9257,#9273,#9294,#9325,#9349,#9366,#9382,
    #9398,#9421,#9444,#9475,#9498,#9514,#9525,#9541,#9557,#9580,#9596,
    #9619,#9635,#9651,#9675,#9691,#9707,#9728,#9745,#9761,#9784,#9805,
    #9821,#9837,#9853,#9864,#9875,#9891,#9914,#9937,#9961,#9972,#9993,
    #10009,#10020,#10036,#10052,#10063));
#17 = ADVANCED_FACE('',(#18),#44,.T.);
#18 = FACE_BOUND('',#19,.T.);
#19 = EDGE_LOOP('',(#20,#30,#38));
#20 = ORIENTED_EDGE('',*,*,#21,.F.);
#21 = EDGE_CURVE('',#22,#24,#26,.T.);
#22 = VERTEX_POINT('',#23);
#23 = CARTESIAN_POINT('',(29.269304275513,45.343147277832,
    3.693532198667E-02));
#24 = VERTEX_POINT('',#25);
#25 = CARTESIAN_POINT('',(29.72705078125,45.343147277832,0.146830454469)
  );
#26 = LINE('',#27,#28);
#27 = CARTESIAN_POINT('',(29.269304275513,45.343147277832,
    3.693532198668E-02));
#28 = VECTOR('',#29,1.);
#29 = DIRECTION('',(0.972369959257,0.,0.233445201995));
#30 = ORIENTED_EDGE('',*,*,#31,.F.);
#31 = EDGE_CURVE('',#32,#22,#34,.T.);
#32 = VERTEX_POINT('',#33);
#33 = CARTESIAN_POINT('',(29.269283294678,52.196804046631,
    3.707036375999E-02));
#34 = LINE('',#35,#36);
#35 = CARTESIAN_POINT('',(29.269283294678,52.196804046631,
    3.707036375999E-02));
#36 = VECTOR('',#37,1.);
#37 = DIRECTION('',(3.06126140607E-06,-0.999999999801,
    -1.970360901456E-05));
#38 = ORIENTED_EDGE('',*,*,#39,.T.);
#39 = EDGE_CURVE('',#32,#24,#40,.T.);
#40 = LINE('',#41,#42);
#41 = CARTESIAN_POINT('',(29.269283294678,52.196804046631,
    3.707036375999E-02));
#42 = VECTOR('',#43,1.);
#43 = DIRECTION('',(6.663472126194E-02,-0.997649509435,
    1.597717894914E-02));
#44 = PLANE('',#45);
#45 = AXIS2_PLACEMENT_3D('',#46,#47,#48);
#46 = CARTESIAN_POINT('',(29.387656252557,48.656324338217,
    6.541681347629E-02));
#47 = DIRECTION('',(0.233445201948,1.987383428203E-05,-0.972369959065));
#48 = DIRECTION('',(-0.972369959257,7.741309671943E-22,-0.233445201995)
  );
#49 = ADVANCED_FACE('',(#50),#243,.T.);
#50 = FACE_BOUND('',#51,.T.);
#51 = EDGE_LOOP('',(#52,#62,#70,#78,#86,#94,#102,#110,#118,#126,#132,
    #133,#141,#149,#157,#165,#173,#181,#189,#197,#205,#213,#221,#229,
    #237));
#52 = ORIENTED_EDGE('',*,*,#53,.T.);
#53 = EDGE_CURVE('',#54,#56,#58,.T.);
#54 = VERTEX_POINT('',#55);
#55 = CARTESIAN_POINT('',(27.519403457642,45.343147277832,5.236644268036
    ));
#56 = VERTEX_POINT('',#57);
#57 = CARTESIAN_POINT('',(27.317290137842,45.343147277832,5.000000476837
    ));
#58 = LINE('',#59,#60);
#59 = CARTESIAN_POINT('',(27.519403457642,45.343147277832,5.236644268036
    ));
#60 = VECTOR('',#61,1.);
#61 = DIRECTION('',(-0.649448844292,0.,-0.760405285784));
#62 = ORIENTED_EDGE('',*,*,#63,.F.);
#63 = EDGE_CURVE('',#64,#56,#66,.T.);
#64 = VERTEX_POINT('',#65);
#65 = CARTESIAN_POINT('',(10.092351913452,45.343147277832,5.000000476837
    ));
#66 = LINE('',#67,#68);
#67 = CARTESIAN_POINT('',(10.092351913452,45.343147277832,5.000000476837
    ));
#68 = VECTOR('',#69,1.);
#69 = DIRECTION('',(1.,0.,0.));
#70 = ORIENTED_EDGE('',*,*,#71,.F.);
#71 = EDGE_CURVE('',#72,#64,#74,.T.);
#72 = VERTEX_POINT('',#73);
#73 = CARTESIAN_POINT('',(10.092351913452,45.343147277832,4.000000476837
    ));
#74 = LINE('',#75,#76);
#75 = CARTESIAN_POINT('',(10.092351913452,45.343147277832,4.000000476837
    ));
#76 = VECTOR('',#77,1.);
#77 = DIRECTION('',(0.,0.,1.));
#78 = ORIENTED_EDGE('',*,*,#79,.T.);
#79 = EDGE_CURVE('',#72,#80,#82,.T.);
#80 = VERTEX_POINT('',#81);
#81 = CARTESIAN_POINT('',(10.092351913452,45.343147277832,0.));
#82 = LINE('',#83,#84);
#83 = CARTESIAN_POINT('',(10.092351913452,45.343147277832,4.000000476837
    ));
#84 = VECTOR('',#85,1.);
#85 = DIRECTION('',(0.,0.,-1.));
#86 = ORIENTED_EDGE('',*,*,#87,.F.);
#87 = EDGE_CURVE('',#88,#80,#90,.T.);
#88 = VERTEX_POINT('',#89);
#89 = CARTESIAN_POINT('',(13.314510977329,45.343147277832,0.));
#90 = LINE('',#91,#92);
#91 = CARTESIAN_POINT('',(14.314511299133,45.343147277832,0.));
#92 = VECTOR('',#93,1.);
#93 = DIRECTION('',(-1.,0.,0.));
#94 = ORIENTED_EDGE('',*,*,#95,.F.);
#95 = EDGE_CURVE('',#96,#88,#98,.T.);
#96 = VERTEX_POINT('',#97);
#97 = CARTESIAN_POINT('',(13.314510977329,45.343147277832,2.000000238419
    ));
#98 = LINE('',#99,#100);
#99 = CARTESIAN_POINT('',(13.314510977329,45.343147277832,2.000000238419
    ));
#100 = VECTOR('',#101,1.);
#101 = DIRECTION('',(-0.,-0.,-1.));
#102 = ORIENTED_EDGE('',*,*,#103,.F.);
#103 = EDGE_CURVE('',#104,#96,#106,.T.);
#104 = VERTEX_POINT('',#105);
#105 = CARTESIAN_POINT('',(20.314510977329,45.343147277832,
    2.000000238419));
#106 = LINE('',#107,#108);
#107 = CARTESIAN_POINT('',(20.314510977329,45.343147277832,
    2.000000238419));
#108 = VECTOR('',#109,1.);
#109 = DIRECTION('',(-1.,0.,0.));
#110 = ORIENTED_EDGE('',*,*,#111,.T.);
#111 = EDGE_CURVE('',#104,#112,#114,.T.);
#112 = VERTEX_POINT('',#113);
#113 = CARTESIAN_POINT('',(20.314510977329,45.343147277832,0.));
#114 = LINE('',#115,#116);
#115 = CARTESIAN_POINT('',(20.314510977329,45.343147277832,
    2.000000238419));
#116 = VECTOR('',#117,1.);
#117 = DIRECTION('',(-0.,-0.,-1.));
#118 = ORIENTED_EDGE('',*,*,#119,.T.);
#119 = EDGE_CURVE('',#112,#120,#122,.T.);
#120 = VERTEX_POINT('',#121);
#121 = CARTESIAN_POINT('',(28.799999237061,45.343147277832,0.));
#122 = LINE('',#123,#124);
#123 = CARTESIAN_POINT('',(19.314510345459,45.343147277832,0.));
#124 = VECTOR('',#125,1.);
#125 = DIRECTION('',(1.,0.,0.));
#126 = ORIENTED_EDGE('',*,*,#127,.T.);
#127 = EDGE_CURVE('',#120,#22,#128,.T.);
#128 = LINE('',#129,#130);
#129 = CARTESIAN_POINT('',(28.799999237061,45.343147277832,0.));
#130 = VECTOR('',#131,1.);
#131 = DIRECTION('',(0.996917298103,0.,7.845954844419E-02));
#132 = ORIENTED_EDGE('',*,*,#21,.T.);
#133 = ORIENTED_EDGE('',*,*,#134,.T.);
#134 = EDGE_CURVE('',#24,#135,#137,.T.);
#135 = VERTEX_POINT('',#136);
#136 = CARTESIAN_POINT('',(30.161972045898,45.343147277832,
    0.326980829239));
#137 = LINE('',#138,#139);
#138 = CARTESIAN_POINT('',(29.72705078125,45.343147277832,0.146830454469
    ));
#139 = VECTOR('',#140,1.);
#140 = DIRECTION('',(0.923879466129,0.,0.382683592627));
#141 = ORIENTED_EDGE('',*,*,#142,.T.);
#142 = EDGE_CURVE('',#135,#143,#145,.T.);
#143 = VERTEX_POINT('',#144);
#144 = CARTESIAN_POINT('',(30.563356399536,45.343147277832,
    0.572949647903));
#145 = LINE('',#146,#147);
#146 = CARTESIAN_POINT('',(30.161972045898,45.343147277832,
    0.326980829239));
#147 = VECTOR('',#148,1.);
#148 = DIRECTION('',(0.852640003087,0.,0.522498827881));
#149 = ORIENTED_EDGE('',*,*,#150,.T.);
#150 = EDGE_CURVE('',#143,#151,#153,.T.);
#151 = VERTEX_POINT('',#152);
#152 = CARTESIAN_POINT('',(30.921319961548,45.343147277832,
    0.878679573536));
#153 = LINE('',#154,#155);
#154 = CARTESIAN_POINT('',(30.563356399536,45.343147277832,
    0.572949647903));
#155 = VECTOR('',#156,1.);
#156 = DIRECTION('',(0.760405796474,0.,0.649448246352));
#157 = ORIENTED_EDGE('',*,*,#158,.T.);
#158 = EDGE_CURVE('',#151,#159,#161,.T.);
#159 = VERTEX_POINT('',#160);
#160 = CARTESIAN_POINT('',(31.22705078125,45.343147277832,1.236644625664
    ));
#161 = LINE('',#162,#163);
#162 = CARTESIAN_POINT('',(30.921319961548,45.343147277832,
    0.878679573536));
#163 = VECTOR('',#164,1.);
#164 = DIRECTION('',(0.649447781314,0.,0.760406193654));
#165 = ORIENTED_EDGE('',*,*,#166,.T.);
#166 = EDGE_CURVE('',#159,#167,#169,.T.);
#167 = VERTEX_POINT('',#168);
#168 = CARTESIAN_POINT('',(31.47301864624,45.343147277832,1.638028740883
    ));
#169 = LINE('',#170,#171);
#170 = CARTESIAN_POINT('',(31.22705078125,45.343147277832,1.236644625664
    ));
#171 = VECTOR('',#172,1.);
#172 = DIRECTION('',(0.522497580732,0.,0.85264076734));
#173 = ORIENTED_EDGE('',*,*,#174,.T.);
#174 = EDGE_CURVE('',#167,#175,#177,.T.);
#175 = VERTEX_POINT('',#176);
#176 = CARTESIAN_POINT('',(31.653169631958,45.343147277832,
    2.072948932648));
#177 = LINE('',#178,#179);
#178 = CARTESIAN_POINT('',(31.47301864624,45.343147277832,1.638028740883
    ));
#179 = VECTOR('',#180,1.);
#180 = DIRECTION('',(0.382685506145,0.,0.923878673521));
#181 = ORIENTED_EDGE('',*,*,#182,.T.);
#182 = EDGE_CURVE('',#175,#183,#185,.T.);
#183 = VERTEX_POINT('',#184);
#184 = CARTESIAN_POINT('',(31.763065338135,45.343147277832,
    2.530696868896));
#185 = LINE('',#186,#187);
#186 = CARTESIAN_POINT('',(31.653169631958,45.343147277832,
    2.072948932648));
#187 = VECTOR('',#188,1.);
#188 = DIRECTION('',(0.233445664467,0.,0.972369848227));
#189 = ORIENTED_EDGE('',*,*,#190,.T.);
#190 = EDGE_CURVE('',#183,#191,#193,.T.);
#191 = VERTEX_POINT('',#192);
#192 = CARTESIAN_POINT('',(31.800001144409,45.343147277832,
    3.000000476837));
#193 = LINE('',#194,#195);
#194 = CARTESIAN_POINT('',(31.763065338135,45.343147277832,
    2.530696868896));
#195 = VECTOR('',#196,1.);
#196 = DIRECTION('',(7.84608085433E-02,0.,0.99691719893));
#197 = ORIENTED_EDGE('',*,*,#198,.F.);
#198 = EDGE_CURVE('',#199,#191,#201,.T.);
#199 = VERTEX_POINT('',#200);
#200 = CARTESIAN_POINT('',(31.800001144409,45.343147277832,
    6.681545257568));
#201 = LINE('',#202,#203);
#202 = CARTESIAN_POINT('',(31.800001144409,45.343147277832,
    6.681545257568));
#203 = VECTOR('',#204,1.);
#204 = DIRECTION('',(0.,0.,-1.));
#205 = ORIENTED_EDGE('',*,*,#206,.T.);
#206 = EDGE_CURVE('',#199,#207,#209,.T.);
#207 = VERTEX_POINT('',#208);
#208 = CARTESIAN_POINT('',(28.075401306152,45.343147277832,
    6.681545257568));
#209 = LINE('',#210,#211);
#210 = CARTESIAN_POINT('',(31.800001144409,45.343147277832,
    6.681545257568));
#211 = VECTOR('',#212,1.);
#212 = DIRECTION('',(-1.,0.,0.));
#213 = ORIENTED_EDGE('',*,*,#214,.T.);
#214 = EDGE_CURVE('',#207,#215,#217,.T.);
#215 = VERTEX_POINT('',#216);
#216 = CARTESIAN_POINT('',(28.055416107178,45.343147277832,
    6.530696868896));
#217 = LINE('',#218,#219);
#218 = CARTESIAN_POINT('',(28.075401306152,45.343147277832,
    6.681545257568));
#219 = VECTOR('',#220,1.);
#220 = DIRECTION('',(-0.131337703242,0.,-0.991337686012));
#221 = ORIENTED_EDGE('',*,*,#222,.T.);
#222 = EDGE_CURVE('',#215,#223,#225,.T.);
#223 = VERTEX_POINT('',#224);
#224 = CARTESIAN_POINT('',(27.945520401001,45.343147277832,
    6.072948932648));
#225 = LINE('',#226,#227);
#226 = CARTESIAN_POINT('',(28.055416107178,45.343147277832,
    6.530696868896));
#227 = VECTOR('',#228,1.);
#228 = DIRECTION('',(-0.233445664467,0.,-0.972369848227));
#229 = ORIENTED_EDGE('',*,*,#230,.T.);
#230 = EDGE_CURVE('',#223,#231,#233,.T.);
#231 = VERTEX_POINT('',#232);
#232 = CARTESIAN_POINT('',(27.765371322632,45.343147277832,
    5.638029098511));
#233 = LINE('',#234,#235);
#234 = CARTESIAN_POINT('',(27.945520401001,45.343147277832,
    6.072948932648));
#235 = VECTOR('',#236,1.);
#236 = DIRECTION('',(-0.382682316407,0.,-0.923879994755));
#237 = ORIENTED_EDGE('',*,*,#238,.T.);
#238 = EDGE_CURVE('',#231,#54,#239,.T.);
#239 = LINE('',#240,#241);
#240 = CARTESIAN_POINT('',(27.765371322632,45.343147277832,
    5.638029098511));
#241 = VECTOR('',#242,1.);
#242 = DIRECTION('',(-0.522496903843,0.,-0.852641182136));
#243 = PLANE('',#244);
#244 = AXIS2_PLACEMENT_3D('',#245,#246,#247);
#245 = CARTESIAN_POINT('',(20.857107040858,45.343147277832,
    2.976202330681));
#246 = DIRECTION('',(-0.,-1.,-0.));
#247 = DIRECTION('',(0.,0.,-1.));
#248 = ADVANCED_FACE('',(#249),#266,.T.);
#249 = FACE_BOUND('',#250,.T.);
#250 = EDGE_LOOP('',(#251,#252,#260));
#251 = ORIENTED_EDGE('',*,*,#31,.T.);
#252 = ORIENTED_EDGE('',*,*,#253,.F.);
#253 = EDGE_CURVE('',#254,#22,#256,.T.);
#254 = VERTEX_POINT('',#255);
#255 = CARTESIAN_POINT('',(29.231475830078,52.042930603027,
    3.151968121529E-02));
#256 = LINE('',#257,#258);
#257 = CARTESIAN_POINT('',(29.231475830078,52.042930603027,
    3.151968121529E-02));
#258 = VECTOR('',#259,1.);
#259 = DIRECTION('',(5.646127385542E-03,-0.999983733802,
    8.083175853071E-04));
#260 = ORIENTED_EDGE('',*,*,#261,.F.);
#261 = EDGE_CURVE('',#32,#254,#262,.T.);
#262 = LINE('',#263,#264);
#263 = CARTESIAN_POINT('',(29.269283294678,52.196804046631,
    3.707036375999E-02));
#264 = VECTOR('',#265,1.);
#265 = DIRECTION('',(-0.238461714681,-0.970520652314,-3.500962815883E-02
    ));
#266 = PLANE('',#267);
#267 = AXIS2_PLACEMENT_3D('',#268,#269,#270);
#268 = CARTESIAN_POINT('',(29.259838500788,48.771116886576,
    3.561546892645E-02));
#269 = DIRECTION('',(0.145177894077,1.993928796363E-05,-0.989405568346)
  );
#270 = DIRECTION('',(-0.989405568543,-5.230856802381E-22,-0.145177894106
    ));
#271 = ADVANCED_FACE('',(#272),#289,.T.);
#272 = FACE_BOUND('',#273,.T.);
#273 = EDGE_LOOP('',(#274,#282,#283));
#274 = ORIENTED_EDGE('',*,*,#275,.T.);
#275 = EDGE_CURVE('',#276,#24,#278,.T.);
#276 = VERTEX_POINT('',#277);
#277 = CARTESIAN_POINT('',(29.279647827148,52.238986968994,
    3.859214484692E-02));
#278 = LINE('',#279,#280);
#279 = CARTESIAN_POINT('',(29.279647827148,52.238986968994,
    3.859214484692E-02));
#280 = VECTOR('',#281,1.);
#281 = DIRECTION('',(6.473606168501E-02,-0.997779517378,
    1.566132235857E-02));
#282 = ORIENTED_EDGE('',*,*,#39,.F.);
#283 = ORIENTED_EDGE('',*,*,#284,.F.);
#284 = EDGE_CURVE('',#276,#32,#285,.T.);
#285 = LINE('',#286,#287);
#286 = CARTESIAN_POINT('',(29.279647827148,52.238986968994,
    3.859214484692E-02));
#287 = VECTOR('',#288,1.);
#288 = DIRECTION('',(-0.238461263714,-0.970520667705,-3.501227306777E-02
    ));
#289 = PLANE('',#290);
#290 = AXIS2_PLACEMENT_3D('',#291,#292,#293);
#291 = CARTESIAN_POINT('',(29.500054461132,48.791360097692,
    9.216064592665E-02));
#292 = DIRECTION('',(0.16442130417,-4.814694182889E-03,-0.986378453462)
  );
#293 = DIRECTION('',(-0.986389886419,7.491300743739E-20,-0.164423209951)
  );
#294 = ADVANCED_FACE('',(#295),#320,.T.);
#295 = FACE_BOUND('',#296,.T.);
#296 = EDGE_LOOP('',(#297,#305,#313,#319));
#297 = ORIENTED_EDGE('',*,*,#298,.F.);
#298 = EDGE_CURVE('',#299,#54,#301,.T.);
#299 = VERTEX_POINT('',#300);
#300 = CARTESIAN_POINT('',(27.519403457642,61.775779724121,
    5.236644268036));
#301 = LINE('',#302,#303);
#302 = CARTESIAN_POINT('',(27.519403457642,61.775779724121,
    5.236644268036));
#303 = VECTOR('',#304,1.);
#304 = DIRECTION('',(0.,-1.,0.));
#305 = ORIENTED_EDGE('',*,*,#306,.F.);
#306 = EDGE_CURVE('',#307,#299,#309,.T.);
#307 = VERTEX_POINT('',#308);
#308 = CARTESIAN_POINT('',(27.317290137842,61.775779724121,
    5.000000476837));
#309 = LINE('',#310,#311);
#310 = CARTESIAN_POINT('',(27.213672637939,61.775779724121,
    4.878680229187));
#311 = VECTOR('',#312,1.);
#312 = DIRECTION('',(0.649448844292,0.,0.760405285784));
#313 = ORIENTED_EDGE('',*,*,#314,.F.);
#314 = EDGE_CURVE('',#56,#307,#315,.T.);
#315 = LINE('',#316,#317);
#316 = CARTESIAN_POINT('',(27.317290137842,53.559463500977,
    5.000000476837));
#317 = VECTOR('',#318,1.);
#318 = DIRECTION('',(0.,1.,0.));
#319 = ORIENTED_EDGE('',*,*,#53,.F.);
#320 = PLANE('',#321);
#321 = AXIS2_PLACEMENT_3D('',#322,#323,#324);
#322 = CARTESIAN_POINT('',(27.366538047791,53.559463500977,
    5.057662248611));
#323 = DIRECTION('',(-0.760405285784,0.,0.649448844292));
#324 = DIRECTION('',(-0.649448844292,0.,-0.760405285784));
#325 = ADVANCED_FACE('',(#326,#344),#355,.T.);
#326 = FACE_BOUND('',#327,.T.);
#327 = EDGE_LOOP('',(#328,#336,#337,#338));
#328 = ORIENTED_EDGE('',*,*,#329,.T.);
#329 = EDGE_CURVE('',#330,#64,#332,.T.);
#330 = VERTEX_POINT('',#331);
#331 = CARTESIAN_POINT('',(10.092351913452,61.775779724121,
    5.000000476837));
#332 = LINE('',#333,#334);
#333 = CARTESIAN_POINT('',(10.092351913452,61.775779724121,
    5.000000476837));
#334 = VECTOR('',#335,1.);
#335 = DIRECTION('',(0.,-1.,0.));
#336 = ORIENTED_EDGE('',*,*,#63,.T.);
#337 = ORIENTED_EDGE('',*,*,#314,.T.);
#338 = ORIENTED_EDGE('',*,*,#339,.T.);
#339 = EDGE_CURVE('',#307,#330,#340,.T.);
#340 = LINE('',#341,#342);
#341 = CARTESIAN_POINT('',(30.563356399536,61.775779724121,
    5.000000476837));
#342 = VECTOR('',#343,1.);
#343 = DIRECTION('',(-1.,0.,0.));
#344 = FACE_BOUND('',#345,.T.);
#345 = EDGE_LOOP('',(#346));
#346 = ORIENTED_EDGE('',*,*,#347,.T.);
#347 = EDGE_CURVE('',#348,#348,#350,.T.);
#348 = VERTEX_POINT('',#349);
#349 = CARTESIAN_POINT('',(20.564510977329,52.655038768789,
    5.000000476837));
#350 = CIRCLE('',#351,3.75);
#351 = AXIS2_PLACEMENT_3D('',#352,#353,#354);
#352 = CARTESIAN_POINT('',(16.814510977329,52.655038768789,
    5.000000476837));
#353 = DIRECTION('',(0.,0.,-1.));
#354 = DIRECTION('',(1.,0.,0.));
#355 = PLANE('',#356);
#356 = AXIS2_PLACEMENT_3D('',#357,#358,#359);
#357 = CARTESIAN_POINT('',(20.327854156494,53.559463500977,
    5.000000476837));
#358 = DIRECTION('',(0.,0.,1.));
#359 = DIRECTION('',(1.,0.,0.));
#360 = ADVANCED_FACE('',(#361),#379,.F.);
#361 = FACE_BOUND('',#362,.F.);
#362 = EDGE_LOOP('',(#363,#371,#372,#373));
#363 = ORIENTED_EDGE('',*,*,#364,.T.);
#364 = EDGE_CURVE('',#365,#330,#367,.T.);
#365 = VERTEX_POINT('',#366);
#366 = CARTESIAN_POINT('',(10.092351913452,61.775779724121,
    4.000000476837));
#367 = LINE('',#368,#369);
#368 = CARTESIAN_POINT('',(10.092351913452,61.775779724121,
    4.000000476837));
#369 = VECTOR('',#370,1.);
#370 = DIRECTION('',(0.,0.,1.));
#371 = ORIENTED_EDGE('',*,*,#329,.T.);
#372 = ORIENTED_EDGE('',*,*,#71,.F.);
#373 = ORIENTED_EDGE('',*,*,#374,.F.);
#374 = EDGE_CURVE('',#365,#72,#375,.T.);
#375 = LINE('',#376,#377);
#376 = CARTESIAN_POINT('',(10.092351913452,61.775779724121,
    4.000000476837));
#377 = VECTOR('',#378,1.);
#378 = DIRECTION('',(0.,-1.,0.));
#379 = PLANE('',#380);
#380 = AXIS2_PLACEMENT_3D('',#381,#382,#383);
#381 = CARTESIAN_POINT('',(10.092351913452,61.775779724121,
    4.000000476837));
#382 = DIRECTION('',(1.,0.,0.));
#383 = DIRECTION('',(0.,-1.,0.));
#384 = ADVANCED_FACE('',(#385),#410,.T.);
#385 = FACE_BOUND('',#386,.T.);
#386 = EDGE_LOOP('',(#387,#397,#403,#404));
#387 = ORIENTED_EDGE('',*,*,#388,.F.);
#388 = EDGE_CURVE('',#389,#391,#393,.T.);
#389 = VERTEX_POINT('',#390);
#390 = CARTESIAN_POINT('',(9.153743743896,45.417015075684,0.));
#391 = VERTEX_POINT('',#392);
#392 = CARTESIAN_POINT('',(9.153743743896,45.417015075684,4.000000476837
    ));
#393 = LINE('',#394,#395);
#394 = CARTESIAN_POINT('',(9.153743743896,45.417015075684,0.));
#395 = VECTOR('',#396,1.);
#396 = DIRECTION('',(0.,0.,1.));
#397 = ORIENTED_EDGE('',*,*,#398,.F.);
#398 = EDGE_CURVE('',#80,#389,#399,.T.);
#399 = LINE('',#400,#401);
#400 = CARTESIAN_POINT('',(10.092351913452,45.343147277832,0.));
#401 = VECTOR('',#402,1.);
#402 = DIRECTION('',(-0.996917522075,7.845670257718E-02,0.));
#403 = ORIENTED_EDGE('',*,*,#79,.F.);
#404 = ORIENTED_EDGE('',*,*,#405,.F.);
#405 = EDGE_CURVE('',#391,#72,#406,.T.);
#406 = LINE('',#407,#408);
#407 = CARTESIAN_POINT('',(9.153743743896,45.417015075684,4.000000476837
    ));
#408 = VECTOR('',#409,1.);
#409 = DIRECTION('',(0.996917522075,-7.845670257718E-02,0.));
#410 = PLANE('',#411);
#411 = AXIS2_PLACEMENT_3D('',#412,#413,#414);
#412 = CARTESIAN_POINT('',(9.623047828674,45.380081176758,2.000000238419
    ));
#413 = DIRECTION('',(-7.845670257718E-02,-0.996917522075,-0.));
#414 = DIRECTION('',(-0.996917522075,7.845670257718E-02,0.));
#415 = ADVANCED_FACE('',(#416),#770,.T.);
#416 = FACE_BOUND('',#417,.T.);
#417 = EDGE_LOOP('',(#418,#428,#436,#444,#452,#460,#468,#476,#484,#492,
    #500,#508,#516,#524,#532,#540,#548,#556,#564,#572,#580,#588,#594,
    #595,#596,#604,#612,#620,#628,#636,#644,#652,#660,#668,#676,#684,
    #692,#700,#708,#716,#724,#732,#740,#748,#756,#764));
#418 = ORIENTED_EDGE('',*,*,#419,.T.);
#419 = EDGE_CURVE('',#420,#422,#424,.T.);
#420 = VERTEX_POINT('',#421);
#421 = CARTESIAN_POINT('',(13.314510977329,55.15503692627,0.));
#422 = VERTEX_POINT('',#423);
#423 = CARTESIAN_POINT('',(6.814510822296,55.15503692627,0.));
#424 = LINE('',#425,#426);
#425 = CARTESIAN_POINT('',(14.314511299133,55.15503692627,0.));
#426 = VECTOR('',#427,1.);
#427 = DIRECTION('',(-1.,0.,0.));
#428 = ORIENTED_EDGE('',*,*,#429,.T.);
#429 = EDGE_CURVE('',#422,#430,#432,.T.);
#430 = VERTEX_POINT('',#431);
#431 = CARTESIAN_POINT('',(6.403024196625,55.120941162109,0.));
#432 = LINE('',#433,#434);
#433 = CARTESIAN_POINT('',(6.814510822296,55.15503692627,0.));
#434 = VECTOR('',#435,1.);
#435 = DIRECTION('',(-0.99658469028,-8.257696470683E-02,0.));
#436 = ORIENTED_EDGE('',*,*,#437,.T.);
#437 = EDGE_CURVE('',#430,#438,#440,.T.);
#438 = VERTEX_POINT('',#439);
#439 = CARTESIAN_POINT('',(6.002762317657,55.019584655762,0.));
#440 = LINE('',#441,#442);
#441 = CARTESIAN_POINT('',(6.403024196625,55.120941162109,0.));
#442 = VECTOR('',#443,1.);
#443 = DIRECTION('',(-0.969402321926,-0.24547736809,0.));
#444 = ORIENTED_EDGE('',*,*,#445,.T.);
#445 = EDGE_CURVE('',#438,#446,#448,.T.);
#446 = VERTEX_POINT('',#447);
#447 = CARTESIAN_POINT('',(5.624641895294,54.853721618652,0.));
#448 = LINE('',#449,#450);
#449 = CARTESIAN_POINT('',(6.002762317657,55.019584655762,0.));
#450 = VECTOR('',#451,1.);
#451 = DIRECTION('',(-0.915769725427,-0.401703634527,0.));
#452 = ORIENTED_EDGE('',*,*,#453,.T.);
#453 = EDGE_CURVE('',#446,#454,#456,.T.);
#454 = VERTEX_POINT('',#455);
#455 = CARTESIAN_POINT('',(5.278978824615,54.627891540527,0.));
#456 = LINE('',#457,#458);
#457 = CARTESIAN_POINT('',(5.624641895294,54.853721618652,0.));
#458 = VECTOR('',#459,1.);
#459 = DIRECTION('',(-0.837169668906,-0.546943274448,0.));
#460 = ORIENTED_EDGE('',*,*,#461,.T.);
#461 = EDGE_CURVE('',#454,#462,#464,.T.);
#462 = VERTEX_POINT('',#463);
#463 = CARTESIAN_POINT('',(4.975201129913,54.348239898682,0.));
#464 = LINE('',#465,#466);
#465 = CARTESIAN_POINT('',(5.278978824615,54.627891540527,0.));
#466 = VECTOR('',#467,1.);
#467 = DIRECTION('',(-0.735718390899,-0.67728756765,0.));
#468 = ORIENTED_EDGE('',*,*,#469,.T.);
#469 = EDGE_CURVE('',#462,#470,#472,.T.);
#470 = VERTEX_POINT('',#471);
#471 = CARTESIAN_POINT('',(4.721594333649,54.022407531738,0.));
#472 = LINE('',#473,#474);
#473 = CARTESIAN_POINT('',(4.975201129913,54.348239898682,0.));
#474 = VECTOR('',#475,1.);
#475 = DIRECTION('',(-0.614214651458,-0.789139000388,0.));
#476 = ORIENTED_EDGE('',*,*,#477,.T.);
#477 = EDGE_CURVE('',#470,#478,#480,.T.);
#478 = VERTEX_POINT('',#479);
#479 = CARTESIAN_POINT('',(4.525077342987,53.659278869629,0.));
#480 = LINE('',#481,#482);
#481 = CARTESIAN_POINT('',(4.721594333649,54.022407531738,0.));
#482 = VECTOR('',#483,1.);
#483 = DIRECTION('',(-0.475950364172,-0.879472143302,0.));
#484 = ORIENTED_EDGE('',*,*,#485,.T.);
#485 = EDGE_CURVE('',#478,#486,#488,.T.);
#486 = VERTEX_POINT('',#487);
#487 = CARTESIAN_POINT('',(4.391010284424,53.268753051758,0.));
#488 = LINE('',#489,#490);
#489 = CARTESIAN_POINT('',(4.525077342987,53.659278869629,0.));
#490 = VECTOR('',#491,1.);
#491 = DIRECTION('',(-0.324698117151,-0.94581770586,0.));
#492 = ORIENTED_EDGE('',*,*,#493,.T.);
#493 = EDGE_CURVE('',#486,#494,#496,.T.);
#494 = VERTEX_POINT('',#495);
#495 = CARTESIAN_POINT('',(4.323049545288,52.861488342285,0.));
#496 = LINE('',#497,#498);
#497 = CARTESIAN_POINT('',(4.391010284424,53.268753051758,0.));
#498 = VECTOR('',#499,1.);
#499 = DIRECTION('',(-0.164595247804,-0.986361193681,0.));
#500 = ORIENTED_EDGE('',*,*,#501,.T.);
#501 = EDGE_CURVE('',#494,#502,#504,.T.);
#502 = VERTEX_POINT('',#503);
#503 = CARTESIAN_POINT('',(4.323049545288,52.448589324951,0.));
#504 = LINE('',#505,#506);
#505 = CARTESIAN_POINT('',(4.323049545288,52.861488342285,0.));
#506 = VECTOR('',#507,1.);
#507 = DIRECTION('',(0.,-1.,0.));
#508 = ORIENTED_EDGE('',*,*,#509,.T.);
#509 = EDGE_CURVE('',#502,#510,#512,.T.);
#510 = VERTEX_POINT('',#511);
#511 = CARTESIAN_POINT('',(4.391010284424,52.041324615479,0.));
#512 = LINE('',#513,#514);
#513 = CARTESIAN_POINT('',(4.323049545288,52.448589324951,0.));
#514 = VECTOR('',#515,1.);
#515 = DIRECTION('',(0.164595247804,-0.986361193681,0.));
#516 = ORIENTED_EDGE('',*,*,#517,.T.);
#517 = EDGE_CURVE('',#510,#518,#520,.T.);
#518 = VERTEX_POINT('',#519);
#519 = CARTESIAN_POINT('',(4.525077342987,51.650798797607,0.));
#520 = LINE('',#521,#522);
#521 = CARTESIAN_POINT('',(4.391010284424,52.041324615479,0.));
#522 = VECTOR('',#523,1.);
#523 = DIRECTION('',(0.324698117151,-0.94581770586,0.));
#524 = ORIENTED_EDGE('',*,*,#525,.T.);
#525 = EDGE_CURVE('',#518,#526,#528,.T.);
#526 = VERTEX_POINT('',#527);
#527 = CARTESIAN_POINT('',(4.721594333649,51.287670135498,0.));
#528 = LINE('',#529,#530);
#529 = CARTESIAN_POINT('',(4.525077342987,51.650798797607,0.));
#530 = VECTOR('',#531,1.);
#531 = DIRECTION('',(0.475950364172,-0.879472143302,0.));
#532 = ORIENTED_EDGE('',*,*,#533,.T.);
#533 = EDGE_CURVE('',#526,#534,#536,.T.);
#534 = VERTEX_POINT('',#535);
#535 = CARTESIAN_POINT('',(4.975201129913,50.961837768555,0.));
#536 = LINE('',#537,#538);
#537 = CARTESIAN_POINT('',(4.721594333649,51.287670135498,0.));
#538 = VECTOR('',#539,1.);
#539 = DIRECTION('',(0.614214651458,-0.789139000388,0.));
#540 = ORIENTED_EDGE('',*,*,#541,.T.);
#541 = EDGE_CURVE('',#534,#542,#544,.T.);
#542 = VERTEX_POINT('',#543);
#543 = CARTESIAN_POINT('',(5.278978824615,50.682186126709,0.));
#544 = LINE('',#545,#546);
#545 = CARTESIAN_POINT('',(4.975201129913,50.961837768555,0.));
#546 = VECTOR('',#547,1.);
#547 = DIRECTION('',(0.735718390899,-0.67728756765,0.));
#548 = ORIENTED_EDGE('',*,*,#549,.T.);
#549 = EDGE_CURVE('',#542,#550,#552,.T.);
#550 = VERTEX_POINT('',#551);
#551 = CARTESIAN_POINT('',(5.624641895294,50.456356048584,0.));
#552 = LINE('',#553,#554);
#553 = CARTESIAN_POINT('',(5.278978824615,50.682186126709,0.));
#554 = VECTOR('',#555,1.);
#555 = DIRECTION('',(0.837169668906,-0.546943274448,0.));
#556 = ORIENTED_EDGE('',*,*,#557,.T.);
#557 = EDGE_CURVE('',#550,#558,#560,.T.);
#558 = VERTEX_POINT('',#559);
#559 = CARTESIAN_POINT('',(6.002762317657,50.290496826172,0.));
#560 = LINE('',#561,#562);
#561 = CARTESIAN_POINT('',(5.624641895294,50.456356048584,0.));
#562 = VECTOR('',#563,1.);
#563 = DIRECTION('',(0.915773124071,-0.401695886498,0.));
#564 = ORIENTED_EDGE('',*,*,#565,.T.);
#565 = EDGE_CURVE('',#558,#566,#568,.T.);
#566 = VERTEX_POINT('',#567);
#567 = CARTESIAN_POINT('',(6.403024196625,50.189136505127,0.));
#568 = LINE('',#569,#570);
#569 = CARTESIAN_POINT('',(6.002762317657,50.290496826172,0.));
#570 = VECTOR('',#571,1.);
#571 = DIRECTION('',(0.969400123347,-0.245486050225,0.));
#572 = ORIENTED_EDGE('',*,*,#573,.T.);
#573 = EDGE_CURVE('',#566,#574,#576,.T.);
#574 = VERTEX_POINT('',#575);
#575 = CARTESIAN_POINT('',(6.814510822296,50.155040740967,0.));
#576 = LINE('',#577,#578);
#577 = CARTESIAN_POINT('',(6.403024196625,50.189136505127,0.));
#578 = VECTOR('',#579,1.);
#579 = DIRECTION('',(0.99658469028,-8.257696470683E-02,0.));
#580 = ORIENTED_EDGE('',*,*,#581,.T.);
#581 = EDGE_CURVE('',#574,#582,#584,.T.);
#582 = VERTEX_POINT('',#583);
#583 = CARTESIAN_POINT('',(13.314510977329,50.155040740967,0.));
#584 = LINE('',#585,#586);
#585 = CARTESIAN_POINT('',(6.814510822296,50.155040740967,0.));
#586 = VECTOR('',#587,1.);
#587 = DIRECTION('',(1.,0.,0.));
#588 = ORIENTED_EDGE('',*,*,#589,.T.);
#589 = EDGE_CURVE('',#582,#88,#590,.T.);
#590 = LINE('',#591,#592);
#591 = CARTESIAN_POINT('',(13.314510977329,49.329008400067,0.));
#592 = VECTOR('',#593,1.);
#593 = DIRECTION('',(0.,-1.,0.));
#594 = ORIENTED_EDGE('',*,*,#87,.T.);
#595 = ORIENTED_EDGE('',*,*,#398,.T.);
#596 = ORIENTED_EDGE('',*,*,#597,.T.);
#597 = EDGE_CURVE('',#389,#598,#600,.T.);
#598 = VERTEX_POINT('',#599);
#599 = CARTESIAN_POINT('',(8.238249778748,45.636806488037,0.));
#600 = LINE('',#601,#602);
#601 = CARTESIAN_POINT('',(9.153743743896,45.417015075684,0.));
#602 = VECTOR('',#603,1.);
#603 = DIRECTION('',(-0.972369737825,0.233446124324,0.));
#604 = ORIENTED_EDGE('',*,*,#605,.T.);
#605 = EDGE_CURVE('',#598,#606,#608,.T.);
#606 = VERTEX_POINT('',#607);
#607 = CARTESIAN_POINT('',(7.368408203125,45.997104644775,0.));
#608 = LINE('',#609,#610);
#609 = CARTESIAN_POINT('',(8.238249778748,45.636806488037,0.));
#610 = VECTOR('',#611,1.);
#611 = DIRECTION('',(-0.923880291431,0.382681600165,0.));
#612 = ORIENTED_EDGE('',*,*,#613,.T.);
#613 = EDGE_CURVE('',#606,#614,#616,.T.);
#614 = VERTEX_POINT('',#615);
#615 = CARTESIAN_POINT('',(6.565639972687,46.489044189453,0.));
#616 = LINE('',#617,#618);
#617 = CARTESIAN_POINT('',(7.368408203125,45.997104644775,0.));
#618 = VECTOR('',#619,1.);
#619 = DIRECTION('',(-0.8526389623,0.522500526285,0.));
#620 = ORIENTED_EDGE('',*,*,#621,.T.);
#621 = EDGE_CURVE('',#614,#622,#624,.T.);
#622 = VERTEX_POINT('',#623);
#623 = CARTESIAN_POINT('',(5.849710464478,47.100505828857,0.));
#624 = LINE('',#625,#626);
#625 = CARTESIAN_POINT('',(6.565639972687,46.489044189453,0.));
#626 = VECTOR('',#627,1.);
#627 = DIRECTION('',(-0.760405926633,0.649448093954,0.));
#628 = ORIENTED_EDGE('',*,*,#629,.T.);
#629 = EDGE_CURVE('',#622,#630,#632,.T.);
#630 = VERTEX_POINT('',#631);
#631 = CARTESIAN_POINT('',(5.23824930191,47.816432952881,0.));
#632 = LINE('',#633,#634);
#633 = CARTESIAN_POINT('',(5.849710464478,47.100505828857,0.));
#634 = VECTOR('',#635,1.);
#635 = DIRECTION('',(-0.649449051674,0.760405108662,0.));
#636 = ORIENTED_EDGE('',*,*,#637,.T.);
#637 = EDGE_CURVE('',#630,#638,#640,.T.);
#638 = VERTEX_POINT('',#639);
#639 = CARTESIAN_POINT('',(4.746312141418,48.619201660156,0.));
#640 = LINE('',#641,#642);
#641 = CARTESIAN_POINT('',(5.23824930191,47.816432952881,0.));
#642 = VECTOR('',#643,1.);
#643 = DIRECTION('',(-0.522498459686,0.852640228716,0.));
#644 = ORIENTED_EDGE('',*,*,#645,.T.);
#645 = EDGE_CURVE('',#638,#646,#648,.T.);
#646 = VERTEX_POINT('',#647);
#647 = CARTESIAN_POINT('',(4.386012077332,49.489044189453,0.));
#648 = LINE('',#649,#650);
#649 = CARTESIAN_POINT('',(4.746312141418,48.619201660156,0.));
#650 = VECTOR('',#651,1.);
#651 = DIRECTION('',(-0.38268297121,0.923879723528,0.));
#652 = ORIENTED_EDGE('',*,*,#653,.T.);
#653 = EDGE_CURVE('',#646,#654,#656,.T.);
#654 = VERTEX_POINT('',#655);
#655 = CARTESIAN_POINT('',(4.166221141815,50.404541015625,0.));
#656 = LINE('',#657,#658);
#657 = CARTESIAN_POINT('',(4.386012077332,49.489044189453,0.));
#658 = VECTOR('',#659,1.);
#659 = DIRECTION('',(-0.23344495568,0.972370018392,0.));
#660 = ORIENTED_EDGE('',*,*,#661,.T.);
#661 = EDGE_CURVE('',#654,#662,#664,.T.);
#662 = VERTEX_POINT('',#663);
#663 = CARTESIAN_POINT('',(4.092351436615,51.343147277832,0.));
#664 = LINE('',#665,#666);
#665 = CARTESIAN_POINT('',(4.166221141815,50.404541015625,0.));
#666 = VECTOR('',#667,1.);
#667 = DIRECTION('',(-7.845887440106E-02,0.996917351152,0.));
#668 = ORIENTED_EDGE('',*,*,#669,.T.);
#669 = EDGE_CURVE('',#662,#670,#672,.T.);
#670 = VERTEX_POINT('',#671);
#671 = CARTESIAN_POINT('',(4.092351436615,55.775779724121,0.));
#672 = LINE('',#673,#674);
#673 = CARTESIAN_POINT('',(4.092351436615,51.343147277832,0.));
#674 = VECTOR('',#675,1.);
#675 = DIRECTION('',(0.,1.,0.));
#676 = ORIENTED_EDGE('',*,*,#677,.T.);
#677 = EDGE_CURVE('',#670,#678,#680,.T.);
#678 = VERTEX_POINT('',#679);
#679 = CARTESIAN_POINT('',(4.166221141815,56.714389801025,0.));
#680 = LINE('',#681,#682);
#681 = CARTESIAN_POINT('',(4.092351436615,55.775779724121,0.));
#682 = VECTOR('',#683,1.);
#683 = DIRECTION('',(7.845855749156E-02,0.996917376093,0.));
#684 = ORIENTED_EDGE('',*,*,#685,.T.);
#685 = EDGE_CURVE('',#678,#686,#688,.T.);
#686 = VERTEX_POINT('',#687);
#687 = CARTESIAN_POINT('',(4.386012077332,57.6298828125,0.));
#688 = LINE('',#689,#690);
#689 = CARTESIAN_POINT('',(4.166221141815,56.714389801025,0.));
#690 = VECTOR('',#691,1.);
#691 = DIRECTION('',(0.233445875393,0.972369797588,0.));
#692 = ORIENTED_EDGE('',*,*,#693,.T.);
#693 = EDGE_CURVE('',#686,#694,#696,.T.);
#694 = VERTEX_POINT('',#695);
#695 = CARTESIAN_POINT('',(4.746312141418,58.499725341797,0.));
#696 = LINE('',#697,#698);
#697 = CARTESIAN_POINT('',(4.386012077332,57.6298828125,0.));
#698 = VECTOR('',#699,1.);
#699 = DIRECTION('',(0.38268297121,0.923879723528,0.));
#700 = ORIENTED_EDGE('',*,*,#701,.T.);
#701 = EDGE_CURVE('',#694,#702,#704,.T.);
#702 = VERTEX_POINT('',#703);
#703 = CARTESIAN_POINT('',(5.23824930191,59.302494049072,0.));
#704 = LINE('',#705,#706);
#705 = CARTESIAN_POINT('',(4.746312141418,58.499725341797,0.));
#706 = VECTOR('',#707,1.);
#707 = DIRECTION('',(0.522498459686,0.852640228716,0.));
#708 = ORIENTED_EDGE('',*,*,#709,.T.);
#709 = EDGE_CURVE('',#702,#710,#712,.T.);
#710 = VERTEX_POINT('',#711);
#711 = CARTESIAN_POINT('',(5.849710464478,60.018424987793,0.));
#712 = LINE('',#713,#714);
#713 = CARTESIAN_POINT('',(5.23824930191,59.302494049072,0.));
#714 = VECTOR('',#715,1.);
#715 = DIRECTION('',(0.649447050773,0.760406817593,0.));
#716 = ORIENTED_EDGE('',*,*,#717,.T.);
#717 = EDGE_CURVE('',#710,#718,#720,.T.);
#718 = VERTEX_POINT('',#719);
#719 = CARTESIAN_POINT('',(6.565639972687,60.6298828125,0.));
#720 = LINE('',#721,#722);
#721 = CARTESIAN_POINT('',(5.849710464478,60.018424987793,0.));
#722 = VECTOR('',#723,1.);
#723 = DIRECTION('',(0.760407927534,0.649445751193,0.));
#724 = ORIENTED_EDGE('',*,*,#725,.T.);
#725 = EDGE_CURVE('',#718,#726,#728,.T.);
#726 = VERTEX_POINT('',#727);
#727 = CARTESIAN_POINT('',(7.368408203125,61.121822357178,0.));
#728 = LINE('',#729,#730);
#729 = CARTESIAN_POINT('',(6.565639972687,60.6298828125,0.));
#730 = VECTOR('',#731,1.);
#731 = DIRECTION('',(0.8526389623,0.522500526285,0.));
#732 = ORIENTED_EDGE('',*,*,#733,.T.);
#733 = EDGE_CURVE('',#726,#734,#736,.T.);
#734 = VERTEX_POINT('',#735);
#735 = CARTESIAN_POINT('',(8.238249778748,61.482120513916,0.));
#736 = LINE('',#737,#738);
#737 = CARTESIAN_POINT('',(7.368408203125,61.121822357178,0.));
#738 = VECTOR('',#739,1.);
#739 = DIRECTION('',(0.923880291431,0.382681600165,0.));
#740 = ORIENTED_EDGE('',*,*,#741,.T.);
#741 = EDGE_CURVE('',#734,#742,#744,.T.);
#742 = VERTEX_POINT('',#743);
#743 = CARTESIAN_POINT('',(9.153743743896,61.70191192627,0.));
#744 = LINE('',#745,#746);
#745 = CARTESIAN_POINT('',(8.238249778748,61.482120513916,0.));
#746 = VECTOR('',#747,1.);
#747 = DIRECTION('',(0.972369737825,0.233446124324,0.));
#748 = ORIENTED_EDGE('',*,*,#749,.T.);
#749 = EDGE_CURVE('',#742,#750,#752,.T.);
#750 = VERTEX_POINT('',#751);
#751 = CARTESIAN_POINT('',(10.092351913452,61.775779724121,0.));
#752 = LINE('',#753,#754);
#753 = CARTESIAN_POINT('',(9.153743743896,61.70191192627,0.));
#754 = VECTOR('',#755,1.);
#755 = DIRECTION('',(0.996917522075,7.845670257718E-02,0.));
#756 = ORIENTED_EDGE('',*,*,#757,.T.);
#757 = EDGE_CURVE('',#750,#758,#760,.T.);
#758 = VERTEX_POINT('',#759);
#759 = CARTESIAN_POINT('',(13.314510977329,61.775779724121,0.));
#760 = LINE('',#761,#762);
#761 = CARTESIAN_POINT('',(10.092351913452,61.775779724121,0.));
#762 = VECTOR('',#763,1.);
#763 = DIRECTION('',(1.,0.,0.));
#764 = ORIENTED_EDGE('',*,*,#765,.T.);
#765 = EDGE_CURVE('',#758,#420,#766,.T.);
#766 = LINE('',#767,#768);
#767 = CARTESIAN_POINT('',(13.314510977329,49.329008400067,0.));
#768 = VECTOR('',#769,1.);
#769 = DIRECTION('',(0.,-1.,0.));
#770 = PLANE('',#771);
#771 = AXIS2_PLACEMENT_3D('',#772,#773,#774);
#772 = CARTESIAN_POINT('',(9.132031822642,53.314869522302,0.));
#773 = DIRECTION('',(-0.,-0.,-1.));
#774 = DIRECTION('',(-1.,0.,0.));
#775 = ADVANCED_FACE('',(#776),#794,.T.);
#776 = FACE_BOUND('',#777,.T.);
#777 = EDGE_LOOP('',(#778,#786,#787,#788));
#778 = ORIENTED_EDGE('',*,*,#779,.F.);
#779 = EDGE_CURVE('',#96,#780,#782,.T.);
#780 = VERTEX_POINT('',#781);
#781 = CARTESIAN_POINT('',(13.314510977329,50.155040740967,
    2.000000238419));
#782 = LINE('',#783,#784);
#783 = CARTESIAN_POINT('',(13.314510977329,45.343147277832,
    2.000000238419));
#784 = VECTOR('',#785,1.);
#785 = DIRECTION('',(0.,1.,0.));
#786 = ORIENTED_EDGE('',*,*,#95,.T.);
#787 = ORIENTED_EDGE('',*,*,#589,.F.);
#788 = ORIENTED_EDGE('',*,*,#789,.F.);
#789 = EDGE_CURVE('',#780,#582,#790,.T.);
#790 = LINE('',#791,#792);
#791 = CARTESIAN_POINT('',(13.314510977329,50.155040740967,
    1.500000178814));
#792 = VECTOR('',#793,1.);
#793 = DIRECTION('',(0.,0.,-1.));
#794 = PLANE('',#795);
#795 = AXIS2_PLACEMENT_3D('',#796,#797,#798);
#796 = CARTESIAN_POINT('',(13.314510977329,45.343147277832,
    2.000000238419));
#797 = DIRECTION('',(1.,0.,0.));
#798 = DIRECTION('',(0.,1.,0.));
#799 = ADVANCED_FACE('',(#800,#1170),#1289,.T.);
#800 = FACE_BOUND('',#801,.T.);
#801 = EDGE_LOOP('',(#802,#812,#820,#828,#836,#844,#852,#860,#868,#876,
    #884,#892,#900,#908,#916,#924,#932,#940,#948,#956,#964,#972,#980,
    #988,#996,#1004,#1012,#1018,#1019,#1020,#1028,#1036,#1044,#1052,
    #1060,#1068,#1076,#1084,#1092,#1100,#1108,#1116,#1124,#1132,#1140,
    #1148,#1156,#1164));
#802 = ORIENTED_EDGE('',*,*,#803,.T.);
#803 = EDGE_CURVE('',#804,#806,#808,.T.);
#804 = VERTEX_POINT('',#805);
#805 = CARTESIAN_POINT('',(6.403024196625,55.120941162109,2.000000238419
    ));
#806 = VERTEX_POINT('',#807);
#807 = CARTESIAN_POINT('',(6.814510822296,55.15503692627,2.000000238419)
  );
#808 = LINE('',#809,#810);
#809 = CARTESIAN_POINT('',(6.403024196625,55.120941162109,2.000000238419
    ));
#810 = VECTOR('',#811,1.);
#811 = DIRECTION('',(0.99658469028,8.257696470683E-02,0.));
#812 = ORIENTED_EDGE('',*,*,#813,.T.);
#813 = EDGE_CURVE('',#806,#814,#816,.T.);
#814 = VERTEX_POINT('',#815);
#815 = CARTESIAN_POINT('',(13.314510977329,55.15503692627,2.000000238419
    ));
#816 = LINE('',#817,#818);
#817 = CARTESIAN_POINT('',(6.814510822296,55.15503692627,2.000000238419)
  );
#818 = VECTOR('',#819,1.);
#819 = DIRECTION('',(1.,0.,0.));
#820 = ORIENTED_EDGE('',*,*,#821,.T.);
#821 = EDGE_CURVE('',#814,#822,#824,.T.);
#822 = VERTEX_POINT('',#823);
#823 = CARTESIAN_POINT('',(13.314510977329,61.775779724121,
    2.000000238419));
#824 = LINE('',#825,#826);
#825 = CARTESIAN_POINT('',(13.314510977329,45.343147277832,
    2.000000238419));
#826 = VECTOR('',#827,1.);
#827 = DIRECTION('',(0.,1.,0.));
#828 = ORIENTED_EDGE('',*,*,#829,.T.);
#829 = EDGE_CURVE('',#822,#830,#832,.T.);
#830 = VERTEX_POINT('',#831);
#831 = CARTESIAN_POINT('',(20.314510977329,61.775779724121,
    2.000000238419));
#832 = LINE('',#833,#834);
#833 = CARTESIAN_POINT('',(13.314510977329,61.775779724121,
    2.000000238419));
#834 = VECTOR('',#835,1.);
#835 = DIRECTION('',(1.,0.,0.));
#836 = ORIENTED_EDGE('',*,*,#837,.T.);
#837 = EDGE_CURVE('',#830,#838,#840,.T.);
#838 = VERTEX_POINT('',#839);
#839 = CARTESIAN_POINT('',(20.314510977329,55.15503692627,2.000000238419
    ));
#840 = LINE('',#841,#842);
#841 = CARTESIAN_POINT('',(20.314510977329,61.775779724121,
    2.000000238419));
#842 = VECTOR('',#843,1.);
#843 = DIRECTION('',(0.,-1.,0.));
#844 = ORIENTED_EDGE('',*,*,#845,.T.);
#845 = EDGE_CURVE('',#838,#846,#848,.T.);
#846 = VERTEX_POINT('',#847);
#847 = CARTESIAN_POINT('',(26.814510345459,55.15503692627,2.000000238419
    ));
#848 = LINE('',#849,#850);
#849 = CARTESIAN_POINT('',(19.314510345459,55.15503692627,2.000000238419
    ));
#850 = VECTOR('',#851,1.);
#851 = DIRECTION('',(1.,0.,0.));
#852 = ORIENTED_EDGE('',*,*,#853,.T.);
#853 = EDGE_CURVE('',#846,#854,#856,.T.);
#854 = VERTEX_POINT('',#855);
#855 = CARTESIAN_POINT('',(27.225997924805,55.120941162109,
    2.000000238419));
#856 = LINE('',#857,#858);
#857 = CARTESIAN_POINT('',(26.814510345459,55.15503692627,2.000000238419
    ));
#858 = VECTOR('',#859,1.);
#859 = DIRECTION('',(0.996584706029,-8.257677462933E-02,0.));
#860 = ORIENTED_EDGE('',*,*,#861,.T.);
#861 = EDGE_CURVE('',#854,#862,#864,.T.);
#862 = VERTEX_POINT('',#863);
#863 = CARTESIAN_POINT('',(27.626258850098,55.019584655762,
    2.000000238419));
#864 = LINE('',#865,#866);
#865 = CARTESIAN_POINT('',(27.225997924805,55.120941162109,
    2.000000238419));
#866 = VECTOR('',#867,1.);
#867 = DIRECTION('',(0.969402182744,-0.245477917728,0.));
#868 = ORIENTED_EDGE('',*,*,#869,.T.);
#869 = EDGE_CURVE('',#862,#870,#872,.T.);
#870 = VERTEX_POINT('',#871);
#871 = CARTESIAN_POINT('',(28.004379272461,54.853721618652,
    2.000000238419));
#872 = LINE('',#873,#874);
#873 = CARTESIAN_POINT('',(27.626258850098,55.019584655762,
    2.000000238419));
#874 = VECTOR('',#875,1.);
#875 = DIRECTION('',(0.915769725427,-0.401703634527,0.));
#876 = ORIENTED_EDGE('',*,*,#877,.T.);
#877 = EDGE_CURVE('',#870,#878,#880,.T.);
#878 = VERTEX_POINT('',#879);
#879 = CARTESIAN_POINT('',(28.35004234314,54.627891540527,2.000000238419
    ));
#880 = LINE('',#881,#882);
#881 = CARTESIAN_POINT('',(28.004379272461,54.853721618652,
    2.000000238419));
#882 = VECTOR('',#883,1.);
#883 = DIRECTION('',(0.837169668906,-0.546943274448,0.));
#884 = ORIENTED_EDGE('',*,*,#885,.T.);
#885 = EDGE_CURVE('',#878,#886,#888,.T.);
#886 = VERTEX_POINT('',#887);
#887 = CARTESIAN_POINT('',(28.653820037842,54.348239898682,
    2.000000238419));
#888 = LINE('',#889,#890);
#889 = CARTESIAN_POINT('',(28.35004234314,54.627891540527,2.000000238419
    ));
#890 = VECTOR('',#891,1.);
#891 = DIRECTION('',(0.735718390899,-0.67728756765,0.));
#892 = ORIENTED_EDGE('',*,*,#893,.T.);
#893 = EDGE_CURVE('',#886,#894,#896,.T.);
#894 = VERTEX_POINT('',#895);
#895 = CARTESIAN_POINT('',(28.907426834106,54.022407531738,
    2.000000238419));
#896 = LINE('',#897,#898);
#897 = CARTESIAN_POINT('',(28.653820037842,54.348239898682,
    2.000000238419));
#898 = VECTOR('',#899,1.);
#899 = DIRECTION('',(0.614214651458,-0.789139000388,0.));
#900 = ORIENTED_EDGE('',*,*,#901,.T.);
#901 = EDGE_CURVE('',#894,#902,#904,.T.);
#902 = VERTEX_POINT('',#903);
#903 = CARTESIAN_POINT('',(29.103944778442,53.659278869629,
    2.000000238419));
#904 = LINE('',#905,#906);
#905 = CARTESIAN_POINT('',(28.907426834106,54.022407531738,
    2.000000238419));
#906 = VECTOR('',#907,1.);
#907 = DIRECTION('',(0.475952150681,-0.879471176482,0.));
#908 = ORIENTED_EDGE('',*,*,#909,.T.);
#909 = EDGE_CURVE('',#902,#910,#912,.T.);
#910 = VERTEX_POINT('',#911);
#911 = CARTESIAN_POINT('',(29.238012313843,53.268753051758,
    2.000000238419));
#912 = LINE('',#913,#914);
#913 = CARTESIAN_POINT('',(29.103944778442,53.659278869629,
    2.000000238419));
#914 = VECTOR('',#915,1.);
#915 = DIRECTION('',(0.324699150251,-0.945817351197,0.));
#916 = ORIENTED_EDGE('',*,*,#917,.T.);
#917 = EDGE_CURVE('',#910,#918,#920,.T.);
#918 = VERTEX_POINT('',#919);
#919 = CARTESIAN_POINT('',(29.305973052979,52.861488342285,
    2.000000238419));
#920 = LINE('',#921,#922);
#921 = CARTESIAN_POINT('',(29.238012313843,53.268753051758,
    2.000000238419));
#922 = VECTOR('',#923,1.);
#923 = DIRECTION('',(0.164595247804,-0.986361193681,0.));
#924 = ORIENTED_EDGE('',*,*,#925,.T.);
#925 = EDGE_CURVE('',#918,#926,#928,.T.);
#926 = VERTEX_POINT('',#927);
#927 = CARTESIAN_POINT('',(29.305973052979,52.448589324951,
    2.000000238419));
#928 = LINE('',#929,#930);
#929 = CARTESIAN_POINT('',(29.305973052979,52.861488342285,
    2.000000238419));
#930 = VECTOR('',#931,1.);
#931 = DIRECTION('',(0.,-1.,0.));
#932 = ORIENTED_EDGE('',*,*,#933,.T.);
#933 = EDGE_CURVE('',#926,#934,#936,.T.);
#934 = VERTEX_POINT('',#935);
#935 = CARTESIAN_POINT('',(29.238012313843,52.041324615479,
    2.000000238419));
#936 = LINE('',#937,#938);
#937 = CARTESIAN_POINT('',(29.305973052979,52.448589324951,
    2.000000238419));
#938 = VECTOR('',#939,1.);
#939 = DIRECTION('',(-0.164595247804,-0.986361193681,0.));
#940 = ORIENTED_EDGE('',*,*,#941,.T.);
#941 = EDGE_CURVE('',#934,#942,#944,.T.);
#942 = VERTEX_POINT('',#943);
#943 = CARTESIAN_POINT('',(29.103944778442,51.650798797607,
    2.000000238419));
#944 = LINE('',#945,#946);
#945 = CARTESIAN_POINT('',(29.238012313843,52.041324615479,
    2.000000238419));
#946 = VECTOR('',#947,1.);
#947 = DIRECTION('',(-0.324699150251,-0.945817351197,0.));
#948 = ORIENTED_EDGE('',*,*,#949,.T.);
#949 = EDGE_CURVE('',#942,#950,#952,.T.);
#950 = VERTEX_POINT('',#951);
#951 = CARTESIAN_POINT('',(28.907426834106,51.287670135498,
    2.000000238419));
#952 = LINE('',#953,#954);
#953 = CARTESIAN_POINT('',(29.103944778442,51.650798797607,
    2.000000238419));
#954 = VECTOR('',#955,1.);
#955 = DIRECTION('',(-0.475952150681,-0.879471176482,0.));
#956 = ORIENTED_EDGE('',*,*,#957,.T.);
#957 = EDGE_CURVE('',#950,#958,#960,.T.);
#958 = VERTEX_POINT('',#959);
#959 = CARTESIAN_POINT('',(28.653820037842,50.961837768555,
    2.000000238419));
#960 = LINE('',#961,#962);
#961 = CARTESIAN_POINT('',(28.907426834106,51.287670135498,
    2.000000238419));
#962 = VECTOR('',#963,1.);
#963 = DIRECTION('',(-0.614214651458,-0.789139000388,0.));
#964 = ORIENTED_EDGE('',*,*,#965,.T.);
#965 = EDGE_CURVE('',#958,#966,#968,.T.);
#966 = VERTEX_POINT('',#967);
#967 = CARTESIAN_POINT('',(28.35004234314,50.682186126709,2.000000238419
    ));
#968 = LINE('',#969,#970);
#969 = CARTESIAN_POINT('',(28.653820037842,50.961837768555,
    2.000000238419));
#970 = VECTOR('',#971,1.);
#971 = DIRECTION('',(-0.735718390899,-0.67728756765,0.));
#972 = ORIENTED_EDGE('',*,*,#973,.T.);
#973 = EDGE_CURVE('',#966,#974,#976,.T.);
#974 = VERTEX_POINT('',#975);
#975 = CARTESIAN_POINT('',(28.004379272461,50.456356048584,
    2.000000238419));
#976 = LINE('',#977,#978);
#977 = CARTESIAN_POINT('',(28.35004234314,50.682186126709,2.000000238419
    ));
#978 = VECTOR('',#979,1.);
#979 = DIRECTION('',(-0.837169668906,-0.546943274448,0.));
#980 = ORIENTED_EDGE('',*,*,#981,.T.);
#981 = EDGE_CURVE('',#974,#982,#984,.T.);
#982 = VERTEX_POINT('',#983);
#983 = CARTESIAN_POINT('',(27.626258850098,50.290496826172,
    2.000000238419));
#984 = LINE('',#985,#986);
#985 = CARTESIAN_POINT('',(28.004379272461,50.456356048584,
    2.000000238419));
#986 = VECTOR('',#987,1.);
#987 = DIRECTION('',(-0.915773124071,-0.401695886498,0.));
#988 = ORIENTED_EDGE('',*,*,#989,.T.);
#989 = EDGE_CURVE('',#982,#990,#992,.T.);
#990 = VERTEX_POINT('',#991);
#991 = CARTESIAN_POINT('',(27.225997924805,50.189136505127,
    2.000000238419));
#992 = LINE('',#993,#994);
#993 = CARTESIAN_POINT('',(27.626258850098,50.290496826172,
    2.000000238419));
#994 = VECTOR('',#995,1.);
#995 = DIRECTION('',(-0.969399984155,-0.24548659988,0.));
#996 = ORIENTED_EDGE('',*,*,#997,.T.);
#997 = EDGE_CURVE('',#990,#998,#1000,.T.);
#998 = VERTEX_POINT('',#999);
#999 = CARTESIAN_POINT('',(26.814510345459,50.155040740967,
    2.000000238419));
#1000 = LINE('',#1001,#1002);
#1001 = CARTESIAN_POINT('',(27.225997924805,50.189136505127,
    2.000000238419));
#1002 = VECTOR('',#1003,1.);
#1003 = DIRECTION('',(-0.996584706029,-8.257677462933E-02,0.));
#1004 = ORIENTED_EDGE('',*,*,#1005,.T.);
#1005 = EDGE_CURVE('',#998,#1006,#1008,.T.);
#1006 = VERTEX_POINT('',#1007);
#1007 = CARTESIAN_POINT('',(20.314510977329,50.155040740967,
    2.000000238419));
#1008 = LINE('',#1009,#1010);
#1009 = CARTESIAN_POINT('',(26.814510345459,50.155040740967,
    2.000000238419));
#1010 = VECTOR('',#1011,1.);
#1011 = DIRECTION('',(-1.,0.,0.));
#1012 = ORIENTED_EDGE('',*,*,#1013,.T.);
#1013 = EDGE_CURVE('',#1006,#104,#1014,.T.);
#1014 = LINE('',#1015,#1016);
#1015 = CARTESIAN_POINT('',(20.314510977329,61.775779724121,
    2.000000238419));
#1016 = VECTOR('',#1017,1.);
#1017 = DIRECTION('',(0.,-1.,0.));
#1018 = ORIENTED_EDGE('',*,*,#103,.T.);
#1019 = ORIENTED_EDGE('',*,*,#779,.T.);
#1020 = ORIENTED_EDGE('',*,*,#1021,.T.);
#1021 = EDGE_CURVE('',#780,#1022,#1024,.T.);
#1022 = VERTEX_POINT('',#1023);
#1023 = CARTESIAN_POINT('',(6.814510822296,50.155040740967,
    2.000000238419));
#1024 = LINE('',#1025,#1026);
#1025 = CARTESIAN_POINT('',(14.314511299133,50.155040740967,
    2.000000238419));
#1026 = VECTOR('',#1027,1.);
#1027 = DIRECTION('',(-1.,0.,0.));
#1028 = ORIENTED_EDGE('',*,*,#1029,.T.);
#1029 = EDGE_CURVE('',#1022,#1030,#1032,.T.);
#1030 = VERTEX_POINT('',#1031);
#1031 = CARTESIAN_POINT('',(6.403024196625,50.189136505127,
    2.000000238419));
#1032 = LINE('',#1033,#1034);
#1033 = CARTESIAN_POINT('',(6.814510822296,50.155040740967,
    2.000000238419));
#1034 = VECTOR('',#1035,1.);
#1035 = DIRECTION('',(-0.99658469028,8.257696470683E-02,0.));
#1036 = ORIENTED_EDGE('',*,*,#1037,.T.);
#1037 = EDGE_CURVE('',#1030,#1038,#1040,.T.);
#1038 = VERTEX_POINT('',#1039);
#1039 = CARTESIAN_POINT('',(6.002762317657,50.290496826172,
    2.000000238419));
#1040 = LINE('',#1041,#1042);
#1041 = CARTESIAN_POINT('',(6.403024196625,50.189136505127,
    2.000000238419));
#1042 = VECTOR('',#1043,1.);
#1043 = DIRECTION('',(-0.969400123347,0.245486050225,0.));
#1044 = ORIENTED_EDGE('',*,*,#1045,.T.);
#1045 = EDGE_CURVE('',#1038,#1046,#1048,.T.);
#1046 = VERTEX_POINT('',#1047);
#1047 = CARTESIAN_POINT('',(5.624641895294,50.456356048584,
    2.000000238419));
#1048 = LINE('',#1049,#1050);
#1049 = CARTESIAN_POINT('',(6.002762317657,50.290496826172,
    2.000000238419));
#1050 = VECTOR('',#1051,1.);
#1051 = DIRECTION('',(-0.915773124071,0.401695886498,0.));
#1052 = ORIENTED_EDGE('',*,*,#1053,.T.);
#1053 = EDGE_CURVE('',#1046,#1054,#1056,.T.);
#1054 = VERTEX_POINT('',#1055);
#1055 = CARTESIAN_POINT('',(5.278978824615,50.682186126709,
    2.000000238419));
#1056 = LINE('',#1057,#1058);
#1057 = CARTESIAN_POINT('',(5.624641895294,50.456356048584,
    2.000000238419));
#1058 = VECTOR('',#1059,1.);
#1059 = DIRECTION('',(-0.837169668906,0.546943274448,0.));
#1060 = ORIENTED_EDGE('',*,*,#1061,.T.);
#1061 = EDGE_CURVE('',#1054,#1062,#1064,.T.);
#1062 = VERTEX_POINT('',#1063);
#1063 = CARTESIAN_POINT('',(4.975201129913,50.961837768555,
    2.000000238419));
#1064 = LINE('',#1065,#1066);
#1065 = CARTESIAN_POINT('',(5.278978824615,50.682186126709,
    2.000000238419));
#1066 = VECTOR('',#1067,1.);
#1067 = DIRECTION('',(-0.735718390899,0.67728756765,0.));
#1068 = ORIENTED_EDGE('',*,*,#1069,.T.);
#1069 = EDGE_CURVE('',#1062,#1070,#1072,.T.);
#1070 = VERTEX_POINT('',#1071);
#1071 = CARTESIAN_POINT('',(4.721594333649,51.287670135498,
    2.000000238419));
#1072 = LINE('',#1073,#1074);
#1073 = CARTESIAN_POINT('',(4.975201129913,50.961837768555,
    2.000000238419));
#1074 = VECTOR('',#1075,1.);
#1075 = DIRECTION('',(-0.614214651458,0.789139000388,0.));
#1076 = ORIENTED_EDGE('',*,*,#1077,.T.);
#1077 = EDGE_CURVE('',#1070,#1078,#1080,.T.);
#1078 = VERTEX_POINT('',#1079);
#1079 = CARTESIAN_POINT('',(4.525077342987,51.650798797607,
    2.000000238419));
#1080 = LINE('',#1081,#1082);
#1081 = CARTESIAN_POINT('',(4.721594333649,51.287670135498,
    2.000000238419));
#1082 = VECTOR('',#1083,1.);
#1083 = DIRECTION('',(-0.475950364172,0.879472143302,0.));
#1084 = ORIENTED_EDGE('',*,*,#1085,.T.);
#1085 = EDGE_CURVE('',#1078,#1086,#1088,.T.);
#1086 = VERTEX_POINT('',#1087);
#1087 = CARTESIAN_POINT('',(4.391010284424,52.041324615479,
    2.000000238419));
#1088 = LINE('',#1089,#1090);
#1089 = CARTESIAN_POINT('',(4.525077342987,51.650798797607,
    2.000000238419));
#1090 = VECTOR('',#1091,1.);
#1091 = DIRECTION('',(-0.324698117151,0.94581770586,0.));
#1092 = ORIENTED_EDGE('',*,*,#1093,.T.);
#1093 = EDGE_CURVE('',#1086,#1094,#1096,.T.);
#1094 = VERTEX_POINT('',#1095);
#1095 = CARTESIAN_POINT('',(4.323049545288,52.448589324951,
    2.000000238419));
#1096 = LINE('',#1097,#1098);
#1097 = CARTESIAN_POINT('',(4.391010284424,52.041324615479,
    2.000000238419));
#1098 = VECTOR('',#1099,1.);
#1099 = DIRECTION('',(-0.164595247804,0.986361193681,0.));
#1100 = ORIENTED_EDGE('',*,*,#1101,.T.);
#1101 = EDGE_CURVE('',#1094,#1102,#1104,.T.);
#1102 = VERTEX_POINT('',#1103);
#1103 = CARTESIAN_POINT('',(4.323049545288,52.861488342285,
    2.000000238419));
#1104 = LINE('',#1105,#1106);
#1105 = CARTESIAN_POINT('',(4.323049545288,52.448589324951,
    2.000000238419));
#1106 = VECTOR('',#1107,1.);
#1107 = DIRECTION('',(0.,1.,0.));
#1108 = ORIENTED_EDGE('',*,*,#1109,.T.);
#1109 = EDGE_CURVE('',#1102,#1110,#1112,.T.);
#1110 = VERTEX_POINT('',#1111);
#1111 = CARTESIAN_POINT('',(4.391010284424,53.268753051758,
    2.000000238419));
#1112 = LINE('',#1113,#1114);
#1113 = CARTESIAN_POINT('',(4.323049545288,52.861488342285,
    2.000000238419));
#1114 = VECTOR('',#1115,1.);
#1115 = DIRECTION('',(0.164595247804,0.986361193681,0.));
#1116 = ORIENTED_EDGE('',*,*,#1117,.T.);
#1117 = EDGE_CURVE('',#1110,#1118,#1120,.T.);
#1118 = VERTEX_POINT('',#1119);
#1119 = CARTESIAN_POINT('',(4.525077342987,53.659278869629,
    2.000000238419));
#1120 = LINE('',#1121,#1122);
#1121 = CARTESIAN_POINT('',(4.391010284424,53.268753051758,
    2.000000238419));
#1122 = VECTOR('',#1123,1.);
#1123 = DIRECTION('',(0.324698117151,0.94581770586,0.));
#1124 = ORIENTED_EDGE('',*,*,#1125,.T.);
#1125 = EDGE_CURVE('',#1118,#1126,#1128,.T.);
#1126 = VERTEX_POINT('',#1127);
#1127 = CARTESIAN_POINT('',(4.721594333649,54.022407531738,
    2.000000238419));
#1128 = LINE('',#1129,#1130);
#1129 = CARTESIAN_POINT('',(4.525077342987,53.659278869629,
    2.000000238419));
#1130 = VECTOR('',#1131,1.);
#1131 = DIRECTION('',(0.475950364172,0.879472143302,0.));
#1132 = ORIENTED_EDGE('',*,*,#1133,.T.);
#1133 = EDGE_CURVE('',#1126,#1134,#1136,.T.);
#1134 = VERTEX_POINT('',#1135);
#1135 = CARTESIAN_POINT('',(4.975201129913,54.348239898682,
    2.000000238419));
#1136 = LINE('',#1137,#1138);
#1137 = CARTESIAN_POINT('',(4.721594333649,54.022407531738,
    2.000000238419));
#1138 = VECTOR('',#1139,1.);
#1139 = DIRECTION('',(0.614214651458,0.789139000388,0.));
#1140 = ORIENTED_EDGE('',*,*,#1141,.T.);
#1141 = EDGE_CURVE('',#1134,#1142,#1144,.T.);
#1142 = VERTEX_POINT('',#1143);
#1143 = CARTESIAN_POINT('',(5.278978824615,54.627891540527,
    2.000000238419));
#1144 = LINE('',#1145,#1146);
#1145 = CARTESIAN_POINT('',(4.975201129913,54.348239898682,
    2.000000238419));
#1146 = VECTOR('',#1147,1.);
#1147 = DIRECTION('',(0.735718390899,0.67728756765,0.));
#1148 = ORIENTED_EDGE('',*,*,#1149,.T.);
#1149 = EDGE_CURVE('',#1142,#1150,#1152,.T.);
#1150 = VERTEX_POINT('',#1151);
#1151 = CARTESIAN_POINT('',(5.624641895294,54.853721618652,
    2.000000238419));
#1152 = LINE('',#1153,#1154);
#1153 = CARTESIAN_POINT('',(5.278978824615,54.627891540527,
    2.000000238419));
#1154 = VECTOR('',#1155,1.);
#1155 = DIRECTION('',(0.837169668906,0.546943274448,0.));
#1156 = ORIENTED_EDGE('',*,*,#1157,.T.);
#1157 = EDGE_CURVE('',#1150,#1158,#1160,.T.);
#1158 = VERTEX_POINT('',#1159);
#1159 = CARTESIAN_POINT('',(6.002762317657,55.019584655762,
    2.000000238419));
#1160 = LINE('',#1161,#1162);
#1161 = CARTESIAN_POINT('',(5.624641895294,54.853721618652,
    2.000000238419));
#1162 = VECTOR('',#1163,1.);
#1163 = DIRECTION('',(0.915769725427,0.401703634527,0.));
#1164 = ORIENTED_EDGE('',*,*,#1165,.T.);
#1165 = EDGE_CURVE('',#1158,#804,#1166,.T.);
#1166 = LINE('',#1167,#1168);
#1167 = CARTESIAN_POINT('',(6.002762317657,55.019584655762,
    2.000000238419));
#1168 = VECTOR('',#1169,1.);
#1169 = DIRECTION('',(0.969402321926,0.24547736809,0.));
#1170 = FACE_BOUND('',#1171,.T.);
#1171 = EDGE_LOOP('',(#1172,#1183,#1192,#1201,#1210,#1219,#1228,#1237,
    #1246,#1255,#1264,#1273,#1282));
#1172 = ORIENTED_EDGE('',*,*,#1173,.F.);
#1173 = EDGE_CURVE('',#1174,#1176,#1178,.T.);
#1174 = VERTEX_POINT('',#1175);
#1175 = CARTESIAN_POINT('',(13.314510977329,51.308747567005,
    2.000000238419));
#1176 = VERTEX_POINT('',#1177);
#1177 = CARTESIAN_POINT('',(13.314510977329,54.001329970572,
    2.000000238419));
#1178 = CIRCLE('',#1179,3.75);
#1179 = AXIS2_PLACEMENT_3D('',#1180,#1181,#1182);
#1180 = CARTESIAN_POINT('',(16.814510977329,52.655038768789,
    2.000000238419));
#1181 = DIRECTION('',(0.,0.,-1.));
#1182 = DIRECTION('',(1.,0.,0.));
#1183 = ORIENTED_EDGE('',*,*,#1184,.F.);
#1184 = EDGE_CURVE('',#1185,#1174,#1187,.T.);
#1185 = VERTEX_POINT('',#1186);
#1186 = CARTESIAN_POINT('',(14.019424241486,50.155040740967,
    2.000000238419));
#1187 = CIRCLE('',#1188,3.75);
#1188 = AXIS2_PLACEMENT_3D('',#1189,#1190,#1191);
#1189 = CARTESIAN_POINT('',(16.814510977329,52.655038768789,
    2.000000238419));
#1190 = DIRECTION('',(0.,0.,-1.));
#1191 = DIRECTION('',(1.,0.,0.));
#1192 = ORIENTED_EDGE('',*,*,#1193,.F.);
#1193 = EDGE_CURVE('',#1194,#1185,#1196,.T.);
#1194 = VERTEX_POINT('',#1195);
#1195 = CARTESIAN_POINT('',(14.314511299133,49.859953509084,
    2.000000238419));
#1196 = CIRCLE('',#1197,3.75);
#1197 = AXIS2_PLACEMENT_3D('',#1198,#1199,#1200);
#1198 = CARTESIAN_POINT('',(16.814510977329,52.655038768789,
    2.000000238419));
#1199 = DIRECTION('',(0.,0.,-1.));
#1200 = DIRECTION('',(1.,0.,0.));
#1201 = ORIENTED_EDGE('',*,*,#1202,.F.);
#1202 = EDGE_CURVE('',#1203,#1194,#1205,.T.);
#1203 = VERTEX_POINT('',#1204);
#1204 = CARTESIAN_POINT('',(19.314510345459,49.859953231752,
    2.000000238419));
#1205 = CIRCLE('',#1206,3.75);
#1206 = AXIS2_PLACEMENT_3D('',#1207,#1208,#1209);
#1207 = CARTESIAN_POINT('',(16.814510977329,52.655038768789,
    2.000000238419));
#1208 = DIRECTION('',(0.,0.,-1.));
#1209 = DIRECTION('',(1.,0.,0.));
#1210 = ORIENTED_EDGE('',*,*,#1211,.F.);
#1211 = EDGE_CURVE('',#1212,#1203,#1214,.T.);
#1212 = VERTEX_POINT('',#1213);
#1213 = CARTESIAN_POINT('',(19.609597713172,50.155040740967,
    2.000000238419));
#1214 = CIRCLE('',#1215,3.75);
#1215 = AXIS2_PLACEMENT_3D('',#1216,#1217,#1218);
#1216 = CARTESIAN_POINT('',(16.814510977329,52.655038768789,
    2.000000238419));
#1217 = DIRECTION('',(0.,0.,-1.));
#1218 = DIRECTION('',(1.,0.,0.));
#1219 = ORIENTED_EDGE('',*,*,#1220,.F.);
#1220 = EDGE_CURVE('',#1221,#1212,#1223,.T.);
#1221 = VERTEX_POINT('',#1222);
#1222 = CARTESIAN_POINT('',(20.314510977329,51.308747567005,
    2.000000238419));
#1223 = CIRCLE('',#1224,3.75);
#1224 = AXIS2_PLACEMENT_3D('',#1225,#1226,#1227);
#1225 = CARTESIAN_POINT('',(16.814510977329,52.655038768789,
    2.000000238419));
#1226 = DIRECTION('',(0.,0.,-1.));
#1227 = DIRECTION('',(1.,0.,0.));
#1228 = ORIENTED_EDGE('',*,*,#1229,.F.);
#1229 = EDGE_CURVE('',#1230,#1221,#1232,.T.);
#1230 = VERTEX_POINT('',#1231);
#1231 = CARTESIAN_POINT('',(20.564510977329,52.655038768789,
    2.000000238419));
#1232 = CIRCLE('',#1233,3.75);
#1233 = AXIS2_PLACEMENT_3D('',#1234,#1235,#1236);
#1234 = CARTESIAN_POINT('',(16.814510977329,52.655038768789,
    2.000000238419));
#1235 = DIRECTION('',(0.,0.,-1.));
#1236 = DIRECTION('',(1.,0.,0.));
#1237 = ORIENTED_EDGE('',*,*,#1238,.F.);
#1238 = EDGE_CURVE('',#1239,#1230,#1241,.T.);
#1239 = VERTEX_POINT('',#1240);
#1240 = CARTESIAN_POINT('',(20.314510977329,54.001329970572,
    2.000000238419));
#1241 = CIRCLE('',#1242,3.75);
#1242 = AXIS2_PLACEMENT_3D('',#1243,#1244,#1245);
#1243 = CARTESIAN_POINT('',(16.814510977329,52.655038768789,
    2.000000238419));
#1244 = DIRECTION('',(0.,0.,-1.));
#1245 = DIRECTION('',(1.,0.,0.));
#1246 = ORIENTED_EDGE('',*,*,#1247,.F.);
#1247 = EDGE_CURVE('',#1248,#1239,#1250,.T.);
#1248 = VERTEX_POINT('',#1249);
#1249 = CARTESIAN_POINT('',(19.609597597202,55.15503692627,
    2.000000238419));
#1250 = CIRCLE('',#1251,3.75);
#1251 = AXIS2_PLACEMENT_3D('',#1252,#1253,#1254);
#1252 = CARTESIAN_POINT('',(16.814510977329,52.655038768789,
    2.000000238419));
#1253 = DIRECTION('',(0.,0.,-1.));
#1254 = DIRECTION('',(1.,0.,0.));
#1255 = ORIENTED_EDGE('',*,*,#1256,.F.);
#1256 = EDGE_CURVE('',#1257,#1248,#1259,.T.);
#1257 = VERTEX_POINT('',#1258);
#1258 = CARTESIAN_POINT('',(19.314510345459,55.450124305825,
    2.000000238419));
#1259 = CIRCLE('',#1260,3.75);
#1260 = AXIS2_PLACEMENT_3D('',#1261,#1262,#1263);
#1261 = CARTESIAN_POINT('',(16.814510977329,52.655038768789,
    2.000000238419));
#1262 = DIRECTION('',(0.,0.,-1.));
#1263 = DIRECTION('',(1.,0.,0.));
#1264 = ORIENTED_EDGE('',*,*,#1265,.F.);
#1265 = EDGE_CURVE('',#1266,#1257,#1268,.T.);
#1266 = VERTEX_POINT('',#1267);
#1267 = CARTESIAN_POINT('',(14.314511299133,55.450124028494,
    2.000000238419));
#1268 = CIRCLE('',#1269,3.75);
#1269 = AXIS2_PLACEMENT_3D('',#1270,#1271,#1272);
#1270 = CARTESIAN_POINT('',(16.814510977329,52.655038768789,
    2.000000238419));
#1271 = DIRECTION('',(0.,0.,-1.));
#1272 = DIRECTION('',(1.,0.,0.));
#1273 = ORIENTED_EDGE('',*,*,#1274,.F.);
#1274 = EDGE_CURVE('',#1275,#1266,#1277,.T.);
#1275 = VERTEX_POINT('',#1276);
#1276 = CARTESIAN_POINT('',(14.019424357456,55.15503692627,
    2.000000238419));
#1277 = CIRCLE('',#1278,3.75);
#1278 = AXIS2_PLACEMENT_3D('',#1279,#1280,#1281);
#1279 = CARTESIAN_POINT('',(16.814510977329,52.655038768789,
    2.000000238419));
#1280 = DIRECTION('',(0.,0.,-1.));
#1281 = DIRECTION('',(1.,0.,0.));
#1282 = ORIENTED_EDGE('',*,*,#1283,.F.);
#1283 = EDGE_CURVE('',#1176,#1275,#1284,.T.);
#1284 = CIRCLE('',#1285,3.75);
#1285 = AXIS2_PLACEMENT_3D('',#1286,#1287,#1288);
#1286 = CARTESIAN_POINT('',(16.814510977329,52.655038768789,
    2.000000238419));
#1287 = DIRECTION('',(0.,0.,-1.));
#1288 = DIRECTION('',(1.,0.,0.));
#1289 = PLANE('',#1290);
#1290 = AXIS2_PLACEMENT_3D('',#1291,#1292,#1293);
#1291 = CARTESIAN_POINT('',(16.814510935302,53.194608819279,
    2.000000238419));
#1292 = DIRECTION('',(-0.,-0.,-1.));
#1293 = DIRECTION('',(-1.,0.,0.));
#1294 = ADVANCED_FACE('',(#1295),#1313,.T.);
#1295 = FACE_BOUND('',#1296,.T.);
#1296 = EDGE_LOOP('',(#1297,#1305,#1306,#1307));
#1297 = ORIENTED_EDGE('',*,*,#1298,.F.);
#1298 = EDGE_CURVE('',#112,#1299,#1301,.T.);
#1299 = VERTEX_POINT('',#1300);
#1300 = CARTESIAN_POINT('',(20.314510977329,50.155040740967,0.));
#1301 = LINE('',#1302,#1303);
#1302 = CARTESIAN_POINT('',(20.314510977329,54.835383735694,0.));
#1303 = VECTOR('',#1304,1.);
#1304 = DIRECTION('',(0.,1.,0.));
#1305 = ORIENTED_EDGE('',*,*,#111,.F.);
#1306 = ORIENTED_EDGE('',*,*,#1013,.F.);
#1307 = ORIENTED_EDGE('',*,*,#1308,.F.);
#1308 = EDGE_CURVE('',#1299,#1006,#1309,.T.);
#1309 = LINE('',#1310,#1311);
#1310 = CARTESIAN_POINT('',(20.314510977329,50.155040740967,
    1.500000178814));
#1311 = VECTOR('',#1312,1.);
#1312 = DIRECTION('',(0.,0.,1.));
#1313 = PLANE('',#1314);
#1314 = AXIS2_PLACEMENT_3D('',#1315,#1316,#1317);
#1315 = CARTESIAN_POINT('',(20.314510977329,61.775779724121,
    2.000000238419));
#1316 = DIRECTION('',(-1.,0.,0.));
#1317 = DIRECTION('',(0.,-1.,0.));
#1318 = ADVANCED_FACE('',(#1319),#1385,.T.);
#1319 = FACE_BOUND('',#1320,.T.);
#1320 = EDGE_LOOP('',(#1321,#1331,#1339,#1347,#1355,#1363,#1371,#1377,
    #1378,#1379));
#1321 = ORIENTED_EDGE('',*,*,#1322,.T.);
#1322 = EDGE_CURVE('',#1323,#1325,#1327,.T.);
#1323 = VERTEX_POINT('',#1324);
#1324 = CARTESIAN_POINT('',(26.814510345459,50.155040740967,0.));
#1325 = VERTEX_POINT('',#1326);
#1326 = CARTESIAN_POINT('',(27.225997924805,50.189136505127,0.));
#1327 = LINE('',#1328,#1329);
#1328 = CARTESIAN_POINT('',(26.814510345459,50.155040740967,0.));
#1329 = VECTOR('',#1330,1.);
#1330 = DIRECTION('',(0.996584706029,8.257677462933E-02,0.));
#1331 = ORIENTED_EDGE('',*,*,#1332,.T.);
#1332 = EDGE_CURVE('',#1325,#1333,#1335,.T.);
#1333 = VERTEX_POINT('',#1334);
#1334 = CARTESIAN_POINT('',(27.626258850098,50.290496826172,0.));
#1335 = LINE('',#1336,#1337);
#1336 = CARTESIAN_POINT('',(27.225997924805,50.189136505127,0.));
#1337 = VECTOR('',#1338,1.);
#1338 = DIRECTION('',(0.969399984155,0.24548659988,0.));
#1339 = ORIENTED_EDGE('',*,*,#1340,.T.);
#1340 = EDGE_CURVE('',#1333,#1341,#1343,.T.);
#1341 = VERTEX_POINT('',#1342);
#1342 = CARTESIAN_POINT('',(28.004379272461,50.456356048584,0.));
#1343 = LINE('',#1344,#1345);
#1344 = CARTESIAN_POINT('',(27.626258850098,50.290496826172,0.));
#1345 = VECTOR('',#1346,1.);
#1346 = DIRECTION('',(0.915773124071,0.401695886498,0.));
#1347 = ORIENTED_EDGE('',*,*,#1348,.T.);
#1348 = EDGE_CURVE('',#1341,#1349,#1351,.T.);
#1349 = VERTEX_POINT('',#1350);
#1350 = CARTESIAN_POINT('',(28.35004234314,50.682186126709,0.));
#1351 = LINE('',#1352,#1353);
#1352 = CARTESIAN_POINT('',(28.004379272461,50.456356048584,0.));
#1353 = VECTOR('',#1354,1.);
#1354 = DIRECTION('',(0.837169668906,0.546943274448,0.));
#1355 = ORIENTED_EDGE('',*,*,#1356,.T.);
#1356 = EDGE_CURVE('',#1349,#1357,#1359,.T.);
#1357 = VERTEX_POINT('',#1358);
#1358 = CARTESIAN_POINT('',(28.653820037842,50.961837768555,0.));
#1359 = LINE('',#1360,#1361);
#1360 = CARTESIAN_POINT('',(28.35004234314,50.682186126709,0.));
#1361 = VECTOR('',#1362,1.);
#1362 = DIRECTION('',(0.735718390899,0.67728756765,0.));
#1363 = ORIENTED_EDGE('',*,*,#1364,.T.);
#1364 = EDGE_CURVE('',#1357,#1365,#1367,.T.);
#1365 = VERTEX_POINT('',#1366);
#1366 = CARTESIAN_POINT('',(28.799999237061,51.135883331299,0.));
#1367 = LINE('',#1368,#1369);
#1368 = CARTESIAN_POINT('',(28.653820037842,50.961837768555,0.));
#1369 = VECTOR('',#1370,1.);
#1370 = DIRECTION('',(0.643142883999,0.76574619213,0.));
#1371 = ORIENTED_EDGE('',*,*,#1372,.T.);
#1372 = EDGE_CURVE('',#1365,#120,#1373,.T.);
#1373 = LINE('',#1374,#1375);
#1374 = CARTESIAN_POINT('',(28.799999237061,51.135883331299,0.));
#1375 = VECTOR('',#1376,1.);
#1376 = DIRECTION('',(0.,-1.,0.));
#1377 = ORIENTED_EDGE('',*,*,#119,.F.);
#1378 = ORIENTED_EDGE('',*,*,#1298,.T.);
#1379 = ORIENTED_EDGE('',*,*,#1380,.T.);
#1380 = EDGE_CURVE('',#1299,#1323,#1381,.T.);
#1381 = LINE('',#1382,#1383);
#1382 = CARTESIAN_POINT('',(19.314510345459,50.155040740967,0.));
#1383 = VECTOR('',#1384,1.);
#1384 = DIRECTION('',(1.,0.,0.));
#1385 = PLANE('',#1386);
#1386 = AXIS2_PLACEMENT_3D('',#1387,#1388,#1389);
#1387 = CARTESIAN_POINT('',(24.257044005603,47.894987747267,0.));
#1388 = DIRECTION('',(-0.,-0.,-1.));
#1389 = DIRECTION('',(-1.,0.,0.));
#1390 = ADVANCED_FACE('',(#1391),#1401,.T.);
#1391 = FACE_BOUND('',#1392,.T.);
#1392 = EDGE_LOOP('',(#1393,#1394,#1395));
#1393 = ORIENTED_EDGE('',*,*,#127,.F.);
#1394 = ORIENTED_EDGE('',*,*,#1372,.F.);
#1395 = ORIENTED_EDGE('',*,*,#1396,.T.);
#1396 = EDGE_CURVE('',#1365,#22,#1397,.T.);
#1397 = LINE('',#1398,#1399);
#1398 = CARTESIAN_POINT('',(28.799999237061,51.135883331299,0.));
#1399 = VECTOR('',#1400,1.);
#1400 = DIRECTION('',(8.074991852217E-02,-0.996714132626,
    6.355193310626E-03));
#1401 = PLANE('',#1402);
#1402 = AXIS2_PLACEMENT_3D('',#1403,#1404,#1405);
#1403 = CARTESIAN_POINT('',(28.922085007233,48.126600472745,
    9.608414276088E-03));
#1404 = DIRECTION('',(7.845954844419E-02,0.,-0.996917298103));
#1405 = DIRECTION('',(-0.996917298103,0.,-7.845954844419E-02));
#1406 = ADVANCED_FACE('',(#1407),#1432,.T.);
#1407 = FACE_BOUND('',#1408,.T.);
#1408 = EDGE_LOOP('',(#1409,#1417,#1418,#1426));
#1409 = ORIENTED_EDGE('',*,*,#1410,.F.);
#1410 = EDGE_CURVE('',#135,#1411,#1413,.T.);
#1411 = VERTEX_POINT('',#1412);
#1412 = CARTESIAN_POINT('',(30.161972045898,61.775779724121,
    0.326980829239));
#1413 = LINE('',#1414,#1415);
#1414 = CARTESIAN_POINT('',(30.161972045898,45.343147277832,
    0.326980829239));
#1415 = VECTOR('',#1416,1.);
#1416 = DIRECTION('',(0.,1.,0.));
#1417 = ORIENTED_EDGE('',*,*,#134,.F.);
#1418 = ORIENTED_EDGE('',*,*,#1419,.T.);
#1419 = EDGE_CURVE('',#24,#1420,#1422,.T.);
#1420 = VERTEX_POINT('',#1421);
#1421 = CARTESIAN_POINT('',(29.72705078125,61.775779724121,
    0.146830454469));
#1422 = LINE('',#1423,#1424);
#1423 = CARTESIAN_POINT('',(29.72705078125,45.343147277832,
    0.146830454469));
#1424 = VECTOR('',#1425,1.);
#1425 = DIRECTION('',(0.,1.,0.));
#1426 = ORIENTED_EDGE('',*,*,#1427,.F.);
#1427 = EDGE_CURVE('',#1411,#1420,#1428,.T.);
#1428 = LINE('',#1429,#1430);
#1429 = CARTESIAN_POINT('',(30.161972045898,61.775779724121,
    0.326980829239));
#1430 = VECTOR('',#1431,1.);
#1431 = DIRECTION('',(-0.923879466129,0.,-0.382683592627));
#1432 = PLANE('',#1433);
#1433 = AXIS2_PLACEMENT_3D('',#1434,#1435,#1436);
#1434 = CARTESIAN_POINT('',(29.944511413574,53.559463500977,
    0.236905641854));
#1435 = DIRECTION('',(0.382683592627,0.,-0.923879466129));
#1436 = DIRECTION('',(-0.923879466129,0.,-0.382683592627));
#1437 = ADVANCED_FACE('',(#1438),#1456,.T.);
#1438 = FACE_BOUND('',#1439,.T.);
#1439 = EDGE_LOOP('',(#1440,#1448,#1449,#1450));
#1440 = ORIENTED_EDGE('',*,*,#1441,.F.);
#1441 = EDGE_CURVE('',#143,#1442,#1444,.T.);
#1442 = VERTEX_POINT('',#1443);
#1443 = CARTESIAN_POINT('',(30.563356399536,61.775779724121,
    0.572949647903));
#1444 = LINE('',#1445,#1446);
#1445 = CARTESIAN_POINT('',(30.563356399536,45.343147277832,
    0.572949647903));
#1446 = VECTOR('',#1447,1.);
#1447 = DIRECTION('',(0.,1.,0.));
#1448 = ORIENTED_EDGE('',*,*,#142,.F.);
#1449 = ORIENTED_EDGE('',*,*,#1410,.T.);
#1450 = ORIENTED_EDGE('',*,*,#1451,.F.);
#1451 = EDGE_CURVE('',#1442,#1411,#1452,.T.);
#1452 = LINE('',#1453,#1454);
#1453 = CARTESIAN_POINT('',(30.563356399536,61.775779724121,
    0.572949647903));
#1454 = VECTOR('',#1455,1.);
#1455 = DIRECTION('',(-0.852640003087,0.,-0.522498827881));
#1456 = PLANE('',#1457);
#1457 = AXIS2_PLACEMENT_3D('',#1458,#1459,#1460);
#1458 = CARTESIAN_POINT('',(30.362664222717,53.559463500977,
    0.449965238571));
#1459 = DIRECTION('',(0.522498827881,0.,-0.852640003087));
#1460 = DIRECTION('',(-0.852640003087,0.,-0.522498827881));
#1461 = ADVANCED_FACE('',(#1462),#1480,.T.);
#1462 = FACE_BOUND('',#1463,.T.);
#1463 = EDGE_LOOP('',(#1464,#1472,#1473,#1474));
#1464 = ORIENTED_EDGE('',*,*,#1465,.F.);
#1465 = EDGE_CURVE('',#151,#1466,#1468,.T.);
#1466 = VERTEX_POINT('',#1467);
#1467 = CARTESIAN_POINT('',(30.921319961548,61.775779724121,
    0.878679573536));
#1468 = LINE('',#1469,#1470);
#1469 = CARTESIAN_POINT('',(30.921319961548,45.343147277832,
    0.878679573536));
#1470 = VECTOR('',#1471,1.);
#1471 = DIRECTION('',(0.,1.,0.));
#1472 = ORIENTED_EDGE('',*,*,#150,.F.);
#1473 = ORIENTED_EDGE('',*,*,#1441,.T.);
#1474 = ORIENTED_EDGE('',*,*,#1475,.F.);
#1475 = EDGE_CURVE('',#1466,#1442,#1476,.T.);
#1476 = LINE('',#1477,#1478);
#1477 = CARTESIAN_POINT('',(30.921319961548,61.775779724121,
    0.878679573536));
#1478 = VECTOR('',#1479,1.);
#1479 = DIRECTION('',(-0.760405796474,0.,-0.649448246352));
#1480 = PLANE('',#1481);
#1481 = AXIS2_PLACEMENT_3D('',#1482,#1483,#1484);
#1482 = CARTESIAN_POINT('',(30.742338180542,53.559463500977,
    0.72581461072));
#1483 = DIRECTION('',(0.649448246352,0.,-0.760405796474));
#1484 = DIRECTION('',(-0.760405796474,0.,-0.649448246352));
#1485 = ADVANCED_FACE('',(#1486),#1504,.T.);
#1486 = FACE_BOUND('',#1487,.T.);
#1487 = EDGE_LOOP('',(#1488,#1496,#1497,#1498));
#1488 = ORIENTED_EDGE('',*,*,#1489,.F.);
#1489 = EDGE_CURVE('',#159,#1490,#1492,.T.);
#1490 = VERTEX_POINT('',#1491);
#1491 = CARTESIAN_POINT('',(31.22705078125,61.775779724121,
    1.236644625664));
#1492 = LINE('',#1493,#1494);
#1493 = CARTESIAN_POINT('',(31.22705078125,45.343147277832,
    1.236644625664));
#1494 = VECTOR('',#1495,1.);
#1495 = DIRECTION('',(0.,1.,0.));
#1496 = ORIENTED_EDGE('',*,*,#158,.F.);
#1497 = ORIENTED_EDGE('',*,*,#1465,.T.);
#1498 = ORIENTED_EDGE('',*,*,#1499,.F.);
#1499 = EDGE_CURVE('',#1490,#1466,#1500,.T.);
#1500 = LINE('',#1501,#1502);
#1501 = CARTESIAN_POINT('',(31.22705078125,61.775779724121,
    1.236644625664));
#1502 = VECTOR('',#1503,1.);
#1503 = DIRECTION('',(-0.649447781314,0.,-0.760406193654));
#1504 = PLANE('',#1505);
#1505 = AXIS2_PLACEMENT_3D('',#1506,#1507,#1508);
#1506 = CARTESIAN_POINT('',(31.074185371399,53.559463500977,1.0576620996
    ));
#1507 = DIRECTION('',(0.760406193654,0.,-0.649447781314));
#1508 = DIRECTION('',(0.649447781314,0.,0.760406193654));
#1509 = ADVANCED_FACE('',(#1510),#1528,.T.);
#1510 = FACE_BOUND('',#1511,.T.);
#1511 = EDGE_LOOP('',(#1512,#1520,#1521,#1522));
#1512 = ORIENTED_EDGE('',*,*,#1513,.F.);
#1513 = EDGE_CURVE('',#167,#1514,#1516,.T.);
#1514 = VERTEX_POINT('',#1515);
#1515 = CARTESIAN_POINT('',(31.47301864624,61.775779724121,
    1.638028740883));
#1516 = LINE('',#1517,#1518);
#1517 = CARTESIAN_POINT('',(31.47301864624,45.343147277832,
    1.638028740883));
#1518 = VECTOR('',#1519,1.);
#1519 = DIRECTION('',(0.,1.,0.));
#1520 = ORIENTED_EDGE('',*,*,#166,.F.);
#1521 = ORIENTED_EDGE('',*,*,#1489,.T.);
#1522 = ORIENTED_EDGE('',*,*,#1523,.F.);
#1523 = EDGE_CURVE('',#1514,#1490,#1524,.T.);
#1524 = LINE('',#1525,#1526);
#1525 = CARTESIAN_POINT('',(31.47301864624,61.775779724121,
    1.638028740883));
#1526 = VECTOR('',#1527,1.);
#1527 = DIRECTION('',(-0.522497580732,0.,-0.85264076734));
#1528 = PLANE('',#1529);
#1529 = AXIS2_PLACEMENT_3D('',#1530,#1531,#1532);
#1530 = CARTESIAN_POINT('',(31.350034713745,53.559463500977,
    1.437336683273));
#1531 = DIRECTION('',(0.85264076734,0.,-0.522497580732));
#1532 = DIRECTION('',(0.522497580732,0.,0.85264076734));
#1533 = ADVANCED_FACE('',(#1534),#1552,.T.);
#1534 = FACE_BOUND('',#1535,.T.);
#1535 = EDGE_LOOP('',(#1536,#1544,#1545,#1546));
#1536 = ORIENTED_EDGE('',*,*,#1537,.F.);
#1537 = EDGE_CURVE('',#175,#1538,#1540,.T.);
#1538 = VERTEX_POINT('',#1539);
#1539 = CARTESIAN_POINT('',(31.653169631958,61.775779724121,
    2.072948932648));
#1540 = LINE('',#1541,#1542);
#1541 = CARTESIAN_POINT('',(31.653169631958,45.343147277832,
    2.072948932648));
#1542 = VECTOR('',#1543,1.);
#1543 = DIRECTION('',(0.,1.,0.));
#1544 = ORIENTED_EDGE('',*,*,#174,.F.);
#1545 = ORIENTED_EDGE('',*,*,#1513,.T.);
#1546 = ORIENTED_EDGE('',*,*,#1547,.F.);
#1547 = EDGE_CURVE('',#1538,#1514,#1548,.T.);
#1548 = LINE('',#1549,#1550);
#1549 = CARTESIAN_POINT('',(31.653169631958,61.775779724121,
    2.072948932648));
#1550 = VECTOR('',#1551,1.);
#1551 = DIRECTION('',(-0.382685506145,0.,-0.923878673521));
#1552 = PLANE('',#1553);
#1553 = AXIS2_PLACEMENT_3D('',#1554,#1555,#1556);
#1554 = CARTESIAN_POINT('',(31.563094139099,53.559463500977,
    1.855488836765));
#1555 = DIRECTION('',(0.923878673521,0.,-0.382685506145));
#1556 = DIRECTION('',(0.382685506145,0.,0.923878673521));
#1557 = ADVANCED_FACE('',(#1558),#1576,.T.);
#1558 = FACE_BOUND('',#1559,.T.);
#1559 = EDGE_LOOP('',(#1560,#1568,#1569,#1570));
#1560 = ORIENTED_EDGE('',*,*,#1561,.F.);
#1561 = EDGE_CURVE('',#183,#1562,#1564,.T.);
#1562 = VERTEX_POINT('',#1563);
#1563 = CARTESIAN_POINT('',(31.763065338135,61.775779724121,
    2.530696868896));
#1564 = LINE('',#1565,#1566);
#1565 = CARTESIAN_POINT('',(31.763065338135,45.343147277832,
    2.530696868896));
#1566 = VECTOR('',#1567,1.);
#1567 = DIRECTION('',(0.,1.,0.));
#1568 = ORIENTED_EDGE('',*,*,#182,.F.);
#1569 = ORIENTED_EDGE('',*,*,#1537,.T.);
#1570 = ORIENTED_EDGE('',*,*,#1571,.F.);
#1571 = EDGE_CURVE('',#1562,#1538,#1572,.T.);
#1572 = LINE('',#1573,#1574);
#1573 = CARTESIAN_POINT('',(31.763065338135,61.775779724121,
    2.530696868896));
#1574 = VECTOR('',#1575,1.);
#1575 = DIRECTION('',(-0.233445664467,0.,-0.972369848227));
#1576 = PLANE('',#1577);
#1577 = AXIS2_PLACEMENT_3D('',#1578,#1579,#1580);
#1578 = CARTESIAN_POINT('',(31.708117485046,53.559463500977,
    2.301822900772));
#1579 = DIRECTION('',(0.972369848227,0.,-0.233445664467));
#1580 = DIRECTION('',(0.233445664467,0.,0.972369848227));
#1581 = ADVANCED_FACE('',(#1582),#1600,.T.);
#1582 = FACE_BOUND('',#1583,.T.);
#1583 = EDGE_LOOP('',(#1584,#1592,#1593,#1594));
#1584 = ORIENTED_EDGE('',*,*,#1585,.F.);
#1585 = EDGE_CURVE('',#191,#1586,#1588,.T.);
#1586 = VERTEX_POINT('',#1587);
#1587 = CARTESIAN_POINT('',(31.800001144409,61.775779724121,
    3.000000476837));
#1588 = LINE('',#1589,#1590);
#1589 = CARTESIAN_POINT('',(31.800001144409,45.343147277832,
    3.000000476837));
#1590 = VECTOR('',#1591,1.);
#1591 = DIRECTION('',(0.,1.,0.));
#1592 = ORIENTED_EDGE('',*,*,#190,.F.);
#1593 = ORIENTED_EDGE('',*,*,#1561,.T.);
#1594 = ORIENTED_EDGE('',*,*,#1595,.F.);
#1595 = EDGE_CURVE('',#1586,#1562,#1596,.T.);
#1596 = LINE('',#1597,#1598);
#1597 = CARTESIAN_POINT('',(31.800001144409,61.775779724121,
    3.000000476837));
#1598 = VECTOR('',#1599,1.);
#1599 = DIRECTION('',(-7.84608085433E-02,0.,-0.99691719893));
#1600 = PLANE('',#1601);
#1601 = AXIS2_PLACEMENT_3D('',#1602,#1603,#1604);
#1602 = CARTESIAN_POINT('',(31.781533241272,53.559463500977,
    2.765348672867));
#1603 = DIRECTION('',(0.99691719893,0.,-7.84608085433E-02));
#1604 = DIRECTION('',(7.84608085433E-02,0.,0.99691719893));
#1605 = ADVANCED_FACE('',(#1606),#2032,.T.);
#1606 = FACE_BOUND('',#1607,.T.);
#1607 = EDGE_LOOP('',(#1608,#1618,#1626,#1634,#1642,#1650,#1658,#1666,
    #1674,#1682,#1690,#1698,#1706,#1714,#1722,#1730,#1738,#1746,#1754,
    #1762,#1770,#1778,#1786,#1794,#1802,#1810,#1818,#1826,#1834,#1842,
    #1850,#1858,#1866,#1874,#1882,#1890,#1896,#1897,#1898,#1906,#1914,
    #1922,#1930,#1938,#1946,#1954,#1962,#1970,#1978,#1986,#1994,#2002,
    #2010,#2018,#2026));
#1608 = ORIENTED_EDGE('',*,*,#1609,.T.);
#1609 = EDGE_CURVE('',#1610,#1612,#1614,.T.);
#1610 = VERTEX_POINT('',#1611);
#1611 = CARTESIAN_POINT('',(31.800001144409,75.30721282959,
    14.533429145813));
#1612 = VERTEX_POINT('',#1613);
#1613 = CARTESIAN_POINT('',(31.800001144409,75.344207763672,
    14.561284065247));
#1614 = LINE('',#1615,#1616);
#1615 = CARTESIAN_POINT('',(31.800001144409,75.30721282959,
    14.533429145813));
#1616 = VECTOR('',#1617,1.);
#1617 = DIRECTION('',(0.,0.798871700504,0.601501459794));
#1618 = ORIENTED_EDGE('',*,*,#1619,.T.);
#1619 = EDGE_CURVE('',#1612,#1620,#1622,.T.);
#1620 = VERTEX_POINT('',#1621);
#1621 = CARTESIAN_POINT('',(31.800001144409,75.344207763672,
    27.438714981079));
#1622 = LINE('',#1623,#1624);
#1623 = CARTESIAN_POINT('',(31.800001144409,75.344207763672,
    14.561284065247));
#1624 = VECTOR('',#1625,1.);
#1625 = DIRECTION('',(0.,0.,1.));
#1626 = ORIENTED_EDGE('',*,*,#1627,.T.);
#1627 = EDGE_CURVE('',#1620,#1628,#1630,.T.);
#1628 = VERTEX_POINT('',#1629);
#1629 = CARTESIAN_POINT('',(31.800001144409,75.30632019043,
    27.466640472412));
#1630 = LINE('',#1631,#1632);
#1631 = CARTESIAN_POINT('',(31.800001144409,75.344207763672,
    27.438714981079));
#1632 = VECTOR('',#1633,1.);
#1633 = DIRECTION('',(0.,-0.804971288716,0.59331376551));
#1634 = ORIENTED_EDGE('',*,*,#1635,.T.);
#1635 = EDGE_CURVE('',#1628,#1636,#1638,.T.);
#1636 = VERTEX_POINT('',#1637);
#1637 = CARTESIAN_POINT('',(31.800001144409,74.617378234863,
    27.974351882935));
#1638 = LINE('',#1639,#1640);
#1639 = CARTESIAN_POINT('',(31.800001144409,75.30632019043,
    27.466640472412));
#1640 = VECTOR('',#1641,1.);
#1641 = DIRECTION('',(0.,-0.805016791277,0.593252025502));
#1642 = ORIENTED_EDGE('',*,*,#1643,.T.);
#1643 = EDGE_CURVE('',#1636,#1644,#1646,.T.);
#1644 = VERTEX_POINT('',#1645);
#1645 = CARTESIAN_POINT('',(31.800001144409,74.390167236328,
    28.104270935059));
#1646 = LINE('',#1647,#1648);
#1647 = CARTESIAN_POINT('',(31.800001144409,74.617378234863,
    27.974351882935));
#1648 = VECTOR('',#1649,1.);
#1649 = DIRECTION('',(0.,-0.868104535497,0.496381421337));
#1650 = ORIENTED_EDGE('',*,*,#1651,.T.);
#1651 = EDGE_CURVE('',#1644,#1652,#1654,.T.);
#1652 = VERTEX_POINT('',#1653);
#1653 = CARTESIAN_POINT('',(31.800001144409,73.654846191406,
    28.524728775024));
#1654 = LINE('',#1655,#1656);
#1655 = CARTESIAN_POINT('',(31.800001144409,74.390167236328,
    28.104270935059));
#1656 = VECTOR('',#1657,1.);
#1657 = DIRECTION('',(0.,-0.868103567137,0.496383114866));
#1658 = ORIENTED_EDGE('',*,*,#1659,.T.);
#1659 = EDGE_CURVE('',#1652,#1660,#1662,.T.);
#1660 = VERTEX_POINT('',#1661);
#1661 = CARTESIAN_POINT('',(31.800001144409,73.165878295898,
    28.757455825806));
#1662 = LINE('',#1663,#1664);
#1663 = CARTESIAN_POINT('',(31.800001144409,73.654846191406,
    28.524728775024));
#1664 = VECTOR('',#1665,1.);
#1665 = DIRECTION('',(0.,-0.902942794695,0.429760758455));
#1666 = ORIENTED_EDGE('',*,*,#1667,.T.);
#1667 = EDGE_CURVE('',#1660,#1668,#1670,.T.);
#1668 = VERTEX_POINT('',#1669);
#1669 = CARTESIAN_POINT('',(31.800001144409,72.656295776367,
    29.000001907349));
#1670 = LINE('',#1671,#1672);
#1671 = CARTESIAN_POINT('',(31.800001144409,73.165878295898,
    28.757455825806));
#1672 = VECTOR('',#1673,1.);
#1673 = DIRECTION('',(0.,-0.902937717998,0.429771424615));
#1674 = ORIENTED_EDGE('',*,*,#1675,.F.);
#1675 = EDGE_CURVE('',#1676,#1668,#1678,.T.);
#1676 = VERTEX_POINT('',#1677);
#1677 = CARTESIAN_POINT('',(31.800001144409,59.728660583496,
    29.000001907349));
#1678 = LINE('',#1679,#1680);
#1679 = CARTESIAN_POINT('',(31.800001144409,59.728660583496,
    29.000001907349));
#1680 = VECTOR('',#1681,1.);
#1681 = DIRECTION('',(0.,1.,0.));
#1682 = ORIENTED_EDGE('',*,*,#1683,.T.);
#1683 = EDGE_CURVE('',#1676,#1684,#1686,.T.);
#1684 = VERTEX_POINT('',#1685);
#1685 = CARTESIAN_POINT('',(31.800001144409,58.790054321289,
    28.9261302948));
#1686 = LINE('',#1687,#1688);
#1687 = CARTESIAN_POINT('',(31.800001144409,59.728660583496,
    29.000001907349));
#1688 = VECTOR('',#1689,1.);
#1689 = DIRECTION('',(0.,-0.996917192695,-7.846088777293E-02));
#1690 = ORIENTED_EDGE('',*,*,#1691,.T.);
#1691 = EDGE_CURVE('',#1684,#1692,#1694,.T.);
#1692 = VERTEX_POINT('',#1693);
#1693 = CARTESIAN_POINT('',(31.800001144409,57.874557495117,
    28.706340789795));
#1694 = LINE('',#1695,#1696);
#1695 = CARTESIAN_POINT('',(31.800001144409,58.790054321289,
    28.9261302948));
#1696 = VECTOR('',#1697,1.);
#1697 = DIRECTION('',(0.,-0.972370363282,-0.233443519101));
#1698 = ORIENTED_EDGE('',*,*,#1699,.T.);
#1699 = EDGE_CURVE('',#1692,#1700,#1702,.T.);
#1700 = VERTEX_POINT('',#1701);
#1701 = CARTESIAN_POINT('',(31.800001144409,57.00471496582,
    28.346038818359));
#1702 = LINE('',#1703,#1704);
#1703 = CARTESIAN_POINT('',(31.800001144409,57.874557495117,
    28.706340789795));
#1704 = VECTOR('',#1705,1.);
#1705 = DIRECTION('',(0.,-0.923879007286,-0.38268470037));
#1706 = ORIENTED_EDGE('',*,*,#1707,.T.);
#1707 = EDGE_CURVE('',#1700,#1708,#1710,.T.);
#1708 = VERTEX_POINT('',#1709);
#1709 = CARTESIAN_POINT('',(31.800001144409,56.201946258545,
    27.854103088379));
#1710 = LINE('',#1711,#1712);
#1711 = CARTESIAN_POINT('',(31.800001144409,57.00471496582,
    28.346038818359));
#1712 = VECTOR('',#1713,1.);
#1713 = DIRECTION('',(0.,-0.852640905605,-0.522497355102));
#1714 = ORIENTED_EDGE('',*,*,#1715,.T.);
#1715 = EDGE_CURVE('',#1708,#1716,#1718,.T.);
#1716 = VERTEX_POINT('',#1717);
#1717 = CARTESIAN_POINT('',(31.800001144409,55.486019134521,
    27.242641448975));
#1718 = LINE('',#1719,#1720);
#1719 = CARTESIAN_POINT('',(31.800001144409,56.201946258545,
    27.854103088379));
#1720 = VECTOR('',#1721,1.);
#1721 = DIRECTION('',(0.,-0.760404858549,-0.649449344518));
#1722 = ORIENTED_EDGE('',*,*,#1723,.T.);
#1723 = EDGE_CURVE('',#1716,#1724,#1726,.T.);
#1724 = VERTEX_POINT('',#1725);
#1725 = CARTESIAN_POINT('',(31.800001144409,54.874557495117,
    26.526712417603));
#1726 = LINE('',#1727,#1728);
#1727 = CARTESIAN_POINT('',(31.800001144409,55.486019134521,
    27.242641448975));
#1728 = VECTOR('',#1729,1.);
#1729 = DIRECTION('',(0.,-0.649448344067,-0.760405713017));
#1730 = ORIENTED_EDGE('',*,*,#1731,.T.);
#1731 = EDGE_CURVE('',#1724,#1732,#1734,.T.);
#1732 = VERTEX_POINT('',#1733);
#1733 = CARTESIAN_POINT('',(31.800001144409,54.382617950439,
    25.723943710327));
#1734 = LINE('',#1735,#1736);
#1735 = CARTESIAN_POINT('',(31.800001144409,54.874557495117,
    26.526712417603));
#1736 = VECTOR('',#1737,1.);
#1737 = DIRECTION('',(0.,-0.522500300655,-0.852639100567));
#1738 = ORIENTED_EDGE('',*,*,#1739,.T.);
#1739 = EDGE_CURVE('',#1732,#1740,#1742,.T.);
#1740 = VERTEX_POINT('',#1741);
#1741 = CARTESIAN_POINT('',(31.800001144409,54.022319793701,
    24.85410118103));
#1742 = LINE('',#1743,#1744);
#1743 = CARTESIAN_POINT('',(31.800001144409,54.382617950439,
    25.723943710327));
#1744 = VECTOR('',#1745,1.);
#1745 = DIRECTION('',(0.,-0.382681242045,-0.923880439768));
#1746 = ORIENTED_EDGE('',*,*,#1747,.T.);
#1747 = EDGE_CURVE('',#1740,#1748,#1750,.T.);
#1748 = VERTEX_POINT('',#1749);
#1749 = CARTESIAN_POINT('',(31.800001144409,53.802528381348,
    23.938608169556));
#1750 = LINE('',#1751,#1752);
#1751 = CARTESIAN_POINT('',(31.800001144409,54.022319793701,
    24.85410118103));
#1752 = VECTOR('',#1753,1.);
#1753 = DIRECTION('',(0.,-0.233446354254,-0.972369682624));
#1754 = ORIENTED_EDGE('',*,*,#1755,.T.);
#1755 = EDGE_CURVE('',#1748,#1756,#1758,.T.);
#1756 = VERTEX_POINT('',#1757);
#1757 = CARTESIAN_POINT('',(31.800001144409,53.728660583496,23.));
#1758 = LINE('',#1759,#1760);
#1759 = CARTESIAN_POINT('',(31.800001144409,53.802528381348,
    23.938608169556));
#1760 = VECTOR('',#1761,1.);
#1761 = DIRECTION('',(0.,-7.845670257718E-02,-0.996917522075));
#1762 = ORIENTED_EDGE('',*,*,#1763,.T.);
#1763 = EDGE_CURVE('',#1756,#1764,#1766,.T.);
#1764 = VERTEX_POINT('',#1765);
#1765 = CARTESIAN_POINT('',(31.800001144409,53.728660583496,
    18.124248504639));
#1766 = LINE('',#1767,#1768);
#1767 = CARTESIAN_POINT('',(31.800001144409,53.728660583496,23.));
#1768 = VECTOR('',#1769,1.);
#1769 = DIRECTION('',(0.,0.,-1.));
#1770 = ORIENTED_EDGE('',*,*,#1771,.T.);
#1771 = EDGE_CURVE('',#1764,#1772,#1774,.T.);
#1772 = VERTEX_POINT('',#1773);
#1773 = CARTESIAN_POINT('',(31.800001144409,53.653823852539,
    17.179567337036));
#1774 = LINE('',#1775,#1776);
#1775 = CARTESIAN_POINT('',(31.800001144409,53.728660583496,
    18.124248504639));
#1776 = VECTOR('',#1777,1.);
#1777 = DIRECTION('',(0.,-7.897162370977E-02,-0.996876864336));
#1778 = ORIENTED_EDGE('',*,*,#1779,.T.);
#1779 = EDGE_CURVE('',#1772,#1780,#1782,.T.);
#1780 = VERTEX_POINT('',#1781);
#1781 = CARTESIAN_POINT('',(31.800001144409,53.431186676025,
    16.258451461792));
#1782 = LINE('',#1783,#1784);
#1783 = CARTESIAN_POINT('',(31.800001144409,53.653823852539,
    17.179567337036));
#1784 = VECTOR('',#1785,1.);
#1785 = DIRECTION('',(0.,-0.234938533537,-0.972010229092));
#1786 = ORIENTED_EDGE('',*,*,#1787,.T.);
#1787 = EDGE_CURVE('',#1780,#1788,#1790,.T.);
#1788 = VERTEX_POINT('',#1789);
#1789 = CARTESIAN_POINT('',(31.800001144409,53.066295623779,
    15.383878707886));
#1790 = LINE('',#1791,#1792);
#1791 = CARTESIAN_POINT('',(31.800001144409,53.431186676025,
    16.258451461792));
#1792 = VECTOR('',#1793,1.);
#1793 = DIRECTION('',(0.,-0.385052092906,-0.922894840027));
#1794 = ORIENTED_EDGE('',*,*,#1795,.T.);
#1795 = EDGE_CURVE('',#1788,#1796,#1798,.T.);
#1796 = VERTEX_POINT('',#1797);
#1797 = CARTESIAN_POINT('',(31.800001144409,52.568260192871,
    14.577664375305));
#1798 = LINE('',#1799,#1800);
#1799 = CARTESIAN_POINT('',(31.800001144409,53.066295623779,
    15.383878707886));
#1800 = VECTOR('',#1801,1.);
#1801 = DIRECTION('',(0.,-0.525553620663,-0.850760478518));
#1802 = ORIENTED_EDGE('',*,*,#1803,.T.);
#1803 = EDGE_CURVE('',#1796,#1804,#1806,.T.);
#1804 = VERTEX_POINT('',#1805);
#1805 = CARTESIAN_POINT('',(31.800001144409,51.9494972229,
    13.859919548035));
#1806 = LINE('',#1807,#1808);
#1807 = CARTESIAN_POINT('',(31.800001144409,52.568260192871,
    14.577664375305));
#1808 = VECTOR('',#1809,1.);
#1809 = DIRECTION('',(0.,-0.652950173057,-0.757400865794));
#1810 = ORIENTED_EDGE('',*,*,#1811,.T.);
#1811 = EDGE_CURVE('',#1804,#1812,#1814,.T.);
#1812 = VERTEX_POINT('',#1813);
#1813 = CARTESIAN_POINT('',(31.800001144409,51.225448608398,
    13.248547554016));
#1814 = LINE('',#1815,#1816);
#1815 = CARTESIAN_POINT('',(31.800001144409,51.9494972229,
    13.859919548035));
#1816 = VECTOR('',#1817,1.);
#1817 = DIRECTION('',(0.,-0.764054278155,-0.645151966619));
#1818 = ORIENTED_EDGE('',*,*,#1819,.T.);
#1819 = EDGE_CURVE('',#1812,#1820,#1822,.T.);
#1820 = VERTEX_POINT('',#1821);
#1821 = CARTESIAN_POINT('',(31.800001144409,50.414169311523,
    12.758801460266));
#1822 = LINE('',#1823,#1824);
#1823 = CARTESIAN_POINT('',(31.800001144409,51.225448608398,
    13.248547554016));
#1824 = VECTOR('',#1825,1.);
#1825 = DIRECTION('',(0.,-0.856103157888,-0.516804975842));
#1826 = ORIENTED_EDGE('',*,*,#1827,.T.);
#1827 = EDGE_CURVE('',#1820,#1828,#1830,.T.);
#1828 = VERTEX_POINT('',#1829);
#1829 = CARTESIAN_POINT('',(31.800001144409,49.535903930664,
    12.402897834778));
#1830 = LINE('',#1831,#1832);
#1831 = CARTESIAN_POINT('',(31.800001144409,50.414169311523,
    12.758801460266));
#1832 = VECTOR('',#1833,1.);
#1833 = DIRECTION('',(0.,-0.926794337136,-0.375569243485));
#1834 = ORIENTED_EDGE('',*,*,#1835,.T.);
#1835 = EDGE_CURVE('',#1828,#1836,#1838,.T.);
#1836 = VERTEX_POINT('',#1837);
#1837 = CARTESIAN_POINT('',(31.800001144409,48.657634735107,
    12.046993255615));
#1838 = LINE('',#1839,#1840);
#1839 = CARTESIAN_POINT('',(31.800001144409,49.535903930664,
    12.402897834778));
#1840 = VECTOR('',#1841,1.);
#1841 = DIRECTION('',(0.,-0.926794554646,-0.375568706736));
#1842 = ORIENTED_EDGE('',*,*,#1843,.T.);
#1843 = EDGE_CURVE('',#1836,#1844,#1846,.T.);
#1844 = VERTEX_POINT('',#1845);
#1845 = CARTESIAN_POINT('',(31.800001144409,47.84635925293,
    11.557246208191));
#1846 = LINE('',#1847,#1848);
#1847 = CARTESIAN_POINT('',(31.800001144409,48.657634735107,
    12.046993255615));
#1848 = VECTOR('',#1849,1.);
#1849 = DIRECTION('',(0.,-0.856101637474,-0.516807494444));
#1850 = ORIENTED_EDGE('',*,*,#1851,.T.);
#1851 = EDGE_CURVE('',#1844,#1852,#1854,.T.);
#1852 = VERTEX_POINT('',#1853);
#1853 = CARTESIAN_POINT('',(31.800001144409,47.12230682373,
    10.945876121521));
#1854 = LINE('',#1855,#1856);
#1855 = CARTESIAN_POINT('',(31.800001144409,47.84635925293,
    11.557246208191));
#1856 = VECTOR('',#1857,1.);
#1857 = DIRECTION('',(0.,-0.764056945769,-0.645148807348));
#1858 = ORIENTED_EDGE('',*,*,#1859,.T.);
#1859 = EDGE_CURVE('',#1852,#1860,#1862,.T.);
#1860 = VERTEX_POINT('',#1861);
#1861 = CARTESIAN_POINT('',(31.800001144409,46.503547668457,
    10.22813129425));
#1862 = LINE('',#1863,#1864);
#1863 = CARTESIAN_POINT('',(31.800001144409,47.12230682373,
    10.945876121521));
#1864 = VECTOR('',#1865,1.);
#1865 = DIRECTION('',(0.,-0.652947863817,-0.757402856568));
#1866 = ORIENTED_EDGE('',*,*,#1867,.T.);
#1867 = EDGE_CURVE('',#1860,#1868,#1870,.T.);
#1868 = VERTEX_POINT('',#1869);
#1869 = CARTESIAN_POINT('',(31.800001144409,46.005508422852,
    9.421916007996));
#1870 = LINE('',#1871,#1872);
#1871 = CARTESIAN_POINT('',(31.800001144409,46.503547668457,
    10.22813129425));
#1872 = VECTOR('',#1873,1.);
#1873 = DIRECTION('',(0.,-0.525556084297,-0.850758956614));
#1874 = ORIENTED_EDGE('',*,*,#1875,.T.);
#1875 = EDGE_CURVE('',#1868,#1876,#1878,.T.);
#1876 = VERTEX_POINT('',#1877);
#1877 = CARTESIAN_POINT('',(31.800001144409,45.640621185303,
    8.547342300415));
#1878 = LINE('',#1879,#1880);
#1879 = CARTESIAN_POINT('',(31.800001144409,46.005508422852,
    9.421916007996));
#1880 = VECTOR('',#1881,1.);
#1881 = DIRECTION('',(0.,-0.385048306644,-0.92289641973));
#1882 = ORIENTED_EDGE('',*,*,#1883,.T.);
#1883 = EDGE_CURVE('',#1876,#1884,#1886,.T.);
#1884 = VERTEX_POINT('',#1885);
#1885 = CARTESIAN_POINT('',(31.800001144409,45.417984008789,
    7.626225948334));
#1886 = LINE('',#1887,#1888);
#1887 = CARTESIAN_POINT('',(31.800001144409,45.640621185303,
    8.547342300415));
#1888 = VECTOR('',#1889,1.);
#1889 = DIRECTION('',(0.,-0.234938418629,-0.972010256866));
#1890 = ORIENTED_EDGE('',*,*,#1891,.T.);
#1891 = EDGE_CURVE('',#1884,#199,#1892,.T.);
#1892 = LINE('',#1893,#1894);
#1893 = CARTESIAN_POINT('',(31.800001144409,45.417984008789,
    7.626225948334));
#1894 = VECTOR('',#1895,1.);
#1895 = DIRECTION('',(0.,-7.89716633229E-02,-0.996876861198));
#1896 = ORIENTED_EDGE('',*,*,#198,.T.);
#1897 = ORIENTED_EDGE('',*,*,#1585,.T.);
#1898 = ORIENTED_EDGE('',*,*,#1899,.T.);
#1899 = EDGE_CURVE('',#1586,#1900,#1902,.T.);
#1900 = VERTEX_POINT('',#1901);
#1901 = CARTESIAN_POINT('',(31.800001144409,61.775779724121,7.));
#1902 = LINE('',#1903,#1904);
#1903 = CARTESIAN_POINT('',(31.800001144409,61.775779724121,
    3.000000476837));
#1904 = VECTOR('',#1905,1.);
#1905 = DIRECTION('',(0.,0.,1.));
#1906 = ORIENTED_EDGE('',*,*,#1907,.T.);
#1907 = EDGE_CURVE('',#1900,#1908,#1910,.T.);
#1908 = VERTEX_POINT('',#1909);
#1909 = CARTESIAN_POINT('',(31.800001144409,61.84965133667,
    7.938606739044));
#1910 = LINE('',#1911,#1912);
#1911 = CARTESIAN_POINT('',(31.800001144409,61.775779724121,7.));
#1912 = VECTOR('',#1913,1.);
#1913 = DIRECTION('',(0.,7.84608481581E-02,0.996917195812));
#1914 = ORIENTED_EDGE('',*,*,#1915,.T.);
#1915 = EDGE_CURVE('',#1908,#1916,#1918,.T.);
#1916 = VERTEX_POINT('',#1917);
#1917 = CARTESIAN_POINT('',(31.800001144409,62.069442749023,
    8.854102134705));
#1918 = LINE('',#1919,#1920);
#1919 = CARTESIAN_POINT('',(31.800001144409,61.84965133667,
    7.938606739044));
#1920 = VECTOR('',#1921,1.);
#1921 = DIRECTION('',(0.,0.233445779431,0.972369820627));
#1922 = ORIENTED_EDGE('',*,*,#1923,.T.);
#1923 = EDGE_CURVE('',#1916,#1924,#1926,.T.);
#1924 = VERTEX_POINT('',#1925);
#1925 = CARTESIAN_POINT('',(31.800001144409,62.429740905762,
    9.723942756653));
#1926 = LINE('',#1927,#1928);
#1927 = CARTESIAN_POINT('',(31.800001144409,62.069442749023,
    8.854102134705));
#1928 = VECTOR('',#1929,1.);
#1929 = DIRECTION('',(0.,0.382681958286,0.923880143094));
#1930 = ORIENTED_EDGE('',*,*,#1931,.T.);
#1931 = EDGE_CURVE('',#1924,#1932,#1934,.T.);
#1932 = VERTEX_POINT('',#1933);
#1933 = CARTESIAN_POINT('',(31.800001144409,62.921680450439,
    10.526712417603));
#1934 = LINE('',#1935,#1936);
#1935 = CARTESIAN_POINT('',(31.800001144409,62.429740905762,
    9.723942756653));
#1936 = VECTOR('',#1937,1.);
#1937 = DIRECTION('',(0.,0.522499849395,0.8526393771));
#1938 = ORIENTED_EDGE('',*,*,#1939,.T.);
#1939 = EDGE_CURVE('',#1932,#1940,#1942,.T.);
#1940 = VERTEX_POINT('',#1941);
#1941 = CARTESIAN_POINT('',(31.800001144409,63.533142089844,
    11.242641448975));
#1942 = LINE('',#1943,#1944);
#1943 = CARTESIAN_POINT('',(31.800001144409,62.921680450439,
    10.526712417603));
#1944 = VECTOR('',#1945,1.);
#1945 = DIRECTION('',(0.,0.649448344067,0.760405713017));
#1946 = ORIENTED_EDGE('',*,*,#1947,.T.);
#1947 = EDGE_CURVE('',#1940,#1948,#1950,.T.);
#1948 = VERTEX_POINT('',#1949);
#1949 = CARTESIAN_POINT('',(31.800001144409,64.249069213867,
    11.854102134705));
#1950 = LINE('',#1951,#1952);
#1951 = CARTESIAN_POINT('',(31.800001144409,63.533142089844,
    11.242641448975));
#1952 = VECTOR('',#1953,1.);
#1953 = DIRECTION('',(0.,0.760405358775,0.64944875883));
#1954 = ORIENTED_EDGE('',*,*,#1955,.T.);
#1955 = EDGE_CURVE('',#1948,#1956,#1958,.T.);
#1956 = VERTEX_POINT('',#1957);
#1957 = CARTESIAN_POINT('',(31.800001144409,65.05184173584,
    12.346039772034));
#1958 = LINE('',#1959,#1960);
#1959 = CARTESIAN_POINT('',(31.800001144409,64.249069213867,
    11.854102134705));
#1960 = VECTOR('',#1961,1.);
#1961 = DIRECTION('',(0.,0.85264110921,0.522497022848));
#1962 = ORIENTED_EDGE('',*,*,#1963,.T.);
#1963 = EDGE_CURVE('',#1956,#1964,#1966,.T.);
#1964 = VERTEX_POINT('',#1965);
#1965 = CARTESIAN_POINT('',(31.800001144409,65.921676635742,
    12.706338882446));
#1966 = LINE('',#1967,#1968);
#1967 = CARTESIAN_POINT('',(31.800001144409,65.05184173584,
    12.346039772034));
#1968 = VECTOR('',#1969,1.);
#1969 = DIRECTION('',(0.,0.923878894934,0.382684971609));
#1970 = ORIENTED_EDGE('',*,*,#1971,.T.);
#1971 = EDGE_CURVE('',#1964,#1972,#1974,.T.);
#1972 = VERTEX_POINT('',#1973);
#1973 = CARTESIAN_POINT('',(31.800001144409,66.837173461914,
    12.9261302948));
#1974 = LINE('',#1975,#1976);
#1975 = CARTESIAN_POINT('',(31.800001144409,65.921676635742,
    12.706338882446));
#1976 = VECTOR('',#1977,1.);
#1977 = DIRECTION('',(0.,0.972369903428,0.233445434539));
#1978 = ORIENTED_EDGE('',*,*,#1979,.T.);
#1979 = EDGE_CURVE('',#1972,#1980,#1982,.T.);
#1980 = VERTEX_POINT('',#1981);
#1981 = CARTESIAN_POINT('',(31.800001144409,67.775779724121,13.));
#1982 = LINE('',#1983,#1984);
#1983 = CARTESIAN_POINT('',(31.800001144409,66.837173461914,
    12.9261302948));
#1984 = VECTOR('',#1985,1.);
#1985 = DIRECTION('',(0.,0.996917351152,7.845887440106E-02));
#1986 = ORIENTED_EDGE('',*,*,#1987,.F.);
#1987 = EDGE_CURVE('',#1988,#1980,#1990,.T.);
#1988 = VERTEX_POINT('',#1989);
#1989 = CARTESIAN_POINT('',(31.800001144409,72.656295776367,13.));
#1990 = LINE('',#1991,#1992);
#1991 = CARTESIAN_POINT('',(31.800001144409,72.656295776367,13.));
#1992 = VECTOR('',#1993,1.);
#1993 = DIRECTION('',(0.,-1.,0.));
#1994 = ORIENTED_EDGE('',*,*,#1995,.T.);
#1995 = EDGE_CURVE('',#1988,#1996,#1998,.T.);
#1996 = VERTEX_POINT('',#1997);
#1997 = CARTESIAN_POINT('',(31.800001144409,73.159309387207,
    13.242516517639));
#1998 = LINE('',#1999,#2000);
#1999 = CARTESIAN_POINT('',(31.800001144409,72.656295776367,13.));
#2000 = VECTOR('',#2001,1.);
#2001 = DIRECTION('',(0.,0.900774216945,0.434287704279));
#2002 = ORIENTED_EDGE('',*,*,#2003,.T.);
#2003 = EDGE_CURVE('',#1996,#2004,#2006,.T.);
#2004 = VERTEX_POINT('',#2005);
#2005 = CARTESIAN_POINT('',(31.800001144409,73.805450439453,
    13.554039955139));
#2006 = LINE('',#2007,#2008);
#2007 = CARTESIAN_POINT('',(31.800001144409,73.159309387207,
    13.242516517639));
#2008 = VECTOR('',#2009,1.);
#2009 = DIRECTION('',(0.,0.900773510855,0.434289168805));
#2010 = ORIENTED_EDGE('',*,*,#2011,.T.);
#2011 = EDGE_CURVE('',#2004,#2012,#2014,.T.);
#2012 = VERTEX_POINT('',#2013);
#2013 = CARTESIAN_POINT('',(31.800001144409,74.383674621582,
    13.895318984985));
#2014 = LINE('',#2015,#2016);
#2015 = CARTESIAN_POINT('',(31.800001144409,73.805450439453,
    13.554039955139));
#2016 = VECTOR('',#2017,1.);
#2017 = DIRECTION('',(0.,0.861186619326,0.508288900817));
#2018 = ORIENTED_EDGE('',*,*,#2019,.T.);
#2019 = EDGE_CURVE('',#2012,#2020,#2022,.T.);
#2020 = VERTEX_POINT('',#2021);
#2021 = CARTESIAN_POINT('',(31.800001144409,74.735542297363,
    14.103002548218));
#2022 = LINE('',#2023,#2024);
#2023 = CARTESIAN_POINT('',(31.800001144409,74.383674621582,
    13.895318984985));
#2024 = VECTOR('',#2025,1.);
#2025 = DIRECTION('',(0.,0.861181803011,0.508297060942));
#2026 = ORIENTED_EDGE('',*,*,#2027,.T.);
#2027 = EDGE_CURVE('',#2020,#1610,#2028,.T.);
#2028 = LINE('',#2029,#2030);
#2029 = CARTESIAN_POINT('',(31.800001144409,74.735542297363,
    14.103002548218));
#2030 = VECTOR('',#2031,1.);
#2031 = DIRECTION('',(0.,0.798875929938,0.601495842517));
#2032 = PLANE('',#2033);
#2033 = AXIS2_PLACEMENT_3D('',#2034,#2035,#2036);
#2034 = CARTESIAN_POINT('',(31.800001144409,60.720244640699,
    15.708963155399));
#2035 = DIRECTION('',(1.,0.,0.));
#2036 = DIRECTION('',(0.,0.,1.));
#2037 = ADVANCED_FACE('',(#2038),#2055,.T.);
#2038 = FACE_BOUND('',#2039,.T.);
#2039 = EDGE_LOOP('',(#2040,#2048,#2054));
#2040 = ORIENTED_EDGE('',*,*,#2041,.T.);
#2041 = EDGE_CURVE('',#199,#2042,#2044,.T.);
#2042 = VERTEX_POINT('',#2043);
#2043 = CARTESIAN_POINT('',(28.092350006104,45.351600646973,7.));
#2044 = LINE('',#2045,#2046);
#2045 = CARTESIAN_POINT('',(31.800001144409,45.343147277832,
    6.681545257568));
#2046 = VECTOR('',#2047,1.);
#2047 = DIRECTION('',(-0.996329061631,2.271609984144E-03,
    8.557593550826E-02));
#2048 = ORIENTED_EDGE('',*,*,#2049,.T.);
#2049 = EDGE_CURVE('',#2042,#207,#2050,.T.);
#2050 = LINE('',#2051,#2052);
#2051 = CARTESIAN_POINT('',(28.092350006104,45.351600646973,7.));
#2052 = VECTOR('',#2053,1.);
#2053 = DIRECTION('',(-5.312781269681E-02,-2.64981393059E-02,
    -0.99823608637));
#2054 = ORIENTED_EDGE('',*,*,#206,.F.);
#2055 = PLANE('',#2056);
#2056 = AXIS2_PLACEMENT_3D('',#2057,#2058,#2059);
#2057 = CARTESIAN_POINT('',(29.865599211457,45.345346550642,
    6.764396112009));
#2058 = DIRECTION('',(0.,-0.99964786857,2.653561501121E-02));
#2059 = DIRECTION('',(0.,-2.653561501121E-02,-0.99964786857));
#2060 = ADVANCED_FACE('',(#2061),#2078,.T.);
#2061 = FACE_BOUND('',#2062,.T.);
#2062 = EDGE_LOOP('',(#2063,#2064,#2072));
#2063 = ORIENTED_EDGE('',*,*,#214,.F.);
#2064 = ORIENTED_EDGE('',*,*,#2065,.F.);
#2065 = EDGE_CURVE('',#2066,#207,#2068,.T.);
#2066 = VERTEX_POINT('',#2067);
#2067 = CARTESIAN_POINT('',(28.055416107178,61.775779724121,
    6.530696868896));
#2068 = LINE('',#2069,#2070);
#2069 = CARTESIAN_POINT('',(28.055416107178,61.775779724121,
    6.530696868896));
#2070 = VECTOR('',#2071,1.);
#2071 = DIRECTION('',(1.216137599982E-03,-0.999957128773,
    9.179413104348E-03));
#2072 = ORIENTED_EDGE('',*,*,#2073,.T.);
#2073 = EDGE_CURVE('',#2066,#215,#2074,.T.);
#2074 = LINE('',#2075,#2076);
#2075 = CARTESIAN_POINT('',(28.055416107178,61.775779724121,
    6.530696868896));
#2076 = VECTOR('',#2077,1.);
#2077 = DIRECTION('',(0.,-1.,0.));
#2078 = PLANE('',#2079);
#2079 = AXIS2_PLACEMENT_3D('',#2080,#2081,#2082);
#2080 = CARTESIAN_POINT('',(28.060435539343,53.521598004631,
    6.568583569706));
#2081 = DIRECTION('',(-0.991337686012,0.,0.131337703242));
#2082 = DIRECTION('',(-0.131337703242,0.,-0.991337686012));
#2083 = ADVANCED_FACE('',(#2084),#2102,.T.);
#2084 = FACE_BOUND('',#2085,.T.);
#2085 = EDGE_LOOP('',(#2086,#2087,#2095,#2101));
#2086 = ORIENTED_EDGE('',*,*,#2073,.F.);
#2087 = ORIENTED_EDGE('',*,*,#2088,.F.);
#2088 = EDGE_CURVE('',#2089,#2066,#2091,.T.);
#2089 = VERTEX_POINT('',#2090);
#2090 = CARTESIAN_POINT('',(27.945520401001,61.775779724121,
    6.072948932648));
#2091 = LINE('',#2092,#2093);
#2092 = CARTESIAN_POINT('',(27.945520401001,61.775779724121,
    6.072948932648));
#2093 = VECTOR('',#2094,1.);
#2094 = DIRECTION('',(0.233445664467,0.,0.972369848227));
#2095 = ORIENTED_EDGE('',*,*,#2096,.T.);
#2096 = EDGE_CURVE('',#2089,#223,#2097,.T.);
#2097 = LINE('',#2098,#2099);
#2098 = CARTESIAN_POINT('',(27.945520401001,61.775779724121,
    6.072948932648));
#2099 = VECTOR('',#2100,1.);
#2100 = DIRECTION('',(0.,-1.,0.));
#2101 = ORIENTED_EDGE('',*,*,#222,.F.);
#2102 = PLANE('',#2103);
#2103 = AXIS2_PLACEMENT_3D('',#2104,#2105,#2106);
#2104 = CARTESIAN_POINT('',(28.000468254089,53.559463500977,
    6.301822900772));
#2105 = DIRECTION('',(-0.972369848227,0.,0.233445664467));
#2106 = DIRECTION('',(-0.233445664467,0.,-0.972369848227));
#2107 = ADVANCED_FACE('',(#2108),#2126,.T.);
#2108 = FACE_BOUND('',#2109,.T.);
#2109 = EDGE_LOOP('',(#2110,#2111,#2119,#2125));
#2110 = ORIENTED_EDGE('',*,*,#2096,.F.);
#2111 = ORIENTED_EDGE('',*,*,#2112,.F.);
#2112 = EDGE_CURVE('',#2113,#2089,#2115,.T.);
#2113 = VERTEX_POINT('',#2114);
#2114 = CARTESIAN_POINT('',(27.765371322632,61.775779724121,
    5.638029098511));
#2115 = LINE('',#2116,#2117);
#2116 = CARTESIAN_POINT('',(27.765371322632,61.775779724121,
    5.638029098511));
#2117 = VECTOR('',#2118,1.);
#2118 = DIRECTION('',(0.382682316407,0.,0.923879994755));
#2119 = ORIENTED_EDGE('',*,*,#2120,.T.);
#2120 = EDGE_CURVE('',#2113,#231,#2121,.T.);
#2121 = LINE('',#2122,#2123);
#2122 = CARTESIAN_POINT('',(27.765371322632,61.775779724121,
    5.638029098511));
#2123 = VECTOR('',#2124,1.);
#2124 = DIRECTION('',(0.,-1.,0.));
#2125 = ORIENTED_EDGE('',*,*,#230,.F.);
#2126 = PLANE('',#2127);
#2127 = AXIS2_PLACEMENT_3D('',#2128,#2129,#2130);
#2128 = CARTESIAN_POINT('',(27.855445861816,53.559463500977,
    5.855489015579));
#2129 = DIRECTION('',(-0.923879994755,0.,0.382682316407));
#2130 = DIRECTION('',(-0.382682316407,0.,-0.923879994755));
#2131 = ADVANCED_FACE('',(#2132),#2143,.T.);
#2132 = FACE_BOUND('',#2133,.T.);
#2133 = EDGE_LOOP('',(#2134,#2135,#2141,#2142));
#2134 = ORIENTED_EDGE('',*,*,#2120,.F.);
#2135 = ORIENTED_EDGE('',*,*,#2136,.F.);
#2136 = EDGE_CURVE('',#299,#2113,#2137,.T.);
#2137 = LINE('',#2138,#2139);
#2138 = CARTESIAN_POINT('',(27.519403457642,61.775779724121,
    5.236644268036));
#2139 = VECTOR('',#2140,1.);
#2140 = DIRECTION('',(0.522496903843,0.,0.852641182136));
#2141 = ORIENTED_EDGE('',*,*,#298,.T.);
#2142 = ORIENTED_EDGE('',*,*,#238,.F.);
#2143 = PLANE('',#2144);
#2144 = AXIS2_PLACEMENT_3D('',#2145,#2146,#2147);
#2145 = CARTESIAN_POINT('',(27.642387390137,53.559463500977,
    5.437336683273));
#2146 = DIRECTION('',(-0.852641182136,0.,0.522496903843));
#2147 = DIRECTION('',(-0.522496903843,0.,-0.852641182136));
#2148 = ADVANCED_FACE('',(#2149),#2166,.T.);
#2149 = FACE_BOUND('',#2150,.T.);
#2150 = EDGE_LOOP('',(#2151,#2159,#2165));
#2151 = ORIENTED_EDGE('',*,*,#2152,.F.);
#2152 = EDGE_CURVE('',#2153,#22,#2155,.T.);
#2153 = VERTEX_POINT('',#2154);
#2154 = CARTESIAN_POINT('',(29.191753387451,51.881271362305,
    2.568867057562E-02));
#2155 = LINE('',#2156,#2157);
#2156 = CARTESIAN_POINT('',(29.191753387451,51.881271362305,
    2.568867057562E-02));
#2157 = VECTOR('',#2158,1.);
#2158 = DIRECTION('',(1.1860484377E-02,-0.999928182605,1.72004133916E-03
    ));
#2159 = ORIENTED_EDGE('',*,*,#2160,.F.);
#2160 = EDGE_CURVE('',#254,#2153,#2161,.T.);
#2161 = LINE('',#2162,#2163);
#2162 = CARTESIAN_POINT('',(29.231475830078,52.042930603027,
    3.151968121529E-02));
#2163 = VECTOR('',#2164,1.);
#2164 = DIRECTION('',(-0.23847289125,-0.97051802414,-3.500635595871E-02)
  );
#2165 = ORIENTED_EDGE('',*,*,#253,.T.);
#2166 = PLANE('',#2167);
#2167 = AXIS2_PLACEMENT_3D('',#2168,#2169,#2170);
#2168 = CARTESIAN_POINT('',(29.240220510537,48.694233698614,
    3.273552855345E-02));
#2169 = DIRECTION('',(0.145158391694,1.982686024512E-05,-0.989408429784)
  );
#2170 = DIRECTION('',(-0.989408429979,-4.033459326183E-23,
    -0.145158391722));
#2171 = ADVANCED_FACE('',(#2172),#2187,.T.);
#2172 = FACE_BOUND('',#2173,.T.);
#2173 = EDGE_LOOP('',(#2174,#2180,#2186));
#2174 = ORIENTED_EDGE('',*,*,#2175,.T.);
#2175 = EDGE_CURVE('',#254,#934,#2176,.T.);
#2176 = LINE('',#2177,#2178);
#2177 = CARTESIAN_POINT('',(29.231475830078,52.042930603027,
    3.151968121529E-02));
#2178 = VECTOR('',#2179,1.);
#2179 = DIRECTION('',(3.320553779091E-03,-8.158465952712E-04,
    0.999994154141));
#2180 = ORIENTED_EDGE('',*,*,#2181,.F.);
#2181 = EDGE_CURVE('',#32,#934,#2182,.T.);
#2182 = LINE('',#2183,#2184);
#2183 = CARTESIAN_POINT('',(29.269283294678,52.196804046631,
    3.707036375999E-02));
#2184 = VECTOR('',#2185,1.);
#2185 = DIRECTION('',(-1.587902597798E-02,-7.895057527424E-02,
    0.996752057032));
#2186 = ORIENTED_EDGE('',*,*,#261,.T.);
#2187 = PLANE('',#2188);
#2188 = AXIS2_PLACEMENT_3D('',#2189,#2190,#2191);
#2189 = CARTESIAN_POINT('',(29.244437196008,52.08212377647,0.97910720556
    ));
#2190 = DIRECTION('',(-0.971138867634,0.238490268327,3.41931029917E-03)
  );
#2191 = DIRECTION('',(-0.238491662516,-0.971144544808,1.531883712569E-20
    ));
#2192 = ADVANCED_FACE('',(#2193),#2210,.T.);
#2193 = FACE_BOUND('',#2194,.T.);
#2194 = EDGE_LOOP('',(#2195,#2203,#2204));
#2195 = ORIENTED_EDGE('',*,*,#2196,.F.);
#2196 = EDGE_CURVE('',#24,#2197,#2199,.T.);
#2197 = VERTEX_POINT('',#2198);
#2198 = CARTESIAN_POINT('',(29.299299240112,52.449214935303,
    4.189275205135E-02));
#2199 = LINE('',#2200,#2201);
#2200 = CARTESIAN_POINT('',(29.72705078125,45.343147277832,
    0.146830454469));
#2201 = VECTOR('',#2202,1.);
#2202 = DIRECTION('',(-6.007996383389E-02,0.998084745005,
    -1.47390547075E-02));
#2203 = ORIENTED_EDGE('',*,*,#275,.F.);
#2204 = ORIENTED_EDGE('',*,*,#2205,.F.);
#2205 = EDGE_CURVE('',#2197,#276,#2206,.T.);
#2206 = LINE('',#2207,#2208);
#2207 = CARTESIAN_POINT('',(29.299299240112,52.449214935303,
    4.189275205135E-02));
#2208 = VECTOR('',#2209,1.);
#2209 = DIRECTION('',(-9.305957625889E-02,-0.995537852592,
    -1.563007751182E-02));
#2210 = PLANE('',#2211);
#2211 = AXIS2_PLACEMENT_3D('',#2212,#2213,#2214);
#2212 = CARTESIAN_POINT('',(29.505090058107,48.896295962426,
    9.275833027201E-02));
#2213 = DIRECTION('',(0.194476885221,-2.778743187297E-03,-0.980903165303
    ));
#2214 = DIRECTION('',(-0.980906952304,-5.993015008367E-21,
    -0.194477636044));
#2215 = ADVANCED_FACE('',(#2216),#2226,.T.);
#2216 = FACE_BOUND('',#2217,.T.);
#2217 = EDGE_LOOP('',(#2218,#2224,#2225));
#2218 = ORIENTED_EDGE('',*,*,#2219,.F.);
#2219 = EDGE_CURVE('',#276,#934,#2220,.T.);
#2220 = LINE('',#2221,#2222);
#2221 = CARTESIAN_POINT('',(29.279647827148,52.238986968994,
    3.859214484692E-02));
#2222 = VECTOR('',#2223,1.);
#2223 = DIRECTION('',(-2.11156740137E-02,-0.100245523358,0.994738640728)
  );
#2224 = ORIENTED_EDGE('',*,*,#284,.T.);
#2225 = ORIENTED_EDGE('',*,*,#2181,.T.);
#2226 = PLANE('',#2227);
#2227 = AXIS2_PLACEMENT_3D('',#2228,#2229,#2230);
#2228 = CARTESIAN_POINT('',(29.256439352928,52.130579591078,
    1.008214188258));
#2229 = DIRECTION('',(-0.971138974998,0.238489831662,3.419274001486E-03)
  );
#2230 = DIRECTION('',(-0.238491225818,-0.971144652051,
    -9.325745598983E-20));
#2231 = ADVANCED_FACE('',(#2232),#2307,.T.);
#2232 = FACE_BOUND('',#2233,.T.);
#2233 = EDGE_LOOP('',(#2234,#2235,#2236,#2244,#2250,#2251,#2252,#2253,
    #2254,#2255,#2256,#2257,#2258,#2259,#2267,#2275,#2283,#2289,#2290,
    #2296,#2297,#2303,#2304,#2305,#2306));
#2234 = ORIENTED_EDGE('',*,*,#2112,.T.);
#2235 = ORIENTED_EDGE('',*,*,#2088,.T.);
#2236 = ORIENTED_EDGE('',*,*,#2237,.T.);
#2237 = EDGE_CURVE('',#2066,#2238,#2240,.T.);
#2238 = VERTEX_POINT('',#2239);
#2239 = CARTESIAN_POINT('',(28.092350006104,61.775779724121,7.));
#2240 = LINE('',#2241,#2242);
#2241 = CARTESIAN_POINT('',(28.055416107178,61.775779724121,
    6.530696868896));
#2242 = VECTOR('',#2243,1.);
#2243 = DIRECTION('',(7.845686102823E-02,0.,0.996917509605));
#2244 = ORIENTED_EDGE('',*,*,#2245,.T.);
#2245 = EDGE_CURVE('',#2238,#1900,#2246,.T.);
#2246 = LINE('',#2247,#2248);
#2247 = CARTESIAN_POINT('',(28.092350006104,61.775779724121,7.));
#2248 = VECTOR('',#2249,1.);
#2249 = DIRECTION('',(1.,0.,0.));
#2250 = ORIENTED_EDGE('',*,*,#1899,.F.);
#2251 = ORIENTED_EDGE('',*,*,#1595,.T.);
#2252 = ORIENTED_EDGE('',*,*,#1571,.T.);
#2253 = ORIENTED_EDGE('',*,*,#1547,.T.);
#2254 = ORIENTED_EDGE('',*,*,#1523,.T.);
#2255 = ORIENTED_EDGE('',*,*,#1499,.T.);
#2256 = ORIENTED_EDGE('',*,*,#1475,.T.);
#2257 = ORIENTED_EDGE('',*,*,#1451,.T.);
#2258 = ORIENTED_EDGE('',*,*,#1427,.T.);
#2259 = ORIENTED_EDGE('',*,*,#2260,.T.);
#2260 = EDGE_CURVE('',#1420,#2261,#2263,.T.);
#2261 = VERTEX_POINT('',#2262);
#2262 = CARTESIAN_POINT('',(29.269304275513,61.775779724121,
    3.693532198667E-02));
#2263 = LINE('',#2264,#2265);
#2264 = CARTESIAN_POINT('',(29.72705078125,61.775779724121,
    0.146830454469));
#2265 = VECTOR('',#2266,1.);
#2266 = DIRECTION('',(-0.972369959257,0.,-0.233445201995));
#2267 = ORIENTED_EDGE('',*,*,#2268,.T.);
#2268 = EDGE_CURVE('',#2261,#2269,#2271,.T.);
#2269 = VERTEX_POINT('',#2270);
#2270 = CARTESIAN_POINT('',(28.799999237061,61.775779724121,0.));
#2271 = LINE('',#2272,#2273);
#2272 = CARTESIAN_POINT('',(29.269304275513,61.775779724121,
    3.693532198668E-02));
#2273 = VECTOR('',#2274,1.);
#2274 = DIRECTION('',(-0.996917298103,0.,-7.845954844419E-02));
#2275 = ORIENTED_EDGE('',*,*,#2276,.F.);
#2276 = EDGE_CURVE('',#2277,#2269,#2279,.T.);
#2277 = VERTEX_POINT('',#2278);
#2278 = CARTESIAN_POINT('',(20.314510977329,61.775779724121,0.));
#2279 = LINE('',#2280,#2281);
#2280 = CARTESIAN_POINT('',(19.314510345459,61.775779724121,0.));
#2281 = VECTOR('',#2282,1.);
#2282 = DIRECTION('',(1.,0.,0.));
#2283 = ORIENTED_EDGE('',*,*,#2284,.F.);
#2284 = EDGE_CURVE('',#830,#2277,#2285,.T.);
#2285 = LINE('',#2286,#2287);
#2286 = CARTESIAN_POINT('',(20.314510977329,61.775779724121,
    2.000000238419));
#2287 = VECTOR('',#2288,1.);
#2288 = DIRECTION('',(-0.,-0.,-1.));
#2289 = ORIENTED_EDGE('',*,*,#829,.F.);
#2290 = ORIENTED_EDGE('',*,*,#2291,.T.);
#2291 = EDGE_CURVE('',#822,#758,#2292,.T.);
#2292 = LINE('',#2293,#2294);
#2293 = CARTESIAN_POINT('',(13.314510977329,61.775779724121,
    2.000000238419));
#2294 = VECTOR('',#2295,1.);
#2295 = DIRECTION('',(-0.,-0.,-1.));
#2296 = ORIENTED_EDGE('',*,*,#757,.F.);
#2297 = ORIENTED_EDGE('',*,*,#2298,.T.);
#2298 = EDGE_CURVE('',#750,#365,#2299,.T.);
#2299 = LINE('',#2300,#2301);
#2300 = CARTESIAN_POINT('',(10.092351913452,61.775779724121,0.));
#2301 = VECTOR('',#2302,1.);
#2302 = DIRECTION('',(0.,0.,1.));
#2303 = ORIENTED_EDGE('',*,*,#364,.T.);
#2304 = ORIENTED_EDGE('',*,*,#339,.F.);
#2305 = ORIENTED_EDGE('',*,*,#306,.T.);
#2306 = ORIENTED_EDGE('',*,*,#2136,.T.);
#2307 = PLANE('',#2308);
#2308 = AXIS2_PLACEMENT_3D('',#2309,#2310,#2311);
#2309 = CARTESIAN_POINT('',(20.952212967765,61.775779724121,
    3.036328175479));
#2310 = DIRECTION('',(0.,1.,-2.7E-16));
#2311 = DIRECTION('',(0.,2.7E-16,1.));
#2312 = ADVANCED_FACE('',(#2313),#2475,.T.);
#2313 = FACE_BOUND('',#2314,.T.);
#2314 = EDGE_LOOP('',(#2315,#2316,#2317,#2325,#2333,#2341,#2349,#2357,
    #2365,#2373,#2381,#2389,#2397,#2405,#2413,#2421,#2429,#2437,#2445,
    #2453,#2461,#2469));
#2315 = ORIENTED_EDGE('',*,*,#405,.T.);
#2316 = ORIENTED_EDGE('',*,*,#374,.F.);
#2317 = ORIENTED_EDGE('',*,*,#2318,.T.);
#2318 = EDGE_CURVE('',#365,#2319,#2321,.T.);
#2319 = VERTEX_POINT('',#2320);
#2320 = CARTESIAN_POINT('',(9.153743743896,61.70191192627,4.000000476837
    ));
#2321 = LINE('',#2322,#2323);
#2322 = CARTESIAN_POINT('',(10.092351913452,61.775779724121,
    4.000000476837));
#2323 = VECTOR('',#2324,1.);
#2324 = DIRECTION('',(-0.996917522075,-7.845670257718E-02,0.));
#2325 = ORIENTED_EDGE('',*,*,#2326,.T.);
#2326 = EDGE_CURVE('',#2319,#2327,#2329,.T.);
#2327 = VERTEX_POINT('',#2328);
#2328 = CARTESIAN_POINT('',(8.238249778748,61.482120513916,
    4.000000476837));
#2329 = LINE('',#2330,#2331);
#2330 = CARTESIAN_POINT('',(9.153743743896,61.70191192627,4.000000476837
    ));
#2331 = VECTOR('',#2332,1.);
#2332 = DIRECTION('',(-0.972369737825,-0.233446124324,0.));
#2333 = ORIENTED_EDGE('',*,*,#2334,.T.);
#2334 = EDGE_CURVE('',#2327,#2335,#2337,.T.);
#2335 = VERTEX_POINT('',#2336);
#2336 = CARTESIAN_POINT('',(7.368408203125,61.121822357178,
    4.000000476837));
#2337 = LINE('',#2338,#2339);
#2338 = CARTESIAN_POINT('',(8.238249778748,61.482120513916,
    4.000000476837));
#2339 = VECTOR('',#2340,1.);
#2340 = DIRECTION('',(-0.923880291431,-0.382681600165,0.));
#2341 = ORIENTED_EDGE('',*,*,#2342,.T.);
#2342 = EDGE_CURVE('',#2335,#2343,#2345,.T.);
#2343 = VERTEX_POINT('',#2344);
#2344 = CARTESIAN_POINT('',(6.565639972687,60.6298828125,4.000000476837)
  );
#2345 = LINE('',#2346,#2347);
#2346 = CARTESIAN_POINT('',(7.368408203125,61.121822357178,
    4.000000476837));
#2347 = VECTOR('',#2348,1.);
#2348 = DIRECTION('',(-0.8526389623,-0.522500526285,0.));
#2349 = ORIENTED_EDGE('',*,*,#2350,.T.);
#2350 = EDGE_CURVE('',#2343,#2351,#2353,.T.);
#2351 = VERTEX_POINT('',#2352);
#2352 = CARTESIAN_POINT('',(5.849710464478,60.018424987793,
    4.000000476837));
#2353 = LINE('',#2354,#2355);
#2354 = CARTESIAN_POINT('',(6.565639972687,60.6298828125,4.000000476837)
  );
#2355 = VECTOR('',#2356,1.);
#2356 = DIRECTION('',(-0.760407927534,-0.649445751193,0.));
#2357 = ORIENTED_EDGE('',*,*,#2358,.T.);
#2358 = EDGE_CURVE('',#2351,#2359,#2361,.T.);
#2359 = VERTEX_POINT('',#2360);
#2360 = CARTESIAN_POINT('',(5.23824930191,59.302494049072,4.000000476837
    ));
#2361 = LINE('',#2362,#2363);
#2362 = CARTESIAN_POINT('',(5.849710464478,60.018424987793,
    4.000000476837));
#2363 = VECTOR('',#2364,1.);
#2364 = DIRECTION('',(-0.649447050773,-0.760406817593,0.));
#2365 = ORIENTED_EDGE('',*,*,#2366,.T.);
#2366 = EDGE_CURVE('',#2359,#2367,#2369,.T.);
#2367 = VERTEX_POINT('',#2368);
#2368 = CARTESIAN_POINT('',(4.746312141418,58.499725341797,
    4.000000476837));
#2369 = LINE('',#2370,#2371);
#2370 = CARTESIAN_POINT('',(5.23824930191,59.302494049072,4.000000476837
    ));
#2371 = VECTOR('',#2372,1.);
#2372 = DIRECTION('',(-0.522498459686,-0.852640228716,0.));
#2373 = ORIENTED_EDGE('',*,*,#2374,.T.);
#2374 = EDGE_CURVE('',#2367,#2375,#2377,.T.);
#2375 = VERTEX_POINT('',#2376);
#2376 = CARTESIAN_POINT('',(4.386012077332,57.6298828125,4.000000476837)
  );
#2377 = LINE('',#2378,#2379);
#2378 = CARTESIAN_POINT('',(4.746312141418,58.499725341797,
    4.000000476837));
#2379 = VECTOR('',#2380,1.);
#2380 = DIRECTION('',(-0.38268297121,-0.923879723528,0.));
#2381 = ORIENTED_EDGE('',*,*,#2382,.T.);
#2382 = EDGE_CURVE('',#2375,#2383,#2385,.T.);
#2383 = VERTEX_POINT('',#2384);
#2384 = CARTESIAN_POINT('',(4.166221141815,56.714389801025,
    4.000000476837));
#2385 = LINE('',#2386,#2387);
#2386 = CARTESIAN_POINT('',(4.386012077332,57.6298828125,4.000000476837)
  );
#2387 = VECTOR('',#2388,1.);
#2388 = DIRECTION('',(-0.233445875393,-0.972369797588,0.));
#2389 = ORIENTED_EDGE('',*,*,#2390,.T.);
#2390 = EDGE_CURVE('',#2383,#2391,#2393,.T.);
#2391 = VERTEX_POINT('',#2392);
#2392 = CARTESIAN_POINT('',(4.092351436615,55.775779724121,
    4.000000476837));
#2393 = LINE('',#2394,#2395);
#2394 = CARTESIAN_POINT('',(4.166221141815,56.714389801025,
    4.000000476837));
#2395 = VECTOR('',#2396,1.);
#2396 = DIRECTION('',(-7.845855749156E-02,-0.996917376093,0.));
#2397 = ORIENTED_EDGE('',*,*,#2398,.T.);
#2398 = EDGE_CURVE('',#2391,#2399,#2401,.T.);
#2399 = VERTEX_POINT('',#2400);
#2400 = CARTESIAN_POINT('',(4.092351436615,51.343147277832,
    4.000000476837));
#2401 = LINE('',#2402,#2403);
#2402 = CARTESIAN_POINT('',(4.092351436615,55.775779724121,
    4.000000476837));
#2403 = VECTOR('',#2404,1.);
#2404 = DIRECTION('',(0.,-1.,0.));
#2405 = ORIENTED_EDGE('',*,*,#2406,.T.);
#2406 = EDGE_CURVE('',#2399,#2407,#2409,.T.);
#2407 = VERTEX_POINT('',#2408);
#2408 = CARTESIAN_POINT('',(4.166221141815,50.404541015625,
    4.000000476837));
#2409 = LINE('',#2410,#2411);
#2410 = CARTESIAN_POINT('',(4.092351436615,51.343147277832,
    4.000000476837));
#2411 = VECTOR('',#2412,1.);
#2412 = DIRECTION('',(7.845887440106E-02,-0.996917351152,0.));
#2413 = ORIENTED_EDGE('',*,*,#2414,.T.);
#2414 = EDGE_CURVE('',#2407,#2415,#2417,.T.);
#2415 = VERTEX_POINT('',#2416);
#2416 = CARTESIAN_POINT('',(4.386012077332,49.489044189453,
    4.000000476837));
#2417 = LINE('',#2418,#2419);
#2418 = CARTESIAN_POINT('',(4.166221141815,50.404541015625,
    4.000000476837));
#2419 = VECTOR('',#2420,1.);
#2420 = DIRECTION('',(0.23344495568,-0.972370018392,0.));
#2421 = ORIENTED_EDGE('',*,*,#2422,.T.);
#2422 = EDGE_CURVE('',#2415,#2423,#2425,.T.);
#2423 = VERTEX_POINT('',#2424);
#2424 = CARTESIAN_POINT('',(4.746312141418,48.619201660156,
    4.000000476837));
#2425 = LINE('',#2426,#2427);
#2426 = CARTESIAN_POINT('',(4.386012077332,49.489044189453,
    4.000000476837));
#2427 = VECTOR('',#2428,1.);
#2428 = DIRECTION('',(0.38268297121,-0.923879723528,0.));
#2429 = ORIENTED_EDGE('',*,*,#2430,.T.);
#2430 = EDGE_CURVE('',#2423,#2431,#2433,.T.);
#2431 = VERTEX_POINT('',#2432);
#2432 = CARTESIAN_POINT('',(5.23824930191,47.816432952881,4.000000476837
    ));
#2433 = LINE('',#2434,#2435);
#2434 = CARTESIAN_POINT('',(4.746312141418,48.619201660156,
    4.000000476837));
#2435 = VECTOR('',#2436,1.);
#2436 = DIRECTION('',(0.522498459686,-0.852640228716,0.));
#2437 = ORIENTED_EDGE('',*,*,#2438,.T.);
#2438 = EDGE_CURVE('',#2431,#2439,#2441,.T.);
#2439 = VERTEX_POINT('',#2440);
#2440 = CARTESIAN_POINT('',(5.849710464478,47.100505828857,
    4.000000476837));
#2441 = LINE('',#2442,#2443);
#2442 = CARTESIAN_POINT('',(5.23824930191,47.816432952881,4.000000476837
    ));
#2443 = VECTOR('',#2444,1.);
#2444 = DIRECTION('',(0.649449051674,-0.760405108662,0.));
#2445 = ORIENTED_EDGE('',*,*,#2446,.T.);
#2446 = EDGE_CURVE('',#2439,#2447,#2449,.T.);
#2447 = VERTEX_POINT('',#2448);
#2448 = CARTESIAN_POINT('',(6.565639972687,46.489044189453,
    4.000000476837));
#2449 = LINE('',#2450,#2451);
#2450 = CARTESIAN_POINT('',(5.849710464478,47.100505828857,
    4.000000476837));
#2451 = VECTOR('',#2452,1.);
#2452 = DIRECTION('',(0.760405926633,-0.649448093954,0.));
#2453 = ORIENTED_EDGE('',*,*,#2454,.T.);
#2454 = EDGE_CURVE('',#2447,#2455,#2457,.T.);
#2455 = VERTEX_POINT('',#2456);
#2456 = CARTESIAN_POINT('',(7.368408203125,45.997104644775,
    4.000000476837));
#2457 = LINE('',#2458,#2459);
#2458 = CARTESIAN_POINT('',(6.565639972687,46.489044189453,
    4.000000476837));
#2459 = VECTOR('',#2460,1.);
#2460 = DIRECTION('',(0.8526389623,-0.522500526285,0.));
#2461 = ORIENTED_EDGE('',*,*,#2462,.T.);
#2462 = EDGE_CURVE('',#2455,#2463,#2465,.T.);
#2463 = VERTEX_POINT('',#2464);
#2464 = CARTESIAN_POINT('',(8.238249778748,45.636806488037,
    4.000000476837));
#2465 = LINE('',#2466,#2467);
#2466 = CARTESIAN_POINT('',(7.368408203125,45.997104644775,
    4.000000476837));
#2467 = VECTOR('',#2468,1.);
#2468 = DIRECTION('',(0.923880291431,-0.382681600165,0.));
#2469 = ORIENTED_EDGE('',*,*,#2470,.T.);
#2470 = EDGE_CURVE('',#2463,#391,#2471,.T.);
#2471 = LINE('',#2472,#2473);
#2472 = CARTESIAN_POINT('',(8.238249778748,45.636806488037,
    4.000000476837));
#2473 = VECTOR('',#2474,1.);
#2474 = DIRECTION('',(0.972369737825,-0.233446124324,0.));
#2475 = PLANE('',#2476);
#2476 = AXIS2_PLACEMENT_3D('',#2477,#2478,#2479);
#2477 = CARTESIAN_POINT('',(15.445866178432,53.559463571771,
    4.000000476837));
#2478 = DIRECTION('',(0.,0.,1.));
#2479 = DIRECTION('',(1.,0.,0.));
#2480 = ADVANCED_FACE('',(#2481),#2492,.T.);
#2481 = FACE_BOUND('',#2482,.T.);
#2482 = EDGE_LOOP('',(#2483,#2489,#2490,#2491));
#2483 = ORIENTED_EDGE('',*,*,#2484,.F.);
#2484 = EDGE_CURVE('',#598,#2463,#2485,.T.);
#2485 = LINE('',#2486,#2487);
#2486 = CARTESIAN_POINT('',(8.238249778748,45.636806488037,0.));
#2487 = VECTOR('',#2488,1.);
#2488 = DIRECTION('',(0.,0.,1.));
#2489 = ORIENTED_EDGE('',*,*,#597,.F.);
#2490 = ORIENTED_EDGE('',*,*,#388,.T.);
#2491 = ORIENTED_EDGE('',*,*,#2470,.F.);
#2492 = PLANE('',#2493);
#2493 = AXIS2_PLACEMENT_3D('',#2494,#2495,#2496);
#2494 = CARTESIAN_POINT('',(8.695996761322,45.52691078186,2.000000238419
    ));
#2495 = DIRECTION('',(-0.233446124324,-0.972369737825,-0.));
#2496 = DIRECTION('',(-0.972369737825,0.233446124324,0.));
#2497 = ADVANCED_FACE('',(#2498),#2514,.T.);
#2498 = FACE_BOUND('',#2499,.T.);
#2499 = EDGE_LOOP('',(#2500,#2501,#2507,#2508));
#2500 = ORIENTED_EDGE('',*,*,#813,.F.);
#2501 = ORIENTED_EDGE('',*,*,#2502,.T.);
#2502 = EDGE_CURVE('',#806,#422,#2503,.T.);
#2503 = LINE('',#2504,#2505);
#2504 = CARTESIAN_POINT('',(6.814510822296,55.15503692627,2.000000238419
    ));
#2505 = VECTOR('',#2506,1.);
#2506 = DIRECTION('',(0.,0.,-1.));
#2507 = ORIENTED_EDGE('',*,*,#419,.F.);
#2508 = ORIENTED_EDGE('',*,*,#2509,.T.);
#2509 = EDGE_CURVE('',#420,#814,#2510,.T.);
#2510 = LINE('',#2511,#2512);
#2511 = CARTESIAN_POINT('',(13.314510977329,55.15503692627,
    1.500000178814));
#2512 = VECTOR('',#2513,1.);
#2513 = DIRECTION('',(0.,0.,1.));
#2514 = PLANE('',#2515);
#2515 = AXIS2_PLACEMENT_3D('',#2516,#2517,#2518);
#2516 = CARTESIAN_POINT('',(10.564511060715,55.15503692627,
    1.000000119209));
#2517 = DIRECTION('',(-0.,-1.,-0.));
#2518 = DIRECTION('',(0.,0.,-1.));
#2519 = ADVANCED_FACE('',(#2520),#2526,.T.);
#2520 = FACE_BOUND('',#2521,.T.);
#2521 = EDGE_LOOP('',(#2522,#2523,#2524,#2525));
#2522 = ORIENTED_EDGE('',*,*,#765,.F.);
#2523 = ORIENTED_EDGE('',*,*,#2291,.F.);
#2524 = ORIENTED_EDGE('',*,*,#821,.F.);
#2525 = ORIENTED_EDGE('',*,*,#2509,.F.);
#2526 = PLANE('',#2527);
#2527 = AXIS2_PLACEMENT_3D('',#2528,#2529,#2530);
#2528 = CARTESIAN_POINT('',(13.314510977329,45.343147277832,
    2.000000238419));
#2529 = DIRECTION('',(1.,0.,0.));
#2530 = DIRECTION('',(0.,1.,0.));
#2531 = ADVANCED_FACE('',(#2532),#2543,.T.);
#2532 = FACE_BOUND('',#2533,.T.);
#2533 = EDGE_LOOP('',(#2534,#2540,#2541,#2542));
#2534 = ORIENTED_EDGE('',*,*,#2535,.F.);
#2535 = EDGE_CURVE('',#2319,#742,#2536,.T.);
#2536 = LINE('',#2537,#2538);
#2537 = CARTESIAN_POINT('',(9.153743743896,61.70191192627,4.000000476837
    ));
#2538 = VECTOR('',#2539,1.);
#2539 = DIRECTION('',(0.,0.,-1.));
#2540 = ORIENTED_EDGE('',*,*,#2318,.F.);
#2541 = ORIENTED_EDGE('',*,*,#2298,.F.);
#2542 = ORIENTED_EDGE('',*,*,#749,.F.);
#2543 = PLANE('',#2544);
#2544 = AXIS2_PLACEMENT_3D('',#2545,#2546,#2547);
#2545 = CARTESIAN_POINT('',(9.623047828674,61.738845825195,
    2.000000238419));
#2546 = DIRECTION('',(-7.845670257718E-02,0.996917522075,0.));
#2547 = DIRECTION('',(0.996917522075,7.845670257718E-02,0.));
#2548 = ADVANCED_FACE('',(#2549),#2560,.T.);
#2549 = FACE_BOUND('',#2550,.T.);
#2550 = EDGE_LOOP('',(#2551,#2557,#2558,#2559));
#2551 = ORIENTED_EDGE('',*,*,#2552,.F.);
#2552 = EDGE_CURVE('',#2327,#734,#2553,.T.);
#2553 = LINE('',#2554,#2555);
#2554 = CARTESIAN_POINT('',(8.238249778748,61.482120513916,
    4.000000476837));
#2555 = VECTOR('',#2556,1.);
#2556 = DIRECTION('',(0.,0.,-1.));
#2557 = ORIENTED_EDGE('',*,*,#2326,.F.);
#2558 = ORIENTED_EDGE('',*,*,#2535,.T.);
#2559 = ORIENTED_EDGE('',*,*,#741,.F.);
#2560 = PLANE('',#2561);
#2561 = AXIS2_PLACEMENT_3D('',#2562,#2563,#2564);
#2562 = CARTESIAN_POINT('',(8.695996761322,61.592016220093,
    2.000000238419));
#2563 = DIRECTION('',(-0.233446124324,0.972369737825,0.));
#2564 = DIRECTION('',(0.972369737825,0.233446124324,0.));
#2565 = ADVANCED_FACE('',(#2566),#2577,.T.);
#2566 = FACE_BOUND('',#2567,.T.);
#2567 = EDGE_LOOP('',(#2568,#2574,#2575,#2576));
#2568 = ORIENTED_EDGE('',*,*,#2569,.F.);
#2569 = EDGE_CURVE('',#2335,#726,#2570,.T.);
#2570 = LINE('',#2571,#2572);
#2571 = CARTESIAN_POINT('',(7.368408203125,61.121822357178,
    4.000000476837));
#2572 = VECTOR('',#2573,1.);
#2573 = DIRECTION('',(0.,0.,-1.));
#2574 = ORIENTED_EDGE('',*,*,#2334,.F.);
#2575 = ORIENTED_EDGE('',*,*,#2552,.T.);
#2576 = ORIENTED_EDGE('',*,*,#733,.F.);
#2577 = PLANE('',#2578);
#2578 = AXIS2_PLACEMENT_3D('',#2579,#2580,#2581);
#2579 = CARTESIAN_POINT('',(7.803328990936,61.301971435547,
    2.000000238419));
#2580 = DIRECTION('',(-0.382681600165,0.923880291431,0.));
#2581 = DIRECTION('',(0.923880291431,0.382681600165,0.));
#2582 = ADVANCED_FACE('',(#2583),#2594,.T.);
#2583 = FACE_BOUND('',#2584,.T.);
#2584 = EDGE_LOOP('',(#2585,#2591,#2592,#2593));
#2585 = ORIENTED_EDGE('',*,*,#2586,.F.);
#2586 = EDGE_CURVE('',#2343,#718,#2587,.T.);
#2587 = LINE('',#2588,#2589);
#2588 = CARTESIAN_POINT('',(6.565639972687,60.6298828125,4.000000476837)
  );
#2589 = VECTOR('',#2590,1.);
#2590 = DIRECTION('',(0.,0.,-1.));
#2591 = ORIENTED_EDGE('',*,*,#2342,.F.);
#2592 = ORIENTED_EDGE('',*,*,#2569,.T.);
#2593 = ORIENTED_EDGE('',*,*,#725,.F.);
#2594 = PLANE('',#2595);
#2595 = AXIS2_PLACEMENT_3D('',#2596,#2597,#2598);
#2596 = CARTESIAN_POINT('',(6.967024087906,60.875852584839,
    2.000000238419));
#2597 = DIRECTION('',(-0.522500526285,0.8526389623,0.));
#2598 = DIRECTION('',(0.8526389623,0.522500526285,0.));
#2599 = ADVANCED_FACE('',(#2600),#2611,.T.);
#2600 = FACE_BOUND('',#2601,.T.);
#2601 = EDGE_LOOP('',(#2602,#2608,#2609,#2610));
#2602 = ORIENTED_EDGE('',*,*,#2603,.F.);
#2603 = EDGE_CURVE('',#2351,#710,#2604,.T.);
#2604 = LINE('',#2605,#2606);
#2605 = CARTESIAN_POINT('',(5.849710464478,60.018424987793,
    4.000000476837));
#2606 = VECTOR('',#2607,1.);
#2607 = DIRECTION('',(0.,0.,-1.));
#2608 = ORIENTED_EDGE('',*,*,#2350,.F.);
#2609 = ORIENTED_EDGE('',*,*,#2586,.T.);
#2610 = ORIENTED_EDGE('',*,*,#717,.F.);
#2611 = PLANE('',#2612);
#2612 = AXIS2_PLACEMENT_3D('',#2613,#2614,#2615);
#2613 = CARTESIAN_POINT('',(6.207675218582,60.324153900146,
    2.000000238419));
#2614 = DIRECTION('',(-0.649445751193,0.760407927534,0.));
#2615 = DIRECTION('',(0.760407927534,0.649445751193,0.));
#2616 = ADVANCED_FACE('',(#2617),#2628,.T.);
#2617 = FACE_BOUND('',#2618,.T.);
#2618 = EDGE_LOOP('',(#2619,#2625,#2626,#2627));
#2619 = ORIENTED_EDGE('',*,*,#2620,.F.);
#2620 = EDGE_CURVE('',#2359,#702,#2621,.T.);
#2621 = LINE('',#2622,#2623);
#2622 = CARTESIAN_POINT('',(5.23824930191,59.302494049072,4.000000476837
    ));
#2623 = VECTOR('',#2624,1.);
#2624 = DIRECTION('',(0.,0.,-1.));
#2625 = ORIENTED_EDGE('',*,*,#2358,.F.);
#2626 = ORIENTED_EDGE('',*,*,#2603,.T.);
#2627 = ORIENTED_EDGE('',*,*,#709,.F.);
#2628 = PLANE('',#2629);
#2629 = AXIS2_PLACEMENT_3D('',#2630,#2631,#2632);
#2630 = CARTESIAN_POINT('',(5.543979883194,59.660459518433,
    2.000000238419));
#2631 = DIRECTION('',(-0.760406817593,0.649447050773,0.));
#2632 = DIRECTION('',(-0.649447050773,-0.760406817593,0.));
#2633 = ADVANCED_FACE('',(#2634),#2645,.T.);
#2634 = FACE_BOUND('',#2635,.T.);
#2635 = EDGE_LOOP('',(#2636,#2642,#2643,#2644));
#2636 = ORIENTED_EDGE('',*,*,#2637,.F.);
#2637 = EDGE_CURVE('',#2367,#694,#2638,.T.);
#2638 = LINE('',#2639,#2640);
#2639 = CARTESIAN_POINT('',(4.746312141418,58.499725341797,
    4.000000476837));
#2640 = VECTOR('',#2641,1.);
#2641 = DIRECTION('',(0.,0.,-1.));
#2642 = ORIENTED_EDGE('',*,*,#2366,.F.);
#2643 = ORIENTED_EDGE('',*,*,#2620,.T.);
#2644 = ORIENTED_EDGE('',*,*,#701,.F.);
#2645 = PLANE('',#2646);
#2646 = AXIS2_PLACEMENT_3D('',#2647,#2648,#2649);
#2647 = CARTESIAN_POINT('',(4.992280721664,58.901109695435,
    2.000000238419));
#2648 = DIRECTION('',(-0.852640228716,0.522498459686,0.));
#2649 = DIRECTION('',(-0.522498459686,-0.852640228716,0.));
#2650 = ADVANCED_FACE('',(#2651),#2662,.T.);
#2651 = FACE_BOUND('',#2652,.T.);
#2652 = EDGE_LOOP('',(#2653,#2659,#2660,#2661));
#2653 = ORIENTED_EDGE('',*,*,#2654,.F.);
#2654 = EDGE_CURVE('',#2375,#686,#2655,.T.);
#2655 = LINE('',#2656,#2657);
#2656 = CARTESIAN_POINT('',(4.386012077332,57.6298828125,4.000000476837)
  );
#2657 = VECTOR('',#2658,1.);
#2658 = DIRECTION('',(0.,0.,-1.));
#2659 = ORIENTED_EDGE('',*,*,#2374,.F.);
#2660 = ORIENTED_EDGE('',*,*,#2637,.T.);
#2661 = ORIENTED_EDGE('',*,*,#693,.F.);
#2662 = PLANE('',#2663);
#2663 = AXIS2_PLACEMENT_3D('',#2664,#2665,#2666);
#2664 = CARTESIAN_POINT('',(4.566162109375,58.064804077148,
    2.000000238419));
#2665 = DIRECTION('',(-0.923879723528,0.38268297121,0.));
#2666 = DIRECTION('',(-0.38268297121,-0.923879723528,0.));
#2667 = ADVANCED_FACE('',(#2668),#2679,.T.);
#2668 = FACE_BOUND('',#2669,.T.);
#2669 = EDGE_LOOP('',(#2670,#2676,#2677,#2678));
#2670 = ORIENTED_EDGE('',*,*,#2671,.F.);
#2671 = EDGE_CURVE('',#2383,#678,#2672,.T.);
#2672 = LINE('',#2673,#2674);
#2673 = CARTESIAN_POINT('',(4.166221141815,56.714389801025,
    4.000000476837));
#2674 = VECTOR('',#2675,1.);
#2675 = DIRECTION('',(0.,0.,-1.));
#2676 = ORIENTED_EDGE('',*,*,#2382,.F.);
#2677 = ORIENTED_EDGE('',*,*,#2654,.T.);
#2678 = ORIENTED_EDGE('',*,*,#685,.F.);
#2679 = PLANE('',#2680);
#2680 = AXIS2_PLACEMENT_3D('',#2681,#2682,#2683);
#2681 = CARTESIAN_POINT('',(4.276116609573,57.172136306763,
    2.000000238419));
#2682 = DIRECTION('',(-0.972369797588,0.233445875393,0.));
#2683 = DIRECTION('',(-0.233445875393,-0.972369797588,0.));
#2684 = ADVANCED_FACE('',(#2685),#2696,.T.);
#2685 = FACE_BOUND('',#2686,.T.);
#2686 = EDGE_LOOP('',(#2687,#2693,#2694,#2695));
#2687 = ORIENTED_EDGE('',*,*,#2688,.F.);
#2688 = EDGE_CURVE('',#2391,#670,#2689,.T.);
#2689 = LINE('',#2690,#2691);
#2690 = CARTESIAN_POINT('',(4.092351436615,55.775779724121,
    4.000000476837));
#2691 = VECTOR('',#2692,1.);
#2692 = DIRECTION('',(0.,0.,-1.));
#2693 = ORIENTED_EDGE('',*,*,#2390,.F.);
#2694 = ORIENTED_EDGE('',*,*,#2671,.T.);
#2695 = ORIENTED_EDGE('',*,*,#677,.F.);
#2696 = PLANE('',#2697);
#2697 = AXIS2_PLACEMENT_3D('',#2698,#2699,#2700);
#2698 = CARTESIAN_POINT('',(4.129286289215,56.245084762573,
    2.000000238419));
#2699 = DIRECTION('',(-0.996917376093,7.845855749156E-02,0.));
#2700 = DIRECTION('',(-7.845855749156E-02,-0.996917376093,0.));
#2701 = ADVANCED_FACE('',(#2702),#2713,.T.);
#2702 = FACE_BOUND('',#2703,.T.);
#2703 = EDGE_LOOP('',(#2704,#2710,#2711,#2712));
#2704 = ORIENTED_EDGE('',*,*,#2705,.T.);
#2705 = EDGE_CURVE('',#662,#2399,#2706,.T.);
#2706 = LINE('',#2707,#2708);
#2707 = CARTESIAN_POINT('',(4.092351436615,51.343147277832,0.));
#2708 = VECTOR('',#2709,1.);
#2709 = DIRECTION('',(0.,0.,1.));
#2710 = ORIENTED_EDGE('',*,*,#2398,.F.);
#2711 = ORIENTED_EDGE('',*,*,#2688,.T.);
#2712 = ORIENTED_EDGE('',*,*,#669,.F.);
#2713 = PLANE('',#2714);
#2714 = AXIS2_PLACEMENT_3D('',#2715,#2716,#2717);
#2715 = CARTESIAN_POINT('',(4.092351436615,53.559463500977,
    2.000000238419));
#2716 = DIRECTION('',(-1.,-0.,-0.));
#2717 = DIRECTION('',(0.,0.,-1.));
#2718 = ADVANCED_FACE('',(#2719),#2730,.T.);
#2719 = FACE_BOUND('',#2720,.T.);
#2720 = EDGE_LOOP('',(#2721,#2722,#2723,#2729));
#2721 = ORIENTED_EDGE('',*,*,#2705,.F.);
#2722 = ORIENTED_EDGE('',*,*,#661,.F.);
#2723 = ORIENTED_EDGE('',*,*,#2724,.T.);
#2724 = EDGE_CURVE('',#654,#2407,#2725,.T.);
#2725 = LINE('',#2726,#2727);
#2726 = CARTESIAN_POINT('',(4.166221141815,50.404541015625,0.));
#2727 = VECTOR('',#2728,1.);
#2728 = DIRECTION('',(0.,0.,1.));
#2729 = ORIENTED_EDGE('',*,*,#2406,.F.);
#2730 = PLANE('',#2731);
#2731 = AXIS2_PLACEMENT_3D('',#2732,#2733,#2734);
#2732 = CARTESIAN_POINT('',(4.129286289215,50.873844146729,
    2.000000238419));
#2733 = DIRECTION('',(-0.996917351152,-7.845887440106E-02,-0.));
#2734 = DIRECTION('',(7.845887440106E-02,-0.996917351152,0.));
#2735 = ADVANCED_FACE('',(#2736),#2747,.T.);
#2736 = FACE_BOUND('',#2737,.T.);
#2737 = EDGE_LOOP('',(#2738,#2739,#2740,#2746));
#2738 = ORIENTED_EDGE('',*,*,#2724,.F.);
#2739 = ORIENTED_EDGE('',*,*,#653,.F.);
#2740 = ORIENTED_EDGE('',*,*,#2741,.T.);
#2741 = EDGE_CURVE('',#646,#2415,#2742,.T.);
#2742 = LINE('',#2743,#2744);
#2743 = CARTESIAN_POINT('',(4.386012077332,49.489044189453,0.));
#2744 = VECTOR('',#2745,1.);
#2745 = DIRECTION('',(0.,0.,1.));
#2746 = ORIENTED_EDGE('',*,*,#2414,.F.);
#2747 = PLANE('',#2748);
#2748 = AXIS2_PLACEMENT_3D('',#2749,#2750,#2751);
#2749 = CARTESIAN_POINT('',(4.276116609573,49.946792602539,
    2.000000238419));
#2750 = DIRECTION('',(-0.972370018392,-0.23344495568,-0.));
#2751 = DIRECTION('',(0.23344495568,-0.972370018392,0.));
#2752 = ADVANCED_FACE('',(#2753),#2764,.T.);
#2753 = FACE_BOUND('',#2754,.T.);
#2754 = EDGE_LOOP('',(#2755,#2756,#2757,#2763));
#2755 = ORIENTED_EDGE('',*,*,#2741,.F.);
#2756 = ORIENTED_EDGE('',*,*,#645,.F.);
#2757 = ORIENTED_EDGE('',*,*,#2758,.T.);
#2758 = EDGE_CURVE('',#638,#2423,#2759,.T.);
#2759 = LINE('',#2760,#2761);
#2760 = CARTESIAN_POINT('',(4.746312141418,48.619201660156,0.));
#2761 = VECTOR('',#2762,1.);
#2762 = DIRECTION('',(0.,0.,1.));
#2763 = ORIENTED_EDGE('',*,*,#2422,.F.);
#2764 = PLANE('',#2765);
#2765 = AXIS2_PLACEMENT_3D('',#2766,#2767,#2768);
#2766 = CARTESIAN_POINT('',(4.566162109375,49.054122924805,
    2.000000238419));
#2767 = DIRECTION('',(-0.923879723528,-0.38268297121,-0.));
#2768 = DIRECTION('',(0.38268297121,-0.923879723528,0.));
#2769 = ADVANCED_FACE('',(#2770),#2781,.T.);
#2770 = FACE_BOUND('',#2771,.T.);
#2771 = EDGE_LOOP('',(#2772,#2773,#2774,#2780));
#2772 = ORIENTED_EDGE('',*,*,#2758,.F.);
#2773 = ORIENTED_EDGE('',*,*,#637,.F.);
#2774 = ORIENTED_EDGE('',*,*,#2775,.T.);
#2775 = EDGE_CURVE('',#630,#2431,#2776,.T.);
#2776 = LINE('',#2777,#2778);
#2777 = CARTESIAN_POINT('',(5.23824930191,47.816432952881,0.));
#2778 = VECTOR('',#2779,1.);
#2779 = DIRECTION('',(0.,0.,1.));
#2780 = ORIENTED_EDGE('',*,*,#2430,.F.);
#2781 = PLANE('',#2782);
#2782 = AXIS2_PLACEMENT_3D('',#2783,#2784,#2785);
#2783 = CARTESIAN_POINT('',(4.992280721664,48.217817306519,
    2.000000238419));
#2784 = DIRECTION('',(-0.852640228716,-0.522498459686,-0.));
#2785 = DIRECTION('',(0.522498459686,-0.852640228716,0.));
#2786 = ADVANCED_FACE('',(#2787),#2798,.T.);
#2787 = FACE_BOUND('',#2788,.T.);
#2788 = EDGE_LOOP('',(#2789,#2790,#2791,#2797));
#2789 = ORIENTED_EDGE('',*,*,#2775,.F.);
#2790 = ORIENTED_EDGE('',*,*,#629,.F.);
#2791 = ORIENTED_EDGE('',*,*,#2792,.T.);
#2792 = EDGE_CURVE('',#622,#2439,#2793,.T.);
#2793 = LINE('',#2794,#2795);
#2794 = CARTESIAN_POINT('',(5.849710464478,47.100505828857,0.));
#2795 = VECTOR('',#2796,1.);
#2796 = DIRECTION('',(0.,0.,1.));
#2797 = ORIENTED_EDGE('',*,*,#2438,.F.);
#2798 = PLANE('',#2799);
#2799 = AXIS2_PLACEMENT_3D('',#2800,#2801,#2802);
#2800 = CARTESIAN_POINT('',(5.543979883194,47.458469390869,
    2.000000238419));
#2801 = DIRECTION('',(-0.760405108662,-0.649449051674,-0.));
#2802 = DIRECTION('',(0.649449051674,-0.760405108662,0.));
#2803 = ADVANCED_FACE('',(#2804),#2815,.T.);
#2804 = FACE_BOUND('',#2805,.T.);
#2805 = EDGE_LOOP('',(#2806,#2807,#2808,#2814));
#2806 = ORIENTED_EDGE('',*,*,#2792,.F.);
#2807 = ORIENTED_EDGE('',*,*,#621,.F.);
#2808 = ORIENTED_EDGE('',*,*,#2809,.T.);
#2809 = EDGE_CURVE('',#614,#2447,#2810,.T.);
#2810 = LINE('',#2811,#2812);
#2811 = CARTESIAN_POINT('',(6.565639972687,46.489044189453,0.));
#2812 = VECTOR('',#2813,1.);
#2813 = DIRECTION('',(0.,0.,1.));
#2814 = ORIENTED_EDGE('',*,*,#2446,.F.);
#2815 = PLANE('',#2816);
#2816 = AXIS2_PLACEMENT_3D('',#2817,#2818,#2819);
#2817 = CARTESIAN_POINT('',(6.207675218582,46.794775009155,
    2.000000238419));
#2818 = DIRECTION('',(-0.649448093954,-0.760405926633,-0.));
#2819 = DIRECTION('',(-0.760405926633,0.649448093954,0.));
#2820 = ADVANCED_FACE('',(#2821),#2832,.T.);
#2821 = FACE_BOUND('',#2822,.T.);
#2822 = EDGE_LOOP('',(#2823,#2824,#2825,#2831));
#2823 = ORIENTED_EDGE('',*,*,#2809,.F.);
#2824 = ORIENTED_EDGE('',*,*,#613,.F.);
#2825 = ORIENTED_EDGE('',*,*,#2826,.T.);
#2826 = EDGE_CURVE('',#606,#2455,#2827,.T.);
#2827 = LINE('',#2828,#2829);
#2828 = CARTESIAN_POINT('',(7.368408203125,45.997104644775,0.));
#2829 = VECTOR('',#2830,1.);
#2830 = DIRECTION('',(0.,0.,1.));
#2831 = ORIENTED_EDGE('',*,*,#2454,.F.);
#2832 = PLANE('',#2833);
#2833 = AXIS2_PLACEMENT_3D('',#2834,#2835,#2836);
#2834 = CARTESIAN_POINT('',(6.967024087906,46.243074417114,
    2.000000238419));
#2835 = DIRECTION('',(-0.522500526285,-0.8526389623,-0.));
#2836 = DIRECTION('',(-0.8526389623,0.522500526285,0.));
#2837 = ADVANCED_FACE('',(#2838),#2844,.T.);
#2838 = FACE_BOUND('',#2839,.T.);
#2839 = EDGE_LOOP('',(#2840,#2841,#2842,#2843));
#2840 = ORIENTED_EDGE('',*,*,#2826,.F.);
#2841 = ORIENTED_EDGE('',*,*,#605,.F.);
#2842 = ORIENTED_EDGE('',*,*,#2484,.T.);
#2843 = ORIENTED_EDGE('',*,*,#2462,.F.);
#2844 = PLANE('',#2845);
#2845 = AXIS2_PLACEMENT_3D('',#2846,#2847,#2848);
#2846 = CARTESIAN_POINT('',(7.803328990936,45.816955566406,
    2.000000238419));
#2847 = DIRECTION('',(-0.382681600165,-0.923880291431,-0.));
#2848 = DIRECTION('',(-0.923880291431,0.382681600165,0.));
#2849 = ADVANCED_FACE('',(#2850),#2861,.T.);
#2850 = FACE_BOUND('',#2851,.T.);
#2851 = EDGE_LOOP('',(#2852,#2853,#2854,#2860));
#2852 = ORIENTED_EDGE('',*,*,#789,.T.);
#2853 = ORIENTED_EDGE('',*,*,#581,.F.);
#2854 = ORIENTED_EDGE('',*,*,#2855,.F.);
#2855 = EDGE_CURVE('',#1022,#574,#2856,.T.);
#2856 = LINE('',#2857,#2858);
#2857 = CARTESIAN_POINT('',(6.814510822296,50.155040740967,
    2.000000238419));
#2858 = VECTOR('',#2859,1.);
#2859 = DIRECTION('',(0.,0.,-1.));
#2860 = ORIENTED_EDGE('',*,*,#1021,.F.);
#2861 = PLANE('',#2862);
#2862 = AXIS2_PLACEMENT_3D('',#2863,#2864,#2865);
#2863 = CARTESIAN_POINT('',(10.564511060715,50.155040740967,
    1.000000119209));
#2864 = DIRECTION('',(0.,1.,0.));
#2865 = DIRECTION('',(0.,0.,1.));
#2866 = ADVANCED_FACE('',(#2867),#2878,.T.);
#2867 = FACE_BOUND('',#2868,.T.);
#2868 = EDGE_LOOP('',(#2869,#2870,#2871,#2877));
#2869 = ORIENTED_EDGE('',*,*,#2855,.T.);
#2870 = ORIENTED_EDGE('',*,*,#573,.F.);
#2871 = ORIENTED_EDGE('',*,*,#2872,.T.);
#2872 = EDGE_CURVE('',#566,#1030,#2873,.T.);
#2873 = LINE('',#2874,#2875);
#2874 = CARTESIAN_POINT('',(6.403024196625,50.189136505127,0.));
#2875 = VECTOR('',#2876,1.);
#2876 = DIRECTION('',(0.,0.,1.));
#2877 = ORIENTED_EDGE('',*,*,#1029,.F.);
#2878 = PLANE('',#2879);
#2879 = AXIS2_PLACEMENT_3D('',#2880,#2881,#2882);
#2880 = CARTESIAN_POINT('',(6.60876750946,50.172088623047,1.000000119209
    ));
#2881 = DIRECTION('',(8.257696470683E-02,0.99658469028,0.));
#2882 = DIRECTION('',(0.99658469028,-8.257696470683E-02,0.));
#2883 = ADVANCED_FACE('',(#2884),#2895,.T.);
#2884 = FACE_BOUND('',#2885,.T.);
#2885 = EDGE_LOOP('',(#2886,#2887,#2888,#2894));
#2886 = ORIENTED_EDGE('',*,*,#2872,.F.);
#2887 = ORIENTED_EDGE('',*,*,#565,.F.);
#2888 = ORIENTED_EDGE('',*,*,#2889,.T.);
#2889 = EDGE_CURVE('',#558,#1038,#2890,.T.);
#2890 = LINE('',#2891,#2892);
#2891 = CARTESIAN_POINT('',(6.002762317657,50.290496826172,0.));
#2892 = VECTOR('',#2893,1.);
#2893 = DIRECTION('',(0.,0.,1.));
#2894 = ORIENTED_EDGE('',*,*,#1037,.F.);
#2895 = PLANE('',#2896);
#2896 = AXIS2_PLACEMENT_3D('',#2897,#2898,#2899);
#2897 = CARTESIAN_POINT('',(6.202893257141,50.239816665649,
    1.000000119209));
#2898 = DIRECTION('',(0.245486050225,0.969400123347,0.));
#2899 = DIRECTION('',(0.969400123347,-0.245486050225,0.));
#2900 = ADVANCED_FACE('',(#2901),#2912,.T.);
#2901 = FACE_BOUND('',#2902,.T.);
#2902 = EDGE_LOOP('',(#2903,#2904,#2905,#2911));
#2903 = ORIENTED_EDGE('',*,*,#2889,.F.);
#2904 = ORIENTED_EDGE('',*,*,#557,.F.);
#2905 = ORIENTED_EDGE('',*,*,#2906,.T.);
#2906 = EDGE_CURVE('',#550,#1046,#2907,.T.);
#2907 = LINE('',#2908,#2909);
#2908 = CARTESIAN_POINT('',(5.624641895294,50.456356048584,0.));
#2909 = VECTOR('',#2910,1.);
#2910 = DIRECTION('',(0.,0.,1.));
#2911 = ORIENTED_EDGE('',*,*,#1045,.F.);
#2912 = PLANE('',#2913);
#2913 = AXIS2_PLACEMENT_3D('',#2914,#2915,#2916);
#2914 = CARTESIAN_POINT('',(5.813702106476,50.373426437378,
    1.000000119209));
#2915 = DIRECTION('',(0.401695886498,0.915773124071,0.));
#2916 = DIRECTION('',(0.915773124071,-0.401695886498,0.));
#2917 = ADVANCED_FACE('',(#2918),#2929,.T.);
#2918 = FACE_BOUND('',#2919,.T.);
#2919 = EDGE_LOOP('',(#2920,#2921,#2922,#2928));
#2920 = ORIENTED_EDGE('',*,*,#2906,.F.);
#2921 = ORIENTED_EDGE('',*,*,#549,.F.);
#2922 = ORIENTED_EDGE('',*,*,#2923,.T.);
#2923 = EDGE_CURVE('',#542,#1054,#2924,.T.);
#2924 = LINE('',#2925,#2926);
#2925 = CARTESIAN_POINT('',(5.278978824615,50.682186126709,0.));
#2926 = VECTOR('',#2927,1.);
#2927 = DIRECTION('',(0.,0.,1.));
#2928 = ORIENTED_EDGE('',*,*,#1053,.F.);
#2929 = PLANE('',#2930);
#2930 = AXIS2_PLACEMENT_3D('',#2931,#2932,#2933);
#2931 = CARTESIAN_POINT('',(5.451810359955,50.569271087646,
    1.000000119209));
#2932 = DIRECTION('',(0.546943274448,0.837169668906,0.));
#2933 = DIRECTION('',(0.837169668906,-0.546943274448,0.));
#2934 = ADVANCED_FACE('',(#2935),#2946,.T.);
#2935 = FACE_BOUND('',#2936,.T.);
#2936 = EDGE_LOOP('',(#2937,#2938,#2939,#2945));
#2937 = ORIENTED_EDGE('',*,*,#2923,.F.);
#2938 = ORIENTED_EDGE('',*,*,#541,.F.);
#2939 = ORIENTED_EDGE('',*,*,#2940,.T.);
#2940 = EDGE_CURVE('',#534,#1062,#2941,.T.);
#2941 = LINE('',#2942,#2943);
#2942 = CARTESIAN_POINT('',(4.975201129913,50.961837768555,0.));
#2943 = VECTOR('',#2944,1.);
#2944 = DIRECTION('',(0.,0.,1.));
#2945 = ORIENTED_EDGE('',*,*,#1061,.F.);
#2946 = PLANE('',#2947);
#2947 = AXIS2_PLACEMENT_3D('',#2948,#2949,#2950);
#2948 = CARTESIAN_POINT('',(5.127089977264,50.822011947632,
    1.000000119209));
#2949 = DIRECTION('',(0.67728756765,0.735718390899,0.));
#2950 = DIRECTION('',(0.735718390899,-0.67728756765,0.));
#2951 = ADVANCED_FACE('',(#2952),#2963,.T.);
#2952 = FACE_BOUND('',#2953,.T.);
#2953 = EDGE_LOOP('',(#2954,#2955,#2956,#2962));
#2954 = ORIENTED_EDGE('',*,*,#2940,.F.);
#2955 = ORIENTED_EDGE('',*,*,#533,.F.);
#2956 = ORIENTED_EDGE('',*,*,#2957,.T.);
#2957 = EDGE_CURVE('',#526,#1070,#2958,.T.);
#2958 = LINE('',#2959,#2960);
#2959 = CARTESIAN_POINT('',(4.721594333649,51.287670135498,0.));
#2960 = VECTOR('',#2961,1.);
#2961 = DIRECTION('',(0.,0.,1.));
#2962 = ORIENTED_EDGE('',*,*,#1069,.F.);
#2963 = PLANE('',#2964);
#2964 = AXIS2_PLACEMENT_3D('',#2965,#2966,#2967);
#2965 = CARTESIAN_POINT('',(4.848397731781,51.124753952026,
    1.000000119209));
#2966 = DIRECTION('',(0.789139000388,0.614214651458,0.));
#2967 = DIRECTION('',(-0.614214651458,0.789139000388,0.));
#2968 = ADVANCED_FACE('',(#2969),#2980,.T.);
#2969 = FACE_BOUND('',#2970,.T.);
#2970 = EDGE_LOOP('',(#2971,#2972,#2973,#2979));
#2971 = ORIENTED_EDGE('',*,*,#2957,.F.);
#2972 = ORIENTED_EDGE('',*,*,#525,.F.);
#2973 = ORIENTED_EDGE('',*,*,#2974,.T.);
#2974 = EDGE_CURVE('',#518,#1078,#2975,.T.);
#2975 = LINE('',#2976,#2977);
#2976 = CARTESIAN_POINT('',(4.525077342987,51.650798797607,0.));
#2977 = VECTOR('',#2978,1.);
#2978 = DIRECTION('',(0.,0.,1.));
#2979 = ORIENTED_EDGE('',*,*,#1077,.F.);
#2980 = PLANE('',#2981);
#2981 = AXIS2_PLACEMENT_3D('',#2982,#2983,#2984);
#2982 = CARTESIAN_POINT('',(4.623335838318,51.469234466553,
    1.000000119209));
#2983 = DIRECTION('',(0.879472143302,0.475950364172,0.));
#2984 = DIRECTION('',(-0.475950364172,0.879472143302,0.));
#2985 = ADVANCED_FACE('',(#2986),#2997,.T.);
#2986 = FACE_BOUND('',#2987,.T.);
#2987 = EDGE_LOOP('',(#2988,#2989,#2990,#2996));
#2988 = ORIENTED_EDGE('',*,*,#2974,.F.);
#2989 = ORIENTED_EDGE('',*,*,#517,.F.);
#2990 = ORIENTED_EDGE('',*,*,#2991,.T.);
#2991 = EDGE_CURVE('',#510,#1086,#2992,.T.);
#2992 = LINE('',#2993,#2994);
#2993 = CARTESIAN_POINT('',(4.391010284424,52.041324615479,0.));
#2994 = VECTOR('',#2995,1.);
#2995 = DIRECTION('',(0.,0.,1.));
#2996 = ORIENTED_EDGE('',*,*,#1085,.F.);
#2997 = PLANE('',#2998);
#2998 = AXIS2_PLACEMENT_3D('',#2999,#3000,#3001);
#2999 = CARTESIAN_POINT('',(4.458043813705,51.846061706543,
    1.000000119209));
#3000 = DIRECTION('',(0.94581770586,0.324698117151,0.));
#3001 = DIRECTION('',(-0.324698117151,0.94581770586,0.));
#3002 = ADVANCED_FACE('',(#3003),#3014,.T.);
#3003 = FACE_BOUND('',#3004,.T.);
#3004 = EDGE_LOOP('',(#3005,#3006,#3007,#3013));
#3005 = ORIENTED_EDGE('',*,*,#2991,.F.);
#3006 = ORIENTED_EDGE('',*,*,#509,.F.);
#3007 = ORIENTED_EDGE('',*,*,#3008,.T.);
#3008 = EDGE_CURVE('',#502,#1094,#3009,.T.);
#3009 = LINE('',#3010,#3011);
#3010 = CARTESIAN_POINT('',(4.323049545288,52.448589324951,0.));
#3011 = VECTOR('',#3012,1.);
#3012 = DIRECTION('',(0.,0.,1.));
#3013 = ORIENTED_EDGE('',*,*,#1093,.F.);
#3014 = PLANE('',#3015);
#3015 = AXIS2_PLACEMENT_3D('',#3016,#3017,#3018);
#3016 = CARTESIAN_POINT('',(4.357029914856,52.244956970215,
    1.000000119209));
#3017 = DIRECTION('',(0.986361193681,0.164595247804,0.));
#3018 = DIRECTION('',(-0.164595247804,0.986361193681,0.));
#3019 = ADVANCED_FACE('',(#3020),#3031,.T.);
#3020 = FACE_BOUND('',#3021,.T.);
#3021 = EDGE_LOOP('',(#3022,#3023,#3024,#3030));
#3022 = ORIENTED_EDGE('',*,*,#3008,.F.);
#3023 = ORIENTED_EDGE('',*,*,#501,.F.);
#3024 = ORIENTED_EDGE('',*,*,#3025,.T.);
#3025 = EDGE_CURVE('',#494,#1102,#3026,.T.);
#3026 = LINE('',#3027,#3028);
#3027 = CARTESIAN_POINT('',(4.323049545288,52.861488342285,0.));
#3028 = VECTOR('',#3029,1.);
#3029 = DIRECTION('',(0.,0.,1.));
#3030 = ORIENTED_EDGE('',*,*,#1101,.F.);
#3031 = PLANE('',#3032);
#3032 = AXIS2_PLACEMENT_3D('',#3033,#3034,#3035);
#3033 = CARTESIAN_POINT('',(4.323049545288,52.655038833618,
    1.000000119209));
#3034 = DIRECTION('',(1.,0.,0.));
#3035 = DIRECTION('',(0.,0.,1.));
#3036 = ADVANCED_FACE('',(#3037),#3048,.T.);
#3037 = FACE_BOUND('',#3038,.T.);
#3038 = EDGE_LOOP('',(#3039,#3040,#3041,#3047));
#3039 = ORIENTED_EDGE('',*,*,#3025,.F.);
#3040 = ORIENTED_EDGE('',*,*,#493,.F.);
#3041 = ORIENTED_EDGE('',*,*,#3042,.T.);
#3042 = EDGE_CURVE('',#486,#1110,#3043,.T.);
#3043 = LINE('',#3044,#3045);
#3044 = CARTESIAN_POINT('',(4.391010284424,53.268753051758,0.));
#3045 = VECTOR('',#3046,1.);
#3046 = DIRECTION('',(0.,0.,1.));
#3047 = ORIENTED_EDGE('',*,*,#1109,.F.);
#3048 = PLANE('',#3049);
#3049 = AXIS2_PLACEMENT_3D('',#3050,#3051,#3052);
#3050 = CARTESIAN_POINT('',(4.357029914856,53.065120697021,
    1.000000119209));
#3051 = DIRECTION('',(0.986361193681,-0.164595247804,0.));
#3052 = DIRECTION('',(0.164595247804,0.986361193681,0.));
#3053 = ADVANCED_FACE('',(#3054),#3065,.T.);
#3054 = FACE_BOUND('',#3055,.T.);
#3055 = EDGE_LOOP('',(#3056,#3057,#3058,#3064));
#3056 = ORIENTED_EDGE('',*,*,#3042,.F.);
#3057 = ORIENTED_EDGE('',*,*,#485,.F.);
#3058 = ORIENTED_EDGE('',*,*,#3059,.T.);
#3059 = EDGE_CURVE('',#478,#1118,#3060,.T.);
#3060 = LINE('',#3061,#3062);
#3061 = CARTESIAN_POINT('',(4.525077342987,53.659278869629,0.));
#3062 = VECTOR('',#3063,1.);
#3063 = DIRECTION('',(0.,0.,1.));
#3064 = ORIENTED_EDGE('',*,*,#1117,.F.);
#3065 = PLANE('',#3066);
#3066 = AXIS2_PLACEMENT_3D('',#3067,#3068,#3069);
#3067 = CARTESIAN_POINT('',(4.458043813705,53.464015960693,
    1.000000119209));
#3068 = DIRECTION('',(0.94581770586,-0.324698117151,0.));
#3069 = DIRECTION('',(0.324698117151,0.94581770586,0.));
#3070 = ADVANCED_FACE('',(#3071),#3082,.T.);
#3071 = FACE_BOUND('',#3072,.T.);
#3072 = EDGE_LOOP('',(#3073,#3074,#3075,#3081));
#3073 = ORIENTED_EDGE('',*,*,#3059,.F.);
#3074 = ORIENTED_EDGE('',*,*,#477,.F.);
#3075 = ORIENTED_EDGE('',*,*,#3076,.T.);
#3076 = EDGE_CURVE('',#470,#1126,#3077,.T.);
#3077 = LINE('',#3078,#3079);
#3078 = CARTESIAN_POINT('',(4.721594333649,54.022407531738,0.));
#3079 = VECTOR('',#3080,1.);
#3080 = DIRECTION('',(0.,0.,1.));
#3081 = ORIENTED_EDGE('',*,*,#1125,.F.);
#3082 = PLANE('',#3083);
#3083 = AXIS2_PLACEMENT_3D('',#3084,#3085,#3086);
#3084 = CARTESIAN_POINT('',(4.623335838318,53.840843200684,
    1.000000119209));
#3085 = DIRECTION('',(0.879472143302,-0.475950364172,0.));
#3086 = DIRECTION('',(0.475950364172,0.879472143302,0.));
#3087 = ADVANCED_FACE('',(#3088),#3099,.T.);
#3088 = FACE_BOUND('',#3089,.T.);
#3089 = EDGE_LOOP('',(#3090,#3091,#3092,#3098));
#3090 = ORIENTED_EDGE('',*,*,#3076,.F.);
#3091 = ORIENTED_EDGE('',*,*,#469,.F.);
#3092 = ORIENTED_EDGE('',*,*,#3093,.T.);
#3093 = EDGE_CURVE('',#462,#1134,#3094,.T.);
#3094 = LINE('',#3095,#3096);
#3095 = CARTESIAN_POINT('',(4.975201129913,54.348239898682,0.));
#3096 = VECTOR('',#3097,1.);
#3097 = DIRECTION('',(0.,0.,1.));
#3098 = ORIENTED_EDGE('',*,*,#1133,.F.);
#3099 = PLANE('',#3100);
#3100 = AXIS2_PLACEMENT_3D('',#3101,#3102,#3103);
#3101 = CARTESIAN_POINT('',(4.848397731781,54.18532371521,1.000000119209
    ));
#3102 = DIRECTION('',(0.789139000388,-0.614214651458,0.));
#3103 = DIRECTION('',(0.614214651458,0.789139000388,0.));
#3104 = ADVANCED_FACE('',(#3105),#3116,.T.);
#3105 = FACE_BOUND('',#3106,.T.);
#3106 = EDGE_LOOP('',(#3107,#3108,#3109,#3115));
#3107 = ORIENTED_EDGE('',*,*,#3093,.F.);
#3108 = ORIENTED_EDGE('',*,*,#461,.F.);
#3109 = ORIENTED_EDGE('',*,*,#3110,.T.);
#3110 = EDGE_CURVE('',#454,#1142,#3111,.T.);
#3111 = LINE('',#3112,#3113);
#3112 = CARTESIAN_POINT('',(5.278978824615,54.627891540527,0.));
#3113 = VECTOR('',#3114,1.);
#3114 = DIRECTION('',(0.,0.,1.));
#3115 = ORIENTED_EDGE('',*,*,#1141,.F.);
#3116 = PLANE('',#3117);
#3117 = AXIS2_PLACEMENT_3D('',#3118,#3119,#3120);
#3118 = CARTESIAN_POINT('',(5.127089977264,54.488065719604,
    1.000000119209));
#3119 = DIRECTION('',(0.67728756765,-0.735718390899,0.));
#3120 = DIRECTION('',(-0.735718390899,-0.67728756765,0.));
#3121 = ADVANCED_FACE('',(#3122),#3133,.T.);
#3122 = FACE_BOUND('',#3123,.T.);
#3123 = EDGE_LOOP('',(#3124,#3125,#3126,#3132));
#3124 = ORIENTED_EDGE('',*,*,#3110,.F.);
#3125 = ORIENTED_EDGE('',*,*,#453,.F.);
#3126 = ORIENTED_EDGE('',*,*,#3127,.T.);
#3127 = EDGE_CURVE('',#446,#1150,#3128,.T.);
#3128 = LINE('',#3129,#3130);
#3129 = CARTESIAN_POINT('',(5.624641895294,54.853721618652,0.));
#3130 = VECTOR('',#3131,1.);
#3131 = DIRECTION('',(0.,0.,1.));
#3132 = ORIENTED_EDGE('',*,*,#1149,.F.);
#3133 = PLANE('',#3134);
#3134 = AXIS2_PLACEMENT_3D('',#3135,#3136,#3137);
#3135 = CARTESIAN_POINT('',(5.451810359955,54.74080657959,1.000000119209
    ));
#3136 = DIRECTION('',(0.546943274448,-0.837169668906,0.));
#3137 = DIRECTION('',(-0.837169668906,-0.546943274448,0.));
#3138 = ADVANCED_FACE('',(#3139),#3150,.T.);
#3139 = FACE_BOUND('',#3140,.T.);
#3140 = EDGE_LOOP('',(#3141,#3142,#3143,#3149));
#3141 = ORIENTED_EDGE('',*,*,#3127,.F.);
#3142 = ORIENTED_EDGE('',*,*,#445,.F.);
#3143 = ORIENTED_EDGE('',*,*,#3144,.T.);
#3144 = EDGE_CURVE('',#438,#1158,#3145,.T.);
#3145 = LINE('',#3146,#3147);
#3146 = CARTESIAN_POINT('',(6.002762317657,55.019584655762,0.));
#3147 = VECTOR('',#3148,1.);
#3148 = DIRECTION('',(0.,0.,1.));
#3149 = ORIENTED_EDGE('',*,*,#1157,.F.);
#3150 = PLANE('',#3151);
#3151 = AXIS2_PLACEMENT_3D('',#3152,#3153,#3154);
#3152 = CARTESIAN_POINT('',(5.813702106476,54.936653137207,
    1.000000119209));
#3153 = DIRECTION('',(0.401703634527,-0.915769725427,0.));
#3154 = DIRECTION('',(-0.915769725427,-0.401703634527,0.));
#3155 = ADVANCED_FACE('',(#3156),#3167,.T.);
#3156 = FACE_BOUND('',#3157,.T.);
#3157 = EDGE_LOOP('',(#3158,#3159,#3160,#3166));
#3158 = ORIENTED_EDGE('',*,*,#3144,.F.);
#3159 = ORIENTED_EDGE('',*,*,#437,.F.);
#3160 = ORIENTED_EDGE('',*,*,#3161,.T.);
#3161 = EDGE_CURVE('',#430,#804,#3162,.T.);
#3162 = LINE('',#3163,#3164);
#3163 = CARTESIAN_POINT('',(6.403024196625,55.120941162109,0.));
#3164 = VECTOR('',#3165,1.);
#3165 = DIRECTION('',(0.,0.,1.));
#3166 = ORIENTED_EDGE('',*,*,#1165,.F.);
#3167 = PLANE('',#3168);
#3168 = AXIS2_PLACEMENT_3D('',#3169,#3170,#3171);
#3169 = CARTESIAN_POINT('',(6.202893257141,55.070262908936,
    1.000000119209));
#3170 = DIRECTION('',(0.24547736809,-0.969402321926,0.));
#3171 = DIRECTION('',(-0.969402321926,-0.24547736809,0.));
#3172 = ADVANCED_FACE('',(#3173),#3179,.T.);
#3173 = FACE_BOUND('',#3174,.T.);
#3174 = EDGE_LOOP('',(#3175,#3176,#3177,#3178));
#3175 = ORIENTED_EDGE('',*,*,#3161,.F.);
#3176 = ORIENTED_EDGE('',*,*,#429,.F.);
#3177 = ORIENTED_EDGE('',*,*,#2502,.F.);
#3178 = ORIENTED_EDGE('',*,*,#803,.F.);
#3179 = PLANE('',#3180);
#3180 = AXIS2_PLACEMENT_3D('',#3181,#3182,#3183);
#3181 = CARTESIAN_POINT('',(6.60876750946,55.137989044189,1.000000119209
    ));
#3182 = DIRECTION('',(8.257696470683E-02,-0.99658469028,0.));
#3183 = DIRECTION('',(-0.99658469028,-8.257696470683E-02,0.));
#3184 = ADVANCED_FACE('',(#3185),#3203,.T.);
#3185 = FACE_BOUND('',#3186,.T.);
#3186 = EDGE_LOOP('',(#3187,#3188,#3189,#3197));
#3187 = ORIENTED_EDGE('',*,*,#837,.F.);
#3188 = ORIENTED_EDGE('',*,*,#2284,.T.);
#3189 = ORIENTED_EDGE('',*,*,#3190,.F.);
#3190 = EDGE_CURVE('',#3191,#2277,#3193,.T.);
#3191 = VERTEX_POINT('',#3192);
#3192 = CARTESIAN_POINT('',(20.314510977329,55.15503692627,0.));
#3193 = LINE('',#3194,#3195);
#3194 = CARTESIAN_POINT('',(20.314510977329,60.03814986172,0.));
#3195 = VECTOR('',#3196,1.);
#3196 = DIRECTION('',(0.,1.,0.));
#3197 = ORIENTED_EDGE('',*,*,#3198,.F.);
#3198 = EDGE_CURVE('',#838,#3191,#3199,.T.);
#3199 = LINE('',#3200,#3201);
#3200 = CARTESIAN_POINT('',(20.314510977329,55.15503692627,
    1.500000178814));
#3201 = VECTOR('',#3202,1.);
#3202 = DIRECTION('',(0.,0.,-1.));
#3203 = PLANE('',#3204);
#3204 = AXIS2_PLACEMENT_3D('',#3205,#3206,#3207);
#3205 = CARTESIAN_POINT('',(20.314510977329,61.775779724121,
    2.000000238419));
#3206 = DIRECTION('',(-1.,0.,0.));
#3207 = DIRECTION('',(0.,-1.,0.));
#3208 = ADVANCED_FACE('',(#3209),#3227,.T.);
#3209 = FACE_BOUND('',#3210,.T.);
#3210 = EDGE_LOOP('',(#3211,#3212,#3220,#3226));
#3211 = ORIENTED_EDGE('',*,*,#3198,.T.);
#3212 = ORIENTED_EDGE('',*,*,#3213,.F.);
#3213 = EDGE_CURVE('',#3214,#3191,#3216,.T.);
#3214 = VERTEX_POINT('',#3215);
#3215 = CARTESIAN_POINT('',(26.814510345459,55.15503692627,0.));
#3216 = LINE('',#3217,#3218);
#3217 = CARTESIAN_POINT('',(26.814510345459,55.15503692627,0.));
#3218 = VECTOR('',#3219,1.);
#3219 = DIRECTION('',(-1.,0.,0.));
#3220 = ORIENTED_EDGE('',*,*,#3221,.F.);
#3221 = EDGE_CURVE('',#846,#3214,#3222,.T.);
#3222 = LINE('',#3223,#3224);
#3223 = CARTESIAN_POINT('',(26.814510345459,55.15503692627,
    2.000000238419));
#3224 = VECTOR('',#3225,1.);
#3225 = DIRECTION('',(0.,0.,-1.));
#3226 = ORIENTED_EDGE('',*,*,#845,.F.);
#3227 = PLANE('',#3228);
#3228 = AXIS2_PLACEMENT_3D('',#3229,#3230,#3231);
#3229 = CARTESIAN_POINT('',(23.064510345459,55.15503692627,
    1.000000119209));
#3230 = DIRECTION('',(-0.,-1.,-0.));
#3231 = DIRECTION('',(0.,0.,-1.));
#3232 = ADVANCED_FACE('',(#3233),#3251,.T.);
#3233 = FACE_BOUND('',#3234,.T.);
#3234 = EDGE_LOOP('',(#3235,#3236,#3244,#3250));
#3235 = ORIENTED_EDGE('',*,*,#3221,.T.);
#3236 = ORIENTED_EDGE('',*,*,#3237,.F.);
#3237 = EDGE_CURVE('',#3238,#3214,#3240,.T.);
#3238 = VERTEX_POINT('',#3239);
#3239 = CARTESIAN_POINT('',(27.225997924805,55.120941162109,0.));
#3240 = LINE('',#3241,#3242);
#3241 = CARTESIAN_POINT('',(27.225997924805,55.120941162109,0.));
#3242 = VECTOR('',#3243,1.);
#3243 = DIRECTION('',(-0.996584706029,8.257677462933E-02,0.));
#3244 = ORIENTED_EDGE('',*,*,#3245,.T.);
#3245 = EDGE_CURVE('',#3238,#854,#3246,.T.);
#3246 = LINE('',#3247,#3248);
#3247 = CARTESIAN_POINT('',(27.225997924805,55.120941162109,0.));
#3248 = VECTOR('',#3249,1.);
#3249 = DIRECTION('',(0.,0.,1.));
#3250 = ORIENTED_EDGE('',*,*,#853,.F.);
#3251 = PLANE('',#3252);
#3252 = AXIS2_PLACEMENT_3D('',#3253,#3254,#3255);
#3253 = CARTESIAN_POINT('',(27.020254135132,55.137989044189,
    1.000000119209));
#3254 = DIRECTION('',(-8.257677462933E-02,-0.996584706029,-0.));
#3255 = DIRECTION('',(-0.996584706029,8.257677462933E-02,0.));
#3256 = ADVANCED_FACE('',(#3257),#3275,.T.);
#3257 = FACE_BOUND('',#3258,.T.);
#3258 = EDGE_LOOP('',(#3259,#3260,#3268,#3274));
#3259 = ORIENTED_EDGE('',*,*,#3245,.F.);
#3260 = ORIENTED_EDGE('',*,*,#3261,.F.);
#3261 = EDGE_CURVE('',#3262,#3238,#3264,.T.);
#3262 = VERTEX_POINT('',#3263);
#3263 = CARTESIAN_POINT('',(27.626258850098,55.019584655762,0.));
#3264 = LINE('',#3265,#3266);
#3265 = CARTESIAN_POINT('',(27.626258850098,55.019584655762,0.));
#3266 = VECTOR('',#3267,1.);
#3267 = DIRECTION('',(-0.969402182744,0.245477917728,0.));
#3268 = ORIENTED_EDGE('',*,*,#3269,.T.);
#3269 = EDGE_CURVE('',#3262,#862,#3270,.T.);
#3270 = LINE('',#3271,#3272);
#3271 = CARTESIAN_POINT('',(27.626258850098,55.019584655762,0.));
#3272 = VECTOR('',#3273,1.);
#3273 = DIRECTION('',(0.,0.,1.));
#3274 = ORIENTED_EDGE('',*,*,#861,.F.);
#3275 = PLANE('',#3276);
#3276 = AXIS2_PLACEMENT_3D('',#3277,#3278,#3279);
#3277 = CARTESIAN_POINT('',(27.426128387451,55.070262908936,
    1.000000119209));
#3278 = DIRECTION('',(-0.245477917728,-0.969402182744,-0.));
#3279 = DIRECTION('',(-0.969402182744,0.245477917728,0.));
#3280 = ADVANCED_FACE('',(#3281),#3299,.T.);
#3281 = FACE_BOUND('',#3282,.T.);
#3282 = EDGE_LOOP('',(#3283,#3284,#3292,#3298));
#3283 = ORIENTED_EDGE('',*,*,#3269,.F.);
#3284 = ORIENTED_EDGE('',*,*,#3285,.F.);
#3285 = EDGE_CURVE('',#3286,#3262,#3288,.T.);
#3286 = VERTEX_POINT('',#3287);
#3287 = CARTESIAN_POINT('',(28.004379272461,54.853721618652,0.));
#3288 = LINE('',#3289,#3290);
#3289 = CARTESIAN_POINT('',(28.004379272461,54.853721618652,0.));
#3290 = VECTOR('',#3291,1.);
#3291 = DIRECTION('',(-0.915769725427,0.401703634527,0.));
#3292 = ORIENTED_EDGE('',*,*,#3293,.T.);
#3293 = EDGE_CURVE('',#3286,#870,#3294,.T.);
#3294 = LINE('',#3295,#3296);
#3295 = CARTESIAN_POINT('',(28.004379272461,54.853721618652,0.));
#3296 = VECTOR('',#3297,1.);
#3297 = DIRECTION('',(0.,0.,1.));
#3298 = ORIENTED_EDGE('',*,*,#869,.F.);
#3299 = PLANE('',#3300);
#3300 = AXIS2_PLACEMENT_3D('',#3301,#3302,#3303);
#3301 = CARTESIAN_POINT('',(27.815319061279,54.936653137207,
    1.000000119209));
#3302 = DIRECTION('',(-0.401703634527,-0.915769725427,-0.));
#3303 = DIRECTION('',(-0.915769725427,0.401703634527,0.));
#3304 = ADVANCED_FACE('',(#3305),#3323,.T.);
#3305 = FACE_BOUND('',#3306,.T.);
#3306 = EDGE_LOOP('',(#3307,#3308,#3316,#3322));
#3307 = ORIENTED_EDGE('',*,*,#3293,.F.);
#3308 = ORIENTED_EDGE('',*,*,#3309,.F.);
#3309 = EDGE_CURVE('',#3310,#3286,#3312,.T.);
#3310 = VERTEX_POINT('',#3311);
#3311 = CARTESIAN_POINT('',(28.35004234314,54.627891540527,0.));
#3312 = LINE('',#3313,#3314);
#3313 = CARTESIAN_POINT('',(28.35004234314,54.627891540527,0.));
#3314 = VECTOR('',#3315,1.);
#3315 = DIRECTION('',(-0.837169668906,0.546943274448,0.));
#3316 = ORIENTED_EDGE('',*,*,#3317,.T.);
#3317 = EDGE_CURVE('',#3310,#878,#3318,.T.);
#3318 = LINE('',#3319,#3320);
#3319 = CARTESIAN_POINT('',(28.35004234314,54.627891540527,0.));
#3320 = VECTOR('',#3321,1.);
#3321 = DIRECTION('',(0.,0.,1.));
#3322 = ORIENTED_EDGE('',*,*,#877,.F.);
#3323 = PLANE('',#3324);
#3324 = AXIS2_PLACEMENT_3D('',#3325,#3326,#3327);
#3325 = CARTESIAN_POINT('',(28.1772108078,54.74080657959,1.000000119209)
  );
#3326 = DIRECTION('',(-0.546943274448,-0.837169668906,-0.));
#3327 = DIRECTION('',(-0.837169668906,0.546943274448,0.));
#3328 = ADVANCED_FACE('',(#3329),#3347,.T.);
#3329 = FACE_BOUND('',#3330,.T.);
#3330 = EDGE_LOOP('',(#3331,#3332,#3340,#3346));
#3331 = ORIENTED_EDGE('',*,*,#3317,.F.);
#3332 = ORIENTED_EDGE('',*,*,#3333,.F.);
#3333 = EDGE_CURVE('',#3334,#3310,#3336,.T.);
#3334 = VERTEX_POINT('',#3335);
#3335 = CARTESIAN_POINT('',(28.653820037842,54.348239898682,0.));
#3336 = LINE('',#3337,#3338);
#3337 = CARTESIAN_POINT('',(28.653820037842,54.348239898682,0.));
#3338 = VECTOR('',#3339,1.);
#3339 = DIRECTION('',(-0.735718390899,0.67728756765,0.));
#3340 = ORIENTED_EDGE('',*,*,#3341,.T.);
#3341 = EDGE_CURVE('',#3334,#886,#3342,.T.);
#3342 = LINE('',#3343,#3344);
#3343 = CARTESIAN_POINT('',(28.653820037842,54.348239898682,0.));
#3344 = VECTOR('',#3345,1.);
#3345 = DIRECTION('',(0.,0.,1.));
#3346 = ORIENTED_EDGE('',*,*,#885,.F.);
#3347 = PLANE('',#3348);
#3348 = AXIS2_PLACEMENT_3D('',#3349,#3350,#3351);
#3349 = CARTESIAN_POINT('',(28.501931190491,54.488065719604,
    1.000000119209));
#3350 = DIRECTION('',(-0.67728756765,-0.735718390899,-0.));
#3351 = DIRECTION('',(-0.735718390899,0.67728756765,0.));
#3352 = ADVANCED_FACE('',(#3353),#3370,.T.);
#3353 = FACE_BOUND('',#3354,.T.);
#3354 = EDGE_LOOP('',(#3355,#3356,#3364));
#3355 = ORIENTED_EDGE('',*,*,#893,.F.);
#3356 = ORIENTED_EDGE('',*,*,#3357,.F.);
#3357 = EDGE_CURVE('',#3358,#886,#3360,.T.);
#3358 = VERTEX_POINT('',#3359);
#3359 = CARTESIAN_POINT('',(28.799999237061,54.174194335938,0.));
#3360 = LINE('',#3361,#3362);
#3361 = CARTESIAN_POINT('',(28.799999237061,54.174194335938,0.));
#3362 = VECTOR('',#3363,1.);
#3363 = DIRECTION('',(-7.262213606084E-02,8.646620453486E-02,
    0.993604358297));
#3364 = ORIENTED_EDGE('',*,*,#3365,.T.);
#3365 = EDGE_CURVE('',#3358,#894,#3366,.T.);
#3366 = LINE('',#3367,#3368);
#3367 = CARTESIAN_POINT('',(28.799999237061,54.174194335938,0.));
#3368 = VECTOR('',#3369,1.);
#3369 = DIRECTION('',(5.348310944102E-02,-7.556745644438E-02,
    0.995705336197));
#3370 = PLANE('',#3371);
#3371 = AXIS2_PLACEMENT_3D('',#3372,#3373,#3374);
#3372 = CARTESIAN_POINT('',(28.78934854976,54.18035518577,1.093112245403
    ));
#3373 = DIRECTION('',(-0.789131949881,-0.614209163801,
    -4.227147973727E-03));
#3374 = DIRECTION('',(0.614214651458,-0.789139000388,1.943714034132E-19)
  );
#3375 = ADVANCED_FACE('',(#3376),#3393,.T.);
#3376 = FACE_BOUND('',#3377,.T.);
#3377 = EDGE_LOOP('',(#3378,#3379,#3387));
#3378 = ORIENTED_EDGE('',*,*,#901,.F.);
#3379 = ORIENTED_EDGE('',*,*,#3380,.T.);
#3380 = EDGE_CURVE('',#894,#3381,#3383,.T.);
#3381 = VERTEX_POINT('',#3382);
#3382 = CARTESIAN_POINT('',(29.001766204834,53.865787506104,
    6.793066859245E-03));
#3383 = LINE('',#3384,#3385);
#3384 = CARTESIAN_POINT('',(28.907426834106,54.022407531738,
    2.000000238419));
#3385 = VECTOR('',#3386,1.);
#3386 = DIRECTION('',(4.713255612839E-02,-7.824837172574E-02,
    -0.995819117348));
#3387 = ORIENTED_EDGE('',*,*,#3388,.T.);
#3388 = EDGE_CURVE('',#3381,#902,#3389,.T.);
#3389 = LINE('',#3390,#3391);
#3390 = CARTESIAN_POINT('',(29.001766204834,53.865787506104,
    6.793066859245E-03));
#3391 = VECTOR('',#3392,1.);
#3392 = DIRECTION('',(5.092429768739E-02,-0.102920865965,0.993385127357)
  );
#3393 = PLANE('',#3394);
#3394 = AXIS2_PLACEMENT_3D('',#3395,#3396,#3397);
#3395 = CARTESIAN_POINT('',(29.003963541437,53.852049810792,
    1.096474385674));
#3396 = DIRECTION('',(-0.879463319911,-0.475947898863,
    -4.226878258259E-03));
#3397 = DIRECTION('',(0.475952150681,-0.879471176482,-1.010913941509E-19
    ));
#3398 = ADVANCED_FACE('',(#3399),#3416,.T.);
#3399 = FACE_BOUND('',#3400,.T.);
#3400 = EDGE_LOOP('',(#3401,#3409,#3415));
#3401 = ORIENTED_EDGE('',*,*,#3402,.T.);
#3402 = EDGE_CURVE('',#902,#3403,#3405,.T.);
#3403 = VERTEX_POINT('',#3404);
#3404 = CARTESIAN_POINT('',(29.190006256104,53.434154510498,
    2.545863389969E-02));
#3405 = LINE('',#3406,#3407);
#3406 = CARTESIAN_POINT('',(29.103944778442,53.659278869629,
    2.000000238419));
#3407 = VECTOR('',#3408,1.);
#3408 = DIRECTION('',(4.326444588221E-02,-0.113173523359,-0.992632833092
    ));
#3409 = ORIENTED_EDGE('',*,*,#3410,.F.);
#3410 = EDGE_CURVE('',#910,#3403,#3411,.T.);
#3411 = LINE('',#3412,#3413);
#3412 = CARTESIAN_POINT('',(29.238012313843,53.268753051758,
    2.000000238419));
#3413 = VECTOR('',#3414,1.);
#3414 = DIRECTION('',(-2.422054706923E-02,8.345017286142E-02,
    -0.996217563461));
#3415 = ORIENTED_EDGE('',*,*,#909,.F.);
#3416 = PLANE('',#3417);
#3417 = AXIS2_PLACEMENT_3D('',#3418,#3419,#3420);
#3418 = CARTESIAN_POINT('',(29.179541664299,53.450650810793,
    1.105710623209));
#3419 = DIRECTION('',(-0.945808993749,-0.324696281139,-4.20385033401E-03
    ));
#3420 = DIRECTION('',(0.324699150251,-0.945817351197,1.443198677552E-19)
  );
#3421 = ADVANCED_FACE('',(#3422),#3439,.T.);
#3422 = FACE_BOUND('',#3423,.T.);
#3423 = EDGE_LOOP('',(#3424,#3425,#3433));
#3424 = ORIENTED_EDGE('',*,*,#917,.F.);
#3425 = ORIENTED_EDGE('',*,*,#3426,.F.);
#3426 = EDGE_CURVE('',#3427,#910,#3429,.T.);
#3427 = VERTEX_POINT('',#3428);
#3428 = CARTESIAN_POINT('',(29.278833389282,53.075885772705,
    3.846082836389E-02));
#3429 = LINE('',#3430,#3431);
#3430 = CARTESIAN_POINT('',(29.278833389282,53.075885772705,
    3.84608283639E-02));
#3431 = VECTOR('',#3432,1.);
#3432 = DIRECTION('',(-2.070642148493E-02,9.783160114538E-02,
    0.994987548629));
#3433 = ORIENTED_EDGE('',*,*,#3434,.T.);
#3434 = EDGE_CURVE('',#3427,#918,#3435,.T.);
#3435 = LINE('',#3436,#3437);
#3436 = CARTESIAN_POINT('',(29.278833389282,53.075885772705,
    3.84608283639E-02));
#3437 = VECTOR('',#3438,1.);
#3438 = DIRECTION('',(1.375268662477E-02,-0.108643228108,0.993985670217)
  );
#3439 = PLANE('',#3440);
#3440 = AXIS2_PLACEMENT_3D('',#3441,#3442,#3443);
#3441 = CARTESIAN_POINT('',(29.275096703953,53.069946810306,
    1.112158833325));
#3442 = DIRECTION('',(-0.986351890912,-0.16459369544,-4.343122914782E-03
    ));
#3443 = DIRECTION('',(0.164595247804,-0.986361193681,-1.047864716581E-19
    ));
#3444 = ADVANCED_FACE('',(#3445),#3462,.T.);
#3445 = FACE_BOUND('',#3446,.T.);
#3446 = EDGE_LOOP('',(#3447,#3448,#3456));
#3447 = ORIENTED_EDGE('',*,*,#925,.F.);
#3448 = ORIENTED_EDGE('',*,*,#3449,.T.);
#3449 = EDGE_CURVE('',#918,#3450,#3452,.T.);
#3450 = VERTEX_POINT('',#3451);
#3451 = CARTESIAN_POINT('',(29.313886642456,52.710906982422,
    4.434119910002E-02));
#3452 = LINE('',#3453,#3454);
#3453 = CARTESIAN_POINT('',(29.305973052979,52.861488342285,
    2.000000238419));
#3454 = VECTOR('',#3455,1.);
#3455 = DIRECTION('',(4.034532823968E-03,-7.676989573068E-02,
    -0.997040674022));
#3456 = ORIENTED_EDGE('',*,*,#3457,.T.);
#3457 = EDGE_CURVE('',#3450,#926,#3458,.T.);
#3458 = LINE('',#3459,#3460);
#3459 = CARTESIAN_POINT('',(29.313886642456,52.710906982422,
    4.434119910002E-02));
#3460 = VECTOR('',#3461,1.);
#3461 = DIRECTION('',(-4.010557955006E-03,-0.132940958195,0.991115844419
    ));
#3462 = PLANE('',#3463);
#3463 = AXIS2_PLACEMENT_3D('',#3464,#3465,#3466);
#3464 = CARTESIAN_POINT('',(29.309554059981,52.680041530734,
    1.115037891818));
#3465 = DIRECTION('',(-0.999991812988,-0.,-4.046474630693E-03));
#3466 = DIRECTION('',(4.046474630693E-03,0.,-0.999991812988));
#3467 = ADVANCED_FACE('',(#3468),#3483,.T.);
#3468 = FACE_BOUND('',#3469,.T.);
#3469 = EDGE_LOOP('',(#3470,#3471,#3477));
#3470 = ORIENTED_EDGE('',*,*,#933,.F.);
#3471 = ORIENTED_EDGE('',*,*,#3472,.T.);
#3472 = EDGE_CURVE('',#926,#2197,#3473,.T.);
#3473 = LINE('',#3474,#3475);
#3474 = CARTESIAN_POINT('',(29.305973052979,52.448589324951,
    2.000000238419));
#3475 = VECTOR('',#3476,1.);
#3476 = DIRECTION('',(-3.408277538003E-03,3.194955794413E-04,
    -0.999994140766));
#3477 = ORIENTED_EDGE('',*,*,#3478,.T.);
#3478 = EDGE_CURVE('',#2197,#934,#3479,.T.);
#3479 = LINE('',#3480,#3481);
#3480 = CARTESIAN_POINT('',(29.299299240112,52.449214935303,
    4.189275205135E-02));
#3481 = VECTOR('',#3482,1.);
#3482 = DIRECTION('',(-3.062694615614E-02,-0.203835232459,0.97852602836)
  );
#3483 = PLANE('',#3484);
#3484 = AXIS2_PLACEMENT_3D('',#3485,#3486,#3487);
#3485 = CARTESIAN_POINT('',(29.284189616538,52.336440561877,
    1.113407343971));
#3486 = DIRECTION('',(-0.986355444169,0.164594288376,3.414380258037E-03)
  );
#3487 = DIRECTION('',(-0.164595247804,-0.986361193681,3.737148508555E-20
    ));
#3488 = ADVANCED_FACE('',(#3489),#3499,.T.);
#3489 = FACE_BOUND('',#3490,.T.);
#3490 = EDGE_LOOP('',(#3491,#3492,#3493));
#3491 = ORIENTED_EDGE('',*,*,#941,.F.);
#3492 = ORIENTED_EDGE('',*,*,#2175,.F.);
#3493 = ORIENTED_EDGE('',*,*,#3494,.T.);
#3494 = EDGE_CURVE('',#254,#942,#3495,.T.);
#3495 = LINE('',#3496,#3497);
#3496 = CARTESIAN_POINT('',(29.231475830078,52.042930603027,
    3.151968121529E-02));
#3497 = VECTOR('',#3498,1.);
#3498 = DIRECTION('',(-6.341025666014E-02,-0.194973522976,0.978756591134
    ));
#3499 = PLANE('',#3500);
#3500 = AXIS2_PLACEMENT_3D('',#3501,#3502,#3503);
#3501 = CARTESIAN_POINT('',(29.19805794241,51.934294093613,1.10827714817
    ));
#3502 = DIRECTION('',(-0.94581186652,0.324697267361,3.405542236071E-03)
  );
#3503 = DIRECTION('',(-0.324699150251,-0.945817351197,
    -2.643203191658E-19));
#3504 = ADVANCED_FACE('',(#3505),#3522,.T.);
#3505 = FACE_BOUND('',#3506,.T.);
#3506 = EDGE_LOOP('',(#3507,#3508,#3516));
#3507 = ORIENTED_EDGE('',*,*,#949,.F.);
#3508 = ORIENTED_EDGE('',*,*,#3509,.F.);
#3509 = EDGE_CURVE('',#3510,#942,#3512,.T.);
#3510 = VERTEX_POINT('',#3511);
#3511 = CARTESIAN_POINT('',(29.007518768311,51.454742431641,
    7.186084985733E-03));
#3512 = LINE('',#3513,#3514);
#3513 = CARTESIAN_POINT('',(29.007518768311,51.454742431641,
    7.186084985733E-03));
#3514 = VECTOR('',#3515,1.);
#3515 = DIRECTION('',(4.809864026701E-02,9.779565291359E-02,
    0.994043525745));
#3516 = ORIENTED_EDGE('',*,*,#3517,.T.);
#3517 = EDGE_CURVE('',#3510,#950,#3518,.T.);
#3518 = LINE('',#3519,#3520);
#3519 = CARTESIAN_POINT('',(29.007518768311,51.454742431641,
    7.186084985733E-03));
#3520 = VECTOR('',#3521,1.);
#3521 = DIRECTION('',(-4.99882652236E-02,-8.343983276475E-02,
    0.995258241688));
#3522 = PLANE('',#3523);
#3523 = AXIS2_PLACEMENT_3D('',#3524,#3525,#3526);
#3524 = CARTESIAN_POINT('',(29.006543870618,51.462715597638,
    1.09667341211));
#3525 = DIRECTION('',(-0.879463158492,0.475947811506,-4.270079509279E-03
    ));
#3526 = DIRECTION('',(-0.475952150681,-0.879471176482,3.85338899414E-19)
  );
#3527 = ADVANCED_FACE('',(#3528),#3543,.T.);
#3528 = FACE_BOUND('',#3529,.T.);
#3529 = EDGE_LOOP('',(#3530,#3536,#3537));
#3530 = ORIENTED_EDGE('',*,*,#3531,.T.);
#3531 = EDGE_CURVE('',#1365,#958,#3532,.T.);
#3532 = LINE('',#3533,#3534);
#3533 = CARTESIAN_POINT('',(28.799999237061,51.135883331299,0.));
#3534 = VECTOR('',#3535,1.);
#3535 = DIRECTION('',(-7.262213606084E-02,-8.646620453486E-02,
    0.993604358297));
#3536 = ORIENTED_EDGE('',*,*,#957,.F.);
#3537 = ORIENTED_EDGE('',*,*,#3538,.T.);
#3538 = EDGE_CURVE('',#950,#1365,#3539,.T.);
#3539 = LINE('',#3540,#3541);
#3540 = CARTESIAN_POINT('',(28.907426834106,51.287670135498,
    2.000000238419));
#3541 = VECTOR('',#3542,1.);
#3542 = DIRECTION('',(-5.348310944102E-02,-7.556745644438E-02,
    -0.995705336197));
#3543 = PLANE('',#3544);
#3544 = AXIS2_PLACEMENT_3D('',#3545,#3546,#3547);
#3545 = CARTESIAN_POINT('',(28.78934854976,51.129722481466,
    1.093112245403));
#3546 = DIRECTION('',(-0.789131949881,0.614209163801,-4.227147973727E-03
    ));
#3547 = DIRECTION('',(-0.614214651458,-0.789139000388,2.318528122082E-20
    ));
#3548 = ADVANCED_FACE('',(#3549),#3565,.T.);
#3549 = FACE_BOUND('',#3550,.T.);
#3550 = EDGE_LOOP('',(#3551,#3557,#3558,#3564));
#3551 = ORIENTED_EDGE('',*,*,#3552,.F.);
#3552 = EDGE_CURVE('',#1357,#958,#3553,.T.);
#3553 = LINE('',#3554,#3555);
#3554 = CARTESIAN_POINT('',(28.653820037842,50.961837768555,0.));
#3555 = VECTOR('',#3556,1.);
#3556 = DIRECTION('',(0.,0.,1.));
#3557 = ORIENTED_EDGE('',*,*,#1356,.F.);
#3558 = ORIENTED_EDGE('',*,*,#3559,.T.);
#3559 = EDGE_CURVE('',#1349,#966,#3560,.T.);
#3560 = LINE('',#3561,#3562);
#3561 = CARTESIAN_POINT('',(28.35004234314,50.682186126709,0.));
#3562 = VECTOR('',#3563,1.);
#3563 = DIRECTION('',(0.,0.,1.));
#3564 = ORIENTED_EDGE('',*,*,#965,.F.);
#3565 = PLANE('',#3566);
#3566 = AXIS2_PLACEMENT_3D('',#3567,#3568,#3569);
#3567 = CARTESIAN_POINT('',(28.501931190491,50.822011947632,
    1.000000119209));
#3568 = DIRECTION('',(-0.67728756765,0.735718390899,0.));
#3569 = DIRECTION('',(0.735718390899,0.67728756765,0.));
#3570 = ADVANCED_FACE('',(#3571),#3582,.T.);
#3571 = FACE_BOUND('',#3572,.T.);
#3572 = EDGE_LOOP('',(#3573,#3574,#3575,#3581));
#3573 = ORIENTED_EDGE('',*,*,#3559,.F.);
#3574 = ORIENTED_EDGE('',*,*,#1348,.F.);
#3575 = ORIENTED_EDGE('',*,*,#3576,.T.);
#3576 = EDGE_CURVE('',#1341,#974,#3577,.T.);
#3577 = LINE('',#3578,#3579);
#3578 = CARTESIAN_POINT('',(28.004379272461,50.456356048584,0.));
#3579 = VECTOR('',#3580,1.);
#3580 = DIRECTION('',(0.,0.,1.));
#3581 = ORIENTED_EDGE('',*,*,#973,.F.);
#3582 = PLANE('',#3583);
#3583 = AXIS2_PLACEMENT_3D('',#3584,#3585,#3586);
#3584 = CARTESIAN_POINT('',(28.1772108078,50.569271087646,1.000000119209
    ));
#3585 = DIRECTION('',(-0.546943274448,0.837169668906,0.));
#3586 = DIRECTION('',(0.837169668906,0.546943274448,0.));
#3587 = ADVANCED_FACE('',(#3588),#3599,.T.);
#3588 = FACE_BOUND('',#3589,.T.);
#3589 = EDGE_LOOP('',(#3590,#3591,#3592,#3598));
#3590 = ORIENTED_EDGE('',*,*,#3576,.F.);
#3591 = ORIENTED_EDGE('',*,*,#1340,.F.);
#3592 = ORIENTED_EDGE('',*,*,#3593,.T.);
#3593 = EDGE_CURVE('',#1333,#982,#3594,.T.);
#3594 = LINE('',#3595,#3596);
#3595 = CARTESIAN_POINT('',(27.626258850098,50.290496826172,0.));
#3596 = VECTOR('',#3597,1.);
#3597 = DIRECTION('',(0.,0.,1.));
#3598 = ORIENTED_EDGE('',*,*,#981,.F.);
#3599 = PLANE('',#3600);
#3600 = AXIS2_PLACEMENT_3D('',#3601,#3602,#3603);
#3601 = CARTESIAN_POINT('',(27.815319061279,50.373426437378,
    1.000000119209));
#3602 = DIRECTION('',(-0.401695886498,0.915773124071,0.));
#3603 = DIRECTION('',(0.915773124071,0.401695886498,0.));
#3604 = ADVANCED_FACE('',(#3605),#3616,.T.);
#3605 = FACE_BOUND('',#3606,.T.);
#3606 = EDGE_LOOP('',(#3607,#3608,#3609,#3615));
#3607 = ORIENTED_EDGE('',*,*,#3593,.F.);
#3608 = ORIENTED_EDGE('',*,*,#1332,.F.);
#3609 = ORIENTED_EDGE('',*,*,#3610,.T.);
#3610 = EDGE_CURVE('',#1325,#990,#3611,.T.);
#3611 = LINE('',#3612,#3613);
#3612 = CARTESIAN_POINT('',(27.225997924805,50.189136505127,0.));
#3613 = VECTOR('',#3614,1.);
#3614 = DIRECTION('',(0.,0.,1.));
#3615 = ORIENTED_EDGE('',*,*,#989,.F.);
#3616 = PLANE('',#3617);
#3617 = AXIS2_PLACEMENT_3D('',#3618,#3619,#3620);
#3618 = CARTESIAN_POINT('',(27.426128387451,50.239816665649,
    1.000000119209));
#3619 = DIRECTION('',(-0.24548659988,0.969399984155,0.));
#3620 = DIRECTION('',(0.969399984155,0.24548659988,0.));
#3621 = ADVANCED_FACE('',(#3622),#3633,.T.);
#3622 = FACE_BOUND('',#3623,.T.);
#3623 = EDGE_LOOP('',(#3624,#3625,#3626,#3632));
#3624 = ORIENTED_EDGE('',*,*,#3610,.F.);
#3625 = ORIENTED_EDGE('',*,*,#1322,.F.);
#3626 = ORIENTED_EDGE('',*,*,#3627,.F.);
#3627 = EDGE_CURVE('',#998,#1323,#3628,.T.);
#3628 = LINE('',#3629,#3630);
#3629 = CARTESIAN_POINT('',(26.814510345459,50.155040740967,
    2.000000238419));
#3630 = VECTOR('',#3631,1.);
#3631 = DIRECTION('',(0.,0.,-1.));
#3632 = ORIENTED_EDGE('',*,*,#997,.F.);
#3633 = PLANE('',#3634);
#3634 = AXIS2_PLACEMENT_3D('',#3635,#3636,#3637);
#3635 = CARTESIAN_POINT('',(27.020254135132,50.172088623047,
    1.000000119209));
#3636 = DIRECTION('',(-8.257677462933E-02,0.996584706029,0.));
#3637 = DIRECTION('',(0.996584706029,8.257677462933E-02,0.));
#3638 = ADVANCED_FACE('',(#3639),#3645,.T.);
#3639 = FACE_BOUND('',#3640,.T.);
#3640 = EDGE_LOOP('',(#3641,#3642,#3643,#3644));
#3641 = ORIENTED_EDGE('',*,*,#1005,.F.);
#3642 = ORIENTED_EDGE('',*,*,#3627,.T.);
#3643 = ORIENTED_EDGE('',*,*,#1380,.F.);
#3644 = ORIENTED_EDGE('',*,*,#1308,.T.);
#3645 = PLANE('',#3646);
#3646 = AXIS2_PLACEMENT_3D('',#3647,#3648,#3649);
#3647 = CARTESIAN_POINT('',(23.064510345459,50.155040740967,
    1.000000119209));
#3648 = DIRECTION('',(0.,1.,0.));
#3649 = DIRECTION('',(0.,0.,1.));
#3650 = ADVANCED_FACE('',(#3651),#3656,.T.);
#3651 = FACE_BOUND('',#3652,.T.);
#3652 = EDGE_LOOP('',(#3653,#3654,#3655));
#3653 = ORIENTED_EDGE('',*,*,#3531,.F.);
#3654 = ORIENTED_EDGE('',*,*,#1364,.F.);
#3655 = ORIENTED_EDGE('',*,*,#3552,.T.);
#3656 = PLANE('',#3657);
#3657 = AXIS2_PLACEMENT_3D('',#3658,#3659,#3660);
#3658 = CARTESIAN_POINT('',(28.692434731919,51.007813640613,
    0.946396314533));
#3659 = DIRECTION('',(-0.76574619213,0.643142883999,0.));
#3660 = DIRECTION('',(-0.643142883999,-0.76574619213,0.));
#3661 = ADVANCED_FACE('',(#3662),#3679,.T.);
#3662 = FACE_BOUND('',#3663,.T.);
#3663 = EDGE_LOOP('',(#3664,#3672,#3673));
#3664 = ORIENTED_EDGE('',*,*,#3665,.T.);
#3665 = EDGE_CURVE('',#3666,#22,#3668,.T.);
#3666 = VERTEX_POINT('',#3667);
#3667 = CARTESIAN_POINT('',(28.901355743408,51.291618347168,
    3.510154783726E-03));
#3668 = LINE('',#3669,#3670);
#3669 = CARTESIAN_POINT('',(28.901355743408,51.291618347168,
    3.510154783726E-03));
#3670 = VECTOR('',#3671,1.);
#3671 = DIRECTION('',(6.17370161692E-02,-0.998076694284,
    5.608311782803E-03));
#3672 = ORIENTED_EDGE('',*,*,#1396,.F.);
#3673 = ORIENTED_EDGE('',*,*,#3674,.F.);
#3674 = EDGE_CURVE('',#3666,#1365,#3675,.T.);
#3675 = LINE('',#3676,#3677);
#3676 = CARTESIAN_POINT('',(28.901355743408,51.291618347168,
    3.510154783726E-03));
#3677 = VECTOR('',#3678,1.);
#3678 = DIRECTION('',(-0.545378040494,-0.837977361805,
    -1.888740453633E-02));
#3679 = PLANE('',#3680);
#3680 = AXIS2_PLACEMENT_3D('',#3681,#3682,#3683);
#3681 = CARTESIAN_POINT('',(29.057051552242,48.324552003586,
    1.908268112851E-02));
#3682 = DIRECTION('',(3.947942461388E-02,-3.17267134395E-03,
    -0.999215346754));
#3683 = DIRECTION('',(-0.999220375765,5.573801116408E-21,
    -3.947962331223E-02));
#3684 = ADVANCED_FACE('',(#3685),#3700,.T.);
#3685 = FACE_BOUND('',#3686,.T.);
#3686 = EDGE_LOOP('',(#3687,#3693,#3694));
#3687 = ORIENTED_EDGE('',*,*,#3688,.T.);
#3688 = EDGE_CURVE('',#3450,#1420,#3689,.T.);
#3689 = LINE('',#3690,#3691);
#3690 = CARTESIAN_POINT('',(29.313886642456,52.710906982422,
    4.434119910002E-02));
#3691 = VECTOR('',#3692,1.);
#3692 = DIRECTION('',(4.552841942375E-02,0.998899201203,
    1.129375317634E-02));
#3693 = ORIENTED_EDGE('',*,*,#1419,.F.);
#3694 = ORIENTED_EDGE('',*,*,#3695,.F.);
#3695 = EDGE_CURVE('',#3450,#24,#3696,.T.);
#3696 = LINE('',#3697,#3698);
#3697 = CARTESIAN_POINT('',(29.313886642456,52.710906982422,
    4.434119910002E-02));
#3698 = VECTOR('',#3699,1.);
#3699 = DIRECTION('',(5.598394514251E-02,-0.998335083798,
    1.388734478991E-02));
#3700 = PLANE('',#3701);
#3701 = AXIS2_PLACEMENT_3D('',#3702,#3703,#3704);
#3702 = CARTESIAN_POINT('',(29.623689781173,53.558889110463,
    0.121190785056));
#3703 = DIRECTION('',(0.240762515213,0.,-0.970584056776));
#3704 = DIRECTION('',(-0.970584056776,0.,-0.240762515213));
#3705 = ADVANCED_FACE('',(#3706),#3723,.T.);
#3706 = FACE_BOUND('',#3707,.T.);
#3707 = EDGE_LOOP('',(#3708,#3716,#3717));
#3708 = ORIENTED_EDGE('',*,*,#3709,.T.);
#3709 = EDGE_CURVE('',#3710,#1612,#3712,.T.);
#3710 = VERTEX_POINT('',#3711);
#3711 = CARTESIAN_POINT('',(25.210886001587,102.92236328125,
    19.903032302856));
#3712 = LINE('',#3713,#3714);
#3713 = CARTESIAN_POINT('',(25.210886001587,102.92236328125,
    19.903032302856));
#3714 = VECTOR('',#3715,1.);
#3715 = DIRECTION('',(0.228367119443,-0.955810271728,-0.185135580632));
#3716 = ORIENTED_EDGE('',*,*,#1609,.F.);
#3717 = ORIENTED_EDGE('',*,*,#3718,.T.);
#3718 = EDGE_CURVE('',#1610,#3710,#3719,.T.);
#3719 = LINE('',#3720,#3721);
#3720 = CARTESIAN_POINT('',(31.800001144409,75.30721282959,
    14.533429145813));
#3721 = VECTOR('',#3722,1.);
#3722 = DIRECTION('',(-0.228046815828,0.955750050289,0.18583996116));
#3723 = PLANE('',#3724);
#3724 = AXIS2_PLACEMENT_3D('',#3725,#3726,#3727);
#3725 = CARTESIAN_POINT('',(28.508083462698,89.11297386904,
    17.223043851541));
#3726 = DIRECTION('',(0.881818851708,0.283661043264,-0.376738537062));
#3727 = DIRECTION('',(0.392876074026,3.170357284041E-18,0.919591425829)
  );
#3728 = ADVANCED_FACE('',(#3729),#3746,.T.);
#3729 = FACE_BOUND('',#3730,.T.);
#3730 = EDGE_LOOP('',(#3731,#3732,#3740));
#3731 = ORIENTED_EDGE('',*,*,#1619,.F.);
#3732 = ORIENTED_EDGE('',*,*,#3733,.T.);
#3733 = EDGE_CURVE('',#1612,#3734,#3736,.T.);
#3734 = VERTEX_POINT('',#3735);
#3735 = CARTESIAN_POINT('',(31.772859573364,75.914245605469,
    15.065388679504));
#3736 = LINE('',#3737,#3738);
#3737 = CARTESIAN_POINT('',(31.800001144409,75.344207763672,
    14.561284065247));
#3738 = VECTOR('',#3739,1.);
#3739 = DIRECTION('',(-3.56447359628E-02,0.74862462184,0.662035216867));
#3740 = ORIENTED_EDGE('',*,*,#3741,.T.);
#3741 = EDGE_CURVE('',#3734,#1620,#3742,.T.);
#3742 = LINE('',#3743,#3744);
#3743 = CARTESIAN_POINT('',(31.772859573364,75.914245605469,
    15.065388679504));
#3744 = VECTOR('',#3745,1.);
#3745 = DIRECTION('',(2.19122554024E-03,-4.602097188041E-02,
    0.998938070492));
#3746 = PLANE('',#3747);
#3747 = AXIS2_PLACEMENT_3D('',#3748,#3749,#3750);
#3748 = CARTESIAN_POINT('',(31.793145227349,75.488198402908,
    20.93895236247));
#3749 = DIRECTION('',(0.998868394803,4.755975044854E-02,0.));
#3750 = DIRECTION('',(-4.755975044854E-02,0.998868394803,0.));
#3751 = ADVANCED_FACE('',(#3752),#3769,.T.);
#3752 = FACE_BOUND('',#3753,.T.);
#3753 = EDGE_LOOP('',(#3754,#3755,#3763));
#3754 = ORIENTED_EDGE('',*,*,#1627,.F.);
#3755 = ORIENTED_EDGE('',*,*,#3756,.F.);
#3756 = EDGE_CURVE('',#3757,#1620,#3759,.T.);
#3757 = VERTEX_POINT('',#3758);
#3758 = CARTESIAN_POINT('',(25.228498458862,102.93399047851,
    22.040332794189));
#3759 = LINE('',#3760,#3761);
#3760 = CARTESIAN_POINT('',(25.228498458862,102.93399047851,
    22.040332794189));
#3761 = VECTOR('',#3762,1.);
#3762 = DIRECTION('',(0.227617589928,-0.955629199089,0.186984134632));
#3763 = ORIENTED_EDGE('',*,*,#3764,.T.);
#3764 = EDGE_CURVE('',#3757,#1628,#3765,.T.);
#3765 = LINE('',#3766,#3767);
#3766 = CARTESIAN_POINT('',(25.228498458862,102.93399047851,
    22.040332794189));
#3767 = VECTOR('',#3768,1.);
#3768 = DIRECTION('',(0.227291370741,-0.955570034839,0.187682021794));
#3769 = PLANE('',#3770);
#3770 = AXIS2_PLACEMENT_3D('',#3771,#3772,#3773);
#3771 = CARTESIAN_POINT('',(28.516924021254,89.11838529403,
    24.748712772586));
#3772 = DIRECTION('',(0.877495325032,0.284544495024,0.386052308501));
#3773 = DIRECTION('',(-0.402698732638,4.617302641363E-18,0.915332579302)
  );
#3774 = ADVANCED_FACE('',(#3775),#3792,.T.);
#3775 = FACE_BOUND('',#3776,.T.);
#3776 = EDGE_LOOP('',(#3777,#3778,#3786));
#3777 = ORIENTED_EDGE('',*,*,#1635,.F.);
#3778 = ORIENTED_EDGE('',*,*,#3779,.F.);
#3779 = EDGE_CURVE('',#3780,#1628,#3782,.T.);
#3780 = VERTEX_POINT('',#3781);
#3781 = CARTESIAN_POINT('',(25.210348129272,102.92156982421,
    22.096410751343));
#3782 = LINE('',#3783,#3784);
#3783 = CARTESIAN_POINT('',(25.210348129272,102.92156982421,
    22.096410751343));
#3784 = VECTOR('',#3785,1.);
#3785 = DIRECTION('',(0.228062795827,-0.955742438103,0.18585949846));
#3786 = ORIENTED_EDGE('',*,*,#3787,.T.);
#3787 = EDGE_CURVE('',#3780,#1636,#3788,.T.);
#3788 = LINE('',#3789,#3790);
#3789 = CARTESIAN_POINT('',(25.210348129272,102.92156982421,
    22.096410751343));
#3790 = VECTOR('',#3791,1.);
#3791 = DIRECTION('',(0.222250713972,-0.954621855611,0.198246646702));
#3792 = PLANE('',#3793);
#3793 = AXIS2_PLACEMENT_3D('',#3794,#3795,#3796);
#3794 = CARTESIAN_POINT('',(28.552645554477,88.738100719658,
    24.950583193768));
#3795 = DIRECTION('',(0.877539051623,0.284467416323,0.386009717399));
#3796 = DIRECTION('',(-0.402644697516,-5.112795219784E-17,0.915356350042
    ));
#3797 = ADVANCED_FACE('',(#3798),#3815,.T.);
#3798 = FACE_BOUND('',#3799,.T.);
#3799 = EDGE_LOOP('',(#3800,#3801,#3809));
#3800 = ORIENTED_EDGE('',*,*,#1643,.F.);
#3801 = ORIENTED_EDGE('',*,*,#3802,.T.);
#3802 = EDGE_CURVE('',#1636,#3803,#3805,.T.);
#3803 = VERTEX_POINT('',#3804);
#3804 = CARTESIAN_POINT('',(25.048406600952,102.79929351806,
    22.537651062012));
#3805 = LINE('',#3806,#3807);
#3806 = CARTESIAN_POINT('',(31.800001144409,74.617378234863,
    27.974351882935));
#3807 = VECTOR('',#3808,1.);
#3808 = DIRECTION('',(-0.228984456585,0.95580688608,-0.184389032114));
#3809 = ORIENTED_EDGE('',*,*,#3810,.T.);
#3810 = EDGE_CURVE('',#3803,#1644,#3811,.T.);
#3811 = LINE('',#3812,#3813);
#3812 = CARTESIAN_POINT('',(25.048406600952,102.79929351806,
    22.537651062012));
#3813 = VECTOR('',#3814,1.);
#3814 = DIRECTION('',(0.22712569857,-0.955691668239,0.187262789435));
#3815 = PLANE('',#3816);
#3816 = AXIS2_PLACEMENT_3D('',#3817,#3818,#3819);
#3817 = CARTESIAN_POINT('',(28.43906029984,88.589040281011,
    25.300719047296));
#3818 = DIRECTION('',(0.80831087633,0.292247497807,0.511101679935));
#3819 = DIRECTION('',(-0.534433596563,-1.335204812323E-17,0.845210465426
    ));
#3820 = ADVANCED_FACE('',(#3821),#3838,.T.);
#3821 = FACE_BOUND('',#3822,.T.);
#3822 = EDGE_LOOP('',(#3823,#3831,#3837));
#3823 = ORIENTED_EDGE('',*,*,#3824,.T.);
#3824 = EDGE_CURVE('',#1644,#3825,#3827,.T.);
#3825 = VERTEX_POINT('',#3826);
#3826 = CARTESIAN_POINT('',(24.808979034424,102.58245849609,
    23.00452041626));
#3827 = LINE('',#3828,#3829);
#3828 = CARTESIAN_POINT('',(31.800001144409,74.390167236328,
    28.104270935059));
#3829 = VECTOR('',#3830,1.);
#3830 = DIRECTION('',(-0.23706047678,0.95598009882,-0.172928832211));
#3831 = ORIENTED_EDGE('',*,*,#3832,.F.);
#3832 = EDGE_CURVE('',#1652,#3825,#3833,.T.);
#3833 = LINE('',#3834,#3835);
#3834 = CARTESIAN_POINT('',(31.800001144409,73.654846191406,
    28.524728775024));
#3835 = VECTOR('',#3836,1.);
#3836 = DIRECTION('',(-0.23097047715,0.95571496009,-0.182377503394));
#3837 = ORIENTED_EDGE('',*,*,#1651,.F.);
#3838 = PLANE('',#3839);
#3839 = AXIS2_PLACEMENT_3D('',#3840,#3841,#3842);
#3840 = CARTESIAN_POINT('',(28.353344507849,88.100542379122,
    25.697965778942));
#3841 = DIRECTION('',(0.80740298833,0.292866212109,0.512181409503));
#3842 = DIRECTION('',(-0.535668642086,2.308363044017E-17,0.844428271605)
  );
#3843 = ADVANCED_FACE('',(#3844),#3861,.T.);
#3844 = FACE_BOUND('',#3845,.T.);
#3845 = EDGE_LOOP('',(#3846,#3854,#3860));
#3846 = ORIENTED_EDGE('',*,*,#3847,.T.);
#3847 = EDGE_CURVE('',#1652,#3848,#3850,.T.);
#3848 = VERTEX_POINT('',#3849);
#3849 = CARTESIAN_POINT('',(24.787174224854,102.56128692627,
    23.039669036865));
#3850 = LINE('',#3851,#3852);
#3851 = CARTESIAN_POINT('',(31.800001144409,73.654846191406,
    28.524728775024));
#3852 = VECTOR('',#3853,1.);
#3853 = DIRECTION('',(-0.231856173291,0.955696869343,-0.18134555091));
#3854 = ORIENTED_EDGE('',*,*,#3855,.F.);
#3855 = EDGE_CURVE('',#1660,#3848,#3856,.T.);
#3856 = LINE('',#3857,#3858);
#3857 = CARTESIAN_POINT('',(31.800001144409,73.165878295898,
    28.757455825806));
#3858 = VECTOR('',#3859,1.);
#3859 = DIRECTION('',(-0.228011144208,0.955745925737,-0.185904931497));
#3860 = ORIENTED_EDGE('',*,*,#1659,.F.);
#3861 = PLANE('',#3862);
#3862 = AXIS2_PLACEMENT_3D('',#3863,#3864,#3865);
#3863 = CARTESIAN_POINT('',(28.324440447243,87.856562703359,
    25.865506182202));
#3864 = DIRECTION('',(0.7290718226,0.294144249165,0.618007636015));
#3865 = DIRECTION('',(-0.646613130069,2.432353852477E-17,0.762818104152)
  );
#3866 = ADVANCED_FACE('',(#3867),#3884,.T.);
#3867 = FACE_BOUND('',#3868,.T.);
#3868 = EDGE_LOOP('',(#3869,#3877,#3883));
#3869 = ORIENTED_EDGE('',*,*,#3870,.T.);
#3870 = EDGE_CURVE('',#1660,#3871,#3873,.T.);
#3871 = VERTEX_POINT('',#3872);
#3872 = CARTESIAN_POINT('',(31.298048019409,73.764686584473,
    29.000001907349));
#3873 = LINE('',#3874,#3875);
#3874 = CARTESIAN_POINT('',(31.800001144409,73.165878295898,
    28.757455825806));
#3875 = VECTOR('',#3876,1.);
#3876 = DIRECTION('',(-0.61352785843,0.731912102149,0.296459510994));
#3877 = ORIENTED_EDGE('',*,*,#3878,.F.);
#3878 = EDGE_CURVE('',#1668,#3871,#3879,.T.);
#3879 = LINE('',#3880,#3881);
#3880 = CARTESIAN_POINT('',(31.800001144409,72.656295776367,
    29.000001907349));
#3881 = VECTOR('',#3882,1.);
#3882 = DIRECTION('',(-0.412535042376,0.910941731842,0.));
#3883 = ORIENTED_EDGE('',*,*,#1667,.F.);
#3884 = PLANE('',#3885);
#3885 = AXIS2_PLACEMENT_3D('',#3886,#3887,#3888);
#3886 = CARTESIAN_POINT('',(31.603517603324,73.225681529838,
    28.935498694687));
#3887 = DIRECTION('',(0.688368997061,0.311739295113,0.654955521977));
#3888 = DIRECTION('',(-0.689305202386,4.98717667256E-17,0.724471074622)
  );
#3889 = ADVANCED_FACE('',(#3890),#4036,.T.);
#3890 = FACE_BOUND('',#3891,.T.);
#3891 = EDGE_LOOP('',(#3892,#3902,#3910,#3918,#3926,#3934,#3940,#3941,
    #3942,#3950,#3958,#3966,#3974,#3982,#3990,#3998,#4006,#4014,#4022,
    #4030));
#3892 = ORIENTED_EDGE('',*,*,#3893,.F.);
#3893 = EDGE_CURVE('',#3894,#3896,#3898,.T.);
#3894 = VERTEX_POINT('',#3895);
#3895 = CARTESIAN_POINT('',(27.311456680298,77.26091003418,
    29.000001907349));
#3896 = VERTEX_POINT('',#3897);
#3897 = CARTESIAN_POINT('',(28.563587188721,77.26091003418,
    29.000001907349));
#3898 = LINE('',#3899,#3900);
#3899 = CARTESIAN_POINT('',(27.311456680298,77.26091003418,
    29.000001907349));
#3900 = VECTOR('',#3901,1.);
#3901 = DIRECTION('',(1.,0.,0.));
#3902 = ORIENTED_EDGE('',*,*,#3903,.T.);
#3903 = EDGE_CURVE('',#3894,#3904,#3906,.T.);
#3904 = VERTEX_POINT('',#3905);
#3905 = CARTESIAN_POINT('',(27.616621017456,76.060974121094,
    29.000001907349));
#3906 = LINE('',#3907,#3908);
#3907 = CARTESIAN_POINT('',(27.311456680298,77.26091003418,
    29.000001907349));
#3908 = VECTOR('',#3909,1.);
#3909 = DIRECTION('',(0.246471519653,-0.969150034824,0.));
#3910 = ORIENTED_EDGE('',*,*,#3911,.T.);
#3911 = EDGE_CURVE('',#3904,#3912,#3914,.T.);
#3912 = VERTEX_POINT('',#3913);
#3913 = CARTESIAN_POINT('',(27.616621017456,66.967803955078,
    29.000001907349));
#3914 = LINE('',#3915,#3916);
#3915 = CARTESIAN_POINT('',(27.616621017456,76.060974121094,
    29.000001907349));
#3916 = VECTOR('',#3917,1.);
#3917 = DIRECTION('',(0.,-1.,0.));
#3918 = ORIENTED_EDGE('',*,*,#3919,.T.);
#3919 = EDGE_CURVE('',#3912,#3920,#3922,.T.);
#3920 = VERTEX_POINT('',#3921);
#3921 = CARTESIAN_POINT('',(28.092350006104,65.,29.000001907349));
#3922 = LINE('',#3923,#3924);
#3923 = CARTESIAN_POINT('',(27.616621017456,66.967803955078,
    29.000001907349));
#3924 = VECTOR('',#3925,1.);
#3925 = DIRECTION('',(0.234986770359,-0.971998568804,0.));
#3926 = ORIENTED_EDGE('',*,*,#3927,.F.);
#3927 = EDGE_CURVE('',#3928,#3920,#3930,.T.);
#3928 = VERTEX_POINT('',#3929);
#3929 = CARTESIAN_POINT('',(28.092350006104,59.728660583496,
    29.000001907349));
#3930 = LINE('',#3931,#3932);
#3931 = CARTESIAN_POINT('',(28.092350006104,59.728660583496,
    29.000001907349));
#3932 = VECTOR('',#3933,1.);
#3933 = DIRECTION('',(0.,1.,0.));
#3934 = ORIENTED_EDGE('',*,*,#3935,.T.);
#3935 = EDGE_CURVE('',#3928,#1676,#3936,.T.);
#3936 = LINE('',#3937,#3938);
#3937 = CARTESIAN_POINT('',(28.092350006104,59.728660583496,
    29.000001907349));
#3938 = VECTOR('',#3939,1.);
#3939 = DIRECTION('',(1.,0.,0.));
#3940 = ORIENTED_EDGE('',*,*,#1675,.T.);
#3941 = ORIENTED_EDGE('',*,*,#3878,.T.);
#3942 = ORIENTED_EDGE('',*,*,#3943,.T.);
#3943 = EDGE_CURVE('',#3871,#3944,#3946,.T.);
#3944 = VERTEX_POINT('',#3945);
#3945 = CARTESIAN_POINT('',(31.192653656006,73.997428894043,
    29.000001907349));
#3946 = LINE('',#3947,#3948);
#3947 = CARTESIAN_POINT('',(31.298048019409,73.764686584473,
    29.000001907349));
#3948 = VECTOR('',#3949,1.);
#3949 = DIRECTION('',(-0.41251281323,0.910951798352,0.));
#3950 = ORIENTED_EDGE('',*,*,#3951,.T.);
#3951 = EDGE_CURVE('',#3944,#3952,#3954,.T.);
#3952 = VERTEX_POINT('',#3953);
#3953 = CARTESIAN_POINT('',(30.60173034668,75.130386352539,
    29.000001907349));
#3954 = LINE('',#3955,#3956);
#3955 = CARTESIAN_POINT('',(31.192653656006,73.997428894043,
    29.000001907349));
#3956 = VECTOR('',#3957,1.);
#3957 = DIRECTION('',(-0.462452244484,0.886644191078,0.));
#3958 = ORIENTED_EDGE('',*,*,#3959,.T.);
#3959 = EDGE_CURVE('',#3952,#3960,#3962,.T.);
#3960 = VERTEX_POINT('',#3961);
#3961 = CARTESIAN_POINT('',(30.523984909058,75.25511932373,
    29.000001907349));
#3962 = LINE('',#3963,#3964);
#3963 = CARTESIAN_POINT('',(30.60173034668,75.130386352539,
    29.000001907349));
#3964 = VECTOR('',#3965,1.);
#3965 = DIRECTION('',(-0.528958043083,0.848647976877,0.));
#3966 = ORIENTED_EDGE('',*,*,#3967,.T.);
#3967 = EDGE_CURVE('',#3960,#3968,#3970,.T.);
#3968 = VERTEX_POINT('',#3969);
#3969 = CARTESIAN_POINT('',(30.037107467651,76.036247253418,
    29.000001907349));
#3970 = LINE('',#3971,#3972);
#3971 = CARTESIAN_POINT('',(30.523984909058,75.25511932373,
    29.000001907349));
#3972 = VECTOR('',#3973,1.);
#3973 = DIRECTION('',(-0.528961412583,0.848645876675,0.));
#3974 = ORIENTED_EDGE('',*,*,#3975,.T.);
#3975 = EDGE_CURVE('',#3968,#3976,#3978,.T.);
#3976 = VERTEX_POINT('',#3977);
#3977 = CARTESIAN_POINT('',(29.799655914307,76.334175109863,
    29.000001907349));
#3978 = LINE('',#3979,#3980);
#3979 = CARTESIAN_POINT('',(30.037107467651,76.036247253418,
    29.000001907349));
#3980 = VECTOR('',#3981,1.);
#3981 = DIRECTION('',(-0.623268388364,0.782008002559,0.));
#3982 = ORIENTED_EDGE('',*,*,#3983,.T.);
#3983 = EDGE_CURVE('',#3976,#3984,#3986,.T.);
#3984 = VERTEX_POINT('',#3985);
#3985 = CARTESIAN_POINT('',(29.508214950562,76.699851989746,
    29.000001907349));
#3986 = LINE('',#3987,#3988);
#3987 = CARTESIAN_POINT('',(29.799655914307,76.334175109863,
    29.000001907349));
#3988 = VECTOR('',#3989,1.);
#3989 = DIRECTION('',(-0.623258899924,0.782015564849,0.));
#3990 = ORIENTED_EDGE('',*,*,#3991,.T.);
#3991 = EDGE_CURVE('',#3984,#3992,#3994,.T.);
#3992 = VERTEX_POINT('',#3993);
#3993 = CARTESIAN_POINT('',(29.152257919312,77.022964477539,
    29.000001907349));
#3994 = LINE('',#3995,#3996);
#3995 = CARTESIAN_POINT('',(29.508214950562,76.699851989746,
    29.000001907349));
#3996 = VECTOR('',#3997,1.);
#3997 = DIRECTION('',(-0.740441826496,0.672120451687,0.));
#3998 = ORIENTED_EDGE('',*,*,#3999,.T.);
#3999 = EDGE_CURVE('',#3992,#4000,#4002,.T.);
#4000 = VERTEX_POINT('',#4001);
#4001 = CARTESIAN_POINT('',(29.135931015015,77.033195495605,
    29.000001907349));
#4002 = LINE('',#4003,#4004);
#4003 = CARTESIAN_POINT('',(29.152257919312,77.022964477539,
    29.000001907349));
#4004 = VECTOR('',#4005,1.);
#4005 = DIRECTION('',(-0.847374844931,0.53099517152,0.));
#4006 = ORIENTED_EDGE('',*,*,#4007,.T.);
#4007 = EDGE_CURVE('',#4000,#4008,#4010,.T.);
#4008 = VERTEX_POINT('',#4009);
#4009 = CARTESIAN_POINT('',(28.92639541626,77.164512634277,
    29.000001907349));
#4010 = LINE('',#4011,#4012);
#4011 = CARTESIAN_POINT('',(29.135931015015,77.033195495605,
    29.000001907349));
#4012 = VECTOR('',#4013,1.);
#4013 = DIRECTION('',(-0.847348112393,0.53103782956,0.));
#4014 = ORIENTED_EDGE('',*,*,#4015,.T.);
#4015 = EDGE_CURVE('',#4008,#4016,#4018,.T.);
#4016 = VERTEX_POINT('',#4017);
#4017 = CARTESIAN_POINT('',(28.764448165894,77.229804992676,
    29.000001907349));
#4018 = LINE('',#4019,#4020);
#4019 = CARTESIAN_POINT('',(28.92639541626,77.164512634277,
    29.000001907349));
#4020 = VECTOR('',#4021,1.);
#4021 = DIRECTION('',(-0.927459252713,0.373924236386,0.));
#4022 = ORIENTED_EDGE('',*,*,#4023,.T.);
#4023 = EDGE_CURVE('',#4016,#4024,#4026,.T.);
#4024 = VERTEX_POINT('',#4025);
#4025 = CARTESIAN_POINT('',(28.637079238892,77.256561279297,
    29.000001907349));
#4026 = LINE('',#4027,#4028);
#4027 = CARTESIAN_POINT('',(28.764448165894,77.229804992676,
    29.000001907349));
#4028 = VECTOR('',#4029,1.);
#4029 = DIRECTION('',(-0.9786398766,0.205582080759,0.));
#4030 = ORIENTED_EDGE('',*,*,#4031,.T.);
#4031 = EDGE_CURVE('',#4024,#3896,#4032,.T.);
#4032 = LINE('',#4033,#4034);
#4033 = CARTESIAN_POINT('',(28.637079238892,77.256561279297,
    29.000001907349));
#4034 = VECTOR('',#4035,1.);
#4035 = DIRECTION('',(-0.998253854355,5.906980841216E-02,0.));
#4036 = PLANE('',#4037);
#4037 = AXIS2_PLACEMENT_3D('',#4038,#4039,#4040);
#4038 = CARTESIAN_POINT('',(29.60590900529,68.194953867492,
    29.000001907349));
#4039 = DIRECTION('',(0.,0.,1.));
#4040 = DIRECTION('',(1.,0.,0.));
#4041 = ADVANCED_FACE('',(#4042),#4060,.T.);
#4042 = FACE_BOUND('',#4043,.T.);
#4043 = EDGE_LOOP('',(#4044,#4045,#4053,#4059));
#4044 = ORIENTED_EDGE('',*,*,#3935,.F.);
#4045 = ORIENTED_EDGE('',*,*,#4046,.F.);
#4046 = EDGE_CURVE('',#4047,#3928,#4049,.T.);
#4047 = VERTEX_POINT('',#4048);
#4048 = CARTESIAN_POINT('',(28.092350006104,58.790054321289,
    28.9261302948));
#4049 = LINE('',#4050,#4051);
#4050 = CARTESIAN_POINT('',(28.092350006104,58.790054321289,
    28.9261302948));
#4051 = VECTOR('',#4052,1.);
#4052 = DIRECTION('',(0.,0.996917192695,7.846088777293E-02));
#4053 = ORIENTED_EDGE('',*,*,#4054,.T.);
#4054 = EDGE_CURVE('',#4047,#1684,#4055,.T.);
#4055 = LINE('',#4056,#4057);
#4056 = CARTESIAN_POINT('',(28.092350006104,58.790054321289,
    28.9261302948));
#4057 = VECTOR('',#4058,1.);
#4058 = DIRECTION('',(1.,0.,0.));
#4059 = ORIENTED_EDGE('',*,*,#1683,.F.);
#4060 = PLANE('',#4061);
#4061 = AXIS2_PLACEMENT_3D('',#4062,#4063,#4064);
#4062 = CARTESIAN_POINT('',(29.946175575256,59.259357452393,
    28.963066101074));
#4063 = DIRECTION('',(0.,-7.846088777293E-02,0.996917192695));
#4064 = DIRECTION('',(0.,0.996917192695,7.846088777293E-02));
#4065 = ADVANCED_FACE('',(#4066),#4084,.T.);
#4066 = FACE_BOUND('',#4067,.T.);
#4067 = EDGE_LOOP('',(#4068,#4069,#4077,#4083));
#4068 = ORIENTED_EDGE('',*,*,#4054,.F.);
#4069 = ORIENTED_EDGE('',*,*,#4070,.F.);
#4070 = EDGE_CURVE('',#4071,#4047,#4073,.T.);
#4071 = VERTEX_POINT('',#4072);
#4072 = CARTESIAN_POINT('',(28.092350006104,57.874557495117,
    28.706340789795));
#4073 = LINE('',#4074,#4075);
#4074 = CARTESIAN_POINT('',(28.092350006104,57.874557495117,
    28.706340789795));
#4075 = VECTOR('',#4076,1.);
#4076 = DIRECTION('',(0.,0.972370363282,0.233443519101));
#4077 = ORIENTED_EDGE('',*,*,#4078,.T.);
#4078 = EDGE_CURVE('',#4071,#1692,#4079,.T.);
#4079 = LINE('',#4080,#4081);
#4080 = CARTESIAN_POINT('',(28.092350006104,57.874557495117,
    28.706340789795));
#4081 = VECTOR('',#4082,1.);
#4082 = DIRECTION('',(1.,0.,0.));
#4083 = ORIENTED_EDGE('',*,*,#1691,.F.);
#4084 = PLANE('',#4085);
#4085 = AXIS2_PLACEMENT_3D('',#4086,#4087,#4088);
#4086 = CARTESIAN_POINT('',(29.946175575256,58.332305908203,
    28.816235542297));
#4087 = DIRECTION('',(0.,-0.233443519101,0.972370363282));
#4088 = DIRECTION('',(0.,0.972370363282,0.233443519101));
#4089 = ADVANCED_FACE('',(#4090),#4108,.T.);
#4090 = FACE_BOUND('',#4091,.T.);
#4091 = EDGE_LOOP('',(#4092,#4093,#4101,#4107));
#4092 = ORIENTED_EDGE('',*,*,#4078,.F.);
#4093 = ORIENTED_EDGE('',*,*,#4094,.F.);
#4094 = EDGE_CURVE('',#4095,#4071,#4097,.T.);
#4095 = VERTEX_POINT('',#4096);
#4096 = CARTESIAN_POINT('',(28.092350006104,57.00471496582,
    28.346038818359));
#4097 = LINE('',#4098,#4099);
#4098 = CARTESIAN_POINT('',(28.092350006104,57.00471496582,
    28.346038818359));
#4099 = VECTOR('',#4100,1.);
#4100 = DIRECTION('',(0.,0.923879007286,0.38268470037));
#4101 = ORIENTED_EDGE('',*,*,#4102,.T.);
#4102 = EDGE_CURVE('',#4095,#1700,#4103,.T.);
#4103 = LINE('',#4104,#4105);
#4104 = CARTESIAN_POINT('',(28.092350006104,57.00471496582,
    28.346038818359));
#4105 = VECTOR('',#4106,1.);
#4106 = DIRECTION('',(1.,0.,0.));
#4107 = ORIENTED_EDGE('',*,*,#1699,.F.);
#4108 = PLANE('',#4109);
#4109 = AXIS2_PLACEMENT_3D('',#4110,#4111,#4112);
#4110 = CARTESIAN_POINT('',(29.946175575256,57.439636230469,
    28.526189804077));
#4111 = DIRECTION('',(0.,-0.38268470037,0.923879007286));
#4112 = DIRECTION('',(0.,0.923879007286,0.38268470037));
#4113 = ADVANCED_FACE('',(#4114),#4132,.T.);
#4114 = FACE_BOUND('',#4115,.T.);
#4115 = EDGE_LOOP('',(#4116,#4117,#4125,#4131));
#4116 = ORIENTED_EDGE('',*,*,#4102,.F.);
#4117 = ORIENTED_EDGE('',*,*,#4118,.F.);
#4118 = EDGE_CURVE('',#4119,#4095,#4121,.T.);
#4119 = VERTEX_POINT('',#4120);
#4120 = CARTESIAN_POINT('',(28.092350006104,56.201946258545,
    27.854103088379));
#4121 = LINE('',#4122,#4123);
#4122 = CARTESIAN_POINT('',(28.092350006104,56.201946258545,
    27.854103088379));
#4123 = VECTOR('',#4124,1.);
#4124 = DIRECTION('',(0.,0.852640905605,0.522497355102));
#4125 = ORIENTED_EDGE('',*,*,#4126,.T.);
#4126 = EDGE_CURVE('',#4119,#1708,#4127,.T.);
#4127 = LINE('',#4128,#4129);
#4128 = CARTESIAN_POINT('',(28.092350006104,56.201946258545,
    27.854103088379));
#4129 = VECTOR('',#4130,1.);
#4130 = DIRECTION('',(1.,0.,0.));
#4131 = ORIENTED_EDGE('',*,*,#1707,.F.);
#4132 = PLANE('',#4133);
#4133 = AXIS2_PLACEMENT_3D('',#4134,#4135,#4136);
#4134 = CARTESIAN_POINT('',(29.946175575256,56.603330612183,
    28.100070953369));
#4135 = DIRECTION('',(0.,-0.522497355102,0.852640905605));
#4136 = DIRECTION('',(0.,0.852640905605,0.522497355102));
#4137 = ADVANCED_FACE('',(#4138),#4156,.T.);
#4138 = FACE_BOUND('',#4139,.T.);
#4139 = EDGE_LOOP('',(#4140,#4141,#4149,#4155));
#4140 = ORIENTED_EDGE('',*,*,#4126,.F.);
#4141 = ORIENTED_EDGE('',*,*,#4142,.F.);
#4142 = EDGE_CURVE('',#4143,#4119,#4145,.T.);
#4143 = VERTEX_POINT('',#4144);
#4144 = CARTESIAN_POINT('',(28.092350006104,55.486019134521,
    27.242641448975));
#4145 = LINE('',#4146,#4147);
#4146 = CARTESIAN_POINT('',(28.092350006104,55.486019134521,
    27.242641448975));
#4147 = VECTOR('',#4148,1.);
#4148 = DIRECTION('',(0.,0.760404858549,0.649449344518));
#4149 = ORIENTED_EDGE('',*,*,#4150,.T.);
#4150 = EDGE_CURVE('',#4143,#1716,#4151,.T.);
#4151 = LINE('',#4152,#4153);
#4152 = CARTESIAN_POINT('',(28.092350006104,55.486019134521,
    27.242641448975));
#4153 = VECTOR('',#4154,1.);
#4154 = DIRECTION('',(1.,0.,0.));
#4155 = ORIENTED_EDGE('',*,*,#1715,.F.);
#4156 = PLANE('',#4157);
#4157 = AXIS2_PLACEMENT_3D('',#4158,#4159,#4160);
#4158 = CARTESIAN_POINT('',(29.946175575256,55.843982696533,
    27.548372268677));
#4159 = DIRECTION('',(0.,-0.649449344518,0.760404858549));
#4160 = DIRECTION('',(0.,0.760404858549,0.649449344518));
#4161 = ADVANCED_FACE('',(#4162),#4180,.T.);
#4162 = FACE_BOUND('',#4163,.T.);
#4163 = EDGE_LOOP('',(#4164,#4165,#4173,#4179));
#4164 = ORIENTED_EDGE('',*,*,#4150,.F.);
#4165 = ORIENTED_EDGE('',*,*,#4166,.F.);
#4166 = EDGE_CURVE('',#4167,#4143,#4169,.T.);
#4167 = VERTEX_POINT('',#4168);
#4168 = CARTESIAN_POINT('',(28.092350006104,54.874557495117,
    26.526712417603));
#4169 = LINE('',#4170,#4171);
#4170 = CARTESIAN_POINT('',(28.092350006104,54.874557495117,
    26.526712417603));
#4171 = VECTOR('',#4172,1.);
#4172 = DIRECTION('',(0.,0.649448344067,0.760405713017));
#4173 = ORIENTED_EDGE('',*,*,#4174,.T.);
#4174 = EDGE_CURVE('',#4167,#1724,#4175,.T.);
#4175 = LINE('',#4176,#4177);
#4176 = CARTESIAN_POINT('',(28.092350006104,54.874557495117,
    26.526712417603));
#4177 = VECTOR('',#4178,1.);
#4178 = DIRECTION('',(1.,0.,0.));
#4179 = ORIENTED_EDGE('',*,*,#1723,.F.);
#4180 = PLANE('',#4181);
#4181 = AXIS2_PLACEMENT_3D('',#4182,#4183,#4184);
#4182 = CARTESIAN_POINT('',(29.946175575256,55.180288314819,
    26.884676933289));
#4183 = DIRECTION('',(0.,-0.760405713017,0.649448344067));
#4184 = DIRECTION('',(0.,-0.649448344067,-0.760405713017));
#4185 = ADVANCED_FACE('',(#4186),#4204,.T.);
#4186 = FACE_BOUND('',#4187,.T.);
#4187 = EDGE_LOOP('',(#4188,#4189,#4197,#4203));
#4188 = ORIENTED_EDGE('',*,*,#4174,.F.);
#4189 = ORIENTED_EDGE('',*,*,#4190,.F.);
#4190 = EDGE_CURVE('',#4191,#4167,#4193,.T.);
#4191 = VERTEX_POINT('',#4192);
#4192 = CARTESIAN_POINT('',(28.092350006104,54.382617950439,
    25.723943710327));
#4193 = LINE('',#4194,#4195);
#4194 = CARTESIAN_POINT('',(28.092350006104,54.382617950439,
    25.723943710327));
#4195 = VECTOR('',#4196,1.);
#4196 = DIRECTION('',(0.,0.522500300655,0.852639100567));
#4197 = ORIENTED_EDGE('',*,*,#4198,.T.);
#4198 = EDGE_CURVE('',#4191,#1732,#4199,.T.);
#4199 = LINE('',#4200,#4201);
#4200 = CARTESIAN_POINT('',(28.092350006104,54.382617950439,
    25.723943710327));
#4201 = VECTOR('',#4202,1.);
#4202 = DIRECTION('',(1.,0.,0.));
#4203 = ORIENTED_EDGE('',*,*,#1731,.F.);
#4204 = PLANE('',#4205);
#4205 = AXIS2_PLACEMENT_3D('',#4206,#4207,#4208);
#4206 = CARTESIAN_POINT('',(29.946175575256,54.628587722778,
    26.125328063965));
#4207 = DIRECTION('',(0.,-0.852639100567,0.522500300655));
#4208 = DIRECTION('',(0.,-0.522500300655,-0.852639100567));
#4209 = ADVANCED_FACE('',(#4210),#4228,.T.);
#4210 = FACE_BOUND('',#4211,.T.);
#4211 = EDGE_LOOP('',(#4212,#4213,#4221,#4227));
#4212 = ORIENTED_EDGE('',*,*,#4198,.F.);
#4213 = ORIENTED_EDGE('',*,*,#4214,.F.);
#4214 = EDGE_CURVE('',#4215,#4191,#4217,.T.);
#4215 = VERTEX_POINT('',#4216);
#4216 = CARTESIAN_POINT('',(28.092350006104,54.022319793701,
    24.85410118103));
#4217 = LINE('',#4218,#4219);
#4218 = CARTESIAN_POINT('',(28.092350006104,54.022319793701,
    24.85410118103));
#4219 = VECTOR('',#4220,1.);
#4220 = DIRECTION('',(0.,0.382681242045,0.923880439768));
#4221 = ORIENTED_EDGE('',*,*,#4222,.T.);
#4222 = EDGE_CURVE('',#4215,#1740,#4223,.T.);
#4223 = LINE('',#4224,#4225);
#4224 = CARTESIAN_POINT('',(28.092350006104,54.022319793701,
    24.85410118103));
#4225 = VECTOR('',#4226,1.);
#4226 = DIRECTION('',(1.,0.,0.));
#4227 = ORIENTED_EDGE('',*,*,#1739,.F.);
#4228 = PLANE('',#4229);
#4229 = AXIS2_PLACEMENT_3D('',#4230,#4231,#4232);
#4230 = CARTESIAN_POINT('',(29.946175575256,54.20246887207,
    25.289022445679));
#4231 = DIRECTION('',(0.,-0.923880439768,0.382681242045));
#4232 = DIRECTION('',(0.,-0.382681242045,-0.923880439768));
#4233 = ADVANCED_FACE('',(#4234),#4252,.T.);
#4234 = FACE_BOUND('',#4235,.T.);
#4235 = EDGE_LOOP('',(#4236,#4237,#4245,#4251));
#4236 = ORIENTED_EDGE('',*,*,#4222,.F.);
#4237 = ORIENTED_EDGE('',*,*,#4238,.F.);
#4238 = EDGE_CURVE('',#4239,#4215,#4241,.T.);
#4239 = VERTEX_POINT('',#4240);
#4240 = CARTESIAN_POINT('',(28.092350006104,53.802528381348,
    23.938608169556));
#4241 = LINE('',#4242,#4243);
#4242 = CARTESIAN_POINT('',(28.092350006104,53.802528381348,
    23.938608169556));
#4243 = VECTOR('',#4244,1.);
#4244 = DIRECTION('',(0.,0.233446354254,0.972369682624));
#4245 = ORIENTED_EDGE('',*,*,#4246,.T.);
#4246 = EDGE_CURVE('',#4239,#1748,#4247,.T.);
#4247 = LINE('',#4248,#4249);
#4248 = CARTESIAN_POINT('',(28.092350006104,53.802528381348,
    23.938608169556));
#4249 = VECTOR('',#4250,1.);
#4250 = DIRECTION('',(1.,0.,0.));
#4251 = ORIENTED_EDGE('',*,*,#1747,.F.);
#4252 = PLANE('',#4253);
#4253 = AXIS2_PLACEMENT_3D('',#4254,#4255,#4256);
#4254 = CARTESIAN_POINT('',(29.946175575256,53.912424087524,
    24.396354675293));
#4255 = DIRECTION('',(0.,-0.972369682624,0.233446354254));
#4256 = DIRECTION('',(0.,-0.233446354254,-0.972369682624));
#4257 = ADVANCED_FACE('',(#4258),#4276,.T.);
#4258 = FACE_BOUND('',#4259,.T.);
#4259 = EDGE_LOOP('',(#4260,#4261,#4269,#4275));
#4260 = ORIENTED_EDGE('',*,*,#4246,.F.);
#4261 = ORIENTED_EDGE('',*,*,#4262,.F.);
#4262 = EDGE_CURVE('',#4263,#4239,#4265,.T.);
#4263 = VERTEX_POINT('',#4264);
#4264 = CARTESIAN_POINT('',(28.092350006104,53.728660583496,23.));
#4265 = LINE('',#4266,#4267);
#4266 = CARTESIAN_POINT('',(28.092350006104,53.728660583496,23.));
#4267 = VECTOR('',#4268,1.);
#4268 = DIRECTION('',(0.,7.845670257718E-02,0.996917522075));
#4269 = ORIENTED_EDGE('',*,*,#4270,.F.);
#4270 = EDGE_CURVE('',#1756,#4263,#4271,.T.);
#4271 = LINE('',#4272,#4273);
#4272 = CARTESIAN_POINT('',(31.800001144409,53.728660583496,23.));
#4273 = VECTOR('',#4274,1.);
#4274 = DIRECTION('',(-1.,0.,0.));
#4275 = ORIENTED_EDGE('',*,*,#1755,.F.);
#4276 = PLANE('',#4277);
#4277 = AXIS2_PLACEMENT_3D('',#4278,#4279,#4280);
#4278 = CARTESIAN_POINT('',(29.946175575256,53.765594482422,
    23.469304084778));
#4279 = DIRECTION('',(0.,-0.996917522075,7.845670257718E-02));
#4280 = DIRECTION('',(0.,-7.845670257718E-02,-0.996917522075));
#4281 = ADVANCED_FACE('',(#4282),#4300,.T.);
#4282 = FACE_BOUND('',#4283,.T.);
#4283 = EDGE_LOOP('',(#4284,#4292,#4293,#4294));
#4284 = ORIENTED_EDGE('',*,*,#4285,.T.);
#4285 = EDGE_CURVE('',#4286,#1764,#4288,.T.);
#4286 = VERTEX_POINT('',#4287);
#4287 = CARTESIAN_POINT('',(28.092350006104,53.728660583496,
    18.124248504639));
#4288 = LINE('',#4289,#4290);
#4289 = CARTESIAN_POINT('',(28.092350006104,53.728660583496,
    18.124248504639));
#4290 = VECTOR('',#4291,1.);
#4291 = DIRECTION('',(1.,0.,0.));
#4292 = ORIENTED_EDGE('',*,*,#1763,.F.);
#4293 = ORIENTED_EDGE('',*,*,#4270,.T.);
#4294 = ORIENTED_EDGE('',*,*,#4295,.F.);
#4295 = EDGE_CURVE('',#4286,#4263,#4296,.T.);
#4296 = LINE('',#4297,#4298);
#4297 = CARTESIAN_POINT('',(28.092350006104,53.728660583496,
    18.124248504639));
#4298 = VECTOR('',#4299,1.);
#4299 = DIRECTION('',(0.,0.,1.));
#4300 = PLANE('',#4301);
#4301 = AXIS2_PLACEMENT_3D('',#4302,#4303,#4304);
#4302 = CARTESIAN_POINT('',(29.946175575256,53.728660583496,
    20.562124252319));
#4303 = DIRECTION('',(-0.,-1.,-0.));
#4304 = DIRECTION('',(0.,0.,-1.));
#4305 = ADVANCED_FACE('',(#4306),#4324,.T.);
#4306 = FACE_BOUND('',#4307,.T.);
#4307 = EDGE_LOOP('',(#4308,#4309,#4317,#4323));
#4308 = ORIENTED_EDGE('',*,*,#4285,.F.);
#4309 = ORIENTED_EDGE('',*,*,#4310,.F.);
#4310 = EDGE_CURVE('',#4311,#4286,#4313,.T.);
#4311 = VERTEX_POINT('',#4312);
#4312 = CARTESIAN_POINT('',(28.092350006104,53.653823852539,
    17.179567337036));
#4313 = LINE('',#4314,#4315);
#4314 = CARTESIAN_POINT('',(28.092350006104,53.653823852539,
    17.179567337036));
#4315 = VECTOR('',#4316,1.);
#4316 = DIRECTION('',(0.,7.897162370977E-02,0.996876864336));
#4317 = ORIENTED_EDGE('',*,*,#4318,.T.);
#4318 = EDGE_CURVE('',#4311,#1772,#4319,.T.);
#4319 = LINE('',#4320,#4321);
#4320 = CARTESIAN_POINT('',(28.092350006104,53.653823852539,
    17.179567337036));
#4321 = VECTOR('',#4322,1.);
#4322 = DIRECTION('',(1.,0.,0.));
#4323 = ORIENTED_EDGE('',*,*,#1771,.F.);
#4324 = PLANE('',#4325);
#4325 = AXIS2_PLACEMENT_3D('',#4326,#4327,#4328);
#4326 = CARTESIAN_POINT('',(29.946175575256,53.691242218018,
    17.651907920837));
#4327 = DIRECTION('',(0.,-0.996876864336,7.897162370977E-02));
#4328 = DIRECTION('',(0.,-7.897162370977E-02,-0.996876864336));
#4329 = ADVANCED_FACE('',(#4330),#4348,.T.);
#4330 = FACE_BOUND('',#4331,.T.);
#4331 = EDGE_LOOP('',(#4332,#4333,#4341,#4347));
#4332 = ORIENTED_EDGE('',*,*,#4318,.F.);
#4333 = ORIENTED_EDGE('',*,*,#4334,.F.);
#4334 = EDGE_CURVE('',#4335,#4311,#4337,.T.);
#4335 = VERTEX_POINT('',#4336);
#4336 = CARTESIAN_POINT('',(28.092350006104,53.431186676025,
    16.258451461792));
#4337 = LINE('',#4338,#4339);
#4338 = CARTESIAN_POINT('',(28.092350006104,53.431186676025,
    16.258451461792));
#4339 = VECTOR('',#4340,1.);
#4340 = DIRECTION('',(0.,0.234938533537,0.972010229092));
#4341 = ORIENTED_EDGE('',*,*,#4342,.T.);
#4342 = EDGE_CURVE('',#4335,#1780,#4343,.T.);
#4343 = LINE('',#4344,#4345);
#4344 = CARTESIAN_POINT('',(28.092350006104,53.431186676025,
    16.258451461792));
#4345 = VECTOR('',#4346,1.);
#4346 = DIRECTION('',(1.,0.,0.));
#4347 = ORIENTED_EDGE('',*,*,#1779,.F.);
#4348 = PLANE('',#4349);
#4349 = AXIS2_PLACEMENT_3D('',#4350,#4351,#4352);
#4350 = CARTESIAN_POINT('',(29.946175575256,53.542505264282,
    16.719009399414));
#4351 = DIRECTION('',(0.,-0.972010229092,0.234938533537));
#4352 = DIRECTION('',(0.,-0.234938533537,-0.972010229092));
#4353 = ADVANCED_FACE('',(#4354),#4372,.T.);
#4354 = FACE_BOUND('',#4355,.T.);
#4355 = EDGE_LOOP('',(#4356,#4357,#4365,#4371));
#4356 = ORIENTED_EDGE('',*,*,#4342,.F.);
#4357 = ORIENTED_EDGE('',*,*,#4358,.F.);
#4358 = EDGE_CURVE('',#4359,#4335,#4361,.T.);
#4359 = VERTEX_POINT('',#4360);
#4360 = CARTESIAN_POINT('',(28.092350006104,53.066295623779,
    15.383878707886));
#4361 = LINE('',#4362,#4363);
#4362 = CARTESIAN_POINT('',(28.092350006104,53.066295623779,
    15.383878707886));
#4363 = VECTOR('',#4364,1.);
#4364 = DIRECTION('',(0.,0.385052092906,0.922894840027));
#4365 = ORIENTED_EDGE('',*,*,#4366,.T.);
#4366 = EDGE_CURVE('',#4359,#1788,#4367,.T.);
#4367 = LINE('',#4368,#4369);
#4368 = CARTESIAN_POINT('',(28.092350006104,53.066295623779,
    15.383878707886));
#4369 = VECTOR('',#4370,1.);
#4370 = DIRECTION('',(1.,0.,0.));
#4371 = ORIENTED_EDGE('',*,*,#1787,.F.);
#4372 = PLANE('',#4373);
#4373 = AXIS2_PLACEMENT_3D('',#4374,#4375,#4376);
#4374 = CARTESIAN_POINT('',(29.946175575256,53.248741149902,
    15.821165084839));
#4375 = DIRECTION('',(0.,-0.922894840027,0.385052092906));
#4376 = DIRECTION('',(0.,-0.385052092906,-0.922894840027));
#4377 = ADVANCED_FACE('',(#4378),#4396,.T.);
#4378 = FACE_BOUND('',#4379,.T.);
#4379 = EDGE_LOOP('',(#4380,#4381,#4389,#4395));
#4380 = ORIENTED_EDGE('',*,*,#4366,.F.);
#4381 = ORIENTED_EDGE('',*,*,#4382,.F.);
#4382 = EDGE_CURVE('',#4383,#4359,#4385,.T.);
#4383 = VERTEX_POINT('',#4384);
#4384 = CARTESIAN_POINT('',(28.092350006104,52.568260192871,
    14.577664375305));
#4385 = LINE('',#4386,#4387);
#4386 = CARTESIAN_POINT('',(28.092350006104,52.568260192871,
    14.577664375305));
#4387 = VECTOR('',#4388,1.);
#4388 = DIRECTION('',(0.,0.525553620663,0.850760478518));
#4389 = ORIENTED_EDGE('',*,*,#4390,.T.);
#4390 = EDGE_CURVE('',#4383,#1796,#4391,.T.);
#4391 = LINE('',#4392,#4393);
#4392 = CARTESIAN_POINT('',(28.092350006104,52.568260192871,
    14.577664375305));
#4393 = VECTOR('',#4394,1.);
#4394 = DIRECTION('',(1.,0.,0.));
#4395 = ORIENTED_EDGE('',*,*,#1795,.F.);
#4396 = PLANE('',#4397);
#4397 = AXIS2_PLACEMENT_3D('',#4398,#4399,#4400);
#4398 = CARTESIAN_POINT('',(29.946175575256,52.817277908325,
    14.980771541595));
#4399 = DIRECTION('',(0.,-0.850760478518,0.525553620663));
#4400 = DIRECTION('',(0.,-0.525553620663,-0.850760478518));
#4401 = ADVANCED_FACE('',(#4402),#4420,.T.);
#4402 = FACE_BOUND('',#4403,.T.);
#4403 = EDGE_LOOP('',(#4404,#4405,#4413,#4419));
#4404 = ORIENTED_EDGE('',*,*,#4390,.F.);
#4405 = ORIENTED_EDGE('',*,*,#4406,.F.);
#4406 = EDGE_CURVE('',#4407,#4383,#4409,.T.);
#4407 = VERTEX_POINT('',#4408);
#4408 = CARTESIAN_POINT('',(28.092350006104,51.9494972229,
    13.859919548035));
#4409 = LINE('',#4410,#4411);
#4410 = CARTESIAN_POINT('',(28.092350006104,51.9494972229,
    13.859919548035));
#4411 = VECTOR('',#4412,1.);
#4412 = DIRECTION('',(0.,0.652950173057,0.757400865794));
#4413 = ORIENTED_EDGE('',*,*,#4414,.T.);
#4414 = EDGE_CURVE('',#4407,#1804,#4415,.T.);
#4415 = LINE('',#4416,#4417);
#4416 = CARTESIAN_POINT('',(28.092350006104,51.9494972229,
    13.859919548035));
#4417 = VECTOR('',#4418,1.);
#4418 = DIRECTION('',(1.,0.,0.));
#4419 = ORIENTED_EDGE('',*,*,#1803,.F.);
#4420 = PLANE('',#4421);
#4421 = AXIS2_PLACEMENT_3D('',#4422,#4423,#4424);
#4422 = CARTESIAN_POINT('',(29.946175575256,52.258878707886,
    14.21879196167));
#4423 = DIRECTION('',(0.,-0.757400865794,0.652950173057));
#4424 = DIRECTION('',(0.,-0.652950173057,-0.757400865794));
#4425 = ADVANCED_FACE('',(#4426),#4444,.T.);
#4426 = FACE_BOUND('',#4427,.T.);
#4427 = EDGE_LOOP('',(#4428,#4429,#4437,#4443));
#4428 = ORIENTED_EDGE('',*,*,#4414,.F.);
#4429 = ORIENTED_EDGE('',*,*,#4430,.F.);
#4430 = EDGE_CURVE('',#4431,#4407,#4433,.T.);
#4431 = VERTEX_POINT('',#4432);
#4432 = CARTESIAN_POINT('',(28.092350006104,51.225448608398,
    13.248547554016));
#4433 = LINE('',#4434,#4435);
#4434 = CARTESIAN_POINT('',(28.092350006104,51.225448608398,
    13.248547554016));
#4435 = VECTOR('',#4436,1.);
#4436 = DIRECTION('',(0.,0.764054278155,0.645151966619));
#4437 = ORIENTED_EDGE('',*,*,#4438,.T.);
#4438 = EDGE_CURVE('',#4431,#1812,#4439,.T.);
#4439 = LINE('',#4440,#4441);
#4440 = CARTESIAN_POINT('',(28.092350006104,51.225448608398,
    13.248547554016));
#4441 = VECTOR('',#4442,1.);
#4442 = DIRECTION('',(1.,0.,0.));
#4443 = ORIENTED_EDGE('',*,*,#1811,.F.);
#4444 = PLANE('',#4445);
#4445 = AXIS2_PLACEMENT_3D('',#4446,#4447,#4448);
#4446 = CARTESIAN_POINT('',(29.946175575256,51.587472915649,
    13.554233551025));
#4447 = DIRECTION('',(0.,-0.645151966619,0.764054278155));
#4448 = DIRECTION('',(0.,0.764054278155,0.645151966619));
#4449 = ADVANCED_FACE('',(#4450),#4468,.T.);
#4450 = FACE_BOUND('',#4451,.T.);
#4451 = EDGE_LOOP('',(#4452,#4453,#4461,#4467));
#4452 = ORIENTED_EDGE('',*,*,#4438,.F.);
#4453 = ORIENTED_EDGE('',*,*,#4454,.F.);
#4454 = EDGE_CURVE('',#4455,#4431,#4457,.T.);
#4455 = VERTEX_POINT('',#4456);
#4456 = CARTESIAN_POINT('',(28.092350006104,50.414169311523,
    12.758801460266));
#4457 = LINE('',#4458,#4459);
#4458 = CARTESIAN_POINT('',(28.092350006104,50.414169311523,
    12.758801460266));
#4459 = VECTOR('',#4460,1.);
#4460 = DIRECTION('',(0.,0.856103157888,0.516804975842));
#4461 = ORIENTED_EDGE('',*,*,#4462,.T.);
#4462 = EDGE_CURVE('',#4455,#1820,#4463,.T.);
#4463 = LINE('',#4464,#4465);
#4464 = CARTESIAN_POINT('',(28.092350006104,50.414169311523,
    12.758801460266));
#4465 = VECTOR('',#4466,1.);
#4466 = DIRECTION('',(1.,0.,0.));
#4467 = ORIENTED_EDGE('',*,*,#1819,.F.);
#4468 = PLANE('',#4469);
#4469 = AXIS2_PLACEMENT_3D('',#4470,#4471,#4472);
#4470 = CARTESIAN_POINT('',(29.946175575256,50.819808959961,
    13.003674507141));
#4471 = DIRECTION('',(0.,-0.516804975842,0.856103157888));
#4472 = DIRECTION('',(0.,0.856103157888,0.516804975842));
#4473 = ADVANCED_FACE('',(#4474),#4492,.T.);
#4474 = FACE_BOUND('',#4475,.T.);
#4475 = EDGE_LOOP('',(#4476,#4477,#4485,#4491));
#4476 = ORIENTED_EDGE('',*,*,#4462,.F.);
#4477 = ORIENTED_EDGE('',*,*,#4478,.F.);
#4478 = EDGE_CURVE('',#4479,#4455,#4481,.T.);
#4479 = VERTEX_POINT('',#4480);
#4480 = CARTESIAN_POINT('',(28.092350006104,49.535903930664,
    12.402897834778));
#4481 = LINE('',#4482,#4483);
#4482 = CARTESIAN_POINT('',(28.092350006104,49.535903930664,
    12.402897834778));
#4483 = VECTOR('',#4484,1.);
#4484 = DIRECTION('',(0.,0.926794337136,0.375569243485));
#4485 = ORIENTED_EDGE('',*,*,#4486,.F.);
#4486 = EDGE_CURVE('',#1828,#4479,#4487,.T.);
#4487 = LINE('',#4488,#4489);
#4488 = CARTESIAN_POINT('',(31.800001144409,49.535903930664,
    12.402897834778));
#4489 = VECTOR('',#4490,1.);
#4490 = DIRECTION('',(-1.,0.,0.));
#4491 = ORIENTED_EDGE('',*,*,#1827,.F.);
#4492 = PLANE('',#4493);
#4493 = AXIS2_PLACEMENT_3D('',#4494,#4495,#4496);
#4494 = CARTESIAN_POINT('',(29.946175575256,49.975036621094,
    12.580849647522));
#4495 = DIRECTION('',(0.,-0.375569243485,0.926794337136));
#4496 = DIRECTION('',(0.,0.926794337136,0.375569243485));
#4497 = ADVANCED_FACE('',(#4498),#4516,.T.);
#4498 = FACE_BOUND('',#4499,.T.);
#4499 = EDGE_LOOP('',(#4500,#4508,#4509,#4510));
#4500 = ORIENTED_EDGE('',*,*,#4501,.F.);
#4501 = EDGE_CURVE('',#1836,#4502,#4504,.T.);
#4502 = VERTEX_POINT('',#4503);
#4503 = CARTESIAN_POINT('',(28.092350006104,48.657634735107,
    12.046993255615));
#4504 = LINE('',#4505,#4506);
#4505 = CARTESIAN_POINT('',(31.800001144409,48.657634735107,
    12.046993255615));
#4506 = VECTOR('',#4507,1.);
#4507 = DIRECTION('',(-1.,0.,0.));
#4508 = ORIENTED_EDGE('',*,*,#1835,.F.);
#4509 = ORIENTED_EDGE('',*,*,#4486,.T.);
#4510 = ORIENTED_EDGE('',*,*,#4511,.F.);
#4511 = EDGE_CURVE('',#4502,#4479,#4512,.T.);
#4512 = LINE('',#4513,#4514);
#4513 = CARTESIAN_POINT('',(28.092350006104,48.657634735107,
    12.046993255615));
#4514 = VECTOR('',#4515,1.);
#4515 = DIRECTION('',(0.,0.926794554646,0.375568706736));
#4516 = PLANE('',#4517);
#4517 = AXIS2_PLACEMENT_3D('',#4518,#4519,#4520);
#4518 = CARTESIAN_POINT('',(29.946175575256,49.096769332886,
    12.224945545197));
#4519 = DIRECTION('',(0.,-0.375568706736,0.926794554646));
#4520 = DIRECTION('',(0.,0.926794554646,0.375568706736));
#4521 = ADVANCED_FACE('',(#4522),#4540,.T.);
#4522 = FACE_BOUND('',#4523,.T.);
#4523 = EDGE_LOOP('',(#4524,#4532,#4533,#4534));
#4524 = ORIENTED_EDGE('',*,*,#4525,.F.);
#4525 = EDGE_CURVE('',#1844,#4526,#4528,.T.);
#4526 = VERTEX_POINT('',#4527);
#4527 = CARTESIAN_POINT('',(28.092350006104,47.84635925293,
    11.557246208191));
#4528 = LINE('',#4529,#4530);
#4529 = CARTESIAN_POINT('',(31.800001144409,47.84635925293,
    11.557246208191));
#4530 = VECTOR('',#4531,1.);
#4531 = DIRECTION('',(-1.,0.,0.));
#4532 = ORIENTED_EDGE('',*,*,#1843,.F.);
#4533 = ORIENTED_EDGE('',*,*,#4501,.T.);
#4534 = ORIENTED_EDGE('',*,*,#4535,.F.);
#4535 = EDGE_CURVE('',#4526,#4502,#4536,.T.);
#4536 = LINE('',#4537,#4538);
#4537 = CARTESIAN_POINT('',(28.092350006104,47.84635925293,
    11.557246208191));
#4538 = VECTOR('',#4539,1.);
#4539 = DIRECTION('',(0.,0.856101637474,0.516807494444));
#4540 = PLANE('',#4541);
#4541 = AXIS2_PLACEMENT_3D('',#4542,#4543,#4544);
#4542 = CARTESIAN_POINT('',(29.946175575256,48.251996994019,
    11.802119731903));
#4543 = DIRECTION('',(0.,-0.516807494444,0.856101637474));
#4544 = DIRECTION('',(0.,0.856101637474,0.516807494444));
#4545 = ADVANCED_FACE('',(#4546),#4564,.T.);
#4546 = FACE_BOUND('',#4547,.T.);
#4547 = EDGE_LOOP('',(#4548,#4556,#4557,#4558));
#4548 = ORIENTED_EDGE('',*,*,#4549,.F.);
#4549 = EDGE_CURVE('',#1852,#4550,#4552,.T.);
#4550 = VERTEX_POINT('',#4551);
#4551 = CARTESIAN_POINT('',(28.092350006104,47.12230682373,
    10.945876121521));
#4552 = LINE('',#4553,#4554);
#4553 = CARTESIAN_POINT('',(31.800001144409,47.12230682373,
    10.945876121521));
#4554 = VECTOR('',#4555,1.);
#4555 = DIRECTION('',(-1.,0.,0.));
#4556 = ORIENTED_EDGE('',*,*,#1851,.F.);
#4557 = ORIENTED_EDGE('',*,*,#4525,.T.);
#4558 = ORIENTED_EDGE('',*,*,#4559,.F.);
#4559 = EDGE_CURVE('',#4550,#4526,#4560,.T.);
#4560 = LINE('',#4561,#4562);
#4561 = CARTESIAN_POINT('',(28.092350006104,47.12230682373,
    10.945876121521));
#4562 = VECTOR('',#4563,1.);
#4563 = DIRECTION('',(0.,0.764056945769,0.645148807348));
#4564 = PLANE('',#4565);
#4565 = AXIS2_PLACEMENT_3D('',#4566,#4567,#4568);
#4566 = CARTESIAN_POINT('',(29.946175575256,47.48433303833,
    11.251561164856));
#4567 = DIRECTION('',(0.,-0.645148807348,0.764056945769));
#4568 = DIRECTION('',(0.,0.764056945769,0.645148807348));
#4569 = ADVANCED_FACE('',(#4570),#4588,.T.);
#4570 = FACE_BOUND('',#4571,.T.);
#4571 = EDGE_LOOP('',(#4572,#4580,#4581,#4582));
#4572 = ORIENTED_EDGE('',*,*,#4573,.F.);
#4573 = EDGE_CURVE('',#1860,#4574,#4576,.T.);
#4574 = VERTEX_POINT('',#4575);
#4575 = CARTESIAN_POINT('',(28.092350006104,46.503547668457,
    10.22813129425));
#4576 = LINE('',#4577,#4578);
#4577 = CARTESIAN_POINT('',(31.800001144409,46.503547668457,
    10.22813129425));
#4578 = VECTOR('',#4579,1.);
#4579 = DIRECTION('',(-1.,0.,0.));
#4580 = ORIENTED_EDGE('',*,*,#1859,.F.);
#4581 = ORIENTED_EDGE('',*,*,#4549,.T.);
#4582 = ORIENTED_EDGE('',*,*,#4583,.F.);
#4583 = EDGE_CURVE('',#4574,#4550,#4584,.T.);
#4584 = LINE('',#4585,#4586);
#4585 = CARTESIAN_POINT('',(28.092350006104,46.503547668457,
    10.22813129425));
#4586 = VECTOR('',#4587,1.);
#4587 = DIRECTION('',(0.,0.652947863817,0.757402856568));
#4588 = PLANE('',#4589);
#4589 = AXIS2_PLACEMENT_3D('',#4590,#4591,#4592);
#4590 = CARTESIAN_POINT('',(29.946175575256,46.812927246094,
    10.587003707886));
#4591 = DIRECTION('',(0.,-0.757402856568,0.652947863817));
#4592 = DIRECTION('',(0.,-0.652947863817,-0.757402856568));
#4593 = ADVANCED_FACE('',(#4594),#4612,.T.);
#4594 = FACE_BOUND('',#4595,.T.);
#4595 = EDGE_LOOP('',(#4596,#4604,#4605,#4606));
#4596 = ORIENTED_EDGE('',*,*,#4597,.F.);
#4597 = EDGE_CURVE('',#1868,#4598,#4600,.T.);
#4598 = VERTEX_POINT('',#4599);
#4599 = CARTESIAN_POINT('',(28.092350006104,46.005508422852,
    9.421916007996));
#4600 = LINE('',#4601,#4602);
#4601 = CARTESIAN_POINT('',(31.800001144409,46.005508422852,
    9.421916007996));
#4602 = VECTOR('',#4603,1.);
#4603 = DIRECTION('',(-1.,0.,0.));
#4604 = ORIENTED_EDGE('',*,*,#1867,.F.);
#4605 = ORIENTED_EDGE('',*,*,#4573,.T.);
#4606 = ORIENTED_EDGE('',*,*,#4607,.F.);
#4607 = EDGE_CURVE('',#4598,#4574,#4608,.T.);
#4608 = LINE('',#4609,#4610);
#4609 = CARTESIAN_POINT('',(28.092350006104,46.005508422852,
    9.421916007996));
#4610 = VECTOR('',#4611,1.);
#4611 = DIRECTION('',(0.,0.525556084297,0.850758956614));
#4612 = PLANE('',#4613);
#4613 = AXIS2_PLACEMENT_3D('',#4614,#4615,#4616);
#4614 = CARTESIAN_POINT('',(29.946175575256,46.254528045654,
    9.825023651123));
#4615 = DIRECTION('',(0.,-0.850758956614,0.525556084297));
#4616 = DIRECTION('',(0.,-0.525556084297,-0.850758956614));
#4617 = ADVANCED_FACE('',(#4618),#4636,.T.);
#4618 = FACE_BOUND('',#4619,.T.);
#4619 = EDGE_LOOP('',(#4620,#4628,#4629,#4630));
#4620 = ORIENTED_EDGE('',*,*,#4621,.F.);
#4621 = EDGE_CURVE('',#1876,#4622,#4624,.T.);
#4622 = VERTEX_POINT('',#4623);
#4623 = CARTESIAN_POINT('',(28.092350006104,45.640621185303,
    8.547342300415));
#4624 = LINE('',#4625,#4626);
#4625 = CARTESIAN_POINT('',(31.800001144409,45.640621185303,
    8.547342300415));
#4626 = VECTOR('',#4627,1.);
#4627 = DIRECTION('',(-1.,0.,0.));
#4628 = ORIENTED_EDGE('',*,*,#1875,.F.);
#4629 = ORIENTED_EDGE('',*,*,#4597,.T.);
#4630 = ORIENTED_EDGE('',*,*,#4631,.F.);
#4631 = EDGE_CURVE('',#4622,#4598,#4632,.T.);
#4632 = LINE('',#4633,#4634);
#4633 = CARTESIAN_POINT('',(28.092350006104,45.640621185303,
    8.547342300415));
#4634 = VECTOR('',#4635,1.);
#4635 = DIRECTION('',(0.,0.385048306644,0.92289641973));
#4636 = PLANE('',#4637);
#4637 = AXIS2_PLACEMENT_3D('',#4638,#4639,#4640);
#4638 = CARTESIAN_POINT('',(29.946175575256,45.823064804077,
    8.984629154205));
#4639 = DIRECTION('',(0.,-0.92289641973,0.385048306644));
#4640 = DIRECTION('',(0.,-0.385048306644,-0.92289641973));
#4641 = ADVANCED_FACE('',(#4642),#4660,.T.);
#4642 = FACE_BOUND('',#4643,.T.);
#4643 = EDGE_LOOP('',(#4644,#4652,#4653,#4654));
#4644 = ORIENTED_EDGE('',*,*,#4645,.F.);
#4645 = EDGE_CURVE('',#1884,#4646,#4648,.T.);
#4646 = VERTEX_POINT('',#4647);
#4647 = CARTESIAN_POINT('',(28.092350006104,45.417984008789,
    7.626225948334));
#4648 = LINE('',#4649,#4650);
#4649 = CARTESIAN_POINT('',(31.800001144409,45.417984008789,
    7.626225948334));
#4650 = VECTOR('',#4651,1.);
#4651 = DIRECTION('',(-1.,0.,0.));
#4652 = ORIENTED_EDGE('',*,*,#1883,.F.);
#4653 = ORIENTED_EDGE('',*,*,#4621,.T.);
#4654 = ORIENTED_EDGE('',*,*,#4655,.F.);
#4655 = EDGE_CURVE('',#4646,#4622,#4656,.T.);
#4656 = LINE('',#4657,#4658);
#4657 = CARTESIAN_POINT('',(28.092350006104,45.417984008789,
    7.626225948334));
#4658 = VECTOR('',#4659,1.);
#4659 = DIRECTION('',(0.,0.234938418629,0.972010256866));
#4660 = PLANE('',#4661);
#4661 = AXIS2_PLACEMENT_3D('',#4662,#4663,#4664);
#4662 = CARTESIAN_POINT('',(29.946175575256,45.529302597046,
    8.086784124374));
#4663 = DIRECTION('',(0.,-0.972010256866,0.234938418629));
#4664 = DIRECTION('',(0.,-0.234938418629,-0.972010256866));
#4665 = ADVANCED_FACE('',(#4666),#4676,.T.);
#4666 = FACE_BOUND('',#4667,.T.);
#4667 = EDGE_LOOP('',(#4668,#4674,#4675));
#4668 = ORIENTED_EDGE('',*,*,#4669,.F.);
#4669 = EDGE_CURVE('',#199,#4646,#4670,.T.);
#4670 = LINE('',#4671,#4672);
#4671 = CARTESIAN_POINT('',(31.800001144409,45.343147277832,
    6.681545257568));
#4672 = VECTOR('',#4673,1.);
#4673 = DIRECTION('',(-0.968854670298,1.955575473336E-02,0.246856639162)
  );
#4674 = ORIENTED_EDGE('',*,*,#1891,.F.);
#4675 = ORIENTED_EDGE('',*,*,#4645,.T.);
#4676 = PLANE('',#4677);
#4677 = AXIS2_PLACEMENT_3D('',#4678,#4679,#4680);
#4678 = CARTESIAN_POINT('',(30.153288607989,45.396921704001,
    7.360351792934));
#4679 = DIRECTION('',(0.,-0.996876861198,7.89716633229E-02));
#4680 = DIRECTION('',(0.,-7.89716633229E-02,-0.996876861198));
#4681 = ADVANCED_FACE('',(#4682),#4700,.T.);
#4682 = FACE_BOUND('',#4683,.T.);
#4683 = EDGE_LOOP('',(#4684,#4692,#4693,#4694));
#4684 = ORIENTED_EDGE('',*,*,#4685,.F.);
#4685 = EDGE_CURVE('',#1908,#4686,#4688,.T.);
#4686 = VERTEX_POINT('',#4687);
#4687 = CARTESIAN_POINT('',(28.092350006104,61.84965133667,
    7.938606739044));
#4688 = LINE('',#4689,#4690);
#4689 = CARTESIAN_POINT('',(31.800001144409,61.84965133667,
    7.938606739044));
#4690 = VECTOR('',#4691,1.);
#4691 = DIRECTION('',(-1.,0.,0.));
#4692 = ORIENTED_EDGE('',*,*,#1907,.F.);
#4693 = ORIENTED_EDGE('',*,*,#2245,.F.);
#4694 = ORIENTED_EDGE('',*,*,#4695,.F.);
#4695 = EDGE_CURVE('',#4686,#2238,#4696,.T.);
#4696 = LINE('',#4697,#4698);
#4697 = CARTESIAN_POINT('',(28.092350006104,61.84965133667,
    7.938606739044));
#4698 = VECTOR('',#4699,1.);
#4699 = DIRECTION('',(0.,-7.84608481581E-02,-0.996917195812));
#4700 = PLANE('',#4701);
#4701 = AXIS2_PLACEMENT_3D('',#4702,#4703,#4704);
#4702 = CARTESIAN_POINT('',(29.946175575256,61.812715530396,
    7.469303369522));
#4703 = DIRECTION('',(0.,0.996917195812,-7.84608481581E-02));
#4704 = DIRECTION('',(0.,7.84608481581E-02,0.996917195812));
#4705 = ADVANCED_FACE('',(#4706),#4724,.T.);
#4706 = FACE_BOUND('',#4707,.T.);
#4707 = EDGE_LOOP('',(#4708,#4716,#4717,#4718));
#4708 = ORIENTED_EDGE('',*,*,#4709,.F.);
#4709 = EDGE_CURVE('',#1916,#4710,#4712,.T.);
#4710 = VERTEX_POINT('',#4711);
#4711 = CARTESIAN_POINT('',(28.092350006104,62.069442749023,
    8.854102134705));
#4712 = LINE('',#4713,#4714);
#4713 = CARTESIAN_POINT('',(31.800001144409,62.069442749023,
    8.854102134705));
#4714 = VECTOR('',#4715,1.);
#4715 = DIRECTION('',(-1.,0.,0.));
#4716 = ORIENTED_EDGE('',*,*,#1915,.F.);
#4717 = ORIENTED_EDGE('',*,*,#4685,.T.);
#4718 = ORIENTED_EDGE('',*,*,#4719,.F.);
#4719 = EDGE_CURVE('',#4710,#4686,#4720,.T.);
#4720 = LINE('',#4721,#4722);
#4721 = CARTESIAN_POINT('',(28.092350006104,62.069442749023,
    8.854102134705));
#4722 = VECTOR('',#4723,1.);
#4723 = DIRECTION('',(0.,-0.233445779431,-0.972369820627));
#4724 = PLANE('',#4725);
#4725 = AXIS2_PLACEMENT_3D('',#4726,#4727,#4728);
#4726 = CARTESIAN_POINT('',(29.946175575256,61.959547042847,
    8.396354436874));
#4727 = DIRECTION('',(0.,0.972369820627,-0.233445779431));
#4728 = DIRECTION('',(0.,0.233445779431,0.972369820627));
#4729 = ADVANCED_FACE('',(#4730),#4748,.T.);
#4730 = FACE_BOUND('',#4731,.T.);
#4731 = EDGE_LOOP('',(#4732,#4740,#4741,#4742));
#4732 = ORIENTED_EDGE('',*,*,#4733,.F.);
#4733 = EDGE_CURVE('',#1924,#4734,#4736,.T.);
#4734 = VERTEX_POINT('',#4735);
#4735 = CARTESIAN_POINT('',(28.092350006104,62.429740905762,
    9.723942756653));
#4736 = LINE('',#4737,#4738);
#4737 = CARTESIAN_POINT('',(31.800001144409,62.429740905762,
    9.723942756653));
#4738 = VECTOR('',#4739,1.);
#4739 = DIRECTION('',(-1.,0.,0.));
#4740 = ORIENTED_EDGE('',*,*,#1923,.F.);
#4741 = ORIENTED_EDGE('',*,*,#4709,.T.);
#4742 = ORIENTED_EDGE('',*,*,#4743,.F.);
#4743 = EDGE_CURVE('',#4734,#4710,#4744,.T.);
#4744 = LINE('',#4745,#4746);
#4745 = CARTESIAN_POINT('',(28.092350006104,62.429740905762,
    9.723942756653));
#4746 = VECTOR('',#4747,1.);
#4747 = DIRECTION('',(0.,-0.382681958286,-0.923880143094));
#4748 = PLANE('',#4749);
#4749 = AXIS2_PLACEMENT_3D('',#4750,#4751,#4752);
#4750 = CARTESIAN_POINT('',(29.946175575256,62.249591827393,
    9.289022445679));
#4751 = DIRECTION('',(0.,0.923880143094,-0.382681958286));
#4752 = DIRECTION('',(0.,0.382681958286,0.923880143094));
#4753 = ADVANCED_FACE('',(#4754),#4772,.T.);
#4754 = FACE_BOUND('',#4755,.T.);
#4755 = EDGE_LOOP('',(#4756,#4764,#4765,#4766));
#4756 = ORIENTED_EDGE('',*,*,#4757,.F.);
#4757 = EDGE_CURVE('',#1932,#4758,#4760,.T.);
#4758 = VERTEX_POINT('',#4759);
#4759 = CARTESIAN_POINT('',(28.092350006104,62.921680450439,
    10.526712417603));
#4760 = LINE('',#4761,#4762);
#4761 = CARTESIAN_POINT('',(31.800001144409,62.921680450439,
    10.526712417603));
#4762 = VECTOR('',#4763,1.);
#4763 = DIRECTION('',(-1.,0.,0.));
#4764 = ORIENTED_EDGE('',*,*,#1931,.F.);
#4765 = ORIENTED_EDGE('',*,*,#4733,.T.);
#4766 = ORIENTED_EDGE('',*,*,#4767,.F.);
#4767 = EDGE_CURVE('',#4758,#4734,#4768,.T.);
#4768 = LINE('',#4769,#4770);
#4769 = CARTESIAN_POINT('',(28.092350006104,62.921680450439,
    10.526712417603));
#4770 = VECTOR('',#4771,1.);
#4771 = DIRECTION('',(0.,-0.522499849395,-0.8526393771));
#4772 = PLANE('',#4773);
#4773 = AXIS2_PLACEMENT_3D('',#4774,#4775,#4776);
#4774 = CARTESIAN_POINT('',(29.946175575256,62.675710678101,
    10.125327587128));
#4775 = DIRECTION('',(0.,0.8526393771,-0.522499849395));
#4776 = DIRECTION('',(0.,0.522499849395,0.8526393771));
#4777 = ADVANCED_FACE('',(#4778),#4796,.T.);
#4778 = FACE_BOUND('',#4779,.T.);
#4779 = EDGE_LOOP('',(#4780,#4788,#4789,#4790));
#4780 = ORIENTED_EDGE('',*,*,#4781,.F.);
#4781 = EDGE_CURVE('',#1940,#4782,#4784,.T.);
#4782 = VERTEX_POINT('',#4783);
#4783 = CARTESIAN_POINT('',(28.092350006104,63.533142089844,
    11.242641448975));
#4784 = LINE('',#4785,#4786);
#4785 = CARTESIAN_POINT('',(31.800001144409,63.533142089844,
    11.242641448975));
#4786 = VECTOR('',#4787,1.);
#4787 = DIRECTION('',(-1.,0.,0.));
#4788 = ORIENTED_EDGE('',*,*,#1939,.F.);
#4789 = ORIENTED_EDGE('',*,*,#4757,.T.);
#4790 = ORIENTED_EDGE('',*,*,#4791,.F.);
#4791 = EDGE_CURVE('',#4782,#4758,#4792,.T.);
#4792 = LINE('',#4793,#4794);
#4793 = CARTESIAN_POINT('',(28.092350006104,63.533142089844,
    11.242641448975));
#4794 = VECTOR('',#4795,1.);
#4795 = DIRECTION('',(0.,-0.649448344067,-0.760405713017));
#4796 = PLANE('',#4797);
#4797 = AXIS2_PLACEMENT_3D('',#4798,#4799,#4800);
#4798 = CARTESIAN_POINT('',(29.946175575256,63.227411270142,
    10.884676933289));
#4799 = DIRECTION('',(0.,0.760405713017,-0.649448344067));
#4800 = DIRECTION('',(0.,0.649448344067,0.760405713017));
#4801 = ADVANCED_FACE('',(#4802),#4820,.T.);
#4802 = FACE_BOUND('',#4803,.T.);
#4803 = EDGE_LOOP('',(#4804,#4812,#4813,#4814));
#4804 = ORIENTED_EDGE('',*,*,#4805,.F.);
#4805 = EDGE_CURVE('',#1948,#4806,#4808,.T.);
#4806 = VERTEX_POINT('',#4807);
#4807 = CARTESIAN_POINT('',(28.092350006104,64.249069213867,
    11.854102134705));
#4808 = LINE('',#4809,#4810);
#4809 = CARTESIAN_POINT('',(31.800001144409,64.249069213867,
    11.854102134705));
#4810 = VECTOR('',#4811,1.);
#4811 = DIRECTION('',(-1.,0.,0.));
#4812 = ORIENTED_EDGE('',*,*,#1947,.F.);
#4813 = ORIENTED_EDGE('',*,*,#4781,.T.);
#4814 = ORIENTED_EDGE('',*,*,#4815,.F.);
#4815 = EDGE_CURVE('',#4806,#4782,#4816,.T.);
#4816 = LINE('',#4817,#4818);
#4817 = CARTESIAN_POINT('',(28.092350006104,64.249069213867,
    11.854102134705));
#4818 = VECTOR('',#4819,1.);
#4819 = DIRECTION('',(0.,-0.760405358775,-0.64944875883));
#4820 = PLANE('',#4821);
#4821 = AXIS2_PLACEMENT_3D('',#4822,#4823,#4824);
#4822 = CARTESIAN_POINT('',(29.946175575256,63.891105651855,
    11.54837179184));
#4823 = DIRECTION('',(0.,0.64944875883,-0.760405358775));
#4824 = DIRECTION('',(0.,-0.760405358775,-0.64944875883));
#4825 = ADVANCED_FACE('',(#4826),#4836,.T.);
#4826 = FACE_BOUND('',#4827,.T.);
#4827 = EDGE_LOOP('',(#4828,#4834,#4835));
#4828 = ORIENTED_EDGE('',*,*,#4829,.F.);
#4829 = EDGE_CURVE('',#1956,#4806,#4830,.T.);
#4830 = LINE('',#4831,#4832);
#4831 = CARTESIAN_POINT('',(31.800001144409,65.05184173584,
    12.346039772034));
#4832 = VECTOR('',#4833,1.);
#4833 = DIRECTION('',(-0.969237809079,-0.209857252304,-0.128600167605));
#4834 = ORIENTED_EDGE('',*,*,#1955,.F.);
#4835 = ORIENTED_EDGE('',*,*,#4805,.T.);
#4836 = PLANE('',#4837);
#4837 = AXIS2_PLACEMENT_3D('',#4838,#4839,#4840);
#4838 = CARTESIAN_POINT('',(30.152134919856,64.474846070822,
    11.992457808988));
#4839 = DIRECTION('',(0.,0.522497022848,-0.85264110921));
#4840 = DIRECTION('',(0.,-0.85264110921,-0.522497022848));
#4841 = ADVANCED_FACE('',(#4842),#4859,.T.);
#4842 = FACE_BOUND('',#4843,.T.);
#4843 = EDGE_LOOP('',(#4844,#4852,#4858));
#4844 = ORIENTED_EDGE('',*,*,#4845,.T.);
#4845 = EDGE_CURVE('',#1956,#4846,#4848,.T.);
#4846 = VERTEX_POINT('',#4847);
#4847 = CARTESIAN_POINT('',(27.869527816772,65.921684265137,
    12.706318855286));
#4848 = LINE('',#4849,#4850);
#4849 = CARTESIAN_POINT('',(31.800001144409,65.05184173584,
    12.346039772034));
#4850 = VECTOR('',#4851,1.);
#4851 = DIRECTION('',(-0.972488895574,0.215218913888,8.914127601544E-02)
  );
#4852 = ORIENTED_EDGE('',*,*,#4853,.T.);
#4853 = EDGE_CURVE('',#4846,#1964,#4854,.T.);
#4854 = LINE('',#4855,#4856);
#4855 = CARTESIAN_POINT('',(27.869527816772,65.921684265137,
    12.706318855286));
#4856 = VECTOR('',#4857,1.);
#4857 = DIRECTION('',(0.999999999985,-1.94108797978E-06,
    5.09535594693E-06));
#4858 = ORIENTED_EDGE('',*,*,#1963,.F.);
#4859 = PLANE('',#4860);
#4860 = AXIS2_PLACEMENT_3D('',#4861,#4862,#4863);
#4861 = CARTESIAN_POINT('',(30.042342578469,65.678539621244,
    12.605617389838));
#4862 = DIRECTION('',(5.45031702E-06,0.382684971603,-0.92387889492));
#4863 = DIRECTION('',(-1.78422009277E-22,-0.923878894934,-0.382684971609
    ));
#4864 = ADVANCED_FACE('',(#4865),#4875,.T.);
#4865 = FACE_BOUND('',#4866,.T.);
#4866 = EDGE_LOOP('',(#4867,#4868,#4869));
#4867 = ORIENTED_EDGE('',*,*,#1971,.F.);
#4868 = ORIENTED_EDGE('',*,*,#4853,.F.);
#4869 = ORIENTED_EDGE('',*,*,#4870,.T.);
#4870 = EDGE_CURVE('',#4846,#1972,#4871,.T.);
#4871 = LINE('',#4872,#4873);
#4872 = CARTESIAN_POINT('',(27.869527816772,65.921684265137,
    12.706318855286));
#4873 = VECTOR('',#4874,1.);
#4874 = DIRECTION('',(0.972488583178,0.226512869488,5.438635440579E-02)
  );
#4875 = PLANE('',#4876);
#4876 = AXIS2_PLACEMENT_3D('',#4877,#4878,#4879);
#4877 = CARTESIAN_POINT('',(30.04234406683,66.177584318367,
    12.767767126023));
#4878 = DIRECTION('',(5.40770889698E-06,0.233445434535,-0.972369903414)
  );
#4879 = DIRECTION('',(7.838495094071E-23,-0.972369903428,-0.233445434539
    ));
#4880 = ADVANCED_FACE('',(#4881),#4898,.T.);
#4881 = FACE_BOUND('',#4882,.T.);
#4882 = EDGE_LOOP('',(#4883,#4891,#4897));
#4883 = ORIENTED_EDGE('',*,*,#4884,.T.);
#4884 = EDGE_CURVE('',#1972,#4885,#4887,.T.);
#4885 = VERTEX_POINT('',#4886);
#4886 = CARTESIAN_POINT('',(27.616621017456,66.967803955078,
    12.945349693298));
#4887 = LINE('',#4888,#4889);
#4888 = CARTESIAN_POINT('',(31.800001144409,66.837173461914,
    12.9261302948));
#4889 = VECTOR('',#4890,1.);
#4890 = DIRECTION('',(-0.999502284847,3.121052173743E-02,
    4.591940519321E-03));
#4891 = ORIENTED_EDGE('',*,*,#4892,.F.);
#4892 = EDGE_CURVE('',#1980,#4885,#4893,.T.);
#4893 = LINE('',#4894,#4895);
#4894 = CARTESIAN_POINT('',(31.800001144409,67.775779724121,13.));
#4895 = VECTOR('',#4896,1.);
#4896 = DIRECTION('',(-0.98177392118,-0.189619282714,-1.282557268905E-02
    ));
#4897 = ORIENTED_EDGE('',*,*,#1979,.F.);
#4898 = PLANE('',#4899);
#4899 = AXIS2_PLACEMENT_3D('',#4900,#4901,#4902);
#4900 = CARTESIAN_POINT('',(29.918083261115,67.156011817211,
    12.95524442075));
#4901 = DIRECTION('',(-2.130098126216E-03,7.845869640443E-02,
    -0.996915089484));
#4902 = DIRECTION('',(3.05231798817E-20,-0.996917351152,
    -7.845887440106E-02));
#4903 = ADVANCED_FACE('',(#4904),#5041,.T.);
#4904 = FACE_BOUND('',#4905,.T.);
#4905 = EDGE_LOOP('',(#4906,#4916,#4924,#4932,#4938,#4939,#4947,#4955,
    #4963,#4971,#4979,#4987,#4995,#5003,#5011,#5019,#5027,#5035));
#4906 = ORIENTED_EDGE('',*,*,#4907,.T.);
#4907 = EDGE_CURVE('',#4908,#4910,#4912,.T.);
#4908 = VERTEX_POINT('',#4909);
#4909 = CARTESIAN_POINT('',(30.525665283203,75.240341186523,13.));
#4910 = VERTEX_POINT('',#4911);
#4911 = CARTESIAN_POINT('',(30.796552658081,74.776565551758,13.));
#4912 = LINE('',#4913,#4914);
#4913 = CARTESIAN_POINT('',(30.525665283203,75.240341186523,13.));
#4914 = VECTOR('',#4915,1.);
#4915 = DIRECTION('',(0.504359361628,-0.863493853098,0.));
#4916 = ORIENTED_EDGE('',*,*,#4917,.T.);
#4917 = EDGE_CURVE('',#4910,#4918,#4920,.T.);
#4918 = VERTEX_POINT('',#4919);
#4919 = CARTESIAN_POINT('',(31.298309326172,73.764915466309,13.));
#4920 = LINE('',#4921,#4922);
#4921 = CARTESIAN_POINT('',(30.796552658081,74.776565551758,13.));
#4922 = VECTOR('',#4923,1.);
#4923 = DIRECTION('',(0.444329084232,-0.895863641915,0.));
#4924 = ORIENTED_EDGE('',*,*,#4925,.T.);
#4925 = EDGE_CURVE('',#4918,#4926,#4928,.T.);
#4926 = VERTEX_POINT('',#4927);
#4927 = CARTESIAN_POINT('',(31.394071578979,73.571830749512,13.));
#4928 = LINE('',#4929,#4930);
#4929 = CARTESIAN_POINT('',(31.298309326172,73.764915466309,13.));
#4930 = VECTOR('',#4931,1.);
#4931 = DIRECTION('',(0.444315638237,-0.895870310714,0.));
#4932 = ORIENTED_EDGE('',*,*,#4933,.T.);
#4933 = EDGE_CURVE('',#4926,#1988,#4934,.T.);
#4934 = LINE('',#4935,#4936);
#4935 = CARTESIAN_POINT('',(31.394071578979,73.571830749512,13.));
#4936 = VECTOR('',#4937,1.);
#4937 = DIRECTION('',(0.405325452622,-0.914172454987,0.));
#4938 = ORIENTED_EDGE('',*,*,#1987,.T.);
#4939 = ORIENTED_EDGE('',*,*,#4940,.T.);
#4940 = EDGE_CURVE('',#1980,#4941,#4943,.T.);
#4941 = VERTEX_POINT('',#4942);
#4942 = CARTESIAN_POINT('',(27.616621017456,67.775779724121,13.));
#4943 = LINE('',#4944,#4945);
#4944 = CARTESIAN_POINT('',(31.800001144409,67.775779724121,13.));
#4945 = VECTOR('',#4946,1.);
#4946 = DIRECTION('',(-1.,0.,0.));
#4947 = ORIENTED_EDGE('',*,*,#4948,.T.);
#4948 = EDGE_CURVE('',#4941,#4949,#4951,.T.);
#4949 = VERTEX_POINT('',#4950);
#4950 = CARTESIAN_POINT('',(27.616621017456,76.060974121094,13.));
#4951 = LINE('',#4952,#4953);
#4952 = CARTESIAN_POINT('',(27.616621017456,67.775779724121,13.));
#4953 = VECTOR('',#4954,1.);
#4954 = DIRECTION('',(0.,1.,0.));
#4955 = ORIENTED_EDGE('',*,*,#4956,.T.);
#4956 = EDGE_CURVE('',#4949,#4957,#4959,.T.);
#4957 = VERTEX_POINT('',#4958);
#4958 = CARTESIAN_POINT('',(27.311456680298,77.26091003418,13.));
#4959 = LINE('',#4960,#4961);
#4960 = CARTESIAN_POINT('',(27.616621017456,76.060974121094,13.));
#4961 = VECTOR('',#4962,1.);
#4962 = DIRECTION('',(-0.246471519653,0.969150034824,0.));
#4963 = ORIENTED_EDGE('',*,*,#4964,.F.);
#4964 = EDGE_CURVE('',#4965,#4957,#4967,.T.);
#4965 = VERTEX_POINT('',#4966);
#4966 = CARTESIAN_POINT('',(28.563587188721,77.26091003418,13.));
#4967 = LINE('',#4968,#4969);
#4968 = CARTESIAN_POINT('',(28.563587188721,77.26091003418,13.));
#4969 = VECTOR('',#4970,1.);
#4970 = DIRECTION('',(-1.,0.,0.));
#4971 = ORIENTED_EDGE('',*,*,#4972,.T.);
#4972 = EDGE_CURVE('',#4965,#4973,#4975,.T.);
#4973 = VERTEX_POINT('',#4974);
#4974 = CARTESIAN_POINT('',(28.676809310913,77.25072479248,13.));
#4975 = LINE('',#4976,#4977);
#4976 = CARTESIAN_POINT('',(28.563587188721,77.26091003418,13.));
#4977 = VECTOR('',#4978,1.);
#4978 = DIRECTION('',(0.995978167792,-8.959625707132E-02,0.));
#4979 = ORIENTED_EDGE('',*,*,#4980,.T.);
#4980 = EDGE_CURVE('',#4973,#4981,#4983,.T.);
#4981 = VERTEX_POINT('',#4982);
#4982 = CARTESIAN_POINT('',(28.81356048584,77.213500976562,13.));
#4983 = LINE('',#4984,#4985);
#4984 = CARTESIAN_POINT('',(28.676809310913,77.25072479248,13.));
#4985 = VECTOR('',#4986,1.);
#4986 = DIRECTION('',(0.964892590971,-0.262644794139,0.));
#4987 = ORIENTED_EDGE('',*,*,#4988,.T.);
#4988 = EDGE_CURVE('',#4981,#4989,#4991,.T.);
#4989 = VERTEX_POINT('',#4990);
#4990 = CARTESIAN_POINT('',(28.992444992065,77.128845214844,13.));
#4991 = LINE('',#4992,#4993);
#4992 = CARTESIAN_POINT('',(28.81356048584,77.213500976562,13.));
#4993 = VECTOR('',#4994,1.);
#4994 = DIRECTION('',(0.903892223345,-0.427760269984,0.));
#4995 = ORIENTED_EDGE('',*,*,#4996,.T.);
#4996 = EDGE_CURVE('',#4989,#4997,#4999,.T.);
#4997 = VERTEX_POINT('',#4998);
#4998 = CARTESIAN_POINT('',(29.137418746948,77.025596618652,13.));
#4999 = LINE('',#5000,#5001);
#5000 = CARTESIAN_POINT('',(28.992444992065,77.128845214844,13.));
#5001 = VECTOR('',#5002,1.);
#5002 = DIRECTION('',(0.814540767839,-0.580106315712,0.));
#5003 = ORIENTED_EDGE('',*,*,#5004,.T.);
#5004 = EDGE_CURVE('',#4997,#5005,#5007,.T.);
#5005 = VERTEX_POINT('',#5006);
#5006 = CARTESIAN_POINT('',(29.25124168396,76.944541931152,13.));
#5007 = LINE('',#5008,#5009);
#5008 = CARTESIAN_POINT('',(29.137418746948,77.025596618652,13.));
#5009 = VECTOR('',#5010,1.);
#5010 = DIRECTION('',(0.814570065014,-0.580065176668,0.));
#5011 = ORIENTED_EDGE('',*,*,#5012,.T.);
#5012 = EDGE_CURVE('',#5005,#5013,#5015,.T.);
#5013 = VERTEX_POINT('',#5014);
#5014 = CARTESIAN_POINT('',(29.680238723755,76.506034851074,13.));
#5015 = LINE('',#5016,#5017);
#5016 = CARTESIAN_POINT('',(29.25124168396,76.944541931152,13.));
#5017 = VECTOR('',#5018,1.);
#5018 = DIRECTION('',(0.699313082167,-0.714815509842,0.));
#5019 = ORIENTED_EDGE('',*,*,#5020,.T.);
#5020 = EDGE_CURVE('',#5013,#5021,#5023,.T.);
#5021 = VERTEX_POINT('',#5022);
#5022 = CARTESIAN_POINT('',(29.797916412354,76.344024658203,13.));
#5023 = LINE('',#5024,#5025);
#5024 = CARTESIAN_POINT('',(29.680238723755,76.506034851074,13.));
#5025 = VECTOR('',#5026,1.);
#5026 = DIRECTION('',(0.587688474845,-0.809087298463,0.));
#5027 = ORIENTED_EDGE('',*,*,#5028,.T.);
#5028 = EDGE_CURVE('',#5021,#5029,#5031,.T.);
#5029 = VERTEX_POINT('',#5030);
#5030 = CARTESIAN_POINT('',(30.222074508667,75.760108947754,13.));
#5031 = LINE('',#5032,#5033);
#5032 = CARTESIAN_POINT('',(29.797916412354,76.344024658203,13.));
#5033 = VECTOR('',#5034,1.);
#5034 = DIRECTION('',(0.587711338729,-0.809070690564,0.));
#5035 = ORIENTED_EDGE('',*,*,#5036,.T.);
#5036 = EDGE_CURVE('',#5029,#4908,#5037,.T.);
#5037 = LINE('',#5038,#5039);
#5038 = CARTESIAN_POINT('',(30.222074508667,75.760108947754,13.));
#5039 = VECTOR('',#5040,1.);
#5040 = DIRECTION('',(0.504357972171,-0.863494664667,0.));
#5041 = PLANE('',#5042);
#5042 = AXIS2_PLACEMENT_3D('',#5043,#5044,#5045);
#5043 = CARTESIAN_POINT('',(29.397001168047,72.145834801729,13.));
#5044 = DIRECTION('',(-0.,-0.,-1.));
#5045 = DIRECTION('',(-1.,0.,0.));
#5046 = ADVANCED_FACE('',(#5047),#5057,.T.);
#5047 = FACE_BOUND('',#5048,.T.);
#5048 = EDGE_LOOP('',(#5049,#5050,#5051));
#5049 = ORIENTED_EDGE('',*,*,#1995,.F.);
#5050 = ORIENTED_EDGE('',*,*,#4933,.F.);
#5051 = ORIENTED_EDGE('',*,*,#5052,.T.);
#5052 = EDGE_CURVE('',#4926,#1996,#5053,.T.);
#5053 = LINE('',#5054,#5055);
#5054 = CARTESIAN_POINT('',(31.394071578979,73.571830749512,13.));
#5055 = VECTOR('',#5056,1.);
#5056 = DIRECTION('',(0.646890918389,-0.657395631268,0.386475256253));
#5057 = PLANE('',#5058);
#5058 = AXIS2_PLACEMENT_3D('',#5059,#5060,#5061);
#5059 = CARTESIAN_POINT('',(31.648850918041,73.133557358594,
    13.065741328958));
#5060 = DIRECTION('',(0.699744173607,0.310252318739,-0.643507257317));
#5061 = DIRECTION('',(0.676909884806,-4.855067245992E-17,0.736065899124)
  );
#5062 = ADVANCED_FACE('',(#5063),#5080,.T.);
#5063 = FACE_BOUND('',#5064,.T.);
#5064 = EDGE_LOOP('',(#5065,#5073,#5074));
#5065 = ORIENTED_EDGE('',*,*,#5066,.T.);
#5066 = EDGE_CURVE('',#5067,#2004,#5069,.T.);
#5067 = VERTEX_POINT('',#5068);
#5068 = CARTESIAN_POINT('',(24.790098190308,102.56563568115,
    18.95726776123));
#5069 = LINE('',#5070,#5071);
#5070 = CARTESIAN_POINT('',(24.790098190308,102.56563568115,
    18.95726776123));
#5071 = VECTOR('',#5072,1.);
#5072 = DIRECTION('',(0.232955048741,-0.955766491868,-0.179561572417));
#5073 = ORIENTED_EDGE('',*,*,#2003,.F.);
#5074 = ORIENTED_EDGE('',*,*,#5075,.T.);
#5075 = EDGE_CURVE('',#1996,#5067,#5076,.T.);
#5076 = LINE('',#5077,#5078);
#5077 = CARTESIAN_POINT('',(31.800001144409,73.159309387207,
    13.242516517639));
#5078 = VECTOR('',#5079,1.);
#5079 = DIRECTION('',(-0.227847889161,0.955814854774,0.185750646829));
#5080 = PLANE('',#5081);
#5081 = AXIS2_PLACEMENT_3D('',#5082,#5083,#5084);
#5082 = CARTESIAN_POINT('',(28.335881093995,87.852833585027,
    16.1445397709));
#5083 = DIRECTION('',(0.736094444604,0.293961150275,-0.60971453218));
#5084 = DIRECTION('',(0.637898569545,1.306145972255E-18,0.770120389921)
  );
#5085 = ADVANCED_FACE('',(#5086),#5096,.T.);
#5086 = FACE_BOUND('',#5087,.T.);
#5087 = EDGE_LOOP('',(#5088,#5089,#5090));
#5088 = ORIENTED_EDGE('',*,*,#2011,.F.);
#5089 = ORIENTED_EDGE('',*,*,#5066,.F.);
#5090 = ORIENTED_EDGE('',*,*,#5091,.T.);
#5091 = EDGE_CURVE('',#5067,#2012,#5092,.T.);
#5092 = LINE('',#5093,#5094);
#5093 = CARTESIAN_POINT('',(24.790098190308,102.56563568115,
    18.95726776123));
#5094 = VECTOR('',#5095,1.);
#5095 = DIRECTION('',(0.237796723913,-0.956015804682,-0.171716333805));
#5096 = PLANE('',#5097);
#5097 = AXIS2_PLACEMENT_3D('',#5098,#5099,#5100);
#5098 = CARTESIAN_POINT('',(28.334114623481,88.169964637252,
    16.310945589485));
#5099 = DIRECTION('',(0.817911180164,0.29244122689,-0.495478990652));
#5100 = DIRECTION('',(0.518129813613,-9.089413261152E-18,0.855301991256)
  );
#5101 = ADVANCED_FACE('',(#5102),#5119,.T.);
#5102 = FACE_BOUND('',#5103,.T.);
#5103 = EDGE_LOOP('',(#5104,#5112,#5113));
#5104 = ORIENTED_EDGE('',*,*,#5105,.T.);
#5105 = EDGE_CURVE('',#5106,#2020,#5108,.T.);
#5106 = VERTEX_POINT('',#5107);
#5107 = CARTESIAN_POINT('',(25.030044555664,102.78496551513,
    19.414722442627));
#5108 = LINE('',#5109,#5110);
#5109 = CARTESIAN_POINT('',(25.030044555664,102.78496551513,
    19.414722442627));
#5110 = VECTOR('',#5111,1.);
#5111 = DIRECTION('',(0.230744049888,-0.956023487808,-0.181042189006));
#5112 = ORIENTED_EDGE('',*,*,#2019,.F.);
#5113 = ORIENTED_EDGE('',*,*,#5114,.T.);
#5114 = EDGE_CURVE('',#2012,#5106,#5115,.T.);
#5115 = LINE('',#5116,#5117);
#5116 = CARTESIAN_POINT('',(31.800001144409,74.383674621582,
    13.895318984985));
#5117 = VECTOR('',#5118,1.);
#5118 = DIRECTION('',(-0.227836280551,0.955817721312,0.185750135642));
#5119 = PLANE('',#5120);
#5120 = AXIS2_PLACEMENT_3D('',#5121,#5122,#5123);
#5121 = CARTESIAN_POINT('',(28.438282223531,88.57475987311,
    16.688008534285));
#5122 = DIRECTION('',(0.819557900008,0.291252374572,-0.493454053423));
#5123 = DIRECTION('',(0.515816637159,8.788529842084E-18,0.856699011806)
  );
#5124 = ADVANCED_FACE('',(#5125),#5135,.T.);
#5125 = FACE_BOUND('',#5126,.T.);
#5126 = EDGE_LOOP('',(#5127,#5128,#5129));
#5127 = ORIENTED_EDGE('',*,*,#2027,.F.);
#5128 = ORIENTED_EDGE('',*,*,#5105,.F.);
#5129 = ORIENTED_EDGE('',*,*,#5130,.T.);
#5130 = EDGE_CURVE('',#5106,#1610,#5131,.T.);
#5131 = LINE('',#5132,#5133);
#5132 = CARTESIAN_POINT('',(25.030044555664,102.78496551513,
    19.414722442627));
#5133 = VECTOR('',#5134,1.);
#5134 = DIRECTION('',(0.235744469194,-0.956834528639,-0.169977145666));
#5135 = PLANE('',#5136);
#5136 = AXIS2_PLACEMENT_3D('',#5137,#5138,#5139);
#5137 = CARTESIAN_POINT('',(28.45623708808,88.732638652708,
    16.83430313822));
#5138 = DIRECTION('',(0.881339147852,0.284197273817,-0.377456243847));
#5139 = DIRECTION('',(0.393689713921,8.713321819528E-19,0.919243389507)
  );
#5140 = ADVANCED_FACE('',(#5141),#5151,.T.);
#5141 = FACE_BOUND('',#5142,.T.);
#5142 = EDGE_LOOP('',(#5143,#5149,#5150));
#5143 = ORIENTED_EDGE('',*,*,#5144,.F.);
#5144 = EDGE_CURVE('',#2042,#4646,#5145,.T.);
#5145 = LINE('',#5146,#5147);
#5146 = CARTESIAN_POINT('',(28.092350006104,45.351600646973,7.));
#5147 = VECTOR('',#5148,1.);
#5148 = DIRECTION('',(0.,0.105414820657,0.994428336074));
#5149 = ORIENTED_EDGE('',*,*,#2041,.F.);
#5150 = ORIENTED_EDGE('',*,*,#4669,.T.);
#5151 = PLANE('',#5152);
#5152 = AXIS2_PLACEMENT_3D('',#5153,#5154,#5155);
#5153 = CARTESIAN_POINT('',(29.803422525263,45.365787385327,
    7.023666123091));
#5154 = DIRECTION('',(6.786776664014E-03,-0.994405433957,0.105412392907)
  );
#5155 = DIRECTION('',(-7.726449871024E-21,-0.105414820657,
    -0.994428336074));
#5156 = ADVANCED_FACE('',(#5157),#5172,.T.);
#5157 = FACE_BOUND('',#5158,.T.);
#5158 = EDGE_LOOP('',(#5159,#5160,#5166));
#5159 = ORIENTED_EDGE('',*,*,#2049,.F.);
#5160 = ORIENTED_EDGE('',*,*,#5161,.F.);
#5161 = EDGE_CURVE('',#2238,#2042,#5162,.T.);
#5162 = LINE('',#5163,#5164);
#5163 = CARTESIAN_POINT('',(28.092350006104,61.775779724121,7.));
#5164 = VECTOR('',#5165,1.);
#5165 = DIRECTION('',(0.,-1.,0.));
#5166 = ORIENTED_EDGE('',*,*,#5167,.T.);
#5167 = EDGE_CURVE('',#2238,#207,#5168,.T.);
#5168 = LINE('',#5169,#5170);
#5169 = CARTESIAN_POINT('',(28.092350006104,61.775779724121,7.));
#5170 = VECTOR('',#5171,1.);
#5171 = DIRECTION('',(-1.031210869747E-03,-0.999811740487,
    -1.937576291185E-02));
#5172 = PLANE('',#5173);
#5173 = AXIS2_PLACEMENT_3D('',#5174,#5175,#5176);
#5174 = CARTESIAN_POINT('',(28.088070615707,53.482596023314,
    6.919593115081));
#5175 = DIRECTION('',(-0.998586727459,0.,5.314647440857E-02));
#5176 = DIRECTION('',(-5.314647440857E-02,0.,-0.998586727459));
#5177 = ADVANCED_FACE('',(#5178),#5183,.T.);
#5178 = FACE_BOUND('',#5179,.T.);
#5179 = EDGE_LOOP('',(#5180,#5181,#5182));
#5180 = ORIENTED_EDGE('',*,*,#2065,.T.);
#5181 = ORIENTED_EDGE('',*,*,#5167,.F.);
#5182 = ORIENTED_EDGE('',*,*,#2237,.F.);
#5183 = PLANE('',#5184);
#5184 = AXIS2_PLACEMENT_3D('',#5185,#5186,#5187);
#5185 = CARTESIAN_POINT('',(28.074632124465,53.675476900008,
    6.724046900851));
#5186 = DIRECTION('',(-0.996917388837,-4.922219717965E-04,
    7.845685152387E-02));
#5187 = DIRECTION('',(-7.845686102823E-02,3.922998076807E-21,
    -0.996917509605));
#5188 = ADVANCED_FACE('',(#5189),#5206,.T.);
#5189 = FACE_BOUND('',#5190,.T.);
#5190 = EDGE_LOOP('',(#5191,#5192,#5200));
#5191 = ORIENTED_EDGE('',*,*,#2152,.T.);
#5192 = ORIENTED_EDGE('',*,*,#5193,.F.);
#5193 = EDGE_CURVE('',#5194,#22,#5196,.T.);
#5194 = VERTEX_POINT('',#5195);
#5195 = CARTESIAN_POINT('',(29.15972328186,51.789028167725,
    2.164486795664E-02));
#5196 = LINE('',#5197,#5198);
#5197 = CARTESIAN_POINT('',(29.15972328186,51.789028167725,
    2.164486795664E-02));
#5198 = VECTOR('',#5199,1.);
#5199 = DIRECTION('',(1.699765416654E-02,-0.999852716363,
    2.371778544704E-03));
#5200 = ORIENTED_EDGE('',*,*,#5201,.F.);
#5201 = EDGE_CURVE('',#2153,#5194,#5202,.T.);
#5202 = LINE('',#5203,#5204);
#5203 = CARTESIAN_POINT('',(29.191753387451,51.881271362305,
    2.568867057562E-02));
#5204 = VECTOR('',#5205,1.);
#5205 = DIRECTION('',(-0.327741902936,-0.943860769951,
    -4.137743354247E-02));
#5206 = PLANE('',#5207);
#5207 = AXIS2_PLACEMENT_3D('',#5208,#5209,#5210);
#5208 = CARTESIAN_POINT('',(29.222228005226,48.613557524559,
    3.025857899588E-02));
#5209 = DIRECTION('',(0.125861248118,-2.136032545961E-04,-0.992047831808
    ));
#5210 = DIRECTION('',(-0.99204785444,-4.745751808953E-22,-0.125861250989
    ));
#5211 = ADVANCED_FACE('',(#5212),#5222,.T.);
#5212 = FACE_BOUND('',#5213,.T.);
#5213 = EDGE_LOOP('',(#5214,#5220,#5221));
#5214 = ORIENTED_EDGE('',*,*,#5215,.T.);
#5215 = EDGE_CURVE('',#2153,#942,#5216,.T.);
#5216 = LINE('',#5217,#5218);
#5217 = CARTESIAN_POINT('',(29.191753387451,51.881271362305,
    2.568867057562E-02));
#5218 = VECTOR('',#5219,1.);
#5219 = DIRECTION('',(-4.413254068437E-02,-0.115835337252,0.992287505462
    ));
#5220 = ORIENTED_EDGE('',*,*,#3494,.F.);
#5221 = ORIENTED_EDGE('',*,*,#2160,.T.);
#5222 = PLANE('',#5223);
#5223 = AXIS2_PLACEMENT_3D('',#5224,#5225,#5226);
#5224 = CARTESIAN_POINT('',(29.159982795006,51.812880155405,
    0.974911917722));
#5225 = DIRECTION('',(-0.970872295388,0.239110631461,-1.526734979165E-02
    ));
#5226 = DIRECTION('',(-0.239138503718,-0.970985466441,
    -3.158394319762E-19));
#5227 = ADVANCED_FACE('',(#5228),#5245,.T.);
#5228 = FACE_BOUND('',#5229,.T.);
#5229 = EDGE_LOOP('',(#5230,#5231,#5239));
#5230 = ORIENTED_EDGE('',*,*,#2196,.T.);
#5231 = ORIENTED_EDGE('',*,*,#5232,.F.);
#5232 = EDGE_CURVE('',#5233,#2197,#5235,.T.);
#5233 = VERTEX_POINT('',#5234);
#5234 = CARTESIAN_POINT('',(29.31404876709,52.606979370117,
    4.436913877726E-02));
#5235 = LINE('',#5236,#5237);
#5236 = CARTESIAN_POINT('',(29.31404876709,52.606979370117,
    4.436913877726E-02));
#5237 = VECTOR('',#5238,1.);
#5238 = DIRECTION('',(-9.307353694382E-02,-0.995536600901,
    -1.562667547044E-02));
#5239 = ORIENTED_EDGE('',*,*,#5240,.T.);
#5240 = EDGE_CURVE('',#5233,#24,#5241,.T.);
#5241 = LINE('',#5242,#5243);
#5242 = CARTESIAN_POINT('',(29.31404876709,52.606979370117,
    4.436913877726E-02));
#5243 = VECTOR('',#5244,1.);
#5244 = DIRECTION('',(5.676000945398E-02,-0.998288541204,
    1.408154209403E-02));
#5245 = PLANE('',#5246);
#5246 = AXIS2_PLACEMENT_3D('',#5247,#5248,#5249);
#5247 = CARTESIAN_POINT('',(29.51461349096,48.975162090931,
    9.442281030998E-02));
#5248 = DIRECTION('',(0.194438801483,-2.781147037888E-03,-0.980910708321
    ));
#5249 = DIRECTION('',(-0.980914501907,6.557882371524E-21,-0.194439553458
    ));
#5250 = ADVANCED_FACE('',(#5251),#5256,.T.);
#5251 = FACE_BOUND('',#5252,.T.);
#5252 = EDGE_LOOP('',(#5253,#5254,#5255));
#5253 = ORIENTED_EDGE('',*,*,#2219,.T.);
#5254 = ORIENTED_EDGE('',*,*,#3478,.F.);
#5255 = ORIENTED_EDGE('',*,*,#2205,.T.);
#5256 = PLANE('',#5257);
#5257 = AXIS2_PLACEMENT_3D('',#5258,#5259,#5260);
#5258 = CARTESIAN_POINT('',(29.265075960452,52.200721423478,
    0.970672121433));
#5259 = DIRECTION('',(-0.995573813366,9.324719996928E-02,
    -1.173634687444E-02));
#5260 = DIRECTION('',(-9.325362265315E-02,-0.995642386533,
    -7.236411784845E-20));
#5261 = ADVANCED_FACE('',(#5262),#5279,.T.);
#5262 = FACE_BOUND('',#5263,.T.);
#5263 = EDGE_LOOP('',(#5264,#5265,#5273));
#5264 = ORIENTED_EDGE('',*,*,#2260,.F.);
#5265 = ORIENTED_EDGE('',*,*,#5266,.F.);
#5266 = EDGE_CURVE('',#5267,#1420,#5269,.T.);
#5267 = VERTEX_POINT('',#5268);
#5268 = CARTESIAN_POINT('',(29.269283294678,53.114402770996,
    3.70629131794E-02));
#5269 = LINE('',#5270,#5271);
#5270 = CARTESIAN_POINT('',(29.269283294678,53.114402770996,
    3.70629131794E-02));
#5271 = VECTOR('',#5272,1.);
#5272 = DIRECTION('',(5.277369677339E-02,0.998526313843,
    1.265454430357E-02));
#5273 = ORIENTED_EDGE('',*,*,#5274,.T.);
#5274 = EDGE_CURVE('',#5267,#2261,#5275,.T.);
#5275 = LINE('',#5276,#5277);
#5276 = CARTESIAN_POINT('',(29.269283294678,53.114402770996,
    3.70629131794E-02));
#5277 = VECTOR('',#5278,1.);
#5278 = DIRECTION('',(2.42234405362E-06,0.999999999889,
    -1.473105181758E-05));
#5279 = PLANE('',#5280);
#5280 = AXIS2_PLACEMENT_3D('',#5281,#5282,#5283);
#5281 = CARTESIAN_POINT('',(29.386838257985,57.559583737013,
    6.521727489868E-02));
#5282 = DIRECTION('',(0.233445201969,-1.488951685259E-05,-0.972369959149
    ));
#5283 = DIRECTION('',(-0.972369959257,3.212096505205E-22,-0.233445201995
    ));
#5284 = ADVANCED_FACE('',(#5285),#5302,.T.);
#5285 = FACE_BOUND('',#5286,.T.);
#5286 = EDGE_LOOP('',(#5287,#5295,#5301));
#5287 = ORIENTED_EDGE('',*,*,#5288,.T.);
#5288 = EDGE_CURVE('',#2261,#5289,#5291,.T.);
#5289 = VERTEX_POINT('',#5290);
#5290 = CARTESIAN_POINT('',(28.901737213135,54.018688201904,
    3.425404429436E-03));
#5291 = LINE('',#5292,#5293);
#5292 = CARTESIAN_POINT('',(29.269304275513,61.775779724121,
    3.693532198668E-02));
#5293 = VECTOR('',#5294,1.);
#5294 = DIRECTION('',(-4.733110170384E-02,-0.998869935159,
    -4.315025687363E-03));
#5295 = ORIENTED_EDGE('',*,*,#5296,.F.);
#5296 = EDGE_CURVE('',#2269,#5289,#5297,.T.);
#5297 = LINE('',#5298,#5299);
#5298 = CARTESIAN_POINT('',(28.799999237061,61.775779724121,0.));
#5299 = VECTOR('',#5300,1.);
#5300 = DIRECTION('',(1.31143504914E-02,-0.999913905718,
    4.415455859831E-04));
#5301 = ORIENTED_EDGE('',*,*,#2268,.F.);
#5302 = PLANE('',#5303);
#5303 = AXIS2_PLACEMENT_3D('',#5304,#5305,#5306);
#5304 = CARTESIAN_POINT('',(28.970209971051,58.01138963906,
    1.117257995951E-02));
#5305 = DIRECTION('',(7.845953484323E-02,5.888121764262E-04,
    -0.996917125288));
#5306 = DIRECTION('',(-0.996917298103,-1.917634786081E-21,
    -7.845954844419E-02));
#5307 = ADVANCED_FACE('',(#5308),#5330,.T.);
#5308 = FACE_BOUND('',#5309,.T.);
#5309 = EDGE_LOOP('',(#5310,#5311,#5317,#5323,#5324,#5325,#5326,#5327,
    #5328,#5329));
#5310 = ORIENTED_EDGE('',*,*,#2276,.T.);
#5311 = ORIENTED_EDGE('',*,*,#5312,.T.);
#5312 = EDGE_CURVE('',#2269,#3358,#5313,.T.);
#5313 = LINE('',#5314,#5315);
#5314 = CARTESIAN_POINT('',(28.799999237061,61.775779724121,0.));
#5315 = VECTOR('',#5316,1.);
#5316 = DIRECTION('',(0.,-1.,0.));
#5317 = ORIENTED_EDGE('',*,*,#5318,.T.);
#5318 = EDGE_CURVE('',#3358,#3334,#5319,.T.);
#5319 = LINE('',#5320,#5321);
#5320 = CARTESIAN_POINT('',(28.799999237061,54.174194335938,0.));
#5321 = VECTOR('',#5322,1.);
#5322 = DIRECTION('',(-0.643142883999,0.76574619213,0.));
#5323 = ORIENTED_EDGE('',*,*,#3333,.T.);
#5324 = ORIENTED_EDGE('',*,*,#3309,.T.);
#5325 = ORIENTED_EDGE('',*,*,#3285,.T.);
#5326 = ORIENTED_EDGE('',*,*,#3261,.T.);
#5327 = ORIENTED_EDGE('',*,*,#3237,.T.);
#5328 = ORIENTED_EDGE('',*,*,#3213,.T.);
#5329 = ORIENTED_EDGE('',*,*,#3190,.T.);
#5330 = PLANE('',#5331);
#5331 = AXIS2_PLACEMENT_3D('',#5332,#5333,#5334);
#5332 = CARTESIAN_POINT('',(24.23546837868,58.30051999932,0.));
#5333 = DIRECTION('',(-0.,-0.,-1.));
#5334 = DIRECTION('',(-1.,0.,0.));
#5335 = ADVANCED_FACE('',(#5336),#5341,.T.);
#5336 = FACE_BOUND('',#5337,.T.);
#5337 = EDGE_LOOP('',(#5338,#5339,#5340));
#5338 = ORIENTED_EDGE('',*,*,#3357,.T.);
#5339 = ORIENTED_EDGE('',*,*,#3341,.F.);
#5340 = ORIENTED_EDGE('',*,*,#5318,.F.);
#5341 = PLANE('',#5342);
#5342 = AXIS2_PLACEMENT_3D('',#5343,#5344,#5345);
#5343 = CARTESIAN_POINT('',(28.692434731919,54.302264026624,
    0.946396314533));
#5344 = DIRECTION('',(-0.76574619213,-0.643142883999,-0.));
#5345 = DIRECTION('',(0.643142883999,-0.76574619213,0.));
#5346 = ADVANCED_FACE('',(#5347),#5362,.T.);
#5347 = FACE_BOUND('',#5348,.T.);
#5348 = EDGE_LOOP('',(#5349,#5355,#5356));
#5349 = ORIENTED_EDGE('',*,*,#5350,.T.);
#5350 = EDGE_CURVE('',#5289,#894,#5351,.T.);
#5351 = LINE('',#5352,#5353);
#5352 = CARTESIAN_POINT('',(28.901737213135,54.018688201904,
    3.425404429436E-03));
#5353 = VECTOR('',#5354,1.);
#5354 = DIRECTION('',(2.849674302712E-03,1.862844415115E-03,
    0.999994204567));
#5355 = ORIENTED_EDGE('',*,*,#3365,.F.);
#5356 = ORIENTED_EDGE('',*,*,#5357,.T.);
#5357 = EDGE_CURVE('',#3358,#5289,#5358,.T.);
#5358 = LINE('',#5359,#5360);
#5359 = CARTESIAN_POINT('',(28.799999237061,54.174194335938,0.));
#5360 = VECTOR('',#5361,1.);
#5361 = DIRECTION('',(0.547385885589,-0.836677376304,1.842987357777E-02)
  );
#5362 = PLANE('',#5363);
#5363 = AXIS2_PLACEMENT_3D('',#5364,#5365,#5366);
#5364 = CARTESIAN_POINT('',(28.877820358905,54.061177672244,
    0.956544995018));
#5365 = DIRECTION('',(-0.836849011591,-0.547423182709,3.404531072928E-03
    ));
#5366 = DIRECTION('',(0.547426355281,-0.836853861521,1.908351786332E-19)
  );
#5367 = ADVANCED_FACE('',(#5368),#5378,.T.);
#5368 = FACE_BOUND('',#5369,.T.);
#5369 = EDGE_LOOP('',(#5370,#5371,#5372));
#5370 = ORIENTED_EDGE('',*,*,#3380,.F.);
#5371 = ORIENTED_EDGE('',*,*,#5350,.F.);
#5372 = ORIENTED_EDGE('',*,*,#5373,.T.);
#5373 = EDGE_CURVE('',#5289,#3381,#5374,.T.);
#5374 = LINE('',#5375,#5376);
#5375 = CARTESIAN_POINT('',(28.901737213135,54.018688201904,
    3.425404429436E-03));
#5376 = VECTOR('',#5377,1.);
#5377 = DIRECTION('',(0.54736900951,-0.836688453938,1.842819783798E-02)
  );
#5378 = PLANE('',#5379);
#5379 = AXIS2_PLACEMENT_3D('',#5380,#5381,#5382);
#5380 = CARTESIAN_POINT('',(28.930587820535,53.980524992782,
    0.958957963863));
#5381 = DIRECTION('',(-0.836860061006,-0.547406291031,3.404531093595E-03
    ));
#5382 = DIRECTION('',(0.547409463506,-0.836864911001,3.889677761593E-20)
  );
#5383 = ADVANCED_FACE('',(#5384),#5401,.T.);
#5384 = FACE_BOUND('',#5385,.T.);
#5385 = EDGE_LOOP('',(#5386,#5394,#5395));
#5386 = ORIENTED_EDGE('',*,*,#5387,.T.);
#5387 = EDGE_CURVE('',#5388,#902,#5390,.T.);
#5388 = VERTEX_POINT('',#5389);
#5389 = CARTESIAN_POINT('',(29.09814453125,53.656604766846,
    1.579523086548E-02));
#5390 = LINE('',#5391,#5392);
#5391 = CARTESIAN_POINT('',(29.09814453125,53.656604766846,
    1.579523086548E-02));
#5392 = VECTOR('',#5393,1.);
#5393 = DIRECTION('',(2.923194489023E-03,1.347687824272E-03,
    0.999994819322));
#5394 = ORIENTED_EDGE('',*,*,#3388,.F.);
#5395 = ORIENTED_EDGE('',*,*,#5396,.T.);
#5396 = EDGE_CURVE('',#3381,#5388,#5397,.T.);
#5397 = LINE('',#5398,#5399);
#5398 = CARTESIAN_POINT('',(29.001766204834,53.865787506104,
    6.793066859245E-03));
#5399 = VECTOR('',#5400,1.);
#5400 = DIRECTION('',(0.418139077496,-0.907543022108,3.905604810759E-02)
  );
#5401 = PLANE('',#5402);
#5402 = AXIS2_PLACEMENT_3D('',#5403,#5404,#5405);
#5403 = CARTESIAN_POINT('',(29.07534897042,53.713295876058,
    0.951339742617));
#5404 = DIRECTION('',(-0.908283921925,-0.41834191261,3.218901533137E-03)
  );
#5405 = DIRECTION('',(0.418344079916,-0.908288627474,2.564454303104E-19)
  );
#5406 = ADVANCED_FACE('',(#5407),#5424,.T.);
#5407 = FACE_BOUND('',#5408,.T.);
#5408 = EDGE_LOOP('',(#5409,#5417,#5418));
#5409 = ORIENTED_EDGE('',*,*,#5410,.T.);
#5410 = EDGE_CURVE('',#5411,#3403,#5413,.T.);
#5411 = VERTEX_POINT('',#5412);
#5412 = CARTESIAN_POINT('',(29.156080245972,53.530857086182,
    2.120714634657E-02));
#5413 = LINE('',#5414,#5415);
#5414 = CARTESIAN_POINT('',(29.156080245972,53.530857086182,
    2.120714634657E-02));
#5415 = VECTOR('',#5416,1.);
#5416 = DIRECTION('',(0.330762212331,-0.942803405025,4.144995015042E-02)
  );
#5417 = ORIENTED_EDGE('',*,*,#3402,.F.);
#5418 = ORIENTED_EDGE('',*,*,#5419,.T.);
#5419 = EDGE_CURVE('',#902,#5411,#5420,.T.);
#5420 = LINE('',#5421,#5422);
#5421 = CARTESIAN_POINT('',(29.103944778442,53.659278869629,
    2.000000238419));
#5422 = VECTOR('',#5423,1.);
#5423 = DIRECTION('',(2.628271072666E-02,-6.474042998559E-02,
    -0.997555961258));
#5424 = PLANE('',#5425);
#5425 = AXIS2_PLACEMENT_3D('',#5426,#5427,#5428);
#5426 = CARTESIAN_POINT('',(29.139375105463,53.568634882158,
    0.986793789399));
#5427 = DIRECTION('',(-0.943562763769,-0.331176649965,
    -3.367097770043E-03));
#5428 = DIRECTION('',(0.331178527313,-0.943568112563,-2.215199638656E-20
    ));
#5429 = ADVANCED_FACE('',(#5430),#5447,.T.);
#5430 = FACE_BOUND('',#5431,.T.);
#5431 = EDGE_LOOP('',(#5432,#5440,#5446));
#5432 = ORIENTED_EDGE('',*,*,#5433,.T.);
#5433 = EDGE_CURVE('',#3403,#5434,#5436,.T.);
#5434 = VERTEX_POINT('',#5435);
#5435 = CARTESIAN_POINT('',(29.231420516968,53.267116546631,
    3.152061253786E-02));
#5436 = LINE('',#5437,#5438);
#5437 = CARTESIAN_POINT('',(29.190006256104,53.434154510498,
    2.545863389969E-02));
#5438 = VECTOR('',#5439,1.);
#5439 = DIRECTION('',(0.240497974033,-0.970011079716,3.520269469225E-02)
  );
#5440 = ORIENTED_EDGE('',*,*,#5441,.F.);
#5441 = EDGE_CURVE('',#910,#5434,#5442,.T.);
#5442 = LINE('',#5443,#5444);
#5443 = CARTESIAN_POINT('',(29.238012313843,53.268753051758,
    2.000000238419));
#5444 = VECTOR('',#5445,1.);
#5445 = DIRECTION('',(-3.348654236383E-03,-8.313499232687E-04,
    -0.999994047668));
#5446 = ORIENTED_EDGE('',*,*,#3410,.T.);
#5447 = PLANE('',#5448);
#5448 = AXIS2_PLACEMENT_3D('',#5449,#5450,#5451);
#5449 = CARTESIAN_POINT('',(29.223758705085,53.311541582698,
    0.973066002889));
#5450 = DIRECTION('',(-0.97063613477,-0.240527730737,3.450308052553E-03)
  );
#5451 = DIRECTION('',(0.240529162446,-0.970641912351,-3.098681198243E-20
    ));
#5452 = ADVANCED_FACE('',(#5453),#5468,.T.);
#5453 = FACE_BOUND('',#5454,.T.);
#5454 = EDGE_LOOP('',(#5455,#5456,#5462));
#5455 = ORIENTED_EDGE('',*,*,#3426,.T.);
#5456 = ORIENTED_EDGE('',*,*,#5457,.F.);
#5457 = EDGE_CURVE('',#5267,#910,#5458,.T.);
#5458 = LINE('',#5459,#5460);
#5459 = CARTESIAN_POINT('',(29.269283294678,53.114402770996,
    3.70629131794E-02));
#5460 = VECTOR('',#5461,1.);
#5461 = DIRECTION('',(-1.587968233686E-02,7.838044607675E-02,
    0.996797041208));
#5462 = ORIENTED_EDGE('',*,*,#5463,.T.);
#5463 = EDGE_CURVE('',#5267,#3427,#5464,.T.);
#5464 = LINE('',#5465,#5466);
#5465 = CARTESIAN_POINT('',(29.269283294678,53.114402770996,
    3.70629131794E-02));
#5466 = VECTOR('',#5467,1.);
#5467 = DIRECTION('',(0.240508656198,-0.970008348962,3.520496041407E-02)
  );
#5468 = PLANE('',#5469);
#5469 = AXIS2_PLACEMENT_3D('',#5470,#5471,#5472);
#5470 = CARTESIAN_POINT('',(29.256216429536,53.181077442911,
    1.009093675671));
#5471 = DIRECTION('',(-0.970633487657,-0.240538399824,3.45120970978E-03)
  );
#5472 = DIRECTION('',(0.240539832345,-0.970639268243,4.566656596943E-20)
  );
#5473 = ADVANCED_FACE('',(#5474),#5491,.T.);
#5474 = FACE_BOUND('',#5475,.T.);
#5475 = EDGE_LOOP('',(#5476,#5484,#5485));
#5476 = ORIENTED_EDGE('',*,*,#5477,.T.);
#5477 = EDGE_CURVE('',#5478,#918,#5480,.T.);
#5478 = VERTEX_POINT('',#5479);
#5479 = CARTESIAN_POINT('',(29.29948425293,52.860862731934,
    4.192534834147E-02));
#5480 = LINE('',#5481,#5482);
#5481 = CARTESIAN_POINT('',(29.29948425293,52.860862731934,
    4.192534834147E-02));
#5482 = VECTOR('',#5483,1.);
#5483 = DIRECTION('',(3.313848781646E-03,3.195009995238E-04,
    0.999994458147));
#5484 = ORIENTED_EDGE('',*,*,#3434,.F.);
#5485 = ORIENTED_EDGE('',*,*,#5486,.T.);
#5486 = EDGE_CURVE('',#3427,#5478,#5487,.T.);
#5487 = LINE('',#5488,#5489);
#5488 = CARTESIAN_POINT('',(29.278833389282,53.075885772705,
    3.84608283639E-02));
#5489 = VECTOR('',#5490,1.);
#5490 = DIRECTION('',(9.558805907823E-02,-0.99529179386,
    1.603645958576E-02));
#5491 = PLANE('',#5492);
#5492 = AXIS2_PLACEMENT_3D('',#5493,#5494,#5495);
#5493 = CARTESIAN_POINT('',(29.297108947378,52.917913670352,
    0.969051431716));
#5494 = DIRECTION('',(-0.995419383926,-9.554667148154E-02,
    3.32921501971E-03));
#5495 = DIRECTION('',(9.554720098996E-02,-0.995424900423,
    -4.783619502146E-20));
#5496 = ADVANCED_FACE('',(#5497),#5507,.T.);
#5497 = FACE_BOUND('',#5498,.T.);
#5498 = EDGE_LOOP('',(#5499,#5500,#5501));
#5499 = ORIENTED_EDGE('',*,*,#3449,.F.);
#5500 = ORIENTED_EDGE('',*,*,#5477,.F.);
#5501 = ORIENTED_EDGE('',*,*,#5502,.T.);
#5502 = EDGE_CURVE('',#5478,#3450,#5503,.T.);
#5503 = LINE('',#5504,#5505);
#5504 = CARTESIAN_POINT('',(29.29948425293,52.860862731934,
    4.192534834147E-02));
#5505 = VECTOR('',#5506,1.);
#5506 = DIRECTION('',(9.559203362029E-02,-0.995291442621,
    1.603456749384E-02));
#5507 = PLANE('',#5508);
#5508 = AXIS2_PLACEMENT_3D('',#5509,#5510,#5511);
#5509 = CARTESIAN_POINT('',(29.30634542369,52.822256198486,
    0.985349057966));
#5510 = DIRECTION('',(-0.995419002044,-9.555064990436E-02,
    3.32921502532E-03));
#5511 = DIRECTION('',(9.555117943483E-02,-0.995424518539,
    -6.230282833845E-20));
#5512 = ADVANCED_FACE('',(#5513),#5528,.T.);
#5513 = FACE_BOUND('',#5514,.T.);
#5514 = EDGE_LOOP('',(#5515,#5521,#5522));
#5515 = ORIENTED_EDGE('',*,*,#5516,.T.);
#5516 = EDGE_CURVE('',#5233,#926,#5517,.T.);
#5517 = LINE('',#5518,#5519);
#5518 = CARTESIAN_POINT('',(29.31404876709,52.606979370117,
    4.436913877726E-02));
#5519 = VECTOR('',#5520,1.);
#5520 = DIRECTION('',(-4.115954449397E-03,-8.072675705877E-02,
    0.996727771066));
#5521 = ORIENTED_EDGE('',*,*,#3457,.F.);
#5522 = ORIENTED_EDGE('',*,*,#5523,.T.);
#5523 = EDGE_CURVE('',#3450,#5233,#5524,.T.);
#5524 = LINE('',#5525,#5526);
#5525 = CARTESIAN_POINT('',(29.313886642456,52.710906982422,
    4.434119910002E-02));
#5526 = VECTOR('',#5527,1.);
#5527 = DIRECTION('',(1.559974554098E-03,-0.999998747102,
    2.688375265564E-04));
#5528 = PLANE('',#5529);
#5529 = AXIS2_PLACEMENT_3D('',#5530,#5531,#5532);
#5530 = CARTESIAN_POINT('',(29.310073118252,52.55654409504,
    0.997018324492));
#5531 = DIRECTION('',(-0.999989725246,-1.561104616853E-03,
    -4.255861224364E-03));
#5532 = DIRECTION('',(4.255866410242E-03,4.244936271124E-21,
    -0.99999094376));
#5533 = ADVANCED_FACE('',(#5534),#5539,.T.);
#5534 = FACE_BOUND('',#5535,.T.);
#5535 = EDGE_LOOP('',(#5536,#5537,#5538));
#5536 = ORIENTED_EDGE('',*,*,#3472,.F.);
#5537 = ORIENTED_EDGE('',*,*,#5516,.F.);
#5538 = ORIENTED_EDGE('',*,*,#5232,.T.);
#5539 = PLANE('',#5540);
#5540 = AXIS2_PLACEMENT_3D('',#5541,#5542,#5543);
#5541 = CARTESIAN_POINT('',(29.306340700862,52.489925866457,
    0.983550041698));
#5542 = DIRECTION('',(-0.995657319526,9.30310896529E-02,
    3.423219557027E-03));
#5543 = DIRECTION('',(-9.303163474695E-02,-0.995663153349,
    -4.139982550945E-20));
#5544 = ADVANCED_FACE('',(#5545),#5562,.T.);
#5545 = FACE_BOUND('',#5546,.T.);
#5546 = EDGE_LOOP('',(#5547,#5548,#5556));
#5547 = ORIENTED_EDGE('',*,*,#3509,.T.);
#5548 = ORIENTED_EDGE('',*,*,#5549,.F.);
#5549 = EDGE_CURVE('',#5550,#942,#5552,.T.);
#5550 = VERTEX_POINT('',#5551);
#5551 = CARTESIAN_POINT('',(29.098016738892,51.653499603271,
    1.578312367201E-02));
#5552 = LINE('',#5553,#5554);
#5553 = CARTESIAN_POINT('',(29.098016738892,51.653499603271,
    1.578312367201E-02));
#5554 = VECTOR('',#5555,1.);
#5555 = DIRECTION('',(2.987580118859E-03,-1.361136888129E-03,
    0.999994610821));
#5556 = ORIENTED_EDGE('',*,*,#5557,.T.);
#5557 = EDGE_CURVE('',#5550,#3510,#5558,.T.);
#5558 = LINE('',#5559,#5560);
#5559 = CARTESIAN_POINT('',(29.098016738892,51.653499603271,
    1.578312367201E-02));
#5560 = VECTOR('',#5561,1.);
#5561 = DIRECTION('',(-0.414065817114,-0.909396643375,-3.93350240402E-02
    ));
#5562 = PLANE('',#5563);
#5563 = AXIS2_PLACEMENT_3D('',#5564,#5565,#5566);
#5564 = CARTESIAN_POINT('',(29.07691669973,51.599706537679,
    0.954085547906));
#5565 = DIRECTION('',(-0.910149632456,0.414266663169,3.283036276743E-03)
  );
#5566 = DIRECTION('',(-0.414268895738,-0.910154537441,
    -1.045208318968E-19));
#5567 = ADVANCED_FACE('',(#5568),#5583,.T.);
#5568 = FACE_BOUND('',#5569,.T.);
#5569 = EDGE_LOOP('',(#5570,#5576,#5577));
#5570 = ORIENTED_EDGE('',*,*,#5571,.T.);
#5571 = EDGE_CURVE('',#3666,#950,#5572,.T.);
#5572 = LINE('',#5573,#5574);
#5573 = CARTESIAN_POINT('',(28.901355743408,51.291618347168,
    3.510154783726E-03));
#5574 = VECTOR('',#5575,1.);
#5575 = DIRECTION('',(3.040861964399E-03,-1.977563388723E-03,
    0.999993421179));
#5576 = ORIENTED_EDGE('',*,*,#3517,.F.);
#5577 = ORIENTED_EDGE('',*,*,#5578,.T.);
#5578 = EDGE_CURVE('',#3510,#3666,#5579,.T.);
#5579 = LINE('',#5580,#5581);
#5580 = CARTESIAN_POINT('',(29.007518768311,51.454742431641,
    7.186084985733E-03));
#5581 = VECTOR('',#5582,1.);
#5582 = DIRECTION('',(-0.545369113989,-0.837983257363,
    -1.888358775759E-02));
#5583 = PLANE('',#5584);
#5584 = AXIS2_PLACEMENT_3D('',#5585,#5586,#5587);
#5585 = CARTESIAN_POINT('',(28.932059908637,51.332466428677,
    0.956379192032));
#5586 = DIRECTION('',(-0.838164559201,0.545405366771,3.627340276941E-03)
  );
#5587 = DIRECTION('',(-0.545408954919,-0.838170073371,
    -8.163719174199E-21));
#5588 = ADVANCED_FACE('',(#5589),#5594,.T.);
#5589 = FACE_BOUND('',#5590,.T.);
#5590 = EDGE_LOOP('',(#5591,#5592,#5593));
#5591 = ORIENTED_EDGE('',*,*,#3538,.F.);
#5592 = ORIENTED_EDGE('',*,*,#5571,.F.);
#5593 = ORIENTED_EDGE('',*,*,#3674,.T.);
#5594 = PLANE('',#5595);
#5595 = AXIS2_PLACEMENT_3D('',#5596,#5597,#5598);
#5596 = CARTESIAN_POINT('',(28.877720604879,51.24895890875,
    0.956569626864));
#5597 = DIRECTION('',(-0.838158731234,0.545414322931,3.627340266274E-03)
  );
#5598 = DIRECTION('',(-0.545417911137,-0.838164245366,
    -1.573636998871E-19));
#5599 = ADVANCED_FACE('',(#5600),#5610,.T.);
#5600 = FACE_BOUND('',#5601,.T.);
#5601 = EDGE_LOOP('',(#5602,#5608,#5609));
#5602 = ORIENTED_EDGE('',*,*,#5603,.T.);
#5603 = EDGE_CURVE('',#3510,#22,#5604,.T.);
#5604 = LINE('',#5605,#5606);
#5605 = CARTESIAN_POINT('',(29.007518768311,51.454742431641,
    7.186084985733E-03));
#5606 = VECTOR('',#5607,1.);
#5607 = DIRECTION('',(4.27944880894E-02,-0.999072060223,
    4.86315450428E-03));
#5608 = ORIENTED_EDGE('',*,*,#3665,.F.);
#5609 = ORIENTED_EDGE('',*,*,#5578,.F.);
#5610 = PLANE('',#5611);
#5611 = AXIS2_PLACEMENT_3D('',#5612,#5613,#5614);
#5612 = CARTESIAN_POINT('',(29.109713753521,48.406512435008,
    2.090297697753E-02));
#5613 = DIRECTION('',(3.947366890648E-02,-3.173028640274E-03,
    -0.999215573013));
#5614 = DIRECTION('',(-0.999220603158,-5.702883164316E-20,
    -3.947386762062E-02));
#5615 = ADVANCED_FACE('',(#5616),#5626,.T.);
#5616 = FACE_BOUND('',#5617,.T.);
#5617 = EDGE_LOOP('',(#5618,#5624,#5625));
#5618 = ORIENTED_EDGE('',*,*,#5619,.F.);
#5619 = EDGE_CURVE('',#1420,#5478,#5620,.T.);
#5620 = LINE('',#5621,#5622);
#5621 = CARTESIAN_POINT('',(29.72705078125,61.775779724121,
    0.146830454469));
#5622 = VECTOR('',#5623,1.);
#5623 = DIRECTION('',(-4.790242300157E-02,-0.998782871197,
    -1.175304528274E-02));
#5624 = ORIENTED_EDGE('',*,*,#3688,.F.);
#5625 = ORIENTED_EDGE('',*,*,#5502,.F.);
#5626 = PLANE('',#5627);
#5627 = AXIS2_PLACEMENT_3D('',#5628,#5629,#5630);
#5628 = CARTESIAN_POINT('',(29.515153063242,57.243214015819,
    9.455645471849E-02));
#5629 = DIRECTION('',(0.190059750285,2.437425492676E-03,-0.981769499566)
  );
#5630 = DIRECTION('',(-0.981772415947,4.620227401272E-21,-0.190060314864
    ));
#5631 = ADVANCED_FACE('',(#5632),#5637,.T.);
#5632 = FACE_BOUND('',#5633,.T.);
#5633 = EDGE_LOOP('',(#5634,#5635,#5636));
#5634 = ORIENTED_EDGE('',*,*,#3695,.T.);
#5635 = ORIENTED_EDGE('',*,*,#5240,.F.);
#5636 = ORIENTED_EDGE('',*,*,#5523,.F.);
#5637 = PLANE('',#5638);
#5638 = AXIS2_PLACEMENT_3D('',#5639,#5640,#5641);
#5639 = CARTESIAN_POINT('',(29.51905468857,49.026983320898,
    9.52319957426E-02));
#5640 = DIRECTION('',(0.242742174075,1.178749425615E-04,-0.970090832361)
  );
#5641 = DIRECTION('',(-0.9700908391,-2.128966036973E-21,-0.242742175761)
  );
#5642 = ADVANCED_FACE('',(#5643),#5653,.T.);
#5643 = FACE_BOUND('',#5644,.T.);
#5644 = EDGE_LOOP('',(#5645,#5646,#5652));
#5645 = ORIENTED_EDGE('',*,*,#3709,.F.);
#5646 = ORIENTED_EDGE('',*,*,#5647,.F.);
#5647 = EDGE_CURVE('',#3734,#3710,#5648,.T.);
#5648 = LINE('',#5649,#5650);
#5649 = CARTESIAN_POINT('',(31.772859573364,75.914245605469,
    15.065388679504));
#5650 = VECTOR('',#5651,1.);
#5651 = DIRECTION('',(-0.232597493261,0.957337057269,0.171476426684));
#5652 = ORIENTED_EDGE('',*,*,#3733,.F.);
#5653 = PLANE('',#5654);
#5654 = AXIS2_PLACEMENT_3D('',#5655,#5656,#5657);
#5655 = CARTESIAN_POINT('',(28.542026249677,89.09451856307,
    17.323276246371));
#5656 = DIRECTION('',(0.927543520158,0.271380500163,-0.256935093641));
#5657 = DIRECTION('',(-0.280807586727,0.959764085198,-1.435277645244E-17
    ));
#5658 = ADVANCED_FACE('',(#5659),#5676,.T.);
#5659 = FACE_BOUND('',#5660,.T.);
#5660 = EDGE_LOOP('',(#5661,#5669,#5670));
#5661 = ORIENTED_EDGE('',*,*,#5662,.F.);
#5662 = EDGE_CURVE('',#3710,#5663,#5665,.T.);
#5663 = VERTEX_POINT('',#5664);
#5664 = CARTESIAN_POINT('',(25.177080154419,102.90270996093,
    19.780727386475));
#5665 = LINE('',#5666,#5667);
#5666 = CARTESIAN_POINT('',(25.210886001587,102.92236328125,
    19.903032302856));
#5667 = VECTOR('',#5668,1.);
#5668 = DIRECTION('',(-0.26327726294,-0.153058503573,-0.952501011707));
#5669 = ORIENTED_EDGE('',*,*,#3718,.F.);
#5670 = ORIENTED_EDGE('',*,*,#5671,.T.);
#5671 = EDGE_CURVE('',#1610,#5663,#5672,.T.);
#5672 = LINE('',#5673,#5674);
#5673 = CARTESIAN_POINT('',(31.800001144409,75.30721282959,
    14.533429145813));
#5674 = VECTOR('',#5675,1.);
#5675 = DIRECTION('',(-0.229483190476,0.956179717988,0.181818074452));
#5676 = PLANE('',#5677);
#5677 = AXIS2_PLACEMENT_3D('',#5678,#5679,#5680);
#5678 = CARTESIAN_POINT('',(28.489669728233,89.140496915121,
    17.193560252241));
#5679 = DIRECTION('',(0.914155119007,0.275873639489,-0.297008675678));
#5680 = DIRECTION('',(0.308999747294,-7.652269735341E-19,0.951062120039)
  );
#5681 = ADVANCED_FACE('',(#5682),#5699,.T.);
#5682 = FACE_BOUND('',#5683,.T.);
#5683 = EDGE_LOOP('',(#5684,#5692,#5693));
#5684 = ORIENTED_EDGE('',*,*,#5685,.T.);
#5685 = EDGE_CURVE('',#5686,#1620,#5688,.T.);
#5686 = VERTEX_POINT('',#5687);
#5687 = CARTESIAN_POINT('',(31.756605148315,76.027336120605,
    15.168497085571));
#5688 = LINE('',#5689,#5690);
#5689 = CARTESIAN_POINT('',(31.756605148315,76.027336120605,
    15.168497085571));
#5690 = VECTOR('',#5691,1.);
#5691 = DIRECTION('',(3.531202787858E-03,-5.558726554537E-02,
    0.998447588267));
#5692 = ORIENTED_EDGE('',*,*,#3741,.F.);
#5693 = ORIENTED_EDGE('',*,*,#5694,.T.);
#5694 = EDGE_CURVE('',#3734,#5686,#5695,.T.);
#5695 = LINE('',#5696,#5697);
#5696 = CARTESIAN_POINT('',(31.772859573364,75.914245605469,
    15.065388679504));
#5697 = VECTOR('',#5698,1.);
#5698 = DIRECTION('',(-0.105617233163,0.734834192525,0.669972917031));
#5699 = PLANE('',#5700);
#5700 = AXIS2_PLACEMENT_3D('',#5701,#5702,#5703);
#5701 = CARTESIAN_POINT('',(31.782273356136,75.659330498214,
    21.239541617938));
#5702 = DIRECTION('',(0.990352699232,0.138505665028,4.208548368841E-03)
  );
#5703 = DIRECTION('',(-0.138506891642,0.990361469852,-2.033432033458E-20
    ));
#5704 = ADVANCED_FACE('',(#5705),#5722,.T.);
#5705 = FACE_BOUND('',#5706,.T.);
#5706 = EDGE_LOOP('',(#5707,#5708,#5716));
#5707 = ORIENTED_EDGE('',*,*,#3756,.T.);
#5708 = ORIENTED_EDGE('',*,*,#5709,.F.);
#5709 = EDGE_CURVE('',#5710,#1620,#5712,.T.);
#5710 = VERTEX_POINT('',#5711);
#5711 = CARTESIAN_POINT('',(25.256578445435,102.95319366455,
    21.953586578369));
#5712 = LINE('',#5713,#5714);
#5713 = CARTESIAN_POINT('',(25.256578445435,102.95319366455,
    21.953586578369));
#5714 = VECTOR('',#5715,1.);
#5715 = DIRECTION('',(0.226422907606,-0.955357333819,0.189802612283));
#5716 = ORIENTED_EDGE('',*,*,#5717,.F.);
#5717 = EDGE_CURVE('',#3757,#5710,#5718,.T.);
#5718 = LINE('',#5719,#5720);
#5719 = CARTESIAN_POINT('',(25.228498458862,102.93399047851,
    22.040332794189));
#5720 = VECTOR('',#5721,1.);
#5721 = DIRECTION('',(0.301358297969,0.206091247381,-0.9309723809));
#5722 = PLANE('',#5723);
#5723 = AXIS2_PLACEMENT_3D('',#5724,#5725,#5726);
#5724 = CARTESIAN_POINT('',(28.515993428804,89.166124179498,
    24.713445238834));
#5725 = DIRECTION('',(0.892943555299,0.281433961946,0.351349871373));
#5726 = DIRECTION('',(-0.366149411434,4.020118613823E-17,0.930556074886)
  );
#5727 = ADVANCED_FACE('',(#5728),#5738,.T.);
#5728 = FACE_BOUND('',#5729,.T.);
#5729 = EDGE_LOOP('',(#5730,#5731,#5732));
#5730 = ORIENTED_EDGE('',*,*,#3779,.T.);
#5731 = ORIENTED_EDGE('',*,*,#3764,.F.);
#5732 = ORIENTED_EDGE('',*,*,#5733,.F.);
#5733 = EDGE_CURVE('',#3780,#3757,#5734,.T.);
#5734 = LINE('',#5735,#5736);
#5735 = CARTESIAN_POINT('',(25.210348129272,102.92156982421,
    22.096410751343));
#5736 = VECTOR('',#5737,1.);
#5737 = DIRECTION('',(0.301317447417,0.206197900124,-0.930961987337));
#5738 = PLANE('',#5739);
#5739 = AXIS2_PLACEMENT_3D('',#5740,#5741,#5742);
#5740 = CARTESIAN_POINT('',(28.506288596485,89.131427530427,
    24.76469202649));
#5741 = DIRECTION('',(0.892955034151,0.281404747476,0.351344097833));
#5742 = DIRECTION('',(-0.366140125554,2.549032806391E-18,0.930559728582)
  );
#5743 = ADVANCED_FACE('',(#5744),#5761,.T.);
#5744 = FACE_BOUND('',#5745,.T.);
#5745 = EDGE_LOOP('',(#5746,#5754,#5755));
#5746 = ORIENTED_EDGE('',*,*,#5747,.T.);
#5747 = EDGE_CURVE('',#5748,#1636,#5750,.T.);
#5748 = VERTEX_POINT('',#5749);
#5749 = CARTESIAN_POINT('',(25.114055633545,102.85569763183,
    22.3939037323));
#5750 = LINE('',#5751,#5752);
#5751 = CARTESIAN_POINT('',(25.114055633545,102.85569763183,
    22.3939037323));
#5752 = VECTOR('',#5753,1.);
#5753 = DIRECTION('',(0.226253102128,-0.955587710381,0.188842954717));
#5754 = ORIENTED_EDGE('',*,*,#3787,.F.);
#5755 = ORIENTED_EDGE('',*,*,#5756,.F.);
#5756 = EDGE_CURVE('',#5748,#3780,#5757,.T.);
#5757 = LINE('',#5758,#5759);
#5758 = CARTESIAN_POINT('',(25.114055633545,102.85569763183,
    22.3939037323));
#5759 = VECTOR('',#5760,1.);
#5760 = DIRECTION('',(0.301335943815,0.206139212748,-0.9309689973));
#5761 = PLANE('',#5762);
#5762 = AXIS2_PLACEMENT_3D('',#5763,#5764,#5765);
#5763 = CARTESIAN_POINT('',(28.463322927597,88.828925037589,
    25.094251461611));
#5764 = DIRECTION('',(0.893139949833,0.28088867542,0.35128703653));
#5765 = DIRECTION('',(-0.366022991663,-1.097389713058E-17,0.930605807834
    ));
#5766 = ADVANCED_FACE('',(#5767),#5777,.T.);
#5767 = FACE_BOUND('',#5768,.T.);
#5768 = EDGE_LOOP('',(#5769,#5770,#5771));
#5769 = ORIENTED_EDGE('',*,*,#3802,.F.);
#5770 = ORIENTED_EDGE('',*,*,#5747,.F.);
#5771 = ORIENTED_EDGE('',*,*,#5772,.F.);
#5772 = EDGE_CURVE('',#3803,#5748,#5773,.T.);
#5773 = LINE('',#5774,#5775);
#5774 = CARTESIAN_POINT('',(25.048406600952,102.79929351806,
    22.537651062012));
#5775 = VECTOR('',#5776,1.);
#5776 = DIRECTION('',(0.391249964046,0.336152820732,-0.856694080024));
#5777 = PLANE('',#5778);
#5778 = AXIS2_PLACEMENT_3D('',#5779,#5780,#5781);
#5779 = CARTESIAN_POINT('',(28.431113280054,88.762428793424,
    25.212218571313));
#5780 = DIRECTION('',(0.821812437975,0.291341279988,0.489637187481));
#5781 = DIRECTION('',(-0.511841281156,2.573503514432E-18,0.859080032886)
  );
#5782 = ADVANCED_FACE('',(#5783),#5800,.T.);
#5783 = FACE_BOUND('',#5784,.T.);
#5784 = EDGE_LOOP('',(#5785,#5793,#5794));
#5785 = ORIENTED_EDGE('',*,*,#5786,.T.);
#5786 = EDGE_CURVE('',#5787,#1644,#5789,.T.);
#5787 = VERTEX_POINT('',#5788);
#5788 = CARTESIAN_POINT('',(25.02746963501,102.78131103515,
    22.583492279053));
#5789 = LINE('',#5790,#5791);
#5790 = CARTESIAN_POINT('',(25.02746963501,102.78131103515,
    22.583492279053));
#5791 = VECTOR('',#5792,1.);
#5792 = DIRECTION('',(0.227990888273,-0.955761089451,0.185851808588));
#5793 = ORIENTED_EDGE('',*,*,#3810,.F.);
#5794 = ORIENTED_EDGE('',*,*,#5795,.F.);
#5795 = EDGE_CURVE('',#5787,#3803,#5796,.T.);
#5796 = LINE('',#5797,#5798);
#5797 = CARTESIAN_POINT('',(25.02746963501,102.78131103515,
    22.583492279053));
#5798 = VECTOR('',#5799,1.);
#5799 = DIRECTION('',(0.391284095433,0.336068730231,-0.856711483069));
#5800 = PLANE('',#5801);
#5801 = AXIS2_PLACEMENT_3D('',#5802,#5803,#5804);
#5802 = CARTESIAN_POINT('',(28.415930149862,88.603009676293,
    25.329923910234));
#5803 = DIRECTION('',(0.821854384871,0.291256431709,0.489617259762));
#5804 = DIRECTION('',(-0.511806626711,1.622188716616E-17,0.859100679114)
  );
#5805 = ADVANCED_FACE('',(#5806),#5823,.T.);
#5806 = FACE_BOUND('',#5807,.T.);
#5807 = EDGE_LOOP('',(#5808,#5816,#5817));
#5808 = ORIENTED_EDGE('',*,*,#5809,.F.);
#5809 = EDGE_CURVE('',#3825,#5810,#5812,.T.);
#5810 = VERTEX_POINT('',#5811);
#5811 = CARTESIAN_POINT('',(24.90832901001,102.67896270752,
    22.844358444214));
#5812 = LINE('',#5813,#5814);
#5813 = CARTESIAN_POINT('',(24.808979034424,102.58245849609,
    23.00452041626));
#5814 = VECTOR('',#5815,1.);
#5815 = DIRECTION('',(0.469199501272,0.455759828874,-0.756395932294));
#5816 = ORIENTED_EDGE('',*,*,#3824,.F.);
#5817 = ORIENTED_EDGE('',*,*,#5818,.T.);
#5818 = EDGE_CURVE('',#1644,#5810,#5819,.T.);
#5819 = LINE('',#5820,#5821);
#5820 = CARTESIAN_POINT('',(31.800001144409,74.390167236328,
    28.104270935059));
#5821 = VECTOR('',#5822,1.);
#5822 = DIRECTION('',(-0.23292544195,0.956107612036,-0.177775062083));
#5823 = PLANE('',#5824);
#5824 = AXIS2_PLACEMENT_3D('',#5825,#5826,#5827);
#5825 = CARTESIAN_POINT('',(28.316973262097,88.560906687968,
    25.505040203165));
#5826 = DIRECTION('',(0.723629422135,0.292524174634,0.625132039393));
#5827 = DIRECTION('',(-0.653727295096,1.468954757186E-17,0.756730218536)
  );
#5828 = ADVANCED_FACE('',(#5829),#5839,.T.);
#5829 = FACE_BOUND('',#5830,.T.);
#5830 = EDGE_LOOP('',(#5831,#5837,#5838));
#5831 = ORIENTED_EDGE('',*,*,#5832,.F.);
#5832 = EDGE_CURVE('',#3848,#3825,#5833,.T.);
#5833 = LINE('',#5834,#5835);
#5834 = CARTESIAN_POINT('',(24.787174224854,102.56128692627,
    23.039669036865));
#5835 = VECTOR('',#5836,1.);
#5836 = DIRECTION('',(0.469261421026,0.455633465132,-0.756433648239));
#5837 = ORIENTED_EDGE('',*,*,#3847,.F.);
#5838 = ORIENTED_EDGE('',*,*,#3832,.T.);
#5839 = PLANE('',#5840);
#5840 = AXIS2_PLACEMENT_3D('',#5841,#5842,#5843);
#5841 = CARTESIAN_POINT('',(28.296354667643,88.124454832148,
    25.77129763347));
#5842 = DIRECTION('',(0.722738127129,0.294021851344,0.625460430824));
#5843 = DIRECTION('',(-0.654385104509,6.320118122584E-17,0.756161447706)
  );
#5844 = ADVANCED_FACE('',(#5845),#5862,.T.);
#5845 = FACE_BOUND('',#5846,.T.);
#5846 = EDGE_LOOP('',(#5847,#5855,#5861));
#5847 = ORIENTED_EDGE('',*,*,#5848,.F.);
#5848 = EDGE_CURVE('',#5849,#3848,#5851,.T.);
#5849 = VERTEX_POINT('',#5850);
#5850 = CARTESIAN_POINT('',(24.629306793213,102.40794372558,
    23.294170379639));
#5851 = LINE('',#5852,#5853);
#5852 = CARTESIAN_POINT('',(24.629306793213,102.40794372558,
    23.294170379639));
#5853 = VECTOR('',#5854,1.);
#5854 = DIRECTION('',(0.469197322816,0.45575086948,-0.75640268193));
#5855 = ORIENTED_EDGE('',*,*,#5856,.F.);
#5856 = EDGE_CURVE('',#1660,#5849,#5857,.T.);
#5857 = LINE('',#5858,#5859);
#5858 = CARTESIAN_POINT('',(31.800001144409,73.165878295898,
    28.757455825806));
#5859 = VECTOR('',#5860,1.);
#5860 = DIRECTION('',(-0.234335824093,0.955620636583,-0.178538288564));
#5861 = ORIENTED_EDGE('',*,*,#3855,.T.);
#5862 = PLANE('',#5863);
#5863 = AXIS2_PLACEMENT_3D('',#5864,#5865,#5866);
#5864 = CARTESIAN_POINT('',(28.234882308887,87.905293570447,
    25.946781547224));
#5865 = DIRECTION('',(0.722699014714,0.294077282805,0.625479564709));
#5866 = DIRECTION('',(-0.654416799471,3.505105687301E-17,0.756134017599)
  );
#5867 = ADVANCED_FACE('',(#5868),#5885,.T.);
#5868 = FACE_BOUND('',#5869,.T.);
#5869 = EDGE_LOOP('',(#5870,#5878,#5884));
#5870 = ORIENTED_EDGE('',*,*,#5871,.T.);
#5871 = EDGE_CURVE('',#1660,#5872,#5874,.T.);
#5872 = VERTEX_POINT('',#5873);
#5873 = CARTESIAN_POINT('',(24.496479034424,102.26799774169,
    23.452047348022));
#5874 = LINE('',#5875,#5876);
#5875 = CARTESIAN_POINT('',(31.800001144409,73.165878295898,
    28.757455825806));
#5876 = VECTOR('',#5877,1.);
#5877 = DIRECTION('',(-0.239695345951,0.955106657231,-0.174118966349));
#5878 = ORIENTED_EDGE('',*,*,#5879,.F.);
#5879 = EDGE_CURVE('',#3871,#5872,#5880,.T.);
#5880 = LINE('',#5881,#5882);
#5881 = CARTESIAN_POINT('',(31.298048019409,73.764686584473,
    29.000001907349));
#5882 = VECTOR('',#5883,1.);
#5883 = DIRECTION('',(-0.228055757567,0.955712458916,-0.186022222632));
#5884 = ORIENTED_EDGE('',*,*,#3870,.F.);
#5885 = PLANE('',#5886);
#5886 = AXIS2_PLACEMENT_3D('',#5887,#5888,#5889);
#5887 = CARTESIAN_POINT('',(28.071286092781,87.672259475623,
    26.201072170487));
#5888 = DIRECTION('',(0.676123422014,0.292928140683,0.676054896144));
#5889 = DIRECTION('',(-0.707070945429,5.143807334629E-18,0.707142615129)
  );
#5890 = ADVANCED_FACE('',(#5891),#5908,.T.);
#5891 = FACE_BOUND('',#5892,.T.);
#5892 = EDGE_LOOP('',(#5893,#5901,#5907));
#5893 = ORIENTED_EDGE('',*,*,#5894,.T.);
#5894 = EDGE_CURVE('',#3896,#5895,#5897,.T.);
#5895 = VERTEX_POINT('',#5896);
#5896 = CARTESIAN_POINT('',(23.347745895386,92.846611022949,
    25.970447540283));
#5897 = LINE('',#5898,#5899);
#5898 = CARTESIAN_POINT('',(28.563587188721,77.26091003418,
    29.000001907349));
#5899 = VECTOR('',#5900,1.);
#5900 = DIRECTION('',(-0.312098023828,0.932594802068,-0.181278125209));
#5901 = ORIENTED_EDGE('',*,*,#5902,.T.);
#5902 = EDGE_CURVE('',#5895,#3894,#5903,.T.);
#5903 = LINE('',#5904,#5905);
#5904 = CARTESIAN_POINT('',(23.347745895386,92.846611022949,
    25.970447540283));
#5905 = VECTOR('',#5906,1.);
#5906 = DIRECTION('',(0.242211084324,-0.952397826505,0.185127444479));
#5907 = ORIENTED_EDGE('',*,*,#3893,.T.);
#5908 = PLANE('',#5909);
#5909 = AXIS2_PLACEMENT_3D('',#5910,#5911,#5912);
#5910 = CARTESIAN_POINT('',(25.72950724833,84.769520926572,
    27.540475323589));
#5911 = DIRECTION('',(3.48E-15,0.190809055504,0.98162717176));
#5912 = DIRECTION('',(-3.627978252341E-32,0.98162717176,-0.190809055504)
  );
#5913 = ADVANCED_FACE('',(#5914),#5930,.T.);
#5914 = FACE_BOUND('',#5915,.T.);
#5915 = EDGE_LOOP('',(#5916,#5922,#5923,#5929));
#5916 = ORIENTED_EDGE('',*,*,#5917,.T.);
#5917 = EDGE_CURVE('',#4949,#3904,#5918,.T.);
#5918 = LINE('',#5919,#5920);
#5919 = CARTESIAN_POINT('',(27.616621017456,76.060974121094,13.));
#5920 = VECTOR('',#5921,1.);
#5921 = DIRECTION('',(0.,0.,1.));
#5922 = ORIENTED_EDGE('',*,*,#3903,.F.);
#5923 = ORIENTED_EDGE('',*,*,#5924,.T.);
#5924 = EDGE_CURVE('',#3894,#4957,#5925,.T.);
#5925 = LINE('',#5926,#5927);
#5926 = CARTESIAN_POINT('',(27.311456680298,77.26091003418,
    29.000001907349));
#5927 = VECTOR('',#5928,1.);
#5928 = DIRECTION('',(0.,0.,-1.));
#5929 = ORIENTED_EDGE('',*,*,#4956,.F.);
#5930 = PLANE('',#5931);
#5931 = AXIS2_PLACEMENT_3D('',#5932,#5933,#5934);
#5932 = CARTESIAN_POINT('',(27.464038848877,76.660942077637,
    21.000000953674));
#5933 = DIRECTION('',(-0.969150034824,-0.246471519653,-0.));
#5934 = DIRECTION('',(0.246471519653,-0.969150034824,0.));
#5935 = ADVANCED_FACE('',(#5936),#5953,.T.);
#5936 = FACE_BOUND('',#5937,.T.);
#5937 = EDGE_LOOP('',(#5938,#5939,#5940,#5941,#5947));
#5938 = ORIENTED_EDGE('',*,*,#3911,.F.);
#5939 = ORIENTED_EDGE('',*,*,#5917,.F.);
#5940 = ORIENTED_EDGE('',*,*,#4948,.F.);
#5941 = ORIENTED_EDGE('',*,*,#5942,.T.);
#5942 = EDGE_CURVE('',#4941,#4885,#5943,.T.);
#5943 = LINE('',#5944,#5945);
#5944 = CARTESIAN_POINT('',(27.616621017456,67.775779724121,13.));
#5945 = VECTOR('',#5946,1.);
#5946 = DIRECTION('',(0.,-0.997720332595,-6.74843532045E-02));
#5947 = ORIENTED_EDGE('',*,*,#5948,.T.);
#5948 = EDGE_CURVE('',#4885,#3912,#5949,.T.);
#5949 = LINE('',#5950,#5951);
#5950 = CARTESIAN_POINT('',(27.616621017456,66.967803955078,
    12.945349693298));
#5951 = VECTOR('',#5952,1.);
#5952 = DIRECTION('',(0.,0.,1.));
#5953 = PLANE('',#5954);
#5954 = AXIS2_PLACEMENT_3D('',#5955,#5956,#5957);
#5955 = CARTESIAN_POINT('',(27.616621017456,71.509291395979,
    20.990535060941));
#5956 = DIRECTION('',(-1.,-0.,-0.));
#5957 = DIRECTION('',(0.,0.,-1.));
#5958 = ADVANCED_FACE('',(#5959),#5976,.T.);
#5959 = FACE_BOUND('',#5960,.T.);
#5960 = EDGE_LOOP('',(#5961,#5962,#5970));
#5961 = ORIENTED_EDGE('',*,*,#3919,.F.);
#5962 = ORIENTED_EDGE('',*,*,#5963,.F.);
#5963 = EDGE_CURVE('',#5964,#3912,#5966,.T.);
#5964 = VERTEX_POINT('',#5965);
#5965 = CARTESIAN_POINT('',(27.647647857666,66.839469909668,
    12.916030883789));
#5966 = LINE('',#5967,#5968);
#5967 = CARTESIAN_POINT('',(27.647647857666,66.839469909668,
    12.916030883789));
#5968 = VECTOR('',#5969,1.);
#5969 = DIRECTION('',(-1.92898848389E-03,7.978733703208E-03,
    0.999966308838));
#5970 = ORIENTED_EDGE('',*,*,#5971,.T.);
#5971 = EDGE_CURVE('',#5964,#3920,#5972,.T.);
#5972 = LINE('',#5973,#5974);
#5973 = CARTESIAN_POINT('',(27.647647857666,66.839469909668,
    12.916030883789));
#5974 = VECTOR('',#5975,1.);
#5975 = DIRECTION('',(2.745935540118E-02,-0.113583121145,0.993148960827)
  );
#5976 = PLANE('',#5977);
#5977 = AXIS2_PLACEMENT_3D('',#5978,#5979,#5980);
#5978 = CARTESIAN_POINT('',(27.75755288005,66.384856308908,
    21.432625024162));
#5979 = DIRECTION('',(-0.971998568804,-0.234986770359,-7.718370822E-08)
  );
#5980 = DIRECTION('',(0.234986770359,-0.971998568804,1.050594825907E-24)
  );
#5981 = ADVANCED_FACE('',(#5982),#6033,.T.);
#5982 = FACE_BOUND('',#5983,.T.);
#5983 = EDGE_LOOP('',(#5984,#5985,#5986,#5987,#5988,#5989,#5990,#5991,
    #5992,#5993,#5994,#5995,#5996,#5997,#5998,#5999,#6000,#6001,#6002,
    #6003,#6011,#6017,#6018,#6019,#6020,#6021,#6022,#6023,#6024,#6025,
    #6026,#6027,#6028,#6029,#6030,#6031,#6032));
#5984 = ORIENTED_EDGE('',*,*,#4454,.T.);
#5985 = ORIENTED_EDGE('',*,*,#4430,.T.);
#5986 = ORIENTED_EDGE('',*,*,#4406,.T.);
#5987 = ORIENTED_EDGE('',*,*,#4382,.T.);
#5988 = ORIENTED_EDGE('',*,*,#4358,.T.);
#5989 = ORIENTED_EDGE('',*,*,#4334,.T.);
#5990 = ORIENTED_EDGE('',*,*,#4310,.T.);
#5991 = ORIENTED_EDGE('',*,*,#4295,.T.);
#5992 = ORIENTED_EDGE('',*,*,#4262,.T.);
#5993 = ORIENTED_EDGE('',*,*,#4238,.T.);
#5994 = ORIENTED_EDGE('',*,*,#4214,.T.);
#5995 = ORIENTED_EDGE('',*,*,#4190,.T.);
#5996 = ORIENTED_EDGE('',*,*,#4166,.T.);
#5997 = ORIENTED_EDGE('',*,*,#4142,.T.);
#5998 = ORIENTED_EDGE('',*,*,#4118,.T.);
#5999 = ORIENTED_EDGE('',*,*,#4094,.T.);
#6000 = ORIENTED_EDGE('',*,*,#4070,.T.);
#6001 = ORIENTED_EDGE('',*,*,#4046,.T.);
#6002 = ORIENTED_EDGE('',*,*,#3927,.T.);
#6003 = ORIENTED_EDGE('',*,*,#6004,.T.);
#6004 = EDGE_CURVE('',#3920,#6005,#6007,.T.);
#6005 = VERTEX_POINT('',#6006);
#6006 = CARTESIAN_POINT('',(28.092350006104,65.,12.319307327271));
#6007 = LINE('',#6008,#6009);
#6008 = CARTESIAN_POINT('',(28.092350006104,65.,29.000001907349));
#6009 = VECTOR('',#6010,1.);
#6010 = DIRECTION('',(0.,0.,-1.));
#6011 = ORIENTED_EDGE('',*,*,#6012,.T.);
#6012 = EDGE_CURVE('',#6005,#4806,#6013,.T.);
#6013 = LINE('',#6014,#6015);
#6014 = CARTESIAN_POINT('',(28.092350006104,65.,12.319307327271));
#6015 = VECTOR('',#6016,1.);
#6016 = DIRECTION('',(0.,-0.850091182666,-0.52663552971));
#6017 = ORIENTED_EDGE('',*,*,#4815,.T.);
#6018 = ORIENTED_EDGE('',*,*,#4791,.T.);
#6019 = ORIENTED_EDGE('',*,*,#4767,.T.);
#6020 = ORIENTED_EDGE('',*,*,#4743,.T.);
#6021 = ORIENTED_EDGE('',*,*,#4719,.T.);
#6022 = ORIENTED_EDGE('',*,*,#4695,.T.);
#6023 = ORIENTED_EDGE('',*,*,#5161,.T.);
#6024 = ORIENTED_EDGE('',*,*,#5144,.T.);
#6025 = ORIENTED_EDGE('',*,*,#4655,.T.);
#6026 = ORIENTED_EDGE('',*,*,#4631,.T.);
#6027 = ORIENTED_EDGE('',*,*,#4607,.T.);
#6028 = ORIENTED_EDGE('',*,*,#4583,.T.);
#6029 = ORIENTED_EDGE('',*,*,#4559,.T.);
#6030 = ORIENTED_EDGE('',*,*,#4535,.T.);
#6031 = ORIENTED_EDGE('',*,*,#4511,.T.);
#6032 = ORIENTED_EDGE('',*,*,#4478,.T.);
#6033 = PLANE('',#6034);
#6034 = AXIS2_PLACEMENT_3D('',#6035,#6036,#6037);
#6035 = CARTESIAN_POINT('',(28.092350006104,57.111189050133,
    16.423297676767));
#6036 = DIRECTION('',(-1.,-0.,-0.));
#6037 = DIRECTION('',(0.,0.,-1.));
#6038 = ADVANCED_FACE('',(#6039),#6049,.T.);
#6039 = FACE_BOUND('',#6040,.T.);
#6040 = EDGE_LOOP('',(#6041,#6047,#6048));
#6041 = ORIENTED_EDGE('',*,*,#6042,.F.);
#6042 = EDGE_CURVE('',#3944,#5872,#6043,.T.);
#6043 = LINE('',#6044,#6045);
#6044 = CARTESIAN_POINT('',(31.192653656006,73.997428894043,
    29.000001907349));
#6045 = VECTOR('',#6046,1.);
#6046 = DIRECTION('',(-0.226392250535,0.955805077827,-0.187571858491));
#6047 = ORIENTED_EDGE('',*,*,#3943,.F.);
#6048 = ORIENTED_EDGE('',*,*,#5879,.T.);
#6049 = PLANE('',#6050);
#6050 = AXIS2_PLACEMENT_3D('',#6051,#6052,#6053);
#6051 = CARTESIAN_POINT('',(27.885475389039,88.013501334351,
    26.23790468488));
#6052 = DIRECTION('',(0.643320730609,0.29131952412,0.708005206503));
#6053 = DIRECTION('',(0.740106738942,-1.84624242104E-17,-0.672489416253)
  );
#6054 = ADVANCED_FACE('',(#6055),#6065,.T.);
#6055 = FACE_BOUND('',#6056,.T.);
#6056 = EDGE_LOOP('',(#6057,#6058,#6059));
#6057 = ORIENTED_EDGE('',*,*,#3951,.F.);
#6058 = ORIENTED_EDGE('',*,*,#6042,.T.);
#6059 = ORIENTED_EDGE('',*,*,#6060,.T.);
#6060 = EDGE_CURVE('',#5872,#3952,#6061,.T.);
#6061 = LINE('',#6062,#6063);
#6062 = CARTESIAN_POINT('',(24.496479034424,102.26799774169,
    23.452047348022));
#6063 = VECTOR('',#6064,1.);
#6064 = DIRECTION('',(0.215248177767,-0.956770016779,0.195599992228));
#6065 = PLANE('',#6066);
#6066 = AXIS2_PLACEMENT_3D('',#6067,#6068,#6069);
#6067 = CARTESIAN_POINT('',(27.768919578413,88.111254156401,
    26.285880062894));
#6068 = DIRECTION('',(0.544176726412,0.283829467398,0.789501440067));
#6069 = DIRECTION('',(0.823362404507,2.739087397386E-17,-0.567515947656)
  );
#6070 = ADVANCED_FACE('',(#6071),#6088,.T.);
#6071 = FACE_BOUND('',#6072,.T.);
#6072 = EDGE_LOOP('',(#6073,#6074,#6082));
#6073 = ORIENTED_EDGE('',*,*,#3959,.F.);
#6074 = ORIENTED_EDGE('',*,*,#6075,.T.);
#6075 = EDGE_CURVE('',#3952,#6076,#6078,.T.);
#6076 = VERTEX_POINT('',#6077);
#6077 = CARTESIAN_POINT('',(24.1819896698,101.93082427978,
    23.795904159546));
#6078 = LINE('',#6079,#6080);
#6079 = CARTESIAN_POINT('',(30.60173034668,75.130386352539,
    29.000001907349));
#6080 = VECTOR('',#6081,1.);
#6081 = DIRECTION('',(-0.22890315786,0.955600106352,-0.185558026132));
#6082 = ORIENTED_EDGE('',*,*,#6083,.T.);
#6083 = EDGE_CURVE('',#6076,#3960,#6084,.T.);
#6084 = LINE('',#6085,#6086);
#6085 = CARTESIAN_POINT('',(24.1819896698,101.93082427978,
    23.795904159546));
#6086 = VECTOR('',#6087,1.);
#6087 = DIRECTION('',(0.227240616959,-0.955819647185,0.186468506884));
#6088 = PLANE('',#6089);
#6089 = AXIS2_PLACEMENT_3D('',#6090,#6091,#6092);
#6090 = CARTESIAN_POINT('',(27.380829624401,88.526687263846,
    26.404770071599));
#6091 = DIRECTION('',(0.434608342619,0.270889208106,0.858914795226));
#6092 = DIRECTION('',(0.892276540083,-1.471648095111E-17,-0.451489286713
    ));
#6093 = ADVANCED_FACE('',(#6094),#6111,.T.);
#6094 = FACE_BOUND('',#6095,.T.);
#6095 = EDGE_LOOP('',(#6096,#6097,#6105));
#6096 = ORIENTED_EDGE('',*,*,#3967,.F.);
#6097 = ORIENTED_EDGE('',*,*,#6098,.F.);
#6098 = EDGE_CURVE('',#6099,#3960,#6101,.T.);
#6099 = VERTEX_POINT('',#6100);
#6100 = CARTESIAN_POINT('',(24.164478302002,101.91120910644,
    23.810731887817));
#6101 = LINE('',#6102,#6103);
#6102 = CARTESIAN_POINT('',(24.164478302002,101.91120910644,
    23.810731887817));
#6103 = VECTOR('',#6104,1.);
#6104 = DIRECTION('',(0.228011232296,-0.955716890489,0.186054032958));
#6105 = ORIENTED_EDGE('',*,*,#6106,.T.);
#6106 = EDGE_CURVE('',#6099,#3968,#6107,.T.);
#6107 = LINE('',#6108,#6109);
#6108 = CARTESIAN_POINT('',(24.164478302002,101.91120910644,
    23.810731887817));
#6109 = VECTOR('',#6110,1.);
#6110 = DIRECTION('',(0.217217444282,-0.957065894349,0.191941282096));
#6111 = PLANE('',#6112);
#6112 = AXIS2_PLACEMENT_3D('',#6113,#6114,#6115);
#6113 = CARTESIAN_POINT('',(27.274777329104,88.559009028001,
    26.448130011612));
#6114 = DIRECTION('',(0.434617016808,0.270897010711,0.858907945177));
#6115 = DIRECTION('',(0.892271459293,-2.367674456786E-17,-0.45149932772)
  );
#6116 = ADVANCED_FACE('',(#6117),#6134,.T.);
#6117 = FACE_BOUND('',#6118,.T.);
#6118 = EDGE_LOOP('',(#6119,#6120,#6128));
#6119 = ORIENTED_EDGE('',*,*,#3975,.F.);
#6120 = ORIENTED_EDGE('',*,*,#6121,.T.);
#6121 = EDGE_CURVE('',#3968,#6122,#6124,.T.);
#6122 = VERTEX_POINT('',#6123);
#6123 = CARTESIAN_POINT('',(23.813018798828,101.51653289794,
    24.103065490723));
#6124 = LINE('',#6125,#6126);
#6125 = CARTESIAN_POINT('',(30.037107467651,76.036247253418,
    29.000001907349));
#6126 = VECTOR('',#6127,1.);
#6127 = DIRECTION('',(-0.233263445347,0.954938069512,-0.183525062217));
#6128 = ORIENTED_EDGE('',*,*,#6129,.T.);
#6129 = EDGE_CURVE('',#6122,#3976,#6130,.T.);
#6130 = LINE('',#6131,#6132);
#6131 = CARTESIAN_POINT('',(23.813018798828,101.51653289794,
    24.103065490723));
#6132 = VECTOR('',#6133,1.);
#6133 = DIRECTION('',(0.227254392934,-0.955929233958,0.185889054428));
#6134 = PLANE('',#6135);
#6135 = AXIS2_PLACEMENT_3D('',#6136,#6137,#6138);
#6136 = CARTESIAN_POINT('',(26.887853686884,88.760048449366,
    26.568999821139));
#6137 = DIRECTION('',(0.317707969294,0.253216505898,0.913752180511));
#6138 = DIRECTION('',(0.94453491863,-1.993521576425E-17,-0.328411003908)
  );
#6139 = ADVANCED_FACE('',(#6140),#6157,.T.);
#6140 = FACE_BOUND('',#6141,.T.);
#6141 = EDGE_LOOP('',(#6142,#6150,#6156));
#6142 = ORIENTED_EDGE('',*,*,#6143,.F.);
#6143 = EDGE_CURVE('',#6144,#3976,#6146,.T.);
#6144 = VERTEX_POINT('',#6145);
#6145 = CARTESIAN_POINT('',(24.385425567627,97.773170471191,
    24.929140090942));
#6146 = LINE('',#6147,#6148);
#6147 = CARTESIAN_POINT('',(24.385425567627,97.773170471191,
    24.929140090942));
#6148 = VECTOR('',#6149,1.);
#6149 = DIRECTION('',(0.240807015264,-0.953535433966,0.181058436895));
#6150 = ORIENTED_EDGE('',*,*,#6151,.F.);
#6151 = EDGE_CURVE('',#3984,#6144,#6152,.T.);
#6152 = LINE('',#6153,#6154);
#6153 = CARTESIAN_POINT('',(29.508214950562,76.699851989746,
    29.000001907349));
#6154 = VECTOR('',#6155,1.);
#6155 = DIRECTION('',(-0.232159668293,0.955021622554,-0.184487367783));
#6156 = ORIENTED_EDGE('',*,*,#3983,.F.);
#6157 = PLANE('',#6158);
#6158 = AXIS2_PLACEMENT_3D('',#6159,#6160,#6161);
#6159 = CARTESIAN_POINT('',(27.047719768455,87.033845853705,
    26.985713723476));
#6160 = DIRECTION('',(0.318518360245,0.25385607619,0.913292476027));
#6161 = DIRECTION('',(0.944223341305,1.665779397369E-17,-0.329305757216)
  );
#6162 = ADVANCED_FACE('',(#6163),#6173,.T.);
#6163 = FACE_BOUND('',#6164,.T.);
#6164 = EDGE_LOOP('',(#6165,#6166,#6172));
#6165 = ORIENTED_EDGE('',*,*,#6151,.T.);
#6166 = ORIENTED_EDGE('',*,*,#6167,.F.);
#6167 = EDGE_CURVE('',#3992,#6144,#6168,.T.);
#6168 = LINE('',#6169,#6170);
#6169 = CARTESIAN_POINT('',(29.152257919312,77.022964477539,
    29.000001907349));
#6170 = VECTOR('',#6171,1.);
#6171 = DIRECTION('',(-0.219909011995,0.957272453086,-0.187801695962));
#6172 = ORIENTED_EDGE('',*,*,#3991,.F.);
#6173 = PLANE('',#6174);
#6174 = AXIS2_PLACEMENT_3D('',#6175,#6176,#6177);
#6175 = CARTESIAN_POINT('',(26.885491503339,87.202914851989,
    26.986697643271));
#6176 = DIRECTION('',(0.213362971047,0.235051422096,0.948275841492));
#6177 = DIRECTION('',(1.282804098837E-17,0.970626456988,-0.240591523116)
  );
#6178 = ADVANCED_FACE('',(#6179),#6196,.T.);
#6179 = FACE_BOUND('',#6180,.T.);
#6180 = EDGE_LOOP('',(#6181,#6189,#6195));
#6181 = ORIENTED_EDGE('',*,*,#6182,.T.);
#6182 = EDGE_CURVE('',#3992,#6183,#6185,.T.);
#6183 = VERTEX_POINT('',#6184);
#6184 = CARTESIAN_POINT('',(24.257604598999,97.690788269043,
    24.97660446167));
#6185 = LINE('',#6186,#6187);
#6186 = CARTESIAN_POINT('',(29.152257919312,77.022964477539,
    29.000001907349));
#6187 = VECTOR('',#6188,1.);
#6188 = DIRECTION('',(-0.226423786579,0.956081384516,-0.186120001754));
#6189 = ORIENTED_EDGE('',*,*,#6190,.F.);
#6190 = EDGE_CURVE('',#4000,#6183,#6191,.T.);
#6191 = LINE('',#6192,#6193);
#6192 = CARTESIAN_POINT('',(29.135931015015,77.033195495605,
    29.000001907349));
#6193 = VECTOR('',#6194,1.);
#6194 = DIRECTION('',(-0.225809261362,0.956204109338,-0.186236083422));
#6195 = ORIENTED_EDGE('',*,*,#3999,.F.);
#6196 = PLANE('',#6197);
#6197 = AXIS2_PLACEMENT_3D('',#6198,#6199,#6200);
#6198 = CARTESIAN_POINT('',(26.70193950245,87.354829732157,
    26.989199587184));
#6199 = DIRECTION('',(0.138300848007,0.22070381408,0.965485733655));
#6200 = DIRECTION('',(-1.672814003402E-17,0.974853821312,-0.222845298521
    ));
#6201 = ADVANCED_FACE('',(#6202),#6219,.T.);
#6202 = FACE_BOUND('',#6203,.T.);
#6203 = EDGE_LOOP('',(#6204,#6212,#6218));
#6204 = ORIENTED_EDGE('',*,*,#6205,.T.);
#6205 = EDGE_CURVE('',#4000,#6206,#6208,.T.);
#6206 = VERTEX_POINT('',#6207);
#6207 = CARTESIAN_POINT('',(24.216613769531,97.664367675781,
    24.986110687256));
#6208 = LINE('',#6209,#6210);
#6209 = CARTESIAN_POINT('',(29.135931015015,77.033195495605,
    29.000001907349));
#6210 = VECTOR('',#6211,1.);
#6211 = DIRECTION('',(-0.227893663934,0.955765441577,-0.185948645133));
#6212 = ORIENTED_EDGE('',*,*,#6213,.F.);
#6213 = EDGE_CURVE('',#4008,#6206,#6214,.T.);
#6214 = LINE('',#6215,#6216);
#6215 = CARTESIAN_POINT('',(28.92639541626,77.164512634277,
    29.000001907349));
#6216 = VECTOR('',#6217,1.);
#6217 = DIRECTION('',(-0.219944638702,0.957333810514,-0.187446875548));
#6218 = ORIENTED_EDGE('',*,*,#4007,.F.);
#6219 = PLANE('',#6220);
#6220 = AXIS2_PLACEMENT_3D('',#6221,#6222,#6223);
#6221 = CARTESIAN_POINT('',(26.637862209113,87.322683377131,
    27.004531957104));
#6222 = DIRECTION('',(0.138395857796,0.220830724928,0.965443099034));
#6223 = DIRECTION('',(-4.23951209098E-18,0.974823836482,-0.222976428858)
  );
#6224 = ADVANCED_FACE('',(#6225),#6235,.T.);
#6225 = FACE_BOUND('',#6226,.T.);
#6226 = EDGE_LOOP('',(#6227,#6233,#6234));
#6227 = ORIENTED_EDGE('',*,*,#6228,.T.);
#6228 = EDGE_CURVE('',#6206,#4016,#6229,.T.);
#6229 = LINE('',#6230,#6231);
#6230 = CARTESIAN_POINT('',(24.216613769531,97.664367675781,
    24.986110687256));
#6231 = VECTOR('',#6232,1.);
#6232 = DIRECTION('',(0.21335458544,-0.958655762267,0.18830547083));
#6233 = ORIENTED_EDGE('',*,*,#4015,.F.);
#6234 = ORIENTED_EDGE('',*,*,#6213,.T.);
#6235 = PLANE('',#6236);
#6236 = AXIS2_PLACEMENT_3D('',#6237,#6238,#6239);
#6237 = CARTESIAN_POINT('',(26.54052925957,87.38907657074,
    27.001224322234));
#6238 = DIRECTION('',(8.473639501999E-02,0.210175072797,0.973984692967)
  );
#6239 = DIRECTION('',(-3.503357889811E-19,0.977500366947,-0.210933716172
    ));
#6240 = ADVANCED_FACE('',(#6241),#6251,.T.);
#6241 = FACE_BOUND('',#6242,.T.);
#6242 = EDGE_LOOP('',(#6243,#6244,#6250));
#6243 = ORIENTED_EDGE('',*,*,#6228,.F.);
#6244 = ORIENTED_EDGE('',*,*,#6245,.F.);
#6245 = EDGE_CURVE('',#4024,#6206,#6246,.T.);
#6246 = LINE('',#6247,#6248);
#6247 = CARTESIAN_POINT('',(28.637079238892,77.256561279297,
    29.000001907349));
#6248 = VECTOR('',#6249,1.);
#6249 = DIRECTION('',(-0.207891220154,0.959764034315,-0.18877033405));
#6250 = ORIENTED_EDGE('',*,*,#4023,.F.);
#6251 = PLANE('',#6252);
#6252 = AXIS2_PLACEMENT_3D('',#6253,#6254,#6255);
#6253 = CARTESIAN_POINT('',(26.465560183559,87.422652279602,
    26.999172095529));
#6254 = DIRECTION('',(4.235814474822E-02,0.201639021247,0.978543556866)
  );
#6255 = DIRECTION('',(-2.947325985432E-19,0.979422597437,-0.201820156649
    ));
#6256 = ADVANCED_FACE('',(#6257),#6267,.T.);
#6257 = FACE_BOUND('',#6258,.T.);
#6258 = EDGE_LOOP('',(#6259,#6260,#6266));
#6259 = ORIENTED_EDGE('',*,*,#6245,.T.);
#6260 = ORIENTED_EDGE('',*,*,#6261,.F.);
#6261 = EDGE_CURVE('',#3896,#6206,#6262,.T.);
#6262 = LINE('',#6263,#6264);
#6263 = CARTESIAN_POINT('',(28.563587188721,77.26091003418,
    29.000001907349));
#6264 = VECTOR('',#6265,1.);
#6265 = DIRECTION('',(-0.204620992765,0.960432778361,-0.188942127568));
#6266 = ORIENTED_EDGE('',*,*,#4031,.F.);
#6267 = PLANE('',#6268);
#6268 = AXIS2_PLACEMENT_3D('',#6269,#6270,#6271);
#6269 = CARTESIAN_POINT('',(26.412271458705,87.443910971578,
    26.996526214238));
#6270 = DIRECTION('',(1.15614990564E-02,0.195384263216,0.980658616149));
#6271 = DIRECTION('',(-3.493461788864E-19,0.980724164186,-0.195397322862
    ));
#6272 = ADVANCED_FACE('',(#6273),#6283,.T.);
#6273 = FACE_BOUND('',#6274,.T.);
#6274 = EDGE_LOOP('',(#6275,#6276,#6277));
#6275 = ORIENTED_EDGE('',*,*,#4829,.T.);
#6276 = ORIENTED_EDGE('',*,*,#6012,.F.);
#6277 = ORIENTED_EDGE('',*,*,#6278,.T.);
#6278 = EDGE_CURVE('',#6005,#1956,#6279,.T.);
#6279 = LINE('',#6280,#6281);
#6280 = CARTESIAN_POINT('',(28.092350006104,65.,12.319307327271));
#6281 = VECTOR('',#6282,1.);
#6282 = DIRECTION('',(0.999876277088,1.398063622918E-02,
    7.209183483076E-03));
#6283 = PLANE('',#6284);
#6284 = AXIS2_PLACEMENT_3D('',#6285,#6286,#6287);
#6285 = CARTESIAN_POINT('',(29.751614127345,64.813150482482,
    12.201143800401));
#6286 = DIRECTION('',(-1.234388234847E-03,0.526635128489,-0.850090535018
    ));
#6287 = DIRECTION('',(1.820867037651E-19,-0.850091182666,-0.52663552971)
  );
#6288 = ADVANCED_FACE('',(#6289),#6306,.T.);
#6289 = FACE_BOUND('',#6290,.T.);
#6290 = EDGE_LOOP('',(#6291,#6292,#6300));
#6291 = ORIENTED_EDGE('',*,*,#4845,.F.);
#6292 = ORIENTED_EDGE('',*,*,#6293,.F.);
#6293 = EDGE_CURVE('',#6294,#1956,#6296,.T.);
#6294 = VERTEX_POINT('',#6295);
#6295 = CARTESIAN_POINT('',(28.079389572144,65.053611755371,
    12.341820716858));
#6296 = LINE('',#6297,#6298);
#6297 = CARTESIAN_POINT('',(28.079389572144,65.053611755371,
    12.341820716858));
#6298 = VECTOR('',#6299,1.);
#6299 = DIRECTION('',(0.999999243898,-4.757331311144E-04,
    1.133967334079E-03));
#6300 = ORIENTED_EDGE('',*,*,#6301,.F.);
#6301 = EDGE_CURVE('',#4846,#6294,#6302,.T.);
#6302 = LINE('',#6303,#6304);
#6303 = CARTESIAN_POINT('',(27.869527816772,65.921684265137,
    12.706318855286));
#6304 = VECTOR('',#6305,1.);
#6305 = DIRECTION('',(0.217563787315,-0.899931207353,-0.377875403383));
#6306 = PLANE('',#6307);
#6307 = AXIS2_PLACEMENT_3D('',#6308,#6309,#6310);
#6308 = CARTESIAN_POINT('',(29.673877456349,65.301813924538,
    12.448246125304));
#6309 = DIRECTION('',(1.229716801564E-03,0.387401558002,-0.921910256291)
  );
#6310 = DIRECTION('',(-5.260487974604E-20,-0.921910953349,
    -0.387401850917));
#6311 = ADVANCED_FACE('',(#6312),#6329,.T.);
#6312 = FACE_BOUND('',#6313,.T.);
#6313 = EDGE_LOOP('',(#6314,#6322,#6323));
#6314 = ORIENTED_EDGE('',*,*,#6315,.T.);
#6315 = EDGE_CURVE('',#6316,#1972,#6318,.T.);
#6316 = VERTEX_POINT('',#6317);
#6317 = CARTESIAN_POINT('',(27.869468688965,65.921936035156,
    12.706420898438));
#6318 = LINE('',#6319,#6320);
#6319 = CARTESIAN_POINT('',(27.869468688965,65.921936035156,
    12.706420898438));
#6320 = VECTOR('',#6321,1.);
#6321 = DIRECTION('',(0.972504432259,0.226450859821,5.436117477552E-02)
  );
#6322 = ORIENTED_EDGE('',*,*,#4870,.F.);
#6323 = ORIENTED_EDGE('',*,*,#6324,.F.);
#6324 = EDGE_CURVE('',#6316,#4846,#6325,.T.);
#6325 = LINE('',#6326,#6327);
#6326 = CARTESIAN_POINT('',(27.869468688965,65.921936035156,
    12.706420898438));
#6327 = VECTOR('',#6328,1.);
#6328 = DIRECTION('',(0.212672007152,-0.905571127227,-0.36703072202));
#6329 = PLANE('',#6330);
#6330 = AXIS2_PLACEMENT_3D('',#6331,#6332,#6333);
#6331 = CARTESIAN_POINT('',(29.834682106762,66.379476064714,
    12.816246306649));
#6332 = DIRECTION('',(-3.389212296922E-02,0.368561117617,-0.928985482439
    ));
#6333 = DIRECTION('',(-5.58354398827E-19,-0.929519494201,-0.368772978809
    ));
#6334 = ADVANCED_FACE('',(#6335),#6350,.T.);
#6335 = FACE_BOUND('',#6336,.T.);
#6336 = EDGE_LOOP('',(#6337,#6343,#6344));
#6337 = ORIENTED_EDGE('',*,*,#6338,.F.);
#6338 = EDGE_CURVE('',#4885,#5964,#6339,.T.);
#6339 = LINE('',#6340,#6341);
#6340 = CARTESIAN_POINT('',(27.616621017456,66.967803955078,
    12.945349693298));
#6341 = VECTOR('',#6342,1.);
#6342 = DIRECTION('',(0.229407875201,-0.94888298242,-0.216778948402));
#6343 = ORIENTED_EDGE('',*,*,#4884,.F.);
#6344 = ORIENTED_EDGE('',*,*,#6345,.T.);
#6345 = EDGE_CURVE('',#1972,#5964,#6346,.T.);
#6346 = LINE('',#6347,#6348);
#6347 = CARTESIAN_POINT('',(31.800001144409,66.837173461914,
    12.9261302948));
#6348 = VECTOR('',#6349,1.);
#6349 = DIRECTION('',(-0.999996889252,5.530455747991E-04,
    -2.432206244652E-03));
#6350 = PLANE('',#6351);
#6351 = AXIS2_PLACEMENT_3D('',#6352,#6353,#6354);
#6352 = CARTESIAN_POINT('',(29.682773689167,66.871060965978,
    12.928475315948));
#6353 = DIRECTION('',(2.494287582883E-03,0.223291164191,-0.974748600678)
  );
#6354 = DIRECTION('',(8.075679968601E-20,-0.974751632877,-0.223291858794
    ));
#6355 = ADVANCED_FACE('',(#6356),#6361,.T.);
#6356 = FACE_BOUND('',#6357,.T.);
#6357 = EDGE_LOOP('',(#6358,#6359,#6360));
#6358 = ORIENTED_EDGE('',*,*,#5942,.F.);
#6359 = ORIENTED_EDGE('',*,*,#4940,.F.);
#6360 = ORIENTED_EDGE('',*,*,#4892,.T.);
#6361 = PLANE('',#6362);
#6362 = AXIS2_PLACEMENT_3D('',#6363,#6364,#6365);
#6363 = CARTESIAN_POINT('',(29.52527113036,67.554414519963,
    12.985027179324));
#6364 = DIRECTION('',(0.,6.74843532045E-02,-0.997720332595));
#6365 = DIRECTION('',(0.,-0.997720332595,-6.74843532045E-02));
#6366 = ADVANCED_FACE('',(#6367),#6384,.T.);
#6367 = FACE_BOUND('',#6368,.T.);
#6368 = EDGE_LOOP('',(#6369,#6377,#6383));
#6369 = ORIENTED_EDGE('',*,*,#6370,.T.);
#6370 = EDGE_CURVE('',#4908,#6371,#6373,.T.);
#6371 = VERTEX_POINT('',#6372);
#6372 = CARTESIAN_POINT('',(24.162927627563,101.90896606445,
    18.190567016602));
#6373 = LINE('',#6374,#6375);
#6374 = CARTESIAN_POINT('',(30.525665283203,75.240341186523,13.));
#6375 = VECTOR('',#6376,1.);
#6376 = DIRECTION('',(-0.228021140028,0.95572229703,0.18601411414));
#6377 = ORIENTED_EDGE('',*,*,#6378,.F.);
#6378 = EDGE_CURVE('',#4910,#6371,#6379,.T.);
#6379 = LINE('',#6380,#6381);
#6380 = CARTESIAN_POINT('',(30.796552658081,74.776565551758,13.));
#6381 = VECTOR('',#6382,1.);
#6382 = DIRECTION('',(-0.233498150717,0.955038205366,0.18270369428));
#6383 = ORIENTED_EDGE('',*,*,#4907,.F.);
#6384 = PLANE('',#6385);
#6385 = AXIS2_PLACEMENT_3D('',#6386,#6387,#6388);
#6386 = CARTESIAN_POINT('',(27.44331590986,88.330609146215,
    15.570764926006));
#6387 = DIRECTION('',(0.47180216224,0.275575600809,-0.837532571274));
#6388 = DIRECTION('',(-0.871268613209,3.743689039574E-18,-0.49080648288)
  );
#6389 = ADVANCED_FACE('',(#6390),#6407,.T.);
#6390 = FACE_BOUND('',#6391,.T.);
#6391 = EDGE_LOOP('',(#6392,#6393,#6401));
#6392 = ORIENTED_EDGE('',*,*,#4917,.F.);
#6393 = ORIENTED_EDGE('',*,*,#6394,.F.);
#6394 = EDGE_CURVE('',#6395,#4910,#6397,.T.);
#6395 = VERTEX_POINT('',#6396);
#6396 = CARTESIAN_POINT('',(24.497802734375,102.27024841308,
    18.545150756836));
#6397 = LINE('',#6398,#6399);
#6398 = CARTESIAN_POINT('',(24.497802734375,102.27024841308,
    18.545150756836));
#6399 = VECTOR('',#6400,1.);
#6400 = DIRECTION('',(0.219118364051,-0.956439116217,-0.192902461118));
#6401 = ORIENTED_EDGE('',*,*,#6402,.T.);
#6402 = EDGE_CURVE('',#6395,#4918,#6403,.T.);
#6403 = LINE('',#6404,#6405);
#6404 = CARTESIAN_POINT('',(24.497802734375,102.27024841308,
    18.545150756836));
#6405 = VECTOR('',#6406,1.);
#6406 = DIRECTION('',(0.228011201557,-0.955742800662,-0.185920926597));
#6407 = PLANE('',#6408);
#6408 = AXIS2_PLACEMENT_3D('',#6409,#6410,#6411);
#6409 = CARTESIAN_POINT('',(27.836828672916,88.001113468706,
    15.720131569738));
#6410 = DIRECTION('',(0.577644988963,0.28649948156,-0.764358759871));
#6411 = DIRECTION('',(-0.797802316262,-4.956083453483E-17,
    -0.602919119093));
#6412 = ADVANCED_FACE('',(#6413),#6423,.T.);
#6413 = FACE_BOUND('',#6414,.T.);
#6414 = EDGE_LOOP('',(#6415,#6421,#6422));
#6415 = ORIENTED_EDGE('',*,*,#6416,.T.);
#6416 = EDGE_CURVE('',#4918,#1996,#6417,.T.);
#6417 = LINE('',#6418,#6419);
#6418 = CARTESIAN_POINT('',(31.298309326172,73.764915466309,13.));
#6419 = VECTOR('',#6420,1.);
#6420 = DIRECTION('',(0.609616688929,-0.735885177546,0.294687118903));
#6421 = ORIENTED_EDGE('',*,*,#5052,.F.);
#6422 = ORIENTED_EDGE('',*,*,#4925,.F.);
#6423 = PLANE('',#6424);
#6424 = AXIS2_PLACEMENT_3D('',#6425,#6426,#6427);
#6425 = CARTESIAN_POINT('',(31.540932730119,73.452432769479,
    13.105571276721));
#6426 = DIRECTION('',(0.718848592093,0.3565199864,-0.59678321101));
#6427 = DIRECTION('',(0.638757433527,-4.049100546901E-17,0.769408175882)
  );
#6428 = ADVANCED_FACE('',(#6429),#6446,.T.);
#6429 = FACE_BOUND('',#6430,.T.);
#6430 = EDGE_LOOP('',(#6431,#6439,#6440));
#6431 = ORIENTED_EDGE('',*,*,#6432,.T.);
#6432 = EDGE_CURVE('',#6433,#4965,#6435,.T.);
#6433 = VERTEX_POINT('',#6434);
#6434 = CARTESIAN_POINT('',(23.767988204956,97.375221252441,
    16.909826278687));
#6435 = LINE('',#6436,#6437);
#6436 = CARTESIAN_POINT('',(23.767988204956,97.375221252441,
    16.909826278687));
#6437 = VECTOR('',#6438,1.);
#6438 = DIRECTION('',(0.227879215247,-0.955799988942,-0.185788709013));
#6439 = ORIENTED_EDGE('',*,*,#4964,.T.);
#6440 = ORIENTED_EDGE('',*,*,#6441,.T.);
#6441 = EDGE_CURVE('',#4957,#6433,#6442,.T.);
#6442 = LINE('',#6443,#6444);
#6443 = CARTESIAN_POINT('',(27.311456680298,77.26091003418,13.));
#6444 = VECTOR('',#6445,1.);
#6445 = DIRECTION('',(-0.170400731927,0.967270734212,0.188018396165));
#6446 = PLANE('',#6447);
#6447 = AXIS2_PLACEMENT_3D('',#6448,#6449,#6450);
#6448 = CARTESIAN_POINT('',(25.915146040139,87.025830164532,
    14.898108313063));
#6449 = DIRECTION('',(1.5E-16,0.190809006944,-0.981627181199));
#6450 = DIRECTION('',(-5.358184910216E-34,-0.981627181199,
    -0.190809006944));
#6451 = ADVANCED_FACE('',(#6452),#6462,.T.);
#6452 = FACE_BOUND('',#6453,.T.);
#6453 = EDGE_LOOP('',(#6454,#6460,#6461));
#6454 = ORIENTED_EDGE('',*,*,#6455,.T.);
#6455 = EDGE_CURVE('',#6433,#4973,#6456,.T.);
#6456 = LINE('',#6457,#6458);
#6457 = CARTESIAN_POINT('',(23.767988204956,97.375221252441,
    16.909826278687));
#6458 = VECTOR('',#6459,1.);
#6459 = DIRECTION('',(0.232863073514,-0.954659376954,-0.185473078874));
#6460 = ORIENTED_EDGE('',*,*,#4972,.F.);
#6461 = ORIENTED_EDGE('',*,*,#6432,.F.);
#6462 = PLANE('',#6463);
#6463 = AXIS2_PLACEMENT_3D('',#6464,#6465,#6466);
#6464 = CARTESIAN_POINT('',(26.200646774902,87.288442786068,
    14.949651743227));
#6465 = DIRECTION('',(1.752419364175E-02,0.19480405594,-0.980685618548)
  );
#6466 = DIRECTION('',(7.955077801372E-20,-0.980836236223,-0.194833974737
    ));
#6467 = ADVANCED_FACE('',(#6468),#6485,.T.);
#6468 = FACE_BOUND('',#6469,.T.);
#6469 = EDGE_LOOP('',(#6470,#6478,#6484));
#6470 = ORIENTED_EDGE('',*,*,#6471,.T.);
#6471 = EDGE_CURVE('',#4973,#6472,#6474,.T.);
#6472 = VERTEX_POINT('',#6473);
#6473 = CARTESIAN_POINT('',(24.215154647827,97.663429260254,
    17.021577835083));
#6474 = LINE('',#6475,#6476);
#6475 = CARTESIAN_POINT('',(28.676809310913,77.25072479248,13.));
#6476 = VECTOR('',#6477,1.);
#6477 = DIRECTION('',(-0.209682848553,0.959328846065,0.189000709337));
#6478 = ORIENTED_EDGE('',*,*,#6479,.F.);
#6479 = EDGE_CURVE('',#4981,#6472,#6480,.T.);
#6480 = LINE('',#6481,#6482);
#6481 = CARTESIAN_POINT('',(28.81356048584,77.213500976562,13.));
#6482 = VECTOR('',#6483,1.);
#6483 = DIRECTION('',(-0.215453984662,0.958162174021,0.1884272506));
#6484 = ORIENTED_EDGE('',*,*,#4980,.F.);
#6485 = PLANE('',#6486);
#6486 = AXIS2_PLACEMENT_3D('',#6487,#6488,#6489);
#6487 = CARTESIAN_POINT('',(26.487728400649,87.413899604545,
    15.00412463474));
#6488 = DIRECTION('',(5.572169425756E-02,0.204707845521,-0.977235790775)
  );
#6489 = DIRECTION('',(7.822180276049E-19,-0.978756446039,-0.205026386927
    ));
#6490 = ADVANCED_FACE('',(#6491),#6501,.T.);
#6491 = FACE_BOUND('',#6492,.T.);
#6492 = EDGE_LOOP('',(#6493,#6499,#6500));
#6493 = ORIENTED_EDGE('',*,*,#6494,.F.);
#6494 = EDGE_CURVE('',#4989,#6472,#6495,.T.);
#6495 = LINE('',#6496,#6497);
#6496 = CARTESIAN_POINT('',(28.992444992065,77.128845214844,13.));
#6497 = VECTOR('',#6498,1.);
#6498 = DIRECTION('',(-0.222581545669,0.956738889025,0.187371699449));
#6499 = ORIENTED_EDGE('',*,*,#4988,.F.);
#6500 = ORIENTED_EDGE('',*,*,#6479,.T.);
#6501 = PLANE('',#6502);
#6502 = AXIS2_PLACEMENT_3D('',#6503,#6504,#6505);
#6503 = CARTESIAN_POINT('',(26.569990514091,87.370089119952,
    15.001535226812));
#6504 = DIRECTION('',(0.101192176626,0.213827295179,-0.971616195432));
#6505 = DIRECTION('',(5.201794435908E-19,-0.976629334081,-0.214930555791
    ));
#6506 = ADVANCED_FACE('',(#6507),#6517,.T.);
#6507 = FACE_BOUND('',#6508,.T.);
#6508 = EDGE_LOOP('',(#6509,#6510,#6516));
#6509 = ORIENTED_EDGE('',*,*,#6494,.T.);
#6510 = ORIENTED_EDGE('',*,*,#6511,.F.);
#6511 = EDGE_CURVE('',#4997,#6472,#6512,.T.);
#6512 = LINE('',#6513,#6514);
#6513 = CARTESIAN_POINT('',(29.137418746948,77.025596618652,13.));
#6514 = VECTOR('',#6515,1.);
#6515 = DIRECTION('',(-0.227940765191,0.955699098925,0.186231683336));
#6516 = ORIENTED_EDGE('',*,*,#4996,.F.);
#6517 = PLANE('',#6518);
#6518 = AXIS2_PLACEMENT_3D('',#6519,#6520,#6521);
#6519 = CARTESIAN_POINT('',(26.650135617164,87.327874380122,
    15.002511367061));
#6520 = DIRECTION('',(0.160639570253,0.225557756149,-0.960894701364));
#6521 = DIRECTION('',(2.962771334709E-18,-0.973537906828,-0.22852558712)
  );
#6522 = ADVANCED_FACE('',(#6523),#6533,.T.);
#6523 = FACE_BOUND('',#6524,.T.);
#6524 = EDGE_LOOP('',(#6525,#6526,#6532));
#6525 = ORIENTED_EDGE('',*,*,#6511,.T.);
#6526 = ORIENTED_EDGE('',*,*,#6527,.F.);
#6527 = EDGE_CURVE('',#5005,#6472,#6528,.T.);
#6528 = LINE('',#6529,#6530);
#6529 = CARTESIAN_POINT('',(29.25124168396,76.944541931152,13.));
#6530 = VECTOR('',#6531,1.);
#6531 = DIRECTION('',(-0.232098063218,0.954871031143,0.185342393788));
#6532 = ORIENTED_EDGE('',*,*,#5004,.F.);
#6533 = PLANE('',#6534);
#6534 = AXIS2_PLACEMENT_3D('',#6535,#6536,#6537);
#6535 = CARTESIAN_POINT('',(26.71282000631,87.290936932748,
    15.004319654987));
#6536 = DIRECTION('',(0.160619600673,0.22555382365,-0.960898962699));
#6537 = DIRECTION('',(-1.406133341661E-18,-0.973539018692,
    -0.228520850435));
#6538 = ADVANCED_FACE('',(#6539),#6556,.T.);
#6539 = FACE_BOUND('',#6540,.T.);
#6540 = EDGE_LOOP('',(#6541,#6549,#6550));
#6541 = ORIENTED_EDGE('',*,*,#6542,.T.);
#6542 = EDGE_CURVE('',#6543,#5013,#6545,.T.);
#6543 = VERTEX_POINT('',#6544);
#6544 = CARTESIAN_POINT('',(24.385425567627,97.773170471191,
    17.070859909058));
#6545 = LINE('',#6546,#6547);
#6546 = CARTESIAN_POINT('',(24.385425567627,97.773170471191,
    17.070859909058));
#6547 = VECTOR('',#6548,1.);
#6548 = DIRECTION('',(0.237529203845,-0.954059311055,-0.182621762969));
#6549 = ORIENTED_EDGE('',*,*,#5012,.F.);
#6550 = ORIENTED_EDGE('',*,*,#6551,.T.);
#6551 = EDGE_CURVE('',#5005,#6543,#6552,.T.);
#6552 = LINE('',#6553,#6554);
#6553 = CARTESIAN_POINT('',(29.25124168396,76.944541931152,13.));
#6554 = VECTOR('',#6555,1.);
#6555 = DIRECTION('',(-0.223475517481,0.956610038298,0.186965044099));
#6556 = PLANE('',#6557);
#6557 = AXIS2_PLACEMENT_3D('',#6558,#6559,#6560);
#6558 = CARTESIAN_POINT('',(26.961703749788,87.10345911505,
    15.007482342437));
#6559 = DIRECTION('',(0.246367522685,0.241024473116,-0.938727994216));
#6560 = DIRECTION('',(-0.967243255765,7.991118357214E-18,-0.253851303279
    ));
#6561 = ADVANCED_FACE('',(#6562),#6572,.T.);
#6562 = FACE_BOUND('',#6563,.T.);
#6563 = EDGE_LOOP('',(#6564,#6565,#6566));
#6564 = ORIENTED_EDGE('',*,*,#5020,.F.);
#6565 = ORIENTED_EDGE('',*,*,#6542,.F.);
#6566 = ORIENTED_EDGE('',*,*,#6567,.T.);
#6567 = EDGE_CURVE('',#6543,#5021,#6568,.T.);
#6568 = LINE('',#6569,#6570);
#6569 = CARTESIAN_POINT('',(24.385425567627,97.773170471191,
    17.070859909058));
#6570 = VECTOR('',#6571,1.);
#6571 = DIRECTION('',(0.240834739228,-0.953513436199,-0.181137393625));
#6572 = PLANE('',#6573);
#6573 = AXIS2_PLACEMENT_3D('',#6574,#6575,#6576);
#6574 = CARTESIAN_POINT('',(27.074291442534,87.051402130558,
    15.026365840399));
#6575 = DIRECTION('',(0.359263894709,0.260954844735,-0.896008941344));
#6576 = DIRECTION('',(-0.92816906363,-9.42376177846E-18,-0.37215882271)
  );
#6577 = ADVANCED_FACE('',(#6578),#6595,.T.);
#6578 = FACE_BOUND('',#6579,.T.);
#6579 = EDGE_LOOP('',(#6580,#6581,#6589));
#6580 = ORIENTED_EDGE('',*,*,#5028,.F.);
#6581 = ORIENTED_EDGE('',*,*,#6582,.F.);
#6582 = EDGE_CURVE('',#6583,#5021,#6585,.T.);
#6583 = VERTEX_POINT('',#6584);
#6584 = CARTESIAN_POINT('',(23.796895980835,101.49501037597,
    17.901081085205));
#6585 = LINE('',#6586,#6587);
#6586 = CARTESIAN_POINT('',(23.796895980835,101.49501037597,
    17.901081085205));
#6587 = VECTOR('',#6588,1.);
#6588 = DIRECTION('',(0.228024923037,-0.955679396202,-0.186229767088));
#6589 = ORIENTED_EDGE('',*,*,#6590,.T.);
#6590 = EDGE_CURVE('',#6583,#5029,#6591,.T.);
#6591 = LINE('',#6592,#6593);
#6592 = CARTESIAN_POINT('',(23.796895980835,101.49501037597,
    17.901081085205));
#6593 = VECTOR('',#6594,1.);
#6594 = DIRECTION('',(0.23820026296,-0.954068476215,-0.181697488751));
#6595 = PLANE('',#6596);
#6596 = AXIS2_PLACEMENT_3D('',#6597,#6598,#6599);
#6597 = CARTESIAN_POINT('',(26.946243679438,88.601782307958,
    15.417796848472));
#6598 = DIRECTION('',(0.358194712285,0.260193696716,-0.896658122296));
#6599 = DIRECTION('',(-0.928643924368,-2.404191822973E-17,
    -0.370972319364));
#6600 = ADVANCED_FACE('',(#6601),#6611,.T.);
#6601 = FACE_BOUND('',#6602,.T.);
#6602 = EDGE_LOOP('',(#6603,#6609,#6610));
#6603 = ORIENTED_EDGE('',*,*,#6604,.F.);
#6604 = EDGE_CURVE('',#6371,#5029,#6605,.T.);
#6605 = LINE('',#6606,#6607);
#6606 = CARTESIAN_POINT('',(24.162927627563,101.90896606445,
    18.190567016602));
#6607 = VECTOR('',#6608,1.);
#6608 = DIRECTION('',(0.221630594418,-0.956469097026,-0.189859806311));
#6609 = ORIENTED_EDGE('',*,*,#6370,.F.);
#6610 = ORIENTED_EDGE('',*,*,#5036,.F.);
#6611 = PLANE('',#6612);
#6612 = AXIS2_PLACEMENT_3D('',#6613,#6614,#6615);
#6613 = CARTESIAN_POINT('',(27.302639768346,88.560954892589,
    15.567309809414));
#6614 = DIRECTION('',(0.471804361791,0.275575867358,-0.837531244507));
#6615 = DIRECTION('',(-0.871267302258,-5.130785124705E-19,
    -0.490808810044));
#6616 = ADVANCED_FACE('',(#6617),#6634,.T.);
#6617 = FACE_BOUND('',#6618,.T.);
#6618 = EDGE_LOOP('',(#6619,#6620,#6628));
#6619 = ORIENTED_EDGE('',*,*,#5075,.F.);
#6620 = ORIENTED_EDGE('',*,*,#6621,.F.);
#6621 = EDGE_CURVE('',#6622,#1996,#6624,.T.);
#6622 = VERTEX_POINT('',#6623);
#6623 = CARTESIAN_POINT('',(24.748340606689,102.52672576904,
    18.881488800049));
#6624 = LINE('',#6625,#6626);
#6625 = CARTESIAN_POINT('',(24.748340606689,102.52672576904,
    18.881488800049));
#6626 = VECTOR('',#6627,1.);
#6627 = DIRECTION('',(0.229515761595,-0.955843648583,-0.183535921941));
#6628 = ORIENTED_EDGE('',*,*,#6629,.F.);
#6629 = EDGE_CURVE('',#5067,#6622,#6630,.T.);
#6630 = LINE('',#6631,#6632);
#6631 = CARTESIAN_POINT('',(24.790098190308,102.56563568115,
    18.95726776123));
#6632 = VECTOR('',#6633,1.);
#6633 = DIRECTION('',(-0.440160449186,-0.410143569332,-0.798774706352));
#6634 = PLANE('',#6635);
#6635 = AXIS2_PLACEMENT_3D('',#6636,#6637,#6638);
#6636 = CARTESIAN_POINT('',(28.279201993105,87.875386352763,
    16.08533270954));
#6637 = DIRECTION('',(0.765408950674,0.293736002877,-0.572597850889));
#6638 = DIRECTION('',(0.59902279281,-2.113090562671E-17,0.800731973693)
  );
#6639 = ADVANCED_FACE('',(#6640),#6657,.T.);
#6640 = FACE_BOUND('',#6641,.T.);
#6641 = EDGE_LOOP('',(#6642,#6650,#6651));
#6642 = ORIENTED_EDGE('',*,*,#6643,.T.);
#6643 = EDGE_CURVE('',#6644,#2012,#6646,.T.);
#6644 = VERTEX_POINT('',#6645);
#6645 = CARTESIAN_POINT('',(24.8101978302,102.58436584472,
    18.993741989136));
#6646 = LINE('',#6647,#6648);
#6647 = CARTESIAN_POINT('',(24.8101978302,102.58436584472,
    18.993741989136));
#6648 = VECTOR('',#6649,1.);
#6649 = DIRECTION('',(0.23695878864,-0.956021411568,-0.172839790296));
#6650 = ORIENTED_EDGE('',*,*,#5091,.F.);
#6651 = ORIENTED_EDGE('',*,*,#6652,.F.);
#6652 = EDGE_CURVE('',#6644,#5067,#6653,.T.);
#6653 = LINE('',#6654,#6655);
#6654 = CARTESIAN_POINT('',(24.8101978302,102.58436584472,
    18.993741989136));
#6655 = VECTOR('',#6656,1.);
#6656 = DIRECTION('',(-0.440165601683,-0.410175195344,-0.798755627348));
#6657 = PLANE('',#6658);
#6658 = AXIS2_PLACEMENT_3D('',#6659,#6660,#6661);
#6659 = CARTESIAN_POINT('',(28.297368435329,88.490244652951,
    16.437380129015));
#6660 = DIRECTION('',(0.765641864089,0.293277970524,-0.572521237999));
#6661 = DIRECTION('',(0.59885454118,-4.291155868113E-17,0.800857814165)
  );
#6662 = ADVANCED_FACE('',(#6663),#6680,.T.);
#6663 = FACE_BOUND('',#6664,.T.);
#6664 = EDGE_LOOP('',(#6665,#6673,#6674));
#6665 = ORIENTED_EDGE('',*,*,#6666,.F.);
#6666 = EDGE_CURVE('',#5106,#6667,#6669,.T.);
#6667 = VERTEX_POINT('',#6668);
#6668 = CARTESIAN_POINT('',(24.997396469116,102.75882720947,
    19.333452224731));
#6669 = LINE('',#6670,#6671);
#6670 = CARTESIAN_POINT('',(25.030044555664,102.78496551513,
    19.414722442627));
#6671 = VECTOR('',#6672,1.);
#6672 = DIRECTION('',(-0.357200138021,-0.285977139186,-0.889171039373));
#6673 = ORIENTED_EDGE('',*,*,#5114,.F.);
#6674 = ORIENTED_EDGE('',*,*,#6675,.T.);
#6675 = EDGE_CURVE('',#2012,#6667,#6676,.T.);
#6676 = LINE('',#6677,#6678);
#6677 = CARTESIAN_POINT('',(31.800001144409,74.383674621582,
    13.895318984985));
#6678 = VECTOR('',#6679,1.);
#6679 = DIRECTION('',(-0.229185833837,0.955984261401,0.183215571176));
#6680 = PLANE('',#6681);
#6681 = AXIS2_PLACEMENT_3D('',#6682,#6683,#6684);
#6682 = CARTESIAN_POINT('',(28.401651844474,88.599597836567,
    16.638923237152));
#6683 = DIRECTION('',(0.853015042604,0.287921654601,-0.435277449339));
#6684 = DIRECTION('',(0.454524770185,5.738135331508E-18,0.890734097971)
  );
#6685 = ADVANCED_FACE('',(#6686),#6703,.T.);
#6686 = FACE_BOUND('',#6687,.T.);
#6687 = EDGE_LOOP('',(#6688,#6696,#6697));
#6688 = ORIENTED_EDGE('',*,*,#6689,.T.);
#6689 = EDGE_CURVE('',#6690,#1610,#6692,.T.);
#6690 = VERTEX_POINT('',#6691);
#6691 = CARTESIAN_POINT('',(25.048868179321,102.80004119873,
    19.461576461792));
#6692 = LINE('',#6693,#6694);
#6693 = CARTESIAN_POINT('',(25.048868179321,102.80004119873,
    19.461576461792));
#6694 = VECTOR('',#6695,1.);
#6695 = DIRECTION('',(0.234941776367,-0.956759993887,-0.171501241437));
#6696 = ORIENTED_EDGE('',*,*,#5130,.F.);
#6697 = ORIENTED_EDGE('',*,*,#6698,.F.);
#6698 = EDGE_CURVE('',#6690,#5106,#6699,.T.);
#6699 = LINE('',#6700,#6701);
#6700 = CARTESIAN_POINT('',(25.048868179321,102.80004119873,
    19.461576461792));
#6701 = VECTOR('',#6702,1.);
#6702 = DIRECTION('',(-0.357209323761,-0.286085975783,-0.889132337438));
#6703 = PLANE('',#6704);
#6704 = AXIS2_PLACEMENT_3D('',#6705,#6706,#6707);
#6705 = CARTESIAN_POINT('',(28.416632641042,89.062452649882,
    16.988040238847));
#6706 = DIRECTION('',(0.853154222872,0.287523093181,-0.435268127575));
#6707 = DIRECTION('',(0.454458213971,1.21909137086E-17,0.890768057215));
#6708 = ADVANCED_FACE('',(#6709),#6724,.T.);
#6709 = FACE_BOUND('',#6710,.T.);
#6710 = EDGE_LOOP('',(#6711,#6712,#6718));
#6711 = ORIENTED_EDGE('',*,*,#5193,.T.);
#6712 = ORIENTED_EDGE('',*,*,#6713,.F.);
#6713 = EDGE_CURVE('',#5550,#22,#6714,.T.);
#6714 = LINE('',#6715,#6716);
#6715 = CARTESIAN_POINT('',(29.098016738892,51.653499603271,
    1.578312367201E-02));
#6716 = VECTOR('',#6717,1.);
#6717 = DIRECTION('',(2.713374782833E-02,-0.999626196302,
    3.350730744378E-03));
#6718 = ORIENTED_EDGE('',*,*,#6719,.F.);
#6719 = EDGE_CURVE('',#5194,#5550,#6720,.T.);
#6720 = LINE('',#6721,#6722);
#6721 = CARTESIAN_POINT('',(29.15972328186,51.789028167725,
    2.164486795664E-02));
#6722 = VECTOR('',#6723,1.);
#6723 = DIRECTION('',(-0.414053495404,-0.909402360578,
    -3.933255038195E-02));
#6724 = PLANE('',#6725);
#6725 = AXIS2_PLACEMENT_3D('',#6726,#6727,#6728);
#6726 = CARTESIAN_POINT('',(29.198436762007,48.569375510751,
    2.773470135335E-02));
#6727 = DIRECTION('',(9.614955941275E-02,-7.265792785978E-04,
    -0.995366633109));
#6728 = DIRECTION('',(-0.995366895845,-4.237522709496E-21,
    -9.614958479228E-02));
#6729 = ADVANCED_FACE('',(#6730),#6740,.T.);
#6730 = FACE_BOUND('',#6731,.T.);
#6731 = EDGE_LOOP('',(#6732,#6738,#6739));
#6732 = ORIENTED_EDGE('',*,*,#6733,.F.);
#6733 = EDGE_CURVE('',#942,#5194,#6734,.T.);
#6734 = LINE('',#6735,#6736);
#6735 = CARTESIAN_POINT('',(29.103944778442,51.650798797607,
    2.000000238419));
#6736 = VECTOR('',#6737,1.);
#6737 = DIRECTION('',(2.811469153593E-02,6.967336633127E-02,
    -0.9971735988));
#6738 = ORIENTED_EDGE('',*,*,#5215,.F.);
#6739 = ORIENTED_EDGE('',*,*,#5201,.T.);
#6740 = PLANE('',#6741);
#6741 = AXIS2_PLACEMENT_3D('',#6742,#6743,#6744);
#6742 = CARTESIAN_POINT('',(29.140714430412,51.745219135549,
    0.988114722104));
#6743 = DIRECTION('',(-0.944612996472,0.328165461931,-3.703578368589E-03
    ));
#6744 = DIRECTION('',(-0.328167712594,-0.944619474927,1.396876528501E-19
    ));
#6745 = ADVANCED_FACE('',(#6746),#6756,.T.);
#6746 = FACE_BOUND('',#6747,.T.);
#6747 = EDGE_LOOP('',(#6748,#6749,#6755));
#6748 = ORIENTED_EDGE('',*,*,#5266,.T.);
#6749 = ORIENTED_EDGE('',*,*,#6750,.F.);
#6750 = EDGE_CURVE('',#3427,#1420,#6751,.T.);
#6751 = LINE('',#6752,#6753);
#6752 = CARTESIAN_POINT('',(29.278833389282,53.075885772705,
    3.84608283639E-02));
#6753 = VECTOR('',#6754,1.);
#6754 = DIRECTION('',(5.144764910231E-02,0.99859822323,1.2438969565E-02)
  );
#6755 = ORIENTED_EDGE('',*,*,#5463,.F.);
#6756 = PLANE('',#6757);
#6757 = AXIS2_PLACEMENT_3D('',#6758,#6759,#6760);
#6758 = CARTESIAN_POINT('',(29.500043652326,57.42555091281,
    9.217265842374E-02));
#6759 = DIRECTION('',(0.16067368885,4.016602420549E-03,-0.98699940862));
#6760 = DIRECTION('',(-0.987007370394,-5.825395104399E-20,
    -0.160674984947));
#6761 = ADVANCED_FACE('',(#6762),#6777,.T.);
#6762 = FACE_BOUND('',#6763,.T.);
#6763 = EDGE_LOOP('',(#6764,#6770,#6771));
#6764 = ORIENTED_EDGE('',*,*,#6765,.T.);
#6765 = EDGE_CURVE('',#5434,#2261,#6766,.T.);
#6766 = LINE('',#6767,#6768);
#6767 = CARTESIAN_POINT('',(29.231420516968,53.267116546631,
    3.152061253786E-02));
#6768 = VECTOR('',#6769,1.);
#6769 = DIRECTION('',(4.452329889252E-03,0.999989885845,
    6.363696118479E-04));
#6770 = ORIENTED_EDGE('',*,*,#5274,.F.);
#6771 = ORIENTED_EDGE('',*,*,#6772,.F.);
#6772 = EDGE_CURVE('',#5434,#5267,#6773,.T.);
#6773 = LINE('',#6774,#6775);
#6774 = CARTESIAN_POINT('',(29.231420516968,53.267116546631,
    3.152061253786E-02));
#6775 = VECTOR('',#6776,1.);
#6776 = DIRECTION('',(0.240497720056,-0.970011105434,3.520372114172E-02)
  );
#6777 = PLANE('',#6778);
#6778 = AXIS2_PLACEMENT_3D('',#6779,#6780,#6781);
#6779 = CARTESIAN_POINT('',(29.25982536919,57.443932433501,
    3.561373764364E-02));
#6780 = DIRECTION('',(0.144776219621,-1.492654951535E-05,-0.989464423822
    ));
#6781 = DIRECTION('',(-0.989464423932,5.780201909727E-22,-0.144776219637
    ));
#6782 = ADVANCED_FACE('',(#6783),#6793,.T.);
#6783 = FACE_BOUND('',#6784,.T.);
#6784 = EDGE_LOOP('',(#6785,#6786,#6787));
#6785 = ORIENTED_EDGE('',*,*,#5373,.F.);
#6786 = ORIENTED_EDGE('',*,*,#5288,.F.);
#6787 = ORIENTED_EDGE('',*,*,#6788,.T.);
#6788 = EDGE_CURVE('',#2261,#3381,#6789,.T.);
#6789 = LINE('',#6790,#6791);
#6790 = CARTESIAN_POINT('',(29.269304275513,61.775779724121,
    3.693532198668E-02));
#6791 = VECTOR('',#6792,1.);
#6792 = DIRECTION('',(-3.380322331957E-02,-0.999421251426,
    -3.808450060372E-03));
#6793 = PLANE('',#6794);
#6794 = AXIS2_PLACEMENT_3D('',#6795,#6796,#6797);
#6795 = CARTESIAN_POINT('',(29.108933301582,57.813528964032,
    2.084685169142E-02));
#6796 = DIRECTION('',(3.752376372932E-02,2.538800784344E-03,
    -0.999292510552));
#6797 = DIRECTION('',(-0.999295731043,-8.298137124786E-21,
    -3.752388465979E-02));
#6798 = ADVANCED_FACE('',(#6799),#6804,.T.);
#6799 = FACE_BOUND('',#6800,.T.);
#6800 = EDGE_LOOP('',(#6801,#6802,#6803));
#6801 = ORIENTED_EDGE('',*,*,#5357,.F.);
#6802 = ORIENTED_EDGE('',*,*,#5312,.F.);
#6803 = ORIENTED_EDGE('',*,*,#5296,.T.);
#6804 = PLANE('',#6805);
#6805 = AXIS2_PLACEMENT_3D('',#6806,#6807,#6808);
#6806 = CARTESIAN_POINT('',(28.825993357062,57.889812089671,
    8.75193091395E-04));
#6807 = DIRECTION('',(3.364981987808E-02,0.,-0.999433684454));
#6808 = DIRECTION('',(-0.999433684454,0.,-3.364981987808E-02));
#6809 = ADVANCED_FACE('',(#6810),#6820,.T.);
#6810 = FACE_BOUND('',#6811,.T.);
#6811 = EDGE_LOOP('',(#6812,#6813,#6814));
#6812 = ORIENTED_EDGE('',*,*,#5419,.F.);
#6813 = ORIENTED_EDGE('',*,*,#5387,.F.);
#6814 = ORIENTED_EDGE('',*,*,#6815,.T.);
#6815 = EDGE_CURVE('',#5388,#5411,#6816,.T.);
#6816 = LINE('',#6817,#6818);
#6817 = CARTESIAN_POINT('',(29.09814453125,53.656604766846,
    1.579523086548E-02));
#6818 = VECTOR('',#6819,1.);
#6819 = DIRECTION('',(0.418133353636,-0.907545538716,3.905884963311E-02)
  );
#6820 = PLANE('',#6821);
#6821 = AXIS2_PLACEMENT_3D('',#6822,#6823,#6824);
#6822 = CARTESIAN_POINT('',(29.115917417506,53.625403438981,
    0.975820811249));
#6823 = DIRECTION('',(-0.908286543038,-0.418336221727,3.218901525628E-03
    ));
#6824 = DIRECTION('',(0.418338389003,-0.908291248601,5.562551482673E-21)
  );
#6825 = ADVANCED_FACE('',(#6826),#6836,.T.);
#6826 = FACE_BOUND('',#6827,.T.);
#6827 = EDGE_LOOP('',(#6828,#6829,#6830));
#6828 = ORIENTED_EDGE('',*,*,#5396,.F.);
#6829 = ORIENTED_EDGE('',*,*,#6788,.F.);
#6830 = ORIENTED_EDGE('',*,*,#6831,.F.);
#6831 = EDGE_CURVE('',#5388,#2261,#6832,.T.);
#6832 = LINE('',#6833,#6834);
#6833 = CARTESIAN_POINT('',(29.09814453125,53.656604766846,
    1.579523086548E-02));
#6834 = VECTOR('',#6835,1.);
#6835 = DIRECTION('',(2.107617410354E-02,0.999774483853,
    2.603136870497E-03));
#6836 = PLANE('',#6837);
#6837 = AXIS2_PLACEMENT_3D('',#6838,#6839,#6840);
#6838 = CARTESIAN_POINT('',(29.158381498699,57.71104012495,
    2.396162691295E-02));
#6839 = DIRECTION('',(9.42995767772E-02,6.041984258657E-04,
    -0.995543683001));
#6840 = DIRECTION('',(-0.995543864716,-5.073450986832E-21,
    -9.429959398951E-02));
#6841 = ADVANCED_FACE('',(#6842),#6857,.T.);
#6842 = FACE_BOUND('',#6843,.T.);
#6843 = EDGE_LOOP('',(#6844,#6845,#6851));
#6844 = ORIENTED_EDGE('',*,*,#5410,.F.);
#6845 = ORIENTED_EDGE('',*,*,#6846,.F.);
#6846 = EDGE_CURVE('',#2261,#5411,#6847,.T.);
#6847 = LINE('',#6848,#6849);
#6848 = CARTESIAN_POINT('',(29.269304275513,61.775779724121,
    3.693532198668E-02));
#6849 = VECTOR('',#6850,1.);
#6850 = DIRECTION('',(-1.373125667381E-02,-0.999903902521,
    -1.907436235934E-03));
#6851 = ORIENTED_EDGE('',*,*,#6852,.T.);
#6852 = EDGE_CURVE('',#2261,#3403,#6853,.T.);
#6853 = LINE('',#6854,#6855);
#6854 = CARTESIAN_POINT('',(29.269304275513,61.775779724121,
    3.693532198668E-02));
#6855 = VECTOR('',#6856,1.);
#6856 = DIRECTION('',(-9.505864805252E-03,-0.999953871832,
    -1.375770116073E-03));
#6857 = PLANE('',#6858);
#6858 = AXIS2_PLACEMENT_3D('',#6859,#6860,#6861);
#6859 = CARTESIAN_POINT('',(29.22092691435,57.603520375193,
    3.009844185834E-02));
#6860 = DIRECTION('',(0.124844150196,1.782631795067E-04,-0.99217634843)
  );
#6861 = DIRECTION('',(-0.992176364195,-5.717586188931E-23,-0.12484415218
    ));
#6862 = ADVANCED_FACE('',(#6863),#6868,.T.);
#6863 = FACE_BOUND('',#6864,.T.);
#6864 = EDGE_LOOP('',(#6865,#6866,#6867));
#6865 = ORIENTED_EDGE('',*,*,#6852,.F.);
#6866 = ORIENTED_EDGE('',*,*,#6765,.F.);
#6867 = ORIENTED_EDGE('',*,*,#5433,.F.);
#6868 = PLANE('',#6869);
#6869 = AXIS2_PLACEMENT_3D('',#6870,#6871,#6872);
#6870 = CARTESIAN_POINT('',(29.239813894775,57.52018474843,
    3.268459900277E-02));
#6871 = DIRECTION('',(0.144772010976,-1.490741917626E-05,-0.989465039613
    ));
#6872 = DIRECTION('',(-0.989465039723,-4.316230348983E-23,
    -0.144772010992));
#6873 = ADVANCED_FACE('',(#6874),#6879,.T.);
#6874 = FACE_BOUND('',#6875,.T.);
#6875 = EDGE_LOOP('',(#6876,#6877,#6878));
#6876 = ORIENTED_EDGE('',*,*,#5441,.T.);
#6877 = ORIENTED_EDGE('',*,*,#6772,.T.);
#6878 = ORIENTED_EDGE('',*,*,#5457,.T.);
#6879 = PLANE('',#6880);
#6880 = AXIS2_PLACEMENT_3D('',#6881,#6882,#6883);
#6881 = CARTESIAN_POINT('',(29.244421043363,53.228250139523,
    0.979361330508));
#6882 = DIRECTION('',(-0.970636196443,-0.240527481859,3.45030805217E-03)
  );
#6883 = DIRECTION('',(0.240528913567,-0.970641974025,-1.727012418918E-19
    ));
#6884 = ADVANCED_FACE('',(#6885),#6890,.T.);
#6885 = FACE_BOUND('',#6886,.T.);
#6886 = EDGE_LOOP('',(#6887,#6888,#6889));
#6887 = ORIENTED_EDGE('',*,*,#5619,.T.);
#6888 = ORIENTED_EDGE('',*,*,#5486,.F.);
#6889 = ORIENTED_EDGE('',*,*,#6750,.T.);
#6890 = PLANE('',#6891);
#6891 = AXIS2_PLACEMENT_3D('',#6892,#6893,#6894);
#6892 = CARTESIAN_POINT('',(29.505517247614,57.318146945746,
    9.287695818466E-02));
#6893 = DIRECTION('',(0.190077329315,2.436542366635E-03,-0.981766098489)
  );
#6894 = DIRECTION('',(-0.981769012746,3.085038024082E-20,-0.190077893537
    ));
#6895 = ADVANCED_FACE('',(#6896),#6901,.T.);
#6896 = FACE_BOUND('',#6897,.T.);
#6897 = EDGE_LOOP('',(#6898,#6899,#6900));
#6898 = ORIENTED_EDGE('',*,*,#6733,.T.);
#6899 = ORIENTED_EDGE('',*,*,#6719,.T.);
#6900 = ORIENTED_EDGE('',*,*,#5549,.T.);
#6901 = PLANE('',#6902);
#6902 = AXIS2_PLACEMENT_3D('',#6903,#6904,#6905);
#6903 = CARTESIAN_POINT('',(29.116857508867,51.687304467603,
    0.973498878699));
#6904 = DIRECTION('',(-0.910155260396,0.414254298283,3.283036260363E-03)
  );
#6905 = DIRECTION('',(-0.414256530785,-0.910160165411,9.443317875468E-20
    ));
#6906 = ADVANCED_FACE('',(#6907),#6912,.T.);
#6907 = FACE_BOUND('',#6908,.T.);
#6908 = EDGE_LOOP('',(#6909,#6910,#6911));
#6909 = ORIENTED_EDGE('',*,*,#5603,.F.);
#6910 = ORIENTED_EDGE('',*,*,#5557,.F.);
#6911 = ORIENTED_EDGE('',*,*,#6713,.T.);
#6912 = PLANE('',#6913);
#6913 = AXIS2_PLACEMENT_3D('',#6914,#6915,#6916);
#6914 = CARTESIAN_POINT('',(29.159514787643,48.503062914395,
    2.402328597515E-02));
#6915 = DIRECTION('',(9.615243472938E-02,-7.265003004818E-04,
    -0.995366355415));
#6916 = DIRECTION('',(-0.995366618094,-8.885780147733E-21,
    -9.615246010414E-02));
#6917 = ADVANCED_FACE('',(#6918),#6928,.T.);
#6918 = FACE_BOUND('',#6919,.T.);
#6919 = EDGE_LOOP('',(#6920,#6921,#6927));
#6920 = ORIENTED_EDGE('',*,*,#5647,.T.);
#6921 = ORIENTED_EDGE('',*,*,#6922,.F.);
#6922 = EDGE_CURVE('',#5686,#3710,#6923,.T.);
#6923 = LINE('',#6924,#6925);
#6924 = CARTESIAN_POINT('',(31.756605148315,76.027336120605,
    15.168497085571));
#6925 = VECTOR('',#6926,1.);
#6926 = DIRECTION('',(-0.23309216375,0.957728239552,0.168596151685));
#6927 = ORIENTED_EDGE('',*,*,#5694,.F.);
#6928 = PLANE('',#6929);
#6929 = AXIS2_PLACEMENT_3D('',#6930,#6931,#6932);
#6930 = CARTESIAN_POINT('',(28.496752732299,89.409771701698,
    17.503403998009));
#6931 = DIRECTION('',(0.95793345152,0.255983563189,-0.129753296055));
#6932 = DIRECTION('',(-0.258166019035,0.966100567548,-2.513313818492E-18
    ));
#6933 = ADVANCED_FACE('',(#6934),#6951,.T.);
#6934 = FACE_BOUND('',#6935,.T.);
#6935 = EDGE_LOOP('',(#6936,#6937,#6945));
#6936 = ORIENTED_EDGE('',*,*,#5662,.T.);
#6937 = ORIENTED_EDGE('',*,*,#6938,.F.);
#6938 = EDGE_CURVE('',#6939,#5663,#6941,.T.);
#6939 = VERTEX_POINT('',#6940);
#6940 = CARTESIAN_POINT('',(16.814510345459,102.93923187255,
    19.958511352539));
#6941 = LINE('',#6942,#6943);
#6942 = CARTESIAN_POINT('',(16.814510345459,102.93923187255,
    19.958511352539));
#6943 = VECTOR('',#6944,1.);
#6944 = DIRECTION('',(0.999764563536,-4.366279010578E-03,
    -2.125448436265E-02));
#6945 = ORIENTED_EDGE('',*,*,#6946,.T.);
#6946 = EDGE_CURVE('',#6939,#3710,#6947,.T.);
#6947 = LINE('',#6948,#6949);
#6948 = CARTESIAN_POINT('',(16.814510345459,102.93923187255,
    19.958511352539));
#6949 = VECTOR('',#6950,1.);
#6950 = DIRECTION('',(0.999976153221,-2.008984559274E-03,
    -6.607342138807E-03));
#6951 = PLANE('',#6952);
#6952 = AXIS2_PLACEMENT_3D('',#6953,#6954,#6955);
#6953 = CARTESIAN_POINT('',(21.036115562626,102.9257920902,
    19.899810246521));
#6954 = DIRECTION('',(9.335238103953E-04,0.987293064395,-0.158907311129)
  );
#6955 = DIRECTION('',(1.416410331857E-20,0.158907380371,0.987293494592)
  );
#6956 = ADVANCED_FACE('',(#6957),#6967,.T.);
#6957 = FACE_BOUND('',#6958,.T.);
#6958 = EDGE_LOOP('',(#6959,#6960,#6961));
#6959 = ORIENTED_EDGE('',*,*,#5671,.F.);
#6960 = ORIENTED_EDGE('',*,*,#6689,.F.);
#6961 = ORIENTED_EDGE('',*,*,#6962,.F.);
#6962 = EDGE_CURVE('',#5663,#6690,#6963,.T.);
#6963 = LINE('',#6964,#6965);
#6964 = CARTESIAN_POINT('',(25.177080154419,102.90270996093,
    19.780727386475));
#6965 = VECTOR('',#6966,1.);
#6966 = DIRECTION('',(-0.357198095592,-0.286034797524,-0.889153313614));
#6967 = PLANE('',#6968);
#6968 = AXIS2_PLACEMENT_3D('',#6969,#6970,#6971);
#6969 = CARTESIAN_POINT('',(28.435848797382,89.164646200281,
    17.093217650455));
#6970 = DIRECTION('',(0.853170790566,0.287521525869,-0.435236687662));
#6971 = DIRECTION('',(0.4544251647,9.710062130534E-19,0.890784917748));
#6972 = ADVANCED_FACE('',(#6973),#6990,.T.);
#6973 = FACE_BOUND('',#6974,.T.);
#6974 = EDGE_LOOP('',(#6975,#6983,#6984));
#6975 = ORIENTED_EDGE('',*,*,#6976,.T.);
#6976 = EDGE_CURVE('',#6977,#1620,#6979,.T.);
#6977 = VERTEX_POINT('',#6978);
#6978 = CARTESIAN_POINT('',(31.794160842896,75.60888671875,
    27.206764221191));
#6979 = LINE('',#6980,#6981);
#6980 = CARTESIAN_POINT('',(31.794160842896,75.60888671875,
    27.206764221191));
#6981 = VECTOR('',#6982,1.);
#6982 = DIRECTION('',(1.65926888108E-02,-0.751970686119,0.658987685693)
  );
#6983 = ORIENTED_EDGE('',*,*,#5685,.F.);
#6984 = ORIENTED_EDGE('',*,*,#6985,.T.);
#6985 = EDGE_CURVE('',#5686,#6977,#6986,.T.);
#6986 = LINE('',#6987,#6988);
#6987 = CARTESIAN_POINT('',(31.756605148315,76.027336120605,
    15.168497085571));
#6988 = VECTOR('',#6989,1.);
#6989 = DIRECTION('',(3.117794602799E-03,-3.47387873194E-02,
    0.999391562908));
#6990 = PLANE('',#6991);
#6991 = AXIS2_PLACEMENT_3D('',#6992,#6993,#6994);
#6992 = CARTESIAN_POINT('',(31.77714603251,75.747361959318,
    21.33283713791));
#6993 = DIRECTION('',(0.999798333942,1.993502878229E-02,
    -2.426123267763E-03));
#6994 = DIRECTION('',(-1.993508745208E-02,0.999801276399,
    2.061721836487E-21));
#6995 = ADVANCED_FACE('',(#6996),#7013,.T.);
#6996 = FACE_BOUND('',#6997,.T.);
#6997 = EDGE_LOOP('',(#6998,#7006,#7012));
#6998 = ORIENTED_EDGE('',*,*,#6999,.T.);
#6999 = EDGE_CURVE('',#1620,#7000,#7002,.T.);
#7000 = VERTEX_POINT('',#7001);
#7001 = CARTESIAN_POINT('',(25.331321716309,102.97900390625,
    21.592390060425));
#7002 = LINE('',#7003,#7004);
#7003 = CARTESIAN_POINT('',(31.800001144409,75.344207763672,
    27.438714981079));
#7004 = VECTOR('',#7005,1.);
#7005 = DIRECTION('',(-0.223229807851,0.953658362804,-0.201752769352));
#7006 = ORIENTED_EDGE('',*,*,#7007,.F.);
#7007 = EDGE_CURVE('',#5710,#7000,#7008,.T.);
#7008 = LINE('',#7009,#7010);
#7009 = CARTESIAN_POINT('',(25.256578445435,102.95319366455,
    21.953586578369));
#7010 = VECTOR('',#7011,1.);
#7011 = DIRECTION('',(0.20214499084,6.980442534623E-02,-0.976864752604)
  );
#7012 = ORIENTED_EDGE('',*,*,#5709,.T.);
#7013 = PLANE('',#7014);
#7014 = AXIS2_PLACEMENT_3D('',#7015,#7016,#7017);
#7015 = CARTESIAN_POINT('',(28.526350507086,89.242834276394,
    24.587746774034));
#7016 = DIRECTION('',(0.940237314178,0.265259910957,0.213520426812));
#7017 = DIRECTION('',(-0.271521578811,0.962432352033,1.253701203801E-17)
  );
#7018 = ADVANCED_FACE('',(#7019),#7036,.T.);
#7019 = FACE_BOUND('',#7020,.T.);
#7020 = EDGE_LOOP('',(#7021,#7029,#7035));
#7021 = ORIENTED_EDGE('',*,*,#7022,.T.);
#7022 = EDGE_CURVE('',#5710,#7023,#7025,.T.);
#7023 = VERTEX_POINT('',#7024);
#7024 = CARTESIAN_POINT('',(16.814510345459,102.93923187255,
    22.041488647461));
#7025 = LINE('',#7026,#7027);
#7026 = CARTESIAN_POINT('',(25.256578445435,102.95319366455,
    21.953586578369));
#7027 = VECTOR('',#7028,1.);
#7028 = DIRECTION('',(-0.999944428159,-1.653743602203E-03,
    1.041180705617E-02));
#7029 = ORIENTED_EDGE('',*,*,#7030,.F.);
#7030 = EDGE_CURVE('',#3757,#7023,#7031,.T.);
#7031 = LINE('',#7032,#7033);
#7032 = CARTESIAN_POINT('',(25.228498458862,102.93399047851,
    22.040332794189));
#7033 = VECTOR('',#7034,1.);
#7034 = DIRECTION('',(-0.999999796538,6.229380058426E-04,
    1.373727916814E-04));
#7035 = ORIENTED_EDGE('',*,*,#5717,.T.);
#7036 = PLANE('',#7037);
#7037 = AXIS2_PLACEMENT_3D('',#7038,#7039,#7040);
#7038 = CARTESIAN_POINT('',(21.051702036602,102.94143204248,
    22.019065246282));
#7039 = DIRECTION('',(6.379048736211E-04,0.976318729859,0.216336152326)
  );
#7040 = DIRECTION('',(-1.037273414279E-20,-0.216336196342,0.976318928503
    ));
#7041 = ADVANCED_FACE('',(#7042),#7052,.T.);
#7042 = FACE_BOUND('',#7043,.T.);
#7043 = EDGE_LOOP('',(#7044,#7050,#7051));
#7044 = ORIENTED_EDGE('',*,*,#7045,.T.);
#7045 = EDGE_CURVE('',#7023,#3780,#7046,.T.);
#7046 = LINE('',#7047,#7048);
#7047 = CARTESIAN_POINT('',(16.814510345459,102.93923187255,
    22.041488647461));
#7048 = VECTOR('',#7049,1.);
#7049 = DIRECTION('',(0.999976391948,-2.103617510016E-03,
    6.541432635086E-03));
#7050 = ORIENTED_EDGE('',*,*,#5733,.T.);
#7051 = ORIENTED_EDGE('',*,*,#7030,.T.);
#7052 = PLANE('',#7053);
#7053 = AXIS2_PLACEMENT_3D('',#7054,#7055,#7056);
#7054 = CARTESIAN_POINT('',(21.031976843064,102.93348887194,
    22.054963284296));
#7055 = DIRECTION('',(6.379047977835E-04,0.976294595136,0.216445042875)
  );
#7056 = DIRECTION('',(1.906602783751E-21,-0.216445086914,0.976294793774)
  );
#7057 = ADVANCED_FACE('',(#7058),#7068,.T.);
#7058 = FACE_BOUND('',#7059,.T.);
#7059 = EDGE_LOOP('',(#7060,#7061,#7062));
#7060 = ORIENTED_EDGE('',*,*,#5756,.T.);
#7061 = ORIENTED_EDGE('',*,*,#7045,.F.);
#7062 = ORIENTED_EDGE('',*,*,#7063,.T.);
#7063 = EDGE_CURVE('',#7023,#5748,#7064,.T.);
#7064 = LINE('',#7065,#7066);
#7065 = CARTESIAN_POINT('',(16.814510345459,102.93923187255,
    22.041488647461));
#7066 = VECTOR('',#7067,1.);
#7067 = DIRECTION('',(0.999049196814,-1.005534799844E-02,
    4.24216020556E-02));
#7068 = PLANE('',#7069);
#7069 = AXIS2_PLACEMENT_3D('',#7070,#7071,#7072);
#7070 = CARTESIAN_POINT('',(21.066831753964,102.91354359631,
    22.144847495539));
#7071 = DIRECTION('',(6.383258096986E-04,0.976307911984,0.216384966063)
  );
#7072 = DIRECTION('',(-1.153439443833E-20,-0.216385010147,0.976308110887
    ));
#7073 = ADVANCED_FACE('',(#7074),#7091,.T.);
#7074 = FACE_BOUND('',#7075,.T.);
#7075 = EDGE_LOOP('',(#7076,#7077,#7085));
#7076 = ORIENTED_EDGE('',*,*,#5772,.T.);
#7077 = ORIENTED_EDGE('',*,*,#7078,.F.);
#7078 = EDGE_CURVE('',#7079,#5748,#7081,.T.);
#7079 = VERTEX_POINT('',#7080);
#7080 = CARTESIAN_POINT('',(16.814510345459,102.80720520019,
    22.540740966797));
#7081 = LINE('',#7082,#7083);
#7082 = CARTESIAN_POINT('',(16.814510345459,102.80720520019,
    22.540740966797));
#7083 = VECTOR('',#7084,1.);
#7084 = DIRECTION('',(0.999826469119,5.84176783466E-03,
    -1.768913218814E-02));
#7085 = ORIENTED_EDGE('',*,*,#7086,.T.);
#7086 = EDGE_CURVE('',#7079,#3803,#7087,.T.);
#7087 = LINE('',#7088,#7089);
#7088 = CARTESIAN_POINT('',(16.814510345459,102.80720520019,
    22.540740966797));
#7089 = VECTOR('',#7090,1.);
#7090 = DIRECTION('',(0.999999467955,-9.60866845299E-04,
    -3.752662221274E-04));
#7091 = PLANE('',#7092);
#7092 = AXIS2_PLACEMENT_3D('',#7093,#7094,#7095);
#7093 = CARTESIAN_POINT('',(20.98945988165,102.81750894066,
    22.50273830682));
#7094 = DIRECTION('',(1.03154517671E-03,0.930740623964,0.365678584029));
#7095 = DIRECTION('',(-2.716317422372E-20,-0.365678778585,0.930741119158
    ));
#7096 = ADVANCED_FACE('',(#7097),#7107,.T.);
#7097 = FACE_BOUND('',#7098,.T.);
#7098 = EDGE_LOOP('',(#7099,#7100,#7101));
#7099 = ORIENTED_EDGE('',*,*,#5818,.F.);
#7100 = ORIENTED_EDGE('',*,*,#5786,.F.);
#7101 = ORIENTED_EDGE('',*,*,#7102,.F.);
#7102 = EDGE_CURVE('',#5810,#5787,#7103,.T.);
#7103 = LINE('',#7104,#7105);
#7104 = CARTESIAN_POINT('',(24.90832901001,102.67896270752,
    22.844358444214));
#7105 = VECTOR('',#7106,1.);
#7106 = DIRECTION('',(0.391265207534,0.336118260699,-0.856700678299));
#7107 = PLANE('',#7108);
#7108 = AXIS2_PLACEMENT_3D('',#7109,#7110,#7111);
#7109 = CARTESIAN_POINT('',(28.366555438596,88.632601528364,
    25.395198744551));
#7110 = DIRECTION('',(0.821852006022,0.291256619042,0.489621141355));
#7111 = DIRECTION('',(-0.51181071473,3.845679169635E-17,0.859098243676)
  );
#7112 = ADVANCED_FACE('',(#7113),#7123,.T.);
#7113 = FACE_BOUND('',#7114,.T.);
#7114 = EDGE_LOOP('',(#7115,#7116,#7122));
#7115 = ORIENTED_EDGE('',*,*,#7086,.F.);
#7116 = ORIENTED_EDGE('',*,*,#7117,.F.);
#7117 = EDGE_CURVE('',#5787,#7079,#7118,.T.);
#7118 = LINE('',#7119,#7120);
#7119 = CARTESIAN_POINT('',(25.02746963501,102.78131103515,
    22.583492279053));
#7120 = VECTOR('',#7121,1.);
#7121 = DIRECTION('',(-0.999981482483,3.15278386639E-03,
    -5.205251736982E-03));
#7122 = ORIENTED_EDGE('',*,*,#5795,.T.);
#7123 = PLANE('',#7124);
#7124 = AXIS2_PLACEMENT_3D('',#7125,#7126,#7127);
#7125 = CARTESIAN_POINT('',(20.939564407233,102.79873199586,
    22.550674033431));
#7126 = DIRECTION('',(1.031545364741E-03,0.930774234767,0.365593024834)
  );
#7127 = DIRECTION('',(4.520725094774E-20,-0.365593219345,0.93077472998)
  );
#7128 = ADVANCED_FACE('',(#7129),#7146,.T.);
#7129 = FACE_BOUND('',#7130,.T.);
#7130 = EDGE_LOOP('',(#7131,#7139,#7145));
#7131 = ORIENTED_EDGE('',*,*,#7132,.T.);
#7132 = EDGE_CURVE('',#5810,#7133,#7135,.T.);
#7133 = VERTEX_POINT('',#7134);
#7134 = CARTESIAN_POINT('',(16.814510345459,102.59152221679,
    23.009956359863));
#7135 = LINE('',#7136,#7137);
#7136 = CARTESIAN_POINT('',(24.90832901001,102.67896270752,
    22.844358444214));
#7137 = VECTOR('',#7138,1.);
#7138 = DIRECTION('',(-0.999732449328,-1.080047621322E-02,
    2.04543265271E-02));
#7139 = ORIENTED_EDGE('',*,*,#7140,.F.);
#7140 = EDGE_CURVE('',#3825,#7133,#7141,.T.);
#7141 = LINE('',#7142,#7143);
#7142 = CARTESIAN_POINT('',(24.808979034424,102.58245849609,
    23.00452041626));
#7143 = VECTOR('',#7144,1.);
#7144 = DIRECTION('',(-0.999999126133,1.133747986924E-03,
    6.799624921574E-04));
#7145 = ORIENTED_EDGE('',*,*,#5809,.T.);
#7146 = PLANE('',#7147);
#7147 = AXIS2_PLACEMENT_3D('',#7148,#7149,#7150);
#7148 = CARTESIAN_POINT('',(20.888978109286,102.61152113724,
    22.966393199976));
#7149 = DIRECTION('',(1.322013701383E-03,0.856167634139,0.516696462667)
  );
#7150 = DIRECTION('',(-3.87358005779E-20,-0.516696914188,0.856168382311)
  );
#7151 = ADVANCED_FACE('',(#7152),#7162,.T.);
#7152 = FACE_BOUND('',#7153,.T.);
#7153 = EDGE_LOOP('',(#7154,#7160,#7161));
#7154 = ORIENTED_EDGE('',*,*,#7155,.T.);
#7155 = EDGE_CURVE('',#7133,#3848,#7156,.T.);
#7156 = LINE('',#7157,#7158);
#7157 = CARTESIAN_POINT('',(16.814510345459,102.59152221679,
    23.009956359863));
#7158 = VECTOR('',#7159,1.);
#7159 = DIRECTION('',(0.999985864674,-3.792316294658E-03,
    3.726766542909E-03));
#7160 = ORIENTED_EDGE('',*,*,#5832,.T.);
#7161 = ORIENTED_EDGE('',*,*,#7140,.T.);
#7162 = PLANE('',#7163);
#7163 = AXIS2_PLACEMENT_3D('',#7164,#7165,#7166);
#7164 = CARTESIAN_POINT('',(20.817883637819,102.58167612801,
    23.016031246993));
#7165 = DIRECTION('',(1.322014213775E-03,0.85624228329,0.516572748589));
#7166 = DIRECTION('',(9.360064203502E-20,-0.516573200003,0.856243031527)
  );
#7167 = ADVANCED_FACE('',(#7168),#7178,.T.);
#7168 = FACE_BOUND('',#7169,.T.);
#7169 = EDGE_LOOP('',(#7170,#7171,#7177));
#7170 = ORIENTED_EDGE('',*,*,#7155,.F.);
#7171 = ORIENTED_EDGE('',*,*,#7172,.F.);
#7172 = EDGE_CURVE('',#5849,#7133,#7173,.T.);
#7173 = LINE('',#7174,#7175);
#7174 = CARTESIAN_POINT('',(24.629306793213,102.40794372558,
    23.294170379639));
#7175 = VECTOR('',#7176,1.);
#7176 = DIRECTION('',(-0.999064057434,2.346915540449E-02,
    -3.633466510289E-02));
#7177 = ORIENTED_EDGE('',*,*,#5848,.T.);
#7178 = PLANE('',#7179);
#7179 = AXIS2_PLACEMENT_3D('',#7180,#7181,#7182);
#7180 = CARTESIAN_POINT('',(20.844066500118,102.53731189404,
    23.089480750268));
#7181 = DIRECTION('',(1.321337002281E-03,0.856174350975,0.516685334417)
  );
#7182 = DIRECTION('',(-4.774822459651E-20,-0.516685785466,0.856175098386
    ));
#7183 = ADVANCED_FACE('',(#7184),#7201,.T.);
#7184 = FACE_BOUND('',#7185,.T.);
#7185 = EDGE_LOOP('',(#7186,#7194,#7200));
#7186 = ORIENTED_EDGE('',*,*,#7187,.F.);
#7187 = EDGE_CURVE('',#7188,#5849,#7190,.T.);
#7188 = VERTEX_POINT('',#7189);
#7189 = CARTESIAN_POINT('',(24.517139434814,102.28976440429,
    23.427490234375));
#7190 = LINE('',#7191,#7192);
#7191 = CARTESIAN_POINT('',(24.517139434814,102.28976440429,
    23.427490234375));
#7192 = VECTOR('',#7193,1.);
#7193 = DIRECTION('',(0.53279061101,0.56134720205,-0.633264149917));
#7194 = ORIENTED_EDGE('',*,*,#7195,.F.);
#7195 = EDGE_CURVE('',#1660,#7188,#7196,.T.);
#7196 = LINE('',#7197,#7198);
#7197 = CARTESIAN_POINT('',(31.800001144409,73.165878295898,
    28.757455825806));
#7198 = VECTOR('',#7199,1.);
#7199 = DIRECTION('',(-0.238859477781,0.955189938268,-0.174809415382));
#7200 = ORIENTED_EDGE('',*,*,#5856,.T.);
#7201 = PLANE('',#7202);
#7202 = AXIS2_PLACEMENT_3D('',#7203,#7204,#7205);
#7203 = CARTESIAN_POINT('',(28.174252785012,87.807531383894,
    26.049816357905));
#7204 = DIRECTION('',(0.59312320206,0.286049515829,0.752582581297));
#7205 = DIRECTION('',(0.785400676312,1.289166987421E-17,-0.618987703956)
  );
#7206 = ADVANCED_FACE('',(#7207),#7217,.T.);
#7207 = FACE_BOUND('',#7208,.T.);
#7208 = EDGE_LOOP('',(#7209,#7215,#7216));
#7209 = ORIENTED_EDGE('',*,*,#7210,.F.);
#7210 = EDGE_CURVE('',#5872,#7188,#7211,.T.);
#7211 = LINE('',#7212,#7213);
#7212 = CARTESIAN_POINT('',(24.496479034424,102.26799774169,
    23.452047348022));
#7213 = VECTOR('',#7214,1.);
#7214 = DIRECTION('',(0.532794030652,0.561322514568,-0.633283155895));
#7215 = ORIENTED_EDGE('',*,*,#5871,.F.);
#7216 = ORIENTED_EDGE('',*,*,#7195,.T.);
#7217 = PLANE('',#7218);
#7218 = AXIS2_PLACEMENT_3D('',#7219,#7220,#7221);
#7219 = CARTESIAN_POINT('',(28.151088727376,87.731635150856,
    26.096920036825));
#7220 = DIRECTION('',(0.59314060309,0.286051237579,0.752568212487));
#7221 = DIRECTION('',(0.785386102196,3.223778398182E-17,-0.619006195831)
  );
#7222 = ADVANCED_FACE('',(#7223),#7240,.T.);
#7223 = FACE_BOUND('',#7224,.T.);
#7224 = EDGE_LOOP('',(#7225,#7233,#7239));
#7225 = ORIENTED_EDGE('',*,*,#7226,.T.);
#7226 = EDGE_CURVE('',#3896,#7227,#7229,.T.);
#7227 = VERTEX_POINT('',#7228);
#7228 = CARTESIAN_POINT('',(23.767988204956,97.375221252441,
    25.090175628662));
#7229 = LINE('',#7230,#7231);
#7230 = CARTESIAN_POINT('',(28.563587188721,77.26091003418,
    29.000001907349));
#7231 = VECTOR('',#7232,1.);
#7232 = DIRECTION('',(-0.227879215247,0.955799988942,-0.185788709013));
#7233 = ORIENTED_EDGE('',*,*,#7234,.F.);
#7234 = EDGE_CURVE('',#5895,#7227,#7235,.T.);
#7235 = LINE('',#7236,#7237);
#7236 = CARTESIAN_POINT('',(23.347745895386,92.846611022949,
    25.970447540283));
#7237 = VECTOR('',#7238,1.);
#7238 = DIRECTION('',(9.071665162126E-02,0.977579713326,-0.190022086115)
  );
#7239 = ORIENTED_EDGE('',*,*,#5894,.F.);
#7240 = PLANE('',#7241);
#7241 = AXIS2_PLACEMENT_3D('',#7242,#7243,#7244);
#7242 = CARTESIAN_POINT('',(25.797941040771,87.276985836172,
    27.053073672668));
#7243 = DIRECTION('',(-5.2364313327E-07,0.190808886644,0.981627204583));
#7244 = DIRECTION('',(-7.874177263698E-24,0.981627204583,-0.190808886644
    ));
#7245 = ADVANCED_FACE('',(#7246),#7264,.T.);
#7246 = FACE_BOUND('',#7247,.T.);
#7247 = EDGE_LOOP('',(#7248,#7249,#7250,#7258));
#7248 = ORIENTED_EDGE('',*,*,#5924,.F.);
#7249 = ORIENTED_EDGE('',*,*,#5902,.F.);
#7250 = ORIENTED_EDGE('',*,*,#7251,.T.);
#7251 = EDGE_CURVE('',#5895,#7252,#7254,.T.);
#7252 = VERTEX_POINT('',#7253);
#7253 = CARTESIAN_POINT('',(23.347745895386,92.846611022949,
    16.029552459717));
#7254 = LINE('',#7255,#7256);
#7255 = CARTESIAN_POINT('',(23.347745895386,92.846611022949,
    25.970447540283));
#7256 = VECTOR('',#7257,1.);
#7257 = DIRECTION('',(0.,0.,-1.));
#7258 = ORIENTED_EDGE('',*,*,#7259,.F.);
#7259 = EDGE_CURVE('',#4957,#7252,#7260,.T.);
#7260 = LINE('',#7261,#7262);
#7261 = CARTESIAN_POINT('',(27.311456680298,77.26091003418,13.));
#7262 = VECTOR('',#7263,1.);
#7263 = DIRECTION('',(-0.24221108955,0.952397847055,0.185127331921));
#7264 = PLANE('',#7265);
#7265 = AXIS2_PLACEMENT_3D('',#7266,#7267,#7268);
#7266 = CARTESIAN_POINT('',(25.534275131795,84.248962826314,
    21.000000565113));
#7267 = DIRECTION('',(-0.969150049573,-0.24647146166,-0.));
#7268 = DIRECTION('',(0.24647146166,-0.969150049573,0.));
#7269 = ADVANCED_FACE('',(#7270),#7275,.T.);
#7270 = FACE_BOUND('',#7271,.T.);
#7271 = EDGE_LOOP('',(#7272,#7273,#7274));
#7272 = ORIENTED_EDGE('',*,*,#5963,.T.);
#7273 = ORIENTED_EDGE('',*,*,#5948,.F.);
#7274 = ORIENTED_EDGE('',*,*,#6338,.T.);
#7275 = PLANE('',#7276);
#7276 = AXIS2_PLACEMENT_3D('',#7277,#7278,#7279);
#7277 = CARTESIAN_POINT('',(27.62441740899,66.935556312122,
    20.931669700943));
#7278 = DIRECTION('',(-0.971996359306,-0.23499590953,-0.));
#7279 = DIRECTION('',(0.23499590953,-0.971996359306,0.));
#7280 = ADVANCED_FACE('',(#7281),#7296,.T.);
#7281 = FACE_BOUND('',#7282,.T.);
#7282 = EDGE_LOOP('',(#7283,#7289,#7290));
#7283 = ORIENTED_EDGE('',*,*,#7284,.T.);
#7284 = EDGE_CURVE('',#6316,#3920,#7285,.T.);
#7285 = LINE('',#7286,#7287);
#7286 = CARTESIAN_POINT('',(27.869468688965,65.921936035156,
    12.706420898438));
#7287 = VECTOR('',#7288,1.);
#7288 = DIRECTION('',(1.365596869343E-02,-5.648714659024E-02,
    0.998309930227));
#7289 = ORIENTED_EDGE('',*,*,#5971,.F.);
#7290 = ORIENTED_EDGE('',*,*,#7291,.T.);
#7291 = EDGE_CURVE('',#5964,#6316,#7292,.T.);
#7292 = LINE('',#7293,#7294);
#7293 = CARTESIAN_POINT('',(27.647647857666,66.839469909668,
    12.916030883789));
#7294 = VECTOR('',#7295,1.);
#7295 = DIRECTION('',(0.229400509234,-0.948886255722,-0.21677241537));
#7296 = PLANE('',#7297);
#7297 = AXIS2_PLACEMENT_3D('',#7298,#7299,#7300);
#7298 = CARTESIAN_POINT('',(27.920843428707,65.70942333557,
    20.671658046455));
#7299 = DIRECTION('',(-0.971998279504,-0.234987967015,-2.2204000223E-07)
  );
#7300 = DIRECTION('',(0.234987967015,-0.971998279504,1.954851264757E-24)
  );
#7301 = ADVANCED_FACE('',(#7302),#7317,.T.);
#7302 = FACE_BOUND('',#7303,.T.);
#7303 = EDGE_LOOP('',(#7304,#7310,#7316));
#7304 = ORIENTED_EDGE('',*,*,#7305,.T.);
#7305 = EDGE_CURVE('',#3920,#6294,#7306,.T.);
#7306 = LINE('',#7307,#7308);
#7307 = CARTESIAN_POINT('',(28.092350006104,65.,29.000001907349));
#7308 = VECTOR('',#7309,1.);
#7309 = DIRECTION('',(-7.780178861882E-04,3.218326231785E-03,
    -0.999994518517));
#7310 = ORIENTED_EDGE('',*,*,#7311,.T.);
#7311 = EDGE_CURVE('',#6294,#6005,#7312,.T.);
#7312 = LINE('',#7313,#7314);
#7313 = CARTESIAN_POINT('',(28.079389572144,65.053611755371,
    12.341820716858));
#7314 = VECTOR('',#7315,1.);
#7315 = DIRECTION('',(0.217552329024,-0.899920656986,-0.377907125186));
#7316 = ORIENTED_EDGE('',*,*,#6004,.F.);
#7317 = PLANE('',#7318);
#7318 = AXIS2_PLACEMENT_3D('',#7319,#7320,#7321);
#7319 = CARTESIAN_POINT('',(28.089106293389,65.013417847973,
    20.650412325453));
#7320 = DIRECTION('',(-0.972000826717,-0.234977430537,-0.));
#7321 = DIRECTION('',(0.234977430537,-0.972000826717,0.));
#7322 = ADVANCED_FACE('',(#7323),#7340,.T.);
#7323 = FACE_BOUND('',#7324,.T.);
#7324 = EDGE_LOOP('',(#7325,#7333,#7334));
#7325 = ORIENTED_EDGE('',*,*,#7326,.T.);
#7326 = EDGE_CURVE('',#7327,#3952,#7329,.T.);
#7327 = VERTEX_POINT('',#7328);
#7328 = CARTESIAN_POINT('',(24.269514083862,102.02886199951,
    23.721811294556));
#7329 = LINE('',#7330,#7331);
#7330 = CARTESIAN_POINT('',(24.269514083862,102.02886199951,
    23.721811294556));
#7331 = VECTOR('',#7332,1.);
#7332 = DIRECTION('',(0.225078804609,-0.956107071071,0.187613433325));
#7333 = ORIENTED_EDGE('',*,*,#6060,.F.);
#7334 = ORIENTED_EDGE('',*,*,#7335,.F.);
#7335 = EDGE_CURVE('',#7327,#5872,#7336,.T.);
#7336 = LINE('',#7337,#7338);
#7337 = CARTESIAN_POINT('',(24.269514083862,102.02886199951,
    23.721811294556));
#7338 = VECTOR('',#7339,1.);
#7339 = DIRECTION('',(0.532788064104,0.561358345519,-0.633256414626));
#7340 = PLANE('',#7341);
#7341 = AXIS2_PLACEMENT_3D('',#7342,#7343,#7344);
#7342 = CARTESIAN_POINT('',(27.469323627796,88.740747462913,
    26.272937709818));
#7343 = DIRECTION('',(0.592257923097,0.28715231074,0.752844009716));
#7344 = DIRECTION('',(0.78594409568,1.127213899906E-16,-0.618297564661)
  );
#7345 = ADVANCED_FACE('',(#7346),#7356,.T.);
#7346 = FACE_BOUND('',#7347,.T.);
#7347 = EDGE_LOOP('',(#7348,#7349,#7350));
#7348 = ORIENTED_EDGE('',*,*,#6075,.F.);
#7349 = ORIENTED_EDGE('',*,*,#7326,.F.);
#7350 = ORIENTED_EDGE('',*,*,#7351,.F.);
#7351 = EDGE_CURVE('',#6076,#7327,#7352,.T.);
#7352 = LINE('',#7353,#7354);
#7353 = CARTESIAN_POINT('',(24.1819896698,101.93082427978,
    23.795904159546));
#7354 = VECTOR('',#7355,1.);
#7355 = DIRECTION('',(0.580132437038,0.6498171039,-0.491104965333));
#7356 = PLANE('',#7357);
#7357 = AXIS2_PLACEMENT_3D('',#7358,#7359,#7360);
#7358 = CARTESIAN_POINT('',(27.405236692599,88.591108684757,
    26.372382243689));
#7359 = DIRECTION('',(0.427818542143,0.269978826625,0.86260230012));
#7360 = DIRECTION('',(0.895869277635,-2.218552118654E-17,-0.44431772122)
  );
#7361 = ADVANCED_FACE('',(#7362),#7372,.T.);
#7362 = FACE_BOUND('',#7363,.T.);
#7363 = EDGE_LOOP('',(#7364,#7365,#7366));
#7364 = ORIENTED_EDGE('',*,*,#6098,.T.);
#7365 = ORIENTED_EDGE('',*,*,#6083,.F.);
#7366 = ORIENTED_EDGE('',*,*,#7367,.F.);
#7367 = EDGE_CURVE('',#6099,#6076,#7368,.T.);
#7368 = LINE('',#7369,#7370);
#7369 = CARTESIAN_POINT('',(24.164478302002,101.91120910644,
    23.810731887817));
#7370 = VECTOR('',#7371,1.);
#7371 = DIRECTION('',(0.580093275645,0.649785344378,-0.491193238739));
#7372 = PLANE('',#7373);
#7373 = AXIS2_PLACEMENT_3D('',#7374,#7375,#7376);
#7374 = CARTESIAN_POINT('',(27.346893906315,88.595278629772,
    26.400253886945));
#7375 = DIRECTION('',(0.42791495387,0.270006273923,0.862545885328));
#7376 = DIRECTION('',(0.895817847619,2.205292205202E-17,-0.444421403499)
  );
#7377 = ADVANCED_FACE('',(#7378),#7395,.T.);
#7378 = FACE_BOUND('',#7379,.T.);
#7379 = EDGE_LOOP('',(#7380,#7388,#7389));
#7380 = ORIENTED_EDGE('',*,*,#7381,.T.);
#7381 = EDGE_CURVE('',#7382,#3968,#7384,.T.);
#7382 = VERTEX_POINT('',#7383);
#7383 = CARTESIAN_POINT('',(23.830430984497,101.53704071044,
    24.093519210815));
#7384 = LINE('',#7385,#7386);
#7385 = CARTESIAN_POINT('',(23.830430984497,101.53704071044,
    24.093519210815));
#7386 = VECTOR('',#7387,1.);
#7387 = DIRECTION('',(0.232460303311,-0.955087992386,0.183763799985));
#7388 = ORIENTED_EDGE('',*,*,#6106,.F.);
#7389 = ORIENTED_EDGE('',*,*,#7390,.F.);
#7390 = EDGE_CURVE('',#7382,#6099,#7391,.T.);
#7391 = LINE('',#7392,#7393);
#7392 = CARTESIAN_POINT('',(23.830430984497,101.53704071044,
    24.093519210815));
#7393 = VECTOR('',#7394,1.);
#7394 = DIRECTION('',(0.580133649825,0.649811166992,-0.491111388173));
#7395 = PLANE('',#7396);
#7396 = AXIS2_PLACEMENT_3D('',#7397,#7398,#7399);
#7397 = CARTESIAN_POINT('',(26.98578111539,89.016936017894,
    26.448867824231));
#7398 = DIRECTION('',(0.427730337253,0.270077485338,0.862615157823));
#7399 = DIRECTION('',(0.895908375584,-3.709603290512E-17,-0.444238880063
    ));
#7400 = ADVANCED_FACE('',(#7401),#7411,.T.);
#7401 = FACE_BOUND('',#7402,.T.);
#7402 = EDGE_LOOP('',(#7403,#7404,#7405));
#7403 = ORIENTED_EDGE('',*,*,#6121,.F.);
#7404 = ORIENTED_EDGE('',*,*,#7381,.F.);
#7405 = ORIENTED_EDGE('',*,*,#7406,.F.);
#7406 = EDGE_CURVE('',#6122,#7382,#7407,.T.);
#7407 = LINE('',#7408,#7409);
#7408 = CARTESIAN_POINT('',(23.813018798828,101.51653289794,
    24.103065490723));
#7409 = VECTOR('',#7410,1.);
#7410 = DIRECTION('',(0.609964907119,0.718407567241,-0.334414980845));
#7411 = PLANE('',#7412);
#7412 = AXIS2_PLACEMENT_3D('',#7413,#7414,#7415);
#7413 = CARTESIAN_POINT('',(26.927756646476,88.788330545802,
    26.54783646888));
#7414 = DIRECTION('',(0.235514080556,0.238592517063,0.94212882806));
#7415 = DIRECTION('',(7.887619807879E-19,0.969397059172,-0.245498150033)
  );
#7416 = ADVANCED_FACE('',(#7417),#7434,.T.);
#7417 = FACE_BOUND('',#7418,.T.);
#7418 = EDGE_LOOP('',(#7419,#7427,#7428));
#7419 = ORIENTED_EDGE('',*,*,#7420,.T.);
#7420 = EDGE_CURVE('',#7421,#3976,#7423,.T.);
#7421 = VERTEX_POINT('',#7422);
#7422 = CARTESIAN_POINT('',(23.800428390503,101.50169372558,
    24.109966278076));
#7423 = LINE('',#7424,#7425);
#7424 = CARTESIAN_POINT('',(23.800428390503,101.50169372558,
    24.109966278076));
#7425 = VECTOR('',#7426,1.);
#7426 = DIRECTION('',(0.227841319178,-0.955823165413,0.18571593829));
#7427 = ORIENTED_EDGE('',*,*,#6129,.F.);
#7428 = ORIENTED_EDGE('',*,*,#7429,.F.);
#7429 = EDGE_CURVE('',#7421,#6122,#7430,.T.);
#7430 = LINE('',#7431,#7432);
#7431 = CARTESIAN_POINT('',(23.800428390503,101.50169372558,
    24.109966278076));
#7432 = VECTOR('',#7433,1.);
#7433 = DIRECTION('',(0.60976378872,0.718673273178,-0.334210784365));
#7434 = PLANE('',#7435);
#7435 = AXIS2_PLACEMENT_3D('',#7436,#7437,#7438);
#7436 = CARTESIAN_POINT('',(26.802016365284,88.926577399761,
    26.552299746102));
#7437 = DIRECTION('',(0.234715373166,0.239022233129,0.942219223785));
#7438 = DIRECTION('',(-6.362883150521E-18,0.969297379002,-0.245891421282
    ));
#7439 = ADVANCED_FACE('',(#7440),#7450,.T.);
#7440 = FACE_BOUND('',#7441,.T.);
#7441 = EDGE_LOOP('',(#7442,#7443,#7444));
#7442 = ORIENTED_EDGE('',*,*,#6143,.T.);
#7443 = ORIENTED_EDGE('',*,*,#7420,.F.);
#7444 = ORIENTED_EDGE('',*,*,#7445,.T.);
#7445 = EDGE_CURVE('',#7421,#6144,#7446,.T.);
#7446 = LINE('',#7447,#7448);
#7447 = CARTESIAN_POINT('',(23.800428390503,101.50169372558,
    24.109966278076));
#7448 = VECTOR('',#7449,1.);
#7449 = DIRECTION('',(0.15147463432,-0.965434909089,0.212110517112));
#7450 = PLANE('',#7451);
#7451 = AXIS2_PLACEMENT_3D('',#7452,#7453,#7454);
#7452 = CARTESIAN_POINT('',(26.726413979861,88.908126813827,
    26.580577364669));
#7453 = DIRECTION('',(0.288351758295,0.248411527995,0.924740491299));
#7454 = DIRECTION('',(0.954664853515,-9.688435897607E-18,-0.297682746331
    ));
#7455 = ADVANCED_FACE('',(#7456),#7466,.T.);
#7456 = FACE_BOUND('',#7457,.T.);
#7457 = EDGE_LOOP('',(#7458,#7464,#7465));
#7458 = ORIENTED_EDGE('',*,*,#7459,.F.);
#7459 = EDGE_CURVE('',#6183,#6144,#7460,.T.);
#7460 = LINE('',#7461,#7462);
#7461 = CARTESIAN_POINT('',(24.257604598999,97.690788269043,
    24.97660446167));
#7462 = VECTOR('',#7463,1.);
#7463 = DIRECTION('',(0.802369324958,0.517136997442,-0.297947633389));
#7464 = ORIENTED_EDGE('',*,*,#6182,.F.);
#7465 = ORIENTED_EDGE('',*,*,#6167,.T.);
#7466 = PLANE('',#7467);
#7467 = AXIS2_PLACEMENT_3D('',#7468,#7469,#7470);
#7468 = CARTESIAN_POINT('',(26.728074922407,87.415461027144,
    26.969002266227));
#7469 = DIRECTION('',(0.202864879104,0.233181534293,0.95103744032));
#7470 = DIRECTION('',(-1.40714339331E-17,0.971232530265,-0.238133097564)
  );
#7471 = ADVANCED_FACE('',(#7472),#7482,.T.);
#7472 = FACE_BOUND('',#7473,.T.);
#7473 = EDGE_LOOP('',(#7474,#7480,#7481));
#7474 = ORIENTED_EDGE('',*,*,#7475,.F.);
#7475 = EDGE_CURVE('',#6206,#6183,#7476,.T.);
#7476 = LINE('',#7477,#7478);
#7477 = CARTESIAN_POINT('',(24.216613769531,97.664367675781,
    24.986110687256));
#7478 = VECTOR('',#7479,1.);
#7479 = DIRECTION('',(0.825003325867,0.531754970448,-0.191327373139));
#7480 = ORIENTED_EDGE('',*,*,#6205,.F.);
#7481 = ORIENTED_EDGE('',*,*,#6190,.T.);
#7482 = PLANE('',#7483);
#7483 = AXIS2_PLACEMENT_3D('',#7484,#7485,#7486);
#7484 = CARTESIAN_POINT('',(26.683709728547,87.36725048032,
    26.988369891749));
#7485 = DIRECTION('',(8.98654807273E-02,0.210804938579,0.973388654775));
#7486 = DIRECTION('',(2.108569164348E-18,0.977343070577,-0.211661338924)
  );
#7487 = ADVANCED_FACE('',(#7488),#7498,.T.);
#7488 = FACE_BOUND('',#7489,.T.);
#7489 = EDGE_LOOP('',(#7490,#7496,#7497));
#7490 = ORIENTED_EDGE('',*,*,#7491,.F.);
#7491 = EDGE_CURVE('',#7227,#6206,#7492,.T.);
#7492 = LINE('',#7493,#7494);
#7493 = CARTESIAN_POINT('',(23.767988204956,97.375221252441,
    25.090175628662));
#7494 = VECTOR('',#7495,1.);
#7495 = DIRECTION('',(0.82500828348,0.531731165655,-0.191372149648));
#7496 = ORIENTED_EDGE('',*,*,#7226,.F.);
#7497 = ORIENTED_EDGE('',*,*,#6261,.T.);
#7498 = PLANE('',#7499);
#7499 = AXIS2_PLACEMENT_3D('',#7500,#7501,#7502);
#7500 = CARTESIAN_POINT('',(26.249448909946,87.519288730212,
    26.993802169665));
#7501 = DIRECTION('',(9.001349939391E-02,0.210671335444,0.973403902986)
  );
#7502 = DIRECTION('',(1.60264748144E-18,0.977371498233,-0.21153003201));
#7503 = ADVANCED_FACE('',(#7504),#7509,.T.);
#7504 = FACE_BOUND('',#7505,.T.);
#7505 = EDGE_LOOP('',(#7506,#7507,#7508));
#7506 = ORIENTED_EDGE('',*,*,#6293,.T.);
#7507 = ORIENTED_EDGE('',*,*,#6278,.F.);
#7508 = ORIENTED_EDGE('',*,*,#7311,.F.);
#7509 = PLANE('',#7510);
#7510 = AXIS2_PLACEMENT_3D('',#7511,#7512,#7513);
#7511 = CARTESIAN_POINT('',(29.928155993407,65.039246600324,
    12.338249736245));
#7512 = DIRECTION('',(1.229716776357E-03,0.387433027555,-0.921897031645)
  );
#7513 = DIRECTION('',(1.585054715972E-20,-0.921897728694,-0.387433320494
    ));
#7514 = ADVANCED_FACE('',(#7515),#7525,.T.);
#7515 = FACE_BOUND('',#7516,.T.);
#7516 = EDGE_LOOP('',(#7517,#7518,#7519));
#7517 = ORIENTED_EDGE('',*,*,#6301,.T.);
#7518 = ORIENTED_EDGE('',*,*,#7305,.F.);
#7519 = ORIENTED_EDGE('',*,*,#7520,.T.);
#7520 = EDGE_CURVE('',#3920,#4846,#7521,.T.);
#7521 = LINE('',#7522,#7523);
#7522 = CARTESIAN_POINT('',(28.092350006104,65.,29.000001907349));
#7523 = VECTOR('',#7524,1.);
#7524 = DIRECTION('',(-1.365227328194E-02,5.647142012691E-02,
    -0.998310870492));
#7525 = PLANE('',#7526);
#7526 = AXIS2_PLACEMENT_3D('',#7527,#7528,#7529);
#7527 = CARTESIAN_POINT('',(28.032250189832,65.248598107494,
    20.527030731113));
#7528 = DIRECTION('',(-0.971998632192,-0.234986508159,-3.092229859E-08)
  );
#7529 = DIRECTION('',(0.234986508159,-0.971998632192,-1.077962055053E-24
    ));
#7530 = ADVANCED_FACE('',(#7531),#7536,.T.);
#7531 = FACE_BOUND('',#7532,.T.);
#7532 = EDGE_LOOP('',(#7533,#7534,#7535));
#7533 = ORIENTED_EDGE('',*,*,#6345,.F.);
#7534 = ORIENTED_EDGE('',*,*,#6315,.F.);
#7535 = ORIENTED_EDGE('',*,*,#7291,.F.);
#7536 = PLANE('',#7537);
#7537 = AXIS2_PLACEMENT_3D('',#7538,#7539,#7540);
#7538 = CARTESIAN_POINT('',(29.565318712457,66.587619555746,
    12.86324716629));
#7539 = DIRECTION('',(2.494287612137E-03,0.223284036475,-0.974750233437)
  );
#7540 = DIRECTION('',(6.01577478366E-20,-0.974753265641,-0.223284731056)
  );
#7541 = ADVANCED_FACE('',(#7542),#7547,.T.);
#7542 = FACE_BOUND('',#7543,.T.);
#7543 = EDGE_LOOP('',(#7544,#7545,#7546));
#7544 = ORIENTED_EDGE('',*,*,#7520,.F.);
#7545 = ORIENTED_EDGE('',*,*,#7284,.F.);
#7546 = ORIENTED_EDGE('',*,*,#6324,.T.);
#7547 = PLANE('',#7548);
#7548 = AXIS2_PLACEMENT_3D('',#7549,#7550,#7551);
#7549 = CARTESIAN_POINT('',(27.980923180492,65.460909000514,
    20.8531165042));
#7550 = DIRECTION('',(-0.973480184689,-0.228771046613,3.718196813906E-04
    ));
#7551 = DIRECTION('',(0.228771062426,-0.973480251981,-1.105625022318E-20
    ));
#7552 = ADVANCED_FACE('',(#7553),#7570,.T.);
#7553 = FACE_BOUND('',#7554,.T.);
#7554 = EDGE_LOOP('',(#7555,#7563,#7569));
#7555 = ORIENTED_EDGE('',*,*,#7556,.F.);
#7556 = EDGE_CURVE('',#7557,#6371,#7559,.T.);
#7557 = VERTEX_POINT('',#7558);
#7558 = CARTESIAN_POINT('',(24.179721832275,101.92736053466,
    18.206924438477));
#7559 = LINE('',#7560,#7561);
#7560 = CARTESIAN_POINT('',(24.179721832275,101.92736053466,
    18.206924438477));
#7561 = VECTOR('',#7562,1.);
#7562 = DIRECTION('',(-0.563587050685,-0.617289439728,-0.548929306834));
#7563 = ORIENTED_EDGE('',*,*,#7564,.T.);
#7564 = EDGE_CURVE('',#7557,#4910,#7565,.T.);
#7565 = LINE('',#7566,#7567);
#7566 = CARTESIAN_POINT('',(24.179721832275,101.92736053466,
    18.206924438477));
#7567 = VECTOR('',#7568,1.);
#7568 = DIRECTION('',(0.232770627836,-0.955126065756,-0.183172141248));
#7569 = ORIENTED_EDGE('',*,*,#6378,.T.);
#7570 = PLANE('',#7571);
#7571 = AXIS2_PLACEMENT_3D('',#7572,#7573,#7574);
#7572 = CARTESIAN_POINT('',(27.482204053956,88.354477113237,
    15.600736178677));
#7573 = DIRECTION('',(0.495931275002,0.278591325593,-0.82245914414));
#7574 = DIRECTION('',(-0.856362766668,4.932107737298E-19,-0.516374681665
    ));
#7575 = ADVANCED_FACE('',(#7576),#7593,.T.);
#7576 = FACE_BOUND('',#7577,.T.);
#7577 = EDGE_LOOP('',(#7578,#7579,#7587));
#7578 = ORIENTED_EDGE('',*,*,#6394,.T.);
#7579 = ORIENTED_EDGE('',*,*,#7580,.F.);
#7580 = EDGE_CURVE('',#7581,#4910,#7583,.T.);
#7581 = VERTEX_POINT('',#7582);
#7582 = CARTESIAN_POINT('',(24.420787811279,102.19140625,18.441762924194
    ));
#7583 = LINE('',#7584,#7585);
#7584 = CARTESIAN_POINT('',(24.420787811279,102.19140625,18.441762924194
    ));
#7585 = VECTOR('',#7586,1.);
#7586 = DIRECTION('',(0.222402435093,-0.956297397329,-0.189822139715));
#7587 = ORIENTED_EDGE('',*,*,#7588,.F.);
#7588 = EDGE_CURVE('',#6395,#7581,#7589,.T.);
#7589 = LINE('',#7590,#7591);
#7590 = CARTESIAN_POINT('',(24.497802734375,102.27024841308,
    18.545150756836));
#7591 = VECTOR('',#7592,1.);
#7592 = DIRECTION('',(-0.509636811148,-0.521728347754,-0.684156306609));
#7593 = PLANE('',#7594);
#7594 = AXIS2_PLACEMENT_3D('',#7595,#7596,#7597);
#7595 = CARTESIAN_POINT('',(27.619631917653,88.539759306258,
    15.753974163287));
#7596 = DIRECTION('',(0.647927366927,0.290457282285,-0.704148204822));
#7597 = DIRECTION('',(-0.735873199972,1.371909577601E-17,-0.67711936434)
  );
#7598 = ADVANCED_FACE('',(#7599),#7616,.T.);
#7599 = FACE_BOUND('',#7600,.T.);
#7600 = EDGE_LOOP('',(#7601,#7609,#7610));
#7601 = ORIENTED_EDGE('',*,*,#7602,.T.);
#7602 = EDGE_CURVE('',#7603,#4918,#7605,.T.);
#7603 = VERTEX_POINT('',#7604);
#7604 = CARTESIAN_POINT('',(24.517234802246,102.29013824462,
    18.571239471436));
#7605 = LINE('',#7606,#7607);
#7606 = CARTESIAN_POINT('',(24.517234802246,102.29013824462,
    18.571239471436));
#7607 = VECTOR('',#7608,1.);
#7608 = DIRECTION('',(0.227211521248,-0.955786466959,-0.186673924771));
#7609 = ORIENTED_EDGE('',*,*,#6402,.F.);
#7610 = ORIENTED_EDGE('',*,*,#7611,.F.);
#7611 = EDGE_CURVE('',#7603,#6395,#7612,.T.);
#7612 = LINE('',#7613,#7614);
#7613 = CARTESIAN_POINT('',(24.517234802246,102.29013824462,
    18.571239471436));
#7614 = VECTOR('',#7615,1.);
#7615 = DIRECTION('',(-0.509638176449,-0.521643787201,-0.684219766143));
#7616 = PLANE('',#7617);
#7617 = AXIS2_PLACEMENT_3D('',#7618,#7619,#7620);
#7618 = CARTESIAN_POINT('',(27.900747359646,88.031660821295,
    15.780874388895));
#7619 = DIRECTION('',(0.647295145309,0.291437440371,-0.704324650434));
#7620 = DIRECTION('',(-0.736286947549,-1.109879313129E-17,
    -0.676669439881));
#7621 = ADVANCED_FACE('',(#7622),#7632,.T.);
#7622 = FACE_BOUND('',#7623,.T.);
#7623 = EDGE_LOOP('',(#7624,#7625,#7626));
#7624 = ORIENTED_EDGE('',*,*,#6416,.F.);
#7625 = ORIENTED_EDGE('',*,*,#7602,.F.);
#7626 = ORIENTED_EDGE('',*,*,#7627,.T.);
#7627 = EDGE_CURVE('',#7603,#1996,#7628,.T.);
#7628 = LINE('',#7629,#7630);
#7629 = CARTESIAN_POINT('',(24.517234802246,102.29013824462,
    18.571239471436));
#7630 = VECTOR('',#7631,1.);
#7631 = DIRECTION('',(0.238806287948,-0.955217396447,-0.174732030154));
#7632 = PLANE('',#7633);
#7633 = AXIS2_PLACEMENT_3D('',#7634,#7635,#7636);
#7634 = CARTESIAN_POINT('',(28.081838648639,87.680572026334,
    15.810230305154));
#7635 = DIRECTION('',(0.67898072383,0.29289112017,-0.673201283713));
#7636 = DIRECTION('',(0.704078063611,8.947072160064E-18,0.710122581208)
  );
#7637 = ADVANCED_FACE('',(#7638),#7648,.T.);
#7638 = FACE_BOUND('',#7639,.T.);
#7639 = EDGE_LOOP('',(#7640,#7646,#7647));
#7640 = ORIENTED_EDGE('',*,*,#7641,.T.);
#7641 = EDGE_CURVE('',#7252,#6433,#7642,.T.);
#7642 = LINE('',#7643,#7644);
#7643 = CARTESIAN_POINT('',(23.347745895386,92.846611022949,
    16.029552459717));
#7644 = VECTOR('',#7645,1.);
#7645 = DIRECTION('',(9.07166445237E-02,0.977579636842,0.190022482983));
#7646 = ORIENTED_EDGE('',*,*,#6441,.F.);
#7647 = ORIENTED_EDGE('',*,*,#7259,.T.);
#7648 = PLANE('',#7649);
#7649 = AXIS2_PLACEMENT_3D('',#7650,#7651,#7652);
#7650 = CARTESIAN_POINT('',(25.237764322758,87.295226314769,
    14.950473345179));
#7651 = DIRECTION('',(8.9231766873E-07,0.190809158418,-0.981627151755));
#7652 = DIRECTION('',(-2.7823531811E-23,-0.981627151756,-0.190809158418)
  );
#7653 = ADVANCED_FACE('',(#7654),#7671,.T.);
#7654 = FACE_BOUND('',#7655,.T.);
#7655 = EDGE_LOOP('',(#7656,#7664,#7670));
#7656 = ORIENTED_EDGE('',*,*,#7657,.F.);
#7657 = EDGE_CURVE('',#7658,#6433,#7660,.T.);
#7658 = VERTEX_POINT('',#7659);
#7659 = CARTESIAN_POINT('',(23.897657394409,97.458793640137,
    16.929681777954));
#7660 = LINE('',#7661,#7662);
#7661 = CARTESIAN_POINT('',(23.897657394409,97.458793640137,
    16.929681777954));
#7662 = VECTOR('',#7663,1.);
#7663 = DIRECTION('',(-0.833671152636,-0.537304883853,-0.12765528211));
#7664 = ORIENTED_EDGE('',*,*,#7665,.F.);
#7665 = EDGE_CURVE('',#4973,#7658,#7666,.T.);
#7666 = LINE('',#7667,#7668);
#7667 = CARTESIAN_POINT('',(28.676809310913,77.25072479248,13.));
#7668 = VECTOR('',#7669,1.);
#7669 = DIRECTION('',(-0.226134997172,0.956184626804,0.185940642455));
#7670 = ORIENTED_EDGE('',*,*,#6455,.F.);
#7671 = PLANE('',#7672);
#7672 = AXIS2_PLACEMENT_3D('',#7673,#7674,#7675);
#7673 = CARTESIAN_POINT('',(26.245966057143,87.370907869376,
    14.967078026845));
#7674 = DIRECTION('',(2.364151218487E-02,0.196216539233,-0.980275547299)
  );
#7675 = DIRECTION('',(1.039558871309E-19,-0.980549610532,-0.196271397011
    ));
#7676 = ADVANCED_FACE('',(#7677),#7687,.T.);
#7677 = FACE_BOUND('',#7678,.T.);
#7678 = EDGE_LOOP('',(#7679,#7685,#7686));
#7679 = ORIENTED_EDGE('',*,*,#7680,.F.);
#7680 = EDGE_CURVE('',#6472,#7658,#7681,.T.);
#7681 = LINE('',#7682,#7683);
#7682 = CARTESIAN_POINT('',(24.215154647827,97.663429260254,
    17.021577835083));
#7683 = VECTOR('',#7684,1.);
#7684 = DIRECTION('',(-0.816717067524,-0.526396375949,-0.236389693099));
#7685 = ORIENTED_EDGE('',*,*,#6471,.F.);
#7686 = ORIENTED_EDGE('',*,*,#7665,.T.);
#7687 = PLANE('',#7688);
#7688 = AXIS2_PLACEMENT_3D('',#7689,#7690,#7691);
#7689 = CARTESIAN_POINT('',(26.345891915893,87.498326916707,
    15.005946956872));
#7690 = DIRECTION('',(0.137512015285,0.220309952371,-0.965688340273));
#7691 = DIRECTION('',(6.57644565905E-19,-0.974950271562,-0.222422948414)
  );
#7692 = ADVANCED_FACE('',(#7693),#7703,.T.);
#7693 = FACE_BOUND('',#7694,.T.);
#7694 = EDGE_LOOP('',(#7695,#7701,#7702));
#7695 = ORIENTED_EDGE('',*,*,#7696,.F.);
#7696 = EDGE_CURVE('',#6543,#6472,#7697,.T.);
#7697 = LINE('',#7698,#7699);
#7698 = CARTESIAN_POINT('',(24.385425567627,97.773170471191,
    17.070859909058));
#7699 = VECTOR('',#7700,1.);
#7700 = DIRECTION('',(-0.816724200859,-0.526386437036,-0.236387179507));
#7701 = ORIENTED_EDGE('',*,*,#6551,.F.);
#7702 = ORIENTED_EDGE('',*,*,#6527,.T.);
#7703 = PLANE('',#7704);
#7704 = AXIS2_PLACEMENT_3D('',#7705,#7706,#7707);
#7705 = CARTESIAN_POINT('',(26.764024040248,87.381043774334,
    15.032786779177));
#7706 = DIRECTION('',(0.137191783723,0.220777046502,-0.965627210789));
#7707 = DIRECTION('',(-1.368598186716E-17,-0.974844852355,
    -0.222884530279));
#7708 = ADVANCED_FACE('',(#7709),#7719,.T.);
#7709 = FACE_BOUND('',#7710,.T.);
#7710 = EDGE_LOOP('',(#7711,#7712,#7713));
#7711 = ORIENTED_EDGE('',*,*,#6582,.T.);
#7712 = ORIENTED_EDGE('',*,*,#6567,.F.);
#7713 = ORIENTED_EDGE('',*,*,#7714,.F.);
#7714 = EDGE_CURVE('',#6583,#6543,#7715,.T.);
#7715 = LINE('',#7716,#7717);
#7716 = CARTESIAN_POINT('',(23.796895980835,101.49501037597,
    17.901081085205));
#7717 = VECTOR('',#7718,1.);
#7718 = DIRECTION('',(0.152529592172,-0.964591645938,-0.215168957097));
#7719 = PLANE('',#7720);
#7720 = AXIS2_PLACEMENT_3D('',#7721,#7722,#7723);
#7721 = CARTESIAN_POINT('',(26.724686490427,88.910394558984,
    15.422515389159));
#7722 = DIRECTION('',(0.319865859595,0.25418052575,-0.91273111714));
#7723 = DIRECTION('',(-0.943726110059,1.306721388815E-18,-0.330728029041
    ));
#7724 = ADVANCED_FACE('',(#7725),#7742,.T.);
#7725 = FACE_BOUND('',#7726,.T.);
#7726 = EDGE_LOOP('',(#7727,#7735,#7736));
#7727 = ORIENTED_EDGE('',*,*,#7728,.T.);
#7728 = EDGE_CURVE('',#7729,#5029,#7731,.T.);
#7729 = VERTEX_POINT('',#7730);
#7730 = CARTESIAN_POINT('',(23.809213638306,101.50925445556,
    17.909236907959));
#7731 = LINE('',#7732,#7733);
#7732 = CARTESIAN_POINT('',(23.809213638306,101.50925445556,
    17.909236907959));
#7733 = VECTOR('',#7734,1.);
#7734 = DIRECTION('',(0.237636635127,-0.954167012128,-0.181917955719));
#7735 = ORIENTED_EDGE('',*,*,#6590,.F.);
#7736 = ORIENTED_EDGE('',*,*,#7737,.F.);
#7737 = EDGE_CURVE('',#7729,#6583,#7738,.T.);
#7738 = LINE('',#7739,#7740);
#7739 = CARTESIAN_POINT('',(23.809213638306,101.50925445556,
    17.909236907959));
#7740 = VECTOR('',#7741,1.);
#7741 = DIRECTION('',(-0.600228998391,-0.694101913903,-0.397426323494));
#7742 = PLANE('',#7743);
#7743 = AXIS2_PLACEMENT_3D('',#7744,#7745,#7746);
#7744 = CARTESIAN_POINT('',(27.01134519957,88.63601462684,
    15.453512348666));
#7745 = DIRECTION('',(0.313833535904,0.25265782095,-0.915244523204));
#7746 = DIRECTION('',(-0.945934716388,-4.156016255308E-18,
    -0.324357075353));
#7747 = ADVANCED_FACE('',(#7748),#7765,.T.);
#7748 = FACE_BOUND('',#7749,.T.);
#7749 = EDGE_LOOP('',(#7750,#7758,#7764));
#7750 = ORIENTED_EDGE('',*,*,#7751,.T.);
#7751 = EDGE_CURVE('',#5029,#7752,#7754,.T.);
#7752 = VERTEX_POINT('',#7753);
#7753 = CARTESIAN_POINT('',(24.011810302734,101.74344635009,
    18.043355941772));
#7754 = LINE('',#7755,#7756);
#7755 = CARTESIAN_POINT('',(30.222074508667,75.760108947754,13.));
#7756 = VECTOR('',#7757,1.);
#7757 = DIRECTION('',(-0.228427144238,0.955724163058,0.185505697818));
#7758 = ORIENTED_EDGE('',*,*,#7759,.F.);
#7759 = EDGE_CURVE('',#6371,#7752,#7760,.T.);
#7760 = LINE('',#7761,#7762);
#7761 = CARTESIAN_POINT('',(24.162927627563,101.90896606445,
    18.190567016602));
#7762 = VECTOR('',#7763,1.);
#7763 = DIRECTION('',(-0.563555585186,-0.617265820374,-0.548988168729));
#7764 = ORIENTED_EDGE('',*,*,#6604,.T.);
#7765 = PLANE('',#7766);
#7766 = AXIS2_PLACEMENT_3D('',#7767,#7768,#7769);
#7767 = CARTESIAN_POINT('',(27.139815547091,88.857052964417,
    15.571103355563));
#7768 = DIRECTION('',(0.49632366243,0.278242076503,-0.822340664795));
#7769 = DIRECTION('',(-0.856149154005,8.974735325404E-18,-0.516728774209
    ));
#7770 = ADVANCED_FACE('',(#7771),#7781,.T.);
#7771 = FACE_BOUND('',#7772,.T.);
#7772 = EDGE_LOOP('',(#7773,#7774,#7775));
#7773 = ORIENTED_EDGE('',*,*,#6621,.T.);
#7774 = ORIENTED_EDGE('',*,*,#7627,.F.);
#7775 = ORIENTED_EDGE('',*,*,#7776,.F.);
#7776 = EDGE_CURVE('',#6622,#7603,#7777,.T.);
#7777 = LINE('',#7778,#7779);
#7778 = CARTESIAN_POINT('',(24.748340606689,102.52672576904,
    18.881488800049));
#7779 = VECTOR('',#7780,1.);
#7780 = DIRECTION('',(-0.509634665612,-0.521722957947,-0.684162014992));
#7781 = PLANE('',#7782);
#7782 = AXIS2_PLACEMENT_3D('',#7783,#7784,#7785);
#7783 = CARTESIAN_POINT('',(28.190258259324,87.891619478222,
    16.004887127408));
#7784 = DIRECTION('',(0.647726754872,0.290750145844,-0.704211902565));
#7785 = DIRECTION('',(-0.73600818192,-3.041547270923E-17,-0.676972640619
    ));
#7786 = ADVANCED_FACE('',(#7787),#7804,.T.);
#7787 = FACE_BOUND('',#7788,.T.);
#7788 = EDGE_LOOP('',(#7789,#7790,#7798));
#7789 = ORIENTED_EDGE('',*,*,#6629,.T.);
#7790 = ORIENTED_EDGE('',*,*,#7791,.F.);
#7791 = EDGE_CURVE('',#7792,#6622,#7794,.T.);
#7792 = VERTEX_POINT('',#7793);
#7793 = CARTESIAN_POINT('',(16.814510345459,102.59152221679,
    18.990045547485));
#7794 = LINE('',#7795,#7796);
#7795 = CARTESIAN_POINT('',(16.814510345459,102.59152221679,
    18.990045547485));
#7796 = VECTOR('',#7797,1.);
#7797 = DIRECTION('',(0.999873064297,-8.166071196135E-03,
    -1.368102973413E-02));
#7798 = ORIENTED_EDGE('',*,*,#7799,.T.);
#7799 = EDGE_CURVE('',#7792,#5067,#7800,.T.);
#7800 = LINE('',#7801,#7802);
#7801 = CARTESIAN_POINT('',(16.814510345459,102.59152221679,
    18.990045547485));
#7802 = VECTOR('',#7803,1.);
#7803 = DIRECTION('',(0.999986287847,-3.245676831347E-03,
    -4.109707953633E-03));
#7804 = PLANE('',#7805);
#7805 = AXIS2_PLACEMENT_3D('',#7806,#7807,#7808);
#7806 = CARTESIAN_POINT('',(20.815466539429,102.56874192738,
    18.954550844111));
#7807 = DIRECTION('',(1.00758205066E-03,0.889358063968,-0.457210256702)
  );
#7808 = DIRECTION('',(-4.861811770829E-20,0.457210488787,0.889358515416)
  );
#7809 = ADVANCED_FACE('',(#7810),#7820,.T.);
#7810 = FACE_BOUND('',#7811,.T.);
#7811 = EDGE_LOOP('',(#7812,#7813,#7814));
#7812 = ORIENTED_EDGE('',*,*,#6675,.F.);
#7813 = ORIENTED_EDGE('',*,*,#6643,.F.);
#7814 = ORIENTED_EDGE('',*,*,#7815,.F.);
#7815 = EDGE_CURVE('',#6667,#6644,#7816,.T.);
#7816 = LINE('',#7817,#7818);
#7817 = CARTESIAN_POINT('',(24.997396469116,102.75882720947,
    19.333452224731));
#7818 = VECTOR('',#7819,1.);
#7819 = DIRECTION('',(-0.44015297305,-0.410204309283,-0.79874763534));
#7820 = PLANE('',#7821);
#7821 = AXIS2_PLACEMENT_3D('',#7822,#7823,#7824);
#7822 = CARTESIAN_POINT('',(28.327439811826,88.628692508376,
    16.548515291442));
#7823 = DIRECTION('',(0.765639586949,0.29327795784,-0.57252428974));
#7824 = DIRECTION('',(0.598857730849,1.539352692996E-17,0.800855429027)
  );
#7825 = ADVANCED_FACE('',(#7826),#7836,.T.);
#7826 = FACE_BOUND('',#7827,.T.);
#7827 = EDGE_LOOP('',(#7828,#7829,#7835));
#7828 = ORIENTED_EDGE('',*,*,#7799,.F.);
#7829 = ORIENTED_EDGE('',*,*,#7830,.F.);
#7830 = EDGE_CURVE('',#6644,#7792,#7831,.T.);
#7831 = LINE('',#7832,#7833);
#7832 = CARTESIAN_POINT('',(24.8101978302,102.58436584472,
    18.993741989136));
#7833 = VECTOR('',#7834,1.);
#7834 = DIRECTION('',(-0.999999492599,8.950285329212E-04,
    -4.623041835824E-04));
#7835 = ORIENTED_EDGE('',*,*,#6652,.T.);
#7836 = PLANE('',#7837);
#7837 = AXIS2_PLACEMENT_3D('',#7838,#7839,#7840);
#7838 = CARTESIAN_POINT('',(20.818718776725,102.58324378423,
    18.982765866805));
#7839 = DIRECTION('',(1.00737164753E-03,0.889339344276,-0.457246668578)
  );
#7840 = DIRECTION('',(3.039735981076E-20,0.457246900584,0.889339795526)
  );
#7841 = ADVANCED_FACE('',(#7842),#7859,.T.);
#7842 = FACE_BOUND('',#7843,.T.);
#7843 = EDGE_LOOP('',(#7844,#7852,#7858));
#7844 = ORIENTED_EDGE('',*,*,#7845,.T.);
#7845 = EDGE_CURVE('',#6667,#7846,#7848,.T.);
#7846 = VERTEX_POINT('',#7847);
#7847 = CARTESIAN_POINT('',(16.814510345459,102.80720520019,
    19.459259033203));
#7848 = LINE('',#7849,#7850);
#7849 = CARTESIAN_POINT('',(24.997396469116,102.75882720947,
    19.333452224731));
#7850 = VECTOR('',#7851,1.);
#7851 = DIRECTION('',(-0.999864365379,5.911291964867E-03,
    1.537229564385E-02));
#7852 = ORIENTED_EDGE('',*,*,#7853,.F.);
#7853 = EDGE_CURVE('',#5106,#7846,#7854,.T.);
#7854 = LINE('',#7855,#7856);
#7855 = CARTESIAN_POINT('',(25.030044555664,102.78496551513,
    19.414722442627));
#7856 = VECTOR('',#7857,1.);
#7857 = DIRECTION('',(-0.999981642765,2.706978783174E-03,
    5.420922348809E-03));
#7858 = ORIENTED_EDGE('',*,*,#6666,.T.);
#7859 = PLANE('',#7860);
#7860 = AXIS2_PLACEMENT_3D('',#7861,#7862,#7863);
#7861 = CARTESIAN_POINT('',(20.936852718035,102.78946549028,
    19.416476197837));
#7862 = DIRECTION('',(9.151383191354E-04,0.951867236754,-0.306509259431)
  );
#7863 = DIRECTION('',(-5.97686313062E-21,0.306509387778,0.951867635338)
  );
#7864 = ADVANCED_FACE('',(#7865),#7875,.T.);
#7865 = FACE_BOUND('',#7866,.T.);
#7866 = EDGE_LOOP('',(#7867,#7873,#7874));
#7867 = ORIENTED_EDGE('',*,*,#7868,.T.);
#7868 = EDGE_CURVE('',#7846,#6690,#7869,.T.);
#7869 = LINE('',#7870,#7871);
#7870 = CARTESIAN_POINT('',(16.814510345459,102.80720520019,
    19.459259033203));
#7871 = VECTOR('',#7872,1.);
#7872 = DIRECTION('',(0.999999581936,-8.700130130819E-04,
    2.814339219634E-04));
#7873 = ORIENTED_EDGE('',*,*,#6698,.T.);
#7874 = ORIENTED_EDGE('',*,*,#7853,.T.);
#7875 = PLANE('',#7876);
#7876 = AXIS2_PLACEMENT_3D('',#7877,#7878,#7879);
#7877 = CARTESIAN_POINT('',(20.940120576496,102.799835071,19.44868379553
    ));
#7878 = DIRECTION('',(9.143995122041E-04,0.951829424491,-0.306626663137)
  );
#7879 = DIRECTION('',(-2.474400473874E-20,0.306626791327,0.951829822416)
  );
#7880 = ADVANCED_FACE('',(#7881),#7886,.T.);
#7881 = FACE_BOUND('',#7882,.T.);
#7882 = EDGE_LOOP('',(#7883,#7884,#7885));
#7883 = ORIENTED_EDGE('',*,*,#6815,.F.);
#7884 = ORIENTED_EDGE('',*,*,#6831,.T.);
#7885 = ORIENTED_EDGE('',*,*,#6846,.T.);
#7886 = PLANE('',#7887);
#7887 = AXIS2_PLACEMENT_3D('',#7888,#7889,#7890);
#7888 = CARTESIAN_POINT('',(29.19772093411,57.650174598892,
    2.765110284276E-02));
#7889 = DIRECTION('',(9.43071252961E-02,6.040374345755E-04,
    -0.995542968062));
#7890 = DIRECTION('',(-0.995543149679,1.217239444752E-20,
    -9.430714250061E-02));
#7891 = ADVANCED_FACE('',(#7892),#7909,.T.);
#7892 = FACE_BOUND('',#7893,.T.);
#7893 = EDGE_LOOP('',(#7894,#7902,#7908));
#7894 = ORIENTED_EDGE('',*,*,#7895,.F.);
#7895 = EDGE_CURVE('',#7896,#3710,#7898,.T.);
#7896 = VERTEX_POINT('',#7897);
#7897 = CARTESIAN_POINT('',(25.226564407349,102.9314880371,
    19.959758758545));
#7898 = LINE('',#7899,#7900);
#7899 = CARTESIAN_POINT('',(25.226564407349,102.9314880371,
    19.959758758545));
#7900 = VECTOR('',#7901,1.);
#7901 = DIRECTION('',(-0.2632530964,-0.153212021068,-0.952483009736));
#7902 = ORIENTED_EDGE('',*,*,#7903,.T.);
#7903 = EDGE_CURVE('',#7896,#5686,#7904,.T.);
#7904 = LINE('',#7905,#7906);
#7905 = CARTESIAN_POINT('',(25.226564407349,102.9314880371,
    19.959758758545));
#7906 = VECTOR('',#7907,1.);
#7907 = DIRECTION('',(0.232412134631,-0.957551663977,-0.170526861495));
#7908 = ORIENTED_EDGE('',*,*,#6922,.T.);
#7909 = PLANE('',#7910);
#7910 = AXIS2_PLACEMENT_3D('',#7911,#7912,#7913);
#7911 = CARTESIAN_POINT('',(28.484204402892,89.491374782674,
    17.552471965232));
#7912 = DIRECTION('',(0.914481392072,0.27484283783,-0.296959926669));
#7913 = DIRECTION('',(0.308854158181,2.107861067418E-18,0.951109409571)
  );
#7914 = ADVANCED_FACE('',(#7915),#7930,.T.);
#7915 = FACE_BOUND('',#7916,.T.);
#7916 = EDGE_LOOP('',(#7917,#7918,#7924));
#7917 = ORIENTED_EDGE('',*,*,#6938,.T.);
#7918 = ORIENTED_EDGE('',*,*,#7919,.F.);
#7919 = EDGE_CURVE('',#7846,#5663,#7920,.T.);
#7920 = LINE('',#7921,#7922);
#7921 = CARTESIAN_POINT('',(16.814510345459,102.80720520019,
    19.459259033203));
#7922 = VECTOR('',#7923,1.);
#7923 = DIRECTION('',(0.999196886425,1.141133189347E-02,
    3.841046293317E-02));
#7924 = ORIENTED_EDGE('',*,*,#7925,.F.);
#7925 = EDGE_CURVE('',#6939,#7846,#7926,.T.);
#7926 = LINE('',#7927,#7928);
#7927 = CARTESIAN_POINT('',(16.814510345459,102.93923187255,
    19.958511352539));
#7928 = VECTOR('',#7929,1.);
#7929 = DIRECTION('',(0.,-0.255660280906,-0.966766683728));
#7930 = PLANE('',#7931);
#7931 = AXIS2_PLACEMENT_3D('',#7932,#7933,#7934);
#7932 = CARTESIAN_POINT('',(20.870621601528,102.88751371865,
    19.743696548433));
#7933 = DIRECTION('',(-1.213039064741E-03,0.966765972447,-0.255660092808
    ));
#7934 = DIRECTION('',(5.079257666655E-20,0.255660280906,0.966766683728)
  );
#7935 = ADVANCED_FACE('',(#7936),#7946,.T.);
#7936 = FACE_BOUND('',#7937,.T.);
#7937 = EDGE_LOOP('',(#7938,#7939,#7945));
#7938 = ORIENTED_EDGE('',*,*,#6946,.F.);
#7939 = ORIENTED_EDGE('',*,*,#7940,.F.);
#7940 = EDGE_CURVE('',#7896,#6939,#7941,.T.);
#7941 = LINE('',#7942,#7943);
#7942 = CARTESIAN_POINT('',(25.226564407349,102.9314880371,
    19.959758758545));
#7943 = VECTOR('',#7944,1.);
#7944 = DIRECTION('',(-0.999999565286,9.205637559977E-04,
    -1.482878562617E-04));
#7945 = ORIENTED_EDGE('',*,*,#7895,.T.);
#7946 = PLANE('',#7947);
#7947 = AXIS2_PLACEMENT_3D('',#7948,#7949,#7950);
#7948 = CARTESIAN_POINT('',(21.03145772272,102.93305913484,
    19.944918588861));
#7949 = DIRECTION('',(9.32430649587E-04,0.987267667027,-0.159065031404)
  );
#7950 = DIRECTION('',(-2.46755763342E-21,0.159065100552,0.987268096206)
  );
#7951 = ADVANCED_FACE('',(#7952),#7957,.T.);
#7952 = FACE_BOUND('',#7953,.T.);
#7953 = EDGE_LOOP('',(#7954,#7955,#7956));
#7954 = ORIENTED_EDGE('',*,*,#6962,.T.);
#7955 = ORIENTED_EDGE('',*,*,#7868,.F.);
#7956 = ORIENTED_EDGE('',*,*,#7919,.T.);
#7957 = PLANE('',#7958);
#7958 = AXIS2_PLACEMENT_3D('',#7959,#7960,#7961);
#7959 = CARTESIAN_POINT('',(21.051797318602,102.82996189645,
    19.542553027922));
#7960 = DIRECTION('',(9.143994451875E-04,0.951847529384,-0.306570456306)
  );
#7961 = DIRECTION('',(-1.94431318012E-20,0.306570584472,0.951847927316)
  );
#7962 = ADVANCED_FACE('',(#7963),#7973,.T.);
#7963 = FACE_BOUND('',#7964,.T.);
#7964 = EDGE_LOOP('',(#7965,#7966,#7967));
#7965 = ORIENTED_EDGE('',*,*,#6999,.F.);
#7966 = ORIENTED_EDGE('',*,*,#6976,.F.);
#7967 = ORIENTED_EDGE('',*,*,#7968,.T.);
#7968 = EDGE_CURVE('',#6977,#7000,#7969,.T.);
#7969 = LINE('',#7970,#7971);
#7970 = CARTESIAN_POINT('',(31.794160842896,75.60888671875,
    27.206764221191));
#7971 = VECTOR('',#7972,1.);
#7972 = DIRECTION('',(-0.225360820209,0.954402846456,-0.195774634189));
#7973 = PLANE('',#7974);
#7974 = AXIS2_PLACEMENT_3D('',#7975,#7976,#7977);
#7975 = CARTESIAN_POINT('',(28.583825548459,89.143992985514,
    24.475250121546));
#7976 = DIRECTION('',(0.915684632388,0.276120948837,0.292025470844));
#7977 = DIRECTION('',(-0.303837804714,7.858486665908E-18,0.952723773413)
  );
#7978 = ADVANCED_FACE('',(#7979),#7996,.T.);
#7979 = FACE_BOUND('',#7980,.T.);
#7980 = EDGE_LOOP('',(#7981,#7989,#7990));
#7981 = ORIENTED_EDGE('',*,*,#7982,.T.);
#7982 = EDGE_CURVE('',#7983,#6977,#7985,.T.);
#7983 = VERTEX_POINT('',#7984);
#7984 = CARTESIAN_POINT('',(31.755916595459,76.027519226074,
    26.831060409546));
#7985 = LINE('',#7986,#7987);
#7986 = CARTESIAN_POINT('',(31.755916595459,76.027519226074,
    26.831060409546));
#7987 = VECTOR('',#7988,1.);
#7988 = DIRECTION('',(6.783314096257E-02,-0.742521026933,0.666379163502)
  );
#7989 = ORIENTED_EDGE('',*,*,#6985,.F.);
#7990 = ORIENTED_EDGE('',*,*,#7991,.F.);
#7991 = EDGE_CURVE('',#7983,#5686,#7992,.T.);
#7992 = LINE('',#7993,#7994);
#7993 = CARTESIAN_POINT('',(31.755916595459,76.027519226074,
    26.831060409546));
#7994 = VECTOR('',#7995,1.);
#7995 = DIRECTION('',(5.903958126812E-05,-1.570027645911E-05,
    -0.999999998134));
#7996 = PLANE('',#7997);
#7997 = AXIS2_PLACEMENT_3D('',#7998,#7999,#8000);
#7998 = CARTESIAN_POINT('',(31.7661869069,75.918689034885,
    21.232820051698));
#7999 = DIRECTION('',(0.995848387547,9.102738999967E-02,
    5.736531672599E-05));
#8000 = DIRECTION('',(-9.102739014945E-02,0.995848389185,
    8.824226851251E-22));
#8001 = ADVANCED_FACE('',(#8002),#8019,.T.);
#8002 = FACE_BOUND('',#8003,.T.);
#8003 = EDGE_LOOP('',(#8004,#8012,#8018));
#8004 = ORIENTED_EDGE('',*,*,#8005,.T.);
#8005 = EDGE_CURVE('',#7000,#8006,#8008,.T.);
#8006 = VERTEX_POINT('',#8007);
#8007 = CARTESIAN_POINT('',(16.814510345459,102.98368072509,
    21.526992797852));
#8008 = LINE('',#8009,#8010);
#8009 = CARTESIAN_POINT('',(25.331321716309,102.97900390625,
    21.592390060425));
#8010 = VECTOR('',#8011,1.);
#8011 = DIRECTION('',(-0.99997037003,5.491116416715E-04,
    -7.678381263454E-03));
#8012 = ORIENTED_EDGE('',*,*,#8013,.F.);
#8013 = EDGE_CURVE('',#5710,#8006,#8014,.T.);
#8014 = LINE('',#8015,#8016);
#8015 = CARTESIAN_POINT('',(25.256578445435,102.95319366455,
    21.953586578369));
#8016 = VECTOR('',#8017,1.);
#8017 = DIRECTION('',(-0.99871920732,3.606700702047E-03,
    -5.046718378493E-02));
#8018 = ORIENTED_EDGE('',*,*,#7007,.T.);
#8019 = PLANE('',#8020);
#8020 = AXIS2_PLACEMENT_3D('',#8021,#8022,#8023);
#8021 = CARTESIAN_POINT('',(21.144706866451,102.97472617624,
    21.652279183791));
#8022 = DIRECTION('',(4.310569549E-07,0.997456634316,7.127596130025E-02)
  );
#8023 = DIRECTION('',(9.185717260588E-24,-7.127596130026E-02,
    0.997456634316));
#8024 = ADVANCED_FACE('',(#8025),#8035,.T.);
#8025 = FACE_BOUND('',#8026,.T.);
#8026 = EDGE_LOOP('',(#8027,#8033,#8034));
#8027 = ORIENTED_EDGE('',*,*,#8028,.F.);
#8028 = EDGE_CURVE('',#7023,#8006,#8029,.T.);
#8029 = LINE('',#8030,#8031);
#8030 = CARTESIAN_POINT('',(16.814510345459,102.93923187255,
    22.041488647461));
#8031 = VECTOR('',#8032,1.);
#8032 = DIRECTION('',(0.,8.607240995584E-02,-0.996288883931));
#8033 = ORIENTED_EDGE('',*,*,#7022,.F.);
#8034 = ORIENTED_EDGE('',*,*,#8013,.T.);
#8035 = PLANE('',#8036);
#8036 = AXIS2_PLACEMENT_3D('',#8037,#8038,#8039);
#8037 = CARTESIAN_POINT('',(20.91035409641,102.95745412107,
    21.866325852717));
#8038 = DIRECTION('',(-7.514785913008E-04,0.996288602619,
    8.607238565242E-02));
#8039 = DIRECTION('',(-3.195531159294E-22,-8.607240995584E-02,
    0.996288883931));
#8040 = ADVANCED_FACE('',(#8041),#8051,.T.);
#8041 = FACE_BOUND('',#8042,.T.);
#8042 = EDGE_LOOP('',(#8043,#8044,#8045));
#8043 = ORIENTED_EDGE('',*,*,#7078,.T.);
#8044 = ORIENTED_EDGE('',*,*,#7063,.F.);
#8045 = ORIENTED_EDGE('',*,*,#8046,.F.);
#8046 = EDGE_CURVE('',#7079,#7023,#8047,.T.);
#8047 = LINE('',#8048,#8049);
#8048 = CARTESIAN_POINT('',(16.814510345459,102.80720520019,
    22.540740966797));
#8049 = VECTOR('',#8050,1.);
#8050 = DIRECTION('',(0.,0.255660280906,-0.966766683728));
#8051 = PLANE('',#8052);
#8052 = AXIS2_PLACEMENT_3D('',#8053,#8054,#8055);
#8053 = CARTESIAN_POINT('',(20.839143007587,102.86473471087,
    22.34091235469));
#8054 = DIRECTION('',(-1.125412593688E-03,0.966766071497,0.255660119002)
  );
#8055 = DIRECTION('',(-1.142608225026E-21,-0.255660280906,0.966766683728
    ));
#8056 = ADVANCED_FACE('',(#8057),#8067,.T.);
#8057 = FACE_BOUND('',#8058,.T.);
#8058 = EDGE_LOOP('',(#8059,#8060,#8066));
#8059 = ORIENTED_EDGE('',*,*,#7117,.T.);
#8060 = ORIENTED_EDGE('',*,*,#8061,.F.);
#8061 = EDGE_CURVE('',#5810,#7079,#8062,.T.);
#8062 = LINE('',#8063,#8064);
#8063 = CARTESIAN_POINT('',(24.90832901001,102.67896270752,
    22.844358444214));
#8064 = VECTOR('',#8065,1.);
#8065 = DIRECTION('',(-0.999171920609,1.583137737837E-02,
    -3.748120270719E-02));
#8066 = ORIENTED_EDGE('',*,*,#7102,.T.);
#8067 = PLANE('',#8068);
#8068 = AXIS2_PLACEMENT_3D('',#8069,#8070,#8071);
#8069 = CARTESIAN_POINT('',(20.966105560636,102.7681383063,
    22.628477998341));
#8070 = DIRECTION('',(1.031220120527E-03,0.930754408218,0.365643498736)
  );
#8071 = DIRECTION('',(1.82803172861E-21,-0.365643693151,0.930754903108)
  );
#8072 = ADVANCED_FACE('',(#8073),#8083,.T.);
#8073 = FACE_BOUND('',#8074,.T.);
#8074 = EDGE_LOOP('',(#8075,#8081,#8082));
#8075 = ORIENTED_EDGE('',*,*,#8076,.F.);
#8076 = EDGE_CURVE('',#7133,#7079,#8077,.T.);
#8077 = LINE('',#8078,#8079);
#8078 = CARTESIAN_POINT('',(16.814510345459,102.59152221679,
    23.009956359863));
#8079 = VECTOR('',#8080,1.);
#8080 = DIRECTION('',(0.,0.417656110372,-0.90860518019));
#8081 = ORIENTED_EDGE('',*,*,#7132,.F.);
#8082 = ORIENTED_EDGE('',*,*,#8061,.T.);
#8083 = PLANE('',#8084);
#8084 = AXIS2_PLACEMENT_3D('',#8085,#8086,#8087);
#8085 = CARTESIAN_POINT('',(20.736374175556,102.68949304654,
    22.808755509017));
#8086 = DIRECTION('',(-1.270833164605E-03,0.908604446484,0.417655773111)
  );
#8087 = DIRECTION('',(-5.564565010835E-20,-0.417656110372,0.90860518019)
  );
#8088 = ADVANCED_FACE('',(#8089),#8099,.T.);
#8089 = FACE_BOUND('',#8090,.T.);
#8090 = EDGE_LOOP('',(#8091,#8092,#8098));
#8091 = ORIENTED_EDGE('',*,*,#7172,.T.);
#8092 = ORIENTED_EDGE('',*,*,#8093,.F.);
#8093 = EDGE_CURVE('',#7188,#7133,#8094,.T.);
#8094 = LINE('',#8095,#8096);
#8095 = CARTESIAN_POINT('',(24.517139434814,102.28976440429,
    23.427490234375));
#8096 = VECTOR('',#8097,1.);
#8097 = DIRECTION('',(-0.997770916358,3.908862358597E-02,
    -5.408583897121E-02));
#8098 = ORIENTED_EDGE('',*,*,#7187,.T.);
#8099 = PLANE('',#8100);
#8100 = AXIS2_PLACEMENT_3D('',#8101,#8102,#8103);
#8101 = CARTESIAN_POINT('',(20.745895441629,102.4687583744,
    23.187521595002));
#8102 = DIRECTION('',(-6.373877887351E-03,0.750961317733,0.660315434432)
  );
#8103 = DIRECTION('',(-1.470295406337E-19,-0.660328847934,0.750976572595
    ));
#8104 = ADVANCED_FACE('',(#8105),#8122,.T.);
#8105 = FACE_BOUND('',#8106,.T.);
#8106 = EDGE_LOOP('',(#8107,#8115,#8116));
#8107 = ORIENTED_EDGE('',*,*,#8108,.T.);
#8108 = EDGE_CURVE('',#8109,#5872,#8111,.T.);
#8109 = VERTEX_POINT('',#8110);
#8110 = CARTESIAN_POINT('',(16.814510345459,102.29856109619,
    23.43522644043));
#8111 = LINE('',#8112,#8113);
#8112 = CARTESIAN_POINT('',(16.814510345459,102.29856109619,
    23.43522644043));
#8113 = VECTOR('',#8114,1.);
#8114 = DIRECTION('',(0.999989688288,-3.978542554539E-03,
    2.18963846658E-03));
#8115 = ORIENTED_EDGE('',*,*,#7210,.T.);
#8116 = ORIENTED_EDGE('',*,*,#8117,.T.);
#8117 = EDGE_CURVE('',#7188,#8109,#8118,.T.);
#8118 = LINE('',#8119,#8120);
#8119 = CARTESIAN_POINT('',(24.517139434814,102.28976440429,
    23.427490234375));
#8120 = VECTOR('',#8121,1.);
#8121 = DIRECTION('',(-0.999998843508,1.142036260501E-03,
    1.004357994924E-03));
#8122 = PLANE('',#8123);
#8123 = AXIS2_PLACEMENT_3D('',#8124,#8125,#8126);
#8124 = CARTESIAN_POINT('',(20.670336622092,102.28870360951,
    23.437495130127));
#8125 = DIRECTION('',(1.520831164356E-03,0.747708636488,0.664025211866)
  );
#8126 = DIRECTION('',(-5.005564777312E-20,-0.664025979788,0.747709501188
    ));
#8127 = ADVANCED_FACE('',(#8128),#8145,.T.);
#8128 = FACE_BOUND('',#8129,.T.);
#8129 = EDGE_LOOP('',(#8130,#8138,#8144));
#8130 = ORIENTED_EDGE('',*,*,#8131,.T.);
#8131 = EDGE_CURVE('',#7227,#8132,#8134,.T.);
#8132 = VERTEX_POINT('',#8133);
#8133 = CARTESIAN_POINT('',(21.842351913452,96.134094238281,
    25.331424713135));
#8134 = LINE('',#8135,#8136);
#8135 = CARTESIAN_POINT('',(23.767988204956,97.375221252441,
    25.090175628662));
#8136 = VECTOR('',#8137,1.);
#8137 = DIRECTION('',(-0.835916925225,-0.538772083839,0.104726003449));
#8138 = ORIENTED_EDGE('',*,*,#8139,.F.);
#8139 = EDGE_CURVE('',#5895,#8132,#8140,.T.);
#8140 = LINE('',#8141,#8142);
#8141 = CARTESIAN_POINT('',(23.347745895386,92.846611022949,
    25.970447540283));
#8142 = VECTOR('',#8143,1.);
#8143 = DIRECTION('',(-0.40998813554,0.895333135543,-0.174035355936));
#8144 = ORIENTED_EDGE('',*,*,#7234,.T.);
#8145 = PLANE('',#8146);
#8146 = AXIS2_PLACEMENT_3D('',#8147,#8148,#8149);
#8147 = CARTESIAN_POINT('',(23.061142194867,95.253072022916,
    25.502678918735));
#8148 = DIRECTION('',(-7.3961576745E-07,0.190808905956,0.981627200829));
#8149 = DIRECTION('',(-1.005428207134E-23,0.981627200829,-0.190808905956
    ));
#8150 = ADVANCED_FACE('',(#8151),#8176,.T.);
#8151 = FACE_BOUND('',#8152,.T.);
#8152 = EDGE_LOOP('',(#8153,#8161,#8169,#8175));
#8153 = ORIENTED_EDGE('',*,*,#8154,.F.);
#8154 = EDGE_CURVE('',#8155,#5895,#8157,.T.);
#8155 = VERTEX_POINT('',#8156);
#8156 = CARTESIAN_POINT('',(16.814510345459,92.846611022949,
    25.970447540283));
#8157 = LINE('',#8158,#8159);
#8158 = CARTESIAN_POINT('',(16.814510345459,92.846611022949,
    25.970447540283));
#8159 = VECTOR('',#8160,1.);
#8160 = DIRECTION('',(1.,0.,0.));
#8161 = ORIENTED_EDGE('',*,*,#8162,.T.);
#8162 = EDGE_CURVE('',#8155,#8163,#8165,.T.);
#8163 = VERTEX_POINT('',#8164);
#8164 = CARTESIAN_POINT('',(16.814510345459,92.846611022949,
    16.029552459717));
#8165 = LINE('',#8166,#8167);
#8166 = CARTESIAN_POINT('',(16.814510345459,92.846611022949,
    25.970447540283));
#8167 = VECTOR('',#8168,1.);
#8168 = DIRECTION('',(0.,0.,-1.));
#8169 = ORIENTED_EDGE('',*,*,#8170,.F.);
#8170 = EDGE_CURVE('',#7252,#8163,#8171,.T.);
#8171 = LINE('',#8172,#8173);
#8172 = CARTESIAN_POINT('',(23.347745895386,92.846611022949,
    16.029552459717));
#8173 = VECTOR('',#8174,1.);
#8174 = DIRECTION('',(-1.,0.,0.));
#8175 = ORIENTED_EDGE('',*,*,#7251,.F.);
#8176 = PLANE('',#8177);
#8177 = AXIS2_PLACEMENT_3D('',#8178,#8179,#8180);
#8178 = CARTESIAN_POINT('',(20.081128120422,92.846611022949,21.));
#8179 = DIRECTION('',(-0.,-1.,-0.));
#8180 = DIRECTION('',(0.,0.,-1.));
#8181 = ADVANCED_FACE('',(#8182),#8192,.T.);
#8182 = FACE_BOUND('',#8183,.T.);
#8183 = EDGE_LOOP('',(#8184,#8185,#8191));
#8184 = ORIENTED_EDGE('',*,*,#8108,.F.);
#8185 = ORIENTED_EDGE('',*,*,#8186,.F.);
#8186 = EDGE_CURVE('',#7327,#8109,#8187,.T.);
#8187 = LINE('',#8188,#8189);
#8188 = CARTESIAN_POINT('',(24.269514083862,102.02886199951,
    23.721811294556));
#8189 = VECTOR('',#8190,1.);
#8190 = DIRECTION('',(-0.998609628581,3.61266237033E-02,
    -3.838849781678E-02));
#8191 = ORIENTED_EDGE('',*,*,#7335,.T.);
#8192 = PLANE('',#8193);
#8193 = AXIS2_PLACEMENT_3D('',#8194,#8195,#8196);
#8194 = CARTESIAN_POINT('',(20.703056880935,102.22227388294,
    23.51221444847));
#8195 = DIRECTION('',(1.520606553806E-03,0.74767378125,0.664064458156));
#8196 = DIRECTION('',(-8.832694882165E-20,-0.664065225897,0.747674645654
    ));
#8197 = ADVANCED_FACE('',(#8198),#8208,.T.);
#8198 = FACE_BOUND('',#8199,.T.);
#8199 = EDGE_LOOP('',(#8200,#8201,#8207));
#8200 = ORIENTED_EDGE('',*,*,#8186,.T.);
#8201 = ORIENTED_EDGE('',*,*,#8202,.F.);
#8202 = EDGE_CURVE('',#6076,#8109,#8203,.T.);
#8203 = LINE('',#8204,#8205);
#8204 = CARTESIAN_POINT('',(24.1819896698,101.93082427978,
    23.795904159546));
#8205 = VECTOR('',#8206,1.);
#8206 = DIRECTION('',(-0.99756492924,4.979197566597E-02,
    -4.88361660086E-02));
#8207 = ORIENTED_EDGE('',*,*,#7351,.T.);
#8208 = PLANE('',#8209);
#8209 = AXIS2_PLACEMENT_3D('',#8210,#8211,#8212);
#8210 = CARTESIAN_POINT('',(20.557514478205,102.13773004298,
    23.598570755817));
#8211 = DIRECTION('',(-8.539207519815E-03,0.607755250943,0.794078482825)
  );
#8212 = DIRECTION('',(-9.486625820095E-19,0.794107435742,-0.607777410324
    ));
#8213 = ADVANCED_FACE('',(#8214),#8231,.T.);
#8214 = FACE_BOUND('',#8215,.T.);
#8215 = EDGE_LOOP('',(#8216,#8224,#8225));
#8216 = ORIENTED_EDGE('',*,*,#8217,.T.);
#8217 = EDGE_CURVE('',#8218,#6099,#8220,.T.);
#8218 = VERTEX_POINT('',#8219);
#8219 = CARTESIAN_POINT('',(16.814510345459,101.93699645996,
    23.803953170776));
#8220 = LINE('',#8221,#8222);
#8221 = CARTESIAN_POINT('',(16.814510345459,101.93699645996,
    23.803953170776));
#8222 = VECTOR('',#8223,1.);
#8223 = DIRECTION('',(0.999993419984,-3.508475681378E-03,
    9.222723795574E-04));
#8224 = ORIENTED_EDGE('',*,*,#7367,.T.);
#8225 = ORIENTED_EDGE('',*,*,#8226,.T.);
#8226 = EDGE_CURVE('',#6076,#8218,#8227,.T.);
#8227 = LINE('',#8228,#8229);
#8228 = CARTESIAN_POINT('',(24.1819896698,101.93082427978,
    23.795904159546));
#8229 = VECTOR('',#8230,1.);
#8230 = DIRECTION('',(-0.999999052296,8.377593006595E-04,
    1.092504403209E-03));
#8231 = PLANE('',#8232);
#8232 = AXIS2_PLACEMENT_3D('',#8233,#8234,#8235);
#8233 = CARTESIAN_POINT('',(20.501408665417,101.92899603097,
    23.803630555985));
#8234 = DIRECTION('',(1.376694933713E-03,0.602241033075,0.798313123274)
  );
#8235 = DIRECTION('',(1.179518832356E-20,0.798313879792,-0.602241603786)
  );
#8236 = ADVANCED_FACE('',(#8237),#8247,.T.);
#8237 = FACE_BOUND('',#8238,.T.);
#8238 = EDGE_LOOP('',(#8239,#8240,#8246));
#8239 = ORIENTED_EDGE('',*,*,#8217,.F.);
#8240 = ORIENTED_EDGE('',*,*,#8241,.F.);
#8241 = EDGE_CURVE('',#7382,#8218,#8242,.T.);
#8242 = LINE('',#8243,#8244);
#8243 = CARTESIAN_POINT('',(23.830430984497,101.53704071044,
    24.093519210815));
#8244 = VECTOR('',#8245,1.);
#8245 = DIRECTION('',(-0.997532552183,5.686621900352E-02,
    -4.117086919977E-02));
#8246 = ORIENTED_EDGE('',*,*,#7390,.T.);
#8247 = PLANE('',#8248);
#8248 = AXIS2_PLACEMENT_3D('',#8249,#8250,#8251);
#8249 = CARTESIAN_POINT('',(20.54599495519,101.8284443655,
    23.879394188959));
#8250 = DIRECTION('',(1.376362162693E-03,0.602161880904,0.798372829456)
  );
#8251 = DIRECTION('',(9.449814912766E-20,0.798373585665,-0.602162451264)
  );
#8252 = ADVANCED_FACE('',(#8253),#8263,.T.);
#8253 = FACE_BOUND('',#8254,.T.);
#8254 = EDGE_LOOP('',(#8255,#8256,#8262));
#8255 = ORIENTED_EDGE('',*,*,#8241,.T.);
#8256 = ORIENTED_EDGE('',*,*,#8257,.F.);
#8257 = EDGE_CURVE('',#6122,#8218,#8258,.T.);
#8258 = LINE('',#8259,#8260);
#8259 = CARTESIAN_POINT('',(23.813018798828,101.51653289794,
    24.103065490723));
#8260 = VECTOR('',#8261,1.);
#8261 = DIRECTION('',(-0.997292957534,5.991638819727E-02,
    -4.262374078444E-02));
#8262 = ORIENTED_EDGE('',*,*,#7406,.T.);
#8263 = PLANE('',#8264);
#8264 = AXIS2_PLACEMENT_3D('',#8265,#8266,#8267);
#8265 = CARTESIAN_POINT('',(20.325226151312,101.73148151909,
    23.951418477926));
#8266 = DIRECTION('',(-1.26834532866E-02,0.430809808963,0.902353610573)
  );
#8267 = DIRECTION('',(-7.160354534908E-19,0.902426200138,-0.430844465329
    ));
#8268 = ADVANCED_FACE('',(#8269),#8286,.T.);
#8269 = FACE_BOUND('',#8270,.T.);
#8270 = EDGE_LOOP('',(#8271,#8279,#8285));
#8271 = ORIENTED_EDGE('',*,*,#8272,.T.);
#8272 = EDGE_CURVE('',#6122,#8273,#8275,.T.);
#8273 = VERTEX_POINT('',#8274);
#8274 = CARTESIAN_POINT('',(16.814510345459,101.51755523681,
    24.105209350586));
#8275 = LINE('',#8276,#8277);
#8276 = CARTESIAN_POINT('',(23.813018798828,101.51653289794,
    24.103065490723));
#8277 = VECTOR('',#8278,1.);
#8278 = DIRECTION('',(-0.999999942411,1.460795275342E-04,
    3.063309495306E-04));
#8279 = ORIENTED_EDGE('',*,*,#8280,.F.);
#8280 = EDGE_CURVE('',#7421,#8273,#8281,.T.);
#8281 = LINE('',#8282,#8283);
#8282 = CARTESIAN_POINT('',(23.800428390503,101.50169372558,
    24.109966278076));
#8283 = VECTOR('',#8284,1.);
#8284 = DIRECTION('',(-0.999997190598,2.270491375198E-03,
    -6.809289910707E-04));
#8285 = ORIENTED_EDGE('',*,*,#7429,.T.);
#8286 = PLANE('',#8287);
#8287 = AXIS2_PLACEMENT_3D('',#8288,#8289,#8290);
#8288 = CARTESIAN_POINT('',(20.315774179868,101.5133313812,
    24.105862032055));
#8289 = DIRECTION('',(3.393618891026E-04,0.421436035569,0.90685806649));
#8290 = DIRECTION('',(-1.722344170792E-20,0.906858118709,-0.421436059837
    ));
#8291 = ADVANCED_FACE('',(#8292),#8309,.T.);
#8292 = FACE_BOUND('',#8293,.T.);
#8293 = EDGE_LOOP('',(#8294,#8302,#8303));
#8294 = ORIENTED_EDGE('',*,*,#8295,.T.);
#8295 = EDGE_CURVE('',#8296,#6144,#8298,.T.);
#8296 = VERTEX_POINT('',#8297);
#8297 = CARTESIAN_POINT('',(23.415735244751,101.04849243164,
    24.320875167847));
#8298 = LINE('',#8299,#8300);
#8299 = CARTESIAN_POINT('',(23.415735244751,101.04849243164,
    24.320875167847));
#8300 = VECTOR('',#8301,1.);
#8301 = DIRECTION('',(0.279483092815,-0.944009741953,0.175313456211));
#8302 = ORIENTED_EDGE('',*,*,#7445,.F.);
#8303 = ORIENTED_EDGE('',*,*,#8304,.F.);
#8304 = EDGE_CURVE('',#8296,#7421,#8305,.T.);
#8305 = LINE('',#8306,#8307);
#8306 = CARTESIAN_POINT('',(23.415735244751,101.04849243164,
    24.320875167847));
#8307 = VECTOR('',#8308,1.);
#8308 = DIRECTION('',(0.609884768158,0.718496207013,-0.334370707564));
#8309 = PLANE('',#8310);
#8310 = AXIS2_PLACEMENT_3D('',#8311,#8312,#8313);
#8311 = CARTESIAN_POINT('',(23.970703775797,99.668423758679,
    24.54141195366));
#8312 = DIRECTION('',(0.23017305502,0.24313838381,0.94228662893));
#8313 = DIRECTION('',(6.15865583111E-18,0.968285368561,-0.249846843148)
  );
#8314 = ADVANCED_FACE('',(#8315),#8330,.T.);
#8315 = FACE_BOUND('',#8316,.T.);
#8316 = EDGE_LOOP('',(#8317,#8318,#8324));
#8317 = ORIENTED_EDGE('',*,*,#7459,.T.);
#8318 = ORIENTED_EDGE('',*,*,#8319,.T.);
#8319 = EDGE_CURVE('',#6144,#6543,#8320,.T.);
#8320 = LINE('',#8321,#8322);
#8321 = CARTESIAN_POINT('',(24.385425567627,97.773170471191,
    24.929140090942));
#8322 = VECTOR('',#8323,1.);
#8323 = DIRECTION('',(0.,0.,-1.));
#8324 = ORIENTED_EDGE('',*,*,#8325,.T.);
#8325 = EDGE_CURVE('',#6543,#6183,#8326,.T.);
#8326 = LINE('',#8327,#8328);
#8327 = CARTESIAN_POINT('',(24.385425567627,97.773170471191,
    17.070859909058));
#8328 = VECTOR('',#8329,1.);
#8329 = DIRECTION('',(-1.61651224286E-02,-1.041862221795E-02,
    0.999815053461));
#8330 = PLANE('',#8331);
#8331 = AXIS2_PLACEMENT_3D('',#8332,#8333,#8334);
#8332 = CARTESIAN_POINT('',(24.353052481507,97.752305615029,
    21.051326591518));
#8333 = DIRECTION('',(-0.541741704998,0.84054501668,0.));
#8334 = DIRECTION('',(0.84054501668,0.541741704998,0.));
#8335 = ADVANCED_FACE('',(#8336),#8351,.T.);
#8336 = FACE_BOUND('',#8337,.T.);
#8337 = EDGE_LOOP('',(#8338,#8339,#8345));
#8338 = ORIENTED_EDGE('',*,*,#7475,.T.);
#8339 = ORIENTED_EDGE('',*,*,#8340,.F.);
#8340 = EDGE_CURVE('',#6472,#6183,#8341,.T.);
#8341 = LINE('',#8342,#8343);
#8342 = CARTESIAN_POINT('',(24.215154647827,97.663429260254,
    17.021577835083));
#8343 = VECTOR('',#8344,1.);
#8344 = DIRECTION('',(5.336134968028E-03,3.439140904987E-03,
    0.999979848784));
#8345 = ORIENTED_EDGE('',*,*,#8346,.T.);
#8346 = EDGE_CURVE('',#6472,#6206,#8347,.T.);
#8347 = LINE('',#8348,#8349);
#8348 = CARTESIAN_POINT('',(24.215154647827,97.663429260254,
    17.021577835083));
#8349 = VECTOR('',#8350,1.);
#8350 = DIRECTION('',(1.83202417087E-04,1.178242996168E-04,
    0.999999976277));
#8351 = PLANE('',#8352);
#8352 = AXIS2_PLACEMENT_3D('',#8353,#8354,#8355);
#8353 = CARTESIAN_POINT('',(24.22616007217,97.670521761127,
    21.013851737441));
#8354 = DIRECTION('',(-0.541763319935,0.840531085191,2.1736328763E-07));
#8355 = DIRECTION('',(0.840531085191,0.541763319935,-1.038522843644E-23)
  );
#8356 = ADVANCED_FACE('',(#8357),#8372,.T.);
#8357 = FACE_BOUND('',#8358,.T.);
#8358 = EDGE_LOOP('',(#8359,#8360,#8366));
#8359 = ORIENTED_EDGE('',*,*,#7491,.T.);
#8360 = ORIENTED_EDGE('',*,*,#8361,.T.);
#8361 = EDGE_CURVE('',#6206,#6433,#8362,.T.);
#8362 = LINE('',#8363,#8364);
#8363 = CARTESIAN_POINT('',(24.216613769531,97.664367675781,
    24.986110687256));
#8364 = VECTOR('',#8365,1.);
#8365 = DIRECTION('',(-5.54276041431E-02,-3.572398623215E-02,
    -0.997823420003));
#8366 = ORIENTED_EDGE('',*,*,#8367,.T.);
#8367 = EDGE_CURVE('',#6433,#7227,#8368,.T.);
#8368 = LINE('',#8369,#8370);
#8369 = CARTESIAN_POINT('',(23.767988204956,97.375221252441,
    16.909826278687));
#8370 = VECTOR('',#8371,1.);
#8371 = DIRECTION('',(0.,0.,1.));
#8372 = PLANE('',#8373);
#8373 = AXIS2_PLACEMENT_3D('',#8374,#8375,#8376);
#8374 = CARTESIAN_POINT('',(23.883194480785,97.449473558223,
    21.10552623814));
#8375 = DIRECTION('',(-0.541743920753,0.840543588594,0.));
#8376 = DIRECTION('',(0.840543588594,0.541743920753,0.));
#8377 = ADVANCED_FACE('',(#8378),#8395,.T.);
#8378 = FACE_BOUND('',#8379,.T.);
#8379 = EDGE_LOOP('',(#8380,#8388,#8394));
#8380 = ORIENTED_EDGE('',*,*,#8381,.T.);
#8381 = EDGE_CURVE('',#6371,#8382,#8384,.T.);
#8382 = VERTEX_POINT('',#8383);
#8383 = CARTESIAN_POINT('',(16.814510345459,101.51755523681,
    17.894788742065));
#8384 = LINE('',#8385,#8386);
#8385 = CARTESIAN_POINT('',(24.162927627563,101.90896606445,
    18.190567016602));
#8386 = VECTOR('',#8387,1.);
#8387 = DIRECTION('',(-0.997778805623,-5.314633248417E-02,
    -4.016120508215E-02));
#8388 = ORIENTED_EDGE('',*,*,#8389,.F.);
#8389 = EDGE_CURVE('',#7557,#8382,#8390,.T.);
#8390 = LINE('',#8391,#8392);
#8391 = CARTESIAN_POINT('',(24.179721832275,101.92736053466,
    18.206924438477));
#8392 = VECTOR('',#8393,1.);
#8393 = DIRECTION('',(-0.99756297474,-5.550507174447E-02,
    -4.227645253524E-02));
#8394 = ORIENTED_EDGE('',*,*,#7556,.T.);
#8395 = PLANE('',#8396);
#8396 = AXIS2_PLACEMENT_3D('',#8397,#8398,#8399);
#8397 = CARTESIAN_POINT('',(20.500340128524,101.71826890764,
    18.047078792748));
#8398 = DIRECTION('',(-5.569906130599E-03,0.667342357629,-0.744730255771
    ));
#8399 = DIRECTION('',(2.025540853492E-20,-0.744741808241,-0.667352709636
    ));
#8400 = ADVANCED_FACE('',(#8401),#8411,.T.);
#8401 = FACE_BOUND('',#8402,.T.);
#8402 = EDGE_LOOP('',(#8403,#8404,#8410));
#8403 = ORIENTED_EDGE('',*,*,#7564,.F.);
#8404 = ORIENTED_EDGE('',*,*,#8405,.F.);
#8405 = EDGE_CURVE('',#7581,#7557,#8406,.T.);
#8406 = LINE('',#8407,#8408);
#8407 = CARTESIAN_POINT('',(24.420787811279,102.19140625,18.441762924194
    ));
#8408 = VECTOR('',#8409,1.);
#8409 = DIRECTION('',(-0.563548978808,-0.617269570135,-0.548990734229));
#8410 = ORIENTED_EDGE('',*,*,#7580,.T.);
#8411 = PLANE('',#8412);
#8412 = AXIS2_PLACEMENT_3D('',#8413,#8414,#8415);
#8413 = CARTESIAN_POINT('',(27.524501533475,88.519696364608,
    15.68221548478));
#8414 = DIRECTION('',(0.496006878208,0.278600416392,-0.822410472183));
#8415 = DIRECTION('',(-0.856314439586,-4.533751382331E-19,
    -0.516454819472));
#8416 = ADVANCED_FACE('',(#8417),#8434,.T.);
#8417 = FACE_BOUND('',#8418,.T.);
#8418 = EDGE_LOOP('',(#8419,#8427,#8428));
#8419 = ORIENTED_EDGE('',*,*,#8420,.T.);
#8420 = EDGE_CURVE('',#8421,#6395,#8423,.T.);
#8421 = VERTEX_POINT('',#8422);
#8422 = CARTESIAN_POINT('',(16.814510345459,101.93699645996,
    18.196048736572));
#8423 = LINE('',#8424,#8425);
#8424 = CARTESIAN_POINT('',(16.814510345459,101.93699645996,
    18.196048736572));
#8425 = VECTOR('',#8426,1.);
#8426 = DIRECTION('',(0.998032946779,4.328826913799E-02,
    4.534713770791E-02));
#8427 = ORIENTED_EDGE('',*,*,#7588,.T.);
#8428 = ORIENTED_EDGE('',*,*,#8429,.T.);
#8429 = EDGE_CURVE('',#7581,#8421,#8430,.T.);
#8430 = LINE('',#8431,#8432);
#8431 = CARTESIAN_POINT('',(24.420787811279,102.19140625,18.441762924194
    ));
#8432 = VECTOR('',#8433,1.);
#8433 = DIRECTION('',(-0.99892060923,-3.341124270075E-02,
    -3.226926273709E-02));
#8434 = PLANE('',#8435);
#8435 = AXIS2_PLACEMENT_3D('',#8436,#8437,#8438);
#8436 = CARTESIAN_POINT('',(20.674360375259,102.08545456705,
    18.346346247089));
#8437 = DIRECTION('',(-7.20345718822E-03,0.7977298124,-0.602972019759));
#8438 = DIRECTION('',(-1.808065064224E-19,0.602987664415,0.797750510224)
  );
#8439 = ADVANCED_FACE('',(#8440),#8450,.T.);
#8440 = FACE_BOUND('',#8441,.T.);
#8441 = EDGE_LOOP('',(#8442,#8443,#8444));
#8442 = ORIENTED_EDGE('',*,*,#7611,.T.);
#8443 = ORIENTED_EDGE('',*,*,#8420,.F.);
#8444 = ORIENTED_EDGE('',*,*,#8445,.T.);
#8445 = EDGE_CURVE('',#8421,#7603,#8446,.T.);
#8446 = LINE('',#8447,#8448);
#8447 = CARTESIAN_POINT('',(16.814510345459,101.93699645996,
    18.196048736572));
#8448 = VECTOR('',#8449,1.);
#8449 = DIRECTION('',(0.997770260729,4.574412242569E-02,
    4.86002270298E-02));
#8450 = PLANE('',#8451);
#8451 = AXIS2_PLACEMENT_3D('',#8452,#8453,#8454);
#8452 = CARTESIAN_POINT('',(20.670510131529,102.10902512244,
    18.377577682244));
#8453 = DIRECTION('',(-7.211419341552E-03,0.797806704161,-0.602870183561
    ));
#8454 = DIRECTION('',(2.492382557889E-19,0.602885860174,0.797827449767)
  );
#8455 = ADVANCED_FACE('',(#8456),#8482,.T.);
#8456 = FACE_BOUND('',#8457,.T.);
#8457 = EDGE_LOOP('',(#8458,#8459,#8467,#8475,#8481));
#8458 = ORIENTED_EDGE('',*,*,#8170,.T.);
#8459 = ORIENTED_EDGE('',*,*,#8460,.T.);
#8460 = EDGE_CURVE('',#8163,#8461,#8463,.T.);
#8461 = VERTEX_POINT('',#8462);
#8462 = CARTESIAN_POINT('',(16.814510345459,96.134094238281,
    16.668575286865));
#8463 = LINE('',#8464,#8465);
#8464 = CARTESIAN_POINT('',(16.814510345459,92.846611022949,
    16.029552459717));
#8465 = VECTOR('',#8466,1.);
#8466 = DIRECTION('',(0.,0.981627137393,0.190809232308));
#8467 = ORIENTED_EDGE('',*,*,#8468,.T.);
#8468 = EDGE_CURVE('',#8461,#8469,#8471,.T.);
#8469 = VERTEX_POINT('',#8470);
#8470 = CARTESIAN_POINT('',(21.842351913452,96.134094238281,
    16.668575286865));
#8471 = LINE('',#8472,#8473);
#8472 = CARTESIAN_POINT('',(16.814510345459,96.134094238281,
    16.668575286865));
#8473 = VECTOR('',#8474,1.);
#8474 = DIRECTION('',(1.,0.,0.));
#8475 = ORIENTED_EDGE('',*,*,#8476,.T.);
#8476 = EDGE_CURVE('',#8469,#6433,#8477,.T.);
#8477 = LINE('',#8478,#8479);
#8478 = CARTESIAN_POINT('',(21.842351913452,96.134094238281,
    16.668575286865));
#8479 = VECTOR('',#8480,1.);
#8480 = DIRECTION('',(0.835916852741,0.538772037122,0.104726822346));
#8481 = ORIENTED_EDGE('',*,*,#7641,.F.);
#8482 = PLANE('',#8483);
#8483 = AXIS2_PLACEMENT_3D('',#8484,#8485,#8486);
#8484 = CARTESIAN_POINT('',(20.431608874652,94.747439482786,
    16.399036563972));
#8485 = DIRECTION('',(1.23448156E-09,0.190809235164,-0.981627136838));
#8486 = DIRECTION('',(3.85597580671E-26,-0.981627136838,-0.190809235164)
  );
#8487 = ADVANCED_FACE('',(#8488),#8498,.T.);
#8488 = FACE_BOUND('',#8489,.T.);
#8489 = EDGE_LOOP('',(#8490,#8491,#8497));
#8490 = ORIENTED_EDGE('',*,*,#8361,.F.);
#8491 = ORIENTED_EDGE('',*,*,#8492,.F.);
#8492 = EDGE_CURVE('',#7658,#6206,#8493,.T.);
#8493 = LINE('',#8494,#8495);
#8494 = CARTESIAN_POINT('',(23.897657394409,97.458793640137,
    16.929681777954));
#8495 = VECTOR('',#8496,1.);
#8496 = DIRECTION('',(3.954644973153E-02,2.548851159853E-02,
    0.998892593871));
#8497 = ORIENTED_EDGE('',*,*,#7657,.T.);
#8498 = PLANE('',#8499);
#8499 = AXIS2_PLACEMENT_3D('',#8500,#8501,#8502);
#8500 = CARTESIAN_POINT('',(24.022832105573,97.53947188526,
    20.914472673861));
#8501 = DIRECTION('',(-0.541736994199,0.84054805283,-5.445879509E-07));
#8502 = DIRECTION('',(0.84054805283,0.541736994199,2.606125304424E-23));
#8503 = ADVANCED_FACE('',(#8504),#8509,.T.);
#8504 = FACE_BOUND('',#8505,.T.);
#8505 = EDGE_LOOP('',(#8506,#8507,#8508));
#8506 = ORIENTED_EDGE('',*,*,#8492,.T.);
#8507 = ORIENTED_EDGE('',*,*,#8346,.F.);
#8508 = ORIENTED_EDGE('',*,*,#7680,.T.);
#8509 = PLANE('',#8510);
#8510 = AXIS2_PLACEMENT_3D('',#8511,#8512,#8513);
#8511 = CARTESIAN_POINT('',(24.134125815851,97.611202982898,
    20.885896115025));
#8512 = DIRECTION('',(-0.541750532532,0.84053932716,2.1404950013E-07));
#8513 = DIRECTION('',(0.84053932716,0.541750532532,6.240287256751E-24));
#8514 = ADVANCED_FACE('',(#8515),#8520,.T.);
#8515 = FACE_BOUND('',#8516,.T.);
#8516 = EDGE_LOOP('',(#8517,#8518,#8519));
#8517 = ORIENTED_EDGE('',*,*,#8340,.T.);
#8518 = ORIENTED_EDGE('',*,*,#8325,.F.);
#8519 = ORIENTED_EDGE('',*,*,#7696,.T.);
#8520 = PLANE('',#8521);
#8521 = AXIS2_PLACEMENT_3D('',#8522,#8523,#8524);
#8522 = CARTESIAN_POINT('',(24.279097136489,97.704640606511,
    20.959936197921));
#8523 = DIRECTION('',(-0.541739927319,0.840546162413,4.068087987E-08));
#8524 = DIRECTION('',(0.840546162413,0.541739927319,-3.839837398457E-24)
  );
#8525 = ADVANCED_FACE('',(#8526),#8543,.T.);
#8526 = FACE_BOUND('',#8527,.T.);
#8527 = EDGE_LOOP('',(#8528,#8529,#8537));
#8528 = ORIENTED_EDGE('',*,*,#7714,.T.);
#8529 = ORIENTED_EDGE('',*,*,#8530,.F.);
#8530 = EDGE_CURVE('',#8531,#6543,#8533,.T.);
#8531 = VERTEX_POINT('',#8532);
#8532 = CARTESIAN_POINT('',(23.531892776489,101.18867492675,
    17.725648880005));
#8533 = LINE('',#8534,#8535);
#8534 = CARTESIAN_POINT('',(23.531892776489,101.18867492675,
    17.725648880005));
#8535 = VECTOR('',#8536,1.);
#8536 = DIRECTION('',(0.238356197047,-0.953808291231,-0.182855316871));
#8537 = ORIENTED_EDGE('',*,*,#8538,.F.);
#8538 = EDGE_CURVE('',#6583,#8531,#8539,.T.);
#8539 = LINE('',#8540,#8541);
#8540 = CARTESIAN_POINT('',(23.796895980835,101.49501037597,
    17.901081085205));
#8541 = VECTOR('',#8542,1.);
#8542 = DIRECTION('',(-0.60035340478,-0.693989834566,-0.397434144089));
#8543 = PLANE('',#8544);
#8544 = AXIS2_PLACEMENT_3D('',#8545,#8546,#8547);
#8545 = CARTESIAN_POINT('',(24.007050323579,99.660146459464,
    17.464451342208));
#8546 = DIRECTION('',(0.31275775822,0.253638807654,-0.915341433524));
#8547 = DIRECTION('',(-0.946285929787,2.081837899044E-17,-0.323331005454
    ));
#8548 = ADVANCED_FACE('',(#8549),#8559,.T.);
#8549 = FACE_BOUND('',#8550,.T.);
#8550 = EDGE_LOOP('',(#8551,#8552,#8553));
#8551 = ORIENTED_EDGE('',*,*,#7751,.F.);
#8552 = ORIENTED_EDGE('',*,*,#7728,.F.);
#8553 = ORIENTED_EDGE('',*,*,#8554,.F.);
#8554 = EDGE_CURVE('',#7752,#7729,#8555,.T.);
#8555 = LINE('',#8556,#8557);
#8556 = CARTESIAN_POINT('',(24.011810302734,101.74344635009,
    18.043355941772));
#8557 = VECTOR('',#8558,1.);
#8558 = DIRECTION('',(-0.600357789262,-0.69398441707,-0.397436980837));
#8559 = PLANE('',#8560);
#8560 = AXIS2_PLACEMENT_3D('',#8561,#8562,#8563);
#8561 = CARTESIAN_POINT('',(27.046943482459,88.773511088875,
    15.503675345502));
#8562 = DIRECTION('',(0.313832420157,0.252657626261,-0.915244959533));
#8563 = DIRECTION('',(-0.945935117645,7.926029738891E-18,-0.324355905149
    ));
#8564 = ADVANCED_FACE('',(#8565),#8582,.T.);
#8565 = FACE_BOUND('',#8566,.T.);
#8566 = EDGE_LOOP('',(#8567,#8568,#8576));
#8567 = ORIENTED_EDGE('',*,*,#7737,.T.);
#8568 = ORIENTED_EDGE('',*,*,#8569,.F.);
#8569 = EDGE_CURVE('',#8570,#6583,#8572,.T.);
#8570 = VERTEX_POINT('',#8571);
#8571 = CARTESIAN_POINT('',(16.814510345459,101.05267333984,
    17.669929504395));
#8572 = LINE('',#8573,#8574);
#8573 = CARTESIAN_POINT('',(16.814510345459,101.05267333984,
    17.669929504395));
#8574 = VECTOR('',#8575,1.);
#8575 = DIRECTION('',(0.997455140803,6.318919831965E-02,
    3.302071020197E-02));
#8576 = ORIENTED_EDGE('',*,*,#8577,.T.);
#8577 = EDGE_CURVE('',#8570,#7729,#8578,.T.);
#8578 = LINE('',#8579,#8580);
#8579 = CARTESIAN_POINT('',(16.814510345459,101.05267333984,
    17.669929504395));
#8580 = VECTOR('',#8581,1.);
#8581 = DIRECTION('',(0.997295329373,6.509871757618E-02,
    3.412012573905E-02));
#8582 = PLANE('',#8583);
#8583 = AXIS2_PLACEMENT_3D('',#8584,#8585,#8586);
#8584 = CARTESIAN_POINT('',(20.313894984248,101.27773490394,
    17.787718188367));
#8585 = DIRECTION('',(-2.904915348384E-03,0.498778156208,-0.86672481928)
  );
#8586 = DIRECTION('',(-2.781825801188E-20,-0.866728476246,
    -0.498780260699));
#8587 = ADVANCED_FACE('',(#8588),#8598,.T.);
#8588 = FACE_BOUND('',#8589,.T.);
#8589 = EDGE_LOOP('',(#8590,#8596,#8597));
#8590 = ORIENTED_EDGE('',*,*,#8591,.F.);
#8591 = EDGE_CURVE('',#8382,#7752,#8592,.T.);
#8592 = LINE('',#8593,#8594);
#8593 = CARTESIAN_POINT('',(16.814510345459,101.51755523681,
    17.894788742065));
#8594 = VECTOR('',#8595,1.);
#8595 = DIRECTION('',(0.999295172341,3.136341410206E-02,
    2.062752508813E-02));
#8596 = ORIENTED_EDGE('',*,*,#8381,.F.);
#8597 = ORIENTED_EDGE('',*,*,#7759,.T.);
#8598 = PLANE('',#8599);
#8599 = AXIS2_PLACEMENT_3D('',#8600,#8601,#8602);
#8600 = CARTESIAN_POINT('',(20.517082102433,101.67512315209,
    18.008285883229));
#8601 = DIRECTION('',(-5.574919290951E-03,0.667398456905,-0.744679944672
    ));
#8602 = DIRECTION('',(-1.518365058132E-20,-0.744691517165,
    -0.667408828427));
#8603 = ADVANCED_FACE('',(#8604),#8621,.T.);
#8604 = FACE_BOUND('',#8605,.T.);
#8605 = EDGE_LOOP('',(#8606,#8607,#8615));
#8606 = ORIENTED_EDGE('',*,*,#7776,.T.);
#8607 = ORIENTED_EDGE('',*,*,#8608,.F.);
#8608 = EDGE_CURVE('',#8609,#7603,#8611,.T.);
#8609 = VERTEX_POINT('',#8610);
#8610 = CARTESIAN_POINT('',(16.814510345459,102.29856109619,
    18.564775466919));
#8611 = LINE('',#8612,#8613);
#8612 = CARTESIAN_POINT('',(16.814510345459,102.29856109619,
    18.564775466919));
#8613 = VECTOR('',#8614,1.);
#8614 = DIRECTION('',(0.999999050026,-1.093488882832E-03,
    8.39183384039E-04));
#8615 = ORIENTED_EDGE('',*,*,#8616,.T.);
#8616 = EDGE_CURVE('',#8609,#6622,#8617,.T.);
#8617 = LINE('',#8618,#8619);
#8618 = CARTESIAN_POINT('',(16.814510345459,102.29856109619,
    18.564775466919));
#8619 = VECTOR('',#8620,1.);
#8620 = DIRECTION('',(0.998791891373,2.872370817604E-02,
    3.987112133789E-02));
#8621 = PLANE('',#8622);
#8622 = AXIS2_PLACEMENT_3D('',#8623,#8624,#8625);
#8623 = CARTESIAN_POINT('',(20.834620332465,102.35592816802,
    18.649005094385));
#8624 = DIRECTION('',(1.378382041593E-03,0.794679685796,-0.607027426931)
  );
#8625 = DIRECTION('',(9.375975880507E-20,0.607028003589,0.794680440718)
  );
#8626 = ADVANCED_FACE('',(#8627),#8637,.T.);
#8627 = FACE_BOUND('',#8628,.T.);
#8628 = EDGE_LOOP('',(#8629,#8630,#8631));
#8629 = ORIENTED_EDGE('',*,*,#7791,.T.);
#8630 = ORIENTED_EDGE('',*,*,#8616,.F.);
#8631 = ORIENTED_EDGE('',*,*,#8632,.F.);
#8632 = EDGE_CURVE('',#7792,#8609,#8633,.T.);
#8633 = LINE('',#8634,#8635);
#8634 = CARTESIAN_POINT('',(16.814510345459,102.59152221679,
    18.990045547485));
#8635 = VECTOR('',#8636,1.);
#8636 = DIRECTION('',(0.,-0.567301673894,-0.823510055067));
#8637 = PLANE('',#8638);
#8638 = AXIS2_PLACEMENT_3D('',#8639,#8640,#8641);
#8639 = CARTESIAN_POINT('',(20.65647267396,102.48455886852,
    18.827754785785));
#8640 = DIRECTION('',(-1.036560348073E-03,0.823509612654,-0.567301369123
    ));
#8641 = DIRECTION('',(6.445176935985E-20,0.567301673894,0.823510055067)
  );
#8642 = ADVANCED_FACE('',(#8643),#8653,.T.);
#8643 = FACE_BOUND('',#8644,.T.);
#8644 = EDGE_LOOP('',(#8645,#8646,#8652));
#8645 = ORIENTED_EDGE('',*,*,#7830,.T.);
#8646 = ORIENTED_EDGE('',*,*,#8647,.F.);
#8647 = EDGE_CURVE('',#6667,#7792,#8648,.T.);
#8648 = LINE('',#8649,#8650);
#8649 = CARTESIAN_POINT('',(24.997396469116,102.75882720947,
    19.333452224731));
#8650 = VECTOR('',#8651,1.);
#8651 = DIRECTION('',(-0.998912172471,-2.042347787486E-02,
    -4.192079723768E-02));
#8652 = ORIENTED_EDGE('',*,*,#7815,.T.);
#8653 = PLANE('',#8654);
#8654 = AXIS2_PLACEMENT_3D('',#8655,#8656,#8657);
#8655 = CARTESIAN_POINT('',(20.963252985425,102.63309921957,
    19.080045399329));
#8656 = DIRECTION('',(1.007371709363E-03,0.889324304374,-0.457275919825)
  );
#8657 = DIRECTION('',(2.62150584417E-20,0.457276151846,0.889324755617));
#8658 = ADVANCED_FACE('',(#8659),#8669,.T.);
#8659 = FACE_BOUND('',#8660,.T.);
#8660 = EDGE_LOOP('',(#8661,#8667,#8668));
#8661 = ORIENTED_EDGE('',*,*,#8662,.F.);
#8662 = EDGE_CURVE('',#7846,#7792,#8663,.T.);
#8663 = LINE('',#8664,#8665);
#8664 = CARTESIAN_POINT('',(16.814510345459,102.80720520019,
    19.459259033203));
#8665 = VECTOR('',#8666,1.);
#8666 = DIRECTION('',(0.,-0.417657511986,-0.908604535913));
#8667 = ORIENTED_EDGE('',*,*,#7845,.F.);
#8668 = ORIENTED_EDGE('',*,*,#8647,.T.);
#8669 = PLANE('',#8670);
#8670 = AXIS2_PLACEMENT_3D('',#8671,#8672,#8673);
#8671 = CARTESIAN_POINT('',(20.780874015062,102.72816162855,
    19.277335024112));
#8672 = DIRECTION('',(-1.049469826322E-03,0.90860403555,-0.417657281985)
  );
#8673 = DIRECTION('',(2.266962642969E-20,0.417657511986,0.908604535913)
  );
#8674 = ADVANCED_FACE('',(#8675),#8692,.T.);
#8675 = FACE_BOUND('',#8676,.T.);
#8676 = EDGE_LOOP('',(#8677,#8678,#8686));
#8677 = ORIENTED_EDGE('',*,*,#7903,.F.);
#8678 = ORIENTED_EDGE('',*,*,#8679,.F.);
#8679 = EDGE_CURVE('',#8680,#7896,#8682,.T.);
#8680 = VERTEX_POINT('',#8681);
#8681 = CARTESIAN_POINT('',(25.297338485718,102.97263336181,
    20.215799331665));
#8682 = LINE('',#8683,#8684);
#8683 = CARTESIAN_POINT('',(25.297338485718,102.97263336181,
    20.215799331665));
#8684 = VECTOR('',#8685,1.);
#8685 = DIRECTION('',(-0.263286870105,-0.153064851019,-0.952497336171));
#8686 = ORIENTED_EDGE('',*,*,#8687,.T.);
#8687 = EDGE_CURVE('',#8680,#5686,#8688,.T.);
#8688 = LINE('',#8689,#8690);
#8689 = CARTESIAN_POINT('',(25.297338485718,102.97263336181,
    20.215799331665));
#8690 = VECTOR('',#8691,1.);
#8691 = DIRECTION('',(0.229339653127,-0.956706921312,-0.179207115422));
#8692 = PLANE('',#8693);
#8693 = AXIS2_PLACEMENT_3D('',#8694,#8695,#8696);
#8694 = CARTESIAN_POINT('',(28.493858002268,89.553726280003,
    17.639910812153));
#8695 = DIRECTION('',(0.914486116017,0.274841598019,-0.296946526519));
#8696 = DIRECTION('',(0.308840107473,2.279895561999E-17,0.951113972149)
  );
#8697 = ADVANCED_FACE('',(#8698),#8802,.T.);
#8698 = FACE_BOUND('',#8699,.T.);
#8699 = EDGE_LOOP('',(#8700,#8710,#8716,#8722,#8728,#8734,#8735,#8736,
    #8737,#8745,#8751,#8752,#8753,#8754,#8760,#8766,#8772,#8780,#8788,
    #8796));
#8700 = ORIENTED_EDGE('',*,*,#8701,.T.);
#8701 = EDGE_CURVE('',#8702,#8704,#8706,.T.);
#8702 = VERTEX_POINT('',#8703);
#8703 = CARTESIAN_POINT('',(16.814510345459,100.55610656738,
    24.471872329712));
#8704 = VERTEX_POINT('',#8705);
#8705 = CARTESIAN_POINT('',(16.814510345459,101.05267333984,
    24.330072402954));
#8706 = LINE('',#8707,#8708);
#8707 = CARTESIAN_POINT('',(16.814510345459,100.55610656738,
    24.471872329712));
#8708 = VECTOR('',#8709,1.);
#8709 = DIRECTION('',(0.,0.961562962886,-0.274584537814));
#8710 = ORIENTED_EDGE('',*,*,#8711,.T.);
#8711 = EDGE_CURVE('',#8704,#8273,#8712,.T.);
#8712 = LINE('',#8713,#8714);
#8713 = CARTESIAN_POINT('',(16.814510345459,101.05267333984,
    24.330072402954));
#8714 = VECTOR('',#8715,1.);
#8715 = DIRECTION('',(0.,0.900219830142,-0.435435709857));
#8716 = ORIENTED_EDGE('',*,*,#8717,.T.);
#8717 = EDGE_CURVE('',#8273,#8218,#8718,.T.);
#8718 = LINE('',#8719,#8720);
#8719 = CARTESIAN_POINT('',(16.814510345459,101.51755523681,
    24.105209350586));
#8720 = VECTOR('',#8721,1.);
#8721 = DIRECTION('',(0.,0.812214650256,-0.58335869061));
#8722 = ORIENTED_EDGE('',*,*,#8723,.T.);
#8723 = EDGE_CURVE('',#8218,#8109,#8724,.T.);
#8724 = LINE('',#8725,#8726);
#8725 = CARTESIAN_POINT('',(16.814510345459,101.93699645996,
    23.803953170776));
#8726 = VECTOR('',#8727,1.);
#8727 = DIRECTION('',(0.,0.700138393247,-0.71400716404));
#8728 = ORIENTED_EDGE('',*,*,#8729,.T.);
#8729 = EDGE_CURVE('',#8109,#7133,#8730,.T.);
#8730 = LINE('',#8731,#8732);
#8731 = CARTESIAN_POINT('',(16.814510345459,102.29856109619,
    23.43522644043));
#8732 = VECTOR('',#8733,1.);
#8733 = DIRECTION('',(0.,0.567301673894,-0.823510055067));
#8734 = ORIENTED_EDGE('',*,*,#8076,.T.);
#8735 = ORIENTED_EDGE('',*,*,#8046,.T.);
#8736 = ORIENTED_EDGE('',*,*,#8028,.T.);
#8737 = ORIENTED_EDGE('',*,*,#8738,.F.);
#8738 = EDGE_CURVE('',#8739,#8006,#8741,.T.);
#8739 = VERTEX_POINT('',#8740);
#8740 = CARTESIAN_POINT('',(16.814510345459,102.98368072509,
    20.473009109497));
#8741 = LINE('',#8742,#8743);
#8742 = CARTESIAN_POINT('',(16.814510345459,102.98368072509,
    20.473009109497));
#8743 = VECTOR('',#8744,1.);
#8744 = DIRECTION('',(0.,0.,1.));
#8745 = ORIENTED_EDGE('',*,*,#8746,.T.);
#8746 = EDGE_CURVE('',#8739,#6939,#8747,.T.);
#8747 = LINE('',#8748,#8749);
#8748 = CARTESIAN_POINT('',(16.814510345459,102.98368072509,
    20.473009109497));
#8749 = VECTOR('',#8750,1.);
#8750 = DIRECTION('',(0.,-8.607209323171E-02,-0.996288911294));
#8751 = ORIENTED_EDGE('',*,*,#7925,.T.);
#8752 = ORIENTED_EDGE('',*,*,#8662,.T.);
#8753 = ORIENTED_EDGE('',*,*,#8632,.T.);
#8754 = ORIENTED_EDGE('',*,*,#8755,.T.);
#8755 = EDGE_CURVE('',#8609,#8421,#8756,.T.);
#8756 = LINE('',#8757,#8758);
#8757 = CARTESIAN_POINT('',(16.814510345459,102.29856109619,
    18.564775466919));
#8758 = VECTOR('',#8759,1.);
#8759 = DIRECTION('',(0.,-0.700138393247,-0.71400716404));
#8760 = ORIENTED_EDGE('',*,*,#8761,.T.);
#8761 = EDGE_CURVE('',#8421,#8382,#8762,.T.);
#8762 = LINE('',#8763,#8764);
#8763 = CARTESIAN_POINT('',(16.814510345459,101.93699645996,
    18.196048736572));
#8764 = VECTOR('',#8765,1.);
#8765 = DIRECTION('',(0.,-0.81221115027,-0.583363563635));
#8766 = ORIENTED_EDGE('',*,*,#8767,.T.);
#8767 = EDGE_CURVE('',#8382,#8570,#8768,.T.);
#8768 = LINE('',#8769,#8770);
#8769 = CARTESIAN_POINT('',(16.814510345459,101.51755523681,
    17.894788742065));
#8770 = VECTOR('',#8771,1.);
#8771 = DIRECTION('',(0.,-0.900222725732,-0.435429723464));
#8772 = ORIENTED_EDGE('',*,*,#8773,.T.);
#8773 = EDGE_CURVE('',#8570,#8774,#8776,.T.);
#8774 = VERTEX_POINT('',#8775);
#8775 = CARTESIAN_POINT('',(16.814510345459,100.55610656738,
    17.528127670288));
#8776 = LINE('',#8777,#8778);
#8777 = CARTESIAN_POINT('',(16.814510345459,101.05267333984,
    17.669929504395));
#8778 = VECTOR('',#8779,1.);
#8779 = DIRECTION('',(0.,-0.961561987702,-0.274587952769));
#8780 = ORIENTED_EDGE('',*,*,#8781,.F.);
#8781 = EDGE_CURVE('',#8782,#8774,#8784,.T.);
#8782 = VERTEX_POINT('',#8783);
#8783 = CARTESIAN_POINT('',(16.814510345459,99.595993041992,
    17.341501235962));
#8784 = LINE('',#8785,#8786);
#8785 = CARTESIAN_POINT('',(16.814510345459,99.595993041992,
    17.341501235962));
#8786 = VECTOR('',#8787,1.);
#8787 = DIRECTION('',(0.,0.981627323156,0.190808276639));
#8788 = ORIENTED_EDGE('',*,*,#8789,.F.);
#8789 = EDGE_CURVE('',#8790,#8782,#8792,.T.);
#8790 = VERTEX_POINT('',#8791);
#8791 = CARTESIAN_POINT('',(16.814510345459,99.595993041992,
    24.658498764038));
#8792 = LINE('',#8793,#8794);
#8793 = CARTESIAN_POINT('',(16.814510345459,99.595993041992,
    24.658498764038));
#8794 = VECTOR('',#8795,1.);
#8795 = DIRECTION('',(0.,0.,-1.));
#8796 = ORIENTED_EDGE('',*,*,#8797,.F.);
#8797 = EDGE_CURVE('',#8702,#8790,#8798,.T.);
#8798 = LINE('',#8799,#8800);
#8799 = CARTESIAN_POINT('',(16.814510345459,100.55610656738,
    24.471872329712));
#8800 = VECTOR('',#8801,1.);
#8801 = DIRECTION('',(0.,-0.981627323156,0.190808276639));
#8802 = PLANE('',#8803);
#8803 = AXIS2_PLACEMENT_3D('',#8804,#8805,#8806);
#8804 = CARTESIAN_POINT('',(16.814510345459,100.95785338,21.00000016286)
  );
#8805 = DIRECTION('',(-1.,-0.,-0.));
#8806 = DIRECTION('',(0.,0.,-1.));
#8807 = ADVANCED_FACE('',(#8808),#8818,.T.);
#8808 = FACE_BOUND('',#8809,.T.);
#8809 = EDGE_LOOP('',(#8810,#8811,#8817));
#8810 = ORIENTED_EDGE('',*,*,#7940,.T.);
#8811 = ORIENTED_EDGE('',*,*,#8812,.F.);
#8812 = EDGE_CURVE('',#8680,#6939,#8813,.T.);
#8813 = LINE('',#8814,#8815);
#8814 = CARTESIAN_POINT('',(25.297338485718,102.97263336181,
    20.215799331665));
#8815 = VECTOR('',#8816,1.);
#8816 = DIRECTION('',(-0.999532607728,-3.935701290635E-03,
    -3.031627193911E-02));
#8817 = ORIENTED_EDGE('',*,*,#8679,.T.);
#8818 = PLANE('',#8819);
#8819 = AXIS2_PLACEMENT_3D('',#8820,#8821,#8822);
#8820 = CARTESIAN_POINT('',(21.104442568816,102.94579150247,
    20.024435889384));
#8821 = DIRECTION('',(9.324306432238E-04,0.987291982844,-0.158914037093)
  );
#8822 = DIRECTION('',(-1.886641476945E-20,0.158914106175,0.987292412033)
  );
#8823 = ADVANCED_FACE('',(#8824),#8834,.T.);
#8824 = FACE_BOUND('',#8825,.T.);
#8825 = EDGE_LOOP('',(#8826,#8832,#8833));
#8826 = ORIENTED_EDGE('',*,*,#8827,.T.);
#8827 = EDGE_CURVE('',#7983,#7000,#8828,.T.);
#8828 = LINE('',#8829,#8830);
#8829 = CARTESIAN_POINT('',(31.755916595459,76.027519226074,
    26.831060409546));
#8830 = VECTOR('',#8831,1.);
#8831 = DIRECTION('',(-0.227842338795,0.955809575396,-0.185784617859));
#8832 = ORIENTED_EDGE('',*,*,#7968,.F.);
#8833 = ORIENTED_EDGE('',*,*,#7982,.F.);
#8834 = PLANE('',#8835);
#8835 = AXIS2_PLACEMENT_3D('',#8836,#8837,#8838);
#8836 = CARTESIAN_POINT('',(28.584884610202,89.26442876654,
    24.333068689713));
#8837 = DIRECTION('',(0.944245348046,0.263465055051,0.19745097483));
#8838 = DIRECTION('',(-0.268756120597,0.963208257669,-1.052937189705E-17
    ));
#8839 = ADVANCED_FACE('',(#8840),#8857,.T.);
#8840 = FACE_BOUND('',#8841,.T.);
#8841 = EDGE_LOOP('',(#8842,#8850,#8851));
#8842 = ORIENTED_EDGE('',*,*,#8843,.T.);
#8843 = EDGE_CURVE('',#8844,#7983,#8846,.T.);
#8844 = VERTEX_POINT('',#8845);
#8845 = CARTESIAN_POINT('',(31.75438117981,76.044311523438,
    26.815994262695));
#8846 = LINE('',#8847,#8848);
#8847 = CARTESIAN_POINT('',(31.75438117981,76.044311523438,
    26.815994262695));
#8848 = VECTOR('',#8849,1.);
#8849 = DIRECTION('',(6.790103178063E-02,-0.742609545089,0.666273602528)
  );
#8850 = ORIENTED_EDGE('',*,*,#7991,.T.);
#8851 = ORIENTED_EDGE('',*,*,#8852,.T.);
#8852 = EDGE_CURVE('',#5686,#8844,#8853,.T.);
#8853 = LINE('',#8854,#8855);
#8854 = CARTESIAN_POINT('',(31.756605148315,76.027336120605,
    15.168497085571));
#8855 = VECTOR('',#8856,1.);
#8856 = DIRECTION('',(-1.909393983563E-04,1.457427654692E-03,
    0.999998919723));
#8857 = PLANE('',#8858);
#8858 = AXIS2_PLACEMENT_3D('',#8859,#8860,#8861);
#8859 = CARTESIAN_POINT('',(31.755876559969,76.031627196436,
    21.001662297331));
#8860 = DIRECTION('',(0.995841115899,9.110690750597E-02,
    5.73636389641E-05));
#8861 = DIRECTION('',(-9.110690765586E-02,0.995841117537,
    -5.550340255128E-22));
#8862 = ADVANCED_FACE('',(#8863),#8880,.T.);
#8863 = FACE_BOUND('',#8864,.T.);
#8864 = EDGE_LOOP('',(#8865,#8873,#8874));
#8865 = ORIENTED_EDGE('',*,*,#8866,.F.);
#8866 = EDGE_CURVE('',#8006,#8867,#8869,.T.);
#8867 = VERTEX_POINT('',#8868);
#8868 = CARTESIAN_POINT('',(25.344854354858,102.98368072509,
    21.526992797852));
#8869 = LINE('',#8870,#8871);
#8870 = CARTESIAN_POINT('',(16.814510345459,102.98368072509,
    21.526992797852));
#8871 = VECTOR('',#8872,1.);
#8872 = DIRECTION('',(1.,0.,0.));
#8873 = ORIENTED_EDGE('',*,*,#8005,.F.);
#8874 = ORIENTED_EDGE('',*,*,#8875,.T.);
#8875 = EDGE_CURVE('',#7000,#8867,#8876,.T.);
#8876 = LINE('',#8877,#8878);
#8877 = CARTESIAN_POINT('',(25.331321716309,102.97900390625,
    21.592390060425));
#8878 = VECTOR('',#8879,1.);
#8879 = DIRECTION('',(0.202141699214,6.985925954522E-02,-0.976861513877)
  );
#8880 = PLANE('',#8881);
#8881 = AXIS2_PLACEMENT_3D('',#8882,#8883,#8884);
#8882 = CARTESIAN_POINT('',(21.092972675079,102.98250785407,
    21.54339338056));
#8883 = DIRECTION('',(0.,0.997452641699,7.13318131492E-02));
#8884 = DIRECTION('',(0.,-7.13318131492E-02,0.997452641699));
#8885 = ADVANCED_FACE('',(#8886),#8891,.T.);
#8886 = FACE_BOUND('',#8887,.T.);
#8887 = EDGE_LOOP('',(#8888,#8889,#8890));
#8888 = ORIENTED_EDGE('',*,*,#8729,.F.);
#8889 = ORIENTED_EDGE('',*,*,#8117,.F.);
#8890 = ORIENTED_EDGE('',*,*,#8093,.T.);
#8891 = PLANE('',#8892);
#8892 = AXIS2_PLACEMENT_3D('',#8893,#8894,#8895);
#8893 = CARTESIAN_POINT('',(20.541044330954,102.36999751267,
    23.321606785619));
#8894 = DIRECTION('',(1.510252339738E-03,0.82350911591,0.567301026925));
#8895 = DIRECTION('',(3.320725474343E-20,-0.567301673894,0.823510055067)
  );
#8896 = ADVANCED_FACE('',(#8897),#8908,.T.);
#8897 = FACE_BOUND('',#8898,.T.);
#8898 = EDGE_LOOP('',(#8899,#8900,#8901,#8907));
#8899 = ORIENTED_EDGE('',*,*,#8367,.F.);
#8900 = ORIENTED_EDGE('',*,*,#8476,.F.);
#8901 = ORIENTED_EDGE('',*,*,#8902,.T.);
#8902 = EDGE_CURVE('',#8469,#8132,#8903,.T.);
#8903 = LINE('',#8904,#8905);
#8904 = CARTESIAN_POINT('',(21.842351913452,96.134094238281,
    16.668575286865));
#8905 = VECTOR('',#8906,1.);
#8906 = DIRECTION('',(0.,0.,1.));
#8907 = ORIENTED_EDGE('',*,*,#8131,.F.);
#8908 = PLANE('',#8909);
#8909 = AXIS2_PLACEMENT_3D('',#8910,#8911,#8912);
#8910 = CARTESIAN_POINT('',(22.783512704795,96.740698968343,
    21.0000004269));
#8911 = DIRECTION('',(-0.541751111865,0.840538953763,0.));
#8912 = DIRECTION('',(0.840538953763,0.541751111865,0.));
#8913 = ADVANCED_FACE('',(#8914),#8932,.T.);
#8914 = FACE_BOUND('',#8915,.T.);
#8915 = EDGE_LOOP('',(#8916,#8924,#8930,#8931));
#8916 = ORIENTED_EDGE('',*,*,#8917,.T.);
#8917 = EDGE_CURVE('',#8132,#8918,#8920,.T.);
#8918 = VERTEX_POINT('',#8919);
#8919 = CARTESIAN_POINT('',(16.814510345459,96.134094238281,
    25.331424713135));
#8920 = LINE('',#8921,#8922);
#8921 = CARTESIAN_POINT('',(21.842351913452,96.134094238281,
    25.331424713135));
#8922 = VECTOR('',#8923,1.);
#8923 = DIRECTION('',(-1.,0.,0.));
#8924 = ORIENTED_EDGE('',*,*,#8925,.T.);
#8925 = EDGE_CURVE('',#8918,#8155,#8926,.T.);
#8926 = LINE('',#8927,#8928);
#8927 = CARTESIAN_POINT('',(16.814510345459,96.134094238281,
    25.331424713135));
#8928 = VECTOR('',#8929,1.);
#8929 = DIRECTION('',(0.,-0.981627137393,0.190809232308));
#8930 = ORIENTED_EDGE('',*,*,#8154,.T.);
#8931 = ORIENTED_EDGE('',*,*,#8139,.T.);
#8932 = PLANE('',#8933);
#8933 = AXIS2_PLACEMENT_3D('',#8934,#8935,#8936);
#8934 = CARTESIAN_POINT('',(19.785475799774,94.357186483524,
    25.676821036903));
#8935 = DIRECTION('',(0.,0.190809232308,0.981627137393));
#8936 = DIRECTION('',(0.,0.981627137393,-0.190809232308));
#8937 = ADVANCED_FACE('',(#8938),#8949,.T.);
#8938 = FACE_BOUND('',#8939,.T.);
#8939 = EDGE_LOOP('',(#8940,#8941,#8947,#8948));
#8940 = ORIENTED_EDGE('',*,*,#8925,.F.);
#8941 = ORIENTED_EDGE('',*,*,#8942,.F.);
#8942 = EDGE_CURVE('',#8461,#8918,#8943,.T.);
#8943 = LINE('',#8944,#8945);
#8944 = CARTESIAN_POINT('',(16.814510345459,96.134094238281,
    16.668575286865));
#8945 = VECTOR('',#8946,1.);
#8946 = DIRECTION('',(0.,0.,1.));
#8947 = ORIENTED_EDGE('',*,*,#8460,.F.);
#8948 = ORIENTED_EDGE('',*,*,#8162,.F.);
#8949 = PLANE('',#8950);
#8950 = AXIS2_PLACEMENT_3D('',#8951,#8952,#8953);
#8951 = CARTESIAN_POINT('',(16.814510345459,94.407323791989,21.));
#8952 = DIRECTION('',(-1.,-0.,-0.));
#8953 = DIRECTION('',(0.,0.,-1.));
#8954 = ADVANCED_FACE('',(#8955),#8960,.T.);
#8955 = FACE_BOUND('',#8956,.T.);
#8956 = EDGE_LOOP('',(#8957,#8958,#8959));
#8957 = ORIENTED_EDGE('',*,*,#8723,.F.);
#8958 = ORIENTED_EDGE('',*,*,#8226,.F.);
#8959 = ORIENTED_EDGE('',*,*,#8202,.T.);
#8960 = PLANE('',#8961);
#8961 = AXIS2_PLACEMENT_3D('',#8962,#8963,#8964);
#8962 = CARTESIAN_POINT('',(20.373663817562,102.02756940372,
    23.70465692763));
#8963 = DIRECTION('',(1.363070445411E-03,0.714006500741,0.700137742832)
  );
#8964 = DIRECTION('',(-4.5633929447E-20,-0.700138393247,0.71400716404));
#8965 = ADVANCED_FACE('',(#8966),#8971,.T.);
#8966 = FACE_BOUND('',#8967,.T.);
#8967 = EDGE_LOOP('',(#8968,#8969,#8970));
#8968 = ORIENTED_EDGE('',*,*,#8717,.F.);
#8969 = ORIENTED_EDGE('',*,*,#8272,.F.);
#8970 = ORIENTED_EDGE('',*,*,#8257,.T.);
#8971 = PLANE('',#8972);
#8972 = AXIS2_PLACEMENT_3D('',#8973,#8974,#8975);
#8973 = CARTESIAN_POINT('',(20.189416937846,101.62578586748,
    24.026086699582));
#8974 = DIRECTION('',(3.340232475451E-04,0.583358658067,0.812214604946)
  );
#8975 = DIRECTION('',(2.616947792787E-20,0.812214650256,-0.58335869061)
  );
#8976 = ADVANCED_FACE('',(#8977),#8987,.T.);
#8977 = FACE_BOUND('',#8978,.T.);
#8978 = EDGE_LOOP('',(#8979,#8985,#8986));
#8979 = ORIENTED_EDGE('',*,*,#8980,.F.);
#8980 = EDGE_CURVE('',#8296,#8273,#8981,.T.);
#8981 = LINE('',#8982,#8983);
#8982 = CARTESIAN_POINT('',(23.415735244751,101.04849243164,
    24.320875167847));
#8983 = VECTOR('',#8984,1.);
#8984 = DIRECTION('',(-0.996955730779,7.084061804433E-02,
    -3.257111759279E-02));
#8985 = ORIENTED_EDGE('',*,*,#8304,.T.);
#8986 = ORIENTED_EDGE('',*,*,#8280,.T.);
#8987 = PLANE('',#8988);
#8988 = AXIS2_PLACEMENT_3D('',#8989,#8990,#8991);
#8989 = CARTESIAN_POINT('',(20.364240084781,101.39385445016,
    24.16140624157));
#8990 = DIRECTION('',(3.40010806378E-04,0.421686867909,0.906741456991));
#8991 = DIRECTION('',(3.428805981078E-21,0.906741509404,-0.421686892284)
  );
#8992 = ADVANCED_FACE('',(#8993),#9010,.T.);
#8993 = FACE_BOUND('',#8994,.T.);
#8994 = EDGE_LOOP('',(#8995,#9003,#9004));
#8995 = ORIENTED_EDGE('',*,*,#8996,.F.);
#8996 = EDGE_CURVE('',#6144,#8997,#8999,.T.);
#8997 = VERTEX_POINT('',#8998);
#8998 = CARTESIAN_POINT('',(24.147727966309,97.943550109863,
    24.919174194336));
#8999 = LINE('',#9000,#9001);
#9000 = CARTESIAN_POINT('',(24.385425567627,97.773170471191,
    24.929140090942));
#9001 = VECTOR('',#9002,1.);
#9002 = DIRECTION('',(-0.812297560683,0.582248050109,-3.405702648463E-02
    ));
#9003 = ORIENTED_EDGE('',*,*,#8295,.F.);
#9004 = ORIENTED_EDGE('',*,*,#9005,.T.);
#9005 = EDGE_CURVE('',#8296,#8997,#9006,.T.);
#9006 = LINE('',#9007,#9008);
#9007 = CARTESIAN_POINT('',(23.415735244751,101.04849243164,
    24.320875167847));
#9008 = VECTOR('',#9009,1.);
#9009 = DIRECTION('',(0.225528274317,-0.956638314918,0.18433700636));
#9010 = PLANE('',#9011);
#9011 = AXIS2_PLACEMENT_3D('',#9012,#9013,#9014);
#9012 = CARTESIAN_POINT('',(23.860818649272,99.385461318644,
    24.635191182229));
#9013 = DIRECTION('',(0.11233554645,0.213484766967,0.970466372048));
#9014 = DIRECTION('',(-3.131108991198E-19,0.976648232931,-0.214844662753
    ));
#9015 = ADVANCED_FACE('',(#9016),#9034,.T.);
#9016 = FACE_BOUND('',#9017,.T.);
#9017 = EDGE_LOOP('',(#9018,#9019,#9020,#9028));
#9018 = ORIENTED_EDGE('',*,*,#8319,.F.);
#9019 = ORIENTED_EDGE('',*,*,#8996,.T.);
#9020 = ORIENTED_EDGE('',*,*,#9021,.F.);
#9021 = EDGE_CURVE('',#9022,#8997,#9024,.T.);
#9022 = VERTEX_POINT('',#9023);
#9023 = CARTESIAN_POINT('',(24.147727966309,97.943550109863,
    17.080825805664));
#9024 = LINE('',#9025,#9026);
#9025 = CARTESIAN_POINT('',(24.147727966309,97.943550109863,
    17.080825805664));
#9026 = VECTOR('',#9027,1.);
#9027 = DIRECTION('',(0.,0.,1.));
#9028 = ORIENTED_EDGE('',*,*,#9029,.T.);
#9029 = EDGE_CURVE('',#9022,#6543,#9030,.T.);
#9030 = LINE('',#9031,#9032);
#9031 = CARTESIAN_POINT('',(24.147727966309,97.943550109863,
    17.080825805664));
#9032 = VECTOR('',#9033,1.);
#9033 = DIRECTION('',(0.812297560683,-0.582248050109,-3.405702648463E-02
    ));
#9034 = PLANE('',#9035);
#9035 = AXIS2_PLACEMENT_3D('',#9036,#9037,#9038);
#9036 = CARTESIAN_POINT('',(24.266722258169,97.85825600366,21.));
#9037 = DIRECTION('',(-0.582586013376,-0.812769055156,-0.));
#9038 = DIRECTION('',(-0.812769055156,0.582586013376,0.));
#9039 = ADVANCED_FACE('',(#9040),#9050,.T.);
#9040 = FACE_BOUND('',#9041,.T.);
#9041 = EDGE_LOOP('',(#9042,#9043,#9049));
#9042 = ORIENTED_EDGE('',*,*,#8761,.F.);
#9043 = ORIENTED_EDGE('',*,*,#9044,.F.);
#9044 = EDGE_CURVE('',#7557,#8421,#9045,.T.);
#9045 = LINE('',#9046,#9047);
#9046 = CARTESIAN_POINT('',(24.179721832275,101.92736053466,
    18.206924438477));
#9047 = VECTOR('',#9048,1.);
#9048 = DIRECTION('',(-0.999998053958,1.308300047908E-03,
    -1.47662843887E-03));
#9049 = ORIENTED_EDGE('',*,*,#8389,.T.);
#9050 = PLANE('',#9051);
#9051 = AXIS2_PLACEMENT_3D('',#9052,#9053,#9054);
#9052 = CARTESIAN_POINT('',(20.372531343554,101.8238101965,
    18.123350966971));
#9053 = DIRECTION('',(1.962548700832E-03,0.583362440193,-0.812209586114)
  );
#9054 = DIRECTION('',(5.511756044537E-20,-0.81221115027,-0.583363563635)
  );
#9055 = ADVANCED_FACE('',(#9056),#9061,.T.);
#9056 = FACE_BOUND('',#9057,.T.);
#9057 = EDGE_LOOP('',(#9058,#9059,#9060));
#9058 = ORIENTED_EDGE('',*,*,#9044,.T.);
#9059 = ORIENTED_EDGE('',*,*,#8429,.F.);
#9060 = ORIENTED_EDGE('',*,*,#8405,.T.);
#9061 = PLANE('',#9062);
#9062 = AXIS2_PLACEMENT_3D('',#9063,#9064,#9065);
#9063 = CARTESIAN_POINT('',(20.662272422586,102.00095683277,
    18.262926996203));
#9064 = DIRECTION('',(1.972835372236E-03,0.663563640235,-0.748117238993)
  );
#9065 = DIRECTION('',(-1.026378802859E-19,-0.748118694863,-0.66356493156
    ));
#9066 = ADVANCED_FACE('',(#9067),#9072,.T.);
#9067 = FACE_BOUND('',#9068,.T.);
#9068 = EDGE_LOOP('',(#9069,#9070,#9071));
#9069 = ORIENTED_EDGE('',*,*,#8608,.T.);
#9070 = ORIENTED_EDGE('',*,*,#8445,.F.);
#9071 = ORIENTED_EDGE('',*,*,#8755,.F.);
#9072 = PLANE('',#9073);
#9073 = AXIS2_PLACEMENT_3D('',#9074,#9075,#9076);
#9074 = CARTESIAN_POINT('',(20.541090287711,102.20106875278,
    18.472634919572));
#9075 = DIRECTION('',(1.368303421227E-03,0.714006495639,-0.700137737828)
  );
#9076 = DIRECTION('',(-9.193267763381E-20,0.700138393247,0.71400716404)
  );
#9077 = ADVANCED_FACE('',(#9078),#9084,.T.);
#9078 = FACE_BOUND('',#9079,.T.);
#9079 = EDGE_LOOP('',(#9080,#9081,#9082,#9083));
#9080 = ORIENTED_EDGE('',*,*,#8942,.T.);
#9081 = ORIENTED_EDGE('',*,*,#8917,.F.);
#9082 = ORIENTED_EDGE('',*,*,#8902,.F.);
#9083 = ORIENTED_EDGE('',*,*,#8468,.F.);
#9084 = PLANE('',#9085);
#9085 = AXIS2_PLACEMENT_3D('',#9086,#9087,#9088);
#9086 = CARTESIAN_POINT('',(19.328431129456,96.134094238281,21.));
#9087 = DIRECTION('',(0.,1.,0.));
#9088 = DIRECTION('',(0.,0.,1.));
#9089 = ADVANCED_FACE('',(#9090),#9107,.T.);
#9090 = FACE_BOUND('',#9091,.T.);
#9091 = EDGE_LOOP('',(#9092,#9093,#9101));
#9092 = ORIENTED_EDGE('',*,*,#8530,.T.);
#9093 = ORIENTED_EDGE('',*,*,#9094,.F.);
#9094 = EDGE_CURVE('',#9095,#6543,#9097,.T.);
#9095 = VERTEX_POINT('',#9096);
#9096 = CARTESIAN_POINT('',(23.416410446167,101.04880523681,
    17.681974411011));
#9097 = LINE('',#9098,#9099);
#9098 = CARTESIAN_POINT('',(23.416410446167,101.04880523681,
    17.681974411011));
#9099 = VECTOR('',#9100,1.);
#9100 = DIRECTION('',(0.279239606162,-0.943934662761,-0.176103931782));
#9101 = ORIENTED_EDGE('',*,*,#9102,.F.);
#9102 = EDGE_CURVE('',#8531,#9095,#9103,.T.);
#9103 = LINE('',#9104,#9105);
#9104 = CARTESIAN_POINT('',(23.531892776489,101.18867492675,
    17.725648880005));
#9105 = VECTOR('',#9106,1.);
#9106 = DIRECTION('',(-0.618986612952,-0.749703139778,-0.234095653939));
#9107 = PLANE('',#9108);
#9108 = AXIS2_PLACEMENT_3D('',#9109,#9110,#9111);
#9109 = CARTESIAN_POINT('',(23.918485210835,99.489609875442,
    17.395660663523));
#9110 = DIRECTION('',(0.108813049229,0.213324841311,-0.970902792455));
#9111 = DIRECTION('',(-8.179705755086E-19,-0.976702224045,-0.21459908095
    ));
#9112 = ADVANCED_FACE('',(#9113),#9123,.T.);
#9113 = FACE_BOUND('',#9114,.T.);
#9114 = EDGE_LOOP('',(#9115,#9116,#9117));
#9115 = ORIENTED_EDGE('',*,*,#8569,.T.);
#9116 = ORIENTED_EDGE('',*,*,#8538,.T.);
#9117 = ORIENTED_EDGE('',*,*,#9118,.T.);
#9118 = EDGE_CURVE('',#8531,#8570,#9119,.T.);
#9119 = LINE('',#9120,#9121);
#9120 = CARTESIAN_POINT('',(23.531892776489,101.18867492675,
    17.725648880005));
#9121 = VECTOR('',#9122,1.);
#9122 = DIRECTION('',(-0.999760729345,-2.024137335061E-02,
    -8.292820033818E-03));
#9123 = PLANE('',#9124);
#9124 = AXIS2_PLACEMENT_3D('',#9125,#9126,#9127);
#9125 = CARTESIAN_POINT('',(20.347529752495,101.20328581529,
    17.744753777843));
#9126 = DIRECTION('',(-2.910864202001E-03,0.498850340111,-0.866683255314
    ));
#9127 = DIRECTION('',(-1.188591679855E-19,-0.866686927097,
    -0.498852453536));
#9128 = ADVANCED_FACE('',(#9129),#9139,.T.);
#9129 = FACE_BOUND('',#9130,.T.);
#9130 = EDGE_LOOP('',(#9131,#9132,#9138));
#9131 = ORIENTED_EDGE('',*,*,#8554,.T.);
#9132 = ORIENTED_EDGE('',*,*,#9133,.F.);
#9133 = EDGE_CURVE('',#8382,#7729,#9134,.T.);
#9134 = LINE('',#9135,#9136);
#9135 = CARTESIAN_POINT('',(16.814510345459,101.51755523681,
    17.894788742065));
#9136 = VECTOR('',#9137,1.);
#9137 = DIRECTION('',(0.999997162531,-1.186720486812E-03,
    2.06558081057E-03));
#9138 = ORIENTED_EDGE('',*,*,#8591,.T.);
#9139 = PLANE('',#9140);
#9140 = AXIS2_PLACEMENT_3D('',#9141,#9142,#9143);
#9141 = CARTESIAN_POINT('',(20.445611397935,101.57405227655,
    17.936967831318));
#9142 = DIRECTION('',(2.382199123922E-03,0.495408944888,-0.868656607902)
  );
#9143 = DIRECTION('',(6.747046636181E-20,-0.868659072671,-0.495410350585
    ));
#9144 = ADVANCED_FACE('',(#9145),#9150,.T.);
#9145 = FACE_BOUND('',#9146,.T.);
#9146 = EDGE_LOOP('',(#9147,#9148,#9149));
#9147 = ORIENTED_EDGE('',*,*,#9133,.T.);
#9148 = ORIENTED_EDGE('',*,*,#8577,.F.);
#9149 = ORIENTED_EDGE('',*,*,#8767,.F.);
#9150 = PLANE('',#9151);
#9151 = AXIS2_PLACEMENT_3D('',#9152,#9153,#9154);
#9152 = CARTESIAN_POINT('',(20.187518891958,101.39304826058,
    17.84346919997));
#9153 = DIRECTION('',(2.376216194805E-03,0.435428494156,-0.900220184218)
  );
#9154 = DIRECTION('',(1.462015376504E-19,-0.900222725732,-0.435429723464
    ));
#9155 = ADVANCED_FACE('',(#9156),#9173,.T.);
#9156 = FACE_BOUND('',#9157,.T.);
#9157 = EDGE_LOOP('',(#9158,#9166,#9167));
#9158 = ORIENTED_EDGE('',*,*,#9159,.T.);
#9159 = EDGE_CURVE('',#9160,#5686,#9162,.T.);
#9160 = VERTEX_POINT('',#9161);
#9161 = CARTESIAN_POINT('',(25.332736968994,102.98086547851,
    20.407419204712));
#9162 = LINE('',#9163,#9164);
#9163 = CARTESIAN_POINT('',(25.332736968994,102.98086547851,
    20.407419204712));
#9164 = VECTOR('',#9165,1.);
#9165 = DIRECTION('',(0.227801738057,-0.955819867892,-0.185781453008));
#9166 = ORIENTED_EDGE('',*,*,#8687,.F.);
#9167 = ORIENTED_EDGE('',*,*,#9168,.F.);
#9168 = EDGE_CURVE('',#9160,#8680,#9169,.T.);
#9169 = LINE('',#9170,#9171);
#9170 = CARTESIAN_POINT('',(25.332736968994,102.98086547851,
    20.407419204712));
#9171 = VECTOR('',#9172,1.);
#9172 = DIRECTION('',(-0.181497284096,-4.220821586073E-02,
    -0.982485217385));
#9173 = PLANE('',#9174);
#9174 = AXIS2_PLACEMENT_3D('',#9175,#9176,#9177);
#9175 = CARTESIAN_POINT('',(28.524720457836,89.548509656139,
    17.748950258296));
#9176 = DIRECTION('',(0.946970138629,0.26188151056,-0.186187085945));
#9177 = DIRECTION('',(-0.266542184616,0.963823253413,-3.624190776794E-18
    ));
#9178 = ADVANCED_FACE('',(#9179),#9196,.T.);
#9179 = FACE_BOUND('',#9180,.T.);
#9180 = EDGE_LOOP('',(#9181,#9182,#9190));
#9181 = ORIENTED_EDGE('',*,*,#8701,.F.);
#9182 = ORIENTED_EDGE('',*,*,#9183,.F.);
#9183 = EDGE_CURVE('',#9184,#8702,#9186,.T.);
#9184 = VERTEX_POINT('',#9185);
#9185 = CARTESIAN_POINT('',(23.009609222412,100.55610656738,
    24.471872329712));
#9186 = LINE('',#9187,#9188);
#9187 = CARTESIAN_POINT('',(23.009609222412,100.55610656738,
    24.471872329712));
#9188 = VECTOR('',#9189,1.);
#9189 = DIRECTION('',(-1.,0.,0.));
#9190 = ORIENTED_EDGE('',*,*,#9191,.T.);
#9191 = EDGE_CURVE('',#9184,#8704,#9192,.T.);
#9192 = LINE('',#9193,#9194);
#9193 = CARTESIAN_POINT('',(23.009609222412,100.55610656738,
    24.471872329712));
#9194 = VECTOR('',#9195,1.);
#9195 = DIRECTION('',(-0.996543653948,7.987773491369E-02,
    -2.28099373307E-02));
#9196 = PLANE('',#9197);
#9197 = AXIS2_PLACEMENT_3D('',#9198,#9199,#9200);
#9198 = CARTESIAN_POINT('',(19.788327380577,100.68541345723,
    24.434947371122));
#9199 = DIRECTION('',(0.,0.274584537814,0.961562962886));
#9200 = DIRECTION('',(0.,0.961562962886,-0.274584537814));
#9201 = ADVANCED_FACE('',(#9202),#9212,.T.);
#9202 = FACE_BOUND('',#9203,.T.);
#9203 = EDGE_LOOP('',(#9204,#9205,#9211));
#9204 = ORIENTED_EDGE('',*,*,#8711,.F.);
#9205 = ORIENTED_EDGE('',*,*,#9206,.F.);
#9206 = EDGE_CURVE('',#8296,#8704,#9207,.T.);
#9207 = LINE('',#9208,#9209);
#9208 = CARTESIAN_POINT('',(23.415735244751,101.04849243164,
    24.320875167847));
#9209 = VECTOR('',#9210,1.);
#9210 = DIRECTION('',(-0.999998828844,6.333526535476E-04,
    1.393260262503E-03));
#9211 = ORIENTED_EDGE('',*,*,#8980,.T.);
#9212 = PLANE('',#9213);
#9213 = AXIS2_PLACEMENT_3D('',#9214,#9215,#9216);
#9214 = CARTESIAN_POINT('',(19.991062529345,101.17142076605,
    24.26723544081));
#9215 = DIRECTION('',(1.530024880162E-03,0.435435200185,0.900218776445)
  );
#9216 = DIRECTION('',(4.359081910504E-20,0.900219830142,-0.435435709857)
  );
#9217 = ADVANCED_FACE('',(#9218),#9252,.T.);
#9218 = FACE_BOUND('',#9219,.T.);
#9219 = EDGE_LOOP('',(#9220,#9230,#9236,#9237,#9238,#9246));
#9220 = ORIENTED_EDGE('',*,*,#9221,.T.);
#9221 = EDGE_CURVE('',#9222,#9224,#9226,.T.);
#9222 = VERTEX_POINT('',#9223);
#9223 = CARTESIAN_POINT('',(25.378442764282,102.98368072509,
    20.920909881592));
#9224 = VERTEX_POINT('',#9225);
#9225 = CARTESIAN_POINT('',(25.344854354858,102.98368072509,
    20.473009109497));
#9226 = LINE('',#9227,#9228);
#9227 = CARTESIAN_POINT('',(25.378442764282,102.98368072509,
    20.920909881592));
#9228 = VECTOR('',#9229,1.);
#9229 = DIRECTION('',(-7.478076377607E-02,0.,-0.997199998681));
#9230 = ORIENTED_EDGE('',*,*,#9231,.T.);
#9231 = EDGE_CURVE('',#9224,#8739,#9232,.T.);
#9232 = LINE('',#9233,#9234);
#9233 = CARTESIAN_POINT('',(25.344854354858,102.98368072509,
    20.473009109497));
#9234 = VECTOR('',#9235,1.);
#9235 = DIRECTION('',(-1.,0.,0.));
#9236 = ORIENTED_EDGE('',*,*,#8738,.T.);
#9237 = ORIENTED_EDGE('',*,*,#8866,.T.);
#9238 = ORIENTED_EDGE('',*,*,#9239,.T.);
#9239 = EDGE_CURVE('',#8867,#9240,#9242,.T.);
#9240 = VERTEX_POINT('',#9241);
#9241 = CARTESIAN_POINT('',(25.378442764282,102.98368072509,
    21.079090118408));
#9242 = LINE('',#9243,#9244);
#9243 = CARTESIAN_POINT('',(25.344854354858,102.98368072509,
    21.526992797852));
#9244 = VECTOR('',#9245,1.);
#9245 = DIRECTION('',(7.478044711048E-02,0.,-0.997200022428));
#9246 = ORIENTED_EDGE('',*,*,#9247,.T.);
#9247 = EDGE_CURVE('',#9240,#9222,#9248,.T.);
#9248 = LINE('',#9249,#9250);
#9249 = CARTESIAN_POINT('',(25.378442764282,102.98368072509,
    21.079090118408));
#9250 = VECTOR('',#9251,1.);
#9251 = DIRECTION('',(0.,0.,-1.));
#9252 = PLANE('',#9253);
#9253 = AXIS2_PLACEMENT_3D('',#9254,#9255,#9256);
#9254 = CARTESIAN_POINT('',(21.081306021782,102.98368072509,
    21.000000953527));
#9255 = DIRECTION('',(0.,1.,0.));
#9256 = DIRECTION('',(0.,0.,1.));
#9257 = ADVANCED_FACE('',(#9258),#9268,.T.);
#9258 = FACE_BOUND('',#9259,.T.);
#9259 = EDGE_LOOP('',(#9260,#9261,#9267));
#9260 = ORIENTED_EDGE('',*,*,#8746,.F.);
#9261 = ORIENTED_EDGE('',*,*,#9262,.F.);
#9262 = EDGE_CURVE('',#8680,#8739,#9263,.T.);
#9263 = LINE('',#9264,#9265);
#9264 = CARTESIAN_POINT('',(25.297338485718,102.97263336181,
    20.215799331665));
#9265 = VECTOR('',#9266,1.);
#9266 = DIRECTION('',(-0.999539781402,1.30172141845E-03,
    3.030727498633E-02));
#9267 = ORIENTED_EDGE('',*,*,#8812,.T.);
#9268 = PLANE('',#9269);
#9269 = AXIS2_PLACEMENT_3D('',#9270,#9271,#9272);
#9270 = CARTESIAN_POINT('',(20.93069092955,102.96687978267,
    20.215778756151));
#9271 = DIRECTION('',(-1.312322809274E-03,0.996288053393,
    -8.607201911538E-02));
#9272 = DIRECTION('',(8.272139515771E-21,8.607209323171E-02,
    0.996288911294));
#9273 = ADVANCED_FACE('',(#9274),#9289,.T.);
#9274 = FACE_BOUND('',#9275,.T.);
#9275 = EDGE_LOOP('',(#9276,#9277,#9283));
#9276 = ORIENTED_EDGE('',*,*,#8773,.F.);
#9277 = ORIENTED_EDGE('',*,*,#9278,.F.);
#9278 = EDGE_CURVE('',#9095,#8570,#9279,.T.);
#9279 = LINE('',#9280,#9281);
#9280 = CARTESIAN_POINT('',(23.416410446167,101.04880523681,
    17.681974411011));
#9281 = VECTOR('',#9282,1.);
#9282 = DIRECTION('',(-0.999998164033,5.859064612655E-04,
    -1.824457249947E-03));
#9283 = ORIENTED_EDGE('',*,*,#9284,.T.);
#9284 = EDGE_CURVE('',#9095,#8774,#9285,.T.);
#9285 = LINE('',#9286,#9287);
#9286 = CARTESIAN_POINT('',(23.416410446167,101.04880523681,
    17.681974411011));
#9287 = VECTOR('',#9288,1.);
#9288 = DIRECTION('',(-0.996957610813,-7.440277508537E-02,
    -2.323250529733E-02));
#9289 = PLANE('',#9290);
#9290 = AXIS2_PLACEMENT_3D('',#9291,#9292,#9293);
#9291 = CARTESIAN_POINT('',(19.991397845282,100.92182264299,
    17.638890837724));
#9292 = DIRECTION('',(1.91521159918E-03,0.27458744917,-0.961560224179));
#9293 = DIRECTION('',(-1.603331614506E-20,-0.961561987702,
    -0.274587952769));
#9294 = ADVANCED_FACE('',(#9295),#9320,.T.);
#9295 = FACE_BOUND('',#9296,.T.);
#9296 = EDGE_LOOP('',(#9297,#9305,#9306,#9314));
#9297 = ORIENTED_EDGE('',*,*,#9298,.T.);
#9298 = EDGE_CURVE('',#9299,#8782,#9301,.T.);
#9299 = VERTEX_POINT('',#9300);
#9300 = CARTESIAN_POINT('',(21.842351913452,99.595993041992,
    17.341501235962));
#9301 = LINE('',#9302,#9303);
#9302 = CARTESIAN_POINT('',(21.842351913452,99.595993041992,
    17.341501235962));
#9303 = VECTOR('',#9304,1.);
#9304 = DIRECTION('',(-1.,0.,0.));
#9305 = ORIENTED_EDGE('',*,*,#8781,.T.);
#9306 = ORIENTED_EDGE('',*,*,#9307,.T.);
#9307 = EDGE_CURVE('',#8774,#9308,#9310,.T.);
#9308 = VERTEX_POINT('',#9309);
#9309 = CARTESIAN_POINT('',(23.009609222412,100.55610656738,
    17.528127670288));
#9310 = LINE('',#9311,#9312);
#9311 = CARTESIAN_POINT('',(16.814510345459,100.55610656738,
    17.528127670288));
#9312 = VECTOR('',#9313,1.);
#9313 = DIRECTION('',(1.,0.,0.));
#9314 = ORIENTED_EDGE('',*,*,#9315,.T.);
#9315 = EDGE_CURVE('',#9308,#9299,#9316,.T.);
#9316 = LINE('',#9317,#9318);
#9317 = CARTESIAN_POINT('',(23.009609222412,100.55610656738,
    17.528127670288));
#9318 = VECTOR('',#9319,1.);
#9319 = DIRECTION('',(-0.766484534677,-0.630462677849,-0.12254905116));
#9320 = PLANE('',#9321);
#9321 = AXIS2_PLACEMENT_3D('',#9322,#9323,#9324);
#9322 = CARTESIAN_POINT('',(19.756442400157,100.11688003203,
    17.442751014314));
#9323 = DIRECTION('',(0.,0.190808276639,-0.981627323156));
#9324 = DIRECTION('',(0.,-0.981627323156,-0.190808276639));
#9325 = ADVANCED_FACE('',(#9326),#9344,.T.);
#9326 = FACE_BOUND('',#9327,.T.);
#9327 = EDGE_LOOP('',(#9328,#9329,#9330,#9338));
#9328 = ORIENTED_EDGE('',*,*,#8789,.T.);
#9329 = ORIENTED_EDGE('',*,*,#9298,.F.);
#9330 = ORIENTED_EDGE('',*,*,#9331,.F.);
#9331 = EDGE_CURVE('',#9332,#9299,#9334,.T.);
#9332 = VERTEX_POINT('',#9333);
#9333 = CARTESIAN_POINT('',(21.842351913452,99.595993041992,
    24.658498764038));
#9334 = LINE('',#9335,#9336);
#9335 = CARTESIAN_POINT('',(21.842351913452,99.595993041992,
    24.658498764038));
#9336 = VECTOR('',#9337,1.);
#9337 = DIRECTION('',(0.,0.,-1.));
#9338 = ORIENTED_EDGE('',*,*,#9339,.F.);
#9339 = EDGE_CURVE('',#8790,#9332,#9340,.T.);
#9340 = LINE('',#9341,#9342);
#9341 = CARTESIAN_POINT('',(16.814510345459,99.595993041992,
    24.658498764038));
#9342 = VECTOR('',#9343,1.);
#9343 = DIRECTION('',(1.,0.,0.));
#9344 = PLANE('',#9345);
#9345 = AXIS2_PLACEMENT_3D('',#9346,#9347,#9348);
#9346 = CARTESIAN_POINT('',(19.328431129456,99.595993041992,21.));
#9347 = DIRECTION('',(-0.,-1.,-0.));
#9348 = DIRECTION('',(0.,0.,-1.));
#9349 = ADVANCED_FACE('',(#9350),#9361,.T.);
#9350 = FACE_BOUND('',#9351,.T.);
#9351 = EDGE_LOOP('',(#9352,#9353,#9354,#9355));
#9352 = ORIENTED_EDGE('',*,*,#9183,.T.);
#9353 = ORIENTED_EDGE('',*,*,#8797,.T.);
#9354 = ORIENTED_EDGE('',*,*,#9339,.T.);
#9355 = ORIENTED_EDGE('',*,*,#9356,.T.);
#9356 = EDGE_CURVE('',#9332,#9184,#9357,.T.);
#9357 = LINE('',#9358,#9359);
#9358 = CARTESIAN_POINT('',(21.842351913452,99.595993041992,
    24.658498764038));
#9359 = VECTOR('',#9360,1.);
#9360 = DIRECTION('',(0.766484534677,0.630462677849,-0.12254905116));
#9361 = PLANE('',#9362);
#9362 = AXIS2_PLACEMENT_3D('',#9363,#9364,#9365);
#9363 = CARTESIAN_POINT('',(19.756442400157,100.11688003203,
    24.557248985686));
#9364 = DIRECTION('',(0.,0.190808276639,0.981627323156));
#9365 = DIRECTION('',(0.,0.981627323156,-0.190808276639));
#9366 = ADVANCED_FACE('',(#9367),#9377,.T.);
#9367 = FACE_BOUND('',#9368,.T.);
#9368 = EDGE_LOOP('',(#9369,#9370,#9371));
#9369 = ORIENTED_EDGE('',*,*,#8875,.F.);
#9370 = ORIENTED_EDGE('',*,*,#8827,.F.);
#9371 = ORIENTED_EDGE('',*,*,#9372,.T.);
#9372 = EDGE_CURVE('',#7983,#8867,#9373,.T.);
#9373 = LINE('',#9374,#9375);
#9374 = CARTESIAN_POINT('',(31.755916595459,76.027519226074,
    26.831060409546));
#9375 = VECTOR('',#9376,1.);
#9376 = DIRECTION('',(-0.227252706237,0.955514144228,-0.188013105097));
#9377 = PLANE('',#9378);
#9378 = AXIS2_PLACEMENT_3D('',#9379,#9380,#9381);
#9379 = CARTESIAN_POINT('',(28.54319928053,89.520406598248,
    24.192247635269));
#9380 = DIRECTION('',(0.940134293686,0.265611724994,0.213536697972));
#9381 = DIRECTION('',(-0.271882687436,0.962330402862,1.369925150588E-17)
  );
#9382 = ADVANCED_FACE('',(#9383),#9393,.T.);
#9383 = FACE_BOUND('',#9384,.T.);
#9384 = EDGE_LOOP('',(#9385,#9391,#9392));
#9385 = ORIENTED_EDGE('',*,*,#9386,.T.);
#9386 = EDGE_CURVE('',#8844,#8867,#9387,.T.);
#9387 = LINE('',#9388,#9389);
#9388 = CARTESIAN_POINT('',(31.75438117981,76.044311523438,
    26.815994262695));
#9389 = VECTOR('',#9390,1.);
#9390 = DIRECTION('',(-0.227353208896,0.955570075748,-0.187606899499));
#9391 = ORIENTED_EDGE('',*,*,#9372,.F.);
#9392 = ORIENTED_EDGE('',*,*,#8843,.F.);
#9393 = PLANE('',#9394);
#9394 = AXIS2_PLACEMENT_3D('',#9395,#9396,#9397);
#9395 = CARTESIAN_POINT('',(28.551286211995,89.504396972917,
    24.176322641047));
#9396 = DIRECTION('',(0.944278180483,0.263414516202,0.197361370377));
#9397 = DIRECTION('',(-0.268699621138,0.963224020465,-6.794385241054E-18
    ));
#9398 = ADVANCED_FACE('',(#9399),#9416,.T.);
#9399 = FACE_BOUND('',#9400,.T.);
#9400 = EDGE_LOOP('',(#9401,#9409,#9410));
#9401 = ORIENTED_EDGE('',*,*,#9402,.T.);
#9402 = EDGE_CURVE('',#9403,#8844,#9405,.T.);
#9403 = VERTEX_POINT('',#9404);
#9404 = CARTESIAN_POINT('',(31.754199981689,76.044082641602,
    15.183767318726));
#9405 = LINE('',#9406,#9407);
#9406 = CARTESIAN_POINT('',(31.754199981689,76.044082641602,
    15.183767318726));
#9407 = VECTOR('',#9408,1.);
#9408 = DIRECTION('',(1.557725110875E-05,1.967652771631E-05,
    0.999999999685));
#9409 = ORIENTED_EDGE('',*,*,#8852,.F.);
#9410 = ORIENTED_EDGE('',*,*,#9411,.T.);
#9411 = EDGE_CURVE('',#5686,#9403,#9412,.T.);
#9412 = LINE('',#9413,#9414);
#9413 = CARTESIAN_POINT('',(31.756605148315,76.027336120605,
    15.168497085571));
#9414 = VECTOR('',#9415,1.);
#9415 = DIRECTION('',(-0.10553333822,0.734799928289,0.670023715932));
#9416 = PLANE('',#9417);
#9417 = AXIS2_PLACEMENT_3D('',#9418,#9419,#9420);
#9418 = CARTESIAN_POINT('',(31.754892766232,76.040003499917,
    20.990368657739));
#9419 = DIRECTION('',(0.98984090387,0.142179410234,-1.821659742919E-05)
  );
#9420 = DIRECTION('',(-0.142179410258,0.989840904034,-4.220500603731E-23
    ));
#9421 = ADVANCED_FACE('',(#9422),#9439,.T.);
#9422 = FACE_BOUND('',#9423,.T.);
#9423 = EDGE_LOOP('',(#9424,#9432,#9433));
#9424 = ORIENTED_EDGE('',*,*,#9425,.T.);
#9425 = EDGE_CURVE('',#9426,#8997,#9428,.T.);
#9426 = VERTEX_POINT('',#9427);
#9427 = CARTESIAN_POINT('',(23.409429550171,101.04106140136,
    24.324327468872));
#9428 = LINE('',#9429,#9430);
#9429 = CARTESIAN_POINT('',(23.409429550171,101.04106140136,
    24.324327468872));
#9430 = VECTOR('',#9431,1.);
#9431 = DIRECTION('',(0.22791435692,-0.956208598887,0.183630502161));
#9432 = ORIENTED_EDGE('',*,*,#9005,.F.);
#9433 = ORIENTED_EDGE('',*,*,#9434,.F.);
#9434 = EDGE_CURVE('',#9426,#8296,#9435,.T.);
#9435 = LINE('',#9436,#9437);
#9436 = CARTESIAN_POINT('',(23.409429550171,101.04106140136,
    24.324327468872));
#9437 = VECTOR('',#9438,1.);
#9438 = DIRECTION('',(0.609878484352,0.718719472183,-0.333902013514));
#9439 = PLANE('',#9440);
#9440 = AXIS2_PLACEMENT_3D('',#9441,#9442,#9443);
#9441 = CARTESIAN_POINT('',(23.779571616942,99.496633562691,
    24.620412109503));
#9442 = DIRECTION('',(0.236270685592,0.23726999984,0.942273373446));
#9443 = DIRECTION('',(2.229518456928E-17,0.969729043825,-0.244183499775)
  );
#9444 = ADVANCED_FACE('',(#9445),#9470,.T.);
#9445 = FACE_BOUND('',#9446,.T.);
#9446 = EDGE_LOOP('',(#9447,#9455,#9463,#9469));
#9447 = ORIENTED_EDGE('',*,*,#9448,.T.);
#9448 = EDGE_CURVE('',#8997,#9449,#9451,.T.);
#9449 = VERTEX_POINT('',#9450);
#9450 = CARTESIAN_POINT('',(23.526288986206,98.388984680176,
    24.893117904663));
#9451 = LINE('',#9452,#9453);
#9452 = CARTESIAN_POINT('',(24.147727966309,97.943550109863,
    24.919174194336));
#9453 = VECTOR('',#9454,1.);
#9454 = DIRECTION('',(-0.812302245348,0.582241399728,-3.405898774357E-02
    ));
#9455 = ORIENTED_EDGE('',*,*,#9456,.F.);
#9456 = EDGE_CURVE('',#9457,#9449,#9459,.T.);
#9457 = VERTEX_POINT('',#9458);
#9458 = CARTESIAN_POINT('',(23.526288986206,98.388984680176,
    17.106882095337));
#9459 = LINE('',#9460,#9461);
#9460 = CARTESIAN_POINT('',(23.526288986206,98.388984680176,
    17.106882095337));
#9461 = VECTOR('',#9462,1.);
#9462 = DIRECTION('',(0.,0.,1.));
#9463 = ORIENTED_EDGE('',*,*,#9464,.T.);
#9464 = EDGE_CURVE('',#9457,#9022,#9465,.T.);
#9465 = LINE('',#9466,#9467);
#9466 = CARTESIAN_POINT('',(23.526288986206,98.388984680176,
    17.106882095337));
#9467 = VECTOR('',#9468,1.);
#9468 = DIRECTION('',(0.812302245348,-0.582241399728,-3.405898774357E-02
    ));
#9469 = ORIENTED_EDGE('',*,*,#9021,.T.);
#9470 = PLANE('',#9471);
#9471 = AXIS2_PLACEMENT_3D('',#9472,#9473,#9474);
#9472 = CARTESIAN_POINT('',(23.837952383109,98.165590822168,21.));
#9473 = DIRECTION('',(-0.582579398094,-0.812773796893,-0.));
#9474 = DIRECTION('',(-0.812773796893,0.582579398094,0.));
#9475 = ADVANCED_FACE('',(#9476),#9493,.T.);
#9476 = FACE_BOUND('',#9477,.T.);
#9477 = EDGE_LOOP('',(#9478,#9486,#9487));
#9478 = ORIENTED_EDGE('',*,*,#9479,.F.);
#9479 = EDGE_CURVE('',#6543,#9480,#9482,.T.);
#9480 = VERTEX_POINT('',#9481);
#9481 = CARTESIAN_POINT('',(23.409954071045,101.04098510742,
    17.679531097412));
#9482 = LINE('',#9483,#9484);
#9483 = CARTESIAN_POINT('',(24.385425567627,97.773170471191,
    17.070859909058));
#9484 = VECTOR('',#9485,1.);
#9485 = DIRECTION('',(-0.281586883049,0.943311763617,0.175703568306));
#9486 = ORIENTED_EDGE('',*,*,#9029,.F.);
#9487 = ORIENTED_EDGE('',*,*,#9488,.T.);
#9488 = EDGE_CURVE('',#9022,#9480,#9489,.T.);
#9489 = LINE('',#9490,#9491);
#9490 = CARTESIAN_POINT('',(24.147727966309,97.943550109863,
    17.080825805664));
#9491 = VECTOR('',#9492,1.);
#9492 = DIRECTION('',(-0.227715997892,0.95603206606,0.184792080377));
#9493 = PLANE('',#9494);
#9494 = AXIS2_PLACEMENT_3D('',#9495,#9496,#9497);
#9495 = CARTESIAN_POINT('',(23.858083814493,99.381753536049,
    17.364983047601));
#9496 = DIRECTION('',(0.113039720228,0.214449931409,-0.970171762406));
#9497 = DIRECTION('',(1.270518529053E-17,-0.976430221411,-0.215833321605
    ));
#9498 = ADVANCED_FACE('',(#9499),#9509,.T.);
#9499 = FACE_BOUND('',#9500,.T.);
#9500 = EDGE_LOOP('',(#9501,#9502,#9508));
#9501 = ORIENTED_EDGE('',*,*,#9479,.T.);
#9502 = ORIENTED_EDGE('',*,*,#9503,.F.);
#9503 = EDGE_CURVE('',#9095,#9480,#9504,.T.);
#9504 = LINE('',#9505,#9506);
#9505 = CARTESIAN_POINT('',(23.416410446167,101.04880523681,
    17.681974411011));
#9506 = VECTOR('',#9507,1.);
#9507 = DIRECTION('',(-0.618951152933,-0.749689727334,-0.234232327004));
#9508 = ORIENTED_EDGE('',*,*,#9094,.T.);
#9509 = PLANE('',#9510);
#9510 = AXIS2_PLACEMENT_3D('',#9511,#9512,#9513);
#9511 = CARTESIAN_POINT('',(23.89857514982,99.411491584818,
    17.37626489049));
#9512 = DIRECTION('',(0.108975768481,0.213367811274,-0.970875099586));
#9513 = DIRECTION('',(1.925554251109E-18,-0.976691879498,-0.214646156551
    ));
#9514 = ADVANCED_FACE('',(#9515),#9520,.T.);
#9515 = FACE_BOUND('',#9516,.T.);
#9516 = EDGE_LOOP('',(#9517,#9518,#9519));
#9517 = ORIENTED_EDGE('',*,*,#9278,.T.);
#9518 = ORIENTED_EDGE('',*,*,#9118,.F.);
#9519 = ORIENTED_EDGE('',*,*,#9102,.T.);
#9520 = PLANE('',#9521);
#9521 = AXIS2_PLACEMENT_3D('',#9522,#9523,#9524);
#9522 = CARTESIAN_POINT('',(20.190573095863,101.08646605665,
    17.687199205661));
#9523 = DIRECTION('',(1.916140138395E-03,0.296616177792,-0.954994854164)
  );
#9524 = DIRECTION('',(-8.844453568906E-21,-0.954996607345,-0.29661672232
    ));
#9525 = ADVANCED_FACE('',(#9526),#9536,.T.);
#9526 = FACE_BOUND('',#9527,.T.);
#9527 = EDGE_LOOP('',(#9528,#9529,#9530));
#9528 = ORIENTED_EDGE('',*,*,#9411,.F.);
#9529 = ORIENTED_EDGE('',*,*,#9159,.F.);
#9530 = ORIENTED_EDGE('',*,*,#9531,.T.);
#9531 = EDGE_CURVE('',#9160,#9403,#9532,.T.);
#9532 = LINE('',#9533,#9534);
#9533 = CARTESIAN_POINT('',(25.332736968994,102.98086547851,
    20.407419204712));
#9534 = VECTOR('',#9535,1.);
#9535 = DIRECTION('',(0.22787312444,-0.955883239581,-0.185367395856));
#9536 = PLANE('',#9537);
#9537 = AXIS2_PLACEMENT_3D('',#9538,#9539,#9540);
#9538 = CARTESIAN_POINT('',(28.545367586233,89.502842087017,
    17.790717480461));
#9539 = DIRECTION('',(0.959096438082,0.253190511532,-0.126604057314));
#9540 = DIRECTION('',(-0.255244378329,0.966876572956,-3.530057435633E-18
    ));
#9541 = ADVANCED_FACE('',(#9542),#9552,.T.);
#9542 = FACE_BOUND('',#9543,.T.);
#9543 = EDGE_LOOP('',(#9544,#9545,#9551));
#9544 = ORIENTED_EDGE('',*,*,#9262,.T.);
#9545 = ORIENTED_EDGE('',*,*,#9546,.F.);
#9546 = EDGE_CURVE('',#9160,#8739,#9547,.T.);
#9547 = LINE('',#9548,#9549);
#9548 = CARTESIAN_POINT('',(25.332736968994,102.98086547851,
    20.407419204712));
#9549 = VECTOR('',#9550,1.);
#9550 = DIRECTION('',(-0.999970302107,3.304869780479E-04,
    7.699719648449E-03));
#9551 = ORIENTED_EDGE('',*,*,#9168,.T.);
#9552 = PLANE('',#9553);
#9553 = AXIS2_PLACEMENT_3D('',#9554,#9555,#9556);
#9554 = CARTESIAN_POINT('',(21.112984667311,102.98017957355,
    20.391482537859));
#9555 = DIRECTION('',(-2.9739044989E-07,0.999078468497,
    -4.292101798421E-02));
#9556 = DIRECTION('',(2.242775626506E-24,4.292101798421E-02,
    0.999078468497));
#9557 = ADVANCED_FACE('',(#9558),#9575,.T.);
#9558 = FACE_BOUND('',#9559,.T.);
#9559 = EDGE_LOOP('',(#9560,#9568,#9569));
#9560 = ORIENTED_EDGE('',*,*,#9561,.T.);
#9561 = EDGE_CURVE('',#9562,#8704,#9564,.T.);
#9562 = VERTEX_POINT('',#9563);
#9563 = CARTESIAN_POINT('',(23.32946395874,100.94686126709,
    24.368167877197));
#9564 = LINE('',#9565,#9566);
#9565 = CARTESIAN_POINT('',(23.32946395874,100.94686126709,
    24.368167877197));
#9566 = VECTOR('',#9567,1.);
#9567 = DIRECTION('',(-0.999851045504,1.623899690618E-02,
    -5.846518948861E-03));
#9568 = ORIENTED_EDGE('',*,*,#9191,.F.);
#9569 = ORIENTED_EDGE('',*,*,#9570,.T.);
#9570 = EDGE_CURVE('',#9184,#9562,#9571,.T.);
#9571 = LINE('',#9572,#9573);
#9572 = CARTESIAN_POINT('',(23.009609222412,100.55610656738,
    24.471872329712));
#9573 = VECTOR('',#9574,1.);
#9574 = DIRECTION('',(0.620462320957,0.757995866149,-0.20116852431));
#9575 = PLANE('',#9576);
#9576 = AXIS2_PLACEMENT_3D('',#9577,#9578,#9579);
#9577 = CARTESIAN_POINT('',(20.117474445067,100.89842592165,
    24.37621048732));
#9578 = DIRECTION('',(-1.465622728635E-03,0.257635511634,0.966241064691)
  );
#9579 = DIRECTION('',(-5.451566124123E-20,0.96624210246,-0.257635788341)
  );
#9580 = ADVANCED_FACE('',(#9581),#9591,.T.);
#9581 = FACE_BOUND('',#9582,.T.);
#9582 = EDGE_LOOP('',(#9583,#9589,#9590));
#9583 = ORIENTED_EDGE('',*,*,#9584,.T.);
#9584 = EDGE_CURVE('',#8704,#9426,#9585,.T.);
#9585 = LINE('',#9586,#9587);
#9586 = CARTESIAN_POINT('',(16.814510345459,101.05267333984,
    24.330072402954));
#9587 = VECTOR('',#9588,1.);
#9588 = DIRECTION('',(0.999998070482,-1.760736668741E-03,
    -8.71113476716E-04));
#9589 = ORIENTED_EDGE('',*,*,#9434,.T.);
#9590 = ORIENTED_EDGE('',*,*,#9206,.T.);
#9591 = PLANE('',#9592);
#9592 = AXIS2_PLACEMENT_3D('',#9593,#9594,#9595);
#9593 = CARTESIAN_POINT('',(20.11612991189,101.04872292347,
    24.326333524366));
#9594 = DIRECTION('',(1.530422327072E-03,0.420261242481,0.9074018657));
#9595 = DIRECTION('',(-1.261446235249E-19,0.907402928357,-0.420261734648
    ));
#9596 = ADVANCED_FACE('',(#9597),#9614,.T.);
#9597 = FACE_BOUND('',#9598,.T.);
#9598 = EDGE_LOOP('',(#9599,#9607,#9608));
#9599 = ORIENTED_EDGE('',*,*,#9600,.T.);
#9600 = EDGE_CURVE('',#9601,#9224,#9603,.T.);
#9601 = VERTEX_POINT('',#9602);
#9602 = CARTESIAN_POINT('',(31.636413574219,76.735710144043,
    15.818820953369));
#9603 = LINE('',#9604,#9605);
#9604 = CARTESIAN_POINT('',(31.636413574219,76.735710144043,
    15.818820953369));
#9605 = VECTOR('',#9606,1.);
#9606 = DIRECTION('',(-0.229704459972,0.958311874285,0.169924137998));
#9607 = ORIENTED_EDGE('',*,*,#9221,.F.);
#9608 = ORIENTED_EDGE('',*,*,#9609,.F.);
#9609 = EDGE_CURVE('',#9601,#9222,#9610,.T.);
#9610 = LINE('',#9611,#9612);
#9611 = CARTESIAN_POINT('',(31.636413574219,76.735710144043,
    15.818820953369));
#9612 = VECTOR('',#9613,1.);
#9613 = DIRECTION('',(-0.227879269221,0.955799976737,0.185788705601));
#9614 = PLANE('',#9615);
#9615 = AXIS2_PLACEMENT_3D('',#9616,#9617,#9618);
#9616 = CARTESIAN_POINT('',(28.47355984702,89.966289820191,
    18.277846353046));
#9617 = DIRECTION('',(0.966903860552,0.244620917826,-7.250883402102E-02)
  );
#9618 = DIRECTION('',(-0.245266515663,0.969455690733,-2.78212190837E-19)
  );
#9619 = ADVANCED_FACE('',(#9620),#9630,.T.);
#9620 = FACE_BOUND('',#9621,.T.);
#9621 = EDGE_LOOP('',(#9622,#9623,#9629));
#9622 = ORIENTED_EDGE('',*,*,#9231,.F.);
#9623 = ORIENTED_EDGE('',*,*,#9624,.T.);
#9624 = EDGE_CURVE('',#9224,#9160,#9625,.T.);
#9625 = LINE('',#9626,#9627);
#9626 = CARTESIAN_POINT('',(25.344854354858,102.98368072509,
    20.473009109497));
#9627 = VECTOR('',#9628,1.);
#9628 = DIRECTION('',(-0.181508823566,-4.217015954412E-02,
    -0.982484719785));
#9629 = ORIENTED_EDGE('',*,*,#9546,.T.);
#9630 = PLANE('',#9631);
#9631 = AXIS2_PLACEMENT_3D('',#9632,#9633,#9634);
#9632 = CARTESIAN_POINT('',(21.093279561237,102.98297465611,
    20.456559041678));
#9633 = DIRECTION('',(0.,0.999080123941,-4.288246664352E-02));
#9634 = DIRECTION('',(0.,4.288246664352E-02,0.999080123941));
#9635 = ADVANCED_FACE('',(#9636),#9646,.T.);
#9636 = FACE_BOUND('',#9637,.T.);
#9637 = EDGE_LOOP('',(#9638,#9639,#9640));
#9638 = ORIENTED_EDGE('',*,*,#9239,.F.);
#9639 = ORIENTED_EDGE('',*,*,#9386,.F.);
#9640 = ORIENTED_EDGE('',*,*,#9641,.T.);
#9641 = EDGE_CURVE('',#8844,#9240,#9642,.T.);
#9642 = LINE('',#9643,#9644);
#9643 = CARTESIAN_POINT('',(31.75438117981,76.044311523438,
    26.815994262695));
#9644 = VECTOR('',#9645,1.);
#9645 = DIRECTION('',(-0.225522960001,0.952870916715,-0.202919714643));
#9646 = PLANE('',#9647);
#9647 = AXIS2_PLACEMENT_3D('',#9648,#9649,#9650);
#9648 = CARTESIAN_POINT('',(28.532800715493,89.620299776085,
    24.037606443963));
#9649 = DIRECTION('',(0.966983201595,0.244305421017,7.251447506748E-02)
  );
#9650 = DIRECTION('',(-0.244950286927,0.969535639847,5.620786227997E-19)
  );
#9651 = ADVANCED_FACE('',(#9652),#9670,.T.);
#9652 = FACE_BOUND('',#9653,.T.);
#9653 = EDGE_LOOP('',(#9654,#9662,#9668,#9669));
#9654 = ORIENTED_EDGE('',*,*,#9655,.T.);
#9655 = EDGE_CURVE('',#9240,#9656,#9658,.T.);
#9656 = VERTEX_POINT('',#9657);
#9657 = CARTESIAN_POINT('',(31.636413574219,76.735710144043,
    26.181180953979));
#9658 = LINE('',#9659,#9660);
#9659 = CARTESIAN_POINT('',(25.378442764282,102.98368072509,
    21.079090118408));
#9660 = VECTOR('',#9661,1.);
#9661 = DIRECTION('',(0.227879266281,-0.955799964403,0.185788772658));
#9662 = ORIENTED_EDGE('',*,*,#9663,.T.);
#9663 = EDGE_CURVE('',#9656,#9601,#9664,.T.);
#9664 = LINE('',#9665,#9666);
#9665 = CARTESIAN_POINT('',(31.636413574219,76.735710144043,
    26.181180953979));
#9666 = VECTOR('',#9667,1.);
#9667 = DIRECTION('',(0.,0.,-1.));
#9668 = ORIENTED_EDGE('',*,*,#9609,.T.);
#9669 = ORIENTED_EDGE('',*,*,#9247,.F.);
#9670 = PLANE('',#9671);
#9671 = AXIS2_PLACEMENT_3D('',#9672,#9673,#9674);
#9672 = CARTESIAN_POINT('',(28.995306027245,87.813376579351,
    21.000000565428));
#9673 = DIRECTION('',(0.972735575965,0.231917009407,0.));
#9674 = DIRECTION('',(-0.231917009407,0.972735575965,0.));
#9675 = ADVANCED_FACE('',(#9676),#9686,.T.);
#9676 = FACE_BOUND('',#9677,.T.);
#9677 = EDGE_LOOP('',(#9678,#9684,#9685));
#9678 = ORIENTED_EDGE('',*,*,#9679,.T.);
#9679 = EDGE_CURVE('',#9480,#8774,#9680,.T.);
#9680 = LINE('',#9681,#9682);
#9681 = CARTESIAN_POINT('',(23.409954071045,101.04098510742,
    17.679531097412));
#9682 = VECTOR('',#9683,1.);
#9683 = DIRECTION('',(-0.997047257067,-7.330012027563E-02,
    -2.288797812632E-02));
#9684 = ORIENTED_EDGE('',*,*,#9284,.F.);
#9685 = ORIENTED_EDGE('',*,*,#9503,.T.);
#9686 = PLANE('',#9687);
#9687 = AXIS2_PLACEMENT_3D('',#9688,#9689,#9690);
#9688 = CARTESIAN_POINT('',(20.116445087875,100.80069435134,
    17.604500627407));
#9689 = DIRECTION('',(-1.410539960854E-05,0.298232579487,-0.954493231162
    ));
#9690 = DIRECTION('',(-4.551274549897E-22,-0.954493231257,
    -0.298232579517));
#9691 = ADVANCED_FACE('',(#9692),#9702,.T.);
#9692 = FACE_BOUND('',#9693,.T.);
#9693 = EDGE_LOOP('',(#9694,#9695,#9696));
#9694 = ORIENTED_EDGE('',*,*,#9307,.F.);
#9695 = ORIENTED_EDGE('',*,*,#9679,.F.);
#9696 = ORIENTED_EDGE('',*,*,#9697,.T.);
#9697 = EDGE_CURVE('',#9480,#9308,#9698,.T.);
#9698 = LINE('',#9699,#9700);
#9699 = CARTESIAN_POINT('',(23.409954071045,101.04098510742,
    17.679531097412));
#9700 = VECTOR('',#9701,1.);
#9701 = DIRECTION('',(-0.618994937184,-0.749697073557,-0.234093070467));
#9702 = PLANE('',#9703);
#9703 = AXIS2_PLACEMENT_3D('',#9704,#9705,#9706);
#9704 = CARTESIAN_POINT('',(20.168954402664,100.68693455632,
    17.568978737626));
#9705 = DIRECTION('',(0.,0.298057764223,-0.954547834939));
#9706 = DIRECTION('',(0.,-0.954547834939,-0.298057764223));
#9707 = ADVANCED_FACE('',(#9708),#9723,.T.);
#9708 = FACE_BOUND('',#9709,.T.);
#9709 = EDGE_LOOP('',(#9710,#9716,#9717));
#9710 = ORIENTED_EDGE('',*,*,#9711,.F.);
#9711 = EDGE_CURVE('',#9299,#9457,#9712,.T.);
#9712 = LINE('',#9713,#9714);
#9713 = CARTESIAN_POINT('',(21.842351913452,99.595993041992,
    17.341501235962));
#9714 = VECTOR('',#9715,1.);
#9715 = DIRECTION('',(0.807612619507,-0.578878629508,-0.112522838182));
#9716 = ORIENTED_EDGE('',*,*,#9315,.F.);
#9717 = ORIENTED_EDGE('',*,*,#9718,.T.);
#9718 = EDGE_CURVE('',#9308,#9457,#9719,.T.);
#9719 = LINE('',#9720,#9721);
#9720 = CARTESIAN_POINT('',(23.009609222412,100.55610656738,
    17.528127670288));
#9721 = VECTOR('',#9722,1.);
#9722 = DIRECTION('',(0.227879429267,-0.955799962403,-0.185788583041));
#9723 = PLANE('',#9724);
#9724 = AXIS2_PLACEMENT_3D('',#9725,#9726,#9727);
#9725 = CARTESIAN_POINT('',(22.842587573539,99.458606287375,
    17.31479554223));
#9726 = DIRECTION('',(-4.3586482049E-07,0.190808787249,-0.981627223903)
  );
#9727 = DIRECTION('',(5.745691319774E-24,-0.981627223904,-0.190808787249
    ));
#9728 = ADVANCED_FACE('',(#9729),#9740,.T.);
#9729 = FACE_BOUND('',#9730,.T.);
#9730 = EDGE_LOOP('',(#9731,#9737,#9738,#9739));
#9731 = ORIENTED_EDGE('',*,*,#9732,.T.);
#9732 = EDGE_CURVE('',#9449,#9332,#9733,.T.);
#9733 = LINE('',#9734,#9735);
#9734 = CARTESIAN_POINT('',(23.526288986206,98.388984680176,
    24.893117904663));
#9735 = VECTOR('',#9736,1.);
#9736 = DIRECTION('',(-0.807612619507,0.578878629508,-0.112522838182));
#9737 = ORIENTED_EDGE('',*,*,#9331,.T.);
#9738 = ORIENTED_EDGE('',*,*,#9711,.T.);
#9739 = ORIENTED_EDGE('',*,*,#9456,.T.);
#9740 = PLANE('',#9741);
#9741 = AXIS2_PLACEMENT_3D('',#9742,#9743,#9744);
#9742 = CARTESIAN_POINT('',(22.704819375692,98.977795690344,21.));
#9743 = DIRECTION('',(-0.582578504774,-0.812774437206,-0.));
#9744 = DIRECTION('',(-0.812774437206,0.582578504774,0.));
#9745 = ADVANCED_FACE('',(#9746),#9756,.T.);
#9746 = FACE_BOUND('',#9747,.T.);
#9747 = EDGE_LOOP('',(#9748,#9754,#9755));
#9748 = ORIENTED_EDGE('',*,*,#9749,.T.);
#9749 = EDGE_CURVE('',#9449,#9184,#9750,.T.);
#9750 = LINE('',#9751,#9752);
#9751 = CARTESIAN_POINT('',(23.526288986206,98.388984680176,
    24.893117904663));
#9752 = VECTOR('',#9753,1.);
#9753 = DIRECTION('',(-0.227879429267,0.955799962403,-0.185788583041));
#9754 = ORIENTED_EDGE('',*,*,#9356,.F.);
#9755 = ORIENTED_EDGE('',*,*,#9732,.F.);
#9756 = PLANE('',#9757);
#9757 = AXIS2_PLACEMENT_3D('',#9758,#9759,#9760);
#9758 = CARTESIAN_POINT('',(22.842587573539,99.458606287375,
    24.68520445777));
#9759 = DIRECTION('',(-4.3586482048E-07,0.190808787249,0.981627223903));
#9760 = DIRECTION('',(2.843326364038E-24,0.981627223904,-0.190808787249)
  );
#9761 = ADVANCED_FACE('',(#9762),#9779,.T.);
#9762 = FACE_BOUND('',#9763,.T.);
#9763 = EDGE_LOOP('',(#9764,#9772,#9773));
#9764 = ORIENTED_EDGE('',*,*,#9765,.F.);
#9765 = EDGE_CURVE('',#8844,#9766,#9768,.T.);
#9766 = VERTEX_POINT('',#9767);
#9767 = CARTESIAN_POINT('',(31.691667556763,76.479232788086,
    15.580513000488));
#9768 = LINE('',#9769,#9770);
#9769 = CARTESIAN_POINT('',(31.75438117981,76.044311523438,
    26.815994262695));
#9770 = VECTOR('',#9771,1.);
#9771 = DIRECTION('',(-5.577483815934E-03,3.86800538213E-02,
    -0.999236080769));
#9772 = ORIENTED_EDGE('',*,*,#9402,.F.);
#9773 = ORIENTED_EDGE('',*,*,#9774,.T.);
#9774 = EDGE_CURVE('',#9403,#9766,#9775,.T.);
#9775 = LINE('',#9776,#9777);
#9776 = CARTESIAN_POINT('',(31.754199981689,76.044082641602,
    15.183767318726));
#9777 = VECTOR('',#9778,1.);
#9778 = DIRECTION('',(-0.105597600591,0.734831752,0.669978688468));
#9779 = PLANE('',#9780);
#9780 = AXIS2_PLACEMENT_3D('',#9781,#9782,#9783);
#9781 = CARTESIAN_POINT('',(31.738519283858,76.153927463241,
    20.953172338764));
#9782 = DIRECTION('',(0.989829584887,0.142258189751,-1.821797121788E-05)
  );
#9783 = DIRECTION('',(-0.142258189774,0.989829585051,-1.735917902697E-22
    ));
#9784 = ADVANCED_FACE('',(#9785),#9800,.T.);
#9785 = FACE_BOUND('',#9786,.T.);
#9786 = EDGE_LOOP('',(#9787,#9793,#9794));
#9787 = ORIENTED_EDGE('',*,*,#9788,.F.);
#9788 = EDGE_CURVE('',#8997,#9562,#9789,.T.);
#9789 = LINE('',#9790,#9791);
#9790 = CARTESIAN_POINT('',(24.147727966309,97.943550109863,
    24.919174194336));
#9791 = VECTOR('',#9792,1.);
#9792 = DIRECTION('',(-0.25884786985,0.950060968532,-0.174304148962));
#9793 = ORIENTED_EDGE('',*,*,#9425,.F.);
#9794 = ORIENTED_EDGE('',*,*,#9795,.F.);
#9795 = EDGE_CURVE('',#9562,#9426,#9796,.T.);
#9796 = LINE('',#9797,#9798);
#9797 = CARTESIAN_POINT('',(23.32946395874,100.94686126709,
    24.368167877197));
#9798 = VECTOR('',#9799,1.);
#9799 = DIRECTION('',(0.60990671523,0.718475202189,-0.334375810365));
#9800 = PLANE('',#9801);
#9801 = AXIS2_PLACEMENT_3D('',#9802,#9803,#9804);
#9802 = CARTESIAN_POINT('',(23.751015383631,99.49965338329,
    24.626829498518));
#9803 = DIRECTION('',(0.23686362024,0.23737753515,0.942097410682));
#9804 = DIRECTION('',(-2.442452191724E-18,0.969692024167,-0.244330469377
    ));
#9805 = ADVANCED_FACE('',(#9806),#9816,.T.);
#9806 = FACE_BOUND('',#9807,.T.);
#9807 = EDGE_LOOP('',(#9808,#9809,#9815));
#9808 = ORIENTED_EDGE('',*,*,#9788,.T.);
#9809 = ORIENTED_EDGE('',*,*,#9810,.F.);
#9810 = EDGE_CURVE('',#9449,#9562,#9811,.T.);
#9811 = LINE('',#9812,#9813);
#9812 = CARTESIAN_POINT('',(23.526288986206,98.388984680176,
    24.893117904663));
#9813 = VECTOR('',#9814,1.);
#9814 = DIRECTION('',(-7.516433384274E-02,0.976812208197,-0.200470029768
    ));
#9815 = ORIENTED_EDGE('',*,*,#9448,.F.);
#9816 = PLANE('',#9817);
#9817 = AXIS2_PLACEMENT_3D('',#9818,#9819,#9820);
#9818 = CARTESIAN_POINT('',(23.625779826939,99.384818136661,
    24.669139608725));
#9819 = DIRECTION('',(0.108215162305,0.207841863972,0.972158031509));
#9820 = DIRECTION('',(1.990083034247E-18,0.97790075745,-0.209069626152)
  );
#9821 = ADVANCED_FACE('',(#9822),#9832,.T.);
#9822 = FACE_BOUND('',#9823,.T.);
#9823 = EDGE_LOOP('',(#9824,#9830,#9831));
#9824 = ORIENTED_EDGE('',*,*,#9825,.T.);
#9825 = EDGE_CURVE('',#9457,#9480,#9826,.T.);
#9826 = LINE('',#9827,#9828);
#9827 = CARTESIAN_POINT('',(23.526288986206,98.388984680176,
    17.106882095337));
#9828 = VECTOR('',#9829,1.);
#9829 = DIRECTION('',(-4.2839245755E-02,0.976574383433,0.210872645562));
#9830 = ORIENTED_EDGE('',*,*,#9488,.F.);
#9831 = ORIENTED_EDGE('',*,*,#9464,.F.);
#9832 = PLANE('',#9833);
#9833 = AXIS2_PLACEMENT_3D('',#9834,#9835,#9836);
#9834 = CARTESIAN_POINT('',(23.659907859683,99.431316961929,
    17.352848993346));
#9835 = DIRECTION('',(0.113034098493,0.21444876866,-0.970172674424));
#9836 = DIRECTION('',(1.018893646488E-19,-0.976430510795,-0.215832012426
    ));
#9837 = ADVANCED_FACE('',(#9838),#9848,.T.);
#9838 = FACE_BOUND('',#9839,.T.);
#9839 = EDGE_LOOP('',(#9840,#9841,#9842));
#9840 = ORIENTED_EDGE('',*,*,#9774,.F.);
#9841 = ORIENTED_EDGE('',*,*,#9531,.F.);
#9842 = ORIENTED_EDGE('',*,*,#9843,.T.);
#9843 = EDGE_CURVE('',#9160,#9766,#9844,.T.);
#9844 = LINE('',#9845,#9846);
#9845 = CARTESIAN_POINT('',(25.332736968994,102.98086547851,
    20.407419204712));
#9846 = VECTOR('',#9847,1.);
#9847 = DIRECTION('',(0.229746770537,-0.957498189445,-0.174395064831));
#9848 = PLANE('',#9849);
#9849 = AXIS2_PLACEMENT_3D('',#9850,#9851,#9852);
#9850 = CARTESIAN_POINT('',(28.561491782407,89.480148547316,
    17.86753941995));
#9851 = DIRECTION('',(0.959111729475,0.253176946935,-0.126515311023));
#9852 = DIRECTION('',(-0.255227790373,0.966880951835,-1.091998923001E-17
    ));
#9853 = ADVANCED_FACE('',(#9854),#9859,.T.);
#9854 = FACE_BOUND('',#9855,.T.);
#9855 = EDGE_LOOP('',(#9856,#9857,#9858));
#9856 = ORIENTED_EDGE('',*,*,#9584,.F.);
#9857 = ORIENTED_EDGE('',*,*,#9561,.F.);
#9858 = ORIENTED_EDGE('',*,*,#9795,.T.);
#9859 = PLANE('',#9860);
#9860 = AXIS2_PLACEMENT_3D('',#9861,#9862,#9863);
#9861 = CARTESIAN_POINT('',(20.124548650865,101.02316718824,
    24.338174722104));
#9862 = DIRECTION('',(1.53124882984E-03,0.420870341064,0.907119513234));
#9863 = DIRECTION('',(3.212712937692E-20,0.907120576708,-0.420870834477)
  );
#9864 = ADVANCED_FACE('',(#9865),#9870,.T.);
#9865 = FACE_BOUND('',#9866,.T.);
#9866 = EDGE_LOOP('',(#9867,#9868,#9869));
#9867 = ORIENTED_EDGE('',*,*,#9570,.F.);
#9868 = ORIENTED_EDGE('',*,*,#9749,.F.);
#9869 = ORIENTED_EDGE('',*,*,#9810,.T.);
#9870 = PLANE('',#9871);
#9871 = AXIS2_PLACEMENT_3D('',#9872,#9873,#9874);
#9872 = CARTESIAN_POINT('',(23.336088745962,99.689324712124,
    24.632306948891));
#9873 = DIRECTION('',(6.560603716483E-02,0.205447413522,0.976466695881)
  );
#9874 = DIRECTION('',(1.674601212309E-18,0.978574934558,-0.205890984393)
  );
#9875 = ADVANCED_FACE('',(#9876),#9886,.T.);
#9876 = FACE_BOUND('',#9877,.T.);
#9877 = EDGE_LOOP('',(#9878,#9879,#9880));
#9878 = ORIENTED_EDGE('',*,*,#9624,.F.);
#9879 = ORIENTED_EDGE('',*,*,#9600,.F.);
#9880 = ORIENTED_EDGE('',*,*,#9881,.T.);
#9881 = EDGE_CURVE('',#9601,#9160,#9882,.T.);
#9882 = LINE('',#9883,#9884);
#9883 = CARTESIAN_POINT('',(31.636413574219,76.735710144043,
    15.818820953369));
#9884 = VECTOR('',#9885,1.);
#9885 = DIRECTION('',(-0.230239168295,0.958593391508,0.167596644179));
#9886 = PLANE('',#9887);
#9887 = AXIS2_PLACEMENT_3D('',#9888,#9889,#9890);
#9888 = CARTESIAN_POINT('',(28.483771714152,89.874968674032,
    18.132333991277));
#9889 = DIRECTION('',(0.947453132886,0.260118215354,-0.186201705218));
#9890 = DIRECTION('',(-0.264748254787,0.964317562625,-9.227552834574E-18
    ));
#9891 = ADVANCED_FACE('',(#9892),#9909,.T.);
#9892 = FACE_BOUND('',#9893,.T.);
#9893 = EDGE_LOOP('',(#9894,#9902,#9903));
#9894 = ORIENTED_EDGE('',*,*,#9895,.T.);
#9895 = EDGE_CURVE('',#9896,#9240,#9898,.T.);
#9896 = VERTEX_POINT('',#9897);
#9897 = CARTESIAN_POINT('',(31.742900848389,76.169990539551,
    26.703205108643));
#9898 = LINE('',#9899,#9900);
#9899 = CARTESIAN_POINT('',(31.742900848389,76.169990539551,
    26.703205108643));
#9900 = VECTOR('',#9901,1.);
#9901 = DIRECTION('',(-0.226278205118,0.953318194194,-0.199956481533));
#9902 = ORIENTED_EDGE('',*,*,#9641,.F.);
#9903 = ORIENTED_EDGE('',*,*,#9904,.F.);
#9904 = EDGE_CURVE('',#9896,#8844,#9905,.T.);
#9905 = LINE('',#9906,#9907);
#9906 = CARTESIAN_POINT('',(31.742900848389,76.169990539551,
    26.703205108643));
#9907 = VECTOR('',#9908,1.);
#9908 = DIRECTION('',(6.782724721686E-02,-0.742527491878,0.666372559715)
  );
#9909 = PLANE('',#9910);
#9910 = AXIS2_PLACEMENT_3D('',#9911,#9912,#9913);
#9911 = CARTESIAN_POINT('',(28.573079501392,89.505126167202,
    23.927915657964));
#9912 = DIRECTION('',(0.943000043406,0.265824839681,0.200220060793));
#9913 = DIRECTION('',(-0.271318786916,0.962489540653,1.656540500361E-18)
  );
#9914 = ADVANCED_FACE('',(#9915),#9932,.T.);
#9915 = FACE_BOUND('',#9916,.T.);
#9916 = EDGE_LOOP('',(#9917,#9925,#9931));
#9917 = ORIENTED_EDGE('',*,*,#9918,.T.);
#9918 = EDGE_CURVE('',#9240,#9919,#9921,.T.);
#9919 = VERTEX_POINT('',#9920);
#9920 = CARTESIAN_POINT('',(31.639091491699,76.724426269531,
    26.191720962524));
#9921 = LINE('',#9922,#9923);
#9922 = CARTESIAN_POINT('',(25.378442764282,102.98368072509,
    21.079090118408));
#9923 = VECTOR('',#9924,1.);
#9924 = DIRECTION('',(0.227865968207,-0.955746073838,0.186082086394));
#9925 = ORIENTED_EDGE('',*,*,#9926,.F.);
#9926 = EDGE_CURVE('',#9656,#9919,#9927,.T.);
#9927 = LINE('',#9928,#9929);
#9928 = CARTESIAN_POINT('',(31.636413574219,76.735710144043,
    26.181180953979));
#9929 = VECTOR('',#9930,1.);
#9930 = DIRECTION('',(0.170880643511,-0.720035532058,0.672568686639));
#9931 = ORIENTED_EDGE('',*,*,#9655,.F.);
#9932 = PLANE('',#9933);
#9933 = AXIS2_PLACEMENT_3D('',#9934,#9935,#9936);
#9934 = CARTESIAN_POINT('',(28.508990320304,89.853130302918,
    23.633499432389));
#9935 = DIRECTION('',(0.972671402878,0.23218154428,1.439624868559E-03));
#9936 = DIRECTION('',(-0.232181784881,0.97267241082,-5.350228879099E-20)
  );
#9937 = ADVANCED_FACE('',(#9938),#9956,.T.);
#9938 = FACE_BOUND('',#9939,.T.);
#9939 = EDGE_LOOP('',(#9940,#9948,#9949,#9950));
#9940 = ORIENTED_EDGE('',*,*,#9941,.T.);
#9941 = EDGE_CURVE('',#9942,#9601,#9944,.T.);
#9942 = VERTEX_POINT('',#9943);
#9943 = CARTESIAN_POINT('',(31.639091491699,76.724426269531,
    15.808280944824));
#9944 = LINE('',#9945,#9946);
#9945 = CARTESIAN_POINT('',(31.639091491699,76.724426269531,
    15.808280944824));
#9946 = VECTOR('',#9947,1.);
#9947 = DIRECTION('',(-0.170880643511,0.720035532058,0.672568686639));
#9948 = ORIENTED_EDGE('',*,*,#9663,.F.);
#9949 = ORIENTED_EDGE('',*,*,#9926,.T.);
#9950 = ORIENTED_EDGE('',*,*,#9951,.T.);
#9951 = EDGE_CURVE('',#9919,#9942,#9952,.T.);
#9952 = LINE('',#9953,#9954);
#9953 = CARTESIAN_POINT('',(31.639091491699,76.724426269531,
    26.191720962524));
#9954 = VECTOR('',#9955,1.);
#9955 = DIRECTION('',(0.,0.,-1.));
#9956 = PLANE('',#9957);
#9957 = AXIS2_PLACEMENT_3D('',#9958,#9959,#9960);
#9958 = CARTESIAN_POINT('',(31.637753891436,76.730062482606,
    21.000000953674));
#9959 = DIRECTION('',(0.972975360571,0.230908959811,0.));
#9960 = DIRECTION('',(-0.230908959811,0.972975360571,0.));
#9961 = ADVANCED_FACE('',(#9962),#9967,.T.);
#9962 = FACE_BOUND('',#9963,.T.);
#9963 = EDGE_LOOP('',(#9964,#9965,#9966));
#9964 = ORIENTED_EDGE('',*,*,#9697,.F.);
#9965 = ORIENTED_EDGE('',*,*,#9825,.F.);
#9966 = ORIENTED_EDGE('',*,*,#9718,.F.);
#9967 = PLANE('',#9968);
#9968 = AXIS2_PLACEMENT_3D('',#9969,#9970,#9971);
#9969 = CARTESIAN_POINT('',(23.357824020889,99.74182787769,
    17.386915386265));
#9970 = DIRECTION('',(0.10753962932,0.214347404015,-0.970819457221));
#9971 = DIRECTION('',(2.097786649875E-18,-0.976482274501,-0.215597698469
    ));
#9972 = ADVANCED_FACE('',(#9973),#9988,.T.);
#9973 = FACE_BOUND('',#9974,.T.);
#9974 = EDGE_LOOP('',(#9975,#9981,#9987));
#9975 = ORIENTED_EDGE('',*,*,#9976,.T.);
#9976 = EDGE_CURVE('',#9766,#9942,#9977,.T.);
#9977 = LINE('',#9978,#9979);
#9978 = CARTESIAN_POINT('',(31.691667556763,76.479232788086,
    15.580513000488));
#9979 = VECTOR('',#9980,1.);
#9980 = DIRECTION('',(-0.155198820023,0.7237844626,0.672346174201));
#9981 = ORIENTED_EDGE('',*,*,#9982,.F.);
#9982 = EDGE_CURVE('',#8844,#9942,#9983,.T.);
#9983 = LINE('',#9984,#9985);
#9984 = CARTESIAN_POINT('',(31.75438117981,76.044311523438,
    26.815994262695));
#9985 = VECTOR('',#9986,1.);
#9986 = DIRECTION('',(-1.045303155459E-02,6.166432590965E-02,
    -0.998042206042));
#9987 = ORIENTED_EDGE('',*,*,#9765,.T.);
#9988 = PLANE('',#9989);
#9989 = AXIS2_PLACEMENT_3D('',#9990,#9991,#9992);
#9990 = CARTESIAN_POINT('',(31.709338497347,76.326664583141,
    21.171345185869));
#9991 = DIRECTION('',(0.978257131788,0.207379829143,2.567210774001E-03)
  );
#9992 = DIRECTION('',(-0.207380512522,0.97826035544,-1.31900491979E-19)
  );
#9993 = ADVANCED_FACE('',(#9994),#10004,.T.);
#9994 = FACE_BOUND('',#9995,.T.);
#9995 = EDGE_LOOP('',(#9996,#9997,#10003));
#9996 = ORIENTED_EDGE('',*,*,#9843,.F.);
#9997 = ORIENTED_EDGE('',*,*,#9998,.F.);
#9998 = EDGE_CURVE('',#9942,#9160,#9999,.T.);
#9999 = LINE('',#10000,#10001);
#10000 = CARTESIAN_POINT('',(31.639091491699,76.724426269531,
    15.808280944824));
#10001 = VECTOR('',#10002,1.);
#10002 = DIRECTION('',(-0.230225972278,0.958543358717,0.167900658568));
#10003 = ORIENTED_EDGE('',*,*,#9976,.F.);
#10004 = PLANE('',#10005);
#10005 = AXIS2_PLACEMENT_3D('',#10006,#10007,#10008);
#10006 = CARTESIAN_POINT('',(28.518484778515,89.710391230909,
    18.03620663479));
#10007 = DIRECTION('',(0.970477543435,0.238900962022,-3.316124292493E-02
    ));
#10008 = DIRECTION('',(-0.239032426333,0.971011585493,4.158649546159E-19
    ));
#10009 = ADVANCED_FACE('',(#10010),#10015,.T.);
#10010 = FACE_BOUND('',#10011,.T.);
#10011 = EDGE_LOOP('',(#10012,#10013,#10014));
#10012 = ORIENTED_EDGE('',*,*,#9998,.T.);
#10013 = ORIENTED_EDGE('',*,*,#9881,.F.);
#10014 = ORIENTED_EDGE('',*,*,#9941,.F.);
#10015 = PLANE('',#10016);
#10016 = AXIS2_PLACEMENT_3D('',#10017,#10018,#10019);
#10017 = CARTESIAN_POINT('',(28.486146663725,89.851711740139,
    18.109827421046));
#10018 = DIRECTION('',(0.972194390565,0.234146616086,-3.66457766716E-03)
  );
#10019 = DIRECTION('',(-0.234148188294,0.972200918493,
    -6.106529183598E-20));
#10020 = ADVANCED_FACE('',(#10021),#10031,.T.);
#10021 = FACE_BOUND('',#10022,.T.);
#10022 = EDGE_LOOP('',(#10023,#10024,#10025));
#10023 = ORIENTED_EDGE('',*,*,#9918,.F.);
#10024 = ORIENTED_EDGE('',*,*,#9895,.F.);
#10025 = ORIENTED_EDGE('',*,*,#10026,.F.);
#10026 = EDGE_CURVE('',#9919,#9896,#10027,.T.);
#10027 = LINE('',#10028,#10029);
#10028 = CARTESIAN_POINT('',(31.639091491699,76.724426269531,
    26.191720962524));
#10029 = VECTOR('',#10030,1.);
#10030 = DIRECTION('',(0.136332882691,-0.728140735532,0.671732397876));
#10031 = PLANE('',#10032);
#10032 = AXIS2_PLACEMENT_3D('',#10033,#10034,#10035);
#10033 = CARTESIAN_POINT('',(28.5776592354,89.534594845648,
    23.801016813609));
#10034 = DIRECTION('',(0.967413091125,0.2438929725,6.803035414993E-02));
#10035 = DIRECTION('',(-0.244459323198,0.969659548141,1.842239362807E-18
    ));
#10036 = ADVANCED_FACE('',(#10037),#10047,.T.);
#10037 = FACE_BOUND('',#10038,.T.);
#10038 = EDGE_LOOP('',(#10039,#10040,#10046));
#10039 = ORIENTED_EDGE('',*,*,#9982,.T.);
#10040 = ORIENTED_EDGE('',*,*,#10041,.F.);
#10041 = EDGE_CURVE('',#9896,#9942,#10042,.T.);
#10042 = LINE('',#10043,#10044);
#10043 = CARTESIAN_POINT('',(31.742900848389,76.169990539551,
    26.703205108643));
#10044 = VECTOR('',#10045,1.);
#10045 = DIRECTION('',(-9.515486568246E-03,5.082129308794E-02,
    -0.998662431297));
#10046 = ORIENTED_EDGE('',*,*,#9904,.T.);
#10047 = PLANE('',#10048);
#10048 = AXIS2_PLACEMENT_3D('',#10049,#10050,#10051);
#10049 = CARTESIAN_POINT('',(31.694301157029,76.413255491581,
    21.3260144824));
#10050 = DIRECTION('',(0.996244739965,8.643187713878E-02,
    -5.093987239519E-03));
#10051 = DIRECTION('',(-8.643299855829E-02,0.996257665848,
    -7.374864053694E-20));
#10052 = ADVANCED_FACE('',(#10053),#10058,.T.);
#10053 = FACE_BOUND('',#10054,.T.);
#10054 = EDGE_LOOP('',(#10055,#10056,#10057));
#10055 = ORIENTED_EDGE('',*,*,#9951,.F.);
#10056 = ORIENTED_EDGE('',*,*,#10026,.T.);
#10057 = ORIENTED_EDGE('',*,*,#10041,.T.);
#10058 = PLANE('',#10059);
#10059 = AXIS2_PLACEMENT_3D('',#10060,#10061,#10062);
#10060 = CARTESIAN_POINT('',(31.666558906113,76.577725466765,
    21.314584018539));
#10061 = DIRECTION('',(0.98291946865,0.184036187065,0.));
#10062 = DIRECTION('',(-0.184036187065,0.98291946865,0.));
#10063 = ADVANCED_FACE('',(#10064),#10086,.F.);
#10064 = FACE_BOUND('',#10065,.F.);
#10065 = EDGE_LOOP('',(#10066,#10067,#10068,#10069,#10070,#10071,#10072,
    #10073,#10074,#10075,#10076,#10077,#10078,#10083,#10084,#10085));
#10066 = ORIENTED_EDGE('',*,*,#1247,.F.);
#10067 = ORIENTED_EDGE('',*,*,#1256,.F.);
#10068 = ORIENTED_EDGE('',*,*,#1265,.F.);
#10069 = ORIENTED_EDGE('',*,*,#1274,.F.);
#10070 = ORIENTED_EDGE('',*,*,#1283,.F.);
#10071 = ORIENTED_EDGE('',*,*,#1173,.F.);
#10072 = ORIENTED_EDGE('',*,*,#1184,.F.);
#10073 = ORIENTED_EDGE('',*,*,#1193,.F.);
#10074 = ORIENTED_EDGE('',*,*,#1202,.F.);
#10075 = ORIENTED_EDGE('',*,*,#1211,.F.);
#10076 = ORIENTED_EDGE('',*,*,#1220,.F.);
#10077 = ORIENTED_EDGE('',*,*,#1229,.F.);
#10078 = ORIENTED_EDGE('',*,*,#10079,.F.);
#10079 = EDGE_CURVE('',#348,#1230,#10080,.T.);
#10080 = B_SPLINE_CURVE_WITH_KNOTS('',1,(#10081,#10082),.UNSPECIFIED.,
  .F.,.F.,(2,2),(-1.,2.000000238419),.PIECEWISE_BEZIER_KNOTS.);
#10081 = CARTESIAN_POINT('',(20.564510977329,52.655038768789,
    5.000000476837));
#10082 = CARTESIAN_POINT('',(20.564510977329,52.655038768789,
    2.000000238419));
#10083 = ORIENTED_EDGE('',*,*,#347,.T.);
#10084 = ORIENTED_EDGE('',*,*,#10079,.T.);
#10085 = ORIENTED_EDGE('',*,*,#1238,.F.);
#10086 = CYLINDRICAL_SURFACE('',#10087,3.75);
#10087 = AXIS2_PLACEMENT_3D('',#10088,#10089,#10090);
#10088 = CARTESIAN_POINT('',(16.814510977329,52.655038768789,
    4.000000476837));
#10089 = DIRECTION('',(0.,0.,-1.));
#10090 = DIRECTION('',(1.,0.,0.));
#10091 = ( GEOMETRIC_REPRESENTATION_CONTEXT(3) 
GLOBAL_UNCERTAINTY_ASSIGNED_CONTEXT((#10095)) 
GLOBAL_UNIT_ASSIGNED_CONTEXT((#10092,#10093,#10094)) 
REPRESENTATION_CONTEXT('Context #1',
  '3D Context with UNIT and UNCERTAINTY') );
#10092 = ( LENGTH_UNIT() NAMED_UNIT(*) SI_UNIT(.MILLI.,.METRE.) );
#10093 = ( NAMED_UNIT(*) PLANE_ANGLE_UNIT() SI_UNIT($,.RADIAN.) );
#10094 = ( NAMED_UNIT(*) SI_UNIT($,.STERADIAN.) SOLID_ANGLE_UNIT() );
#10095 = UNCERTAINTY_MEASURE_WITH_UNIT(LENGTH_MEASURE(2.E-06),#10092,
  'distance_accuracy_value','confusion accuracy');
#10096 = PRODUCT_RELATED_PRODUCT_CATEGORY('part',$,(#7));
#10097 = MECHANICAL_DESIGN_GEOMETRIC_PRESENTATION_REPRESENTATION('',(
    #10098),#10091);
#10098 = STYLED_ITEM('color',(#10099),#15);
#10099 = PRESENTATION_STYLE_ASSIGNMENT((#10100,#10106));
#10100 = SURFACE_STYLE_USAGE(.BOTH.,#10101);
#10101 = SURFACE_SIDE_STYLE('',(#10102));
#10102 = SURFACE_STYLE_FILL_AREA(#10103);
#10103 = FILL_AREA_STYLE('',(#10104));
#10104 = FILL_AREA_STYLE_COLOUR('',#10105);
#10105 = COLOUR_RGB('',0.447058818107,0.474509808674,0.501960817233);
#10106 = CURVE_STYLE('',#10107,POSITIVE_LENGTH_MEASURE(0.1),#10108);
#10107 = DRAUGHTING_PRE_DEFINED_CURVE_FONT('continuous');
#10108 = COLOUR_RGB('',0.678431390124,0.709803936702,0.741176476869);
ENDSEC;
END-ISO-10303-21;
