ISO-10303-21;
HEADER;
FILE_DESCRIPTION(('FreeCAD Model'),'2;1');
FILE_NAME('Open CASCADE Shape Model','2026-08-25T16:00:43',(''),(''),
  'Open CASCADE STEP processor 7.8','FreeCAD','Unknown');
FILE_SCHEMA(('AUTOMOTIVE_DESIGN { 1 0 10303 214 1 1 1 1 }'));
ENDSEC;
DATA;
#1 = APPLICATION_PROTOCOL_DEFINITION('international standard',
  'automotive_design',2000,#2);
#2 = APPLICATION_CONTEXT(
  'core data for automotive mechanical design processes');
#3 = SHAPE_DEFINITION_REPRESENTATION(#4,#10);
#4 = PRODUCT_DEFINITION_SHAPE('','',#5);
#5 = PRODUCT_DEFINITION('design','',#6,#9);
#6 = PRODUCT_DEFINITION_FORMATION('','',#7);
#7 = PRODUCT('Body004','Body004','',(#8));
#8 = PRODUCT_CONTEXT('',#2,'mechanical');
#9 = PRODUCT_DEFINITION_CONTEXT('part definition',#2,'design');
#10 = ADVANCED_BREP_SHAPE_REPRESENTATION('',(#11,#15),#16253);
#11 = AXIS2_PLACEMENT_3D('',#12,#13,#14);
#12 = CARTESIAN_POINT('',(0.,0.,0.));
#13 = DIRECTION('',(0.,0.,1.));
#14 = DIRECTION('',(1.,0.,-0.));
#15 = MANIFOLD_SOLID_BREP('',#16);
#16 = CLOSED_SHELL('',(#17,#69,#1273,#1327,#1366,#1396,#1419,#1922,#1953
    ,#1977,#2001,#2025,#2049,#2073,#2097,#2153,#2177,#2201,#2225,#2241,
    #2265,#2296,#2320,#2344,#2368,#2392,#2416,#2440,#2464,#2488,#2512,
    #2536,#2560,#3050,#3074,#3098,#3122,#3604,#3628,#3652,#3676,#3700,
    #3724,#3748,#3772,#3796,#3820,#3844,#3868,#3892,#3916,#3940,#3964,
    #3988,#4004,#4028,#4051,#4187,#4210,#4226,#4242,#4265,#4281,#4304,
    #4320,#4343,#4366,#4389,#4412,#4435,#4451,#4474,#4497,#4520,#4536,
    #4559,#4590,#4614,#4638,#4662,#4686,#4710,#4734,#4758,#4782,#4806,
    #4830,#4854,#4878,#4902,#4926,#4950,#4974,#4998,#5022,#5046,#5070,
    #5094,#5118,#5142,#5166,#5190,#5214,#5238,#5262,#5286,#5310,#5334,
    #5358,#5382,#5406,#5430,#5447,#5478,#5502,#5526,#5543,#5574,#5598,
    #5622,#5646,#5670,#5694,#5718,#5742,#5766,#5790,#5814,#5838,#5862,
    #5886,#5910,#5934,#5958,#5982,#6006,#6030,#6054,#6078,#6102,#6126,
    #6150,#6174,#6198,#6222,#6246,#6270,#6294,#6318,#6342,#6366,#6390,
    #6414,#6431,#6448,#6478,#6730,#6754,#6778,#6802,#6826,#6850,#6874,
    #6898,#6922,#6946,#7141,#7165,#7415,#7439,#7463,#7487,#7511,#7535,
    #7559,#7583,#7607,#7631,#7655,#7679,#7703,#7727,#7751,#7775,#7799,
    #7823,#7847,#7871,#7895,#7919,#7943,#7967,#7991,#8015,#8039,#8063,
    #8087,#8111,#8135,#8159,#8183,#8207,#8231,#8255,#8279,#8303,#8327,
    #8351,#8375,#8392,#8416,#8440,#8464,#8488,#8512,#8536,#8560,#8577,
    #8601,#8641,#8665,#8698,#8714,#8736,#8753,#8770,#8787,#8804,#8821,
    #8838,#8855,#8872,#8889,#8906,#8923,#8940,#8957,#8974,#8991,#9008,
    #9025,#9042,#9059,#9071,#9093,#9110,#9127,#9143,#9164,#9181,#9198,
    #9215,#9232,#9249,#9266,#9283,#9300,#9317,#9334,#9351,#9368,#9385,
    #9402,#9419,#9436,#9453,#9470,#9487,#9504,#9521,#9538,#9555,#9572,
    #9589,#9606,#9623,#9640,#9657,#9674,#9691,#9708,#9720,#9731,#9747,
    #9770,#9786,#9809,#9832,#9848,#9864,#9880,#9903,#9934,#9950,#9966,
    #9982,#10005,#10028,#10049,#10072,#10083,#10106,#10122,#10138,#10154
    ,#10177,#10193,#10209,#10225,#10248,#10264,#10280,#10296,#10319,
    #10342,#10358,#10374,#10419,#10464,#10513,#10874,#10890,#10906,
    #10929,#10952,#10975,#10996,#11012,#11035,#11051,#11074,#11090,
    #11113,#11136,#11159,#11175,#11198,#11214,#11237,#11260,#11283,
    #11300,#11317,#11334,#11351,#11368,#11385,#11402,#11419,#11436,
    #11453,#11470,#11487,#11504,#11521,#11538,#11555,#11572,#11589,
    #11606,#11618,#11635,#11659,#11987,#12004,#12054,#12065,#12082,
    #12094,#12117,#12133,#12144,#12167,#12190,#12206,#12222,#12260,
    #12271,#12294,#12317,#12333,#12354,#12385,#12408,#12431,#12447,
    #12463,#12479,#12495,#12518,#12534,#12550,#12571,#12587,#12610,
    #12626,#12649,#12665,#12688,#12705,#12722,#12739,#12756,#12773,
    #12790,#12807,#12824,#12841,#12858,#12875,#12892,#12909,#12926,
    #12943,#12960,#12977,#12994,#13011,#13028,#13045,#13062,#13079,
    #13096,#13113,#13130,#13147,#13164,#13181,#13198,#13215,#13232,
    #13249,#13266,#13283,#13300,#13317,#13334,#13346,#13362,#13385,
    #13408,#13431,#13447,#13470,#13486,#13502,#13525,#13541,#13557,
    #13573,#13596,#13612,#13628,#13644,#13667,#13683,#13706,#13729,
    #13750,#13766,#13789,#13810,#13821,#13968,#13984,#14000,#14021,
    #14032,#14055,#14079,#14108,#14131,#14142,#14153,#14164,#14187,
    #14198,#14221,#14237,#14248,#14259,#14282,#14303,#14326,#14342,
    #14358,#14374,#14395,#14411,#14427,#14438,#14459,#14475,#14491,
    #14512,#14528,#14544,#14560,#14583,#14604,#14627,#14648,#14659,
    #14675,#14686,#14697,#14708,#14719,#14735,#14751,#14774,#14797,
    #14820,#14851,#14875,#14891,#14914,#14935,#14951,#14962,#14993,
    #15010,#15026,#15049,#15065,#15088,#15099,#15122,#15138,#15154,
    #15177,#15189,#15200,#15221,#15237,#15260,#15281,#15292,#15303,
    #15326,#15349,#15372,#15388,#15404,#15427,#15450,#15466,#15489,
    #15512,#15528,#15551,#15572,#15588,#15611,#15632,#15655,#15666,
    #15689,#15700,#15723,#15744,#15755,#15771,#15792,#15815,#15831,
    #15847,#15870,#15886,#15902,#15923,#15939,#15960,#15976,#15987,
    #15998,#16019,#16030,#16053,#16076,#16097,#16108,#16124,#16140,
    #16156,#16172,#16183,#16199,#16215,#16226,#16242));
#17 = ADVANCED_FACE('',(#18),#64,.T.);
#18 = FACE_BOUND('',#19,.T.);
#19 = EDGE_LOOP('',(#20,#30,#37,#44,#52,#59));
#20 = ORIENTED_EDGE('',*,*,#21,.T.);
#21 = EDGE_CURVE('',#22,#24,#26,.T.);
#22 = VERTEX_POINT('',#23);
#23 = CARTESIAN_POINT('',(12.304568870829,32.696504168756,16.));
#24 = VERTEX_POINT('',#25);
#25 = CARTESIAN_POINT('',(12.200559042737,34.272419299552,16.));
#26 = LINE('',#27,#28);
#27 = CARTESIAN_POINT('',(12.232505623301,33.788377544926,16.));
#28 = VECTOR('',#29,1.);
#29 = DIRECTION('',(-6.585636024171E-02,0.997829113534,0.));
#30 = ORIENTED_EDGE('',*,*,#31,.T.);
#31 = EDGE_CURVE('',#24,#32,#34,.T.);
#32 = VERTEX_POINT('',#33);
#33 = CARTESIAN_POINT('',(11.134702682495,35.270248413086,16.));
#34 = B_SPLINE_CURVE_WITH_KNOTS('',1,(#35,#36),.UNSPECIFIED.,.F.,.F.,(2,
    2),(0.,1.16018134843),.PIECEWISE_BEZIER_KNOTS.);
#35 = CARTESIAN_POINT('',(12.200559042737,34.272419299552,16.));
#36 = CARTESIAN_POINT('',(11.134702682495,35.270248413086,16.));
#37 = ORIENTED_EDGE('',*,*,#38,.F.);
#38 = EDGE_CURVE('',#39,#32,#41,.T.);
#39 = VERTEX_POINT('',#40);
#40 = CARTESIAN_POINT('',(10.434702682495,35.270248413086,16.));
#41 = B_SPLINE_CURVE_WITH_KNOTS('',1,(#42,#43),.UNSPECIFIED.,.F.,.F.,(2,
    2),(0.,1.),.PIECEWISE_BEZIER_KNOTS.);
#42 = CARTESIAN_POINT('',(10.434702682495,35.270248413086,16.));
#43 = CARTESIAN_POINT('',(12.134702682495,35.270248413086,16.));
#44 = ORIENTED_EDGE('',*,*,#45,.F.);
#45 = EDGE_CURVE('',#46,#39,#48,.T.);
#46 = VERTEX_POINT('',#47);
#47 = CARTESIAN_POINT('',(10.616903114319,32.509620666504,16.));
#48 = LINE('',#49,#50);
#49 = CARTESIAN_POINT('',(10.532505623301,33.788377544926,16.));
#50 = VECTOR('',#51,1.);
#51 = DIRECTION('',(-6.585636024171E-02,0.997829113534,0.));
#52 = ORIENTED_EDGE('',*,*,#53,.T.);
#53 = EDGE_CURVE('',#46,#54,#56,.T.);
#54 = VERTEX_POINT('',#55);
#55 = CARTESIAN_POINT('',(11.316903114319,32.509620666504,16.));
#56 = B_SPLINE_CURVE_WITH_KNOTS('',1,(#57,#58),.UNSPECIFIED.,.F.,.F.,(2,
    2),(0.,1.),.PIECEWISE_BEZIER_KNOTS.);
#57 = CARTESIAN_POINT('',(10.616903114319,32.509620666504,16.));
#58 = CARTESIAN_POINT('',(12.316903114319,32.509620666504,16.));
#59 = ORIENTED_EDGE('',*,*,#60,.T.);
#60 = EDGE_CURVE('',#54,#22,#61,.T.);
#61 = B_SPLINE_CURVE_WITH_KNOTS('',1,(#62,#63),.UNSPECIFIED.,.F.,.F.,(2,
    2),(0.,1.),.PIECEWISE_BEZIER_KNOTS.);
#62 = CARTESIAN_POINT('',(11.316903114319,32.509620666504,16.));
#63 = CARTESIAN_POINT('',(12.304568870829,32.696504168756,16.));
#64 = B_SPLINE_SURFACE_WITH_KNOTS('',1,1,(
    (#65,#66)
    ,(#67,#68
    )),.UNSPECIFIED.,.F.,.F.,.F.,(2,2),(2,2),(-1.48509484045,
    1.281538953993),(0.,1.),.PIECEWISE_BEZIER_KNOTS.);
#65 = CARTESIAN_POINT('',(10.434702682495,35.270248413086,16.));
#66 = CARTESIAN_POINT('',(12.134702682495,35.270248413086,16.));
#67 = CARTESIAN_POINT('',(10.616903114319,32.509620666504,16.));
#68 = CARTESIAN_POINT('',(12.316903114319,32.509620666504,16.));
#69 = ADVANCED_FACE('',(#70,#638,#936,#970),#1268,.T.);
#70 = FACE_BOUND('',#71,.T.);
#71 = EDGE_LOOP('',(#72,#73,#81,#89,#97,#105,#113,#121,#129,#137,#145,
    #153,#161,#169,#177,#185,#193,#201,#209,#217,#225,#233,#241,#249,
    #257,#265,#273,#281,#289,#297,#305,#313,#321,#329,#337,#345,#353,
    #361,#369,#377,#385,#393,#401,#409,#417,#425,#433,#441,#449,#457,
    #465,#473,#481,#489,#497,#505,#513,#521,#529,#537,#545,#553,#561,
    #569,#577,#585,#593,#601,#609,#617,#625));
#72 = ORIENTED_EDGE('',*,*,#21,.F.);
#73 = ORIENTED_EDGE('',*,*,#74,.T.);
#74 = EDGE_CURVE('',#22,#75,#77,.T.);
#75 = VERTEX_POINT('',#76);
#76 = CARTESIAN_POINT('',(13.247771821341,32.874974536453,16.));
#77 = LINE('',#78,#79);
#78 = CARTESIAN_POINT('',(17.468868174897,33.673679224448,16.));
#79 = VECTOR('',#80,1.);
#80 = DIRECTION('',(0.982565190464,0.185918386635,0.));
#81 = ORIENTED_EDGE('',*,*,#82,.T.);
#82 = EDGE_CURVE('',#75,#83,#85,.T.);
#83 = VERTEX_POINT('',#84);
#84 = CARTESIAN_POINT('',(13.708230018616,33.055698394775,16.));
#85 = LINE('',#86,#87);
#86 = CARTESIAN_POINT('',(12.316903114319,32.509620666504,16.));
#87 = VECTOR('',#88,1.);
#88 = DIRECTION('',(0.930868707022,0.365353869949,0.));
#89 = ORIENTED_EDGE('',*,*,#90,.T.);
#90 = EDGE_CURVE('',#83,#91,#93,.T.);
#91 = VERTEX_POINT('',#92);
#92 = CARTESIAN_POINT('',(15.165405273438,33.388301849365,16.));
#93 = LINE('',#94,#95);
#94 = CARTESIAN_POINT('',(13.708230018616,33.055698394775,16.));
#95 = VECTOR('',#96,1.);
#96 = DIRECTION('',(0.974926067113,0.222529017576,0.));
#97 = ORIENTED_EDGE('',*,*,#98,.T.);
#98 = EDGE_CURVE('',#91,#99,#101,.T.);
#99 = VERTEX_POINT('',#100);
#100 = CARTESIAN_POINT('',(16.655879974365,33.5,16.));
#101 = LINE('',#102,#103);
#102 = CARTESIAN_POINT('',(15.165405273438,33.388301849365,16.));
#103 = VECTOR('',#104,1.);
#104 = DIRECTION('',(0.997203671881,7.473176558178E-02,0.));
#105 = ORIENTED_EDGE('',*,*,#106,.F.);
#106 = EDGE_CURVE('',#107,#99,#109,.T.);
#107 = VERTEX_POINT('',#108);
#108 = CARTESIAN_POINT('',(29.110204696655,33.5,16.));
#109 = LINE('',#110,#111);
#110 = CARTESIAN_POINT('',(29.110204696655,33.5,16.));
#111 = VECTOR('',#112,1.);
#112 = DIRECTION('',(-1.,0.,0.));
#113 = ORIENTED_EDGE('',*,*,#114,.F.);
#114 = EDGE_CURVE('',#115,#107,#117,.T.);
#115 = VERTEX_POINT('',#116);
#116 = CARTESIAN_POINT('',(30.740674972534,33.366184234619,16.));
#117 = LINE('',#118,#119);
#118 = CARTESIAN_POINT('',(30.740674972534,33.366184234619,16.));
#119 = VECTOR('',#120,1.);
#120 = DIRECTION('',(-0.996649022179,8.179686173492E-02,0.));
#121 = ORIENTED_EDGE('',*,*,#122,.F.);
#122 = EDGE_CURVE('',#123,#115,#125,.T.);
#123 = VERTEX_POINT('',#124);
#124 = CARTESIAN_POINT('',(32.327507019043,32.968311309814,16.));
#125 = LINE('',#126,#127);
#126 = CARTESIAN_POINT('',(32.327507019043,32.968311309814,16.));
#127 = VECTOR('',#128,1.);
#128 = DIRECTION('',(-0.969974722653,0.243205751193,0.));
#129 = ORIENTED_EDGE('',*,*,#130,.F.);
#130 = EDGE_CURVE('',#131,#123,#133,.T.);
#131 = VERTEX_POINT('',#132);
#132 = CARTESIAN_POINT('',(33.828235626221,32.317039489746,16.));
#133 = LINE('',#134,#135);
#134 = CARTESIAN_POINT('',(33.828235626221,32.317039489746,16.));
#135 = VECTOR('',#136,1.);
#136 = DIRECTION('',(-0.917342279709,0.398099412029,0.));
#137 = ORIENTED_EDGE('',*,*,#138,.F.);
#138 = EDGE_CURVE('',#139,#131,#141,.T.);
#139 = VERTEX_POINT('',#140);
#140 = CARTESIAN_POINT('',(35.202693939209,31.429790496826,16.));
#141 = LINE('',#142,#143);
#142 = CARTESIAN_POINT('',(35.202693939209,31.429790496826,16.));
#143 = VECTOR('',#144,1.);
#144 = DIRECTION('',(-0.840156918687,0.54234338936,0.));
#145 = ORIENTED_EDGE('',*,*,#146,.F.);
#146 = EDGE_CURVE('',#147,#139,#149,.T.);
#147 = VERTEX_POINT('',#148);
#148 = CARTESIAN_POINT('',(36.414093017578,30.330312728882,16.));
#149 = LINE('',#150,#151);
#150 = CARTESIAN_POINT('',(36.414093017578,30.330312728882,16.));
#151 = VECTOR('',#152,1.);
#152 = DIRECTION('',(-0.740485690296,0.67207212594,0.));
#153 = ORIENTED_EDGE('',*,*,#154,.T.);
#154 = EDGE_CURVE('',#147,#155,#157,.T.);
#155 = VERTEX_POINT('',#156);
#156 = CARTESIAN_POINT('',(36.902965545654,29.005121231079,16.));
#157 = LINE('',#158,#159);
#158 = CARTESIAN_POINT('',(36.414093017578,30.330312728882,16.));
#159 = VECTOR('',#160,1.);
#160 = DIRECTION('',(0.346106820856,-0.9381951122,0.));
#161 = ORIENTED_EDGE('',*,*,#162,.T.);
#162 = EDGE_CURVE('',#155,#163,#165,.T.);
#163 = VERTEX_POINT('',#164);
#164 = CARTESIAN_POINT('',(37.200244903564,27.624267578125,16.));
#165 = LINE('',#166,#167);
#166 = CARTESIAN_POINT('',(36.902965545654,29.005121231079,16.));
#167 = VECTOR('',#168,1.);
#168 = DIRECTION('',(0.210464550378,-0.97760148989,0.));
#169 = ORIENTED_EDGE('',*,*,#170,.T.);
#170 = EDGE_CURVE('',#163,#171,#173,.T.);
#171 = VERTEX_POINT('',#172);
#172 = CARTESIAN_POINT('',(37.300003051758,26.215303421021,16.));
#173 = LINE('',#174,#175);
#174 = CARTESIAN_POINT('',(37.200244903564,27.624267578125,16.));
#175 = VECTOR('',#176,1.);
#176 = DIRECTION('',(7.062567245854E-02,-0.997502889414,0.));
#177 = ORIENTED_EDGE('',*,*,#178,.F.);
#178 = EDGE_CURVE('',#179,#171,#181,.T.);
#179 = VERTEX_POINT('',#180);
#180 = CARTESIAN_POINT('',(37.300003051758,5.,16.));
#181 = LINE('',#182,#183);
#182 = CARTESIAN_POINT('',(37.300003051758,5.,16.));
#183 = VECTOR('',#184,1.);
#184 = DIRECTION('',(0.,1.,0.));
#185 = ORIENTED_EDGE('',*,*,#186,.T.);
#186 = EDGE_CURVE('',#179,#187,#189,.T.);
#187 = VERTEX_POINT('',#188);
#188 = CARTESIAN_POINT('',(39.799999237061,5.,16.));
#189 = LINE('',#190,#191);
#190 = CARTESIAN_POINT('',(37.300003051758,5.,16.));
#191 = VECTOR('',#192,1.);
#192 = DIRECTION('',(1.,0.,0.));
#193 = ORIENTED_EDGE('',*,*,#194,.F.);
#194 = EDGE_CURVE('',#195,#187,#197,.T.);
#195 = VERTEX_POINT('',#196);
#196 = CARTESIAN_POINT('',(39.799999237061,26.972244262695,16.));
#197 = LINE('',#198,#199);
#198 = CARTESIAN_POINT('',(39.799999237061,26.972244262695,16.));
#199 = VECTOR('',#200,1.);
#200 = DIRECTION('',(0.,-1.,0.));
#201 = ORIENTED_EDGE('',*,*,#202,.T.);
#202 = EDGE_CURVE('',#195,#203,#205,.T.);
#203 = VERTEX_POINT('',#204);
#204 = CARTESIAN_POINT('',(39.692150115967,28.436960220337,16.));
#205 = LINE('',#206,#207);
#206 = CARTESIAN_POINT('',(39.799999237061,26.972244262695,16.));
#207 = VECTOR('',#208,1.);
#208 = DIRECTION('',(-7.343263196753E-02,0.997300179767,0.));
#209 = ORIENTED_EDGE('',*,*,#210,.T.);
#210 = EDGE_CURVE('',#203,#211,#213,.T.);
#211 = VERTEX_POINT('',#212);
#212 = CARTESIAN_POINT('',(39.370922088623,29.870084762573,16.));
#213 = LINE('',#214,#215);
#214 = CARTESIAN_POINT('',(39.692150115967,28.436960220337,16.));
#215 = VECTOR('',#216,1.);
#216 = DIRECTION('',(-0.218718236653,0.975788057395,0.));
#217 = ORIENTED_EDGE('',*,*,#218,.T.);
#218 = EDGE_CURVE('',#211,#219,#221,.T.);
#219 = VERTEX_POINT('',#220);
#220 = CARTESIAN_POINT('',(38.843242645264,31.240701675415,16.));
#221 = LINE('',#222,#223);
#222 = CARTESIAN_POINT('',(39.370922088623,29.870084762573,16.));
#223 = VECTOR('',#224,1.);
#224 = DIRECTION('',(-0.359286953478,0.933227134764,0.));
#225 = ORIENTED_EDGE('',*,*,#226,.T.);
#226 = EDGE_CURVE('',#219,#227,#229,.T.);
#227 = VERTEX_POINT('',#228);
#228 = CARTESIAN_POINT('',(38.120506286621,32.519248962402,16.));
#229 = LINE('',#230,#231);
#230 = CARTESIAN_POINT('',(38.843242645264,31.240701675415,16.));
#231 = VECTOR('',#232,1.);
#232 = DIRECTION('',(-0.492098123588,0.87053973876,0.));
#233 = ORIENTED_EDGE('',*,*,#234,.F.);
#234 = EDGE_CURVE('',#235,#227,#237,.T.);
#235 = VERTEX_POINT('',#236);
#236 = CARTESIAN_POINT('',(36.807697296143,34.488452911377,16.));
#237 = LINE('',#238,#239);
#238 = CARTESIAN_POINT('',(36.807697296143,34.488452911377,16.));
#239 = VECTOR('',#240,1.);
#240 = DIRECTION('',(0.554702056024,-0.832049054469,0.));
#241 = ORIENTED_EDGE('',*,*,#242,.T.);
#242 = EDGE_CURVE('',#235,#243,#245,.T.);
#243 = VERTEX_POINT('',#244);
#244 = CARTESIAN_POINT('',(36.374053955078,35.255577087402,16.));
#245 = LINE('',#246,#247);
#246 = CARTESIAN_POINT('',(36.807697296143,34.488452911377,16.));
#247 = VECTOR('',#248,1.);
#248 = DIRECTION('',(-0.492101475772,0.870537843832,0.));
#249 = ORIENTED_EDGE('',*,*,#250,.T.);
#250 = EDGE_CURVE('',#243,#251,#253,.T.);
#251 = VERTEX_POINT('',#252);
#252 = CARTESIAN_POINT('',(36.05744934082,36.077949523926,16.));
#253 = LINE('',#254,#255);
#254 = CARTESIAN_POINT('',(36.374053955078,35.255577087402,16.));
#255 = VECTOR('',#256,1.);
#256 = DIRECTION('',(-0.359283066502,0.933228631218,0.));
#257 = ORIENTED_EDGE('',*,*,#258,.T.);
#258 = EDGE_CURVE('',#251,#259,#261,.T.);
#259 = VERTEX_POINT('',#260);
#260 = CARTESIAN_POINT('',(35.864711761475,36.93782043457,16.));
#261 = LINE('',#262,#263);
#262 = CARTESIAN_POINT('',(36.05744934082,36.077949523926,16.));
#263 = VECTOR('',#264,1.);
#264 = DIRECTION('',(-0.21871998492,0.975787665528,0.));
#265 = ORIENTED_EDGE('',*,*,#266,.T.);
#266 = EDGE_CURVE('',#259,#267,#269,.T.);
#267 = VERTEX_POINT('',#268);
#268 = CARTESIAN_POINT('',(35.800003051758,37.816654205322,16.));
#269 = LINE('',#270,#271);
#270 = CARTESIAN_POINT('',(35.864711761475,36.93782043457,16.));
#271 = VECTOR('',#272,1.);
#272 = DIRECTION('',(-7.343142212454E-02,0.997300268848,0.));
#273 = ORIENTED_EDGE('',*,*,#274,.T.);
#274 = EDGE_CURVE('',#267,#275,#277,.T.);
#275 = VERTEX_POINT('',#276);
#276 = CARTESIAN_POINT('',(35.800003051758,61.82638168335,16.));
#277 = LINE('',#278,#279);
#278 = CARTESIAN_POINT('',(35.800003051758,37.816654205322,16.));
#279 = VECTOR('',#280,1.);
#280 = DIRECTION('',(0.,1.,0.));
#281 = ORIENTED_EDGE('',*,*,#282,.T.);
#282 = EDGE_CURVE('',#275,#283,#285,.T.);
#283 = VERTEX_POINT('',#284);
#284 = CARTESIAN_POINT('',(35.767883300781,61.949966430664,16.));
#285 = LINE('',#286,#287);
#286 = CARTESIAN_POINT('',(35.800003051758,61.82638168335,16.));
#287 = VECTOR('',#288,1.);
#288 = DIRECTION('',(-0.251543745706,0.967845929886,0.));
#289 = ORIENTED_EDGE('',*,*,#290,.T.);
#290 = EDGE_CURVE('',#283,#291,#293,.T.);
#291 = VERTEX_POINT('',#292);
#292 = CARTESIAN_POINT('',(35.209266662598,64.099433898926,16.));
#293 = LINE('',#294,#295);
#294 = CARTESIAN_POINT('',(35.767883300781,61.949966430664,16.));
#295 = VECTOR('',#296,1.);
#296 = DIRECTION('',(-0.251530559106,0.967849356995,0.));
#297 = ORIENTED_EDGE('',*,*,#298,.T.);
#298 = EDGE_CURVE('',#291,#299,#301,.T.);
#299 = VERTEX_POINT('',#300);
#300 = CARTESIAN_POINT('',(35.134498596191,64.347343444824,16.));
#301 = LINE('',#302,#303);
#302 = CARTESIAN_POINT('',(35.209266662598,64.099433898926,16.));
#303 = VECTOR('',#304,1.);
#304 = DIRECTION('',(-0.288747797201,0.957405196148,0.));
#305 = ORIENTED_EDGE('',*,*,#306,.T.);
#306 = EDGE_CURVE('',#299,#307,#309,.T.);
#307 = VERTEX_POINT('',#308);
#308 = CARTESIAN_POINT('',(34.584888458252,66.169715881348,16.));
#309 = LINE('',#310,#311);
#310 = CARTESIAN_POINT('',(35.134498596191,64.347343444824,16.));
#311 = VECTOR('',#312,1.);
#312 = DIRECTION('',(-0.288744565619,0.957406170768,0.));
#313 = ORIENTED_EDGE('',*,*,#314,.T.);
#314 = EDGE_CURVE('',#307,#315,#317,.T.);
#315 = VERTEX_POINT('',#316);
#316 = CARTESIAN_POINT('',(34.466037750244,66.505599975586,16.));
#317 = LINE('',#318,#319);
#318 = CARTESIAN_POINT('',(34.584888458252,66.169715881348,16.));
#319 = VECTOR('',#320,1.);
#320 = DIRECTION('',(-0.333577186547,0.942722790971,0.));
#321 = ORIENTED_EDGE('',*,*,#322,.T.);
#322 = EDGE_CURVE('',#315,#323,#325,.T.);
#323 = VERTEX_POINT('',#324);
#324 = CARTESIAN_POINT('',(33.942901611328,67.984092712402,16.));
#325 = LINE('',#326,#327);
#326 = CARTESIAN_POINT('',(34.466037750244,66.505599975586,16.));
#327 = VECTOR('',#328,1.);
#328 = DIRECTION('',(-0.333565713498,0.942726850566,0.));
#329 = ORIENTED_EDGE('',*,*,#330,.T.);
#330 = EDGE_CURVE('',#323,#331,#333,.T.);
#331 = VERTEX_POINT('',#332);
#332 = CARTESIAN_POINT('',(33.781795501709,68.362815856934,16.));
#333 = LINE('',#334,#335);
#334 = CARTESIAN_POINT('',(33.942901611328,67.984092712402,16.));
#335 = VECTOR('',#336,1.);
#336 = DIRECTION('',(-0.391446796319,0.92020074204,0.));
#337 = ORIENTED_EDGE('',*,*,#338,.T.);
#338 = EDGE_CURVE('',#331,#339,#341,.T.);
#339 = VERTEX_POINT('',#340);
#340 = CARTESIAN_POINT('',(33.299781799316,69.495956420898,16.));
#341 = LINE('',#342,#343);
#342 = CARTESIAN_POINT('',(33.781795501709,68.362815856934,16.));
#343 = VECTOR('',#344,1.);
#344 = DIRECTION('',(-0.391435679054,0.920205471166,0.));
#345 = ORIENTED_EDGE('',*,*,#346,.T.);
#346 = EDGE_CURVE('',#339,#347,#349,.T.);
#347 = VERTEX_POINT('',#348);
#348 = CARTESIAN_POINT('',(33.101493835449,69.865699768066,16.));
#349 = LINE('',#350,#351);
#350 = CARTESIAN_POINT('',(33.299781799316,69.495956420898,16.));
#351 = VECTOR('',#352,1.);
#352 = DIRECTION('',(-0.472612447694,0.881270375245,0.));
#353 = ORIENTED_EDGE('',*,*,#354,.T.);
#354 = EDGE_CURVE('',#347,#355,#357,.T.);
#355 = VERTEX_POINT('',#356);
#356 = CARTESIAN_POINT('',(32.672050476074,70.666481018066,16.));
#357 = LINE('',#358,#359);
#358 = CARTESIAN_POINT('',(33.101493835449,69.865699768066,16.));
#359 = VECTOR('',#360,1.);
#360 = DIRECTION('',(-0.472609076324,0.881272183253,0.));
#361 = ORIENTED_EDGE('',*,*,#362,.T.);
#362 = EDGE_CURVE('',#355,#363,#365,.T.);
#363 = VERTEX_POINT('',#364);
#364 = CARTESIAN_POINT('',(32.44388961792,70.979034423828,16.));
#365 = LINE('',#366,#367);
#366 = CARTESIAN_POINT('',(32.672050476074,70.666481018066,16.));
#367 = VECTOR('',#368,1.);
#368 = DIRECTION('',(-0.589606230015,0.807690840314,0.));
#369 = ORIENTED_EDGE('',*,*,#370,.T.);
#370 = EDGE_CURVE('',#363,#371,#373,.T.);
#371 = VERTEX_POINT('',#372);
#372 = CARTESIAN_POINT('',(32.137531280518,71.398696899414,16.));
#373 = LINE('',#374,#375);
#374 = CARTESIAN_POINT('',(32.44388961792,70.979034423828,16.));
#375 = VECTOR('',#376,1.);
#376 = DIRECTION('',(-0.589617442229,0.807682655391,0.));
#377 = ORIENTED_EDGE('',*,*,#378,.T.);
#378 = EDGE_CURVE('',#371,#379,#381,.T.);
#379 = VERTEX_POINT('',#380);
#380 = CARTESIAN_POINT('',(31.831882476807,71.690483093262,16.));
#381 = LINE('',#382,#383);
#382 = CARTESIAN_POINT('',(32.137531280518,71.398696899414,16.));
#383 = VECTOR('',#384,1.);
#384 = DIRECTION('',(-0.723319472191,0.690513534371,0.));
#385 = ORIENTED_EDGE('',*,*,#386,.T.);
#386 = EDGE_CURVE('',#379,#387,#389,.T.);
#387 = VERTEX_POINT('',#388);
#388 = CARTESIAN_POINT('',(31.823917388916,71.695762634277,16.));
#389 = LINE('',#390,#391);
#390 = CARTESIAN_POINT('',(31.831882476807,71.690483093262,16.));
#391 = VECTOR('',#392,1.);
#392 = DIRECTION('',(-0.833521311452,0.552487306058,0.));
#393 = ORIENTED_EDGE('',*,*,#394,.T.);
#394 = EDGE_CURVE('',#387,#395,#397,.T.);
#395 = VERTEX_POINT('',#396);
#396 = CARTESIAN_POINT('',(31.628582000732,71.825180053711,16.));
#397 = LINE('',#398,#399);
#398 = CARTESIAN_POINT('',(31.823917388916,71.695762634277,16.));
#399 = VECTOR('',#400,1.);
#400 = DIRECTION('',(-0.833634813347,0.552316030887,0.));
#401 = ORIENTED_EDGE('',*,*,#402,.T.);
#402 = EDGE_CURVE('',#395,#403,#405,.T.);
#403 = VERTEX_POINT('',#404);
#404 = CARTESIAN_POINT('',(31.477540969849,71.890586853027,16.));
#405 = LINE('',#406,#407);
#406 = CARTESIAN_POINT('',(31.628582000732,71.825180053711,16.));
#407 = VECTOR('',#408,1.);
#408 = DIRECTION('',(-0.917653820143,0.397380757433,0.));
#409 = ORIENTED_EDGE('',*,*,#410,.T.);
#410 = EDGE_CURVE('',#403,#411,#413,.T.);
#411 = VERTEX_POINT('',#412);
#412 = CARTESIAN_POINT('',(31.355247497559,71.919548034668,16.));
#413 = LINE('',#414,#415);
#414 = CARTESIAN_POINT('',(31.477540969849,71.890586853027,16.));
#415 = VECTOR('',#416,1.);
#416 = DIRECTION('',(-0.973085750836,0.2304433152,0.));
#417 = ORIENTED_EDGE('',*,*,#418,.T.);
#418 = EDGE_CURVE('',#411,#419,#421,.T.);
#419 = VERTEX_POINT('',#420);
#420 = CARTESIAN_POINT('',(31.267854690552,71.925872802734,16.));
#421 = LINE('',#422,#423);
#422 = CARTESIAN_POINT('',(31.355247497559,71.919548034668,16.));
#423 = VECTOR('',#424,1.);
#424 = DIRECTION('',(-0.997391409551,7.218293533407E-02,0.));
#425 = ORIENTED_EDGE('',*,*,#426,.F.);
#426 = EDGE_CURVE('',#427,#419,#429,.T.);
#427 = VERTEX_POINT('',#428);
#428 = CARTESIAN_POINT('',(27.902698516846,71.925872802734,16.));
#429 = LINE('',#430,#431);
#430 = CARTESIAN_POINT('',(27.902698516846,71.925872802734,16.));
#431 = VECTOR('',#432,1.);
#432 = DIRECTION('',(1.,0.,0.));
#433 = ORIENTED_EDGE('',*,*,#434,.T.);
#434 = EDGE_CURVE('',#427,#435,#437,.T.);
#435 = VERTEX_POINT('',#436);
#436 = CARTESIAN_POINT('',(27.349977493286,71.399765014648,16.));
#437 = LINE('',#438,#439);
#438 = CARTESIAN_POINT('',(27.902698516846,71.925872802734,16.));
#439 = VECTOR('',#440,1.);
#440 = DIRECTION('',(-0.724329782237,-0.68945367253,0.));
#441 = ORIENTED_EDGE('',*,*,#442,.T.);
#442 = EDGE_CURVE('',#435,#443,#445,.T.);
#443 = VERTEX_POINT('',#444);
#444 = CARTESIAN_POINT('',(26.49397277832,70.801536560059,16.));
#445 = LINE('',#446,#447);
#446 = CARTESIAN_POINT('',(27.349977493286,71.399765014648,16.));
#447 = VECTOR('',#448,1.);
#448 = DIRECTION('',(-0.819670222512,-0.572835688769,0.));
#449 = ORIENTED_EDGE('',*,*,#450,.T.);
#450 = EDGE_CURVE('',#443,#451,#453,.T.);
#451 = VERTEX_POINT('',#452);
#452 = CARTESIAN_POINT('',(25.547204971313,70.360786437988,16.));
#453 = LINE('',#454,#455);
#454 = CARTESIAN_POINT('',(26.49397277832,70.801536560059,16.));
#455 = VECTOR('',#456,1.);
#456 = DIRECTION('',(-0.9065771575,-0.422040113613,0.));
#457 = ORIENTED_EDGE('',*,*,#458,.T.);
#458 = EDGE_CURVE('',#451,#459,#461,.T.);
#459 = VERTEX_POINT('',#460);
#460 = CARTESIAN_POINT('',(24.538354873657,70.090881347656,16.));
#461 = LINE('',#462,#463);
#462 = CARTESIAN_POINT('',(25.547204971313,70.360786437988,16.));
#463 = VECTOR('',#464,1.);
#464 = DIRECTION('',(-0.966025215438,-0.258447834462,0.));
#465 = ORIENTED_EDGE('',*,*,#466,.T.);
#466 = EDGE_CURVE('',#459,#467,#469,.T.);
#467 = VERTEX_POINT('',#468);
#468 = CARTESIAN_POINT('',(23.497987747192,70.,16.));
#469 = LINE('',#470,#471);
#470 = CARTESIAN_POINT('',(24.538354873657,70.090881347656,16.));
#471 = VECTOR('',#472,1.);
#472 = DIRECTION('',(-0.996206244095,-8.702367049462E-02,0.));
#473 = ORIENTED_EDGE('',*,*,#474,.T.);
#474 = EDGE_CURVE('',#467,#475,#477,.T.);
#475 = VERTEX_POINT('',#476);
#476 = CARTESIAN_POINT('',(21.884704589844,70.,16.));
#477 = LINE('',#478,#479);
#478 = CARTESIAN_POINT('',(23.497987747192,70.,16.));
#479 = VECTOR('',#480,1.);
#480 = DIRECTION('',(-1.,0.,0.));
#481 = ORIENTED_EDGE('',*,*,#482,.T.);
#482 = EDGE_CURVE('',#475,#483,#485,.T.);
#483 = VERTEX_POINT('',#484);
#484 = CARTESIAN_POINT('',(20.946096420288,69.926124572754,16.));
#485 = LINE('',#486,#487);
#486 = CARTESIAN_POINT('',(21.884704589844,70.,16.));
#487 = VECTOR('',#488,1.);
#488 = DIRECTION('',(-0.99691688824,-7.846475604666E-02,0.));
#489 = ORIENTED_EDGE('',*,*,#490,.T.);
#490 = EDGE_CURVE('',#483,#491,#493,.T.);
#491 = VERTEX_POINT('',#492);
#492 = CARTESIAN_POINT('',(20.030601501465,69.706336975098,16.));
#493 = LINE('',#494,#495);
#494 = CARTESIAN_POINT('',(20.946096420288,69.926124572754,16.));
#495 = VECTOR('',#496,1.);
#496 = DIRECTION('',(-0.972370712735,-0.23344206351,0.));
#497 = ORIENTED_EDGE('',*,*,#498,.T.);
#498 = EDGE_CURVE('',#491,#499,#501,.T.);
#499 = VERTEX_POINT('',#500);
#500 = CARTESIAN_POINT('',(19.160760879517,69.346038818359,16.));
#501 = LINE('',#502,#503);
#502 = CARTESIAN_POINT('',(20.030601501465,69.706336975098,16.));
#503 = VECTOR('',#504,1.);
#504 = DIRECTION('',(-0.923880143094,-0.382681958286,0.));
#505 = ORIENTED_EDGE('',*,*,#506,.T.);
#506 = EDGE_CURVE('',#499,#507,#509,.T.);
#507 = VERTEX_POINT('',#508);
#508 = CARTESIAN_POINT('',(18.357992172241,68.854103088379,16.));
#509 = LINE('',#510,#511);
#510 = CARTESIAN_POINT('',(19.160760879517,69.346038818359,16.));
#511 = VECTOR('',#512,1.);
#512 = DIRECTION('',(-0.852640905605,-0.522497355102,0.));
#513 = ORIENTED_EDGE('',*,*,#514,.T.);
#514 = EDGE_CURVE('',#507,#515,#517,.T.);
#515 = VERTEX_POINT('',#516);
#516 = CARTESIAN_POINT('',(17.642061233521,68.242637634277,16.));
#517 = LINE('',#518,#519);
#518 = CARTESIAN_POINT('',(18.357992172241,68.854103088379,16.));
#519 = VECTOR('',#520,1.);
#520 = DIRECTION('',(-0.760404566586,-0.649449686361,0.));
#521 = ORIENTED_EDGE('',*,*,#522,.T.);
#522 = EDGE_CURVE('',#515,#523,#525,.T.);
#523 = VERTEX_POINT('',#524);
#524 = CARTESIAN_POINT('',(17.030599594116,67.526710510254,16.));
#525 = LINE('',#526,#527);
#526 = CARTESIAN_POINT('',(17.642061233521,68.242637634277,16.));
#527 = VECTOR('',#528,1.);
#528 = DIRECTION('',(-0.649449344518,-0.760404858549,0.));
#529 = ORIENTED_EDGE('',*,*,#530,.T.);
#530 = EDGE_CURVE('',#523,#531,#533,.T.);
#531 = VERTEX_POINT('',#532);
#532 = CARTESIAN_POINT('',(16.538661956787,66.723945617676,16.));
#533 = LINE('',#534,#535);
#534 = CARTESIAN_POINT('',(17.030599594116,67.526710510254,16.));
#535 = VECTOR('',#536,1.);
#536 = DIRECTION('',(-0.522500632924,-0.852638896951,0.));
#537 = ORIENTED_EDGE('',*,*,#538,.T.);
#538 = EDGE_CURVE('',#531,#539,#541,.T.);
#539 = VERTEX_POINT('',#540);
#540 = CARTESIAN_POINT('',(16.178363800049,65.854103088379,16.));
#541 = LINE('',#542,#543);
#542 = CARTESIAN_POINT('',(16.538661956787,66.723945617676,16.));
#543 = VECTOR('',#544,1.);
#544 = DIRECTION('',(-0.382681242045,-0.923880439768,0.));
#545 = ORIENTED_EDGE('',*,*,#546,.T.);
#546 = EDGE_CURVE('',#539,#547,#549,.T.);
#547 = VERTEX_POINT('',#548);
#548 = CARTESIAN_POINT('',(15.95857334137,64.938606262207,16.));
#549 = LINE('',#550,#551);
#550 = CARTESIAN_POINT('',(16.178363800049,65.854103088379,16.));
#551 = VECTOR('',#552,1.);
#552 = DIRECTION('',(-0.23344447682,-0.972370133356,0.));
#553 = ORIENTED_EDGE('',*,*,#554,.T.);
#554 = EDGE_CURVE('',#547,#555,#557,.T.);
#555 = VERTEX_POINT('',#556);
#556 = CARTESIAN_POINT('',(15.884702682495,64.,16.));
#557 = LINE('',#558,#559);
#558 = CARTESIAN_POINT('',(15.95857334137,64.938606262207,16.));
#559 = VECTOR('',#560,1.);
#560 = DIRECTION('',(-7.845988108711E-02,-0.996917271924,0.));
#561 = ORIENTED_EDGE('',*,*,#562,.T.);
#562 = EDGE_CURVE('',#555,#563,#565,.T.);
#563 = VERTEX_POINT('',#564);
#564 = CARTESIAN_POINT('',(15.884702682495,40.832397460938,16.));
#565 = LINE('',#566,#567);
#566 = CARTESIAN_POINT('',(15.884702682495,64.,16.));
#567 = VECTOR('',#568,1.);
#568 = DIRECTION('',(0.,-1.,0.));
#569 = ORIENTED_EDGE('',*,*,#570,.T.);
#570 = EDGE_CURVE('',#563,#571,#573,.T.);
#571 = VERTEX_POINT('',#572);
#572 = CARTESIAN_POINT('',(15.798732757568,39.820343017578,16.));
#573 = LINE('',#574,#575);
#574 = CARTESIAN_POINT('',(15.884702682495,40.832397460938,16.));
#575 = VECTOR('',#576,1.);
#576 = DIRECTION('',(-8.46411204062E-02,-0.996411501708,0.));
#577 = ORIENTED_EDGE('',*,*,#578,.T.);
#578 = EDGE_CURVE('',#571,#579,#581,.T.);
#579 = VERTEX_POINT('',#580);
#580 = CARTESIAN_POINT('',(15.543285369873,38.837295532227,16.));
#581 = LINE('',#582,#583);
#582 = CARTESIAN_POINT('',(15.798732757568,39.820343017578,16.));
#583 = VECTOR('',#584,1.);
#584 = DIRECTION('',(-0.251500167676,-0.967857254795,0.));
#585 = ORIENTED_EDGE('',*,*,#586,.T.);
#586 = EDGE_CURVE('',#579,#587,#589,.T.);
#587 = VERTEX_POINT('',#588);
#588 = CARTESIAN_POINT('',(15.125682830811,37.911418914795,16.));
#589 = LINE('',#590,#591);
#590 = CARTESIAN_POINT('',(15.543285369873,38.837295532227,16.));
#591 = VECTOR('',#592,1.);
#592 = DIRECTION('',(-0.411148937493,-0.911568182419,0.));
#593 = ORIENTED_EDGE('',*,*,#594,.T.);
#594 = EDGE_CURVE('',#587,#595,#597,.T.);
#595 = VERTEX_POINT('',#596);
#596 = CARTESIAN_POINT('',(14.557890892029,37.069244384766,16.));
#597 = LINE('',#598,#599);
#598 = CARTESIAN_POINT('',(15.125682830811,37.911418914795,16.));
#599 = VECTOR('',#600,1.);
#600 = DIRECTION('',(-0.559015631467,-0.82915711646,0.));
#601 = ORIENTED_EDGE('',*,*,#602,.T.);
#602 = EDGE_CURVE('',#595,#603,#605,.T.);
#603 = VERTEX_POINT('',#604);
#604 = CARTESIAN_POINT('',(13.856182098389,36.334911346436,16.));
#605 = LINE('',#606,#607);
#606 = CARTESIAN_POINT('',(14.557890892029,37.069244384766,16.));
#607 = VECTOR('',#608,1.);
#608 = DIRECTION('',(-0.690864348189,-0.722984406748,0.));
#609 = ORIENTED_EDGE('',*,*,#610,.T.);
#610 = EDGE_CURVE('',#603,#611,#613,.T.);
#611 = VERTEX_POINT('',#612);
#612 = CARTESIAN_POINT('',(13.040661811829,35.729465484619,16.));
#613 = LINE('',#614,#615);
#614 = CARTESIAN_POINT('',(13.856182098389,36.334911346436,16.));
#615 = VECTOR('',#616,1.);
#616 = DIRECTION('',(-0.802917820868,-0.596089735638,0.));
#617 = ORIENTED_EDGE('',*,*,#618,.T.);
#618 = EDGE_CURVE('',#611,#619,#621,.T.);
#619 = VERTEX_POINT('',#620);
#620 = CARTESIAN_POINT('',(13.026659938999,35.722368145646,16.));
#621 = LINE('',#622,#623);
#622 = CARTESIAN_POINT('',(13.040661811829,35.729465484619,16.));
#623 = VECTOR('',#624,1.);
#624 = DIRECTION('',(-0.891957256504,-0.45211973256,0.));
#625 = ORIENTED_EDGE('',*,*,#626,.T.);
#626 = EDGE_CURVE('',#619,#24,#627,.T.);
#627 = B_SPLINE_CURVE_WITH_KNOTS('',9,(#628,#629,#630,#631,#632,#633,
    #634,#635,#636,#637),.UNSPECIFIED.,.F.,.F.,(10,10),(0.,1.),
  .PIECEWISE_BEZIER_KNOTS.);
#628 = CARTESIAN_POINT('',(13.026659938999,35.722368145646,16.));
#629 = CARTESIAN_POINT('',(12.851244465107,35.633452677372,16.));
#630 = CARTESIAN_POINT('',(12.688040927249,35.520444848359,16.));
#631 = CARTESIAN_POINT('',(12.541465409282,35.384011542261,16.));
#632 = CARTESIAN_POINT('',(12.416086984768,35.226212216943,16.));
#633 = CARTESIAN_POINT('',(12.316056670619,35.050641848685,16.));
#634 = CARTESIAN_POINT('',(12.244238300863,34.862326957691,16.));
#635 = CARTESIAN_POINT('',(12.20160792176,34.666671443438,16.));
#636 = CARTESIAN_POINT('',(12.18760749763,34.468655907906,16.));
#637 = CARTESIAN_POINT('',(12.200559042737,34.272419299552,16.));
#638 = FACE_BOUND('',#639,.T.);
#639 = EDGE_LOOP('',(#640,#650,#658,#666,#674,#682,#690,#698,#706,#714,
    #722,#730,#738,#746,#754,#762,#770,#778,#786,#794,#802,#810,#818,
    #826,#834,#842,#850,#858,#866,#874,#882,#890,#898,#906,#914,#922,
    #930));
#640 = ORIENTED_EDGE('',*,*,#641,.T.);
#641 = EDGE_CURVE('',#642,#644,#646,.T.);
#642 = VERTEX_POINT('',#643);
#643 = CARTESIAN_POINT('',(24.931123733521,39.411903381348,16.));
#644 = VERTEX_POINT('',#645);
#645 = CARTESIAN_POINT('',(25.013841629028,39.55997467041,16.));
#646 = LINE('',#647,#648);
#647 = CARTESIAN_POINT('',(24.931123733521,39.411903381348,16.));
#648 = VECTOR('',#649,1.);
#649 = DIRECTION('',(0.487696339681,0.873013333382,0.));
#650 = ORIENTED_EDGE('',*,*,#651,.T.);
#651 = EDGE_CURVE('',#644,#652,#654,.T.);
#652 = VERTEX_POINT('',#653);
#653 = CARTESIAN_POINT('',(25.1203956604,39.691940307617,16.));
#654 = LINE('',#655,#656);
#655 = CARTESIAN_POINT('',(25.013841629028,39.55997467041,16.));
#656 = VECTOR('',#657,1.);
#657 = DIRECTION('',(0.628217217156,0.778037999116,0.));
#658 = ORIENTED_EDGE('',*,*,#659,.T.);
#659 = EDGE_CURVE('',#652,#660,#662,.T.);
#660 = VERTEX_POINT('',#661);
#661 = CARTESIAN_POINT('',(25.247718811035,39.803997039795,16.));
#662 = LINE('',#663,#664);
#663 = CARTESIAN_POINT('',(25.1203956604,39.691940307617,16.));
#664 = VECTOR('',#665,1.);
#665 = DIRECTION('',(0.750677376296,0.660668961521,0.));
#666 = ORIENTED_EDGE('',*,*,#667,.T.);
#667 = EDGE_CURVE('',#660,#668,#670,.T.);
#668 = VERTEX_POINT('',#669);
#669 = CARTESIAN_POINT('',(25.392148971558,39.892925262451,16.));
#670 = LINE('',#671,#672);
#671 = CARTESIAN_POINT('',(25.247718811035,39.803997039795,16.));
#672 = VECTOR('',#673,1.);
#673 = DIRECTION('',(0.851531648927,0.524303205097,0.));
#674 = ORIENTED_EDGE('',*,*,#675,.T.);
#675 = EDGE_CURVE('',#668,#676,#678,.T.);
#676 = VERTEX_POINT('',#677);
#677 = CARTESIAN_POINT('',(25.549530029297,39.956169128418,16.));
#678 = LINE('',#679,#680);
#679 = CARTESIAN_POINT('',(25.392148971558,39.892925262451,16.));
#680 = VECTOR('',#681,1.);
#681 = DIRECTION('',(0.927882998584,0.372871480458,0.));
#682 = ORIENTED_EDGE('',*,*,#683,.T.);
#683 = EDGE_CURVE('',#676,#684,#686,.T.);
#684 = VERTEX_POINT('',#685);
#685 = CARTESIAN_POINT('',(25.715333938599,39.991901397705,16.));
#686 = LINE('',#687,#688);
#687 = CARTESIAN_POINT('',(25.549530029297,39.956169128418,16.));
#688 = VECTOR('',#689,1.);
#689 = DIRECTION('',(0.977556704064,0.210672471718,0.));
#690 = ORIENTED_EDGE('',*,*,#691,.T.);
#691 = EDGE_CURVE('',#684,#692,#694,.T.);
#692 = VERTEX_POINT('',#693);
#693 = CARTESIAN_POINT('',(25.884794235229,39.999095916748,16.));
#694 = LINE('',#695,#696);
#695 = CARTESIAN_POINT('',(25.715333938599,39.991901397705,16.));
#696 = VECTOR('',#697,1.);
#697 = DIRECTION('',(0.999099982414,4.241727408847E-02,0.));
#698 = ORIENTED_EDGE('',*,*,#699,.T.);
#699 = EDGE_CURVE('',#692,#700,#702,.T.);
#700 = VERTEX_POINT('',#701);
#701 = CARTESIAN_POINT('',(26.053031921387,39.977554321289,16.));
#702 = LINE('',#703,#704);
#703 = CARTESIAN_POINT('',(25.884794235229,39.999095916748,16.));
#704 = VECTOR('',#705,1.);
#705 = DIRECTION('',(0.991901982501,-0.127005736527,0.));
#706 = ORIENTED_EDGE('',*,*,#707,.T.);
#707 = EDGE_CURVE('',#700,#708,#710,.T.);
#708 = VERTEX_POINT('',#709);
#709 = CARTESIAN_POINT('',(26.215208053589,39.927886962891,16.));
#710 = LINE('',#711,#712);
#711 = CARTESIAN_POINT('',(26.053031921387,39.977554321289,16.));
#712 = VECTOR('',#713,1.);
#713 = DIRECTION('',(0.956164297951,-0.292830728106,0.));
#714 = ORIENTED_EDGE('',*,*,#715,.T.);
#715 = EDGE_CURVE('',#708,#716,#718,.T.);
#716 = VERTEX_POINT('',#717);
#717 = CARTESIAN_POINT('',(26.366659164429,39.851528167725,16.));
#718 = LINE('',#719,#720);
#719 = CARTESIAN_POINT('',(26.215208053589,39.927886962891,16.));
#720 = VECTOR('',#721,1.);
#721 = DIRECTION('',(0.89292881652,-0.450197877192,0.));
#722 = ORIENTED_EDGE('',*,*,#723,.T.);
#723 = EDGE_CURVE('',#716,#724,#726,.T.);
#724 = VERTEX_POINT('',#725);
#725 = CARTESIAN_POINT('',(26.50302696228,39.750671386719,16.));
#726 = LINE('',#727,#728);
#727 = CARTESIAN_POINT('',(26.366659164429,39.851528167725,16.));
#728 = VECTOR('',#729,1.);
#729 = DIRECTION('',(0.803998021815,-0.594631970985,0.));
#730 = ORIENTED_EDGE('',*,*,#731,.T.);
#731 = EDGE_CURVE('',#724,#732,#734,.T.);
#732 = VERTEX_POINT('',#733);
#733 = CARTESIAN_POINT('',(26.620388031006,39.628219604492,16.));
#734 = LINE('',#735,#736);
#735 = CARTESIAN_POINT('',(26.50302696228,39.750671386719,16.));
#736 = VECTOR('',#737,1.);
#737 = DIRECTION('',(0.691940533539,-0.721954498598,0.));
#738 = ORIENTED_EDGE('',*,*,#739,.T.);
#739 = EDGE_CURVE('',#732,#740,#742,.T.);
#740 = VERTEX_POINT('',#741);
#741 = CARTESIAN_POINT('',(26.715366363525,39.487693786621,16.));
#742 = LINE('',#743,#744);
#743 = CARTESIAN_POINT('',(26.620388031006,39.628219604492,16.));
#744 = VECTOR('',#745,1.);
#745 = DIRECTION('',(0.559972588755,-0.828511134411,0.));
#746 = ORIENTED_EDGE('',*,*,#747,.T.);
#747 = EDGE_CURVE('',#740,#748,#750,.T.);
#748 = VERTEX_POINT('',#749);
#749 = CARTESIAN_POINT('',(26.785230636597,39.333137512207,16.));
#750 = LINE('',#751,#752);
#751 = CARTESIAN_POINT('',(26.715366363525,39.487693786621,16.));
#752 = VECTOR('',#753,1.);
#753 = DIRECTION('',(0.411903363502,-0.911227534228,0.));
#754 = ORIENTED_EDGE('',*,*,#755,.T.);
#755 = EDGE_CURVE('',#748,#756,#758,.T.);
#756 = VERTEX_POINT('',#757);
#757 = CARTESIAN_POINT('',(26.827968597412,39.169002532959,16.));
#758 = LINE('',#759,#760);
#759 = CARTESIAN_POINT('',(26.785230636597,39.333137512207,16.));
#760 = VECTOR('',#761,1.);
#761 = DIRECTION('',(0.251981022016,-0.96773217604,0.));
#762 = ORIENTED_EDGE('',*,*,#763,.T.);
#763 = EDGE_CURVE('',#756,#764,#766,.T.);
#764 = VERTEX_POINT('',#765);
#765 = CARTESIAN_POINT('',(26.842351913452,39.,16.));
#766 = LINE('',#767,#768);
#767 = CARTESIAN_POINT('',(26.827968597412,39.169002532959,16.));
#768 = VECTOR('',#769,1.);
#769 = DIRECTION('',(8.480054302177E-02,-0.996397946557,0.));
#770 = ORIENTED_EDGE('',*,*,#771,.T.);
#771 = EDGE_CURVE('',#764,#772,#774,.T.);
#772 = VERTEX_POINT('',#773);
#773 = CARTESIAN_POINT('',(26.827968597412,38.830997467041,16.));
#774 = LINE('',#775,#776);
#775 = CARTESIAN_POINT('',(26.842351913452,39.,16.));
#776 = VECTOR('',#777,1.);
#777 = DIRECTION('',(-8.480054302177E-02,-0.996397946557,0.));
#778 = ORIENTED_EDGE('',*,*,#779,.T.);
#779 = EDGE_CURVE('',#772,#780,#782,.T.);
#780 = VERTEX_POINT('',#781);
#781 = CARTESIAN_POINT('',(26.785230636597,38.666858673096,16.));
#782 = LINE('',#783,#784);
#783 = CARTESIAN_POINT('',(26.827968597412,38.830997467041,16.));
#784 = VECTOR('',#785,1.);
#785 = DIRECTION('',(-0.25197553763,-0.967733604065,0.));
#786 = ORIENTED_EDGE('',*,*,#787,.T.);
#787 = EDGE_CURVE('',#780,#788,#790,.T.);
#788 = VERTEX_POINT('',#789);
#789 = CARTESIAN_POINT('',(26.715366363525,38.512306213379,16.));
#790 = LINE('',#791,#792);
#791 = CARTESIAN_POINT('',(26.785230636597,38.666858673096,16.));
#792 = VECTOR('',#793,1.);
#793 = DIRECTION('',(-0.411911805212,-0.911223718264,0.));
#794 = ORIENTED_EDGE('',*,*,#795,.T.);
#795 = EDGE_CURVE('',#788,#796,#798,.T.);
#796 = VERTEX_POINT('',#797);
#797 = CARTESIAN_POINT('',(26.620388031006,38.371780395508,16.));
#798 = LINE('',#799,#800);
#799 = CARTESIAN_POINT('',(26.715366363525,38.512306213379,16.));
#800 = VECTOR('',#801,1.);
#801 = DIRECTION('',(-0.559972588755,-0.828511134411,0.));
#802 = ORIENTED_EDGE('',*,*,#803,.T.);
#803 = EDGE_CURVE('',#796,#804,#806,.T.);
#804 = VERTEX_POINT('',#805);
#805 = CARTESIAN_POINT('',(26.50302696228,38.249328613281,16.));
#806 = LINE('',#807,#808);
#807 = CARTESIAN_POINT('',(26.620388031006,38.371780395508,16.));
#808 = VECTOR('',#809,1.);
#809 = DIRECTION('',(-0.691940533539,-0.721954498598,0.));
#810 = ORIENTED_EDGE('',*,*,#811,.T.);
#811 = EDGE_CURVE('',#804,#812,#814,.T.);
#812 = VERTEX_POINT('',#813);
#813 = CARTESIAN_POINT('',(26.366659164429,38.148471832275,16.));
#814 = LINE('',#815,#816);
#815 = CARTESIAN_POINT('',(26.50302696228,38.249328613281,16.));
#816 = VECTOR('',#817,1.);
#817 = DIRECTION('',(-0.803998021815,-0.594631970985,0.));
#818 = ORIENTED_EDGE('',*,*,#819,.T.);
#819 = EDGE_CURVE('',#812,#820,#822,.T.);
#820 = VERTEX_POINT('',#821);
#821 = CARTESIAN_POINT('',(26.215208053589,38.072109222412,16.));
#822 = LINE('',#823,#824);
#823 = CARTESIAN_POINT('',(26.366659164429,38.148471832275,16.));
#824 = VECTOR('',#825,1.);
#825 = DIRECTION('',(-0.892919775259,-0.450215809308,0.));
#826 = ORIENTED_EDGE('',*,*,#827,.T.);
#827 = EDGE_CURVE('',#820,#828,#830,.T.);
#828 = VERTEX_POINT('',#829);
#829 = CARTESIAN_POINT('',(26.053031921387,38.022441864014,16.));
#830 = LINE('',#831,#832);
#831 = CARTESIAN_POINT('',(26.215208053589,38.072109222412,16.));
#832 = VECTOR('',#833,1.);
#833 = DIRECTION('',(-0.956164297951,-0.292830728106,0.));
#834 = ORIENTED_EDGE('',*,*,#835,.T.);
#835 = EDGE_CURVE('',#828,#836,#838,.T.);
#836 = VERTEX_POINT('',#837);
#837 = CARTESIAN_POINT('',(25.884794235229,38.000900268555,16.));
#838 = LINE('',#839,#840);
#839 = CARTESIAN_POINT('',(26.053031921387,38.022441864014,16.));
#840 = VECTOR('',#841,1.);
#841 = DIRECTION('',(-0.991901982501,-0.127005736527,0.));
#842 = ORIENTED_EDGE('',*,*,#843,.T.);
#843 = EDGE_CURVE('',#836,#844,#846,.T.);
#844 = VERTEX_POINT('',#845);
#845 = CARTESIAN_POINT('',(25.715333938599,38.008102416992,16.));
#846 = LINE('',#847,#848);
#847 = CARTESIAN_POINT('',(25.884794235229,38.000900268555,16.));
#848 = VECTOR('',#849,1.);
#849 = DIRECTION('',(-0.999098075146,4.246217423125E-02,0.));
#850 = ORIENTED_EDGE('',*,*,#851,.T.);
#851 = EDGE_CURVE('',#844,#852,#854,.T.);
#852 = VERTEX_POINT('',#853);
#853 = CARTESIAN_POINT('',(25.549530029297,38.043834686279,16.));
#854 = LINE('',#855,#856);
#855 = CARTESIAN_POINT('',(25.715333938599,38.008102416992,16.));
#856 = VECTOR('',#857,1.);
#857 = DIRECTION('',(-0.977556704064,0.210672471718,0.));
#858 = ORIENTED_EDGE('',*,*,#859,.T.);
#859 = EDGE_CURVE('',#852,#860,#862,.T.);
#860 = VERTEX_POINT('',#861);
#861 = CARTESIAN_POINT('',(25.392148971558,38.107074737549,16.));
#862 = LINE('',#863,#864);
#863 = CARTESIAN_POINT('',(25.549530029297,38.043834686279,16.));
#864 = VECTOR('',#865,1.);
#865 = DIRECTION('',(-0.927890779766,0.372852116563,0.));
#866 = ORIENTED_EDGE('',*,*,#867,.T.);
#867 = EDGE_CURVE('',#860,#868,#870,.T.);
#868 = VERTEX_POINT('',#869);
#869 = CARTESIAN_POINT('',(25.247718811035,38.196002960205,16.));
#870 = LINE('',#871,#872);
#871 = CARTESIAN_POINT('',(25.392148971558,38.107074737549,16.));
#872 = VECTOR('',#873,1.);
#873 = DIRECTION('',(-0.851531648927,0.524303205097,0.));
#874 = ORIENTED_EDGE('',*,*,#875,.T.);
#875 = EDGE_CURVE('',#868,#876,#878,.T.);
#876 = VERTEX_POINT('',#877);
#877 = CARTESIAN_POINT('',(25.1203956604,38.30806350708,16.));
#878 = LINE('',#879,#880);
#879 = CARTESIAN_POINT('',(25.247718811035,38.196002960205,16.));
#880 = VECTOR('',#881,1.);
#881 = DIRECTION('',(-0.750666222031,0.660681635209,0.));
#882 = ORIENTED_EDGE('',*,*,#883,.T.);
#883 = EDGE_CURVE('',#876,#884,#886,.T.);
#884 = VERTEX_POINT('',#885);
#885 = CARTESIAN_POINT('',(25.013841629028,38.44002532959,16.));
#886 = LINE('',#887,#888);
#887 = CARTESIAN_POINT('',(25.1203956604,38.30806350708,16.));
#888 = VECTOR('',#889,1.);
#889 = DIRECTION('',(-0.628228210145,0.778029122834,0.));
#890 = ORIENTED_EDGE('',*,*,#891,.T.);
#891 = EDGE_CURVE('',#884,#892,#894,.T.);
#892 = VERTEX_POINT('',#893);
#893 = CARTESIAN_POINT('',(24.931123733521,38.58810043335,16.));
#894 = LINE('',#895,#896);
#895 = CARTESIAN_POINT('',(25.013841629028,38.44002532959,16.));
#896 = VECTOR('',#897,1.);
#897 = DIRECTION('',(-0.48768676392,0.873018682674,0.));
#898 = ORIENTED_EDGE('',*,*,#899,.T.);
#899 = EDGE_CURVE('',#892,#900,#902,.T.);
#900 = VERTEX_POINT('',#901);
#901 = CARTESIAN_POINT('',(24.874618530273,38.748023986816,16.));
#902 = LINE('',#903,#904);
#903 = CARTESIAN_POINT('',(24.931123733521,38.58810043335,16.));
#904 = VECTOR('',#905,1.);
#905 = DIRECTION('',(-0.33314302962,0.9428763025,0.));
#906 = ORIENTED_EDGE('',*,*,#907,.T.);
#907 = EDGE_CURVE('',#900,#908,#910,.T.);
#908 = VERTEX_POINT('',#909);
#909 = CARTESIAN_POINT('',(24.84595489502,38.915195465088,16.));
#910 = LINE('',#911,#912);
#911 = CARTESIAN_POINT('',(24.874618530273,38.748023986816,16.));
#912 = VECTOR('',#913,1.);
#913 = DIRECTION('',(-0.168996276045,0.985616689531,0.));
#914 = ORIENTED_EDGE('',*,*,#915,.T.);
#915 = EDGE_CURVE('',#908,#916,#918,.T.);
#916 = VERTEX_POINT('',#917);
#917 = CARTESIAN_POINT('',(24.84595489502,39.084808349609,16.));
#918 = LINE('',#919,#920);
#919 = CARTESIAN_POINT('',(24.84595489502,38.915195465088,16.));
#920 = VECTOR('',#921,1.);
#921 = DIRECTION('',(0.,1.,0.));
#922 = ORIENTED_EDGE('',*,*,#923,.T.);
#923 = EDGE_CURVE('',#916,#924,#926,.T.);
#924 = VERTEX_POINT('',#925);
#925 = CARTESIAN_POINT('',(24.874618530273,39.251979827881,16.));
#926 = LINE('',#927,#928);
#927 = CARTESIAN_POINT('',(24.84595489502,39.084808349609,16.));
#928 = VECTOR('',#929,1.);
#929 = DIRECTION('',(0.168996276045,0.985616689531,0.));
#930 = ORIENTED_EDGE('',*,*,#931,.T.);
#931 = EDGE_CURVE('',#924,#642,#932,.T.);
#932 = LINE('',#933,#934);
#933 = CARTESIAN_POINT('',(24.874618530273,39.251979827881,16.));
#934 = VECTOR('',#935,1.);
#935 = DIRECTION('',(0.33314302962,0.9428763025,0.));
#936 = FACE_BOUND('',#937,.T.);
#937 = EDGE_LOOP('',(#938,#948,#956,#964));
#938 = ORIENTED_EDGE('',*,*,#939,.T.);
#939 = EDGE_CURVE('',#940,#942,#944,.T.);
#940 = VERTEX_POINT('',#941);
#941 = CARTESIAN_POINT('',(19.592351913452,41.,16.));
#942 = VERTEX_POINT('',#943);
#943 = CARTESIAN_POINT('',(19.592351913452,65.,16.));
#944 = LINE('',#945,#946);
#945 = CARTESIAN_POINT('',(19.592351913452,41.,16.));
#946 = VECTOR('',#947,1.);
#947 = DIRECTION('',(0.,1.,0.));
#948 = ORIENTED_EDGE('',*,*,#949,.T.);
#949 = EDGE_CURVE('',#942,#950,#952,.T.);
#950 = VERTEX_POINT('',#951);
#951 = CARTESIAN_POINT('',(32.092350006104,65.,16.));
#952 = LINE('',#953,#954);
#953 = CARTESIAN_POINT('',(19.592351913452,65.,16.));
#954 = VECTOR('',#955,1.);
#955 = DIRECTION('',(1.,0.,0.));
#956 = ORIENTED_EDGE('',*,*,#957,.T.);
#957 = EDGE_CURVE('',#950,#958,#960,.T.);
#958 = VERTEX_POINT('',#959);
#959 = CARTESIAN_POINT('',(32.092350006104,41.,16.));
#960 = LINE('',#961,#962);
#961 = CARTESIAN_POINT('',(32.092350006104,65.,16.));
#962 = VECTOR('',#963,1.);
#963 = DIRECTION('',(0.,-1.,0.));
#964 = ORIENTED_EDGE('',*,*,#965,.T.);
#965 = EDGE_CURVE('',#958,#940,#966,.T.);
#966 = LINE('',#967,#968);
#967 = CARTESIAN_POINT('',(32.092350006104,41.,16.));
#968 = VECTOR('',#969,1.);
#969 = DIRECTION('',(-1.,0.,0.));
#970 = FACE_BOUND('',#971,.T.);
#971 = EDGE_LOOP('',(#972,#982,#990,#998,#1006,#1014,#1022,#1030,#1038,
    #1046,#1054,#1062,#1070,#1078,#1086,#1094,#1102,#1110,#1118,#1126,
    #1134,#1142,#1150,#1158,#1166,#1174,#1182,#1190,#1198,#1206,#1214,
    #1222,#1230,#1238,#1246,#1254,#1262));
#972 = ORIENTED_EDGE('',*,*,#973,.T.);
#973 = EDGE_CURVE('',#974,#976,#978,.T.);
#974 = VERTEX_POINT('',#975);
#975 = CARTESIAN_POINT('',(24.874618530273,66.748023986816,16.));
#976 = VERTEX_POINT('',#977);
#977 = CARTESIAN_POINT('',(24.84595489502,66.915191650391,16.));
#978 = LINE('',#979,#980);
#979 = CARTESIAN_POINT('',(24.874618530273,66.748023986816,16.));
#980 = VECTOR('',#981,1.);
#981 = DIRECTION('',(-0.169000022329,0.985616047177,0.));
#982 = ORIENTED_EDGE('',*,*,#983,.T.);
#983 = EDGE_CURVE('',#976,#984,#986,.T.);
#984 = VERTEX_POINT('',#985);
#985 = CARTESIAN_POINT('',(24.84595489502,67.084800720215,16.));
#986 = LINE('',#987,#988);
#987 = CARTESIAN_POINT('',(24.84595489502,66.915191650391,16.));
#988 = VECTOR('',#989,1.);
#989 = DIRECTION('',(0.,1.,0.));
#990 = ORIENTED_EDGE('',*,*,#991,.T.);
#991 = EDGE_CURVE('',#984,#992,#994,.T.);
#992 = VERTEX_POINT('',#993);
#993 = CARTESIAN_POINT('',(24.874618530273,67.251983642578,16.));
#994 = LINE('',#995,#996);
#995 = CARTESIAN_POINT('',(24.84595489502,67.084800720215,16.));
#996 = VECTOR('',#997,1.);
#997 = DIRECTION('',(0.168985038177,0.985618616338,0.));
#998 = ORIENTED_EDGE('',*,*,#999,.T.);
#999 = EDGE_CURVE('',#992,#1000,#1002,.T.);
#1000 = VERTEX_POINT('',#1001);
#1001 = CARTESIAN_POINT('',(24.931123733521,67.411895751953,16.));
#1002 = LINE('',#1003,#1004);
#1003 = CARTESIAN_POINT('',(24.874618530273,67.251983642578,16.));
#1004 = VECTOR('',#1005,1.);
#1005 = DIRECTION('',(0.333164224696,0.942868813453,0.));
#1006 = ORIENTED_EDGE('',*,*,#1007,.T.);
#1007 = EDGE_CURVE('',#1000,#1008,#1010,.T.);
#1008 = VERTEX_POINT('',#1009);
#1009 = CARTESIAN_POINT('',(25.013841629028,67.55997467041,16.));
#1010 = LINE('',#1011,#1012);
#1011 = CARTESIAN_POINT('',(24.931123733521,67.411895751953,16.));
#1012 = VECTOR('',#1013,1.);
#1013 = DIRECTION('',(0.487677188477,0.87302403165,0.));
#1014 = ORIENTED_EDGE('',*,*,#1015,.T.);
#1015 = EDGE_CURVE('',#1008,#1016,#1018,.T.);
#1016 = VERTEX_POINT('',#1017);
#1017 = CARTESIAN_POINT('',(25.1203956604,67.691940307617,16.));
#1018 = LINE('',#1019,#1020);
#1019 = CARTESIAN_POINT('',(25.013841629028,67.55997467041,16.));
#1020 = VECTOR('',#1021,1.);
#1021 = DIRECTION('',(0.628217217156,0.778037999116,0.));
#1022 = ORIENTED_EDGE('',*,*,#1023,.T.);
#1023 = EDGE_CURVE('',#1016,#1024,#1026,.T.);
#1024 = VERTEX_POINT('',#1025);
#1025 = CARTESIAN_POINT('',(25.247718811035,67.803993225098,16.));
#1026 = LINE('',#1027,#1028);
#1027 = CARTESIAN_POINT('',(25.1203956604,67.691940307617,16.));
#1028 = VECTOR('',#1029,1.);
#1029 = DIRECTION('',(0.750688530679,0.660656287268,0.));
#1030 = ORIENTED_EDGE('',*,*,#1031,.T.);
#1031 = EDGE_CURVE('',#1024,#1032,#1034,.T.);
#1032 = VERTEX_POINT('',#1033);
#1033 = CARTESIAN_POINT('',(25.392148971558,67.892921447754,16.));
#1034 = LINE('',#1035,#1036);
#1035 = CARTESIAN_POINT('',(25.247718811035,67.803993225098,16.));
#1036 = VECTOR('',#1037,1.);
#1037 = DIRECTION('',(0.851531648927,0.524303205097,0.));
#1038 = ORIENTED_EDGE('',*,*,#1039,.T.);
#1039 = EDGE_CURVE('',#1032,#1040,#1042,.T.);
#1040 = VERTEX_POINT('',#1041);
#1041 = CARTESIAN_POINT('',(25.549530029297,67.956161499023,16.));
#1042 = LINE('',#1043,#1044);
#1043 = CARTESIAN_POINT('',(25.392148971558,67.892921447754,16.));
#1044 = VECTOR('',#1045,1.);
#1045 = DIRECTION('',(0.927890779766,0.372852116563,0.));
#1046 = ORIENTED_EDGE('',*,*,#1047,.T.);
#1047 = EDGE_CURVE('',#1040,#1048,#1050,.T.);
#1048 = VERTEX_POINT('',#1049);
#1049 = CARTESIAN_POINT('',(25.715333938599,67.991897583008,16.));
#1050 = LINE('',#1051,#1052);
#1051 = CARTESIAN_POINT('',(25.549530029297,67.956161499023,16.));
#1052 = VECTOR('',#1053,1.);
#1053 = DIRECTION('',(0.977552071973,0.210693964275,0.));
#1054 = ORIENTED_EDGE('',*,*,#1055,.T.);
#1055 = EDGE_CURVE('',#1048,#1056,#1058,.T.);
#1056 = VERTEX_POINT('',#1057);
#1057 = CARTESIAN_POINT('',(25.884794235229,67.999099731445,16.));
#1058 = LINE('',#1059,#1060);
#1059 = CARTESIAN_POINT('',(25.715333938599,67.991897583008,16.));
#1060 = VECTOR('',#1061,1.);
#1061 = DIRECTION('',(0.999098075146,4.246217423125E-02,0.));
#1062 = ORIENTED_EDGE('',*,*,#1063,.T.);
#1063 = EDGE_CURVE('',#1056,#1064,#1066,.T.);
#1064 = VERTEX_POINT('',#1065);
#1065 = CARTESIAN_POINT('',(26.053031921387,67.977554321289,16.));
#1066 = LINE('',#1067,#1068);
#1067 = CARTESIAN_POINT('',(25.884794235229,67.999099731445,16.));
#1068 = VECTOR('',#1069,1.);
#1069 = DIRECTION('',(0.991899148929,-0.127027864478,0.));
#1070 = ORIENTED_EDGE('',*,*,#1071,.T.);
#1071 = EDGE_CURVE('',#1064,#1072,#1074,.T.);
#1072 = VERTEX_POINT('',#1073);
#1073 = CARTESIAN_POINT('',(26.215208053589,67.927886962891,16.));
#1074 = LINE('',#1075,#1076);
#1075 = CARTESIAN_POINT('',(26.053031921387,67.977554321289,16.));
#1076 = VECTOR('',#1077,1.);
#1077 = DIRECTION('',(0.956164297951,-0.292830728106,0.));
#1078 = ORIENTED_EDGE('',*,*,#1079,.T.);
#1079 = EDGE_CURVE('',#1072,#1080,#1082,.T.);
#1080 = VERTEX_POINT('',#1081);
#1081 = CARTESIAN_POINT('',(26.366659164429,67.851531982422,16.));
#1082 = LINE('',#1083,#1084);
#1083 = CARTESIAN_POINT('',(26.215208053589,67.927886962891,16.));
#1084 = VECTOR('',#1085,1.);
#1085 = DIRECTION('',(0.892937857604,-0.450179944532,0.));
#1086 = ORIENTED_EDGE('',*,*,#1087,.T.);
#1087 = EDGE_CURVE('',#1080,#1088,#1090,.T.);
#1088 = VERTEX_POINT('',#1089);
#1089 = CARTESIAN_POINT('',(26.50302696228,67.750671386719,16.));
#1090 = LINE('',#1091,#1092);
#1091 = CARTESIAN_POINT('',(26.366659164429,67.851531982422,16.));
#1092 = VECTOR('',#1093,1.);
#1093 = DIRECTION('',(0.803987269401,-0.594646508979,0.));
#1094 = ORIENTED_EDGE('',*,*,#1095,.T.);
#1095 = EDGE_CURVE('',#1088,#1096,#1098,.T.);
#1096 = VERTEX_POINT('',#1097);
#1097 = CARTESIAN_POINT('',(26.620388031006,67.628219604492,16.));
#1098 = LINE('',#1099,#1100);
#1099 = CARTESIAN_POINT('',(26.50302696228,67.750671386719,16.));
#1100 = VECTOR('',#1101,1.);
#1101 = DIRECTION('',(0.691940533539,-0.721954498598,0.));
#1102 = ORIENTED_EDGE('',*,*,#1103,.T.);
#1103 = EDGE_CURVE('',#1096,#1104,#1106,.T.);
#1104 = VERTEX_POINT('',#1105);
#1105 = CARTESIAN_POINT('',(26.715366363525,67.487693786621,16.));
#1106 = LINE('',#1107,#1108);
#1107 = CARTESIAN_POINT('',(26.620388031006,67.628219604492,16.));
#1108 = VECTOR('',#1109,1.);
#1109 = DIRECTION('',(0.559972588755,-0.828511134411,0.));
#1110 = ORIENTED_EDGE('',*,*,#1111,.T.);
#1111 = EDGE_CURVE('',#1104,#1112,#1114,.T.);
#1112 = VERTEX_POINT('',#1113);
#1113 = CARTESIAN_POINT('',(26.785230636597,67.333137512207,16.));
#1114 = LINE('',#1115,#1116);
#1115 = CARTESIAN_POINT('',(26.715366363525,67.487693786621,16.));
#1116 = VECTOR('',#1117,1.);
#1117 = DIRECTION('',(0.411903363502,-0.911227534228,0.));
#1118 = ORIENTED_EDGE('',*,*,#1119,.T.);
#1119 = EDGE_CURVE('',#1112,#1120,#1122,.T.);
#1120 = VERTEX_POINT('',#1121);
#1121 = CARTESIAN_POINT('',(26.827968597412,67.169006347656,16.));
#1122 = LINE('',#1123,#1124);
#1123 = CARTESIAN_POINT('',(26.785230636597,67.333137512207,16.));
#1124 = VECTOR('',#1125,1.);
#1125 = DIRECTION('',(0.251986506632,-0.967730747923,0.));
#1126 = ORIENTED_EDGE('',*,*,#1127,.T.);
#1127 = EDGE_CURVE('',#1120,#1128,#1130,.T.);
#1128 = VERTEX_POINT('',#1129);
#1129 = CARTESIAN_POINT('',(26.842351913452,67.,16.));
#1130 = LINE('',#1131,#1132);
#1131 = CARTESIAN_POINT('',(26.827968597412,67.169006347656,16.));
#1132 = VECTOR('',#1133,1.);
#1133 = DIRECTION('',(8.479864272492E-02,-0.996398108284,0.));
#1134 = ORIENTED_EDGE('',*,*,#1135,.T.);
#1135 = EDGE_CURVE('',#1128,#1136,#1138,.T.);
#1136 = VERTEX_POINT('',#1137);
#1137 = CARTESIAN_POINT('',(26.827968597412,66.831001281738,16.));
#1138 = LINE('',#1139,#1140);
#1139 = CARTESIAN_POINT('',(26.842351913452,67.,16.));
#1140 = VECTOR('',#1141,1.);
#1141 = DIRECTION('',(-8.480244340348E-02,-0.996397784819,0.));
#1142 = ORIENTED_EDGE('',*,*,#1143,.T.);
#1143 = EDGE_CURVE('',#1136,#1144,#1146,.T.);
#1144 = VERTEX_POINT('',#1145);
#1145 = CARTESIAN_POINT('',(26.785230636597,66.666862487793,16.));
#1146 = LINE('',#1147,#1148);
#1147 = CARTESIAN_POINT('',(26.827968597412,66.831001281738,16.));
#1148 = VECTOR('',#1149,1.);
#1149 = DIRECTION('',(-0.25197553763,-0.967733604065,0.));
#1150 = ORIENTED_EDGE('',*,*,#1151,.T.);
#1151 = EDGE_CURVE('',#1144,#1152,#1154,.T.);
#1152 = VERTEX_POINT('',#1153);
#1153 = CARTESIAN_POINT('',(26.715366363525,66.512298583984,16.));
#1154 = LINE('',#1155,#1156);
#1155 = CARTESIAN_POINT('',(26.785230636597,66.666862487793,16.));
#1156 = VECTOR('',#1157,1.);
#1157 = DIRECTION('',(-0.411886481013,-0.911235165453,0.));
#1158 = ORIENTED_EDGE('',*,*,#1159,.T.);
#1159 = EDGE_CURVE('',#1152,#1160,#1162,.T.);
#1160 = VERTEX_POINT('',#1161);
#1161 = CARTESIAN_POINT('',(26.620388031006,66.371780395508,16.));
#1162 = LINE('',#1163,#1164);
#1163 = CARTESIAN_POINT('',(26.715366363525,66.512298583984,16.));
#1164 = VECTOR('',#1165,1.);
#1165 = DIRECTION('',(-0.559993458152,-0.828497028858,0.));
#1166 = ORIENTED_EDGE('',*,*,#1167,.T.);
#1167 = EDGE_CURVE('',#1160,#1168,#1170,.T.);
#1168 = VERTEX_POINT('',#1169);
#1169 = CARTESIAN_POINT('',(26.50302696228,66.249328613281,16.));
#1170 = LINE('',#1171,#1172);
#1171 = CARTESIAN_POINT('',(26.620388031006,66.371780395508,16.));
#1172 = VECTOR('',#1173,1.);
#1173 = DIRECTION('',(-0.691940533539,-0.721954498598,0.));
#1174 = ORIENTED_EDGE('',*,*,#1175,.T.);
#1175 = EDGE_CURVE('',#1168,#1176,#1178,.T.);
#1176 = VERTEX_POINT('',#1177);
#1177 = CARTESIAN_POINT('',(26.366659164429,66.148468017578,16.));
#1178 = LINE('',#1179,#1180);
#1179 = CARTESIAN_POINT('',(26.50302696228,66.249328613281,16.));
#1180 = VECTOR('',#1181,1.);
#1181 = DIRECTION('',(-0.803987269401,-0.594646508979,0.));
#1182 = ORIENTED_EDGE('',*,*,#1183,.T.);
#1183 = EDGE_CURVE('',#1176,#1184,#1186,.T.);
#1184 = VERTEX_POINT('',#1185);
#1185 = CARTESIAN_POINT('',(26.215208053589,66.072113037109,16.));
#1186 = LINE('',#1187,#1188);
#1187 = CARTESIAN_POINT('',(26.366659164429,66.148468017578,16.));
#1188 = VECTOR('',#1189,1.);
#1189 = DIRECTION('',(-0.892937857604,-0.450179944532,0.));
#1190 = ORIENTED_EDGE('',*,*,#1191,.T.);
#1191 = EDGE_CURVE('',#1184,#1192,#1194,.T.);
#1192 = VERTEX_POINT('',#1193);
#1193 = CARTESIAN_POINT('',(26.053031921387,66.022445678711,16.));
#1194 = LINE('',#1195,#1196);
#1195 = CARTESIAN_POINT('',(26.215208053589,66.072113037109,16.));
#1196 = VECTOR('',#1197,1.);
#1197 = DIRECTION('',(-0.956164297951,-0.292830728106,0.));
#1198 = ORIENTED_EDGE('',*,*,#1199,.T.);
#1199 = EDGE_CURVE('',#1192,#1200,#1202,.T.);
#1200 = VERTEX_POINT('',#1201);
#1201 = CARTESIAN_POINT('',(25.884794235229,66.000900268555,16.));
#1202 = LINE('',#1203,#1204);
#1203 = CARTESIAN_POINT('',(26.053031921387,66.022445678711,16.));
#1204 = VECTOR('',#1205,1.);
#1205 = DIRECTION('',(-0.991899148929,-0.127027864478,0.));
#1206 = ORIENTED_EDGE('',*,*,#1207,.T.);
#1207 = EDGE_CURVE('',#1200,#1208,#1210,.T.);
#1208 = VERTEX_POINT('',#1209);
#1209 = CARTESIAN_POINT('',(25.715333938599,66.008094787598,16.));
#1210 = LINE('',#1211,#1212);
#1211 = CARTESIAN_POINT('',(25.884794235229,66.000900268555,16.));
#1212 = VECTOR('',#1213,1.);
#1213 = DIRECTION('',(-0.999099982414,4.241727408847E-02,0.));
#1214 = ORIENTED_EDGE('',*,*,#1215,.T.);
#1215 = EDGE_CURVE('',#1208,#1216,#1218,.T.);
#1216 = VERTEX_POINT('',#1217);
#1217 = CARTESIAN_POINT('',(25.549530029297,66.043830871582,16.));
#1218 = LINE('',#1219,#1220);
#1219 = CARTESIAN_POINT('',(25.715333938599,66.008094787598,16.));
#1220 = VECTOR('',#1221,1.);
#1221 = DIRECTION('',(-0.977552071973,0.210693964275,0.));
#1222 = ORIENTED_EDGE('',*,*,#1223,.T.);
#1223 = EDGE_CURVE('',#1216,#1224,#1226,.T.);
#1224 = VERTEX_POINT('',#1225);
#1225 = CARTESIAN_POINT('',(25.392148971558,66.107070922852,16.));
#1226 = LINE('',#1227,#1228);
#1227 = CARTESIAN_POINT('',(25.549530029297,66.043830871582,16.));
#1228 = VECTOR('',#1229,1.);
#1229 = DIRECTION('',(-0.927890779766,0.372852116563,0.));
#1230 = ORIENTED_EDGE('',*,*,#1231,.T.);
#1231 = EDGE_CURVE('',#1224,#1232,#1234,.T.);
#1232 = VERTEX_POINT('',#1233);
#1233 = CARTESIAN_POINT('',(25.247718811035,66.195999145508,16.));
#1234 = LINE('',#1235,#1236);
#1235 = CARTESIAN_POINT('',(25.392148971558,66.107070922852,16.));
#1236 = VECTOR('',#1237,1.);
#1237 = DIRECTION('',(-0.851531648927,0.524303205097,0.));
#1238 = ORIENTED_EDGE('',*,*,#1239,.T.);
#1239 = EDGE_CURVE('',#1232,#1240,#1242,.T.);
#1240 = VERTEX_POINT('',#1241);
#1241 = CARTESIAN_POINT('',(25.1203956604,66.308059692383,16.));
#1242 = LINE('',#1243,#1244);
#1243 = CARTESIAN_POINT('',(25.247718811035,66.195999145508,16.));
#1244 = VECTOR('',#1245,1.);
#1245 = DIRECTION('',(-0.750666222031,0.660681635209,0.));
#1246 = ORIENTED_EDGE('',*,*,#1247,.T.);
#1247 = EDGE_CURVE('',#1240,#1248,#1250,.T.);
#1248 = VERTEX_POINT('',#1249);
#1249 = CARTESIAN_POINT('',(25.013841629028,66.44002532959,16.));
#1250 = LINE('',#1251,#1252);
#1251 = CARTESIAN_POINT('',(25.1203956604,66.308059692383,16.));
#1252 = VECTOR('',#1253,1.);
#1253 = DIRECTION('',(-0.628217217156,0.778037999116,0.));
#1254 = ORIENTED_EDGE('',*,*,#1255,.T.);
#1255 = EDGE_CURVE('',#1248,#1256,#1258,.T.);
#1256 = VERTEX_POINT('',#1257);
#1257 = CARTESIAN_POINT('',(24.931123733521,66.588096618652,16.));
#1258 = LINE('',#1259,#1260);
#1259 = CARTESIAN_POINT('',(25.013841629028,66.44002532959,16.));
#1260 = VECTOR('',#1261,1.);
#1261 = DIRECTION('',(-0.487696339681,0.873013333382,0.));
#1262 = ORIENTED_EDGE('',*,*,#1263,.T.);
#1263 = EDGE_CURVE('',#1256,#974,#1264,.T.);
#1264 = LINE('',#1265,#1266);
#1265 = CARTESIAN_POINT('',(24.931123733521,66.588096618652,16.));
#1266 = VECTOR('',#1267,1.);
#1267 = DIRECTION('',(-0.333135965157,0.942878798531,0.));
#1268 = PLANE('',#1269);
#1269 = AXIS2_PLACEMENT_3D('',#1270,#1271,#1272);
#1270 = CARTESIAN_POINT('',(22.79423170384,33.921339452029,16.));
#1271 = DIRECTION('',(0.,0.,1.));
#1272 = DIRECTION('',(1.,0.,0.));
#1273 = ADVANCED_FACE('',(#1274),#1284,.T.);
#1274 = FACE_BOUND('',#1275,.T.);
#1275 = EDGE_LOOP('',(#1276,#1282,#1283));
#1276 = ORIENTED_EDGE('',*,*,#1277,.F.);
#1277 = EDGE_CURVE('',#32,#619,#1278,.T.);
#1278 = LINE('',#1279,#1280);
#1279 = CARTESIAN_POINT('',(11.134702682495,35.270248413086,16.));
#1280 = VECTOR('',#1281,1.);
#1281 = DIRECTION('',(0.972614326571,0.232424980904,3.406113243334E-34)
  );
#1282 = ORIENTED_EDGE('',*,*,#31,.F.);
#1283 = ORIENTED_EDGE('',*,*,#626,.F.);
#1284 = B_SPLINE_SURFACE_WITH_KNOTS('',5,6,(
    (#1285,#1286,#1287,#1288,#1289,#1290,#1291)
    ,(#1292,#1293,#1294,#1295,#1296,#1297,#1298)
    ,(#1299,#1300,#1301,#1302,#1303,#1304,#1305)
    ,(#1306,#1307,#1308,#1309,#1310,#1311,#1312)
    ,(#1313,#1314,#1315,#1316,#1317,#1318,#1319)
    ,(#1320,#1321,#1322,#1323,#1324,#1325,#1326
  )),.UNSPECIFIED.,.F.,.F.,.F.,(6,6),(7,7),(-0.797115727339,
    1.243596361675),(-0.868650357205,0.67558044869),
  .PIECEWISE_BEZIER_KNOTS.);
#1285 = CARTESIAN_POINT('',(11.834930956766,33.961173661915,16.));
#1286 = CARTESIAN_POINT('',(11.702599872218,34.18191354574,16.));
#1287 = CARTESIAN_POINT('',(11.570276020062,34.402668666311,16.));
#1288 = CARTESIAN_POINT('',(11.437952716501,34.623424503814,16.));
#1289 = CARTESIAN_POINT('',(11.305626806848,34.844174320935,16.));
#1290 = CARTESIAN_POINT('',(11.173298665533,35.06491916286,16.));
#1291 = CARTESIAN_POINT('',(11.0409721961,35.285667857276,16.));
#1292 = CARTESIAN_POINT('',(12.184995588035,34.171018877807,16.));
#1293 = CARTESIAN_POINT('',(12.052665571483,34.391759979583,16.));
#1294 = CARTESIAN_POINT('',(11.920341744322,34.612514913241,16.));
#1295 = CARTESIAN_POINT('',(11.788017916912,34.833269830797,16.));
#1296 = CARTESIAN_POINT('',(11.655691428725,35.054018666751,16.));
#1297 = CARTESIAN_POINT('',(11.52336314835,35.274763138126,16.));
#1298 = CARTESIAN_POINT('',(11.391037473488,35.495512744423,16.));
#1299 = CARTESIAN_POINT('',(12.535059737545,34.380864587341,16.));
#1300 = CARTESIAN_POINT('',(12.40274217696,34.601631744298,16.));
#1301 = CARTESIAN_POINT('',(12.270449507118,34.822422675406,16.));
#1302 = CARTESIAN_POINT('',(12.137958034911,35.042908418889,16.));
#1303 = CARTESIAN_POINT('',(12.005801754308,35.263942897324,16.));
#1304 = CARTESIAN_POINT('',(11.873419209733,35.484594674816,16.));
#1305 = CARTESIAN_POINT('',(11.741097453728,35.7053499313,16.));
#1306 = CARTESIAN_POINT('',(12.885121902265,34.590708203877,16.));
#1307 = CARTESIAN_POINT('',(12.752794940014,34.811451400221,16.));
#1308 = CARTESIAN_POINT('',(12.620429563029,35.032133135155,16.));
#1309 = CARTESIAN_POINT('',(12.488277367852,35.253150362363,16.));
#1310 = CARTESIAN_POINT('',(12.355754026306,35.473609426166,16.));
#1311 = CARTESIAN_POINT('',(12.223489830931,35.694447886953,16.));
#1312 = CARTESIAN_POINT('',(12.091169314771,35.915204288781,16.));
#1313 = CARTESIAN_POINT('',(13.235180579163,34.800547140774,16.));
#1314 = CARTESIAN_POINT('',(13.102856264037,35.021296070417,16.));
#1315 = CARTESIAN_POINT('',(12.970535487594,35.242050503687,16.));
#1316 = CARTESIAN_POINT('',(12.838196487507,35.462777612968,16.));
#1317 = CARTESIAN_POINT('',(12.705907523915,35.683583783536,16.));
#1318 = CARTESIAN_POINT('',(12.573572668293,35.904318072753,16.));
#1319 = CARTESIAN_POINT('',(12.441250932435,36.125071576516,16.));
#1320 = CARTESIAN_POINT('',(13.585234265207,35.01037881139,16.));
#1321 = CARTESIAN_POINT('',(13.452912215898,35.231130259361,16.));
#1322 = CARTESIAN_POINT('',(13.320592798223,35.451885783952,16.));
#1323 = CARTESIAN_POINT('',(13.18827498401,35.672643874883,16.));
#1324 = CARTESIAN_POINT('',(13.055957745084,35.893403021877,16.));
#1325 = CARTESIAN_POINT('',(12.923640053271,36.114161714655,16.));
#1326 = CARTESIAN_POINT('',(12.791320880397,36.334918442939,16.));
#1327 = ADVANCED_FACE('',(#1328),#1361,.T.);
#1328 = FACE_BOUND('',#1329,.T.);
#1329 = EDGE_LOOP('',(#1330,#1331,#1339,#1346,#1354,#1360));
#1330 = ORIENTED_EDGE('',*,*,#60,.F.);
#1331 = ORIENTED_EDGE('',*,*,#1332,.T.);
#1332 = EDGE_CURVE('',#54,#1333,#1335,.T.);
#1333 = VERTEX_POINT('',#1334);
#1334 = CARTESIAN_POINT('',(11.316903114319,32.509620666504,0.));
#1335 = LINE('',#1336,#1337);
#1336 = CARTESIAN_POINT('',(11.316903114319,32.509620666504,16.));
#1337 = VECTOR('',#1338,1.);
#1338 = DIRECTION('',(0.,0.,-1.));
#1339 = ORIENTED_EDGE('',*,*,#1340,.T.);
#1340 = EDGE_CURVE('',#1333,#1341,#1343,.T.);
#1341 = VERTEX_POINT('',#1342);
#1342 = CARTESIAN_POINT('',(12.304568870829,32.696504168756,0.));
#1343 = B_SPLINE_CURVE_WITH_KNOTS('',1,(#1344,#1345),.UNSPECIFIED.,.F.,
  .F.,(2,2),(0.,1.),.PIECEWISE_BEZIER_KNOTS.);
#1344 = CARTESIAN_POINT('',(11.316903114319,32.509620666504,0.));
#1345 = CARTESIAN_POINT('',(12.304568870829,32.696504168756,0.));
#1346 = ORIENTED_EDGE('',*,*,#1347,.T.);
#1347 = EDGE_CURVE('',#1341,#1348,#1350,.T.);
#1348 = VERTEX_POINT('',#1349);
#1349 = CARTESIAN_POINT('',(13.247771821341,32.874974536453,0.));
#1350 = LINE('',#1351,#1352);
#1351 = CARTESIAN_POINT('',(17.468871177338,33.673679792562,
    8.739088962042E-16));
#1352 = VECTOR('',#1353,1.);
#1353 = DIRECTION('',(0.982565190464,0.185918386635,0.));
#1354 = ORIENTED_EDGE('',*,*,#1355,.F.);
#1355 = EDGE_CURVE('',#75,#1348,#1356,.T.);
#1356 = LINE('',#1357,#1358);
#1357 = CARTESIAN_POINT('',(13.247771821341,32.874974536453,16.));
#1358 = VECTOR('',#1359,1.);
#1359 = DIRECTION('',(0.,0.,-1.));
#1360 = ORIENTED_EDGE('',*,*,#74,.F.);
#1361 = PLANE('',#1362);
#1362 = AXIS2_PLACEMENT_3D('',#1363,#1364,#1365);
#1363 = CARTESIAN_POINT('',(12.28233746783,32.692297601479,16.));
#1364 = DIRECTION('',(0.185918386635,-0.982565190464,-3.040168504308E-18
    ));
#1365 = DIRECTION('',(-5.652232234195E-19,2.987163745478E-18,-1.));
#1366 = ADVANCED_FACE('',(#1367),#1391,.T.);
#1367 = FACE_BOUND('',#1368,.T.);
#1368 = EDGE_LOOP('',(#1369,#1370,#1378,#1385));
#1369 = ORIENTED_EDGE('',*,*,#38,.T.);
#1370 = ORIENTED_EDGE('',*,*,#1371,.T.);
#1371 = EDGE_CURVE('',#32,#1372,#1374,.T.);
#1372 = VERTEX_POINT('',#1373);
#1373 = CARTESIAN_POINT('',(11.134702682495,35.270248413086,0.));
#1374 = LINE('',#1375,#1376);
#1375 = CARTESIAN_POINT('',(11.134702682495,35.270248413086,16.));
#1376 = VECTOR('',#1377,1.);
#1377 = DIRECTION('',(0.,0.,-1.));
#1378 = ORIENTED_EDGE('',*,*,#1379,.F.);
#1379 = EDGE_CURVE('',#1380,#1372,#1382,.T.);
#1380 = VERTEX_POINT('',#1381);
#1381 = CARTESIAN_POINT('',(10.434702682495,35.270248413086,0.));
#1382 = B_SPLINE_CURVE_WITH_KNOTS('',1,(#1383,#1384),.UNSPECIFIED.,.F.,
  .F.,(2,2),(0.,1.),.PIECEWISE_BEZIER_KNOTS.);
#1383 = CARTESIAN_POINT('',(10.434702682495,35.270248413086,
    -1.426952349593E-17));
#1384 = CARTESIAN_POINT('',(12.134702682495,35.270248413086,
    -1.426952349593E-17));
#1385 = ORIENTED_EDGE('',*,*,#1386,.F.);
#1386 = EDGE_CURVE('',#39,#1380,#1387,.T.);
#1387 = LINE('',#1388,#1389);
#1388 = CARTESIAN_POINT('',(10.434702682495,35.270248413086,16.));
#1389 = VECTOR('',#1390,1.);
#1390 = DIRECTION('',(0.,0.,-1.));
#1391 = PLANE('',#1392);
#1392 = AXIS2_PLACEMENT_3D('',#1393,#1394,#1395);
#1393 = CARTESIAN_POINT('',(12.134702682495,35.270248413086,16.));
#1394 = DIRECTION('',(0.,1.,0.));
#1395 = DIRECTION('',(0.,0.,1.));
#1396 = ADVANCED_FACE('',(#1397),#1414,.T.);
#1397 = FACE_BOUND('',#1398,.T.);
#1398 = EDGE_LOOP('',(#1399,#1406,#1407,#1408));
#1399 = ORIENTED_EDGE('',*,*,#1400,.T.);
#1400 = EDGE_CURVE('',#1401,#1333,#1403,.T.);
#1401 = VERTEX_POINT('',#1402);
#1402 = CARTESIAN_POINT('',(10.616903114319,32.509620666504,0.));
#1403 = B_SPLINE_CURVE_WITH_KNOTS('',1,(#1404,#1405),.UNSPECIFIED.,.F.,
  .F.,(2,2),(0.,1.),.PIECEWISE_BEZIER_KNOTS.);
#1404 = CARTESIAN_POINT('',(10.616903114319,32.509620666504,0.));
#1405 = CARTESIAN_POINT('',(12.316903114319,32.509620666504,0.));
#1406 = ORIENTED_EDGE('',*,*,#1332,.F.);
#1407 = ORIENTED_EDGE('',*,*,#53,.F.);
#1408 = ORIENTED_EDGE('',*,*,#1409,.T.);
#1409 = EDGE_CURVE('',#46,#1401,#1410,.T.);
#1410 = LINE('',#1411,#1412);
#1411 = CARTESIAN_POINT('',(10.616903114319,32.509620666504,16.));
#1412 = VECTOR('',#1413,1.);
#1413 = DIRECTION('',(0.,0.,-1.));
#1414 = PLANE('',#1415);
#1415 = AXIS2_PLACEMENT_3D('',#1416,#1417,#1418);
#1416 = CARTESIAN_POINT('',(12.316903114319,32.509620666504,16.));
#1417 = DIRECTION('',(0.,-1.,0.));
#1418 = DIRECTION('',(0.,0.,-1.));
#1419 = ADVANCED_FACE('',(#1420),#1917,.T.);
#1420 = FACE_BOUND('',#1421,.T.);
#1421 = EDGE_LOOP('',(#1422,#1432,#1438,#1439,#1447,#1455,#1463,#1471,
    #1479,#1487,#1495,#1503,#1511,#1519,#1527,#1535,#1543,#1551,#1559,
    #1567,#1575,#1583,#1591,#1599,#1607,#1615,#1623,#1631,#1639,#1647,
    #1655,#1663,#1671,#1679,#1687,#1695,#1703,#1711,#1719,#1727,#1735,
    #1743,#1751,#1759,#1767,#1775,#1783,#1791,#1799,#1807,#1815,#1823,
    #1831,#1839,#1847,#1855,#1863,#1871,#1879,#1887,#1895,#1903,#1911));
#1422 = ORIENTED_EDGE('',*,*,#1423,.F.);
#1423 = EDGE_CURVE('',#1424,#1426,#1428,.T.);
#1424 = VERTEX_POINT('',#1425);
#1425 = CARTESIAN_POINT('',(9.32250957489,31.762271881104,16.));
#1426 = VERTEX_POINT('',#1427);
#1427 = CARTESIAN_POINT('',(9.166631507874,31.655992507935,16.));
#1428 = LINE('',#1429,#1430);
#1429 = CARTESIAN_POINT('',(9.32250957489,31.762271881104,16.));
#1430 = VECTOR('',#1431,1.);
#1431 = DIRECTION('',(-0.826230123372,-0.563332746459,0.));
#1432 = ORIENTED_EDGE('',*,*,#1433,.T.);
#1433 = EDGE_CURVE('',#1424,#46,#1434,.T.);
#1434 = LINE('',#1435,#1436);
#1435 = CARTESIAN_POINT('',(9.32250957489,31.762271881104,16.));
#1436 = VECTOR('',#1437,1.);
#1437 = DIRECTION('',(0.866016617683,0.500015217665,0.));
#1438 = ORIENTED_EDGE('',*,*,#45,.T.);
#1439 = ORIENTED_EDGE('',*,*,#1440,.T.);
#1440 = EDGE_CURVE('',#39,#1441,#1443,.T.);
#1441 = VERTEX_POINT('',#1442);
#1442 = CARTESIAN_POINT('',(9.466027069092,34.816692352295,16.));
#1443 = LINE('',#1444,#1445);
#1444 = CARTESIAN_POINT('',(10.434702682495,35.270248413086,16.));
#1445 = VECTOR('',#1446,1.);
#1446 = DIRECTION('',(-0.905642321765,-0.424042433052,0.));
#1447 = ORIENTED_EDGE('',*,*,#1448,.T.);
#1448 = EDGE_CURVE('',#1441,#1449,#1451,.T.);
#1449 = VERTEX_POINT('',#1450);
#1450 = CARTESIAN_POINT('',(8.551334190369,34.262271881104,16.));
#1451 = LINE('',#1452,#1453);
#1452 = CARTESIAN_POINT('',(9.466027069092,34.816692352295,16.));
#1453 = VECTOR('',#1454,1.);
#1454 = DIRECTION('',(-0.855172489198,-0.518343528675,0.));
#1455 = ORIENTED_EDGE('',*,*,#1456,.F.);
#1456 = EDGE_CURVE('',#1457,#1449,#1459,.T.);
#1457 = VERTEX_POINT('',#1458);
#1458 = CARTESIAN_POINT('',(6.666631507874,32.977249145508,16.));
#1459 = LINE('',#1460,#1461);
#1460 = CARTESIAN_POINT('',(6.666631507874,32.977249145508,16.));
#1461 = VECTOR('',#1462,1.);
#1462 = DIRECTION('',(0.826227714301,0.563336279784,0.));
#1463 = ORIENTED_EDGE('',*,*,#1464,.T.);
#1464 = EDGE_CURVE('',#1457,#1465,#1467,.T.);
#1465 = VERTEX_POINT('',#1466);
#1466 = CARTESIAN_POINT('',(5.407294082642,31.960014343262,16.));
#1467 = LINE('',#1468,#1469);
#1468 = CARTESIAN_POINT('',(6.666631507874,32.977249145508,16.));
#1469 = VECTOR('',#1470,1.);
#1470 = DIRECTION('',(-0.777917733129,-0.628366135691,0.));
#1471 = ORIENTED_EDGE('',*,*,#1472,.T.);
#1472 = EDGE_CURVE('',#1465,#1473,#1475,.T.);
#1473 = VERTEX_POINT('',#1474);
#1474 = CARTESIAN_POINT('',(4.328593540192,30.752912521362,16.));
#1475 = LINE('',#1476,#1477);
#1476 = CARTESIAN_POINT('',(5.407294082642,31.960014343262,16.));
#1477 = VECTOR('',#1478,1.);
#1478 = DIRECTION('',(-0.666335725933,-0.745651862698,0.));
#1479 = ORIENTED_EDGE('',*,*,#1480,.T.);
#1480 = EDGE_CURVE('',#1473,#1481,#1483,.T.);
#1481 = VERTEX_POINT('',#1482);
#1482 = CARTESIAN_POINT('',(3.458798694611,29.387573242188,16.));
#1483 = LINE('',#1484,#1485);
#1484 = CARTESIAN_POINT('',(4.328593540192,30.752912521362,16.));
#1485 = VECTOR('',#1486,1.);
#1486 = DIRECTION('',(-0.537289851614,-0.843397661458,0.));
#1487 = ORIENTED_EDGE('',*,*,#1488,.T.);
#1488 = EDGE_CURVE('',#1481,#1489,#1491,.T.);
#1489 = VERTEX_POINT('',#1490);
#1490 = CARTESIAN_POINT('',(2.820704746246,27.899778366089,16.));
#1491 = LINE('',#1492,#1493);
#1492 = CARTESIAN_POINT('',(3.458798694611,29.387573242188,16.));
#1493 = VECTOR('',#1494,1.);
#1494 = DIRECTION('',(-0.394163295452,-0.919040421591,0.));
#1495 = ORIENTED_EDGE('',*,*,#1496,.T.);
#1496 = EDGE_CURVE('',#1489,#1497,#1499,.T.);
#1497 = VERTEX_POINT('',#1498);
#1498 = CARTESIAN_POINT('',(2.431034851074,26.328519821167,16.));
#1499 = LINE('',#1500,#1501);
#1500 = CARTESIAN_POINT('',(2.820704746246,27.899778366089,16.));
#1501 = VECTOR('',#1502,1.);
#1502 = DIRECTION('',(-0.24070689364,-0.970597852539,0.));
#1503 = ORIENTED_EDGE('',*,*,#1504,.T.);
#1504 = EDGE_CURVE('',#1497,#1505,#1507,.T.);
#1505 = VERTEX_POINT('',#1506);
#1506 = CARTESIAN_POINT('',(2.3,24.714975357056,16.));
#1507 = LINE('',#1508,#1509);
#1508 = CARTESIAN_POINT('',(2.431034851074,26.328519821167,16.));
#1509 = VECTOR('',#1510,1.);
#1510 = DIRECTION('',(-8.094285288259E-02,-0.996718743963,0.));
#1511 = ORIENTED_EDGE('',*,*,#1512,.F.);
#1512 = EDGE_CURVE('',#1513,#1505,#1515,.T.);
#1513 = VERTEX_POINT('',#1514);
#1514 = CARTESIAN_POINT('',(2.3,24.5,16.));
#1515 = LINE('',#1516,#1517);
#1516 = CARTESIAN_POINT('',(2.3,24.5,16.));
#1517 = VECTOR('',#1518,1.);
#1518 = DIRECTION('',(0.,1.,0.));
#1519 = ORIENTED_EDGE('',*,*,#1520,.T.);
#1520 = EDGE_CURVE('',#1513,#1521,#1523,.T.);
#1521 = VERTEX_POINT('',#1522);
#1522 = CARTESIAN_POINT('',(2.275376844406,24.187129974365,16.));
#1523 = LINE('',#1524,#1525);
#1524 = CARTESIAN_POINT('',(2.3,24.5,16.));
#1525 = VECTOR('',#1526,1.);
#1526 = DIRECTION('',(-7.845830582101E-02,-0.9969173959,0.));
#1527 = ORIENTED_EDGE('',*,*,#1528,.T.);
#1528 = EDGE_CURVE('',#1521,#1529,#1531,.T.);
#1529 = VERTEX_POINT('',#1530);
#1530 = CARTESIAN_POINT('',(2.202113199234,23.881965637207,16.));
#1531 = LINE('',#1532,#1533);
#1532 = CARTESIAN_POINT('',(2.275376844406,24.187129974365,16.));
#1533 = VECTOR('',#1534,1.);
#1534 = DIRECTION('',(-0.233445875393,-0.972369797588,0.));
#1535 = ORIENTED_EDGE('',*,*,#1536,.T.);
#1536 = EDGE_CURVE('',#1529,#1537,#1539,.T.);
#1537 = VERTEX_POINT('',#1538);
#1538 = CARTESIAN_POINT('',(2.082013177872,23.59202003479,16.));
#1539 = LINE('',#1540,#1541);
#1540 = CARTESIAN_POINT('',(2.202113199234,23.881965637207,16.));
#1541 = VECTOR('',#1542,1.);
#1542 = DIRECTION('',(-0.382685119945,-0.923878833491,0.));
#1543 = ORIENTED_EDGE('',*,*,#1544,.T.);
#1544 = EDGE_CURVE('',#1537,#1545,#1547,.T.);
#1545 = VERTEX_POINT('',#1546);
#1546 = CARTESIAN_POINT('',(1.918034124374,23.324430465698,16.));
#1547 = LINE('',#1548,#1549);
#1548 = CARTESIAN_POINT('',(2.082013177872,23.59202003479,16.));
#1549 = VECTOR('',#1550,1.);
#1550 = DIRECTION('',(-0.522498459686,-0.852640228716,0.));
#1551 = ORIENTED_EDGE('',*,*,#1552,.T.);
#1552 = EDGE_CURVE('',#1545,#1553,#1555,.T.);
#1553 = VERTEX_POINT('',#1554);
#1554 = CARTESIAN_POINT('',(1.714213657379,23.085786819458,16.));
#1555 = LINE('',#1556,#1557);
#1556 = CARTESIAN_POINT('',(1.918034124374,23.324430465698,16.));
#1557 = VECTOR('',#1558,1.);
#1558 = DIRECTION('',(-0.649447197195,-0.760406692537,0.));
#1559 = ORIENTED_EDGE('',*,*,#1560,.T.);
#1560 = EDGE_CURVE('',#1553,#1561,#1563,.T.);
#1561 = VERTEX_POINT('',#1562);
#1562 = CARTESIAN_POINT('',(1.475570726395,22.881965637207,16.));
#1563 = LINE('',#1564,#1565);
#1564 = CARTESIAN_POINT('',(1.714213657379,23.085786819458,16.));
#1565 = VECTOR('',#1566,1.);
#1566 = DIRECTION('',(-0.760404605759,-0.649449640496,0.));
#1567 = ORIENTED_EDGE('',*,*,#1568,.T.);
#1568 = EDGE_CURVE('',#1561,#1569,#1571,.T.);
#1569 = VERTEX_POINT('',#1570);
#1570 = CARTESIAN_POINT('',(1.207981157303,22.717987060547,16.));
#1571 = LINE('',#1572,#1573);
#1572 = CARTESIAN_POINT('',(1.475570726395,22.881965637207,16.));
#1573 = VECTOR('',#1574,1.);
#1574 = DIRECTION('',(-0.852640905605,-0.522497355102,0.));
#1575 = ORIENTED_EDGE('',*,*,#1576,.T.);
#1576 = EDGE_CURVE('',#1569,#1577,#1579,.T.);
#1577 = VERTEX_POINT('',#1578);
#1578 = CARTESIAN_POINT('',(0.918034124374,22.597887039185,16.));
#1579 = LINE('',#1580,#1581);
#1580 = CARTESIAN_POINT('',(1.207981157303,22.717987060547,16.));
#1581 = VECTOR('',#1582,1.);
#1582 = DIRECTION('',(-0.92387950102,-0.382683508391,0.));
#1583 = ORIENTED_EDGE('',*,*,#1584,.T.);
#1584 = EDGE_CURVE('',#1577,#1585,#1587,.T.);
#1585 = VERTEX_POINT('',#1586);
#1586 = CARTESIAN_POINT('',(0.61286907196,22.52462387085,16.));
#1587 = LINE('',#1588,#1589);
#1588 = CARTESIAN_POINT('',(0.918034124374,22.597887039185,16.));
#1589 = VECTOR('',#1590,1.);
#1590 = DIRECTION('',(-0.972370266682,-0.233443921472,0.));
#1591 = ORIENTED_EDGE('',*,*,#1592,.T.);
#1592 = EDGE_CURVE('',#1585,#1593,#1595,.T.);
#1593 = VERTEX_POINT('',#1594);
#1594 = CARTESIAN_POINT('',(0.3,22.5,16.));
#1595 = LINE('',#1596,#1597);
#1596 = CARTESIAN_POINT('',(0.61286907196,22.52462387085,16.));
#1597 = VECTOR('',#1598,1.);
#1598 = DIRECTION('',(-0.99691719893,-7.84608085433E-02,0.));
#1599 = ORIENTED_EDGE('',*,*,#1600,.T.);
#1600 = EDGE_CURVE('',#1593,#1601,#1603,.T.);
#1601 = VERTEX_POINT('',#1602);
#1602 = CARTESIAN_POINT('',(-1.286859512329E-02,22.47537612915,16.));
#1603 = LINE('',#1604,#1605);
#1604 = CARTESIAN_POINT('',(0.3,22.5,16.));
#1605 = VECTOR('',#1606,1.);
#1606 = DIRECTION('',(-0.996917189577,-7.84609273878E-02,0.));
#1607 = ORIENTED_EDGE('',*,*,#1608,.T.);
#1608 = EDGE_CURVE('',#1601,#1609,#1611,.T.);
#1609 = VERTEX_POINT('',#1610);
#1610 = CARTESIAN_POINT('',(-0.318033766747,22.402112960815,16.));
#1611 = LINE('',#1612,#1613);
#1612 = CARTESIAN_POINT('',(-1.286859512329E-02,22.47537612915,16.));
#1613 = VECTOR('',#1614,1.);
#1614 = DIRECTION('',(-0.972370287382,-0.23344383525,0.));
#1615 = ORIENTED_EDGE('',*,*,#1616,.T.);
#1616 = EDGE_CURVE('',#1609,#1617,#1619,.T.);
#1617 = VERTEX_POINT('',#1618);
#1618 = CARTESIAN_POINT('',(-0.607980799675,22.282012939453,16.));
#1619 = LINE('',#1620,#1621);
#1620 = CARTESIAN_POINT('',(-0.318033766747,22.402112960815,16.));
#1621 = VECTOR('',#1622,1.);
#1622 = DIRECTION('',(-0.92387950102,-0.382683508391,0.));
#1623 = ORIENTED_EDGE('',*,*,#1624,.T.);
#1624 = EDGE_CURVE('',#1617,#1625,#1627,.T.);
#1625 = VERTEX_POINT('',#1626);
#1626 = CARTESIAN_POINT('',(-0.875570189953,22.118034362793,16.));
#1627 = LINE('',#1628,#1629);
#1628 = CARTESIAN_POINT('',(-0.607980799675,22.282012939453,16.));
#1629 = VECTOR('',#1630,1.);
#1630 = DIRECTION('',(-0.852640750056,-0.522497608935,0.));
#1631 = ORIENTED_EDGE('',*,*,#1632,.T.);
#1632 = EDGE_CURVE('',#1625,#1633,#1635,.T.);
#1633 = VERTEX_POINT('',#1634);
#1634 = CARTESIAN_POINT('',(-1.114213478565,21.914213180542,16.));
#1635 = LINE('',#1636,#1637);
#1636 = CARTESIAN_POINT('',(-0.875570189953,22.118034362793,16.));
#1637 = VECTOR('',#1638,1.);
#1638 = DIRECTION('',(-0.760405086397,-0.649449077744,0.));
#1639 = ORIENTED_EDGE('',*,*,#1640,.T.);
#1640 = EDGE_CURVE('',#1633,#1641,#1643,.T.);
#1641 = VERTEX_POINT('',#1642);
#1642 = CARTESIAN_POINT('',(-1.318033885956,21.675569534302,16.));
#1643 = LINE('',#1644,#1645);
#1644 = CARTESIAN_POINT('',(-1.114213478565,21.914213180542,16.));
#1645 = VECTOR('',#1646,1.);
#1646 = DIRECTION('',(-0.649447087379,-0.760406786329,0.));
#1647 = ORIENTED_EDGE('',*,*,#1648,.T.);
#1648 = EDGE_CURVE('',#1641,#1649,#1651,.T.);
#1649 = VERTEX_POINT('',#1650);
#1650 = CARTESIAN_POINT('',(-1.48201277554,21.40797996521,16.));
#1651 = LINE('',#1652,#1653);
#1652 = CARTESIAN_POINT('',(-1.318033885956,21.675569534302,16.));
#1653 = VECTOR('',#1654,1.);
#1654 = DIRECTION('',(-0.522498079986,-0.852640461397,0.));
#1655 = ORIENTED_EDGE('',*,*,#1656,.T.);
#1656 = EDGE_CURVE('',#1649,#1657,#1659,.T.);
#1657 = VERTEX_POINT('',#1658);
#1658 = CARTESIAN_POINT('',(-1.602112871408,21.118034362793,16.));
#1659 = LINE('',#1660,#1661);
#1660 = CARTESIAN_POINT('',(-1.48201277554,21.40797996521,16.));
#1661 = VECTOR('',#1662,1.);
#1662 = DIRECTION('',(-0.382685322582,-0.923878749556,0.));
#1663 = ORIENTED_EDGE('',*,*,#1664,.T.);
#1664 = EDGE_CURVE('',#1657,#1665,#1667,.T.);
#1665 = VERTEX_POINT('',#1666);
#1666 = CARTESIAN_POINT('',(-1.675376296788,20.812870025635,16.));
#1667 = LINE('',#1668,#1669);
#1668 = CARTESIAN_POINT('',(-1.602112871408,21.118034362793,16.));
#1669 = VECTOR('',#1670,1.);
#1670 = DIRECTION('',(-0.233445213218,-0.972369956563,0.));
#1671 = ORIENTED_EDGE('',*,*,#1672,.T.);
#1672 = EDGE_CURVE('',#1665,#1673,#1675,.T.);
#1673 = VERTEX_POINT('',#1674);
#1674 = CARTESIAN_POINT('',(-1.7,20.5,16.));
#1675 = LINE('',#1676,#1677);
#1676 = CARTESIAN_POINT('',(-1.675376296788,20.812870025635,16.));
#1677 = VECTOR('',#1678,1.);
#1678 = DIRECTION('',(-7.846003998807E-02,-0.996917259418,0.));
#1679 = ORIENTED_EDGE('',*,*,#1680,.T.);
#1680 = EDGE_CURVE('',#1673,#1681,#1683,.T.);
#1681 = VERTEX_POINT('',#1682);
#1682 = CARTESIAN_POINT('',(-1.7,18.,16.));
#1683 = LINE('',#1684,#1685);
#1684 = CARTESIAN_POINT('',(-1.7,20.5,16.));
#1685 = VECTOR('',#1686,1.);
#1686 = DIRECTION('',(0.,-1.,0.));
#1687 = ORIENTED_EDGE('',*,*,#1688,.T.);
#1688 = EDGE_CURVE('',#1681,#1689,#1691,.T.);
#1689 = VERTEX_POINT('',#1690);
#1690 = CARTESIAN_POINT('',(-1.675376296788,17.687129974365,16.));
#1691 = LINE('',#1692,#1693);
#1692 = CARTESIAN_POINT('',(-1.7,18.,16.));
#1693 = VECTOR('',#1694,1.);
#1694 = DIRECTION('',(7.846003998807E-02,-0.996917259418,0.));
#1695 = ORIENTED_EDGE('',*,*,#1696,.T.);
#1696 = EDGE_CURVE('',#1689,#1697,#1699,.T.);
#1697 = VERTEX_POINT('',#1698);
#1698 = CARTESIAN_POINT('',(-1.602112871408,17.381965637207,16.));
#1699 = LINE('',#1700,#1701);
#1700 = CARTESIAN_POINT('',(-1.675376296788,17.687129974365,16.));
#1701 = VECTOR('',#1702,1.);
#1702 = DIRECTION('',(0.233445213218,-0.972369956563,0.));
#1703 = ORIENTED_EDGE('',*,*,#1704,.T.);
#1704 = EDGE_CURVE('',#1697,#1705,#1707,.T.);
#1705 = VERTEX_POINT('',#1706);
#1706 = CARTESIAN_POINT('',(-1.48201277554,17.09202003479,16.));
#1707 = LINE('',#1708,#1709);
#1708 = CARTESIAN_POINT('',(-1.602112871408,17.381965637207,16.));
#1709 = VECTOR('',#1710,1.);
#1710 = DIRECTION('',(0.382685322582,-0.923878749556,0.));
#1711 = ORIENTED_EDGE('',*,*,#1712,.T.);
#1712 = EDGE_CURVE('',#1705,#1713,#1715,.T.);
#1713 = VERTEX_POINT('',#1714);
#1714 = CARTESIAN_POINT('',(-1.318033885956,16.824430465698,16.));
#1715 = LINE('',#1716,#1717);
#1716 = CARTESIAN_POINT('',(-1.48201277554,17.09202003479,16.));
#1717 = VECTOR('',#1718,1.);
#1718 = DIRECTION('',(0.522498079986,-0.852640461397,0.));
#1719 = ORIENTED_EDGE('',*,*,#1720,.T.);
#1720 = EDGE_CURVE('',#1713,#1721,#1723,.T.);
#1721 = VERTEX_POINT('',#1722);
#1722 = CARTESIAN_POINT('',(-1.114213478565,16.585786819458,16.));
#1723 = LINE('',#1724,#1725);
#1724 = CARTESIAN_POINT('',(-1.318033885956,16.824430465698,16.));
#1725 = VECTOR('',#1726,1.);
#1726 = DIRECTION('',(0.649447087379,-0.760406786329,0.));
#1727 = ORIENTED_EDGE('',*,*,#1728,.T.);
#1728 = EDGE_CURVE('',#1721,#1729,#1731,.T.);
#1729 = VERTEX_POINT('',#1730);
#1730 = CARTESIAN_POINT('',(-0.875570189953,16.381965637207,16.));
#1731 = LINE('',#1732,#1733);
#1732 = CARTESIAN_POINT('',(-1.114213478565,16.585786819458,16.));
#1733 = VECTOR('',#1734,1.);
#1734 = DIRECTION('',(0.760405086397,-0.649449077744,0.));
#1735 = ORIENTED_EDGE('',*,*,#1736,.T.);
#1736 = EDGE_CURVE('',#1729,#1737,#1739,.T.);
#1737 = VERTEX_POINT('',#1738);
#1738 = CARTESIAN_POINT('',(-0.607980799675,16.217987060547,16.));
#1739 = LINE('',#1740,#1741);
#1740 = CARTESIAN_POINT('',(-0.875570189953,16.381965637207,16.));
#1741 = VECTOR('',#1742,1.);
#1742 = DIRECTION('',(0.852640750056,-0.522497608935,0.));
#1743 = ORIENTED_EDGE('',*,*,#1744,.T.);
#1744 = EDGE_CURVE('',#1737,#1745,#1747,.T.);
#1745 = VERTEX_POINT('',#1746);
#1746 = CARTESIAN_POINT('',(-0.318033766747,16.097887039185,16.));
#1747 = LINE('',#1748,#1749);
#1748 = CARTESIAN_POINT('',(-0.607980799675,16.217987060547,16.));
#1749 = VECTOR('',#1750,1.);
#1750 = DIRECTION('',(0.92387950102,-0.382683508391,0.));
#1751 = ORIENTED_EDGE('',*,*,#1752,.T.);
#1752 = EDGE_CURVE('',#1745,#1753,#1755,.T.);
#1753 = VERTEX_POINT('',#1754);
#1754 = CARTESIAN_POINT('',(-1.286859512329E-02,16.02462387085,16.));
#1755 = LINE('',#1756,#1757);
#1756 = CARTESIAN_POINT('',(-0.318033766747,16.097887039185,16.));
#1757 = VECTOR('',#1758,1.);
#1758 = DIRECTION('',(0.972370287382,-0.23344383525,0.));
#1759 = ORIENTED_EDGE('',*,*,#1760,.T.);
#1760 = EDGE_CURVE('',#1753,#1761,#1763,.T.);
#1761 = VERTEX_POINT('',#1762);
#1762 = CARTESIAN_POINT('',(0.3,16.,16.));
#1763 = LINE('',#1764,#1765);
#1764 = CARTESIAN_POINT('',(-1.286859512329E-02,16.02462387085,16.));
#1765 = VECTOR('',#1766,1.);
#1766 = DIRECTION('',(0.996917189577,-7.84609273878E-02,0.));
#1767 = ORIENTED_EDGE('',*,*,#1768,.T.);
#1768 = EDGE_CURVE('',#1761,#1769,#1771,.T.);
#1769 = VERTEX_POINT('',#1770);
#1770 = CARTESIAN_POINT('',(0.61286907196,15.97537612915,16.));
#1771 = LINE('',#1772,#1773);
#1772 = CARTESIAN_POINT('',(0.3,16.,16.));
#1773 = VECTOR('',#1774,1.);
#1774 = DIRECTION('',(0.99691719893,-7.84608085433E-02,0.));
#1775 = ORIENTED_EDGE('',*,*,#1776,.T.);
#1776 = EDGE_CURVE('',#1769,#1777,#1779,.T.);
#1777 = VERTEX_POINT('',#1778);
#1778 = CARTESIAN_POINT('',(0.918034124374,15.902112960815,16.));
#1779 = LINE('',#1780,#1781);
#1780 = CARTESIAN_POINT('',(0.61286907196,15.97537612915,16.));
#1781 = VECTOR('',#1782,1.);
#1782 = DIRECTION('',(0.972370266682,-0.233443921472,0.));
#1783 = ORIENTED_EDGE('',*,*,#1784,.T.);
#1784 = EDGE_CURVE('',#1777,#1785,#1787,.T.);
#1785 = VERTEX_POINT('',#1786);
#1786 = CARTESIAN_POINT('',(1.207981157303,15.782013893127,16.));
#1787 = LINE('',#1788,#1789);
#1788 = CARTESIAN_POINT('',(0.918034124374,15.902112960815,16.));
#1789 = VECTOR('',#1790,1.);
#1790 = DIRECTION('',(0.923880575383,-0.382680914641,0.));
#1791 = ORIENTED_EDGE('',*,*,#1792,.T.);
#1792 = EDGE_CURVE('',#1785,#1793,#1795,.T.);
#1793 = VERTEX_POINT('',#1794);
#1794 = CARTESIAN_POINT('',(1.475570726395,15.618033409119,16.));
#1795 = LINE('',#1796,#1797);
#1796 = CARTESIAN_POINT('',(1.207981157303,15.782013893127,16.));
#1797 = VECTOR('',#1798,1.);
#1798 = DIRECTION('',(0.852638198047,-0.522501773424,0.));
#1799 = ORIENTED_EDGE('',*,*,#1800,.T.);
#1800 = EDGE_CURVE('',#1793,#1801,#1803,.T.);
#1801 = VERTEX_POINT('',#1802);
#1802 = CARTESIAN_POINT('',(1.714213657379,15.414214134216,16.));
#1803 = LINE('',#1804,#1805);
#1804 = CARTESIAN_POINT('',(1.475570726395,15.618033409119,16.));
#1805 = VECTOR('',#1806,1.);
#1806 = DIRECTION('',(0.760407607111,-0.649446126362,0.));
#1807 = ORIENTED_EDGE('',*,*,#1808,.T.);
#1808 = EDGE_CURVE('',#1801,#1809,#1811,.T.);
#1809 = VERTEX_POINT('',#1810);
#1810 = CARTESIAN_POINT('',(1.918034124374,15.175570487976,16.));
#1811 = LINE('',#1812,#1813);
#1812 = CARTESIAN_POINT('',(1.714213657379,15.414214134216,16.));
#1813 = VECTOR('',#1814,1.);
#1814 = DIRECTION('',(0.649447197195,-0.760406692537,0.));
#1815 = ORIENTED_EDGE('',*,*,#1816,.T.);
#1816 = EDGE_CURVE('',#1809,#1817,#1819,.T.);
#1817 = VERTEX_POINT('',#1818);
#1818 = CARTESIAN_POINT('',(2.082013177872,14.907980918884,16.));
#1819 = LINE('',#1820,#1821);
#1820 = CARTESIAN_POINT('',(1.918034124374,15.175570487976,16.));
#1821 = VECTOR('',#1822,1.);
#1822 = DIRECTION('',(0.522498459686,-0.852640228716,0.));
#1823 = ORIENTED_EDGE('',*,*,#1824,.T.);
#1824 = EDGE_CURVE('',#1817,#1825,#1827,.T.);
#1825 = VERTEX_POINT('',#1826);
#1826 = CARTESIAN_POINT('',(2.202113199234,14.618033409119,16.));
#1827 = LINE('',#1828,#1829);
#1828 = CARTESIAN_POINT('',(2.082013177872,14.907980918884,16.));
#1829 = VECTOR('',#1830,1.);
#1830 = DIRECTION('',(0.38268297121,-0.923879723528,0.));
#1831 = ORIENTED_EDGE('',*,*,#1832,.T.);
#1832 = EDGE_CURVE('',#1825,#1833,#1835,.T.);
#1833 = VERTEX_POINT('',#1834);
#1834 = CARTESIAN_POINT('',(2.275376844406,14.31286907196,16.));
#1835 = LINE('',#1836,#1837);
#1836 = CARTESIAN_POINT('',(2.202113199234,14.618033409119,16.));
#1837 = VECTOR('',#1838,1.);
#1838 = DIRECTION('',(0.233445875393,-0.972369797588,0.));
#1839 = ORIENTED_EDGE('',*,*,#1840,.T.);
#1840 = EDGE_CURVE('',#1833,#1841,#1843,.T.);
#1841 = VERTEX_POINT('',#1842);
#1842 = CARTESIAN_POINT('',(2.3,14.,16.));
#1843 = LINE('',#1844,#1845);
#1844 = CARTESIAN_POINT('',(2.275376844406,14.31286907196,16.));
#1845 = VECTOR('',#1846,1.);
#1846 = DIRECTION('',(7.845854350215E-02,-0.996917377194,0.));
#1847 = ORIENTED_EDGE('',*,*,#1848,.F.);
#1848 = EDGE_CURVE('',#1849,#1841,#1851,.T.);
#1849 = VERTEX_POINT('',#1850);
#1850 = CARTESIAN_POINT('',(2.3,5.,16.));
#1851 = LINE('',#1852,#1853);
#1852 = CARTESIAN_POINT('',(2.3,5.,16.));
#1853 = VECTOR('',#1854,1.);
#1854 = DIRECTION('',(0.,1.,0.));
#1855 = ORIENTED_EDGE('',*,*,#1856,.T.);
#1856 = EDGE_CURVE('',#1849,#1857,#1859,.T.);
#1857 = VERTEX_POINT('',#1858);
#1858 = CARTESIAN_POINT('',(4.8,5.,16.));
#1859 = LINE('',#1860,#1861);
#1860 = CARTESIAN_POINT('',(2.3,5.,16.));
#1861 = VECTOR('',#1862,1.);
#1862 = DIRECTION('',(1.,0.,0.));
#1863 = ORIENTED_EDGE('',*,*,#1864,.F.);
#1864 = EDGE_CURVE('',#1865,#1857,#1867,.T.);
#1865 = VERTEX_POINT('',#1866);
#1866 = CARTESIAN_POINT('',(4.8,23.393718719482,16.));
#1867 = LINE('',#1868,#1869);
#1868 = CARTESIAN_POINT('',(4.8,23.393718719482,16.));
#1869 = VECTOR('',#1870,1.);
#1870 = DIRECTION('',(0.,-1.,0.));
#1871 = ORIENTED_EDGE('',*,*,#1872,.T.);
#1872 = EDGE_CURVE('',#1865,#1873,#1875,.T.);
#1873 = VERTEX_POINT('',#1874);
#1874 = CARTESIAN_POINT('',(4.931034851074,25.007263183594,16.));
#1875 = LINE('',#1876,#1877);
#1876 = CARTESIAN_POINT('',(4.8,23.393718719482,16.));
#1877 = VECTOR('',#1878,1.);
#1878 = DIRECTION('',(8.094285288259E-02,0.996718743963,0.));
#1879 = ORIENTED_EDGE('',*,*,#1880,.T.);
#1880 = EDGE_CURVE('',#1873,#1881,#1883,.T.);
#1881 = VERTEX_POINT('',#1882);
#1882 = CARTESIAN_POINT('',(5.320705223083,26.578521728516,16.));
#1883 = LINE('',#1884,#1885);
#1884 = CARTESIAN_POINT('',(4.931034851074,25.007263183594,16.));
#1885 = VECTOR('',#1886,1.);
#1886 = DIRECTION('',(0.240707171125,0.970597783723,0.));
#1887 = ORIENTED_EDGE('',*,*,#1888,.T.);
#1888 = EDGE_CURVE('',#1881,#1889,#1891,.T.);
#1889 = VERTEX_POINT('',#1890);
#1890 = CARTESIAN_POINT('',(5.958799171448,28.066316604614,16.));
#1891 = LINE('',#1892,#1893);
#1892 = CARTESIAN_POINT('',(5.320705223083,26.578521728516,16.));
#1893 = VECTOR('',#1894,1.);
#1894 = DIRECTION('',(0.394163295452,0.919040421591,0.));
#1895 = ORIENTED_EDGE('',*,*,#1896,.T.);
#1896 = EDGE_CURVE('',#1889,#1897,#1899,.T.);
#1897 = VERTEX_POINT('',#1898);
#1898 = CARTESIAN_POINT('',(6.828594017029,29.431655883789,16.));
#1899 = LINE('',#1900,#1901);
#1900 = CARTESIAN_POINT('',(5.958799171448,28.066316604614,16.));
#1901 = VECTOR('',#1902,1.);
#1902 = DIRECTION('',(0.537289851614,0.843397661458,0.));
#1903 = ORIENTED_EDGE('',*,*,#1904,.T.);
#1904 = EDGE_CURVE('',#1897,#1905,#1907,.T.);
#1905 = VERTEX_POINT('',#1906);
#1906 = CARTESIAN_POINT('',(7.907295036316,30.638759613037,16.));
#1907 = LINE('',#1908,#1909);
#1908 = CARTESIAN_POINT('',(6.828594017029,29.431655883789,16.));
#1909 = VECTOR('',#1910,1.);
#1910 = DIRECTION('',(0.666335304306,0.745652239476,0.));
#1911 = ORIENTED_EDGE('',*,*,#1912,.T.);
#1912 = EDGE_CURVE('',#1905,#1426,#1913,.T.);
#1913 = LINE('',#1914,#1915);
#1914 = CARTESIAN_POINT('',(7.907295036316,30.638759613037,16.));
#1915 = VECTOR('',#1916,1.);
#1916 = DIRECTION('',(0.777918076454,0.628365710655,0.));
#1917 = PLANE('',#1918);
#1918 = AXIS2_PLACEMENT_3D('',#1919,#1920,#1921);
#1919 = CARTESIAN_POINT('',(21.09423170384,33.921339452029,16.));
#1920 = DIRECTION('',(0.,0.,1.));
#1921 = DIRECTION('',(1.,0.,0.));
#1922 = ADVANCED_FACE('',(#1923),#1948,.T.);
#1923 = FACE_BOUND('',#1924,.T.);
#1924 = EDGE_LOOP('',(#1925,#1935,#1941,#1942));
#1925 = ORIENTED_EDGE('',*,*,#1926,.F.);
#1926 = EDGE_CURVE('',#1927,#1929,#1931,.T.);
#1927 = VERTEX_POINT('',#1928);
#1928 = CARTESIAN_POINT('',(13.026659938999,35.722368145646,
    2.879294965014E-34));
#1929 = VERTEX_POINT('',#1930);
#1930 = CARTESIAN_POINT('',(13.040661811829,35.729465484619,0.));
#1931 = LINE('',#1932,#1933);
#1932 = CARTESIAN_POINT('',(12.134702682495,35.270248413086,0.));
#1933 = VECTOR('',#1934,1.);
#1934 = DIRECTION('',(0.891957256504,0.45211973256,0.));
#1935 = ORIENTED_EDGE('',*,*,#1936,.F.);
#1936 = EDGE_CURVE('',#619,#1927,#1937,.T.);
#1937 = LINE('',#1938,#1939);
#1938 = CARTESIAN_POINT('',(13.026659938999,35.722368145646,16.));
#1939 = VECTOR('',#1940,1.);
#1940 = DIRECTION('',(0.,0.,-1.));
#1941 = ORIENTED_EDGE('',*,*,#618,.F.);
#1942 = ORIENTED_EDGE('',*,*,#1943,.F.);
#1943 = EDGE_CURVE('',#1929,#611,#1944,.T.);
#1944 = LINE('',#1945,#1946);
#1945 = CARTESIAN_POINT('',(13.040661811829,35.729465484619,0.));
#1946 = VECTOR('',#1947,1.);
#1947 = DIRECTION('',(0.,0.,1.));
#1948 = PLANE('',#1949);
#1949 = AXIS2_PLACEMENT_3D('',#1950,#1951,#1952);
#1950 = CARTESIAN_POINT('',(12.587682247162,35.499856948853,8.));
#1951 = DIRECTION('',(-0.45211973256,0.891957256504,0.));
#1952 = DIRECTION('',(0.891957256504,0.45211973256,0.));
#1953 = ADVANCED_FACE('',(#1954),#1972,.T.);
#1954 = FACE_BOUND('',#1955,.T.);
#1955 = EDGE_LOOP('',(#1956,#1957,#1958,#1966));
#1956 = ORIENTED_EDGE('',*,*,#82,.F.);
#1957 = ORIENTED_EDGE('',*,*,#1355,.T.);
#1958 = ORIENTED_EDGE('',*,*,#1959,.F.);
#1959 = EDGE_CURVE('',#1960,#1348,#1962,.T.);
#1960 = VERTEX_POINT('',#1961);
#1961 = CARTESIAN_POINT('',(13.708230018616,33.055698394775,0.));
#1962 = LINE('',#1963,#1964);
#1963 = CARTESIAN_POINT('',(13.708230018616,33.055698394775,0.));
#1964 = VECTOR('',#1965,1.);
#1965 = DIRECTION('',(-0.930868707022,-0.365353869949,0.));
#1966 = ORIENTED_EDGE('',*,*,#1967,.F.);
#1967 = EDGE_CURVE('',#83,#1960,#1968,.T.);
#1968 = LINE('',#1969,#1970);
#1969 = CARTESIAN_POINT('',(13.708230018616,33.055698394775,16.));
#1970 = VECTOR('',#1971,1.);
#1971 = DIRECTION('',(0.,0.,-1.));
#1972 = PLANE('',#1973);
#1973 = AXIS2_PLACEMENT_3D('',#1974,#1975,#1976);
#1974 = CARTESIAN_POINT('',(13.012566566467,32.78265953064,8.));
#1975 = DIRECTION('',(0.365353869949,-0.930868707022,0.));
#1976 = DIRECTION('',(-0.930868707022,-0.365353869949,0.));
#1977 = ADVANCED_FACE('',(#1978),#1996,.T.);
#1978 = FACE_BOUND('',#1979,.T.);
#1979 = EDGE_LOOP('',(#1980,#1988,#1994,#1995));
#1980 = ORIENTED_EDGE('',*,*,#1981,.F.);
#1981 = EDGE_CURVE('',#1982,#603,#1984,.T.);
#1982 = VERTEX_POINT('',#1983);
#1983 = CARTESIAN_POINT('',(13.856182098389,36.334911346436,0.));
#1984 = LINE('',#1985,#1986);
#1985 = CARTESIAN_POINT('',(13.856182098389,36.334911346436,0.));
#1986 = VECTOR('',#1987,1.);
#1987 = DIRECTION('',(0.,0.,1.));
#1988 = ORIENTED_EDGE('',*,*,#1989,.F.);
#1989 = EDGE_CURVE('',#1929,#1982,#1990,.T.);
#1990 = LINE('',#1991,#1992);
#1991 = CARTESIAN_POINT('',(13.040661811829,35.729465484619,0.));
#1992 = VECTOR('',#1993,1.);
#1993 = DIRECTION('',(0.802917820868,0.596089735638,0.));
#1994 = ORIENTED_EDGE('',*,*,#1943,.T.);
#1995 = ORIENTED_EDGE('',*,*,#610,.F.);
#1996 = PLANE('',#1997);
#1997 = AXIS2_PLACEMENT_3D('',#1998,#1999,#2000);
#1998 = CARTESIAN_POINT('',(13.448421955109,36.032188415527,8.));
#1999 = DIRECTION('',(-0.596089735638,0.802917820868,0.));
#2000 = DIRECTION('',(0.802917820868,0.596089735638,0.));
#2001 = ADVANCED_FACE('',(#2002),#2020,.T.);
#2002 = FACE_BOUND('',#2003,.T.);
#2003 = EDGE_LOOP('',(#2004,#2012,#2013,#2014));
#2004 = ORIENTED_EDGE('',*,*,#2005,.F.);
#2005 = EDGE_CURVE('',#91,#2006,#2008,.T.);
#2006 = VERTEX_POINT('',#2007);
#2007 = CARTESIAN_POINT('',(15.165405273438,33.388301849365,0.));
#2008 = LINE('',#2009,#2010);
#2009 = CARTESIAN_POINT('',(15.165405273438,33.388301849365,16.));
#2010 = VECTOR('',#2011,1.);
#2011 = DIRECTION('',(0.,0.,-1.));
#2012 = ORIENTED_EDGE('',*,*,#90,.F.);
#2013 = ORIENTED_EDGE('',*,*,#1967,.T.);
#2014 = ORIENTED_EDGE('',*,*,#2015,.F.);
#2015 = EDGE_CURVE('',#2006,#1960,#2016,.T.);
#2016 = LINE('',#2017,#2018);
#2017 = CARTESIAN_POINT('',(15.165405273438,33.388301849365,0.));
#2018 = VECTOR('',#2019,1.);
#2019 = DIRECTION('',(-0.974926067113,-0.222529017576,0.));
#2020 = PLANE('',#2021);
#2021 = AXIS2_PLACEMENT_3D('',#2022,#2023,#2024);
#2022 = CARTESIAN_POINT('',(14.436817646027,33.22200012207,8.));
#2023 = DIRECTION('',(0.222529017576,-0.974926067113,0.));
#2024 = DIRECTION('',(-0.974926067113,-0.222529017576,0.));
#2025 = ADVANCED_FACE('',(#2026),#2044,.T.);
#2026 = FACE_BOUND('',#2027,.T.);
#2027 = EDGE_LOOP('',(#2028,#2036,#2042,#2043));
#2028 = ORIENTED_EDGE('',*,*,#2029,.F.);
#2029 = EDGE_CURVE('',#2030,#595,#2032,.T.);
#2030 = VERTEX_POINT('',#2031);
#2031 = CARTESIAN_POINT('',(14.557890892029,37.069244384766,0.));
#2032 = LINE('',#2033,#2034);
#2033 = CARTESIAN_POINT('',(14.557890892029,37.069244384766,0.));
#2034 = VECTOR('',#2035,1.);
#2035 = DIRECTION('',(0.,0.,1.));
#2036 = ORIENTED_EDGE('',*,*,#2037,.F.);
#2037 = EDGE_CURVE('',#1982,#2030,#2038,.T.);
#2038 = LINE('',#2039,#2040);
#2039 = CARTESIAN_POINT('',(13.856182098389,36.334911346436,0.));
#2040 = VECTOR('',#2041,1.);
#2041 = DIRECTION('',(0.690864348189,0.722984406748,0.));
#2042 = ORIENTED_EDGE('',*,*,#1981,.T.);
#2043 = ORIENTED_EDGE('',*,*,#602,.F.);
#2044 = PLANE('',#2045);
#2045 = AXIS2_PLACEMENT_3D('',#2046,#2047,#2048);
#2046 = CARTESIAN_POINT('',(14.207036495209,36.702077865601,8.));
#2047 = DIRECTION('',(-0.722984406748,0.690864348189,0.));
#2048 = DIRECTION('',(-0.690864348189,-0.722984406748,0.));
#2049 = ADVANCED_FACE('',(#2050),#2068,.T.);
#2050 = FACE_BOUND('',#2051,.T.);
#2051 = EDGE_LOOP('',(#2052,#2060,#2061,#2062));
#2052 = ORIENTED_EDGE('',*,*,#2053,.F.);
#2053 = EDGE_CURVE('',#99,#2054,#2056,.T.);
#2054 = VERTEX_POINT('',#2055);
#2055 = CARTESIAN_POINT('',(16.655879974365,33.5,0.));
#2056 = LINE('',#2057,#2058);
#2057 = CARTESIAN_POINT('',(16.655879974365,33.5,16.));
#2058 = VECTOR('',#2059,1.);
#2059 = DIRECTION('',(0.,0.,-1.));
#2060 = ORIENTED_EDGE('',*,*,#98,.F.);
#2061 = ORIENTED_EDGE('',*,*,#2005,.T.);
#2062 = ORIENTED_EDGE('',*,*,#2063,.F.);
#2063 = EDGE_CURVE('',#2054,#2006,#2064,.T.);
#2064 = LINE('',#2065,#2066);
#2065 = CARTESIAN_POINT('',(16.655879974365,33.5,0.));
#2066 = VECTOR('',#2067,1.);
#2067 = DIRECTION('',(-0.997203671881,-7.473176558178E-02,0.));
#2068 = PLANE('',#2069);
#2069 = AXIS2_PLACEMENT_3D('',#2070,#2071,#2072);
#2070 = CARTESIAN_POINT('',(15.910642623901,33.444150924683,8.));
#2071 = DIRECTION('',(7.473176558178E-02,-0.997203671881,0.));
#2072 = DIRECTION('',(-0.997203671881,-7.473176558178E-02,0.));
#2073 = ADVANCED_FACE('',(#2074),#2092,.T.);
#2074 = FACE_BOUND('',#2075,.T.);
#2075 = EDGE_LOOP('',(#2076,#2084,#2090,#2091));
#2076 = ORIENTED_EDGE('',*,*,#2077,.F.);
#2077 = EDGE_CURVE('',#2078,#587,#2080,.T.);
#2078 = VERTEX_POINT('',#2079);
#2079 = CARTESIAN_POINT('',(15.125682830811,37.911418914795,0.));
#2080 = LINE('',#2081,#2082);
#2081 = CARTESIAN_POINT('',(15.125682830811,37.911418914795,0.));
#2082 = VECTOR('',#2083,1.);
#2083 = DIRECTION('',(0.,0.,1.));
#2084 = ORIENTED_EDGE('',*,*,#2085,.F.);
#2085 = EDGE_CURVE('',#2030,#2078,#2086,.T.);
#2086 = LINE('',#2087,#2088);
#2087 = CARTESIAN_POINT('',(14.557890892029,37.069244384766,0.));
#2088 = VECTOR('',#2089,1.);
#2089 = DIRECTION('',(0.559015631467,0.82915711646,0.));
#2090 = ORIENTED_EDGE('',*,*,#2029,.T.);
#2091 = ORIENTED_EDGE('',*,*,#594,.F.);
#2092 = PLANE('',#2093);
#2093 = AXIS2_PLACEMENT_3D('',#2094,#2095,#2096);
#2094 = CARTESIAN_POINT('',(14.84178686142,37.49033164978,8.));
#2095 = DIRECTION('',(-0.82915711646,0.559015631467,0.));
#2096 = DIRECTION('',(-0.559015631467,-0.82915711646,0.));
#2097 = ADVANCED_FACE('',(#2098),#2148,.T.);
#2098 = FACE_BOUND('',#2099,.T.);
#2099 = EDGE_LOOP('',(#2100,#2110,#2118,#2126,#2134,#2140,#2141,#2142));
#2100 = ORIENTED_EDGE('',*,*,#2101,.T.);
#2101 = EDGE_CURVE('',#2102,#2104,#2106,.T.);
#2102 = VERTEX_POINT('',#2103);
#2103 = CARTESIAN_POINT('',(29.110204696655,33.5,0.));
#2104 = VERTEX_POINT('',#2105);
#2105 = CARTESIAN_POINT('',(29.110204696655,33.5,3.));
#2106 = LINE('',#2107,#2108);
#2107 = CARTESIAN_POINT('',(29.110204696655,33.5,0.));
#2108 = VECTOR('',#2109,1.);
#2109 = DIRECTION('',(0.,0.,1.));
#2110 = ORIENTED_EDGE('',*,*,#2111,.T.);
#2111 = EDGE_CURVE('',#2104,#2112,#2114,.T.);
#2112 = VERTEX_POINT('',#2113);
#2113 = CARTESIAN_POINT('',(26.34991645813,33.5,3.));
#2114 = LINE('',#2115,#2116);
#2115 = CARTESIAN_POINT('',(29.110204696655,33.5,3.));
#2116 = VECTOR('',#2117,1.);
#2117 = DIRECTION('',(-1.,0.,0.));
#2118 = ORIENTED_EDGE('',*,*,#2119,.T.);
#2119 = EDGE_CURVE('',#2112,#2120,#2122,.T.);
#2120 = VERTEX_POINT('',#2121);
#2121 = CARTESIAN_POINT('',(26.34991645813,33.5,13.));
#2122 = LINE('',#2123,#2124);
#2123 = CARTESIAN_POINT('',(26.34991645813,33.5,3.));
#2124 = VECTOR('',#2125,1.);
#2125 = DIRECTION('',(0.,0.,1.));
#2126 = ORIENTED_EDGE('',*,*,#2127,.T.);
#2127 = EDGE_CURVE('',#2120,#2128,#2130,.T.);
#2128 = VERTEX_POINT('',#2129);
#2129 = CARTESIAN_POINT('',(29.110204696655,33.5,13.));
#2130 = LINE('',#2131,#2132);
#2131 = CARTESIAN_POINT('',(26.34991645813,33.5,13.));
#2132 = VECTOR('',#2133,1.);
#2133 = DIRECTION('',(1.,0.,0.));
#2134 = ORIENTED_EDGE('',*,*,#2135,.T.);
#2135 = EDGE_CURVE('',#2128,#107,#2136,.T.);
#2136 = LINE('',#2137,#2138);
#2137 = CARTESIAN_POINT('',(29.110204696655,33.5,13.));
#2138 = VECTOR('',#2139,1.);
#2139 = DIRECTION('',(0.,0.,1.));
#2140 = ORIENTED_EDGE('',*,*,#106,.T.);
#2141 = ORIENTED_EDGE('',*,*,#2053,.T.);
#2142 = ORIENTED_EDGE('',*,*,#2143,.T.);
#2143 = EDGE_CURVE('',#2054,#2102,#2144,.T.);
#2144 = LINE('',#2145,#2146);
#2145 = CARTESIAN_POINT('',(16.655879974365,33.5,0.));
#2146 = VECTOR('',#2147,1.);
#2147 = DIRECTION('',(1.,0.,0.));
#2148 = PLANE('',#2149);
#2149 = AXIS2_PLACEMENT_3D('',#2150,#2151,#2152);
#2150 = CARTESIAN_POINT('',(22.869514256589,33.5,8.));
#2151 = DIRECTION('',(-0.,-1.,-0.));
#2152 = DIRECTION('',(0.,0.,-1.));
#2153 = ADVANCED_FACE('',(#2154),#2172,.T.);
#2154 = FACE_BOUND('',#2155,.T.);
#2155 = EDGE_LOOP('',(#2156,#2164,#2170,#2171));
#2156 = ORIENTED_EDGE('',*,*,#2157,.F.);
#2157 = EDGE_CURVE('',#2158,#579,#2160,.T.);
#2158 = VERTEX_POINT('',#2159);
#2159 = CARTESIAN_POINT('',(15.543285369873,38.837295532227,0.));
#2160 = LINE('',#2161,#2162);
#2161 = CARTESIAN_POINT('',(15.543285369873,38.837295532227,0.));
#2162 = VECTOR('',#2163,1.);
#2163 = DIRECTION('',(0.,0.,1.));
#2164 = ORIENTED_EDGE('',*,*,#2165,.F.);
#2165 = EDGE_CURVE('',#2078,#2158,#2166,.T.);
#2166 = LINE('',#2167,#2168);
#2167 = CARTESIAN_POINT('',(15.125682830811,37.911418914795,0.));
#2168 = VECTOR('',#2169,1.);
#2169 = DIRECTION('',(0.411148937493,0.911568182419,0.));
#2170 = ORIENTED_EDGE('',*,*,#2077,.T.);
#2171 = ORIENTED_EDGE('',*,*,#586,.F.);
#2172 = PLANE('',#2173);
#2173 = AXIS2_PLACEMENT_3D('',#2174,#2175,#2176);
#2174 = CARTESIAN_POINT('',(15.334484100342,38.374357223511,8.));
#2175 = DIRECTION('',(-0.911568182419,0.411148937493,0.));
#2176 = DIRECTION('',(-0.411148937493,-0.911568182419,0.));
#2177 = ADVANCED_FACE('',(#2178),#2196,.T.);
#2178 = FACE_BOUND('',#2179,.T.);
#2179 = EDGE_LOOP('',(#2180,#2188,#2189,#2190));
#2180 = ORIENTED_EDGE('',*,*,#2181,.F.);
#2181 = EDGE_CURVE('',#115,#2182,#2184,.T.);
#2182 = VERTEX_POINT('',#2183);
#2183 = CARTESIAN_POINT('',(30.740674972534,33.366184234619,13.));
#2184 = LINE('',#2185,#2186);
#2185 = CARTESIAN_POINT('',(30.740674972534,33.366184234619,16.));
#2186 = VECTOR('',#2187,1.);
#2187 = DIRECTION('',(0.,0.,-1.));
#2188 = ORIENTED_EDGE('',*,*,#114,.T.);
#2189 = ORIENTED_EDGE('',*,*,#2135,.F.);
#2190 = ORIENTED_EDGE('',*,*,#2191,.T.);
#2191 = EDGE_CURVE('',#2128,#2182,#2192,.T.);
#2192 = LINE('',#2193,#2194);
#2193 = CARTESIAN_POINT('',(29.110204696655,33.5,13.));
#2194 = VECTOR('',#2195,1.);
#2195 = DIRECTION('',(0.996649022179,-8.179686173492E-02,0.));
#2196 = PLANE('',#2197);
#2197 = AXIS2_PLACEMENT_3D('',#2198,#2199,#2200);
#2198 = CARTESIAN_POINT('',(29.925439834595,33.43309211731,14.5));
#2199 = DIRECTION('',(-8.179686173492E-02,-0.996649022179,-0.));
#2200 = DIRECTION('',(-0.996649022179,8.179686173492E-02,0.));
#2201 = ADVANCED_FACE('',(#2202),#2220,.T.);
#2202 = FACE_BOUND('',#2203,.T.);
#2203 = EDGE_LOOP('',(#2204,#2212,#2218,#2219));
#2204 = ORIENTED_EDGE('',*,*,#2205,.F.);
#2205 = EDGE_CURVE('',#2206,#571,#2208,.T.);
#2206 = VERTEX_POINT('',#2207);
#2207 = CARTESIAN_POINT('',(15.798732757568,39.820343017578,0.));
#2208 = LINE('',#2209,#2210);
#2209 = CARTESIAN_POINT('',(15.798732757568,39.820343017578,0.));
#2210 = VECTOR('',#2211,1.);
#2211 = DIRECTION('',(0.,0.,1.));
#2212 = ORIENTED_EDGE('',*,*,#2213,.F.);
#2213 = EDGE_CURVE('',#2158,#2206,#2214,.T.);
#2214 = LINE('',#2215,#2216);
#2215 = CARTESIAN_POINT('',(15.543285369873,38.837295532227,0.));
#2216 = VECTOR('',#2217,1.);
#2217 = DIRECTION('',(0.251500167676,0.967857254795,0.));
#2218 = ORIENTED_EDGE('',*,*,#2157,.T.);
#2219 = ORIENTED_EDGE('',*,*,#578,.F.);
#2220 = PLANE('',#2221);
#2221 = AXIS2_PLACEMENT_3D('',#2222,#2223,#2224);
#2222 = CARTESIAN_POINT('',(15.671009063721,39.328819274902,8.));
#2223 = DIRECTION('',(-0.967857254795,0.251500167676,0.));
#2224 = DIRECTION('',(-0.251500167676,-0.967857254795,0.));
#2225 = ADVANCED_FACE('',(#2226),#2236,.T.);
#2226 = FACE_BOUND('',#2227,.T.);
#2227 = EDGE_LOOP('',(#2228,#2234,#2235));
#2228 = ORIENTED_EDGE('',*,*,#2229,.F.);
#2229 = EDGE_CURVE('',#123,#2182,#2230,.T.);
#2230 = LINE('',#2231,#2232);
#2231 = CARTESIAN_POINT('',(32.327507019043,32.968311309814,16.));
#2232 = VECTOR('',#2233,1.);
#2233 = DIRECTION('',(-0.464384396082,0.116437009392,-0.87794621448));
#2234 = ORIENTED_EDGE('',*,*,#122,.T.);
#2235 = ORIENTED_EDGE('',*,*,#2181,.T.);
#2236 = PLANE('',#2237);
#2237 = AXIS2_PLACEMENT_3D('',#2238,#2239,#2240);
#2238 = CARTESIAN_POINT('',(31.238518809574,33.241357801995,
    14.804721534811));
#2239 = DIRECTION('',(-0.243205751193,-0.969974722653,-0.));
#2240 = DIRECTION('',(-0.969974722653,0.243205751193,0.));
#2241 = ADVANCED_FACE('',(#2242),#2260,.T.);
#2242 = FACE_BOUND('',#2243,.T.);
#2243 = EDGE_LOOP('',(#2244,#2252,#2258,#2259));
#2244 = ORIENTED_EDGE('',*,*,#2245,.F.);
#2245 = EDGE_CURVE('',#2246,#563,#2248,.T.);
#2246 = VERTEX_POINT('',#2247);
#2247 = CARTESIAN_POINT('',(15.884702682495,40.832397460938,0.));
#2248 = LINE('',#2249,#2250);
#2249 = CARTESIAN_POINT('',(15.884702682495,40.832397460938,0.));
#2250 = VECTOR('',#2251,1.);
#2251 = DIRECTION('',(0.,0.,1.));
#2252 = ORIENTED_EDGE('',*,*,#2253,.F.);
#2253 = EDGE_CURVE('',#2206,#2246,#2254,.T.);
#2254 = LINE('',#2255,#2256);
#2255 = CARTESIAN_POINT('',(15.798732757568,39.820343017578,0.));
#2256 = VECTOR('',#2257,1.);
#2257 = DIRECTION('',(8.46411204062E-02,0.996411501708,0.));
#2258 = ORIENTED_EDGE('',*,*,#2205,.T.);
#2259 = ORIENTED_EDGE('',*,*,#570,.F.);
#2260 = PLANE('',#2261);
#2261 = AXIS2_PLACEMENT_3D('',#2262,#2263,#2264);
#2262 = CARTESIAN_POINT('',(15.841717720032,40.326370239258,8.));
#2263 = DIRECTION('',(-0.996411501708,8.46411204062E-02,0.));
#2264 = DIRECTION('',(-8.46411204062E-02,-0.996411501708,0.));
#2265 = ADVANCED_FACE('',(#2266),#2291,.T.);
#2266 = FACE_BOUND('',#2267,.T.);
#2267 = EDGE_LOOP('',(#2268,#2276,#2277,#2285));
#2268 = ORIENTED_EDGE('',*,*,#2269,.F.);
#2269 = EDGE_CURVE('',#131,#2270,#2272,.T.);
#2270 = VERTEX_POINT('',#2271);
#2271 = CARTESIAN_POINT('',(33.828235626221,32.317039489746,0.));
#2272 = LINE('',#2273,#2274);
#2273 = CARTESIAN_POINT('',(33.828235626221,32.317039489746,16.));
#2274 = VECTOR('',#2275,1.);
#2275 = DIRECTION('',(0.,0.,-1.));
#2276 = ORIENTED_EDGE('',*,*,#130,.T.);
#2277 = ORIENTED_EDGE('',*,*,#2278,.T.);
#2278 = EDGE_CURVE('',#123,#2279,#2281,.T.);
#2279 = VERTEX_POINT('',#2280);
#2280 = CARTESIAN_POINT('',(32.327507019043,32.968311309814,0.));
#2281 = LINE('',#2282,#2283);
#2282 = CARTESIAN_POINT('',(32.327507019043,32.968311309814,16.));
#2283 = VECTOR('',#2284,1.);
#2284 = DIRECTION('',(0.,0.,-1.));
#2285 = ORIENTED_EDGE('',*,*,#2286,.T.);
#2286 = EDGE_CURVE('',#2279,#2270,#2287,.T.);
#2287 = LINE('',#2288,#2289);
#2288 = CARTESIAN_POINT('',(32.327507019043,32.968311309814,0.));
#2289 = VECTOR('',#2290,1.);
#2290 = DIRECTION('',(0.917342279709,-0.398099412029,0.));
#2291 = PLANE('',#2292);
#2292 = AXIS2_PLACEMENT_3D('',#2293,#2294,#2295);
#2293 = CARTESIAN_POINT('',(33.077871322632,32.64267539978,8.));
#2294 = DIRECTION('',(-0.398099412029,-0.917342279709,-0.));
#2295 = DIRECTION('',(-0.917342279709,0.398099412029,0.));
#2296 = ADVANCED_FACE('',(#2297),#2315,.T.);
#2297 = FACE_BOUND('',#2298,.T.);
#2298 = EDGE_LOOP('',(#2299,#2300,#2301,#2309));
#2299 = ORIENTED_EDGE('',*,*,#2245,.T.);
#2300 = ORIENTED_EDGE('',*,*,#562,.F.);
#2301 = ORIENTED_EDGE('',*,*,#2302,.T.);
#2302 = EDGE_CURVE('',#555,#2303,#2305,.T.);
#2303 = VERTEX_POINT('',#2304);
#2304 = CARTESIAN_POINT('',(15.884702682495,64.,0.));
#2305 = LINE('',#2306,#2307);
#2306 = CARTESIAN_POINT('',(15.884702682495,64.,16.));
#2307 = VECTOR('',#2308,1.);
#2308 = DIRECTION('',(0.,0.,-1.));
#2309 = ORIENTED_EDGE('',*,*,#2310,.F.);
#2310 = EDGE_CURVE('',#2246,#2303,#2311,.T.);
#2311 = LINE('',#2312,#2313);
#2312 = CARTESIAN_POINT('',(15.884702682495,40.832397460938,0.));
#2313 = VECTOR('',#2314,1.);
#2314 = DIRECTION('',(0.,1.,0.));
#2315 = PLANE('',#2316);
#2316 = AXIS2_PLACEMENT_3D('',#2317,#2318,#2319);
#2317 = CARTESIAN_POINT('',(15.884702682495,52.416198730469,8.));
#2318 = DIRECTION('',(-1.,-0.,-0.));
#2319 = DIRECTION('',(0.,0.,-1.));
#2320 = ADVANCED_FACE('',(#2321),#2339,.T.);
#2321 = FACE_BOUND('',#2322,.T.);
#2322 = EDGE_LOOP('',(#2323,#2331,#2332,#2333));
#2323 = ORIENTED_EDGE('',*,*,#2324,.F.);
#2324 = EDGE_CURVE('',#139,#2325,#2327,.T.);
#2325 = VERTEX_POINT('',#2326);
#2326 = CARTESIAN_POINT('',(35.202693939209,31.429790496826,0.));
#2327 = LINE('',#2328,#2329);
#2328 = CARTESIAN_POINT('',(35.202693939209,31.429790496826,16.));
#2329 = VECTOR('',#2330,1.);
#2330 = DIRECTION('',(0.,0.,-1.));
#2331 = ORIENTED_EDGE('',*,*,#138,.T.);
#2332 = ORIENTED_EDGE('',*,*,#2269,.T.);
#2333 = ORIENTED_EDGE('',*,*,#2334,.T.);
#2334 = EDGE_CURVE('',#2270,#2325,#2335,.T.);
#2335 = LINE('',#2336,#2337);
#2336 = CARTESIAN_POINT('',(33.828235626221,32.317039489746,0.));
#2337 = VECTOR('',#2338,1.);
#2338 = DIRECTION('',(0.840156918687,-0.54234338936,0.));
#2339 = PLANE('',#2340);
#2340 = AXIS2_PLACEMENT_3D('',#2341,#2342,#2343);
#2341 = CARTESIAN_POINT('',(34.515464782715,31.873414993286,8.));
#2342 = DIRECTION('',(-0.54234338936,-0.840156918687,-0.));
#2343 = DIRECTION('',(-0.840156918687,0.54234338936,0.));
#2344 = ADVANCED_FACE('',(#2345),#2363,.T.);
#2345 = FACE_BOUND('',#2346,.T.);
#2346 = EDGE_LOOP('',(#2347,#2355,#2361,#2362));
#2347 = ORIENTED_EDGE('',*,*,#2348,.F.);
#2348 = EDGE_CURVE('',#2349,#547,#2351,.T.);
#2349 = VERTEX_POINT('',#2350);
#2350 = CARTESIAN_POINT('',(15.95857334137,64.938606262207,0.));
#2351 = LINE('',#2352,#2353);
#2352 = CARTESIAN_POINT('',(15.95857334137,64.938606262207,0.));
#2353 = VECTOR('',#2354,1.);
#2354 = DIRECTION('',(0.,0.,1.));
#2355 = ORIENTED_EDGE('',*,*,#2356,.F.);
#2356 = EDGE_CURVE('',#2303,#2349,#2357,.T.);
#2357 = LINE('',#2358,#2359);
#2358 = CARTESIAN_POINT('',(15.884702682495,64.,0.));
#2359 = VECTOR('',#2360,1.);
#2360 = DIRECTION('',(7.845988108711E-02,0.996917271924,0.));
#2361 = ORIENTED_EDGE('',*,*,#2302,.F.);
#2362 = ORIENTED_EDGE('',*,*,#554,.F.);
#2363 = PLANE('',#2364);
#2364 = AXIS2_PLACEMENT_3D('',#2365,#2366,#2367);
#2365 = CARTESIAN_POINT('',(15.921638011932,64.469303131104,8.));
#2366 = DIRECTION('',(-0.996917271924,7.845988108711E-02,0.));
#2367 = DIRECTION('',(-7.845988108711E-02,-0.996917271924,0.));
#2368 = ADVANCED_FACE('',(#2369),#2387,.T.);
#2369 = FACE_BOUND('',#2370,.T.);
#2370 = EDGE_LOOP('',(#2371,#2379,#2380,#2381));
#2371 = ORIENTED_EDGE('',*,*,#2372,.T.);
#2372 = EDGE_CURVE('',#2373,#147,#2375,.T.);
#2373 = VERTEX_POINT('',#2374);
#2374 = CARTESIAN_POINT('',(36.414093017578,30.330312728882,0.));
#2375 = LINE('',#2376,#2377);
#2376 = CARTESIAN_POINT('',(36.414093017578,30.330312728882,0.));
#2377 = VECTOR('',#2378,1.);
#2378 = DIRECTION('',(0.,0.,1.));
#2379 = ORIENTED_EDGE('',*,*,#146,.T.);
#2380 = ORIENTED_EDGE('',*,*,#2324,.T.);
#2381 = ORIENTED_EDGE('',*,*,#2382,.T.);
#2382 = EDGE_CURVE('',#2325,#2373,#2383,.T.);
#2383 = LINE('',#2384,#2385);
#2384 = CARTESIAN_POINT('',(35.202693939209,31.429790496826,0.));
#2385 = VECTOR('',#2386,1.);
#2386 = DIRECTION('',(0.740485690296,-0.67207212594,0.));
#2387 = PLANE('',#2388);
#2388 = AXIS2_PLACEMENT_3D('',#2389,#2390,#2391);
#2389 = CARTESIAN_POINT('',(35.808393478394,30.880051612854,8.));
#2390 = DIRECTION('',(-0.67207212594,-0.740485690296,-0.));
#2391 = DIRECTION('',(-0.740485690296,0.67207212594,0.));
#2392 = ADVANCED_FACE('',(#2393),#2411,.T.);
#2393 = FACE_BOUND('',#2394,.T.);
#2394 = EDGE_LOOP('',(#2395,#2403,#2409,#2410));
#2395 = ORIENTED_EDGE('',*,*,#2396,.F.);
#2396 = EDGE_CURVE('',#2397,#539,#2399,.T.);
#2397 = VERTEX_POINT('',#2398);
#2398 = CARTESIAN_POINT('',(16.178363800049,65.854103088379,0.));
#2399 = LINE('',#2400,#2401);
#2400 = CARTESIAN_POINT('',(16.178363800049,65.854103088379,0.));
#2401 = VECTOR('',#2402,1.);
#2402 = DIRECTION('',(0.,0.,1.));
#2403 = ORIENTED_EDGE('',*,*,#2404,.F.);
#2404 = EDGE_CURVE('',#2349,#2397,#2405,.T.);
#2405 = LINE('',#2406,#2407);
#2406 = CARTESIAN_POINT('',(15.95857334137,64.938606262207,0.));
#2407 = VECTOR('',#2408,1.);
#2408 = DIRECTION('',(0.23344447682,0.972370133356,0.));
#2409 = ORIENTED_EDGE('',*,*,#2348,.T.);
#2410 = ORIENTED_EDGE('',*,*,#546,.F.);
#2411 = PLANE('',#2412);
#2412 = AXIS2_PLACEMENT_3D('',#2413,#2414,#2415);
#2413 = CARTESIAN_POINT('',(16.068468570709,65.396354675293,8.));
#2414 = DIRECTION('',(-0.972370133356,0.23344447682,0.));
#2415 = DIRECTION('',(-0.23344447682,-0.972370133356,0.));
#2416 = ADVANCED_FACE('',(#2417),#2435,.T.);
#2417 = FACE_BOUND('',#2418,.T.);
#2418 = EDGE_LOOP('',(#2419,#2427,#2428,#2429));
#2419 = ORIENTED_EDGE('',*,*,#2420,.F.);
#2420 = EDGE_CURVE('',#155,#2421,#2423,.T.);
#2421 = VERTEX_POINT('',#2422);
#2422 = CARTESIAN_POINT('',(36.902965545654,29.005121231079,0.));
#2423 = LINE('',#2424,#2425);
#2424 = CARTESIAN_POINT('',(36.902965545654,29.005121231079,16.));
#2425 = VECTOR('',#2426,1.);
#2426 = DIRECTION('',(0.,0.,-1.));
#2427 = ORIENTED_EDGE('',*,*,#154,.F.);
#2428 = ORIENTED_EDGE('',*,*,#2372,.F.);
#2429 = ORIENTED_EDGE('',*,*,#2430,.F.);
#2430 = EDGE_CURVE('',#2421,#2373,#2431,.T.);
#2431 = LINE('',#2432,#2433);
#2432 = CARTESIAN_POINT('',(36.902965545654,29.005121231079,0.));
#2433 = VECTOR('',#2434,1.);
#2434 = DIRECTION('',(-0.346106820856,0.9381951122,0.));
#2435 = PLANE('',#2436);
#2436 = AXIS2_PLACEMENT_3D('',#2437,#2438,#2439);
#2437 = CARTESIAN_POINT('',(36.658529281616,29.66771697998,8.));
#2438 = DIRECTION('',(-0.9381951122,-0.346106820856,-0.));
#2439 = DIRECTION('',(0.346106820856,-0.9381951122,0.));
#2440 = ADVANCED_FACE('',(#2441),#2459,.T.);
#2441 = FACE_BOUND('',#2442,.T.);
#2442 = EDGE_LOOP('',(#2443,#2451,#2457,#2458));
#2443 = ORIENTED_EDGE('',*,*,#2444,.F.);
#2444 = EDGE_CURVE('',#2445,#531,#2447,.T.);
#2445 = VERTEX_POINT('',#2446);
#2446 = CARTESIAN_POINT('',(16.538661956787,66.723945617676,0.));
#2447 = LINE('',#2448,#2449);
#2448 = CARTESIAN_POINT('',(16.538661956787,66.723945617676,0.));
#2449 = VECTOR('',#2450,1.);
#2450 = DIRECTION('',(0.,0.,1.));
#2451 = ORIENTED_EDGE('',*,*,#2452,.F.);
#2452 = EDGE_CURVE('',#2397,#2445,#2453,.T.);
#2453 = LINE('',#2454,#2455);
#2454 = CARTESIAN_POINT('',(16.178363800049,65.854103088379,0.));
#2455 = VECTOR('',#2456,1.);
#2456 = DIRECTION('',(0.382681242045,0.923880439768,0.));
#2457 = ORIENTED_EDGE('',*,*,#2396,.T.);
#2458 = ORIENTED_EDGE('',*,*,#538,.F.);
#2459 = PLANE('',#2460);
#2460 = AXIS2_PLACEMENT_3D('',#2461,#2462,#2463);
#2461 = CARTESIAN_POINT('',(16.358512878418,66.289024353027,8.));
#2462 = DIRECTION('',(-0.923880439768,0.382681242045,0.));
#2463 = DIRECTION('',(-0.382681242045,-0.923880439768,0.));
#2464 = ADVANCED_FACE('',(#2465),#2483,.T.);
#2465 = FACE_BOUND('',#2466,.T.);
#2466 = EDGE_LOOP('',(#2467,#2475,#2476,#2477));
#2467 = ORIENTED_EDGE('',*,*,#2468,.F.);
#2468 = EDGE_CURVE('',#163,#2469,#2471,.T.);
#2469 = VERTEX_POINT('',#2470);
#2470 = CARTESIAN_POINT('',(37.200244903564,27.624267578125,0.));
#2471 = LINE('',#2472,#2473);
#2472 = CARTESIAN_POINT('',(37.200244903564,27.624267578125,16.));
#2473 = VECTOR('',#2474,1.);
#2474 = DIRECTION('',(0.,0.,-1.));
#2475 = ORIENTED_EDGE('',*,*,#162,.F.);
#2476 = ORIENTED_EDGE('',*,*,#2420,.T.);
#2477 = ORIENTED_EDGE('',*,*,#2478,.F.);
#2478 = EDGE_CURVE('',#2469,#2421,#2479,.T.);
#2479 = LINE('',#2480,#2481);
#2480 = CARTESIAN_POINT('',(37.200244903564,27.624267578125,0.));
#2481 = VECTOR('',#2482,1.);
#2482 = DIRECTION('',(-0.210464550378,0.97760148989,0.));
#2483 = PLANE('',#2484);
#2484 = AXIS2_PLACEMENT_3D('',#2485,#2486,#2487);
#2485 = CARTESIAN_POINT('',(37.051605224609,28.314694404602,8.));
#2486 = DIRECTION('',(-0.97760148989,-0.210464550378,-0.));
#2487 = DIRECTION('',(0.210464550378,-0.97760148989,0.));
#2488 = ADVANCED_FACE('',(#2489),#2507,.T.);
#2489 = FACE_BOUND('',#2490,.T.);
#2490 = EDGE_LOOP('',(#2491,#2499,#2505,#2506));
#2491 = ORIENTED_EDGE('',*,*,#2492,.F.);
#2492 = EDGE_CURVE('',#2493,#523,#2495,.T.);
#2493 = VERTEX_POINT('',#2494);
#2494 = CARTESIAN_POINT('',(17.030599594116,67.526710510254,0.));
#2495 = LINE('',#2496,#2497);
#2496 = CARTESIAN_POINT('',(17.030599594116,67.526710510254,0.));
#2497 = VECTOR('',#2498,1.);
#2498 = DIRECTION('',(0.,0.,1.));
#2499 = ORIENTED_EDGE('',*,*,#2500,.F.);
#2500 = EDGE_CURVE('',#2445,#2493,#2501,.T.);
#2501 = LINE('',#2502,#2503);
#2502 = CARTESIAN_POINT('',(16.538661956787,66.723945617676,0.));
#2503 = VECTOR('',#2504,1.);
#2504 = DIRECTION('',(0.522500632924,0.852638896951,0.));
#2505 = ORIENTED_EDGE('',*,*,#2444,.T.);
#2506 = ORIENTED_EDGE('',*,*,#530,.F.);
#2507 = PLANE('',#2508);
#2508 = AXIS2_PLACEMENT_3D('',#2509,#2510,#2511);
#2509 = CARTESIAN_POINT('',(16.784630775452,67.125328063965,8.));
#2510 = DIRECTION('',(-0.852638896951,0.522500632924,0.));
#2511 = DIRECTION('',(-0.522500632924,-0.852638896951,0.));
#2512 = ADVANCED_FACE('',(#2513),#2531,.T.);
#2513 = FACE_BOUND('',#2514,.T.);
#2514 = EDGE_LOOP('',(#2515,#2523,#2524,#2525));
#2515 = ORIENTED_EDGE('',*,*,#2516,.F.);
#2516 = EDGE_CURVE('',#171,#2517,#2519,.T.);
#2517 = VERTEX_POINT('',#2518);
#2518 = CARTESIAN_POINT('',(37.300003051758,26.215303421021,0.));
#2519 = LINE('',#2520,#2521);
#2520 = CARTESIAN_POINT('',(37.300003051758,26.215303421021,16.));
#2521 = VECTOR('',#2522,1.);
#2522 = DIRECTION('',(0.,0.,-1.));
#2523 = ORIENTED_EDGE('',*,*,#170,.F.);
#2524 = ORIENTED_EDGE('',*,*,#2468,.T.);
#2525 = ORIENTED_EDGE('',*,*,#2526,.F.);
#2526 = EDGE_CURVE('',#2517,#2469,#2527,.T.);
#2527 = LINE('',#2528,#2529);
#2528 = CARTESIAN_POINT('',(37.300003051758,26.215303421021,0.));
#2529 = VECTOR('',#2530,1.);
#2530 = DIRECTION('',(-7.062567245854E-02,0.997502889414,0.));
#2531 = PLANE('',#2532);
#2532 = AXIS2_PLACEMENT_3D('',#2533,#2534,#2535);
#2533 = CARTESIAN_POINT('',(37.250123977661,26.919785499573,8.));
#2534 = DIRECTION('',(-0.997502889414,-7.062567245854E-02,-0.));
#2535 = DIRECTION('',(7.062567245854E-02,-0.997502889414,0.));
#2536 = ADVANCED_FACE('',(#2537),#2555,.T.);
#2537 = FACE_BOUND('',#2538,.T.);
#2538 = EDGE_LOOP('',(#2539,#2547,#2553,#2554));
#2539 = ORIENTED_EDGE('',*,*,#2540,.F.);
#2540 = EDGE_CURVE('',#2541,#515,#2543,.T.);
#2541 = VERTEX_POINT('',#2542);
#2542 = CARTESIAN_POINT('',(17.642061233521,68.242637634277,0.));
#2543 = LINE('',#2544,#2545);
#2544 = CARTESIAN_POINT('',(17.642061233521,68.242637634277,0.));
#2545 = VECTOR('',#2546,1.);
#2546 = DIRECTION('',(0.,0.,1.));
#2547 = ORIENTED_EDGE('',*,*,#2548,.F.);
#2548 = EDGE_CURVE('',#2493,#2541,#2549,.T.);
#2549 = LINE('',#2550,#2551);
#2550 = CARTESIAN_POINT('',(17.030599594116,67.526710510254,0.));
#2551 = VECTOR('',#2552,1.);
#2552 = DIRECTION('',(0.649449344518,0.760404858549,0.));
#2553 = ORIENTED_EDGE('',*,*,#2492,.T.);
#2554 = ORIENTED_EDGE('',*,*,#522,.F.);
#2555 = PLANE('',#2556);
#2556 = AXIS2_PLACEMENT_3D('',#2557,#2558,#2559);
#2557 = CARTESIAN_POINT('',(17.336330413818,67.884674072266,8.));
#2558 = DIRECTION('',(-0.760404858549,0.649449344518,0.));
#2559 = DIRECTION('',(-0.649449344518,-0.760404858549,0.));
#2560 = ADVANCED_FACE('',(#2561,#2739),#3045,.T.);
#2561 = FACE_BOUND('',#2562,.T.);
#2562 = EDGE_LOOP('',(#2563,#2564,#2572,#2580,#2588,#2596,#2604,#2612,
    #2620,#2628,#2636,#2644,#2652,#2660,#2668,#2676,#2684,#2692,#2700,
    #2708,#2716,#2724,#2732,#2738));
#2563 = ORIENTED_EDGE('',*,*,#2516,.T.);
#2564 = ORIENTED_EDGE('',*,*,#2565,.T.);
#2565 = EDGE_CURVE('',#2517,#2566,#2568,.T.);
#2566 = VERTEX_POINT('',#2567);
#2567 = CARTESIAN_POINT('',(37.300003051758,5.,4.336808689942E-16));
#2568 = LINE('',#2569,#2570);
#2569 = CARTESIAN_POINT('',(37.300003051758,26.215303421021,0.));
#2570 = VECTOR('',#2571,1.);
#2571 = DIRECTION('',(0.,-1.,0.));
#2572 = ORIENTED_EDGE('',*,*,#2573,.T.);
#2573 = EDGE_CURVE('',#2566,#2574,#2576,.T.);
#2574 = VERTEX_POINT('',#2575);
#2575 = CARTESIAN_POINT('',(37.300003051758,4.217827796936,
    6.155829876661E-02));
#2576 = LINE('',#2577,#2578);
#2577 = CARTESIAN_POINT('',(37.300003051758,5.,0.));
#2578 = VECTOR('',#2579,1.);
#2579 = DIRECTION('',(0.,-0.996917332601,7.84591101109E-02));
#2580 = ORIENTED_EDGE('',*,*,#2581,.T.);
#2581 = EDGE_CURVE('',#2574,#2582,#2584,.T.);
#2582 = VERTEX_POINT('',#2583);
#2583 = CARTESIAN_POINT('',(37.300003051758,3.454915046692,
    0.244717404246));
#2584 = LINE('',#2585,#2586);
#2585 = CARTESIAN_POINT('',(37.300003051758,4.217827796936,
    6.155829876661E-02));
#2586 = VECTOR('',#2587,1.);
#2587 = DIRECTION('',(0.,-0.972369932226,0.233445314585));
#2588 = ORIENTED_EDGE('',*,*,#2589,.T.);
#2589 = EDGE_CURVE('',#2582,#2590,#2592,.T.);
#2590 = VERTEX_POINT('',#2591);
#2591 = CARTESIAN_POINT('',(37.300003051758,2.730047464371,
    0.544967353344));
#2592 = LINE('',#2593,#2594);
#2593 = CARTESIAN_POINT('',(37.300003051758,3.454915046692,
    0.244717404246));
#2594 = VECTOR('',#2595,1.);
#2595 = DIRECTION('',(0.,-0.923879548024,0.382683394915));
#2596 = ORIENTED_EDGE('',*,*,#2597,.T.);
#2597 = EDGE_CURVE('',#2590,#2598,#2600,.T.);
#2598 = VERTEX_POINT('',#2599);
#2599 = CARTESIAN_POINT('',(37.300003051758,2.06107378006,0.954914987087
    ));
#2600 = LINE('',#2601,#2602);
#2601 = CARTESIAN_POINT('',(37.300003051758,2.730047464371,
    0.544967353344));
#2602 = VECTOR('',#2603,1.);
#2603 = DIRECTION('',(0.,-0.852640145757,0.522498595064));
#2604 = ORIENTED_EDGE('',*,*,#2605,.T.);
#2605 = EDGE_CURVE('',#2598,#2606,#2608,.T.);
#2606 = VERTEX_POINT('',#2607);
#2607 = CARTESIAN_POINT('',(37.300003051758,1.464466094971,
    1.464466094971));
#2608 = LINE('',#2609,#2610);
#2609 = CARTESIAN_POINT('',(37.300003051758,2.06107378006,0.954914987087
    ));
#2610 = VECTOR('',#2611,1.);
#2611 = DIRECTION('',(0.,-0.760405961037,0.649448053673));
#2612 = ORIENTED_EDGE('',*,*,#2613,.T.);
#2613 = EDGE_CURVE('',#2606,#2614,#2616,.T.);
#2614 = VERTEX_POINT('',#2615);
#2615 = CARTESIAN_POINT('',(37.300003051758,0.954914987087,2.06107378006
    ));
#2616 = LINE('',#2617,#2618);
#2617 = CARTESIAN_POINT('',(37.300003051758,1.464466094971,
    1.464466094971));
#2618 = VECTOR('',#2619,1.);
#2619 = DIRECTION('',(0.,-0.649448053673,0.760405961037));
#2620 = ORIENTED_EDGE('',*,*,#2621,.T.);
#2621 = EDGE_CURVE('',#2614,#2622,#2624,.T.);
#2622 = VERTEX_POINT('',#2623);
#2623 = CARTESIAN_POINT('',(37.300003051758,0.544967353344,
    2.730047464371));
#2624 = LINE('',#2625,#2626);
#2625 = CARTESIAN_POINT('',(37.300003051758,0.954914987087,2.06107378006
    ));
#2626 = VECTOR('',#2627,1.);
#2627 = DIRECTION('',(0.,-0.522498595064,0.852640145757));
#2628 = ORIENTED_EDGE('',*,*,#2629,.T.);
#2629 = EDGE_CURVE('',#2622,#2630,#2632,.T.);
#2630 = VERTEX_POINT('',#2631);
#2631 = CARTESIAN_POINT('',(37.300003051758,0.244717404246,
    3.454915046692));
#2632 = LINE('',#2633,#2634);
#2633 = CARTESIAN_POINT('',(37.300003051758,0.544967353344,
    2.730047464371));
#2634 = VECTOR('',#2635,1.);
#2635 = DIRECTION('',(0.,-0.382683394915,0.923879548024));
#2636 = ORIENTED_EDGE('',*,*,#2637,.T.);
#2637 = EDGE_CURVE('',#2630,#2638,#2640,.T.);
#2638 = VERTEX_POINT('',#2639);
#2639 = CARTESIAN_POINT('',(37.300003051758,6.155829876661E-02,
    4.217827796936));
#2640 = LINE('',#2641,#2642);
#2641 = CARTESIAN_POINT('',(37.300003051758,0.244717404246,
    3.454915046692));
#2642 = VECTOR('',#2643,1.);
#2643 = DIRECTION('',(0.,-0.233445314585,0.972369932226));
#2644 = ORIENTED_EDGE('',*,*,#2645,.T.);
#2645 = EDGE_CURVE('',#2638,#2646,#2648,.T.);
#2646 = VERTEX_POINT('',#2647);
#2647 = CARTESIAN_POINT('',(37.300003051758,1.530808499557E-16,5.));
#2648 = LINE('',#2649,#2650);
#2649 = CARTESIAN_POINT('',(37.300003051758,6.155829876661E-02,
    4.217827796936));
#2650 = VECTOR('',#2651,1.);
#2651 = DIRECTION('',(0.,-7.845911011089E-02,0.996917332601));
#2652 = ORIENTED_EDGE('',*,*,#2653,.F.);
#2653 = EDGE_CURVE('',#2654,#2646,#2656,.T.);
#2654 = VERTEX_POINT('',#2655);
#2655 = CARTESIAN_POINT('',(37.300003051758,1.530808499557E-16,11.));
#2656 = LINE('',#2657,#2658);
#2657 = CARTESIAN_POINT('',(37.300003051758,0.,11.));
#2658 = VECTOR('',#2659,1.);
#2659 = DIRECTION('',(0.,0.,-1.));
#2660 = ORIENTED_EDGE('',*,*,#2661,.T.);
#2661 = EDGE_CURVE('',#2654,#2662,#2664,.T.);
#2662 = VERTEX_POINT('',#2663);
#2663 = CARTESIAN_POINT('',(37.300003051758,6.155829876661E-02,
    11.782172203064));
#2664 = LINE('',#2665,#2666);
#2665 = CARTESIAN_POINT('',(37.300003051758,3.061616999114E-16,11.));
#2666 = VECTOR('',#2667,1.);
#2667 = DIRECTION('',(0.,7.845911011089E-02,0.996917332601));
#2668 = ORIENTED_EDGE('',*,*,#2669,.T.);
#2669 = EDGE_CURVE('',#2662,#2670,#2672,.T.);
#2670 = VERTEX_POINT('',#2671);
#2671 = CARTESIAN_POINT('',(37.300003051758,0.244717404246,
    12.545084953308));
#2672 = LINE('',#2673,#2674);
#2673 = CARTESIAN_POINT('',(37.300003051758,6.155829876661E-02,
    11.782172203064));
#2674 = VECTOR('',#2675,1.);
#2675 = DIRECTION('',(0.,0.233445314585,0.972369932226));
#2676 = ORIENTED_EDGE('',*,*,#2677,.T.);
#2677 = EDGE_CURVE('',#2670,#2678,#2680,.T.);
#2678 = VERTEX_POINT('',#2679);
#2679 = CARTESIAN_POINT('',(37.300003051758,0.544967353344,
    13.269952774048));
#2680 = LINE('',#2681,#2682);
#2681 = CARTESIAN_POINT('',(37.300003051758,0.244717404246,
    12.545084953308));
#2682 = VECTOR('',#2683,1.);
#2683 = DIRECTION('',(0.,0.382683287478,0.923879592525));
#2684 = ORIENTED_EDGE('',*,*,#2685,.T.);
#2685 = EDGE_CURVE('',#2678,#2686,#2688,.T.);
#2686 = VERTEX_POINT('',#2687);
#2687 = CARTESIAN_POINT('',(37.300003051758,0.954914987087,
    13.938925743103));
#2688 = LINE('',#2689,#2690);
#2689 = CARTESIAN_POINT('',(37.300003051758,0.544967353344,
    13.269952774048));
#2690 = VECTOR('',#2691,1.);
#2691 = DIRECTION('',(0.,0.522499001198,0.852639896877));
#2692 = ORIENTED_EDGE('',*,*,#2693,.T.);
#2693 = EDGE_CURVE('',#2686,#2694,#2696,.T.);
#2694 = VERTEX_POINT('',#2695);
#2695 = CARTESIAN_POINT('',(37.300003051758,1.464466094971,
    14.535533905029));
#2696 = LINE('',#2697,#2698);
#2697 = CARTESIAN_POINT('',(37.300003051758,0.954914987087,
    13.938925743103));
#2698 = VECTOR('',#2699,1.);
#2699 = DIRECTION('',(0.,0.649447753538,0.760406217376));
#2700 = ORIENTED_EDGE('',*,*,#2701,.T.);
#2701 = EDGE_CURVE('',#2694,#2702,#2704,.T.);
#2702 = VERTEX_POINT('',#2703);
#2703 = CARTESIAN_POINT('',(37.300003051758,2.06107378006,
    15.045084953308));
#2704 = LINE('',#2705,#2706);
#2705 = CARTESIAN_POINT('',(37.300003051758,1.464466094971,
    14.535533905029));
#2706 = VECTOR('',#2707,1.);
#2707 = DIRECTION('',(0.,0.760405998554,0.649448009746));
#2708 = ORIENTED_EDGE('',*,*,#2709,.T.);
#2709 = EDGE_CURVE('',#2702,#2710,#2712,.T.);
#2710 = VERTEX_POINT('',#2711);
#2711 = CARTESIAN_POINT('',(37.300003051758,2.730047464371,
    15.455032348633));
#2712 = LINE('',#2713,#2714);
#2713 = CARTESIAN_POINT('',(37.300003051758,2.06107378006,
    15.045084953308));
#2714 = VECTOR('',#2715,1.);
#2715 = DIRECTION('',(0.,0.852640281134,0.522498374148));
#2716 = ORIENTED_EDGE('',*,*,#2717,.T.);
#2717 = EDGE_CURVE('',#2710,#2718,#2720,.T.);
#2718 = VERTEX_POINT('',#2719);
#2719 = CARTESIAN_POINT('',(37.300003051758,3.454915046692,
    15.755282402039));
#2720 = LINE('',#2721,#2722);
#2721 = CARTESIAN_POINT('',(37.300003051758,2.730047464371,
    15.455032348633));
#2722 = VECTOR('',#2723,1.);
#2723 = DIRECTION('',(0.,0.92387950102,0.382683508391));
#2724 = ORIENTED_EDGE('',*,*,#2725,.T.);
#2725 = EDGE_CURVE('',#2718,#2726,#2728,.T.);
#2726 = VERTEX_POINT('',#2727);
#2727 = CARTESIAN_POINT('',(37.300003051758,4.217827796936,
    15.938442230225));
#2728 = LINE('',#2729,#2730);
#2729 = CARTESIAN_POINT('',(37.300003051758,3.454915046692,
    15.755282402039));
#2730 = VECTOR('',#2731,1.);
#2731 = DIRECTION('',(0.,0.972369723135,0.233446185512));
#2732 = ORIENTED_EDGE('',*,*,#2733,.T.);
#2733 = EDGE_CURVE('',#2726,#179,#2734,.T.);
#2734 = LINE('',#2735,#2736);
#2735 = CARTESIAN_POINT('',(37.300003051758,4.217827796936,
    15.938442230225));
#2736 = VECTOR('',#2737,1.);
#2737 = DIRECTION('',(0.,0.996917385337,7.845844003567E-02));
#2738 = ORIENTED_EDGE('',*,*,#178,.T.);
#2739 = FACE_BOUND('',#2740,.T.);
#2740 = EDGE_LOOP('',(#2741,#2751,#2759,#2767,#2775,#2783,#2791,#2799,
    #2807,#2815,#2823,#2831,#2839,#2847,#2855,#2863,#2871,#2879,#2887,
    #2895,#2903,#2911,#2919,#2927,#2935,#2943,#2951,#2959,#2967,#2975,
    #2983,#2991,#2999,#3007,#3015,#3023,#3031,#3039));
#2741 = ORIENTED_EDGE('',*,*,#2742,.T.);
#2742 = EDGE_CURVE('',#2743,#2745,#2747,.T.);
#2743 = VERTEX_POINT('',#2744);
#2744 = CARTESIAN_POINT('',(37.300003051758,12.970527648926,
    5.247386455536));
#2745 = VERTEX_POINT('',#2746);
#2746 = CARTESIAN_POINT('',(37.300003051758,13.371417045593,
    6.042503356934));
#2747 = LINE('',#2748,#2749);
#2748 = CARTESIAN_POINT('',(37.300003051758,12.970527648926,
    5.247386455536));
#2749 = VECTOR('',#2750,1.);
#2750 = DIRECTION('',(0.,0.450203646512,0.892925907714));
#2751 = ORIENTED_EDGE('',*,*,#2752,.T.);
#2752 = EDGE_CURVE('',#2745,#2753,#2755,.T.);
#2753 = VERTEX_POINT('',#2754);
#2754 = CARTESIAN_POINT('',(37.300003051758,13.632164955139,
    6.893933773041));
#2755 = LINE('',#2756,#2757);
#2756 = CARTESIAN_POINT('',(37.300003051758,13.371417045593,
    6.042503356934));
#2757 = VECTOR('',#2758,1.);
#2758 = DIRECTION('',(0.,0.292823053969,0.956166648166));
#2759 = ORIENTED_EDGE('',*,*,#2760,.T.);
#2760 = EDGE_CURVE('',#2753,#2761,#2763,.T.);
#2761 = VERTEX_POINT('',#2762);
#2762 = CARTESIAN_POINT('',(37.300003051758,13.745269775391,
    7.777184009552));
#2763 = LINE('',#2764,#2765);
#2764 = CARTESIAN_POINT('',(37.300003051758,13.632164955139,
    6.893933773041));
#2765 = VECTOR('',#2766,1.);
#2766 = DIRECTION('',(0.,0.127018043761,0.991900406573));
#2767 = ORIENTED_EDGE('',*,*,#2768,.T.);
#2768 = EDGE_CURVE('',#2761,#2769,#2771,.T.);
#2769 = VERTEX_POINT('',#2770);
#2770 = CARTESIAN_POINT('',(37.300003051758,13.75,8.));
#2771 = LINE('',#2772,#2773);
#2772 = CARTESIAN_POINT('',(37.300003051758,13.745269775391,
    7.777184009552));
#2773 = VECTOR('',#2774,1.);
#2774 = DIRECTION('',(0.,2.122450478082E-02,0.999774734826));
#2775 = ORIENTED_EDGE('',*,*,#2776,.T.);
#2776 = EDGE_CURVE('',#2769,#2777,#2779,.T.);
#2777 = VERTEX_POINT('',#2778);
#2778 = CARTESIAN_POINT('',(37.300003051758,13.70747756958,
    8.666843414307));
#2779 = LINE('',#2780,#2781);
#2780 = CARTESIAN_POINT('',(37.300003051758,13.75,8.));
#2781 = VECTOR('',#2782,1.);
#2782 = DIRECTION('',(0.,-6.363748966678E-02,0.997973080754));
#2783 = ORIENTED_EDGE('',*,*,#2784,.T.);
#2784 = EDGE_CURVE('',#2777,#2785,#2787,.T.);
#2785 = VERTEX_POINT('',#2786);
#2786 = CARTESIAN_POINT('',(37.300003051758,13.519875526428,
    9.53731918335));
#2787 = LINE('',#2788,#2789);
#2788 = CARTESIAN_POINT('',(37.300003051758,13.70747756958,
    8.666843414307));
#2789 = VECTOR('',#2790,1.);
#2790 = DIRECTION('',(0.,-0.210679446248,0.977555200962));
#2791 = ORIENTED_EDGE('',*,*,#2792,.T.);
#2792 = EDGE_CURVE('',#2785,#2793,#2795,.T.);
#2793 = VERTEX_POINT('',#2794);
#2794 = CARTESIAN_POINT('',(37.300003051758,13.187861442566,
    10.363569259644));
#2795 = LINE('',#2796,#2797);
#2796 = CARTESIAN_POINT('',(37.300003051758,13.519875526428,
    9.53731918335));
#2797 = VECTOR('',#2798,1.);
#2798 = DIRECTION('',(0.,-0.372855990225,0.927889223212));
#2799 = ORIENTED_EDGE('',*,*,#2800,.T.);
#2800 = EDGE_CURVE('',#2793,#2801,#2803,.T.);
#2801 = VERTEX_POINT('',#2802);
#2802 = CARTESIAN_POINT('',(37.300003051758,12.720985412598,
    11.121824264526));
#2803 = LINE('',#2804,#2805);
#2804 = CARTESIAN_POINT('',(37.300003051758,13.187861442566,
    10.363569259644));
#2805 = VECTOR('',#2806,1.);
#2806 = DIRECTION('',(0.,-0.524307208368,0.851529184029));
#2807 = ORIENTED_EDGE('',*,*,#2808,.T.);
#2808 = EDGE_CURVE('',#2801,#2809,#2811,.T.);
#2809 = VERTEX_POINT('',#2810);
#2810 = CARTESIAN_POINT('',(37.300003051758,12.132678985596,
    11.79026889801));
#2811 = LINE('',#2812,#2813);
#2812 = CARTESIAN_POINT('',(37.300003051758,12.720985412598,
    11.121824264526));
#2813 = VECTOR('',#2814,1.);
#2814 = DIRECTION('',(0.,-0.660675455484,0.750671660929));
#2815 = ORIENTED_EDGE('',*,*,#2816,.T.);
#2816 = EDGE_CURVE('',#2809,#2817,#2819,.T.);
#2817 = VERTEX_POINT('',#2818);
#2818 = CARTESIAN_POINT('',(37.300003051758,11.439867019653,
    12.349675178528));
#2819 = LINE('',#2820,#2821);
#2820 = CARTESIAN_POINT('',(37.300003051758,12.132678985596,
    11.79026889801));
#2821 = VECTOR('',#2822,1.);
#2822 = DIRECTION('',(0.,-0.778035926416,0.628219784157));
#2823 = ORIENTED_EDGE('',*,*,#2824,.T.);
#2824 = EDGE_CURVE('',#2817,#2825,#2827,.T.);
#2825 = VERTEX_POINT('',#2826);
#2826 = CARTESIAN_POINT('',(37.300003051758,10.662481307983,
    12.783948898315));
#2827 = LINE('',#2828,#2829);
#2828 = CARTESIAN_POINT('',(37.300003051758,11.439867019653,
    12.349675178528));
#2829 = VECTOR('',#2830,1.);
#2830 = DIRECTION('',(0.,-0.873014110217,0.487694949084));
#2831 = ORIENTED_EDGE('',*,*,#2832,.T.);
#2832 = EDGE_CURVE('',#2825,#2833,#2835,.T.);
#2833 = VERTEX_POINT('',#2834);
#2834 = CARTESIAN_POINT('',(37.300003051758,9.822884559631,
    13.080597877502));
#2835 = LINE('',#2836,#2837);
#2836 = CARTESIAN_POINT('',(37.300003051758,10.662481307983,
    12.783948898315));
#2837 = VECTOR('',#2838,1.);
#2838 = DIRECTION('',(0.,-0.942877242208,0.333140370003));
#2839 = ORIENTED_EDGE('',*,*,#2840,.T.);
#2840 = EDGE_CURVE('',#2833,#2841,#2843,.T.);
#2841 = VERTEX_POINT('',#2842);
#2842 = CARTESIAN_POINT('',(37.300003051758,8.945231437683,
    13.231086730957));
#2843 = LINE('',#2844,#2845);
#2844 = CARTESIAN_POINT('',(37.300003051758,9.822884559631,
    13.080597877502));
#2845 = VECTOR('',#2846,1.);
#2846 = DIRECTION('',(0.,-0.985615889333,0.169000942882));
#2847 = ORIENTED_EDGE('',*,*,#2848,.T.);
#2848 = EDGE_CURVE('',#2841,#2849,#2851,.T.);
#2849 = VERTEX_POINT('',#2850);
#2850 = CARTESIAN_POINT('',(37.300003051758,8.054768562317,
    13.231086730957));
#2851 = LINE('',#2852,#2853);
#2852 = CARTESIAN_POINT('',(37.300003051758,8.945231437683,
    13.231086730957));
#2853 = VECTOR('',#2854,1.);
#2854 = DIRECTION('',(0.,-1.,0.));
#2855 = ORIENTED_EDGE('',*,*,#2856,.T.);
#2856 = EDGE_CURVE('',#2849,#2857,#2859,.T.);
#2857 = VERTEX_POINT('',#2858);
#2858 = CARTESIAN_POINT('',(37.300003051758,7.177114963531,
    13.080597877502));
#2859 = LINE('',#2860,#2861);
#2860 = CARTESIAN_POINT('',(37.300003051758,8.054768562317,
    13.231086730957));
#2861 = VECTOR('',#2862,1.);
#2862 = DIRECTION('',(0.,-0.985615904627,-0.169000853684));
#2863 = ORIENTED_EDGE('',*,*,#2864,.T.);
#2864 = EDGE_CURVE('',#2857,#2865,#2867,.T.);
#2865 = VERTEX_POINT('',#2866);
#2866 = CARTESIAN_POINT('',(37.300003051758,6.337518215179,
    12.783948898315));
#2867 = LINE('',#2868,#2869);
#2868 = CARTESIAN_POINT('',(37.300003051758,7.177114963531,
    13.080597877502));
#2869 = VECTOR('',#2870,1.);
#2870 = DIRECTION('',(0.,-0.942877242208,-0.333140370003));
#2871 = ORIENTED_EDGE('',*,*,#2872,.T.);
#2872 = EDGE_CURVE('',#2865,#2873,#2875,.T.);
#2873 = VERTEX_POINT('',#2874);
#2874 = CARTESIAN_POINT('',(37.300003051758,5.560132026672,
    12.349675178528));
#2875 = LINE('',#2876,#2877);
#2876 = CARTESIAN_POINT('',(37.300003051758,6.337518215179,
    12.783948898315));
#2877 = VECTOR('',#2878,1.);
#2878 = DIRECTION('',(0.,-0.873014237583,-0.487694721089));
#2879 = ORIENTED_EDGE('',*,*,#2880,.T.);
#2880 = EDGE_CURVE('',#2873,#2881,#2883,.T.);
#2881 = VERTEX_POINT('',#2882);
#2882 = CARTESIAN_POINT('',(37.300003051758,4.867321014404,
    11.79026889801));
#2883 = LINE('',#2884,#2885);
#2884 = CARTESIAN_POINT('',(37.300003051758,5.560132026672,
    12.349675178528));
#2885 = VECTOR('',#2886,1.);
#2886 = DIRECTION('',(0.,-0.77803550374,-0.628220307632));
#2887 = ORIENTED_EDGE('',*,*,#2888,.T.);
#2888 = EDGE_CURVE('',#2881,#2889,#2891,.T.);
#2889 = VERTEX_POINT('',#2890);
#2890 = CARTESIAN_POINT('',(37.300003051758,4.27901506424,
    11.121824264526));
#2891 = LINE('',#2892,#2893);
#2892 = CARTESIAN_POINT('',(37.300003051758,4.867321014404,
    11.79026889801));
#2893 = VECTOR('',#2894,1.);
#2894 = DIRECTION('',(0.,-0.660675153728,-0.750671926507));
#2895 = ORIENTED_EDGE('',*,*,#2896,.T.);
#2896 = EDGE_CURVE('',#2889,#2897,#2899,.T.);
#2897 = VERTEX_POINT('',#2898);
#2898 = CARTESIAN_POINT('',(37.300003051758,3.81213927269,
    10.363569259644));
#2899 = LINE('',#2900,#2901);
#2900 = CARTESIAN_POINT('',(37.300003051758,4.27901506424,
    11.121824264526));
#2901 = VECTOR('',#2902,1.);
#2902 = DIRECTION('',(0.,-0.524307014225,-0.851529303568));
#2903 = ORIENTED_EDGE('',*,*,#2904,.T.);
#2904 = EDGE_CURVE('',#2897,#2905,#2907,.T.);
#2905 = VERTEX_POINT('',#2906);
#2906 = CARTESIAN_POINT('',(37.300003051758,3.48012471199,9.53731918335)
  );
#2907 = LINE('',#2908,#2909);
#2908 = CARTESIAN_POINT('',(37.300003051758,3.81213927269,
    10.363569259644));
#2909 = VECTOR('',#2910,1.);
#2910 = DIRECTION('',(0.,-0.372856451274,-0.927889037948));
#2911 = ORIENTED_EDGE('',*,*,#2912,.T.);
#2912 = EDGE_CURVE('',#2905,#2913,#2915,.T.);
#2913 = VERTEX_POINT('',#2914);
#2914 = CARTESIAN_POINT('',(37.300003051758,3.292522668839,
    8.666843414307));
#2915 = LINE('',#2916,#2917);
#2916 = CARTESIAN_POINT('',(37.300003051758,3.48012471199,9.53731918335)
  );
#2917 = VECTOR('',#2918,1.);
#2918 = DIRECTION('',(0.,-0.210679446248,-0.977555200962));
#2919 = ORIENTED_EDGE('',*,*,#2920,.T.);
#2920 = EDGE_CURVE('',#2913,#2921,#2923,.T.);
#2921 = VERTEX_POINT('',#2922);
#2922 = CARTESIAN_POINT('',(37.300003051758,3.254730463028,
    7.777184009552));
#2923 = LINE('',#2924,#2925);
#2924 = CARTESIAN_POINT('',(37.300003051758,3.292522668839,
    8.666843414307));
#2925 = VECTOR('',#2926,1.);
#2926 = DIRECTION('',(0.,-4.244113383781E-02,-0.999098969151));
#2927 = ORIENTED_EDGE('',*,*,#2928,.T.);
#2928 = EDGE_CURVE('',#2921,#2929,#2931,.T.);
#2929 = VERTEX_POINT('',#2930);
#2930 = CARTESIAN_POINT('',(37.300003051758,3.367835044861,
    6.893933773041));
#2931 = LINE('',#2932,#2933);
#2932 = CARTESIAN_POINT('',(37.300003051758,3.254730463028,
    7.777184009552));
#2933 = VECTOR('',#2934,1.);
#2934 = DIRECTION('',(0.,0.127017780333,-0.991900440306));
#2935 = ORIENTED_EDGE('',*,*,#2936,.T.);
#2936 = EDGE_CURVE('',#2929,#2937,#2939,.T.);
#2937 = VERTEX_POINT('',#2938);
#2938 = CARTESIAN_POINT('',(37.300003051758,3.628582715988,
    6.042503356934));
#2939 = LINE('',#2940,#2941);
#2940 = CARTESIAN_POINT('',(37.300003051758,3.367835044861,
    6.893933773041));
#2941 = VECTOR('',#2942,1.);
#2942 = DIRECTION('',(0.,0.29282280918,-0.956166723131));
#2943 = ORIENTED_EDGE('',*,*,#2944,.T.);
#2944 = EDGE_CURVE('',#2937,#2945,#2947,.T.);
#2945 = VERTEX_POINT('',#2946);
#2946 = CARTESIAN_POINT('',(37.300003051758,4.029471874237,
    5.247386455536));
#2947 = LINE('',#2948,#2949);
#2948 = CARTESIAN_POINT('',(37.300003051758,3.628582715988,
    6.042503356934));
#2949 = VECTOR('',#2950,1.);
#2950 = DIRECTION('',(0.,0.450203433033,-0.892926015348));
#2951 = ORIENTED_EDGE('',*,*,#2952,.T.);
#2952 = EDGE_CURVE('',#2945,#2953,#2955,.T.);
#2953 = VERTEX_POINT('',#2954);
#2954 = CARTESIAN_POINT('',(37.300003051758,4.558970451355,
    4.531457424164));
#2955 = LINE('',#2956,#2957);
#2956 = CARTESIAN_POINT('',(37.300003051758,4.029471874237,
    5.247386455536));
#2957 = VECTOR('',#2958,1.);
#2958 = DIRECTION('',(0.,0.594633341176,-0.803997008428));
#2959 = ORIENTED_EDGE('',*,*,#2960,.T.);
#2960 = EDGE_CURVE('',#2953,#2961,#2963,.T.);
#2961 = VERTEX_POINT('',#2962);
#2962 = CARTESIAN_POINT('',(37.300003051758,5.201845169067,
    3.915312290192));
#2963 = LINE('',#2964,#2965);
#2964 = CARTESIAN_POINT('',(37.300003051758,4.558970451355,
    4.531457424164));
#2965 = VECTOR('',#2966,1.);
#2966 = DIRECTION('',(0.,0.72195630441,-0.691938649393));
#2967 = ORIENTED_EDGE('',*,*,#2968,.T.);
#2968 = EDGE_CURVE('',#2961,#2969,#2971,.T.);
#2969 = VERTEX_POINT('',#2970);
#2970 = CARTESIAN_POINT('',(37.300003051758,5.939601421356,
    3.416675806046));
#2971 = LINE('',#2972,#2973);
#2972 = CARTESIAN_POINT('',(37.300003051758,5.201845169067,
    3.915312290192));
#2973 = VECTOR('',#2974,1.);
#2974 = DIRECTION('',(0.,0.828509498957,-0.559975008494));
#2975 = ORIENTED_EDGE('',*,*,#2976,.T.);
#2976 = EDGE_CURVE('',#2969,#2977,#2979,.T.);
#2977 = VERTEX_POINT('',#2978);
#2978 = CARTESIAN_POINT('',(37.300003051758,6.751016139984,
    3.049893379211));
#2979 = LINE('',#2980,#2981);
#2980 = CARTESIAN_POINT('',(37.300003051758,5.939601421356,
    3.416675806046));
#2981 = VECTOR('',#2982,1.);
#2982 = DIRECTION('',(0.,0.911228554381,-0.411901106676));
#2983 = ORIENTED_EDGE('',*,*,#2984,.T.);
#2984 = EDGE_CURVE('',#2977,#2985,#2987,.T.);
#2985 = VERTEX_POINT('',#2986);
#2986 = CARTESIAN_POINT('',(37.300003051758,7.612745761871,
    2.825516462326));
#2987 = LINE('',#2988,#2989);
#2988 = CARTESIAN_POINT('',(37.300003051758,6.751016139984,
    3.049893379211));
#2989 = VECTOR('',#2990,1.);
#2990 = DIRECTION('',(0.,0.967732953883,-0.251978034694));
#2991 = ORIENTED_EDGE('',*,*,#2992,.T.);
#2992 = EDGE_CURVE('',#2985,#2993,#2995,.T.);
#2993 = VERTEX_POINT('',#2994);
#2994 = CARTESIAN_POINT('',(37.300003051758,8.5,2.75));
#2995 = LINE('',#2996,#2997);
#2996 = CARTESIAN_POINT('',(37.300003051758,7.612745761871,
    2.825516462326));
#2997 = VECTOR('',#2998,1.);
#2998 = DIRECTION('',(0.,0.996397488781,-8.480592167359E-02));
#2999 = ORIENTED_EDGE('',*,*,#3000,.T.);
#3000 = EDGE_CURVE('',#2993,#3001,#3003,.T.);
#3001 = VERTEX_POINT('',#3002);
#3002 = CARTESIAN_POINT('',(37.300003051758,9.387254714966,
    2.825516462326));
#3003 = LINE('',#3004,#3005);
#3004 = CARTESIAN_POINT('',(37.300003051758,8.5,2.75));
#3005 = VECTOR('',#3006,1.);
#3006 = DIRECTION('',(0.,0.996397492632,8.480587642415E-02));
#3007 = ORIENTED_EDGE('',*,*,#3008,.T.);
#3008 = EDGE_CURVE('',#3001,#3009,#3011,.T.);
#3009 = VERTEX_POINT('',#3010);
#3010 = CARTESIAN_POINT('',(37.300003051758,10.248984336853,
    3.049893379211));
#3011 = LINE('',#3012,#3013);
#3012 = CARTESIAN_POINT('',(37.300003051758,9.387254714966,
    2.825516462326));
#3013 = VECTOR('',#3014,1.);
#3014 = DIRECTION('',(0.,0.967732953883,0.251978034694));
#3015 = ORIENTED_EDGE('',*,*,#3016,.T.);
#3016 = EDGE_CURVE('',#3009,#3017,#3019,.T.);
#3017 = VERTEX_POINT('',#3018);
#3018 = CARTESIAN_POINT('',(37.300003051758,11.060398101807,
    3.416675806046));
#3019 = LINE('',#3020,#3021);
#3020 = CARTESIAN_POINT('',(37.300003051758,10.248984336853,
    3.049893379211));
#3021 = VECTOR('',#3022,1.);
#3022 = DIRECTION('',(0.,0.911228372674,0.411901508657));
#3023 = ORIENTED_EDGE('',*,*,#3024,.T.);
#3024 = EDGE_CURVE('',#3017,#3025,#3027,.T.);
#3025 = VERTEX_POINT('',#3026);
#3026 = CARTESIAN_POINT('',(37.300003051758,11.798154830933,
    3.915312290192));
#3027 = LINE('',#3028,#3029);
#3028 = CARTESIAN_POINT('',(37.300003051758,11.060398101807,
    3.416675806046));
#3029 = VECTOR('',#3030,1.);
#3030 = DIRECTION('',(0.,0.828509666873,0.559974760054));
#3031 = ORIENTED_EDGE('',*,*,#3032,.T.);
#3032 = EDGE_CURVE('',#3025,#3033,#3035,.T.);
#3033 = VERTEX_POINT('',#3034);
#3034 = CARTESIAN_POINT('',(37.300003051758,12.441029548645,
    4.531457424164));
#3035 = LINE('',#3036,#3037);
#3036 = CARTESIAN_POINT('',(37.300003051758,11.798154830933,
    3.915312290192));
#3037 = VECTOR('',#3038,1.);
#3038 = DIRECTION('',(0.,0.72195630441,0.691938649393));
#3039 = ORIENTED_EDGE('',*,*,#3040,.T.);
#3040 = EDGE_CURVE('',#3033,#2743,#3041,.T.);
#3041 = LINE('',#3042,#3043);
#3042 = CARTESIAN_POINT('',(37.300003051758,12.441029548645,
    4.531457424164));
#3043 = VECTOR('',#3044,1.);
#3044 = DIRECTION('',(0.,0.594632995027,0.803997264439));
#3045 = PLANE('',#3046);
#3046 = AXIS2_PLACEMENT_3D('',#3047,#3048,#3049);
#3047 = CARTESIAN_POINT('',(37.300003051758,13.857546171351,
    7.999999998137));
#3048 = DIRECTION('',(-1.,-0.,-0.));
#3049 = DIRECTION('',(0.,0.,-1.));
#3050 = ADVANCED_FACE('',(#3051),#3069,.T.);
#3051 = FACE_BOUND('',#3052,.T.);
#3052 = EDGE_LOOP('',(#3053,#3061,#3067,#3068));
#3053 = ORIENTED_EDGE('',*,*,#3054,.F.);
#3054 = EDGE_CURVE('',#3055,#507,#3057,.T.);
#3055 = VERTEX_POINT('',#3056);
#3056 = CARTESIAN_POINT('',(18.357992172241,68.854103088379,0.));
#3057 = LINE('',#3058,#3059);
#3058 = CARTESIAN_POINT('',(18.357992172241,68.854103088379,0.));
#3059 = VECTOR('',#3060,1.);
#3060 = DIRECTION('',(0.,0.,1.));
#3061 = ORIENTED_EDGE('',*,*,#3062,.F.);
#3062 = EDGE_CURVE('',#2541,#3055,#3063,.T.);
#3063 = LINE('',#3064,#3065);
#3064 = CARTESIAN_POINT('',(17.642061233521,68.242637634277,0.));
#3065 = VECTOR('',#3066,1.);
#3066 = DIRECTION('',(0.760404566586,0.649449686361,0.));
#3067 = ORIENTED_EDGE('',*,*,#2540,.T.);
#3068 = ORIENTED_EDGE('',*,*,#514,.F.);
#3069 = PLANE('',#3070);
#3070 = AXIS2_PLACEMENT_3D('',#3071,#3072,#3073);
#3071 = CARTESIAN_POINT('',(18.000026702881,68.548370361328,8.));
#3072 = DIRECTION('',(-0.649449686361,0.760404566586,0.));
#3073 = DIRECTION('',(0.760404566586,0.649449686361,0.));
#3074 = ADVANCED_FACE('',(#3075),#3093,.T.);
#3075 = FACE_BOUND('',#3076,.T.);
#3076 = EDGE_LOOP('',(#3077,#3078,#3079,#3087));
#3077 = ORIENTED_EDGE('',*,*,#186,.F.);
#3078 = ORIENTED_EDGE('',*,*,#2733,.F.);
#3079 = ORIENTED_EDGE('',*,*,#3080,.T.);
#3080 = EDGE_CURVE('',#2726,#3081,#3083,.T.);
#3081 = VERTEX_POINT('',#3082);
#3082 = CARTESIAN_POINT('',(39.799999237061,4.217827796936,
    15.938442230225));
#3083 = LINE('',#3084,#3085);
#3084 = CARTESIAN_POINT('',(37.300003051758,4.217827796936,
    15.938442230225));
#3085 = VECTOR('',#3086,1.);
#3086 = DIRECTION('',(1.,0.,0.));
#3087 = ORIENTED_EDGE('',*,*,#3088,.F.);
#3088 = EDGE_CURVE('',#187,#3081,#3089,.T.);
#3089 = LINE('',#3090,#3091);
#3090 = CARTESIAN_POINT('',(39.799999237061,5.,16.));
#3091 = VECTOR('',#3092,1.);
#3092 = DIRECTION('',(0.,-0.996917385337,-7.845844003567E-02));
#3093 = PLANE('',#3094);
#3094 = AXIS2_PLACEMENT_3D('',#3095,#3096,#3097);
#3095 = CARTESIAN_POINT('',(38.550001144409,4.608913898468,
    15.969221115112));
#3096 = DIRECTION('',(0.,-7.845844003567E-02,0.996917385337));
#3097 = DIRECTION('',(0.,0.996917385337,7.845844003567E-02));
#3098 = ADVANCED_FACE('',(#3099),#3117,.T.);
#3099 = FACE_BOUND('',#3100,.T.);
#3100 = EDGE_LOOP('',(#3101,#3109,#3115,#3116));
#3101 = ORIENTED_EDGE('',*,*,#3102,.F.);
#3102 = EDGE_CURVE('',#3103,#499,#3105,.T.);
#3103 = VERTEX_POINT('',#3104);
#3104 = CARTESIAN_POINT('',(19.160760879517,69.346038818359,0.));
#3105 = LINE('',#3106,#3107);
#3106 = CARTESIAN_POINT('',(19.160760879517,69.346038818359,0.));
#3107 = VECTOR('',#3108,1.);
#3108 = DIRECTION('',(0.,0.,1.));
#3109 = ORIENTED_EDGE('',*,*,#3110,.F.);
#3110 = EDGE_CURVE('',#3055,#3103,#3111,.T.);
#3111 = LINE('',#3112,#3113);
#3112 = CARTESIAN_POINT('',(18.357992172241,68.854103088379,0.));
#3113 = VECTOR('',#3114,1.);
#3114 = DIRECTION('',(0.852640905605,0.522497355102,0.));
#3115 = ORIENTED_EDGE('',*,*,#3054,.T.);
#3116 = ORIENTED_EDGE('',*,*,#506,.F.);
#3117 = PLANE('',#3118);
#3118 = AXIS2_PLACEMENT_3D('',#3119,#3120,#3121);
#3119 = CARTESIAN_POINT('',(18.759376525879,69.100070953369,8.));
#3120 = DIRECTION('',(-0.522497355102,0.852640905605,0.));
#3121 = DIRECTION('',(0.852640905605,0.522497355102,0.));
#3122 = ADVANCED_FACE('',(#3123,#3301),#3599,.T.);
#3123 = FACE_BOUND('',#3124,.T.);
#3124 = EDGE_LOOP('',(#3125,#3133,#3134,#3135,#3143,#3151,#3159,#3167,
    #3175,#3183,#3191,#3199,#3207,#3215,#3223,#3231,#3239,#3247,#3255,
    #3263,#3271,#3279,#3287,#3295));
#3125 = ORIENTED_EDGE('',*,*,#3126,.T.);
#3126 = EDGE_CURVE('',#3127,#195,#3129,.T.);
#3127 = VERTEX_POINT('',#3128);
#3128 = CARTESIAN_POINT('',(39.799999237061,26.972244262695,0.));
#3129 = LINE('',#3130,#3131);
#3130 = CARTESIAN_POINT('',(39.799999237061,26.972244262695,0.));
#3131 = VECTOR('',#3132,1.);
#3132 = DIRECTION('',(0.,0.,1.));
#3133 = ORIENTED_EDGE('',*,*,#194,.T.);
#3134 = ORIENTED_EDGE('',*,*,#3088,.T.);
#3135 = ORIENTED_EDGE('',*,*,#3136,.T.);
#3136 = EDGE_CURVE('',#3081,#3137,#3139,.T.);
#3137 = VERTEX_POINT('',#3138);
#3138 = CARTESIAN_POINT('',(39.799999237061,3.454915046692,
    15.755282402039));
#3139 = LINE('',#3140,#3141);
#3140 = CARTESIAN_POINT('',(39.799999237061,4.217827796936,
    15.938442230225));
#3141 = VECTOR('',#3142,1.);
#3142 = DIRECTION('',(0.,-0.972369723135,-0.233446185512));
#3143 = ORIENTED_EDGE('',*,*,#3144,.T.);
#3144 = EDGE_CURVE('',#3137,#3145,#3147,.T.);
#3145 = VERTEX_POINT('',#3146);
#3146 = CARTESIAN_POINT('',(39.799999237061,2.730047464371,
    15.455032348633));
#3147 = LINE('',#3148,#3149);
#3148 = CARTESIAN_POINT('',(39.799999237061,3.454915046692,
    15.755282402039));
#3149 = VECTOR('',#3150,1.);
#3150 = DIRECTION('',(0.,-0.92387950102,-0.382683508391));
#3151 = ORIENTED_EDGE('',*,*,#3152,.T.);
#3152 = EDGE_CURVE('',#3145,#3153,#3155,.T.);
#3153 = VERTEX_POINT('',#3154);
#3154 = CARTESIAN_POINT('',(39.799999237061,2.06107378006,
    15.045084953308));
#3155 = LINE('',#3156,#3157);
#3156 = CARTESIAN_POINT('',(39.799999237061,2.730047464371,
    15.455032348633));
#3157 = VECTOR('',#3158,1.);
#3158 = DIRECTION('',(0.,-0.852640281134,-0.522498374148));
#3159 = ORIENTED_EDGE('',*,*,#3160,.T.);
#3160 = EDGE_CURVE('',#3153,#3161,#3163,.T.);
#3161 = VERTEX_POINT('',#3162);
#3162 = CARTESIAN_POINT('',(39.799999237061,1.464466094971,
    14.535533905029));
#3163 = LINE('',#3164,#3165);
#3164 = CARTESIAN_POINT('',(39.799999237061,2.06107378006,
    15.045084953308));
#3165 = VECTOR('',#3166,1.);
#3166 = DIRECTION('',(0.,-0.760405998554,-0.649448009746));
#3167 = ORIENTED_EDGE('',*,*,#3168,.T.);
#3168 = EDGE_CURVE('',#3161,#3169,#3171,.T.);
#3169 = VERTEX_POINT('',#3170);
#3170 = CARTESIAN_POINT('',(39.799999237061,0.954914987087,
    13.938925743103));
#3171 = LINE('',#3172,#3173);
#3172 = CARTESIAN_POINT('',(39.799999237061,1.464466094971,
    14.535533905029));
#3173 = VECTOR('',#3174,1.);
#3174 = DIRECTION('',(0.,-0.649447753538,-0.760406217376));
#3175 = ORIENTED_EDGE('',*,*,#3176,.T.);
#3176 = EDGE_CURVE('',#3169,#3177,#3179,.T.);
#3177 = VERTEX_POINT('',#3178);
#3178 = CARTESIAN_POINT('',(39.799999237061,0.544967353344,
    13.269952774048));
#3179 = LINE('',#3180,#3181);
#3180 = CARTESIAN_POINT('',(39.799999237061,0.954914987087,
    13.938925743103));
#3181 = VECTOR('',#3182,1.);
#3182 = DIRECTION('',(0.,-0.522499001198,-0.852639896877));
#3183 = ORIENTED_EDGE('',*,*,#3184,.T.);
#3184 = EDGE_CURVE('',#3177,#3185,#3187,.T.);
#3185 = VERTEX_POINT('',#3186);
#3186 = CARTESIAN_POINT('',(39.799999237061,0.244717404246,
    12.545084953308));
#3187 = LINE('',#3188,#3189);
#3188 = CARTESIAN_POINT('',(39.799999237061,0.544967353344,
    13.269952774048));
#3189 = VECTOR('',#3190,1.);
#3190 = DIRECTION('',(0.,-0.382683287478,-0.923879592525));
#3191 = ORIENTED_EDGE('',*,*,#3192,.T.);
#3192 = EDGE_CURVE('',#3185,#3193,#3195,.T.);
#3193 = VERTEX_POINT('',#3194);
#3194 = CARTESIAN_POINT('',(39.799999237061,6.155829876661E-02,
    11.782172203064));
#3195 = LINE('',#3196,#3197);
#3196 = CARTESIAN_POINT('',(39.799999237061,0.244717404246,
    12.545084953308));
#3197 = VECTOR('',#3198,1.);
#3198 = DIRECTION('',(0.,-0.233445314585,-0.972369932226));
#3199 = ORIENTED_EDGE('',*,*,#3200,.T.);
#3200 = EDGE_CURVE('',#3193,#3201,#3203,.T.);
#3201 = VERTEX_POINT('',#3202);
#3202 = CARTESIAN_POINT('',(39.799999237061,3.061616999114E-16,11.));
#3203 = LINE('',#3204,#3205);
#3204 = CARTESIAN_POINT('',(39.799999237061,6.155829876661E-02,
    11.782172203064));
#3205 = VECTOR('',#3206,1.);
#3206 = DIRECTION('',(0.,-7.845911011089E-02,-0.996917332601));
#3207 = ORIENTED_EDGE('',*,*,#3208,.F.);
#3208 = EDGE_CURVE('',#3209,#3201,#3211,.T.);
#3209 = VERTEX_POINT('',#3210);
#3210 = CARTESIAN_POINT('',(39.799999237061,3.061616999114E-16,5.));
#3211 = LINE('',#3212,#3213);
#3212 = CARTESIAN_POINT('',(39.799999237061,3.061616999114E-16,5.));
#3213 = VECTOR('',#3214,1.);
#3214 = DIRECTION('',(0.,0.,1.));
#3215 = ORIENTED_EDGE('',*,*,#3216,.T.);
#3216 = EDGE_CURVE('',#3209,#3217,#3219,.T.);
#3217 = VERTEX_POINT('',#3218);
#3218 = CARTESIAN_POINT('',(39.799999237061,6.155829876661E-02,
    4.217827796936));
#3219 = LINE('',#3220,#3221);
#3220 = CARTESIAN_POINT('',(39.799999237061,3.061616999114E-16,5.));
#3221 = VECTOR('',#3222,1.);
#3222 = DIRECTION('',(0.,7.845911011089E-02,-0.996917332601));
#3223 = ORIENTED_EDGE('',*,*,#3224,.T.);
#3224 = EDGE_CURVE('',#3217,#3225,#3227,.T.);
#3225 = VERTEX_POINT('',#3226);
#3226 = CARTESIAN_POINT('',(39.799999237061,0.244717404246,
    3.454915046692));
#3227 = LINE('',#3228,#3229);
#3228 = CARTESIAN_POINT('',(39.799999237061,6.155829876661E-02,
    4.217827796936));
#3229 = VECTOR('',#3230,1.);
#3230 = DIRECTION('',(0.,0.233445314585,-0.972369932226));
#3231 = ORIENTED_EDGE('',*,*,#3232,.T.);
#3232 = EDGE_CURVE('',#3225,#3233,#3235,.T.);
#3233 = VERTEX_POINT('',#3234);
#3234 = CARTESIAN_POINT('',(39.799999237061,0.544967353344,
    2.730047464371));
#3235 = LINE('',#3236,#3237);
#3236 = CARTESIAN_POINT('',(39.799999237061,0.244717404246,
    3.454915046692));
#3237 = VECTOR('',#3238,1.);
#3238 = DIRECTION('',(0.,0.382683394915,-0.923879548024));
#3239 = ORIENTED_EDGE('',*,*,#3240,.T.);
#3240 = EDGE_CURVE('',#3233,#3241,#3243,.T.);
#3241 = VERTEX_POINT('',#3242);
#3242 = CARTESIAN_POINT('',(39.799999237061,0.954914987087,2.06107378006
    ));
#3243 = LINE('',#3244,#3245);
#3244 = CARTESIAN_POINT('',(39.799999237061,0.544967353344,
    2.730047464371));
#3245 = VECTOR('',#3246,1.);
#3246 = DIRECTION('',(0.,0.522498595064,-0.852640145757));
#3247 = ORIENTED_EDGE('',*,*,#3248,.T.);
#3248 = EDGE_CURVE('',#3241,#3249,#3251,.T.);
#3249 = VERTEX_POINT('',#3250);
#3250 = CARTESIAN_POINT('',(39.799999237061,1.464466094971,
    1.464466094971));
#3251 = LINE('',#3252,#3253);
#3252 = CARTESIAN_POINT('',(39.799999237061,0.954914987087,2.06107378006
    ));
#3253 = VECTOR('',#3254,1.);
#3254 = DIRECTION('',(0.,0.649448053673,-0.760405961037));
#3255 = ORIENTED_EDGE('',*,*,#3256,.T.);
#3256 = EDGE_CURVE('',#3249,#3257,#3259,.T.);
#3257 = VERTEX_POINT('',#3258);
#3258 = CARTESIAN_POINT('',(39.799999237061,2.06107378006,0.954914987087
    ));
#3259 = LINE('',#3260,#3261);
#3260 = CARTESIAN_POINT('',(39.799999237061,1.464466094971,
    1.464466094971));
#3261 = VECTOR('',#3262,1.);
#3262 = DIRECTION('',(0.,0.760405961037,-0.649448053673));
#3263 = ORIENTED_EDGE('',*,*,#3264,.T.);
#3264 = EDGE_CURVE('',#3257,#3265,#3267,.T.);
#3265 = VERTEX_POINT('',#3266);
#3266 = CARTESIAN_POINT('',(39.799999237061,2.730047464371,
    0.544967353344));
#3267 = LINE('',#3268,#3269);
#3268 = CARTESIAN_POINT('',(39.799999237061,2.06107378006,0.954914987087
    ));
#3269 = VECTOR('',#3270,1.);
#3270 = DIRECTION('',(0.,0.852640145757,-0.522498595064));
#3271 = ORIENTED_EDGE('',*,*,#3272,.T.);
#3272 = EDGE_CURVE('',#3265,#3273,#3275,.T.);
#3273 = VERTEX_POINT('',#3274);
#3274 = CARTESIAN_POINT('',(39.799999237061,3.454915046692,
    0.244717404246));
#3275 = LINE('',#3276,#3277);
#3276 = CARTESIAN_POINT('',(39.799999237061,2.730047464371,
    0.544967353344));
#3277 = VECTOR('',#3278,1.);
#3278 = DIRECTION('',(0.,0.923879548024,-0.382683394915));
#3279 = ORIENTED_EDGE('',*,*,#3280,.T.);
#3280 = EDGE_CURVE('',#3273,#3281,#3283,.T.);
#3281 = VERTEX_POINT('',#3282);
#3282 = CARTESIAN_POINT('',(39.799999237061,4.217827796936,
    6.155829876661E-02));
#3283 = LINE('',#3284,#3285);
#3284 = CARTESIAN_POINT('',(39.799999237061,3.454915046692,
    0.244717404246));
#3285 = VECTOR('',#3286,1.);
#3286 = DIRECTION('',(0.,0.972369932226,-0.233445314585));
#3287 = ORIENTED_EDGE('',*,*,#3288,.T.);
#3288 = EDGE_CURVE('',#3281,#3289,#3291,.T.);
#3289 = VERTEX_POINT('',#3290);
#3290 = CARTESIAN_POINT('',(39.799999237061,5.,4.336808689942E-16));
#3291 = LINE('',#3292,#3293);
#3292 = CARTESIAN_POINT('',(39.799999237061,4.217827796936,
    6.155829876661E-02));
#3293 = VECTOR('',#3294,1.);
#3294 = DIRECTION('',(0.,0.996917332601,-7.84591101109E-02));
#3295 = ORIENTED_EDGE('',*,*,#3296,.T.);
#3296 = EDGE_CURVE('',#3289,#3127,#3297,.T.);
#3297 = LINE('',#3298,#3299);
#3298 = CARTESIAN_POINT('',(39.799999237061,5.,0.));
#3299 = VECTOR('',#3300,1.);
#3300 = DIRECTION('',(0.,1.,0.));
#3301 = FACE_BOUND('',#3302,.T.);
#3302 = EDGE_LOOP('',(#3303,#3313,#3321,#3329,#3337,#3345,#3353,#3361,
    #3369,#3377,#3385,#3393,#3401,#3409,#3417,#3425,#3433,#3441,#3449,
    #3457,#3465,#3473,#3481,#3489,#3497,#3505,#3513,#3521,#3529,#3537,
    #3545,#3553,#3561,#3569,#3577,#3585,#3593));
#3303 = ORIENTED_EDGE('',*,*,#3304,.T.);
#3304 = EDGE_CURVE('',#3305,#3307,#3309,.T.);
#3305 = VERTEX_POINT('',#3306);
#3306 = CARTESIAN_POINT('',(39.799999237061,12.441029548645,
    4.531457424164));
#3307 = VERTEX_POINT('',#3308);
#3308 = CARTESIAN_POINT('',(39.799999237061,11.798154830933,
    3.915312290192));
#3309 = LINE('',#3310,#3311);
#3310 = CARTESIAN_POINT('',(39.799999237061,12.441029548645,
    4.531457424164));
#3311 = VECTOR('',#3312,1.);
#3312 = DIRECTION('',(0.,-0.72195630441,-0.691938649393));
#3313 = ORIENTED_EDGE('',*,*,#3314,.T.);
#3314 = EDGE_CURVE('',#3307,#3315,#3317,.T.);
#3315 = VERTEX_POINT('',#3316);
#3316 = CARTESIAN_POINT('',(39.799999237061,11.060398101807,
    3.416675806046));
#3317 = LINE('',#3318,#3319);
#3318 = CARTESIAN_POINT('',(39.799999237061,11.798154830933,
    3.915312290192));
#3319 = VECTOR('',#3320,1.);
#3320 = DIRECTION('',(0.,-0.828509666873,-0.559974760054));
#3321 = ORIENTED_EDGE('',*,*,#3322,.T.);
#3322 = EDGE_CURVE('',#3315,#3323,#3325,.T.);
#3323 = VERTEX_POINT('',#3324);
#3324 = CARTESIAN_POINT('',(39.799999237061,10.248984336853,
    3.049893379211));
#3325 = LINE('',#3326,#3327);
#3326 = CARTESIAN_POINT('',(39.799999237061,11.060398101807,
    3.416675806046));
#3327 = VECTOR('',#3328,1.);
#3328 = DIRECTION('',(0.,-0.911228372674,-0.411901508657));
#3329 = ORIENTED_EDGE('',*,*,#3330,.T.);
#3330 = EDGE_CURVE('',#3323,#3331,#3333,.T.);
#3331 = VERTEX_POINT('',#3332);
#3332 = CARTESIAN_POINT('',(39.799999237061,9.387254714966,
    2.825516462326));
#3333 = LINE('',#3334,#3335);
#3334 = CARTESIAN_POINT('',(39.799999237061,10.248984336853,
    3.049893379211));
#3335 = VECTOR('',#3336,1.);
#3336 = DIRECTION('',(0.,-0.967732953883,-0.251978034694));
#3337 = ORIENTED_EDGE('',*,*,#3338,.T.);
#3338 = EDGE_CURVE('',#3331,#3339,#3341,.T.);
#3339 = VERTEX_POINT('',#3340);
#3340 = CARTESIAN_POINT('',(39.799999237061,8.5,2.75));
#3341 = LINE('',#3342,#3343);
#3342 = CARTESIAN_POINT('',(39.799999237061,9.387254714966,
    2.825516462326));
#3343 = VECTOR('',#3344,1.);
#3344 = DIRECTION('',(0.,-0.996397492632,-8.480587642415E-02));
#3345 = ORIENTED_EDGE('',*,*,#3346,.T.);
#3346 = EDGE_CURVE('',#3339,#3347,#3349,.T.);
#3347 = VERTEX_POINT('',#3348);
#3348 = CARTESIAN_POINT('',(39.799999237061,7.612745761871,
    2.825516462326));
#3349 = LINE('',#3350,#3351);
#3350 = CARTESIAN_POINT('',(39.799999237061,8.5,2.75));
#3351 = VECTOR('',#3352,1.);
#3352 = DIRECTION('',(0.,-0.996397488781,8.480592167359E-02));
#3353 = ORIENTED_EDGE('',*,*,#3354,.T.);
#3354 = EDGE_CURVE('',#3347,#3355,#3357,.T.);
#3355 = VERTEX_POINT('',#3356);
#3356 = CARTESIAN_POINT('',(39.799999237061,6.751016139984,
    3.049893379211));
#3357 = LINE('',#3358,#3359);
#3358 = CARTESIAN_POINT('',(39.799999237061,7.612745761871,
    2.825516462326));
#3359 = VECTOR('',#3360,1.);
#3360 = DIRECTION('',(0.,-0.967732953883,0.251978034694));
#3361 = ORIENTED_EDGE('',*,*,#3362,.T.);
#3362 = EDGE_CURVE('',#3355,#3363,#3365,.T.);
#3363 = VERTEX_POINT('',#3364);
#3364 = CARTESIAN_POINT('',(39.799999237061,5.939601421356,
    3.416675806046));
#3365 = LINE('',#3366,#3367);
#3366 = CARTESIAN_POINT('',(39.799999237061,6.751016139984,
    3.049893379211));
#3367 = VECTOR('',#3368,1.);
#3368 = DIRECTION('',(0.,-0.911228554381,0.411901106676));
#3369 = ORIENTED_EDGE('',*,*,#3370,.T.);
#3370 = EDGE_CURVE('',#3363,#3371,#3373,.T.);
#3371 = VERTEX_POINT('',#3372);
#3372 = CARTESIAN_POINT('',(39.799999237061,5.201845169067,
    3.915312290192));
#3373 = LINE('',#3374,#3375);
#3374 = CARTESIAN_POINT('',(39.799999237061,5.939601421356,
    3.416675806046));
#3375 = VECTOR('',#3376,1.);
#3376 = DIRECTION('',(0.,-0.828509498957,0.559975008494));
#3377 = ORIENTED_EDGE('',*,*,#3378,.T.);
#3378 = EDGE_CURVE('',#3371,#3379,#3381,.T.);
#3379 = VERTEX_POINT('',#3380);
#3380 = CARTESIAN_POINT('',(39.799999237061,4.558970451355,
    4.531457424164));
#3381 = LINE('',#3382,#3383);
#3382 = CARTESIAN_POINT('',(39.799999237061,5.201845169067,
    3.915312290192));
#3383 = VECTOR('',#3384,1.);
#3384 = DIRECTION('',(0.,-0.72195630441,0.691938649393));
#3385 = ORIENTED_EDGE('',*,*,#3386,.T.);
#3386 = EDGE_CURVE('',#3379,#3387,#3389,.T.);
#3387 = VERTEX_POINT('',#3388);
#3388 = CARTESIAN_POINT('',(39.799999237061,4.029471874237,
    5.247386455536));
#3389 = LINE('',#3390,#3391);
#3390 = CARTESIAN_POINT('',(39.799999237061,4.558970451355,
    4.531457424164));
#3391 = VECTOR('',#3392,1.);
#3392 = DIRECTION('',(0.,-0.594633341176,0.803997008428));
#3393 = ORIENTED_EDGE('',*,*,#3394,.T.);
#3394 = EDGE_CURVE('',#3387,#3395,#3397,.T.);
#3395 = VERTEX_POINT('',#3396);
#3396 = CARTESIAN_POINT('',(39.799999237061,3.628582715988,
    6.042503356934));
#3397 = LINE('',#3398,#3399);
#3398 = CARTESIAN_POINT('',(39.799999237061,4.029471874237,
    5.247386455536));
#3399 = VECTOR('',#3400,1.);
#3400 = DIRECTION('',(0.,-0.450203433033,0.892926015348));
#3401 = ORIENTED_EDGE('',*,*,#3402,.T.);
#3402 = EDGE_CURVE('',#3395,#3403,#3405,.T.);
#3403 = VERTEX_POINT('',#3404);
#3404 = CARTESIAN_POINT('',(39.799999237061,3.367835044861,
    6.893933773041));
#3405 = LINE('',#3406,#3407);
#3406 = CARTESIAN_POINT('',(39.799999237061,3.628582715988,
    6.042503356934));
#3407 = VECTOR('',#3408,1.);
#3408 = DIRECTION('',(0.,-0.29282280918,0.956166723131));
#3409 = ORIENTED_EDGE('',*,*,#3410,.T.);
#3410 = EDGE_CURVE('',#3403,#3411,#3413,.T.);
#3411 = VERTEX_POINT('',#3412);
#3412 = CARTESIAN_POINT('',(39.799999237061,3.254730463028,
    7.777184009552));
#3413 = LINE('',#3414,#3415);
#3414 = CARTESIAN_POINT('',(39.799999237061,3.367835044861,
    6.893933773041));
#3415 = VECTOR('',#3416,1.);
#3416 = DIRECTION('',(0.,-0.127017780333,0.991900440306));
#3417 = ORIENTED_EDGE('',*,*,#3418,.T.);
#3418 = EDGE_CURVE('',#3411,#3419,#3421,.T.);
#3419 = VERTEX_POINT('',#3420);
#3420 = CARTESIAN_POINT('',(39.799999237061,3.292522668839,
    8.666843414307));
#3421 = LINE('',#3422,#3423);
#3422 = CARTESIAN_POINT('',(39.799999237061,3.254730463028,
    7.777184009552));
#3423 = VECTOR('',#3424,1.);
#3424 = DIRECTION('',(0.,4.244113383781E-02,0.999098969151));
#3425 = ORIENTED_EDGE('',*,*,#3426,.T.);
#3426 = EDGE_CURVE('',#3419,#3427,#3429,.T.);
#3427 = VERTEX_POINT('',#3428);
#3428 = CARTESIAN_POINT('',(39.799999237061,3.48012471199,9.53731918335)
  );
#3429 = LINE('',#3430,#3431);
#3430 = CARTESIAN_POINT('',(39.799999237061,3.292522668839,
    8.666843414307));
#3431 = VECTOR('',#3432,1.);
#3432 = DIRECTION('',(0.,0.210679446248,0.977555200962));
#3433 = ORIENTED_EDGE('',*,*,#3434,.T.);
#3434 = EDGE_CURVE('',#3427,#3435,#3437,.T.);
#3435 = VERTEX_POINT('',#3436);
#3436 = CARTESIAN_POINT('',(39.799999237061,3.81213927269,
    10.363569259644));
#3437 = LINE('',#3438,#3439);
#3438 = CARTESIAN_POINT('',(39.799999237061,3.48012471199,9.53731918335)
  );
#3439 = VECTOR('',#3440,1.);
#3440 = DIRECTION('',(0.,0.372856451274,0.927889037948));
#3441 = ORIENTED_EDGE('',*,*,#3442,.T.);
#3442 = EDGE_CURVE('',#3435,#3443,#3445,.T.);
#3443 = VERTEX_POINT('',#3444);
#3444 = CARTESIAN_POINT('',(39.799999237061,4.27901506424,
    11.121824264526));
#3445 = LINE('',#3446,#3447);
#3446 = CARTESIAN_POINT('',(39.799999237061,3.81213927269,
    10.363569259644));
#3447 = VECTOR('',#3448,1.);
#3448 = DIRECTION('',(0.,0.524307014225,0.851529303568));
#3449 = ORIENTED_EDGE('',*,*,#3450,.T.);
#3450 = EDGE_CURVE('',#3443,#3451,#3453,.T.);
#3451 = VERTEX_POINT('',#3452);
#3452 = CARTESIAN_POINT('',(39.799999237061,4.867321014404,
    11.79026889801));
#3453 = LINE('',#3454,#3455);
#3454 = CARTESIAN_POINT('',(39.799999237061,4.27901506424,
    11.121824264526));
#3455 = VECTOR('',#3456,1.);
#3456 = DIRECTION('',(0.,0.660675153728,0.750671926507));
#3457 = ORIENTED_EDGE('',*,*,#3458,.T.);
#3458 = EDGE_CURVE('',#3451,#3459,#3461,.T.);
#3459 = VERTEX_POINT('',#3460);
#3460 = CARTESIAN_POINT('',(39.799999237061,5.560132026672,
    12.349675178528));
#3461 = LINE('',#3462,#3463);
#3462 = CARTESIAN_POINT('',(39.799999237061,4.867321014404,
    11.79026889801));
#3463 = VECTOR('',#3464,1.);
#3464 = DIRECTION('',(0.,0.77803550374,0.628220307632));
#3465 = ORIENTED_EDGE('',*,*,#3466,.T.);
#3466 = EDGE_CURVE('',#3459,#3467,#3469,.T.);
#3467 = VERTEX_POINT('',#3468);
#3468 = CARTESIAN_POINT('',(39.799999237061,6.337518215179,
    12.783948898315));
#3469 = LINE('',#3470,#3471);
#3470 = CARTESIAN_POINT('',(39.799999237061,5.560132026672,
    12.349675178528));
#3471 = VECTOR('',#3472,1.);
#3472 = DIRECTION('',(0.,0.873014237583,0.487694721089));
#3473 = ORIENTED_EDGE('',*,*,#3474,.T.);
#3474 = EDGE_CURVE('',#3467,#3475,#3477,.T.);
#3475 = VERTEX_POINT('',#3476);
#3476 = CARTESIAN_POINT('',(39.799999237061,7.177114963531,
    13.080597877502));
#3477 = LINE('',#3478,#3479);
#3478 = CARTESIAN_POINT('',(39.799999237061,6.337518215179,
    12.783948898315));
#3479 = VECTOR('',#3480,1.);
#3480 = DIRECTION('',(0.,0.942877242208,0.333140370003));
#3481 = ORIENTED_EDGE('',*,*,#3482,.T.);
#3482 = EDGE_CURVE('',#3475,#3483,#3485,.T.);
#3483 = VERTEX_POINT('',#3484);
#3484 = CARTESIAN_POINT('',(39.799999237061,8.054768562317,
    13.231086730957));
#3485 = LINE('',#3486,#3487);
#3486 = CARTESIAN_POINT('',(39.799999237061,7.177114963531,
    13.080597877502));
#3487 = VECTOR('',#3488,1.);
#3488 = DIRECTION('',(0.,0.985615904627,0.169000853684));
#3489 = ORIENTED_EDGE('',*,*,#3490,.T.);
#3490 = EDGE_CURVE('',#3483,#3491,#3493,.T.);
#3491 = VERTEX_POINT('',#3492);
#3492 = CARTESIAN_POINT('',(39.799999237061,8.945231437683,
    13.231086730957));
#3493 = LINE('',#3494,#3495);
#3494 = CARTESIAN_POINT('',(39.799999237061,8.054768562317,
    13.231086730957));
#3495 = VECTOR('',#3496,1.);
#3496 = DIRECTION('',(0.,1.,0.));
#3497 = ORIENTED_EDGE('',*,*,#3498,.T.);
#3498 = EDGE_CURVE('',#3491,#3499,#3501,.T.);
#3499 = VERTEX_POINT('',#3500);
#3500 = CARTESIAN_POINT('',(39.799999237061,9.822884559631,
    13.080597877502));
#3501 = LINE('',#3502,#3503);
#3502 = CARTESIAN_POINT('',(39.799999237061,8.945231437683,
    13.231086730957));
#3503 = VECTOR('',#3504,1.);
#3504 = DIRECTION('',(0.,0.985615889333,-0.169000942882));
#3505 = ORIENTED_EDGE('',*,*,#3506,.T.);
#3506 = EDGE_CURVE('',#3499,#3507,#3509,.T.);
#3507 = VERTEX_POINT('',#3508);
#3508 = CARTESIAN_POINT('',(39.799999237061,10.662481307983,
    12.783948898315));
#3509 = LINE('',#3510,#3511);
#3510 = CARTESIAN_POINT('',(39.799999237061,9.822884559631,
    13.080597877502));
#3511 = VECTOR('',#3512,1.);
#3512 = DIRECTION('',(0.,0.942877242208,-0.333140370003));
#3513 = ORIENTED_EDGE('',*,*,#3514,.T.);
#3514 = EDGE_CURVE('',#3507,#3515,#3517,.T.);
#3515 = VERTEX_POINT('',#3516);
#3516 = CARTESIAN_POINT('',(39.799999237061,11.439867019653,
    12.349675178528));
#3517 = LINE('',#3518,#3519);
#3518 = CARTESIAN_POINT('',(39.799999237061,10.662481307983,
    12.783948898315));
#3519 = VECTOR('',#3520,1.);
#3520 = DIRECTION('',(0.,0.873014110217,-0.487694949084));
#3521 = ORIENTED_EDGE('',*,*,#3522,.T.);
#3522 = EDGE_CURVE('',#3515,#3523,#3525,.T.);
#3523 = VERTEX_POINT('',#3524);
#3524 = CARTESIAN_POINT('',(39.799999237061,12.132678985596,
    11.79026889801));
#3525 = LINE('',#3526,#3527);
#3526 = CARTESIAN_POINT('',(39.799999237061,11.439867019653,
    12.349675178528));
#3527 = VECTOR('',#3528,1.);
#3528 = DIRECTION('',(0.,0.778035926416,-0.628219784157));
#3529 = ORIENTED_EDGE('',*,*,#3530,.T.);
#3530 = EDGE_CURVE('',#3523,#3531,#3533,.T.);
#3531 = VERTEX_POINT('',#3532);
#3532 = CARTESIAN_POINT('',(39.799999237061,12.720985412598,
    11.121824264526));
#3533 = LINE('',#3534,#3535);
#3534 = CARTESIAN_POINT('',(39.799999237061,12.132678985596,
    11.79026889801));
#3535 = VECTOR('',#3536,1.);
#3536 = DIRECTION('',(0.,0.660675455484,-0.750671660929));
#3537 = ORIENTED_EDGE('',*,*,#3538,.T.);
#3538 = EDGE_CURVE('',#3531,#3539,#3541,.T.);
#3539 = VERTEX_POINT('',#3540);
#3540 = CARTESIAN_POINT('',(39.799999237061,13.187861442566,
    10.363569259644));
#3541 = LINE('',#3542,#3543);
#3542 = CARTESIAN_POINT('',(39.799999237061,12.720985412598,
    11.121824264526));
#3543 = VECTOR('',#3544,1.);
#3544 = DIRECTION('',(0.,0.524307208368,-0.851529184029));
#3545 = ORIENTED_EDGE('',*,*,#3546,.T.);
#3546 = EDGE_CURVE('',#3539,#3547,#3549,.T.);
#3547 = VERTEX_POINT('',#3548);
#3548 = CARTESIAN_POINT('',(39.799999237061,13.519875526428,
    9.53731918335));
#3549 = LINE('',#3550,#3551);
#3550 = CARTESIAN_POINT('',(39.799999237061,13.187861442566,
    10.363569259644));
#3551 = VECTOR('',#3552,1.);
#3552 = DIRECTION('',(0.,0.372855990225,-0.927889223212));
#3553 = ORIENTED_EDGE('',*,*,#3554,.T.);
#3554 = EDGE_CURVE('',#3547,#3555,#3557,.T.);
#3555 = VERTEX_POINT('',#3556);
#3556 = CARTESIAN_POINT('',(39.799999237061,13.70747756958,
    8.666843414307));
#3557 = LINE('',#3558,#3559);
#3558 = CARTESIAN_POINT('',(39.799999237061,13.519875526428,
    9.53731918335));
#3559 = VECTOR('',#3560,1.);
#3560 = DIRECTION('',(0.,0.210679446248,-0.977555200962));
#3561 = ORIENTED_EDGE('',*,*,#3562,.T.);
#3562 = EDGE_CURVE('',#3555,#3563,#3565,.T.);
#3563 = VERTEX_POINT('',#3564);
#3564 = CARTESIAN_POINT('',(39.799999237061,13.745269775391,
    7.777184009552));
#3565 = LINE('',#3566,#3567);
#3566 = CARTESIAN_POINT('',(39.799999237061,13.70747756958,
    8.666843414307));
#3567 = VECTOR('',#3568,1.);
#3568 = DIRECTION('',(0.,4.244113383781E-02,-0.999098969151));
#3569 = ORIENTED_EDGE('',*,*,#3570,.T.);
#3570 = EDGE_CURVE('',#3563,#3571,#3573,.T.);
#3571 = VERTEX_POINT('',#3572);
#3572 = CARTESIAN_POINT('',(39.799999237061,13.632164955139,
    6.893933773041));
#3573 = LINE('',#3574,#3575);
#3574 = CARTESIAN_POINT('',(39.799999237061,13.745269775391,
    7.777184009552));
#3575 = VECTOR('',#3576,1.);
#3576 = DIRECTION('',(0.,-0.127018043761,-0.991900406573));
#3577 = ORIENTED_EDGE('',*,*,#3578,.T.);
#3578 = EDGE_CURVE('',#3571,#3579,#3581,.T.);
#3579 = VERTEX_POINT('',#3580);
#3580 = CARTESIAN_POINT('',(39.799999237061,13.371417045593,
    6.042503356934));
#3581 = LINE('',#3582,#3583);
#3582 = CARTESIAN_POINT('',(39.799999237061,13.632164955139,
    6.893933773041));
#3583 = VECTOR('',#3584,1.);
#3584 = DIRECTION('',(0.,-0.292823053969,-0.956166648166));
#3585 = ORIENTED_EDGE('',*,*,#3586,.T.);
#3586 = EDGE_CURVE('',#3579,#3587,#3589,.T.);
#3587 = VERTEX_POINT('',#3588);
#3588 = CARTESIAN_POINT('',(39.799999237061,12.970527648926,
    5.247386455536));
#3589 = LINE('',#3590,#3591);
#3590 = CARTESIAN_POINT('',(39.799999237061,13.371417045593,
    6.042503356934));
#3591 = VECTOR('',#3592,1.);
#3592 = DIRECTION('',(0.,-0.450203646512,-0.892925907714));
#3593 = ORIENTED_EDGE('',*,*,#3594,.T.);
#3594 = EDGE_CURVE('',#3587,#3305,#3595,.T.);
#3595 = LINE('',#3596,#3597);
#3596 = CARTESIAN_POINT('',(39.799999237061,12.970527648926,
    5.247386455536));
#3597 = VECTOR('',#3598,1.);
#3598 = DIRECTION('',(0.,-0.594632995027,-0.803997264439));
#3599 = PLANE('',#3600);
#3600 = AXIS2_PLACEMENT_3D('',#3601,#3602,#3603);
#3601 = CARTESIAN_POINT('',(39.799999237061,14.242083347863,
    7.999999998171));
#3602 = DIRECTION('',(1.,0.,0.));
#3603 = DIRECTION('',(0.,0.,1.));
#3604 = ADVANCED_FACE('',(#3605),#3623,.T.);
#3605 = FACE_BOUND('',#3606,.T.);
#3606 = EDGE_LOOP('',(#3607,#3615,#3621,#3622));
#3607 = ORIENTED_EDGE('',*,*,#3608,.F.);
#3608 = EDGE_CURVE('',#3609,#491,#3611,.T.);
#3609 = VERTEX_POINT('',#3610);
#3610 = CARTESIAN_POINT('',(20.030601501465,69.706336975098,0.));
#3611 = LINE('',#3612,#3613);
#3612 = CARTESIAN_POINT('',(20.030601501465,69.706336975098,0.));
#3613 = VECTOR('',#3614,1.);
#3614 = DIRECTION('',(0.,0.,1.));
#3615 = ORIENTED_EDGE('',*,*,#3616,.F.);
#3616 = EDGE_CURVE('',#3103,#3609,#3617,.T.);
#3617 = LINE('',#3618,#3619);
#3618 = CARTESIAN_POINT('',(19.160760879517,69.346038818359,0.));
#3619 = VECTOR('',#3620,1.);
#3620 = DIRECTION('',(0.923880143094,0.382681958286,0.));
#3621 = ORIENTED_EDGE('',*,*,#3102,.T.);
#3622 = ORIENTED_EDGE('',*,*,#498,.F.);
#3623 = PLANE('',#3624);
#3624 = AXIS2_PLACEMENT_3D('',#3625,#3626,#3627);
#3625 = CARTESIAN_POINT('',(19.595681190491,69.526187896729,8.));
#3626 = DIRECTION('',(-0.382681958286,0.923880143094,0.));
#3627 = DIRECTION('',(0.923880143094,0.382681958286,0.));
#3628 = ADVANCED_FACE('',(#3629),#3647,.T.);
#3629 = FACE_BOUND('',#3630,.T.);
#3630 = EDGE_LOOP('',(#3631,#3632,#3640,#3646));
#3631 = ORIENTED_EDGE('',*,*,#3126,.F.);
#3632 = ORIENTED_EDGE('',*,*,#3633,.F.);
#3633 = EDGE_CURVE('',#3634,#3127,#3636,.T.);
#3634 = VERTEX_POINT('',#3635);
#3635 = CARTESIAN_POINT('',(39.692150115967,28.436960220337,0.));
#3636 = LINE('',#3637,#3638);
#3637 = CARTESIAN_POINT('',(39.692150115967,28.436960220337,0.));
#3638 = VECTOR('',#3639,1.);
#3639 = DIRECTION('',(7.343263196753E-02,-0.997300179767,0.));
#3640 = ORIENTED_EDGE('',*,*,#3641,.T.);
#3641 = EDGE_CURVE('',#3634,#203,#3642,.T.);
#3642 = LINE('',#3643,#3644);
#3643 = CARTESIAN_POINT('',(39.692150115967,28.436960220337,0.));
#3644 = VECTOR('',#3645,1.);
#3645 = DIRECTION('',(0.,0.,1.));
#3646 = ORIENTED_EDGE('',*,*,#202,.F.);
#3647 = PLANE('',#3648);
#3648 = AXIS2_PLACEMENT_3D('',#3649,#3650,#3651);
#3649 = CARTESIAN_POINT('',(39.746074676514,27.704602241516,8.));
#3650 = DIRECTION('',(0.997300179767,7.343263196753E-02,0.));
#3651 = DIRECTION('',(-7.343263196753E-02,0.997300179767,0.));
#3652 = ADVANCED_FACE('',(#3653),#3671,.T.);
#3653 = FACE_BOUND('',#3654,.T.);
#3654 = EDGE_LOOP('',(#3655,#3663,#3669,#3670));
#3655 = ORIENTED_EDGE('',*,*,#3656,.F.);
#3656 = EDGE_CURVE('',#3657,#483,#3659,.T.);
#3657 = VERTEX_POINT('',#3658);
#3658 = CARTESIAN_POINT('',(20.946096420288,69.926124572754,0.));
#3659 = LINE('',#3660,#3661);
#3660 = CARTESIAN_POINT('',(20.946096420288,69.926124572754,0.));
#3661 = VECTOR('',#3662,1.);
#3662 = DIRECTION('',(0.,0.,1.));
#3663 = ORIENTED_EDGE('',*,*,#3664,.F.);
#3664 = EDGE_CURVE('',#3609,#3657,#3665,.T.);
#3665 = LINE('',#3666,#3667);
#3666 = CARTESIAN_POINT('',(20.030601501465,69.706336975098,0.));
#3667 = VECTOR('',#3668,1.);
#3668 = DIRECTION('',(0.972370712735,0.23344206351,0.));
#3669 = ORIENTED_EDGE('',*,*,#3608,.T.);
#3670 = ORIENTED_EDGE('',*,*,#490,.F.);
#3671 = PLANE('',#3672);
#3672 = AXIS2_PLACEMENT_3D('',#3673,#3674,#3675);
#3673 = CARTESIAN_POINT('',(20.488348960876,69.816230773926,8.));
#3674 = DIRECTION('',(-0.23344206351,0.972370712735,0.));
#3675 = DIRECTION('',(0.972370712735,0.23344206351,0.));
#3676 = ADVANCED_FACE('',(#3677),#3695,.T.);
#3677 = FACE_BOUND('',#3678,.T.);
#3678 = EDGE_LOOP('',(#3679,#3680,#3688,#3694));
#3679 = ORIENTED_EDGE('',*,*,#3641,.F.);
#3680 = ORIENTED_EDGE('',*,*,#3681,.F.);
#3681 = EDGE_CURVE('',#3682,#3634,#3684,.T.);
#3682 = VERTEX_POINT('',#3683);
#3683 = CARTESIAN_POINT('',(39.370922088623,29.870084762573,0.));
#3684 = LINE('',#3685,#3686);
#3685 = CARTESIAN_POINT('',(39.370922088623,29.870084762573,0.));
#3686 = VECTOR('',#3687,1.);
#3687 = DIRECTION('',(0.218718236653,-0.975788057395,0.));
#3688 = ORIENTED_EDGE('',*,*,#3689,.T.);
#3689 = EDGE_CURVE('',#3682,#211,#3690,.T.);
#3690 = LINE('',#3691,#3692);
#3691 = CARTESIAN_POINT('',(39.370922088623,29.870084762573,0.));
#3692 = VECTOR('',#3693,1.);
#3693 = DIRECTION('',(0.,0.,1.));
#3694 = ORIENTED_EDGE('',*,*,#210,.F.);
#3695 = PLANE('',#3696);
#3696 = AXIS2_PLACEMENT_3D('',#3697,#3698,#3699);
#3697 = CARTESIAN_POINT('',(39.531536102295,29.153522491455,8.));
#3698 = DIRECTION('',(0.975788057395,0.218718236653,0.));
#3699 = DIRECTION('',(-0.218718236653,0.975788057395,0.));
#3700 = ADVANCED_FACE('',(#3701),#3719,.T.);
#3701 = FACE_BOUND('',#3702,.T.);
#3702 = EDGE_LOOP('',(#3703,#3711,#3717,#3718));
#3703 = ORIENTED_EDGE('',*,*,#3704,.F.);
#3704 = EDGE_CURVE('',#3705,#475,#3707,.T.);
#3705 = VERTEX_POINT('',#3706);
#3706 = CARTESIAN_POINT('',(21.884704589844,70.,0.));
#3707 = LINE('',#3708,#3709);
#3708 = CARTESIAN_POINT('',(21.884704589844,70.,0.));
#3709 = VECTOR('',#3710,1.);
#3710 = DIRECTION('',(0.,0.,1.));
#3711 = ORIENTED_EDGE('',*,*,#3712,.F.);
#3712 = EDGE_CURVE('',#3657,#3705,#3713,.T.);
#3713 = LINE('',#3714,#3715);
#3714 = CARTESIAN_POINT('',(20.946096420288,69.926124572754,0.));
#3715 = VECTOR('',#3716,1.);
#3716 = DIRECTION('',(0.99691688824,7.846475604666E-02,0.));
#3717 = ORIENTED_EDGE('',*,*,#3656,.T.);
#3718 = ORIENTED_EDGE('',*,*,#482,.F.);
#3719 = PLANE('',#3720);
#3720 = AXIS2_PLACEMENT_3D('',#3721,#3722,#3723);
#3721 = CARTESIAN_POINT('',(21.415400505066,69.963062286377,8.));
#3722 = DIRECTION('',(-7.846475604666E-02,0.99691688824,0.));
#3723 = DIRECTION('',(0.99691688824,7.846475604666E-02,0.));
#3724 = ADVANCED_FACE('',(#3725),#3743,.T.);
#3725 = FACE_BOUND('',#3726,.T.);
#3726 = EDGE_LOOP('',(#3727,#3728,#3736,#3742));
#3727 = ORIENTED_EDGE('',*,*,#3689,.F.);
#3728 = ORIENTED_EDGE('',*,*,#3729,.F.);
#3729 = EDGE_CURVE('',#3730,#3682,#3732,.T.);
#3730 = VERTEX_POINT('',#3731);
#3731 = CARTESIAN_POINT('',(38.843242645264,31.240701675415,0.));
#3732 = LINE('',#3733,#3734);
#3733 = CARTESIAN_POINT('',(38.843242645264,31.240701675415,0.));
#3734 = VECTOR('',#3735,1.);
#3735 = DIRECTION('',(0.359286953478,-0.933227134764,0.));
#3736 = ORIENTED_EDGE('',*,*,#3737,.T.);
#3737 = EDGE_CURVE('',#3730,#219,#3738,.T.);
#3738 = LINE('',#3739,#3740);
#3739 = CARTESIAN_POINT('',(38.843242645264,31.240701675415,0.));
#3740 = VECTOR('',#3741,1.);
#3741 = DIRECTION('',(0.,0.,1.));
#3742 = ORIENTED_EDGE('',*,*,#218,.F.);
#3743 = PLANE('',#3744);
#3744 = AXIS2_PLACEMENT_3D('',#3745,#3746,#3747);
#3745 = CARTESIAN_POINT('',(39.107082366943,30.555393218994,8.));
#3746 = DIRECTION('',(0.933227134764,0.359286953478,0.));
#3747 = DIRECTION('',(-0.359286953478,0.933227134764,0.));
#3748 = ADVANCED_FACE('',(#3749),#3767,.T.);
#3749 = FACE_BOUND('',#3750,.T.);
#3750 = EDGE_LOOP('',(#3751,#3752,#3753,#3761));
#3751 = ORIENTED_EDGE('',*,*,#3704,.T.);
#3752 = ORIENTED_EDGE('',*,*,#474,.F.);
#3753 = ORIENTED_EDGE('',*,*,#3754,.T.);
#3754 = EDGE_CURVE('',#467,#3755,#3757,.T.);
#3755 = VERTEX_POINT('',#3756);
#3756 = CARTESIAN_POINT('',(23.497987747192,70.,0.));
#3757 = LINE('',#3758,#3759);
#3758 = CARTESIAN_POINT('',(23.497987747192,70.,16.));
#3759 = VECTOR('',#3760,1.);
#3760 = DIRECTION('',(0.,0.,-1.));
#3761 = ORIENTED_EDGE('',*,*,#3762,.F.);
#3762 = EDGE_CURVE('',#3705,#3755,#3763,.T.);
#3763 = LINE('',#3764,#3765);
#3764 = CARTESIAN_POINT('',(21.884704589844,70.,0.));
#3765 = VECTOR('',#3766,1.);
#3766 = DIRECTION('',(1.,0.,0.));
#3767 = PLANE('',#3768);
#3768 = AXIS2_PLACEMENT_3D('',#3769,#3770,#3771);
#3769 = CARTESIAN_POINT('',(22.691346168518,70.,8.));
#3770 = DIRECTION('',(0.,1.,0.));
#3771 = DIRECTION('',(0.,0.,1.));
#3772 = ADVANCED_FACE('',(#3773),#3791,.T.);
#3773 = FACE_BOUND('',#3774,.T.);
#3774 = EDGE_LOOP('',(#3775,#3776,#3784,#3790));
#3775 = ORIENTED_EDGE('',*,*,#3737,.F.);
#3776 = ORIENTED_EDGE('',*,*,#3777,.F.);
#3777 = EDGE_CURVE('',#3778,#3730,#3780,.T.);
#3778 = VERTEX_POINT('',#3779);
#3779 = CARTESIAN_POINT('',(38.120506286621,32.519248962402,
    -3.469446951954E-15));
#3780 = LINE('',#3781,#3782);
#3781 = CARTESIAN_POINT('',(38.120506286621,32.519248962402,0.));
#3782 = VECTOR('',#3783,1.);
#3783 = DIRECTION('',(0.492098123588,-0.87053973876,0.));
#3784 = ORIENTED_EDGE('',*,*,#3785,.F.);
#3785 = EDGE_CURVE('',#227,#3778,#3786,.T.);
#3786 = LINE('',#3787,#3788);
#3787 = CARTESIAN_POINT('',(38.120506286621,32.519248962402,16.));
#3788 = VECTOR('',#3789,1.);
#3789 = DIRECTION('',(0.,0.,-1.));
#3790 = ORIENTED_EDGE('',*,*,#226,.F.);
#3791 = PLANE('',#3792);
#3792 = AXIS2_PLACEMENT_3D('',#3793,#3794,#3795);
#3793 = CARTESIAN_POINT('',(38.481874465942,31.879975318909,8.));
#3794 = DIRECTION('',(0.87053973876,0.492098123588,0.));
#3795 = DIRECTION('',(-0.492098123588,0.87053973876,0.));
#3796 = ADVANCED_FACE('',(#3797),#3815,.T.);
#3797 = FACE_BOUND('',#3798,.T.);
#3798 = EDGE_LOOP('',(#3799,#3807,#3813,#3814));
#3799 = ORIENTED_EDGE('',*,*,#3800,.F.);
#3800 = EDGE_CURVE('',#3801,#459,#3803,.T.);
#3801 = VERTEX_POINT('',#3802);
#3802 = CARTESIAN_POINT('',(24.538354873657,70.090881347656,0.));
#3803 = LINE('',#3804,#3805);
#3804 = CARTESIAN_POINT('',(24.538354873657,70.090881347656,0.));
#3805 = VECTOR('',#3806,1.);
#3806 = DIRECTION('',(0.,0.,1.));
#3807 = ORIENTED_EDGE('',*,*,#3808,.F.);
#3808 = EDGE_CURVE('',#3755,#3801,#3809,.T.);
#3809 = LINE('',#3810,#3811);
#3810 = CARTESIAN_POINT('',(23.497987747192,70.,0.));
#3811 = VECTOR('',#3812,1.);
#3812 = DIRECTION('',(0.996206244095,8.702367049462E-02,0.));
#3813 = ORIENTED_EDGE('',*,*,#3754,.F.);
#3814 = ORIENTED_EDGE('',*,*,#466,.F.);
#3815 = PLANE('',#3816);
#3816 = AXIS2_PLACEMENT_3D('',#3817,#3818,#3819);
#3817 = CARTESIAN_POINT('',(24.018171310425,70.045440673828,8.));
#3818 = DIRECTION('',(-8.702367049462E-02,0.996206244095,0.));
#3819 = DIRECTION('',(0.996206244095,8.702367049462E-02,0.));
#3820 = ADVANCED_FACE('',(#3821),#3839,.T.);
#3821 = FACE_BOUND('',#3822,.T.);
#3822 = EDGE_LOOP('',(#3823,#3831,#3832,#3833));
#3823 = ORIENTED_EDGE('',*,*,#3824,.T.);
#3824 = EDGE_CURVE('',#3825,#235,#3827,.T.);
#3825 = VERTEX_POINT('',#3826);
#3826 = CARTESIAN_POINT('',(36.807697296143,34.488452911377,
    -3.469446951954E-15));
#3827 = LINE('',#3828,#3829);
#3828 = CARTESIAN_POINT('',(36.807697296143,34.488452911377,
    -6.938893903907E-15));
#3829 = VECTOR('',#3830,1.);
#3830 = DIRECTION('',(0.,0.,1.));
#3831 = ORIENTED_EDGE('',*,*,#234,.T.);
#3832 = ORIENTED_EDGE('',*,*,#3785,.T.);
#3833 = ORIENTED_EDGE('',*,*,#3834,.T.);
#3834 = EDGE_CURVE('',#3778,#3825,#3835,.T.);
#3835 = LINE('',#3836,#3837);
#3836 = CARTESIAN_POINT('',(38.120506286621,32.519248962402,
    -6.938893903907E-15));
#3837 = VECTOR('',#3838,1.);
#3838 = DIRECTION('',(-0.554702056024,0.832049054469,0.));
#3839 = PLANE('',#3840);
#3840 = AXIS2_PLACEMENT_3D('',#3841,#3842,#3843);
#3841 = CARTESIAN_POINT('',(37.464101791382,33.50385093689,8.));
#3842 = DIRECTION('',(0.832049054469,0.554702056024,0.));
#3843 = DIRECTION('',(-0.554702056024,0.832049054469,0.));
#3844 = ADVANCED_FACE('',(#3845),#3863,.T.);
#3845 = FACE_BOUND('',#3846,.T.);
#3846 = EDGE_LOOP('',(#3847,#3855,#3861,#3862));
#3847 = ORIENTED_EDGE('',*,*,#3848,.F.);
#3848 = EDGE_CURVE('',#3849,#451,#3851,.T.);
#3849 = VERTEX_POINT('',#3850);
#3850 = CARTESIAN_POINT('',(25.547204971313,70.360786437988,0.));
#3851 = LINE('',#3852,#3853);
#3852 = CARTESIAN_POINT('',(25.547204971313,70.360786437988,0.));
#3853 = VECTOR('',#3854,1.);
#3854 = DIRECTION('',(0.,0.,1.));
#3855 = ORIENTED_EDGE('',*,*,#3856,.F.);
#3856 = EDGE_CURVE('',#3801,#3849,#3857,.T.);
#3857 = LINE('',#3858,#3859);
#3858 = CARTESIAN_POINT('',(24.538354873657,70.090881347656,0.));
#3859 = VECTOR('',#3860,1.);
#3860 = DIRECTION('',(0.966025215438,0.258447834462,0.));
#3861 = ORIENTED_EDGE('',*,*,#3800,.T.);
#3862 = ORIENTED_EDGE('',*,*,#458,.F.);
#3863 = PLANE('',#3864);
#3864 = AXIS2_PLACEMENT_3D('',#3865,#3866,#3867);
#3865 = CARTESIAN_POINT('',(25.042779922485,70.225833892822,8.));
#3866 = DIRECTION('',(-0.258447834462,0.966025215438,0.));
#3867 = DIRECTION('',(0.966025215438,0.258447834462,0.));
#3868 = ADVANCED_FACE('',(#3869),#3887,.T.);
#3869 = FACE_BOUND('',#3870,.T.);
#3870 = EDGE_LOOP('',(#3871,#3872,#3880,#3886));
#3871 = ORIENTED_EDGE('',*,*,#3824,.F.);
#3872 = ORIENTED_EDGE('',*,*,#3873,.F.);
#3873 = EDGE_CURVE('',#3874,#3825,#3876,.T.);
#3874 = VERTEX_POINT('',#3875);
#3875 = CARTESIAN_POINT('',(36.374053955078,35.255577087402,0.));
#3876 = LINE('',#3877,#3878);
#3877 = CARTESIAN_POINT('',(36.374053955078,35.255577087402,0.));
#3878 = VECTOR('',#3879,1.);
#3879 = DIRECTION('',(0.492101475772,-0.870537843832,0.));
#3880 = ORIENTED_EDGE('',*,*,#3881,.T.);
#3881 = EDGE_CURVE('',#3874,#243,#3882,.T.);
#3882 = LINE('',#3883,#3884);
#3883 = CARTESIAN_POINT('',(36.374053955078,35.255577087402,0.));
#3884 = VECTOR('',#3885,1.);
#3885 = DIRECTION('',(0.,0.,1.));
#3886 = ORIENTED_EDGE('',*,*,#242,.F.);
#3887 = PLANE('',#3888);
#3888 = AXIS2_PLACEMENT_3D('',#3889,#3890,#3891);
#3889 = CARTESIAN_POINT('',(36.59087562561,34.87201499939,8.));
#3890 = DIRECTION('',(0.870537843832,0.492101475772,0.));
#3891 = DIRECTION('',(-0.492101475772,0.870537843832,0.));
#3892 = ADVANCED_FACE('',(#3893),#3911,.T.);
#3893 = FACE_BOUND('',#3894,.T.);
#3894 = EDGE_LOOP('',(#3895,#3903,#3909,#3910));
#3895 = ORIENTED_EDGE('',*,*,#3896,.F.);
#3896 = EDGE_CURVE('',#3897,#443,#3899,.T.);
#3897 = VERTEX_POINT('',#3898);
#3898 = CARTESIAN_POINT('',(26.49397277832,70.801536560059,0.));
#3899 = LINE('',#3900,#3901);
#3900 = CARTESIAN_POINT('',(26.49397277832,70.801536560059,0.));
#3901 = VECTOR('',#3902,1.);
#3902 = DIRECTION('',(0.,0.,1.));
#3903 = ORIENTED_EDGE('',*,*,#3904,.F.);
#3904 = EDGE_CURVE('',#3849,#3897,#3905,.T.);
#3905 = LINE('',#3906,#3907);
#3906 = CARTESIAN_POINT('',(25.547204971313,70.360786437988,0.));
#3907 = VECTOR('',#3908,1.);
#3908 = DIRECTION('',(0.9065771575,0.422040113613,0.));
#3909 = ORIENTED_EDGE('',*,*,#3848,.T.);
#3910 = ORIENTED_EDGE('',*,*,#450,.F.);
#3911 = PLANE('',#3912);
#3912 = AXIS2_PLACEMENT_3D('',#3913,#3914,#3915);
#3913 = CARTESIAN_POINT('',(26.020588874817,70.581161499023,8.));
#3914 = DIRECTION('',(-0.422040113613,0.9065771575,0.));
#3915 = DIRECTION('',(0.9065771575,0.422040113613,0.));
#3916 = ADVANCED_FACE('',(#3917),#3935,.T.);
#3917 = FACE_BOUND('',#3918,.T.);
#3918 = EDGE_LOOP('',(#3919,#3920,#3928,#3934));
#3919 = ORIENTED_EDGE('',*,*,#3881,.F.);
#3920 = ORIENTED_EDGE('',*,*,#3921,.F.);
#3921 = EDGE_CURVE('',#3922,#3874,#3924,.T.);
#3922 = VERTEX_POINT('',#3923);
#3923 = CARTESIAN_POINT('',(36.05744934082,36.077949523926,0.));
#3924 = LINE('',#3925,#3926);
#3925 = CARTESIAN_POINT('',(36.05744934082,36.077949523926,0.));
#3926 = VECTOR('',#3927,1.);
#3927 = DIRECTION('',(0.359283066502,-0.933228631218,0.));
#3928 = ORIENTED_EDGE('',*,*,#3929,.T.);
#3929 = EDGE_CURVE('',#3922,#251,#3930,.T.);
#3930 = LINE('',#3931,#3932);
#3931 = CARTESIAN_POINT('',(36.05744934082,36.077949523926,0.));
#3932 = VECTOR('',#3933,1.);
#3933 = DIRECTION('',(0.,0.,1.));
#3934 = ORIENTED_EDGE('',*,*,#250,.F.);
#3935 = PLANE('',#3936);
#3936 = AXIS2_PLACEMENT_3D('',#3937,#3938,#3939);
#3937 = CARTESIAN_POINT('',(36.215751647949,35.666763305664,8.));
#3938 = DIRECTION('',(0.933228631218,0.359283066502,0.));
#3939 = DIRECTION('',(-0.359283066502,0.933228631218,0.));
#3940 = ADVANCED_FACE('',(#3941),#3959,.T.);
#3941 = FACE_BOUND('',#3942,.T.);
#3942 = EDGE_LOOP('',(#3943,#3951,#3957,#3958));
#3943 = ORIENTED_EDGE('',*,*,#3944,.F.);
#3944 = EDGE_CURVE('',#3945,#435,#3947,.T.);
#3945 = VERTEX_POINT('',#3946);
#3946 = CARTESIAN_POINT('',(27.349977493286,71.399765014648,0.));
#3947 = LINE('',#3948,#3949);
#3948 = CARTESIAN_POINT('',(27.349977493286,71.399765014648,0.));
#3949 = VECTOR('',#3950,1.);
#3950 = DIRECTION('',(0.,0.,1.));
#3951 = ORIENTED_EDGE('',*,*,#3952,.F.);
#3952 = EDGE_CURVE('',#3897,#3945,#3953,.T.);
#3953 = LINE('',#3954,#3955);
#3954 = CARTESIAN_POINT('',(26.49397277832,70.801536560059,0.));
#3955 = VECTOR('',#3956,1.);
#3956 = DIRECTION('',(0.819670222512,0.572835688769,0.));
#3957 = ORIENTED_EDGE('',*,*,#3896,.T.);
#3958 = ORIENTED_EDGE('',*,*,#442,.F.);
#3959 = PLANE('',#3960);
#3960 = AXIS2_PLACEMENT_3D('',#3961,#3962,#3963);
#3961 = CARTESIAN_POINT('',(26.921975135803,71.100650787354,8.));
#3962 = DIRECTION('',(-0.572835688769,0.819670222512,0.));
#3963 = DIRECTION('',(0.819670222512,0.572835688769,0.));
#3964 = ADVANCED_FACE('',(#3965),#3983,.T.);
#3965 = FACE_BOUND('',#3966,.T.);
#3966 = EDGE_LOOP('',(#3967,#3968,#3976,#3982));
#3967 = ORIENTED_EDGE('',*,*,#3929,.F.);
#3968 = ORIENTED_EDGE('',*,*,#3969,.F.);
#3969 = EDGE_CURVE('',#3970,#3922,#3972,.T.);
#3970 = VERTEX_POINT('',#3971);
#3971 = CARTESIAN_POINT('',(35.864711761475,36.93782043457,0.));
#3972 = LINE('',#3973,#3974);
#3973 = CARTESIAN_POINT('',(35.864711761475,36.93782043457,0.));
#3974 = VECTOR('',#3975,1.);
#3975 = DIRECTION('',(0.21871998492,-0.975787665528,0.));
#3976 = ORIENTED_EDGE('',*,*,#3977,.T.);
#3977 = EDGE_CURVE('',#3970,#259,#3978,.T.);
#3978 = LINE('',#3979,#3980);
#3979 = CARTESIAN_POINT('',(35.864711761475,36.93782043457,0.));
#3980 = VECTOR('',#3981,1.);
#3981 = DIRECTION('',(0.,0.,1.));
#3982 = ORIENTED_EDGE('',*,*,#258,.F.);
#3983 = PLANE('',#3984);
#3984 = AXIS2_PLACEMENT_3D('',#3985,#3986,#3987);
#3985 = CARTESIAN_POINT('',(35.961080551147,36.507884979248,8.));
#3986 = DIRECTION('',(0.975787665528,0.21871998492,0.));
#3987 = DIRECTION('',(-0.21871998492,0.975787665528,0.));
#3988 = ADVANCED_FACE('',(#3989),#3999,.T.);
#3989 = FACE_BOUND('',#3990,.T.);
#3990 = EDGE_LOOP('',(#3991,#3992,#3998));
#3991 = ORIENTED_EDGE('',*,*,#434,.F.);
#3992 = ORIENTED_EDGE('',*,*,#3993,.F.);
#3993 = EDGE_CURVE('',#3945,#427,#3994,.T.);
#3994 = LINE('',#3995,#3996);
#3995 = CARTESIAN_POINT('',(27.349977493286,71.399765014648,0.));
#3996 = VECTOR('',#3997,1.);
#3997 = DIRECTION('',(3.45058432834E-02,3.284440452248E-02,
    0.998864651427));
#3998 = ORIENTED_EDGE('',*,*,#3944,.T.);
#3999 = PLANE('',#4000);
#4000 = AXIS2_PLACEMENT_3D('',#4001,#4002,#4003);
#4001 = CARTESIAN_POINT('',(27.491450955251,71.534426601551,
    8.186223255102));
#4002 = DIRECTION('',(-0.68945367253,0.724329782237,0.));
#4003 = DIRECTION('',(0.724329782237,0.68945367253,0.));
#4004 = ADVANCED_FACE('',(#4005),#4023,.T.);
#4005 = FACE_BOUND('',#4006,.T.);
#4006 = EDGE_LOOP('',(#4007,#4008,#4016,#4022));
#4007 = ORIENTED_EDGE('',*,*,#3977,.F.);
#4008 = ORIENTED_EDGE('',*,*,#4009,.F.);
#4009 = EDGE_CURVE('',#4010,#3970,#4012,.T.);
#4010 = VERTEX_POINT('',#4011);
#4011 = CARTESIAN_POINT('',(35.800003051758,37.816654205322,0.));
#4012 = LINE('',#4013,#4014);
#4013 = CARTESIAN_POINT('',(35.800003051758,37.816654205322,0.));
#4014 = VECTOR('',#4015,1.);
#4015 = DIRECTION('',(7.343142212454E-02,-0.997300268848,0.));
#4016 = ORIENTED_EDGE('',*,*,#4017,.F.);
#4017 = EDGE_CURVE('',#267,#4010,#4018,.T.);
#4018 = LINE('',#4019,#4020);
#4019 = CARTESIAN_POINT('',(35.800003051758,37.816654205322,16.));
#4020 = VECTOR('',#4021,1.);
#4021 = DIRECTION('',(0.,0.,-1.));
#4022 = ORIENTED_EDGE('',*,*,#266,.F.);
#4023 = PLANE('',#4024);
#4024 = AXIS2_PLACEMENT_3D('',#4025,#4026,#4027);
#4025 = CARTESIAN_POINT('',(35.832357406616,37.377237319946,8.));
#4026 = DIRECTION('',(0.997300268848,7.343142212454E-02,0.));
#4027 = DIRECTION('',(-7.343142212454E-02,0.997300268848,0.));
#4028 = ADVANCED_FACE('',(#4029),#4046,.T.);
#4029 = FACE_BOUND('',#4030,.T.);
#4030 = EDGE_LOOP('',(#4031,#4032,#4040));
#4031 = ORIENTED_EDGE('',*,*,#426,.T.);
#4032 = ORIENTED_EDGE('',*,*,#4033,.F.);
#4033 = EDGE_CURVE('',#4034,#419,#4036,.T.);
#4034 = VERTEX_POINT('',#4035);
#4035 = CARTESIAN_POINT('',(28.036588668823,72.075576782227,
    15.970900535583));
#4036 = LINE('',#4037,#4038);
#4037 = CARTESIAN_POINT('',(28.036588668823,72.075576782227,
    15.970900535583));
#4038 = VECTOR('',#4039,1.);
#4039 = DIRECTION('',(0.998888080752,-4.627830693925E-02,
    8.995578812285E-03));
#4040 = ORIENTED_EDGE('',*,*,#4041,.T.);
#4041 = EDGE_CURVE('',#4034,#427,#4042,.T.);
#4042 = LINE('',#4043,#4044);
#4043 = CARTESIAN_POINT('',(28.036588668823,72.075576782227,
    15.970900535583));
#4044 = VECTOR('',#4045,1.);
#4045 = DIRECTION('',(-0.659752483702,-0.737676153408,0.14338951476));
#4046 = PLANE('',#4047);
#4047 = AXIS2_PLACEMENT_3D('',#4048,#4049,#4050);
#4048 = CARTESIAN_POINT('',(29.568913374748,71.963698458411,
    15.992647447816));
#4049 = DIRECTION('',(0.,0.190808733818,0.981627234289));
#4050 = DIRECTION('',(0.,0.981627234289,-0.190808733818));
#4051 = ADVANCED_FACE('',(#4052),#4182,.T.);
#4052 = FACE_BOUND('',#4053,.T.);
#4053 = EDGE_LOOP('',(#4054,#4062,#4063,#4064,#4072,#4080,#4088,#4096,
    #4104,#4112,#4120,#4128,#4136,#4144,#4152,#4160,#4168,#4176));
#4054 = ORIENTED_EDGE('',*,*,#4055,.T.);
#4055 = EDGE_CURVE('',#4056,#275,#4058,.T.);
#4056 = VERTEX_POINT('',#4057);
#4057 = CARTESIAN_POINT('',(35.800003051758,62.193004608154,
    15.722414016724));
#4058 = LINE('',#4059,#4060);
#4059 = CARTESIAN_POINT('',(35.800003051758,62.193004608154,
    15.722414016724));
#4060 = VECTOR('',#4061,1.);
#4061 = DIRECTION('',(0.,-0.797258184114,0.603638457907));
#4062 = ORIENTED_EDGE('',*,*,#274,.F.);
#4063 = ORIENTED_EDGE('',*,*,#4017,.T.);
#4064 = ORIENTED_EDGE('',*,*,#4065,.F.);
#4065 = EDGE_CURVE('',#4066,#4010,#4068,.T.);
#4066 = VERTEX_POINT('',#4067);
#4067 = CARTESIAN_POINT('',(35.800003051758,61.82638168335,
    -1.192622389734E-15));
#4068 = LINE('',#4069,#4070);
#4069 = CARTESIAN_POINT('',(35.800003051758,61.82638168335,0.));
#4070 = VECTOR('',#4071,1.);
#4071 = DIRECTION('',(0.,-1.,0.));
#4072 = ORIENTED_EDGE('',*,*,#4073,.F.);
#4073 = EDGE_CURVE('',#4074,#4066,#4076,.T.);
#4074 = VERTEX_POINT('',#4075);
#4075 = CARTESIAN_POINT('',(35.800003051758,62.389106750488,
    0.455422103405));
#4076 = LINE('',#4077,#4078);
#4077 = CARTESIAN_POINT('',(35.800003051758,62.389106750488,
    0.455422103405));
#4078 = VECTOR('',#4079,1.);
#4079 = DIRECTION('',(0.,-0.777324062628,-0.629100390764));
#4080 = ORIENTED_EDGE('',*,*,#4081,.T.);
#4081 = EDGE_CURVE('',#4074,#4082,#4084,.T.);
#4082 = VERTEX_POINT('',#4083);
#4083 = CARTESIAN_POINT('',(35.800003051758,62.523567199707,
    0.611109912395));
#4084 = LINE('',#4085,#4086);
#4085 = CARTESIAN_POINT('',(35.800003051758,62.389106750488,
    0.455422103405));
#4086 = VECTOR('',#4087,1.);
#4087 = DIRECTION('',(0.,0.653627655366,0.756816284273));
#4088 = ORIENTED_EDGE('',*,*,#4089,.T.);
#4089 = EDGE_CURVE('',#4082,#4090,#4092,.T.);
#4090 = VERTEX_POINT('',#4091);
#4091 = CARTESIAN_POINT('',(35.800003051758,62.614849090576,
    0.716802299023));
#4092 = LINE('',#4093,#4094);
#4093 = CARTESIAN_POINT('',(35.800003051758,62.523567199707,
    0.611109912395));
#4094 = VECTOR('',#4095,1.);
#4095 = DIRECTION('',(0.,0.653628493219,0.756815560656));
#4096 = ORIENTED_EDGE('',*,*,#4097,.T.);
#4097 = EDGE_CURVE('',#4090,#4098,#4100,.T.);
#4098 = VERTEX_POINT('',#4099);
#4099 = CARTESIAN_POINT('',(35.800003051758,62.718719482422,
    0.891919434071));
#4100 = LINE('',#4101,#4102);
#4101 = CARTESIAN_POINT('',(35.800003051758,62.614849090576,
    0.716802299023));
#4102 = VECTOR('',#4103,1.);
#4103 = DIRECTION('',(0.,0.510155939487,0.860081924822));
#4104 = ORIENTED_EDGE('',*,*,#4105,.T.);
#4105 = EDGE_CURVE('',#4098,#4106,#4108,.T.);
#4106 = VERTEX_POINT('',#4107);
#4107 = CARTESIAN_POINT('',(35.800003051758,62.767879486084,
    1.022962331772));
#4108 = LINE('',#4109,#4110);
#4109 = CARTESIAN_POINT('',(35.800003051758,62.718719482422,
    0.891919434071));
#4110 = VECTOR('',#4111,1.);
#4111 = DIRECTION('',(0.,0.351241934966,0.936284734));
#4112 = ORIENTED_EDGE('',*,*,#4113,.T.);
#4113 = EDGE_CURVE('',#4106,#4114,#4116,.T.);
#4114 = VERTEX_POINT('',#4115);
#4115 = CARTESIAN_POINT('',(35.800003051758,62.787620544434,
    1.129770278931));
#4116 = LINE('',#4117,#4118);
#4117 = CARTESIAN_POINT('',(35.800003051758,62.767879486084,
    1.022962331772));
#4118 = VECTOR('',#4119,1.);
#4119 = DIRECTION('',(0.,0.181749294695,0.983344900774));
#4120 = ORIENTED_EDGE('',*,*,#4121,.T.);
#4121 = EDGE_CURVE('',#4114,#4122,#4124,.T.);
#4122 = VERTEX_POINT('',#4123);
#4123 = CARTESIAN_POINT('',(35.800003051758,62.790004730225,
    1.180535316467));
#4124 = LINE('',#4125,#4126);
#4125 = CARTESIAN_POINT('',(35.800003051758,62.787620544434,
    1.129770278931));
#4126 = VECTOR('',#4127,1.);
#4127 = DIRECTION('',(0.,4.691340384951E-02,0.998898960125));
#4128 = ORIENTED_EDGE('',*,*,#4129,.T.);
#4129 = EDGE_CURVE('',#4122,#4130,#4132,.T.);
#4130 = VERTEX_POINT('',#4131);
#4131 = CARTESIAN_POINT('',(35.800003051758,62.790004730225,
    14.819464683533));
#4132 = LINE('',#4133,#4134);
#4133 = CARTESIAN_POINT('',(35.800003051758,62.790004730225,
    1.180535316467));
#4134 = VECTOR('',#4135,1.);
#4135 = DIRECTION('',(0.,0.,1.));
#4136 = ORIENTED_EDGE('',*,*,#4137,.T.);
#4137 = EDGE_CURVE('',#4130,#4138,#4140,.T.);
#4138 = VERTEX_POINT('',#4139);
#4139 = CARTESIAN_POINT('',(35.800003051758,62.781154632568,
    14.918147087097));
#4140 = LINE('',#4141,#4142);
#4141 = CARTESIAN_POINT('',(35.800003051758,62.790004730225,
    14.819464683533));
#4142 = VECTOR('',#4143,1.);
#4143 = DIRECTION('',(0.,-8.932413525419E-02,0.996002609867));
#4144 = ORIENTED_EDGE('',*,*,#4145,.T.);
#4145 = EDGE_CURVE('',#4138,#4146,#4148,.T.);
#4146 = VERTEX_POINT('',#4147);
#4147 = CARTESIAN_POINT('',(35.800003051758,62.749504089355,
    15.034595489502));
#4148 = LINE('',#4149,#4150);
#4149 = CARTESIAN_POINT('',(35.800003051758,62.781154632568,
    14.918147087097));
#4150 = VECTOR('',#4151,1.);
#4151 = DIRECTION('',(0.,-0.262283423683,0.964990883719));
#4152 = ORIENTED_EDGE('',*,*,#4153,.T.);
#4153 = EDGE_CURVE('',#4146,#4154,#4156,.T.);
#4154 = VERTEX_POINT('',#4155);
#4155 = CARTESIAN_POINT('',(35.800003051758,62.679359436035,
    15.182965278625));
#4156 = LINE('',#4157,#4158);
#4157 = CARTESIAN_POINT('',(35.800003051758,62.749504089355,
    15.034595489502));
#4158 = VECTOR('',#4159,1.);
#4159 = DIRECTION('',(0.,-0.427410532221,0.90405765134));
#4160 = ORIENTED_EDGE('',*,*,#4161,.T.);
#4161 = EDGE_CURVE('',#4154,#4162,#4164,.T.);
#4162 = VERTEX_POINT('',#4163);
#4163 = CARTESIAN_POINT('',(35.800003051758,62.534042358398,
    15.3872423172));
#4164 = LINE('',#4165,#4166);
#4165 = CARTESIAN_POINT('',(35.800003051758,62.679359436035,
    15.182965278625));
#4166 = VECTOR('',#4167,1.);
#4167 = DIRECTION('',(0.,-0.579665264561,0.814854699355));
#4168 = ORIENTED_EDGE('',*,*,#4169,.T.);
#4169 = EDGE_CURVE('',#4162,#4170,#4172,.T.);
#4170 = VERTEX_POINT('',#4171);
#4171 = CARTESIAN_POINT('',(35.800003051758,62.531394958496,
    15.390956878662));
#4172 = LINE('',#4173,#4174);
#4173 = CARTESIAN_POINT('',(35.800003051758,62.534042358398,
    15.3872423172));
#4174 = VECTOR('',#4175,1.);
#4175 = DIRECTION('',(0.,-0.580387456566,0.814340469497));
#4176 = ORIENTED_EDGE('',*,*,#4177,.T.);
#4177 = EDGE_CURVE('',#4170,#4056,#4178,.T.);
#4178 = LINE('',#4179,#4180);
#4179 = CARTESIAN_POINT('',(35.800003051758,62.531394958496,
    15.390956878662));
#4180 = VECTOR('',#4181,1.);
#4181 = DIRECTION('',(0.,-0.714387377655,0.699750437404));
#4182 = PLANE('',#4183);
#4183 = AXIS2_PLACEMENT_3D('',#4184,#4185,#4186);
#4184 = CARTESIAN_POINT('',(35.800003051758,50.122655264494,
    8.000072110307));
#4185 = DIRECTION('',(1.,0.,0.));
#4186 = DIRECTION('',(0.,0.,1.));
#4187 = ADVANCED_FACE('',(#4188),#4205,.T.);
#4188 = FACE_BOUND('',#4189,.T.);
#4189 = EDGE_LOOP('',(#4190,#4198,#4204));
#4190 = ORIENTED_EDGE('',*,*,#4191,.T.);
#4191 = EDGE_CURVE('',#411,#4192,#4194,.T.);
#4192 = VERTEX_POINT('',#4193);
#4193 = CARTESIAN_POINT('',(28.269002914429,92.162330627441,
    12.01824092865));
#4194 = LINE('',#4195,#4196);
#4195 = CARTESIAN_POINT('',(31.355247497559,71.919548034668,16.));
#4196 = VECTOR('',#4197,1.);
#4197 = DIRECTION('',(-0.147948670656,0.970400334229,-0.190877924808));
#4198 = ORIENTED_EDGE('',*,*,#4199,.F.);
#4199 = EDGE_CURVE('',#419,#4192,#4200,.T.);
#4200 = LINE('',#4201,#4202);
#4201 = CARTESIAN_POINT('',(31.267854690552,71.925872802734,16.));
#4202 = VECTOR('',#4203,1.);
#4203 = DIRECTION('',(-0.143889537645,0.970976486121,-0.191050947017));
#4204 = ORIENTED_EDGE('',*,*,#418,.F.);
#4205 = PLANE('',#4206);
#4206 = AXIS2_PLACEMENT_3D('',#4207,#4208,#4209);
#4207 = CARTESIAN_POINT('',(29.793476607394,82.021301131416,
    14.013294834107));
#4208 = DIRECTION('',(1.411641454615E-02,0.195054281686,0.980690855487)
  );
#4209 = DIRECTION('',(-3.372907181861E-20,0.980788582776,-0.195073719132
    ));
#4210 = ADVANCED_FACE('',(#4211),#4221,.T.);
#4211 = FACE_BOUND('',#4212,.T.);
#4212 = EDGE_LOOP('',(#4213,#4214,#4220));
#4213 = ORIENTED_EDGE('',*,*,#4055,.F.);
#4214 = ORIENTED_EDGE('',*,*,#4215,.F.);
#4215 = EDGE_CURVE('',#283,#4056,#4216,.T.);
#4216 = LINE('',#4217,#4218);
#4217 = CARTESIAN_POINT('',(35.767883300781,61.949966430664,16.));
#4218 = VECTOR('',#4219,1.);
#4219 = DIRECTION('',(8.672996632506E-02,0.656253311703,-0.749539527857)
  );
#4220 = ORIENTED_EDGE('',*,*,#282,.F.);
#4221 = PLANE('',#4222);
#4222 = AXIS2_PLACEMENT_3D('',#4223,#4224,#4225);
#4223 = CARTESIAN_POINT('',(35.791653070453,62.017384528334,
    15.879708715182));
#4224 = DIRECTION('',(0.918483514193,0.238714423851,0.315283139417));
#4225 = DIRECTION('',(-0.324669392444,-1.685922843825E-18,0.945827566531
    ));
#4226 = ADVANCED_FACE('',(#4227),#4237,.T.);
#4227 = FACE_BOUND('',#4228,.T.);
#4228 = EDGE_LOOP('',(#4229,#4235,#4236));
#4229 = ORIENTED_EDGE('',*,*,#4230,.F.);
#4230 = EDGE_CURVE('',#4192,#403,#4231,.T.);
#4231 = LINE('',#4232,#4233);
#4232 = CARTESIAN_POINT('',(28.269002914429,92.162330627441,
    12.01824092865));
#4233 = VECTOR('',#4234,1.);
#4234 = DIRECTION('',(0.153468910284,-0.96962615773,0.190453164381));
#4235 = ORIENTED_EDGE('',*,*,#4191,.F.);
#4236 = ORIENTED_EDGE('',*,*,#410,.F.);
#4237 = PLANE('',#4238);
#4238 = AXIS2_PLACEMENT_3D('',#4239,#4240,#4241);
#4239 = CARTESIAN_POINT('',(29.847453535878,82.00330560436,
    14.015093003831));
#4240 = DIRECTION('',(4.729794964011E-02,0.199723566721,0.978710069866)
  );
#4241 = DIRECTION('',(3.121717223613E-19,0.979806644277,-0.199947342647)
  );
#4242 = ADVANCED_FACE('',(#4243),#4260,.T.);
#4243 = FACE_BOUND('',#4244,.T.);
#4244 = EDGE_LOOP('',(#4245,#4253,#4254));
#4245 = ORIENTED_EDGE('',*,*,#4246,.T.);
#4246 = EDGE_CURVE('',#4247,#291,#4249,.T.);
#4247 = VERTEX_POINT('',#4248);
#4248 = CARTESIAN_POINT('',(29.573274612427,97.592231750488,
    9.069966316223));
#4249 = LINE('',#4250,#4251);
#4250 = CARTESIAN_POINT('',(29.573274612427,97.592231750488,
    9.069966316223));
#4251 = VECTOR('',#4252,1.);
#4252 = DIRECTION('',(0.162591610216,-0.966227043055,0.199923159129));
#4253 = ORIENTED_EDGE('',*,*,#290,.F.);
#4254 = ORIENTED_EDGE('',*,*,#4255,.T.);
#4255 = EDGE_CURVE('',#283,#4247,#4256,.T.);
#4256 = LINE('',#4257,#4258);
#4257 = CARTESIAN_POINT('',(35.767883300781,61.949966430664,16.));
#4258 = VECTOR('',#4259,1.);
#4259 = DIRECTION('',(-0.168174762068,0.967636503173,-0.188140498379));
#4260 = PLANE('',#4261);
#4261 = AXIS2_PLACEMENT_3D('',#4262,#4263,#4264);
#4262 = CARTESIAN_POINT('',(32.624140302906,79.77194616687,
    12.639371195847));
#4263 = DIRECTION('',(0.889609893233,0.231197212887,0.393880802547));
#4264 = DIRECTION('',(-0.404849425888,7.86262099478E-18,0.91438336728));
#4265 = ADVANCED_FACE('',(#4266),#4276,.T.);
#4266 = FACE_BOUND('',#4267,.T.);
#4267 = EDGE_LOOP('',(#4268,#4269,#4270));
#4268 = ORIENTED_EDGE('',*,*,#4230,.T.);
#4269 = ORIENTED_EDGE('',*,*,#402,.F.);
#4270 = ORIENTED_EDGE('',*,*,#4271,.T.);
#4271 = EDGE_CURVE('',#395,#4192,#4272,.T.);
#4272 = LINE('',#4273,#4274);
#4273 = CARTESIAN_POINT('',(31.628582000732,71.825180053711,16.));
#4274 = VECTOR('',#4275,1.);
#4275 = DIRECTION('',(-0.160026978963,0.968720391284,-0.189663305664));
#4276 = PLANE('',#4277);
#4277 = AXIS2_PLACEMENT_3D('',#4278,#4279,#4280);
#4278 = CARTESIAN_POINT('',(29.917535371299,81.970349063351,
    14.016910478123));
#4279 = DIRECTION('',(8.899661319344E-02,0.205515945473,0.974598788731)
  );
#4280 = DIRECTION('',(4.311994151514E-19,0.978481473056,-0.206334696275)
  );
#4281 = ADVANCED_FACE('',(#4282),#4299,.T.);
#4282 = FACE_BOUND('',#4283,.T.);
#4283 = EDGE_LOOP('',(#4284,#4285,#4293));
#4284 = ORIENTED_EDGE('',*,*,#298,.F.);
#4285 = ORIENTED_EDGE('',*,*,#4286,.F.);
#4286 = EDGE_CURVE('',#4287,#291,#4289,.T.);
#4287 = VERTEX_POINT('',#4288);
#4288 = CARTESIAN_POINT('',(29.391708374023,97.463966369629,
    9.537588119507));
#4289 = LINE('',#4290,#4291);
#4290 = CARTESIAN_POINT('',(29.391708374023,97.463966369629,
    9.537588119507));
#4291 = VECTOR('',#4292,1.);
#4292 = DIRECTION('',(0.168727770604,-0.967678001967,0.187430584316));
#4293 = ORIENTED_EDGE('',*,*,#4294,.T.);
#4294 = EDGE_CURVE('',#4287,#299,#4295,.T.);
#4295 = LINE('',#4296,#4297);
#4296 = CARTESIAN_POINT('',(29.391708374023,97.463966369629,
    9.537588119507));
#4297 = VECTOR('',#4298,1.);
#4298 = DIRECTION('',(0.167787844709,-0.967572655389,0.188813123779));
#4299 = PLANE('',#4300);
#4300 = AXIS2_PLACEMENT_3D('',#4301,#4302,#4303);
#4301 = CARTESIAN_POINT('',(32.292715271372,80.78104682711,
    12.780926192686));
#4302 = DIRECTION('',(0.810456270377,0.244428862242,0.532367509442));
#4303 = DIRECTION('',(-0.549020833711,-9.964092562778E-18,0.835808664798
    ));
#4304 = ADVANCED_FACE('',(#4305),#4315,.T.);
#4305 = FACE_BOUND('',#4306,.T.);
#4306 = EDGE_LOOP('',(#4307,#4313,#4314));
#4307 = ORIENTED_EDGE('',*,*,#4308,.T.);
#4308 = EDGE_CURVE('',#387,#4192,#4309,.T.);
#4309 = LINE('',#4310,#4311);
#4310 = CARTESIAN_POINT('',(31.823917388916,71.695762634277,16.));
#4311 = VECTOR('',#4312,1.);
#4312 = DIRECTION('',(-0.168071720842,0.967632646869,-0.188252376788));
#4313 = ORIENTED_EDGE('',*,*,#4271,.F.);
#4314 = ORIENTED_EDGE('',*,*,#394,.F.);
#4315 = PLANE('',#4316);
#4316 = AXIS2_PLACEMENT_3D('',#4317,#4318,#4319);
#4317 = CARTESIAN_POINT('',(30.007365272708,81.904879337608,
    14.020128150994));
#4318 = DIRECTION('',(0.140843441707,0.212581184816,0.966939690358));
#4319 = DIRECTION('',(-9.915121395757E-19,0.976675306267,-0.214721554877
    ));
#4320 = ADVANCED_FACE('',(#4321),#4338,.T.);
#4321 = FACE_BOUND('',#4322,.T.);
#4322 = EDGE_LOOP('',(#4323,#4324,#4332));
#4323 = ORIENTED_EDGE('',*,*,#306,.F.);
#4324 = ORIENTED_EDGE('',*,*,#4325,.F.);
#4325 = EDGE_CURVE('',#4326,#299,#4328,.T.);
#4326 = VERTEX_POINT('',#4327);
#4327 = CARTESIAN_POINT('',(29.380035400391,97.45458984375,
    9.561876296997));
#4328 = LINE('',#4329,#4330);
#4329 = CARTESIAN_POINT('',(29.380035400391,97.45458984375,
    9.561876296997));
#4330 = VECTOR('',#4331,1.);
#4331 = DIRECTION('',(0.168186338831,-0.967629189928,0.188167760868));
#4332 = ORIENTED_EDGE('',*,*,#4333,.T.);
#4333 = EDGE_CURVE('',#4326,#307,#4334,.T.);
#4334 = LINE('',#4335,#4336);
#4335 = CARTESIAN_POINT('',(29.380035400391,97.45458984375,
    9.561876296997));
#4336 = VECTOR('',#4337,1.);
#4337 = DIRECTION('',(0.160833454437,-0.966723612573,0.198942345487));
#4338 = PLANE('',#4339);
#4339 = AXIS2_PLACEMENT_3D('',#4340,#4341,#4342);
#4340 = CARTESIAN_POINT('',(32.199737915271,80.896776047566,
    12.870414118209));
#4341 = DIRECTION('',(0.810384541993,0.244404245248,0.532487989539));
#4342 = DIRECTION('',(-0.549141568611,1.002038019187E-17,0.835729344719)
  );
#4343 = ADVANCED_FACE('',(#4344),#4361,.T.);
#4344 = FACE_BOUND('',#4345,.T.);
#4345 = EDGE_LOOP('',(#4346,#4354,#4360));
#4346 = ORIENTED_EDGE('',*,*,#4347,.T.);
#4347 = EDGE_CURVE('',#379,#4348,#4350,.T.);
#4348 = VERTEX_POINT('',#4349);
#4349 = CARTESIAN_POINT('',(28.307729721069,92.184089660645,
    12.010038375854));
#4350 = LINE('',#4351,#4352);
#4351 = CARTESIAN_POINT('',(31.831882476807,71.690483093262,16.));
#4352 = VECTOR('',#4353,1.);
#4353 = DIRECTION('',(-0.166439769178,0.967878347824,-0.18843913354));
#4354 = ORIENTED_EDGE('',*,*,#4355,.F.);
#4355 = EDGE_CURVE('',#387,#4348,#4356,.T.);
#4356 = LINE('',#4357,#4358);
#4357 = CARTESIAN_POINT('',(31.823917388916,71.695762634277,16.));
#4358 = VECTOR('',#4359,1.);
#4359 = DIRECTION('',(-0.166114071915,0.967923145914,-0.188496415659));
#4360 = ORIENTED_EDGE('',*,*,#386,.F.);
#4361 = PLANE('',#4362);
#4362 = AXIS2_PLACEMENT_3D('',#4363,#4364,#4365);
#4363 = CARTESIAN_POINT('',(30.068212273415,81.936294280665,
    14.005469333476));
#4364 = DIRECTION('',(0.140839263849,0.212480045764,0.9669625287));
#4365 = DIRECTION('',(1.195302605318E-18,0.976697788221,-0.214619268668)
  );
#4366 = ADVANCED_FACE('',(#4367),#4384,.T.);
#4367 = FACE_BOUND('',#4368,.T.);
#4368 = EDGE_LOOP('',(#4369,#4370,#4378));
#4369 = ORIENTED_EDGE('',*,*,#314,.F.);
#4370 = ORIENTED_EDGE('',*,*,#4371,.T.);
#4371 = EDGE_CURVE('',#307,#4372,#4374,.T.);
#4372 = VERTEX_POINT('',#4373);
#4373 = CARTESIAN_POINT('',(29.136823654175,97.247024536133,
    10.0043592453));
#4374 = LINE('',#4375,#4376);
#4375 = CARTESIAN_POINT('',(34.584888458252,66.169715881348,16.));
#4376 = VECTOR('',#4377,1.);
#4377 = DIRECTION('',(-0.169637849249,0.967662461852,-0.186687867908));
#4378 = ORIENTED_EDGE('',*,*,#4379,.T.);
#4379 = EDGE_CURVE('',#4372,#315,#4380,.T.);
#4380 = LINE('',#4381,#4382);
#4381 = CARTESIAN_POINT('',(29.136823654175,97.247024536133,
    10.0043592453));
#4382 = VECTOR('',#4383,1.);
#4383 = DIRECTION('',(0.167739400163,-0.967600104443,0.188715477678));
#4384 = PLANE('',#4385);
#4385 = AXIS2_PLACEMENT_3D('',#4386,#4387,#4388);
#4386 = CARTESIAN_POINT('',(31.846245673794,81.706178506407,
    13.018805539804));
#4387 = DIRECTION('',(0.710381690221,0.251364587627,0.65739919249));
#4388 = DIRECTION('',(-0.679206842852,6.766222048691E-18,0.733946908586)
  );
#4389 = ADVANCED_FACE('',(#4390),#4407,.T.);
#4390 = FACE_BOUND('',#4391,.T.);
#4391 = EDGE_LOOP('',(#4392,#4400,#4406));
#4392 = ORIENTED_EDGE('',*,*,#4393,.T.);
#4393 = EDGE_CURVE('',#371,#4394,#4396,.T.);
#4394 = VERTEX_POINT('',#4395);
#4395 = CARTESIAN_POINT('',(28.722410202026,92.417053222656,
    11.836843490601));
#4396 = LINE('',#4397,#4398);
#4397 = CARTESIAN_POINT('',(32.137531280518,71.398696899414,16.));
#4398 = VECTOR('',#4399,1.);
#4399 = DIRECTION('',(-0.157399539126,0.968715170684,-0.191875749301));
#4400 = ORIENTED_EDGE('',*,*,#4401,.F.);
#4401 = EDGE_CURVE('',#379,#4394,#4402,.T.);
#4402 = LINE('',#4403,#4404);
#4403 = CARTESIAN_POINT('',(31.831882476807,71.690483093262,16.));
#4404 = VECTOR('',#4405,1.);
#4405 = DIRECTION('',(-0.14552004675,0.969981780724,-0.194831365692));
#4406 = ORIENTED_EDGE('',*,*,#378,.F.);
#4407 = PLANE('',#4408);
#4408 = AXIS2_PLACEMENT_3D('',#4409,#4410,#4411);
#4409 = CARTESIAN_POINT('',(30.369986528398,81.878862081717,
    13.938648151904));
#4410 = DIRECTION('',(0.212900607857,0.22301540468,0.951282008896));
#4411 = DIRECTION('',(-6.44215474528E-18,0.973602965146,-0.228248255763)
  );
#4412 = ADVANCED_FACE('',(#4413),#4430,.T.);
#4413 = FACE_BOUND('',#4414,.T.);
#4414 = EDGE_LOOP('',(#4415,#4416,#4424));
#4415 = ORIENTED_EDGE('',*,*,#322,.F.);
#4416 = ORIENTED_EDGE('',*,*,#4417,.F.);
#4417 = EDGE_CURVE('',#4418,#315,#4420,.T.);
#4418 = VERTEX_POINT('',#4419);
#4419 = CARTESIAN_POINT('',(29.124641418457,97.235946655273,
    10.023010253906));
#4420 = LINE('',#4421,#4422);
#4421 = CARTESIAN_POINT('',(29.124641418457,97.235946655273,
    10.023010253906));
#4422 = VECTOR('',#4423,1.);
#4423 = DIRECTION('',(0.168187361183,-0.967622620613,0.188200625973));
#4424 = ORIENTED_EDGE('',*,*,#4425,.T.);
#4425 = EDGE_CURVE('',#4418,#323,#4426,.T.);
#4426 = LINE('',#4427,#4428);
#4427 = CARTESIAN_POINT('',(29.124641418457,97.235946655273,
    10.023010253906));
#4428 = VECTOR('',#4429,1.);
#4429 = DIRECTION('',(0.15932063893,-0.967242090196,0.197635201734));
#4430 = PLANE('',#4431);
#4431 = AXIS2_PLACEMENT_3D('',#4432,#4433,#4434);
#4432 = CARTESIAN_POINT('',(31.730336564778,81.861627779434,
    13.085233953541));
#4433 = DIRECTION('',(0.710342517381,0.251340999247,0.657450538139));
#4434 = DIRECTION('',(-0.67925559285,1.304065272908E-17,0.733901791511)
  );
#4435 = ADVANCED_FACE('',(#4436),#4446,.T.);
#4436 = FACE_BOUND('',#4437,.T.);
#4437 = EDGE_LOOP('',(#4438,#4444,#4445));
#4438 = ORIENTED_EDGE('',*,*,#4439,.F.);
#4439 = EDGE_CURVE('',#4394,#363,#4440,.T.);
#4440 = LINE('',#4441,#4442);
#4441 = CARTESIAN_POINT('',(28.722410202026,92.417053222656,
    11.836843490601));
#4442 = VECTOR('',#4443,1.);
#4443 = DIRECTION('',(0.167987376656,-0.96771099239,0.187924656424));
#4444 = ORIENTED_EDGE('',*,*,#4393,.F.);
#4445 = ORIENTED_EDGE('',*,*,#370,.F.);
#4446 = PLANE('',#4447);
#4447 = AXIS2_PLACEMENT_3D('',#4448,#4449,#4450);
#4448 = CARTESIAN_POINT('',(30.528240758545,81.677586182077,
    13.942797724403));
#4449 = DIRECTION('',(0.320377618441,0.233879272597,0.917964415133));
#4450 = DIRECTION('',(0.944149800184,1.221669489252E-17,-0.329516547099)
  );
#4451 = ADVANCED_FACE('',(#4452),#4469,.T.);
#4452 = FACE_BOUND('',#4453,.T.);
#4453 = EDGE_LOOP('',(#4454,#4455,#4463));
#4454 = ORIENTED_EDGE('',*,*,#330,.F.);
#4455 = ORIENTED_EDGE('',*,*,#4456,.T.);
#4456 = EDGE_CURVE('',#323,#4457,#4459,.T.);
#4457 = VERTEX_POINT('',#4458);
#4458 = CARTESIAN_POINT('',(28.826082229614,96.954093933105,
    10.427015304565));
#4459 = LINE('',#4460,#4461);
#4460 = CARTESIAN_POINT('',(33.942901611328,67.984092712402,16.));
#4461 = VECTOR('',#4462,1.);
#4462 = DIRECTION('',(-0.170893169777,0.967549363722,-0.18612832478));
#4463 = ORIENTED_EDGE('',*,*,#4464,.T.);
#4464 = EDGE_CURVE('',#4457,#331,#4465,.T.);
#4465 = LINE('',#4466,#4467);
#4466 = CARTESIAN_POINT('',(28.826082229614,96.954093933105,
    10.427015304565));
#4467 = VECTOR('',#4468,1.);
#4468 = DIRECTION('',(0.16771794809,-0.967624684667,0.188608482077));
#4469 = PLANE('',#4470);
#4470 = AXIS2_PLACEMENT_3D('',#4471,#4472,#4473);
#4471 = CARTESIAN_POINT('',(31.361781606114,82.464279403344,
    13.232652961224));
#4472 = DIRECTION('',(0.592011913857,0.251837622461,0.76557148965));
#4473 = DIRECTION('',(0.791068004187,1.304410245319E-17,-0.611728218045)
  );
#4474 = ADVANCED_FACE('',(#4475),#4492,.T.);
#4475 = FACE_BOUND('',#4476,.T.);
#4476 = EDGE_LOOP('',(#4477,#4485,#4491));
#4477 = ORIENTED_EDGE('',*,*,#4478,.T.);
#4478 = EDGE_CURVE('',#355,#4479,#4481,.T.);
#4479 = VERTEX_POINT('',#4480);
#4480 = CARTESIAN_POINT('',(28.759929656982,92.438133239746,
    11.821173667908));
#4481 = LINE('',#4482,#4483);
#4482 = CARTESIAN_POINT('',(32.672050476074,70.666481018066,16.));
#4483 = VECTOR('',#4484,1.);
#4484 = DIRECTION('',(-0.173782444521,0.967130392772,-0.185629915026));
#4485 = ORIENTED_EDGE('',*,*,#4486,.F.);
#4486 = EDGE_CURVE('',#363,#4479,#4487,.T.);
#4487 = LINE('',#4488,#4489);
#4488 = CARTESIAN_POINT('',(32.44388961792,70.979034423828,16.));
#4489 = VECTOR('',#4490,1.);
#4490 = DIRECTION('',(-0.166165622892,0.967916198673,-0.188486652351));
#4491 = ORIENTED_EDGE('',*,*,#362,.F.);
#4492 = PLANE('',#4493);
#4493 = AXIS2_PLACEMENT_3D('',#4494,#4495,#4496);
#4494 = CARTESIAN_POINT('',(30.67568704861,81.537056901648,
    13.928526967232));
#4495 = DIRECTION('',(0.320207901524,0.233748563454,0.918056920286));
#4496 = DIRECTION('',(0.944214418081,-6.806598674162E-18,-0.329331341795
    ));
#4497 = ADVANCED_FACE('',(#4498),#4515,.T.);
#4498 = FACE_BOUND('',#4499,.T.);
#4499 = EDGE_LOOP('',(#4500,#4501,#4509));
#4500 = ORIENTED_EDGE('',*,*,#338,.F.);
#4501 = ORIENTED_EDGE('',*,*,#4502,.F.);
#4502 = EDGE_CURVE('',#4503,#331,#4505,.T.);
#4503 = VERTEX_POINT('',#4504);
#4504 = CARTESIAN_POINT('',(28.81450843811,96.942657470703,
    10.440057754517));
#4505 = LINE('',#4506,#4507);
#4506 = CARTESIAN_POINT('',(28.81450843811,96.942657470703,
    10.440057754517));
#4507 = VECTOR('',#4508,1.);
#4508 = DIRECTION('',(0.168175552419,-0.967616847973,0.188240853927));
#4509 = ORIENTED_EDGE('',*,*,#4510,.T.);
#4510 = EDGE_CURVE('',#4503,#339,#4511,.T.);
#4511 = LINE('',#4512,#4513);
#4512 = CARTESIAN_POINT('',(28.81450843811,96.942657470703,
    10.440057754517));
#4513 = VECTOR('',#4514,1.);
#4514 = DIRECTION('',(0.158148775933,-0.96775866817,0.196041130511));
#4515 = PLANE('',#4516);
#4516 = AXIS2_PLACEMENT_3D('',#4517,#4518,#4519);
#4517 = CARTESIAN_POINT('',(31.22925768442,82.638693254238,
    13.277923741618));
#4518 = DIRECTION('',(0.592012229665,0.251829310288,0.765573979709));
#4519 = DIRECTION('',(0.79106880911,1.232929231163E-17,-0.611727177141)
  );
#4520 = ADVANCED_FACE('',(#4521),#4531,.T.);
#4521 = FACE_BOUND('',#4522,.T.);
#4522 = EDGE_LOOP('',(#4523,#4529,#4530));
#4523 = ORIENTED_EDGE('',*,*,#4524,.T.);
#4524 = EDGE_CURVE('',#347,#4479,#4525,.T.);
#4525 = LINE('',#4526,#4527);
#4526 = CARTESIAN_POINT('',(33.101493835449,69.865699768066,16.));
#4527 = VECTOR('',#4528,1.);
#4528 = DIRECTION('',(-0.18583131843,0.966164474322,-0.178865674873));
#4529 = ORIENTED_EDGE('',*,*,#4478,.F.);
#4530 = ORIENTED_EDGE('',*,*,#354,.F.);
#4531 = PLANE('',#4532);
#4532 = AXIS2_PLACEMENT_3D('',#4533,#4534,#4535);
#4533 = CARTESIAN_POINT('',(30.865382204116,81.133146163795,
    13.951169285643));
#4534 = DIRECTION('',(0.459355582639,0.246343435933,0.853409257198));
#4535 = DIRECTION('',(0.880545376544,-8.163425891369E-19,-0.473961854844
    ));
#4536 = ADVANCED_FACE('',(#4537),#4554,.T.);
#4537 = FACE_BOUND('',#4538,.T.);
#4538 = EDGE_LOOP('',(#4539,#4540,#4548));
#4539 = ORIENTED_EDGE('',*,*,#346,.F.);
#4540 = ORIENTED_EDGE('',*,*,#4541,.T.);
#4541 = EDGE_CURVE('',#339,#4542,#4544,.T.);
#4542 = VERTEX_POINT('',#4543);
#4543 = CARTESIAN_POINT('',(28.469425201416,96.595123291016,
    10.795091629028));
#4544 = LINE('',#4545,#4546);
#4545 = CARTESIAN_POINT('',(33.299781799316,69.495956420898,16.));
#4546 = VECTOR('',#4547,1.);
#4547 = DIRECTION('',(-0.172426075808,0.96734121102,-0.185796205136));
#4548 = ORIENTED_EDGE('',*,*,#4549,.T.);
#4549 = EDGE_CURVE('',#4542,#347,#4550,.T.);
#4550 = LINE('',#4551,#4552);
#4551 = CARTESIAN_POINT('',(28.469425201416,96.595123291016,
    10.795091629028));
#4552 = VECTOR('',#4553,1.);
#4553 = DIRECTION('',(0.16769113139,-0.967664261065,0.188429197075));
#4554 = PLANE('',#4555);
#4555 = AXIS2_PLACEMENT_3D('',#4556,#4557,#4558);
#4556 = CARTESIAN_POINT('',(30.853083237693,83.036609165222,
    13.41702407815));
#4557 = DIRECTION('',(0.458228209779,0.245741105011,0.854188630849));
#4558 = DIRECTION('',(0.881210511605,-3.099711798285E-18,-0.472724057179
    ));
#4559 = ADVANCED_FACE('',(#4560),#4585,.T.);
#4560 = FACE_BOUND('',#4561,.T.);
#4561 = EDGE_LOOP('',(#4562,#4570,#4571,#4579));
#4562 = ORIENTED_EDGE('',*,*,#4563,.F.);
#4563 = EDGE_CURVE('',#644,#4564,#4566,.T.);
#4564 = VERTEX_POINT('',#4565);
#4565 = CARTESIAN_POINT('',(25.013841629028,39.55997467041,7.));
#4566 = LINE('',#4567,#4568);
#4567 = CARTESIAN_POINT('',(25.013841629028,39.55997467041,16.));
#4568 = VECTOR('',#4569,1.);
#4569 = DIRECTION('',(0.,0.,-1.));
#4570 = ORIENTED_EDGE('',*,*,#641,.F.);
#4571 = ORIENTED_EDGE('',*,*,#4572,.T.);
#4572 = EDGE_CURVE('',#642,#4573,#4575,.T.);
#4573 = VERTEX_POINT('',#4574);
#4574 = CARTESIAN_POINT('',(24.931123733521,39.411903381348,7.));
#4575 = LINE('',#4576,#4577);
#4576 = CARTESIAN_POINT('',(24.931123733521,39.411903381348,16.));
#4577 = VECTOR('',#4578,1.);
#4578 = DIRECTION('',(0.,0.,-1.));
#4579 = ORIENTED_EDGE('',*,*,#4580,.T.);
#4580 = EDGE_CURVE('',#4573,#4564,#4581,.T.);
#4581 = LINE('',#4582,#4583);
#4582 = CARTESIAN_POINT('',(24.931123733521,39.411903381348,7.));
#4583 = VECTOR('',#4584,1.);
#4584 = DIRECTION('',(0.487696339681,0.873013333382,0.));
#4585 = PLANE('',#4586);
#4586 = AXIS2_PLACEMENT_3D('',#4587,#4588,#4589);
#4587 = CARTESIAN_POINT('',(24.972482681274,39.485939025879,11.5));
#4588 = DIRECTION('',(0.873013333382,-0.487696339681,0.));
#4589 = DIRECTION('',(0.487696339681,0.873013333382,0.));
#4590 = ADVANCED_FACE('',(#4591),#4609,.T.);
#4591 = FACE_BOUND('',#4592,.T.);
#4592 = EDGE_LOOP('',(#4593,#4594,#4595,#4603));
#4593 = ORIENTED_EDGE('',*,*,#4572,.F.);
#4594 = ORIENTED_EDGE('',*,*,#931,.F.);
#4595 = ORIENTED_EDGE('',*,*,#4596,.T.);
#4596 = EDGE_CURVE('',#924,#4597,#4599,.T.);
#4597 = VERTEX_POINT('',#4598);
#4598 = CARTESIAN_POINT('',(24.874618530273,39.251979827881,7.));
#4599 = LINE('',#4600,#4601);
#4600 = CARTESIAN_POINT('',(24.874618530273,39.251979827881,16.));
#4601 = VECTOR('',#4602,1.);
#4602 = DIRECTION('',(0.,0.,-1.));
#4603 = ORIENTED_EDGE('',*,*,#4604,.T.);
#4604 = EDGE_CURVE('',#4597,#4573,#4605,.T.);
#4605 = LINE('',#4606,#4607);
#4606 = CARTESIAN_POINT('',(24.874618530273,39.251979827881,7.));
#4607 = VECTOR('',#4608,1.);
#4608 = DIRECTION('',(0.33314302962,0.9428763025,0.));
#4609 = PLANE('',#4610);
#4610 = AXIS2_PLACEMENT_3D('',#4611,#4612,#4613);
#4611 = CARTESIAN_POINT('',(24.902871131897,39.331941604614,11.5));
#4612 = DIRECTION('',(0.9428763025,-0.33314302962,0.));
#4613 = DIRECTION('',(0.33314302962,0.9428763025,0.));
#4614 = ADVANCED_FACE('',(#4615),#4633,.T.);
#4615 = FACE_BOUND('',#4616,.T.);
#4616 = EDGE_LOOP('',(#4617,#4625,#4626,#4627));
#4617 = ORIENTED_EDGE('',*,*,#4618,.F.);
#4618 = EDGE_CURVE('',#652,#4619,#4621,.T.);
#4619 = VERTEX_POINT('',#4620);
#4620 = CARTESIAN_POINT('',(25.1203956604,39.691940307617,7.));
#4621 = LINE('',#4622,#4623);
#4622 = CARTESIAN_POINT('',(25.1203956604,39.691940307617,16.));
#4623 = VECTOR('',#4624,1.);
#4624 = DIRECTION('',(0.,0.,-1.));
#4625 = ORIENTED_EDGE('',*,*,#651,.F.);
#4626 = ORIENTED_EDGE('',*,*,#4563,.T.);
#4627 = ORIENTED_EDGE('',*,*,#4628,.T.);
#4628 = EDGE_CURVE('',#4564,#4619,#4629,.T.);
#4629 = LINE('',#4630,#4631);
#4630 = CARTESIAN_POINT('',(25.013841629028,39.55997467041,7.));
#4631 = VECTOR('',#4632,1.);
#4632 = DIRECTION('',(0.628217217156,0.778037999116,0.));
#4633 = PLANE('',#4634);
#4634 = AXIS2_PLACEMENT_3D('',#4635,#4636,#4637);
#4635 = CARTESIAN_POINT('',(25.067118644714,39.625957489014,11.5));
#4636 = DIRECTION('',(0.778037999116,-0.628217217156,0.));
#4637 = DIRECTION('',(0.628217217156,0.778037999116,0.));
#4638 = ADVANCED_FACE('',(#4639),#4657,.T.);
#4639 = FACE_BOUND('',#4640,.T.);
#4640 = EDGE_LOOP('',(#4641,#4642,#4643,#4651));
#4641 = ORIENTED_EDGE('',*,*,#4596,.F.);
#4642 = ORIENTED_EDGE('',*,*,#923,.F.);
#4643 = ORIENTED_EDGE('',*,*,#4644,.T.);
#4644 = EDGE_CURVE('',#916,#4645,#4647,.T.);
#4645 = VERTEX_POINT('',#4646);
#4646 = CARTESIAN_POINT('',(24.84595489502,39.084808349609,7.));
#4647 = LINE('',#4648,#4649);
#4648 = CARTESIAN_POINT('',(24.84595489502,39.084808349609,16.));
#4649 = VECTOR('',#4650,1.);
#4650 = DIRECTION('',(0.,0.,-1.));
#4651 = ORIENTED_EDGE('',*,*,#4652,.T.);
#4652 = EDGE_CURVE('',#4645,#4597,#4653,.T.);
#4653 = LINE('',#4654,#4655);
#4654 = CARTESIAN_POINT('',(24.84595489502,39.084808349609,7.));
#4655 = VECTOR('',#4656,1.);
#4656 = DIRECTION('',(0.168996276045,0.985616689531,0.));
#4657 = PLANE('',#4658);
#4658 = AXIS2_PLACEMENT_3D('',#4659,#4660,#4661);
#4659 = CARTESIAN_POINT('',(24.860286712646,39.168394088745,11.5));
#4660 = DIRECTION('',(0.985616689531,-0.168996276045,0.));
#4661 = DIRECTION('',(0.168996276045,0.985616689531,0.));
#4662 = ADVANCED_FACE('',(#4663),#4681,.T.);
#4663 = FACE_BOUND('',#4664,.T.);
#4664 = EDGE_LOOP('',(#4665,#4673,#4674,#4675));
#4665 = ORIENTED_EDGE('',*,*,#4666,.F.);
#4666 = EDGE_CURVE('',#660,#4667,#4669,.T.);
#4667 = VERTEX_POINT('',#4668);
#4668 = CARTESIAN_POINT('',(25.247718811035,39.803997039795,7.));
#4669 = LINE('',#4670,#4671);
#4670 = CARTESIAN_POINT('',(25.247718811035,39.803997039795,16.));
#4671 = VECTOR('',#4672,1.);
#4672 = DIRECTION('',(0.,0.,-1.));
#4673 = ORIENTED_EDGE('',*,*,#659,.F.);
#4674 = ORIENTED_EDGE('',*,*,#4618,.T.);
#4675 = ORIENTED_EDGE('',*,*,#4676,.T.);
#4676 = EDGE_CURVE('',#4619,#4667,#4677,.T.);
#4677 = LINE('',#4678,#4679);
#4678 = CARTESIAN_POINT('',(25.1203956604,39.691940307617,7.));
#4679 = VECTOR('',#4680,1.);
#4680 = DIRECTION('',(0.750677376296,0.660668961521,0.));
#4681 = PLANE('',#4682);
#4682 = AXIS2_PLACEMENT_3D('',#4683,#4684,#4685);
#4683 = CARTESIAN_POINT('',(25.184057235718,39.747968673706,11.5));
#4684 = DIRECTION('',(0.660668961521,-0.750677376296,0.));
#4685 = DIRECTION('',(-0.750677376296,-0.660668961521,0.));
#4686 = ADVANCED_FACE('',(#4687),#4705,.T.);
#4687 = FACE_BOUND('',#4688,.T.);
#4688 = EDGE_LOOP('',(#4689,#4690,#4691,#4699));
#4689 = ORIENTED_EDGE('',*,*,#4644,.F.);
#4690 = ORIENTED_EDGE('',*,*,#915,.F.);
#4691 = ORIENTED_EDGE('',*,*,#4692,.T.);
#4692 = EDGE_CURVE('',#908,#4693,#4695,.T.);
#4693 = VERTEX_POINT('',#4694);
#4694 = CARTESIAN_POINT('',(24.84595489502,38.915195465088,7.));
#4695 = LINE('',#4696,#4697);
#4696 = CARTESIAN_POINT('',(24.84595489502,38.915195465088,16.));
#4697 = VECTOR('',#4698,1.);
#4698 = DIRECTION('',(0.,0.,-1.));
#4699 = ORIENTED_EDGE('',*,*,#4700,.T.);
#4700 = EDGE_CURVE('',#4693,#4645,#4701,.T.);
#4701 = LINE('',#4702,#4703);
#4702 = CARTESIAN_POINT('',(24.84595489502,38.915195465088,7.));
#4703 = VECTOR('',#4704,1.);
#4704 = DIRECTION('',(0.,1.,0.));
#4705 = PLANE('',#4706);
#4706 = AXIS2_PLACEMENT_3D('',#4707,#4708,#4709);
#4707 = CARTESIAN_POINT('',(24.84595489502,39.000001907349,11.5));
#4708 = DIRECTION('',(1.,0.,0.));
#4709 = DIRECTION('',(0.,0.,1.));
#4710 = ADVANCED_FACE('',(#4711),#4729,.T.);
#4711 = FACE_BOUND('',#4712,.T.);
#4712 = EDGE_LOOP('',(#4713,#4721,#4722,#4723));
#4713 = ORIENTED_EDGE('',*,*,#4714,.F.);
#4714 = EDGE_CURVE('',#668,#4715,#4717,.T.);
#4715 = VERTEX_POINT('',#4716);
#4716 = CARTESIAN_POINT('',(25.392148971558,39.892925262451,7.));
#4717 = LINE('',#4718,#4719);
#4718 = CARTESIAN_POINT('',(25.392148971558,39.892925262451,16.));
#4719 = VECTOR('',#4720,1.);
#4720 = DIRECTION('',(0.,0.,-1.));
#4721 = ORIENTED_EDGE('',*,*,#667,.F.);
#4722 = ORIENTED_EDGE('',*,*,#4666,.T.);
#4723 = ORIENTED_EDGE('',*,*,#4724,.T.);
#4724 = EDGE_CURVE('',#4667,#4715,#4725,.T.);
#4725 = LINE('',#4726,#4727);
#4726 = CARTESIAN_POINT('',(25.247718811035,39.803997039795,7.));
#4727 = VECTOR('',#4728,1.);
#4728 = DIRECTION('',(0.851531648927,0.524303205097,0.));
#4729 = PLANE('',#4730);
#4730 = AXIS2_PLACEMENT_3D('',#4731,#4732,#4733);
#4731 = CARTESIAN_POINT('',(25.319933891296,39.848461151123,11.5));
#4732 = DIRECTION('',(0.524303205097,-0.851531648927,0.));
#4733 = DIRECTION('',(-0.851531648927,-0.524303205097,0.));
#4734 = ADVANCED_FACE('',(#4735),#4753,.T.);
#4735 = FACE_BOUND('',#4736,.T.);
#4736 = EDGE_LOOP('',(#4737,#4738,#4739,#4747));
#4737 = ORIENTED_EDGE('',*,*,#4692,.F.);
#4738 = ORIENTED_EDGE('',*,*,#907,.F.);
#4739 = ORIENTED_EDGE('',*,*,#4740,.T.);
#4740 = EDGE_CURVE('',#900,#4741,#4743,.T.);
#4741 = VERTEX_POINT('',#4742);
#4742 = CARTESIAN_POINT('',(24.874618530273,38.748023986816,7.));
#4743 = LINE('',#4744,#4745);
#4744 = CARTESIAN_POINT('',(24.874618530273,38.748023986816,16.));
#4745 = VECTOR('',#4746,1.);
#4746 = DIRECTION('',(0.,0.,-1.));
#4747 = ORIENTED_EDGE('',*,*,#4748,.T.);
#4748 = EDGE_CURVE('',#4741,#4693,#4749,.T.);
#4749 = LINE('',#4750,#4751);
#4750 = CARTESIAN_POINT('',(24.874618530273,38.748023986816,7.));
#4751 = VECTOR('',#4752,1.);
#4752 = DIRECTION('',(-0.168996276045,0.985616689531,0.));
#4753 = PLANE('',#4754);
#4754 = AXIS2_PLACEMENT_3D('',#4755,#4756,#4757);
#4755 = CARTESIAN_POINT('',(24.860286712646,38.831609725952,11.5));
#4756 = DIRECTION('',(0.985616689531,0.168996276045,0.));
#4757 = DIRECTION('',(-0.168996276045,0.985616689531,0.));
#4758 = ADVANCED_FACE('',(#4759),#4777,.T.);
#4759 = FACE_BOUND('',#4760,.T.);
#4760 = EDGE_LOOP('',(#4761,#4769,#4770,#4771));
#4761 = ORIENTED_EDGE('',*,*,#4762,.F.);
#4762 = EDGE_CURVE('',#676,#4763,#4765,.T.);
#4763 = VERTEX_POINT('',#4764);
#4764 = CARTESIAN_POINT('',(25.549530029297,39.956169128418,7.));
#4765 = LINE('',#4766,#4767);
#4766 = CARTESIAN_POINT('',(25.549530029297,39.956169128418,16.));
#4767 = VECTOR('',#4768,1.);
#4768 = DIRECTION('',(0.,0.,-1.));
#4769 = ORIENTED_EDGE('',*,*,#675,.F.);
#4770 = ORIENTED_EDGE('',*,*,#4714,.T.);
#4771 = ORIENTED_EDGE('',*,*,#4772,.T.);
#4772 = EDGE_CURVE('',#4715,#4763,#4773,.T.);
#4773 = LINE('',#4774,#4775);
#4774 = CARTESIAN_POINT('',(25.392148971558,39.892925262451,7.));
#4775 = VECTOR('',#4776,1.);
#4776 = DIRECTION('',(0.927882998584,0.372871480458,0.));
#4777 = PLANE('',#4778);
#4778 = AXIS2_PLACEMENT_3D('',#4779,#4780,#4781);
#4779 = CARTESIAN_POINT('',(25.470839500427,39.924547195435,11.5));
#4780 = DIRECTION('',(0.372871480458,-0.927882998584,0.));
#4781 = DIRECTION('',(-0.927882998584,-0.372871480458,0.));
#4782 = ADVANCED_FACE('',(#4783),#4801,.T.);
#4783 = FACE_BOUND('',#4784,.T.);
#4784 = EDGE_LOOP('',(#4785,#4786,#4787,#4795));
#4785 = ORIENTED_EDGE('',*,*,#4740,.F.);
#4786 = ORIENTED_EDGE('',*,*,#899,.F.);
#4787 = ORIENTED_EDGE('',*,*,#4788,.T.);
#4788 = EDGE_CURVE('',#892,#4789,#4791,.T.);
#4789 = VERTEX_POINT('',#4790);
#4790 = CARTESIAN_POINT('',(24.931123733521,38.58810043335,7.));
#4791 = LINE('',#4792,#4793);
#4792 = CARTESIAN_POINT('',(24.931123733521,38.58810043335,16.));
#4793 = VECTOR('',#4794,1.);
#4794 = DIRECTION('',(0.,0.,-1.));
#4795 = ORIENTED_EDGE('',*,*,#4796,.T.);
#4796 = EDGE_CURVE('',#4789,#4741,#4797,.T.);
#4797 = LINE('',#4798,#4799);
#4798 = CARTESIAN_POINT('',(24.931123733521,38.58810043335,7.));
#4799 = VECTOR('',#4800,1.);
#4800 = DIRECTION('',(-0.33314302962,0.9428763025,0.));
#4801 = PLANE('',#4802);
#4802 = AXIS2_PLACEMENT_3D('',#4803,#4804,#4805);
#4803 = CARTESIAN_POINT('',(24.902871131897,38.668062210083,11.5));
#4804 = DIRECTION('',(0.9428763025,0.33314302962,0.));
#4805 = DIRECTION('',(-0.33314302962,0.9428763025,0.));
#4806 = ADVANCED_FACE('',(#4807),#4825,.T.);
#4807 = FACE_BOUND('',#4808,.T.);
#4808 = EDGE_LOOP('',(#4809,#4817,#4818,#4819));
#4809 = ORIENTED_EDGE('',*,*,#4810,.F.);
#4810 = EDGE_CURVE('',#684,#4811,#4813,.T.);
#4811 = VERTEX_POINT('',#4812);
#4812 = CARTESIAN_POINT('',(25.715333938599,39.991901397705,7.));
#4813 = LINE('',#4814,#4815);
#4814 = CARTESIAN_POINT('',(25.715333938599,39.991901397705,16.));
#4815 = VECTOR('',#4816,1.);
#4816 = DIRECTION('',(0.,0.,-1.));
#4817 = ORIENTED_EDGE('',*,*,#683,.F.);
#4818 = ORIENTED_EDGE('',*,*,#4762,.T.);
#4819 = ORIENTED_EDGE('',*,*,#4820,.T.);
#4820 = EDGE_CURVE('',#4763,#4811,#4821,.T.);
#4821 = LINE('',#4822,#4823);
#4822 = CARTESIAN_POINT('',(25.549530029297,39.956169128418,7.));
#4823 = VECTOR('',#4824,1.);
#4824 = DIRECTION('',(0.977556704064,0.210672471718,0.));
#4825 = PLANE('',#4826);
#4826 = AXIS2_PLACEMENT_3D('',#4827,#4828,#4829);
#4827 = CARTESIAN_POINT('',(25.632431983948,39.974035263062,11.5));
#4828 = DIRECTION('',(0.210672471718,-0.977556704064,0.));
#4829 = DIRECTION('',(-0.977556704064,-0.210672471718,0.));
#4830 = ADVANCED_FACE('',(#4831),#4849,.T.);
#4831 = FACE_BOUND('',#4832,.T.);
#4832 = EDGE_LOOP('',(#4833,#4834,#4835,#4843));
#4833 = ORIENTED_EDGE('',*,*,#4788,.F.);
#4834 = ORIENTED_EDGE('',*,*,#891,.F.);
#4835 = ORIENTED_EDGE('',*,*,#4836,.T.);
#4836 = EDGE_CURVE('',#884,#4837,#4839,.T.);
#4837 = VERTEX_POINT('',#4838);
#4838 = CARTESIAN_POINT('',(25.013841629028,38.44002532959,7.));
#4839 = LINE('',#4840,#4841);
#4840 = CARTESIAN_POINT('',(25.013841629028,38.44002532959,16.));
#4841 = VECTOR('',#4842,1.);
#4842 = DIRECTION('',(0.,0.,-1.));
#4843 = ORIENTED_EDGE('',*,*,#4844,.T.);
#4844 = EDGE_CURVE('',#4837,#4789,#4845,.T.);
#4845 = LINE('',#4846,#4847);
#4846 = CARTESIAN_POINT('',(25.013841629028,38.44002532959,7.));
#4847 = VECTOR('',#4848,1.);
#4848 = DIRECTION('',(-0.48768676392,0.873018682674,0.));
#4849 = PLANE('',#4850);
#4850 = AXIS2_PLACEMENT_3D('',#4851,#4852,#4853);
#4851 = CARTESIAN_POINT('',(24.972482681274,38.51406288147,11.5));
#4852 = DIRECTION('',(0.873018682674,0.48768676392,0.));
#4853 = DIRECTION('',(-0.48768676392,0.873018682674,0.));
#4854 = ADVANCED_FACE('',(#4855),#4873,.T.);
#4855 = FACE_BOUND('',#4856,.T.);
#4856 = EDGE_LOOP('',(#4857,#4865,#4866,#4867));
#4857 = ORIENTED_EDGE('',*,*,#4858,.F.);
#4858 = EDGE_CURVE('',#692,#4859,#4861,.T.);
#4859 = VERTEX_POINT('',#4860);
#4860 = CARTESIAN_POINT('',(25.884794235229,39.999095916748,7.));
#4861 = LINE('',#4862,#4863);
#4862 = CARTESIAN_POINT('',(25.884794235229,39.999095916748,16.));
#4863 = VECTOR('',#4864,1.);
#4864 = DIRECTION('',(0.,0.,-1.));
#4865 = ORIENTED_EDGE('',*,*,#691,.F.);
#4866 = ORIENTED_EDGE('',*,*,#4810,.T.);
#4867 = ORIENTED_EDGE('',*,*,#4868,.T.);
#4868 = EDGE_CURVE('',#4811,#4859,#4869,.T.);
#4869 = LINE('',#4870,#4871);
#4870 = CARTESIAN_POINT('',(25.715333938599,39.991901397705,7.));
#4871 = VECTOR('',#4872,1.);
#4872 = DIRECTION('',(0.999099982414,4.241727408847E-02,0.));
#4873 = PLANE('',#4874);
#4874 = AXIS2_PLACEMENT_3D('',#4875,#4876,#4877);
#4875 = CARTESIAN_POINT('',(25.800064086914,39.995498657227,11.5));
#4876 = DIRECTION('',(4.241727408847E-02,-0.999099982414,0.));
#4877 = DIRECTION('',(-0.999099982414,-4.241727408847E-02,0.));
#4878 = ADVANCED_FACE('',(#4879),#4897,.T.);
#4879 = FACE_BOUND('',#4880,.T.);
#4880 = EDGE_LOOP('',(#4881,#4882,#4883,#4891));
#4881 = ORIENTED_EDGE('',*,*,#4836,.F.);
#4882 = ORIENTED_EDGE('',*,*,#883,.F.);
#4883 = ORIENTED_EDGE('',*,*,#4884,.T.);
#4884 = EDGE_CURVE('',#876,#4885,#4887,.T.);
#4885 = VERTEX_POINT('',#4886);
#4886 = CARTESIAN_POINT('',(25.1203956604,38.30806350708,7.));
#4887 = LINE('',#4888,#4889);
#4888 = CARTESIAN_POINT('',(25.1203956604,38.30806350708,16.));
#4889 = VECTOR('',#4890,1.);
#4890 = DIRECTION('',(0.,0.,-1.));
#4891 = ORIENTED_EDGE('',*,*,#4892,.T.);
#4892 = EDGE_CURVE('',#4885,#4837,#4893,.T.);
#4893 = LINE('',#4894,#4895);
#4894 = CARTESIAN_POINT('',(25.1203956604,38.30806350708,7.));
#4895 = VECTOR('',#4896,1.);
#4896 = DIRECTION('',(-0.628228210145,0.778029122834,0.));
#4897 = PLANE('',#4898);
#4898 = AXIS2_PLACEMENT_3D('',#4899,#4900,#4901);
#4899 = CARTESIAN_POINT('',(25.067118644714,38.374044418335,11.5));
#4900 = DIRECTION('',(0.778029122834,0.628228210145,0.));
#4901 = DIRECTION('',(-0.628228210145,0.778029122834,0.));
#4902 = ADVANCED_FACE('',(#4903),#4921,.T.);
#4903 = FACE_BOUND('',#4904,.T.);
#4904 = EDGE_LOOP('',(#4905,#4913,#4914,#4915));
#4905 = ORIENTED_EDGE('',*,*,#4906,.F.);
#4906 = EDGE_CURVE('',#700,#4907,#4909,.T.);
#4907 = VERTEX_POINT('',#4908);
#4908 = CARTESIAN_POINT('',(26.053031921387,39.977554321289,7.));
#4909 = LINE('',#4910,#4911);
#4910 = CARTESIAN_POINT('',(26.053031921387,39.977554321289,16.));
#4911 = VECTOR('',#4912,1.);
#4912 = DIRECTION('',(0.,0.,-1.));
#4913 = ORIENTED_EDGE('',*,*,#699,.F.);
#4914 = ORIENTED_EDGE('',*,*,#4858,.T.);
#4915 = ORIENTED_EDGE('',*,*,#4916,.T.);
#4916 = EDGE_CURVE('',#4859,#4907,#4917,.T.);
#4917 = LINE('',#4918,#4919);
#4918 = CARTESIAN_POINT('',(25.884794235229,39.999095916748,7.));
#4919 = VECTOR('',#4920,1.);
#4920 = DIRECTION('',(0.991901982501,-0.127005736527,0.));
#4921 = PLANE('',#4922);
#4922 = AXIS2_PLACEMENT_3D('',#4923,#4924,#4925);
#4923 = CARTESIAN_POINT('',(25.968913078308,39.988325119019,11.5));
#4924 = DIRECTION('',(-0.127005736527,-0.991901982501,-0.));
#4925 = DIRECTION('',(-0.991901982501,0.127005736527,0.));
#4926 = ADVANCED_FACE('',(#4927),#4945,.T.);
#4927 = FACE_BOUND('',#4928,.T.);
#4928 = EDGE_LOOP('',(#4929,#4930,#4931,#4939));
#4929 = ORIENTED_EDGE('',*,*,#4884,.F.);
#4930 = ORIENTED_EDGE('',*,*,#875,.F.);
#4931 = ORIENTED_EDGE('',*,*,#4932,.T.);
#4932 = EDGE_CURVE('',#868,#4933,#4935,.T.);
#4933 = VERTEX_POINT('',#4934);
#4934 = CARTESIAN_POINT('',(25.247718811035,38.196002960205,7.));
#4935 = LINE('',#4936,#4937);
#4936 = CARTESIAN_POINT('',(25.247718811035,38.196002960205,16.));
#4937 = VECTOR('',#4938,1.);
#4938 = DIRECTION('',(0.,0.,-1.));
#4939 = ORIENTED_EDGE('',*,*,#4940,.T.);
#4940 = EDGE_CURVE('',#4933,#4885,#4941,.T.);
#4941 = LINE('',#4942,#4943);
#4942 = CARTESIAN_POINT('',(25.247718811035,38.196002960205,7.));
#4943 = VECTOR('',#4944,1.);
#4944 = DIRECTION('',(-0.750666222031,0.660681635209,0.));
#4945 = PLANE('',#4946);
#4946 = AXIS2_PLACEMENT_3D('',#4947,#4948,#4949);
#4947 = CARTESIAN_POINT('',(25.184057235718,38.252033233643,11.5));
#4948 = DIRECTION('',(0.660681635209,0.750666222031,0.));
#4949 = DIRECTION('',(0.750666222031,-0.660681635209,0.));
#4950 = ADVANCED_FACE('',(#4951),#4969,.T.);
#4951 = FACE_BOUND('',#4952,.T.);
#4952 = EDGE_LOOP('',(#4953,#4961,#4962,#4963));
#4953 = ORIENTED_EDGE('',*,*,#4954,.F.);
#4954 = EDGE_CURVE('',#708,#4955,#4957,.T.);
#4955 = VERTEX_POINT('',#4956);
#4956 = CARTESIAN_POINT('',(26.215208053589,39.927886962891,7.));
#4957 = LINE('',#4958,#4959);
#4958 = CARTESIAN_POINT('',(26.215208053589,39.927886962891,16.));
#4959 = VECTOR('',#4960,1.);
#4960 = DIRECTION('',(0.,0.,-1.));
#4961 = ORIENTED_EDGE('',*,*,#707,.F.);
#4962 = ORIENTED_EDGE('',*,*,#4906,.T.);
#4963 = ORIENTED_EDGE('',*,*,#4964,.T.);
#4964 = EDGE_CURVE('',#4907,#4955,#4965,.T.);
#4965 = LINE('',#4966,#4967);
#4966 = CARTESIAN_POINT('',(26.053031921387,39.977554321289,7.));
#4967 = VECTOR('',#4968,1.);
#4968 = DIRECTION('',(0.956164297951,-0.292830728106,0.));
#4969 = PLANE('',#4970);
#4970 = AXIS2_PLACEMENT_3D('',#4971,#4972,#4973);
#4971 = CARTESIAN_POINT('',(26.134119987488,39.95272064209,11.5));
#4972 = DIRECTION('',(-0.292830728106,-0.956164297951,-0.));
#4973 = DIRECTION('',(-0.956164297951,0.292830728106,0.));
#4974 = ADVANCED_FACE('',(#4975),#4993,.T.);
#4975 = FACE_BOUND('',#4976,.T.);
#4976 = EDGE_LOOP('',(#4977,#4978,#4979,#4987));
#4977 = ORIENTED_EDGE('',*,*,#4932,.F.);
#4978 = ORIENTED_EDGE('',*,*,#867,.F.);
#4979 = ORIENTED_EDGE('',*,*,#4980,.T.);
#4980 = EDGE_CURVE('',#860,#4981,#4983,.T.);
#4981 = VERTEX_POINT('',#4982);
#4982 = CARTESIAN_POINT('',(25.392148971558,38.107074737549,7.));
#4983 = LINE('',#4984,#4985);
#4984 = CARTESIAN_POINT('',(25.392148971558,38.107074737549,16.));
#4985 = VECTOR('',#4986,1.);
#4986 = DIRECTION('',(0.,0.,-1.));
#4987 = ORIENTED_EDGE('',*,*,#4988,.T.);
#4988 = EDGE_CURVE('',#4981,#4933,#4989,.T.);
#4989 = LINE('',#4990,#4991);
#4990 = CARTESIAN_POINT('',(25.392148971558,38.107074737549,7.));
#4991 = VECTOR('',#4992,1.);
#4992 = DIRECTION('',(-0.851531648927,0.524303205097,0.));
#4993 = PLANE('',#4994);
#4994 = AXIS2_PLACEMENT_3D('',#4995,#4996,#4997);
#4995 = CARTESIAN_POINT('',(25.319933891296,38.151538848877,11.5));
#4996 = DIRECTION('',(0.524303205097,0.851531648927,0.));
#4997 = DIRECTION('',(0.851531648927,-0.524303205097,0.));
#4998 = ADVANCED_FACE('',(#4999),#5017,.T.);
#4999 = FACE_BOUND('',#5000,.T.);
#5000 = EDGE_LOOP('',(#5001,#5009,#5010,#5011));
#5001 = ORIENTED_EDGE('',*,*,#5002,.F.);
#5002 = EDGE_CURVE('',#716,#5003,#5005,.T.);
#5003 = VERTEX_POINT('',#5004);
#5004 = CARTESIAN_POINT('',(26.366659164429,39.851528167725,7.));
#5005 = LINE('',#5006,#5007);
#5006 = CARTESIAN_POINT('',(26.366659164429,39.851528167725,16.));
#5007 = VECTOR('',#5008,1.);
#5008 = DIRECTION('',(0.,0.,-1.));
#5009 = ORIENTED_EDGE('',*,*,#715,.F.);
#5010 = ORIENTED_EDGE('',*,*,#4954,.T.);
#5011 = ORIENTED_EDGE('',*,*,#5012,.T.);
#5012 = EDGE_CURVE('',#4955,#5003,#5013,.T.);
#5013 = LINE('',#5014,#5015);
#5014 = CARTESIAN_POINT('',(26.215208053589,39.927886962891,7.));
#5015 = VECTOR('',#5016,1.);
#5016 = DIRECTION('',(0.89292881652,-0.450197877192,0.));
#5017 = PLANE('',#5018);
#5018 = AXIS2_PLACEMENT_3D('',#5019,#5020,#5021);
#5019 = CARTESIAN_POINT('',(26.290933609009,39.889707565308,11.5));
#5020 = DIRECTION('',(-0.450197877192,-0.89292881652,-0.));
#5021 = DIRECTION('',(-0.89292881652,0.450197877192,0.));
#5022 = ADVANCED_FACE('',(#5023),#5041,.T.);
#5023 = FACE_BOUND('',#5024,.T.);
#5024 = EDGE_LOOP('',(#5025,#5026,#5027,#5035));
#5025 = ORIENTED_EDGE('',*,*,#4980,.F.);
#5026 = ORIENTED_EDGE('',*,*,#859,.F.);
#5027 = ORIENTED_EDGE('',*,*,#5028,.T.);
#5028 = EDGE_CURVE('',#852,#5029,#5031,.T.);
#5029 = VERTEX_POINT('',#5030);
#5030 = CARTESIAN_POINT('',(25.549530029297,38.043834686279,7.));
#5031 = LINE('',#5032,#5033);
#5032 = CARTESIAN_POINT('',(25.549530029297,38.043834686279,16.));
#5033 = VECTOR('',#5034,1.);
#5034 = DIRECTION('',(0.,0.,-1.));
#5035 = ORIENTED_EDGE('',*,*,#5036,.T.);
#5036 = EDGE_CURVE('',#5029,#4981,#5037,.T.);
#5037 = LINE('',#5038,#5039);
#5038 = CARTESIAN_POINT('',(25.549530029297,38.043834686279,7.));
#5039 = VECTOR('',#5040,1.);
#5040 = DIRECTION('',(-0.927890779766,0.372852116563,0.));
#5041 = PLANE('',#5042);
#5042 = AXIS2_PLACEMENT_3D('',#5043,#5044,#5045);
#5043 = CARTESIAN_POINT('',(25.470839500427,38.075454711914,11.5));
#5044 = DIRECTION('',(0.372852116563,0.927890779766,0.));
#5045 = DIRECTION('',(0.927890779766,-0.372852116563,0.));
#5046 = ADVANCED_FACE('',(#5047),#5065,.T.);
#5047 = FACE_BOUND('',#5048,.T.);
#5048 = EDGE_LOOP('',(#5049,#5057,#5058,#5059));
#5049 = ORIENTED_EDGE('',*,*,#5050,.F.);
#5050 = EDGE_CURVE('',#724,#5051,#5053,.T.);
#5051 = VERTEX_POINT('',#5052);
#5052 = CARTESIAN_POINT('',(26.50302696228,39.750671386719,7.));
#5053 = LINE('',#5054,#5055);
#5054 = CARTESIAN_POINT('',(26.50302696228,39.750671386719,16.));
#5055 = VECTOR('',#5056,1.);
#5056 = DIRECTION('',(0.,0.,-1.));
#5057 = ORIENTED_EDGE('',*,*,#723,.F.);
#5058 = ORIENTED_EDGE('',*,*,#5002,.T.);
#5059 = ORIENTED_EDGE('',*,*,#5060,.T.);
#5060 = EDGE_CURVE('',#5003,#5051,#5061,.T.);
#5061 = LINE('',#5062,#5063);
#5062 = CARTESIAN_POINT('',(26.366659164429,39.851528167725,7.));
#5063 = VECTOR('',#5064,1.);
#5064 = DIRECTION('',(0.803998021815,-0.594631970985,0.));
#5065 = PLANE('',#5066);
#5066 = AXIS2_PLACEMENT_3D('',#5067,#5068,#5069);
#5067 = CARTESIAN_POINT('',(26.434843063354,39.801099777222,11.5));
#5068 = DIRECTION('',(-0.594631970985,-0.803998021815,-0.));
#5069 = DIRECTION('',(-0.803998021815,0.594631970985,0.));
#5070 = ADVANCED_FACE('',(#5071),#5089,.T.);
#5071 = FACE_BOUND('',#5072,.T.);
#5072 = EDGE_LOOP('',(#5073,#5074,#5075,#5083));
#5073 = ORIENTED_EDGE('',*,*,#5028,.F.);
#5074 = ORIENTED_EDGE('',*,*,#851,.F.);
#5075 = ORIENTED_EDGE('',*,*,#5076,.T.);
#5076 = EDGE_CURVE('',#844,#5077,#5079,.T.);
#5077 = VERTEX_POINT('',#5078);
#5078 = CARTESIAN_POINT('',(25.715333938599,38.008102416992,7.));
#5079 = LINE('',#5080,#5081);
#5080 = CARTESIAN_POINT('',(25.715333938599,38.008102416992,16.));
#5081 = VECTOR('',#5082,1.);
#5082 = DIRECTION('',(0.,0.,-1.));
#5083 = ORIENTED_EDGE('',*,*,#5084,.T.);
#5084 = EDGE_CURVE('',#5077,#5029,#5085,.T.);
#5085 = LINE('',#5086,#5087);
#5086 = CARTESIAN_POINT('',(25.715333938599,38.008102416992,7.));
#5087 = VECTOR('',#5088,1.);
#5088 = DIRECTION('',(-0.977556704064,0.210672471718,0.));
#5089 = PLANE('',#5090);
#5090 = AXIS2_PLACEMENT_3D('',#5091,#5092,#5093);
#5091 = CARTESIAN_POINT('',(25.632431983948,38.025968551636,11.5));
#5092 = DIRECTION('',(0.210672471718,0.977556704064,0.));
#5093 = DIRECTION('',(0.977556704064,-0.210672471718,0.));
#5094 = ADVANCED_FACE('',(#5095),#5113,.T.);
#5095 = FACE_BOUND('',#5096,.T.);
#5096 = EDGE_LOOP('',(#5097,#5105,#5106,#5107));
#5097 = ORIENTED_EDGE('',*,*,#5098,.F.);
#5098 = EDGE_CURVE('',#732,#5099,#5101,.T.);
#5099 = VERTEX_POINT('',#5100);
#5100 = CARTESIAN_POINT('',(26.620388031006,39.628219604492,7.));
#5101 = LINE('',#5102,#5103);
#5102 = CARTESIAN_POINT('',(26.620388031006,39.628219604492,16.));
#5103 = VECTOR('',#5104,1.);
#5104 = DIRECTION('',(0.,0.,-1.));
#5105 = ORIENTED_EDGE('',*,*,#731,.F.);
#5106 = ORIENTED_EDGE('',*,*,#5050,.T.);
#5107 = ORIENTED_EDGE('',*,*,#5108,.T.);
#5108 = EDGE_CURVE('',#5051,#5099,#5109,.T.);
#5109 = LINE('',#5110,#5111);
#5110 = CARTESIAN_POINT('',(26.50302696228,39.750671386719,7.));
#5111 = VECTOR('',#5112,1.);
#5112 = DIRECTION('',(0.691940533539,-0.721954498598,0.));
#5113 = PLANE('',#5114);
#5114 = AXIS2_PLACEMENT_3D('',#5115,#5116,#5117);
#5115 = CARTESIAN_POINT('',(26.561707496643,39.689445495605,11.5));
#5116 = DIRECTION('',(-0.721954498598,-0.691940533539,-0.));
#5117 = DIRECTION('',(0.691940533539,-0.721954498598,0.));
#5118 = ADVANCED_FACE('',(#5119),#5137,.T.);
#5119 = FACE_BOUND('',#5120,.T.);
#5120 = EDGE_LOOP('',(#5121,#5122,#5123,#5131));
#5121 = ORIENTED_EDGE('',*,*,#5076,.F.);
#5122 = ORIENTED_EDGE('',*,*,#843,.F.);
#5123 = ORIENTED_EDGE('',*,*,#5124,.T.);
#5124 = EDGE_CURVE('',#836,#5125,#5127,.T.);
#5125 = VERTEX_POINT('',#5126);
#5126 = CARTESIAN_POINT('',(25.884794235229,38.000900268555,7.));
#5127 = LINE('',#5128,#5129);
#5128 = CARTESIAN_POINT('',(25.884794235229,38.000900268555,16.));
#5129 = VECTOR('',#5130,1.);
#5130 = DIRECTION('',(0.,0.,-1.));
#5131 = ORIENTED_EDGE('',*,*,#5132,.T.);
#5132 = EDGE_CURVE('',#5125,#5077,#5133,.T.);
#5133 = LINE('',#5134,#5135);
#5134 = CARTESIAN_POINT('',(25.884794235229,38.000900268555,7.));
#5135 = VECTOR('',#5136,1.);
#5136 = DIRECTION('',(-0.999098075146,4.246217423125E-02,0.));
#5137 = PLANE('',#5138);
#5138 = AXIS2_PLACEMENT_3D('',#5139,#5140,#5141);
#5139 = CARTESIAN_POINT('',(25.800064086914,38.004501342773,11.5));
#5140 = DIRECTION('',(4.246217423125E-02,0.999098075146,0.));
#5141 = DIRECTION('',(0.999098075146,-4.246217423125E-02,0.));
#5142 = ADVANCED_FACE('',(#5143),#5161,.T.);
#5143 = FACE_BOUND('',#5144,.T.);
#5144 = EDGE_LOOP('',(#5145,#5153,#5154,#5155));
#5145 = ORIENTED_EDGE('',*,*,#5146,.F.);
#5146 = EDGE_CURVE('',#740,#5147,#5149,.T.);
#5147 = VERTEX_POINT('',#5148);
#5148 = CARTESIAN_POINT('',(26.715366363525,39.487693786621,7.));
#5149 = LINE('',#5150,#5151);
#5150 = CARTESIAN_POINT('',(26.715366363525,39.487693786621,16.));
#5151 = VECTOR('',#5152,1.);
#5152 = DIRECTION('',(0.,0.,-1.));
#5153 = ORIENTED_EDGE('',*,*,#739,.F.);
#5154 = ORIENTED_EDGE('',*,*,#5098,.T.);
#5155 = ORIENTED_EDGE('',*,*,#5156,.T.);
#5156 = EDGE_CURVE('',#5099,#5147,#5157,.T.);
#5157 = LINE('',#5158,#5159);
#5158 = CARTESIAN_POINT('',(26.620388031006,39.628219604492,7.));
#5159 = VECTOR('',#5160,1.);
#5160 = DIRECTION('',(0.559972588755,-0.828511134411,0.));
#5161 = PLANE('',#5162);
#5162 = AXIS2_PLACEMENT_3D('',#5163,#5164,#5165);
#5163 = CARTESIAN_POINT('',(26.667877197266,39.557956695557,11.5));
#5164 = DIRECTION('',(-0.828511134411,-0.559972588755,-0.));
#5165 = DIRECTION('',(0.559972588755,-0.828511134411,0.));
#5166 = ADVANCED_FACE('',(#5167),#5185,.T.);
#5167 = FACE_BOUND('',#5168,.T.);
#5168 = EDGE_LOOP('',(#5169,#5170,#5171,#5179));
#5169 = ORIENTED_EDGE('',*,*,#5124,.F.);
#5170 = ORIENTED_EDGE('',*,*,#835,.F.);
#5171 = ORIENTED_EDGE('',*,*,#5172,.T.);
#5172 = EDGE_CURVE('',#828,#5173,#5175,.T.);
#5173 = VERTEX_POINT('',#5174);
#5174 = CARTESIAN_POINT('',(26.053031921387,38.022441864014,7.));
#5175 = LINE('',#5176,#5177);
#5176 = CARTESIAN_POINT('',(26.053031921387,38.022441864014,16.));
#5177 = VECTOR('',#5178,1.);
#5178 = DIRECTION('',(0.,0.,-1.));
#5179 = ORIENTED_EDGE('',*,*,#5180,.T.);
#5180 = EDGE_CURVE('',#5173,#5125,#5181,.T.);
#5181 = LINE('',#5182,#5183);
#5182 = CARTESIAN_POINT('',(26.053031921387,38.022441864014,7.));
#5183 = VECTOR('',#5184,1.);
#5184 = DIRECTION('',(-0.991901982501,-0.127005736527,0.));
#5185 = PLANE('',#5186);
#5186 = AXIS2_PLACEMENT_3D('',#5187,#5188,#5189);
#5187 = CARTESIAN_POINT('',(25.968913078308,38.011671066284,11.5));
#5188 = DIRECTION('',(-0.127005736527,0.991901982501,0.));
#5189 = DIRECTION('',(0.991901982501,0.127005736527,0.));
#5190 = ADVANCED_FACE('',(#5191),#5209,.T.);
#5191 = FACE_BOUND('',#5192,.T.);
#5192 = EDGE_LOOP('',(#5193,#5201,#5202,#5203));
#5193 = ORIENTED_EDGE('',*,*,#5194,.F.);
#5194 = EDGE_CURVE('',#748,#5195,#5197,.T.);
#5195 = VERTEX_POINT('',#5196);
#5196 = CARTESIAN_POINT('',(26.785230636597,39.333137512207,7.));
#5197 = LINE('',#5198,#5199);
#5198 = CARTESIAN_POINT('',(26.785230636597,39.333137512207,16.));
#5199 = VECTOR('',#5200,1.);
#5200 = DIRECTION('',(0.,0.,-1.));
#5201 = ORIENTED_EDGE('',*,*,#747,.F.);
#5202 = ORIENTED_EDGE('',*,*,#5146,.T.);
#5203 = ORIENTED_EDGE('',*,*,#5204,.T.);
#5204 = EDGE_CURVE('',#5147,#5195,#5205,.T.);
#5205 = LINE('',#5206,#5207);
#5206 = CARTESIAN_POINT('',(26.715366363525,39.487693786621,7.));
#5207 = VECTOR('',#5208,1.);
#5208 = DIRECTION('',(0.411903363502,-0.911227534228,0.));
#5209 = PLANE('',#5210);
#5210 = AXIS2_PLACEMENT_3D('',#5211,#5212,#5213);
#5211 = CARTESIAN_POINT('',(26.750298500061,39.410415649414,11.5));
#5212 = DIRECTION('',(-0.911227534228,-0.411903363502,-0.));
#5213 = DIRECTION('',(0.411903363502,-0.911227534228,0.));
#5214 = ADVANCED_FACE('',(#5215),#5233,.T.);
#5215 = FACE_BOUND('',#5216,.T.);
#5216 = EDGE_LOOP('',(#5217,#5218,#5219,#5227));
#5217 = ORIENTED_EDGE('',*,*,#5172,.F.);
#5218 = ORIENTED_EDGE('',*,*,#827,.F.);
#5219 = ORIENTED_EDGE('',*,*,#5220,.T.);
#5220 = EDGE_CURVE('',#820,#5221,#5223,.T.);
#5221 = VERTEX_POINT('',#5222);
#5222 = CARTESIAN_POINT('',(26.215208053589,38.072109222412,7.));
#5223 = LINE('',#5224,#5225);
#5224 = CARTESIAN_POINT('',(26.215208053589,38.072109222412,16.));
#5225 = VECTOR('',#5226,1.);
#5226 = DIRECTION('',(0.,0.,-1.));
#5227 = ORIENTED_EDGE('',*,*,#5228,.T.);
#5228 = EDGE_CURVE('',#5221,#5173,#5229,.T.);
#5229 = LINE('',#5230,#5231);
#5230 = CARTESIAN_POINT('',(26.215208053589,38.072109222412,7.));
#5231 = VECTOR('',#5232,1.);
#5232 = DIRECTION('',(-0.956164297951,-0.292830728106,0.));
#5233 = PLANE('',#5234);
#5234 = AXIS2_PLACEMENT_3D('',#5235,#5236,#5237);
#5235 = CARTESIAN_POINT('',(26.134119987488,38.047275543213,11.5));
#5236 = DIRECTION('',(-0.292830728106,0.956164297951,0.));
#5237 = DIRECTION('',(0.956164297951,0.292830728106,0.));
#5238 = ADVANCED_FACE('',(#5239),#5257,.T.);
#5239 = FACE_BOUND('',#5240,.T.);
#5240 = EDGE_LOOP('',(#5241,#5249,#5250,#5251));
#5241 = ORIENTED_EDGE('',*,*,#5242,.F.);
#5242 = EDGE_CURVE('',#756,#5243,#5245,.T.);
#5243 = VERTEX_POINT('',#5244);
#5244 = CARTESIAN_POINT('',(26.827968597412,39.169002532959,7.));
#5245 = LINE('',#5246,#5247);
#5246 = CARTESIAN_POINT('',(26.827968597412,39.169002532959,16.));
#5247 = VECTOR('',#5248,1.);
#5248 = DIRECTION('',(0.,0.,-1.));
#5249 = ORIENTED_EDGE('',*,*,#755,.F.);
#5250 = ORIENTED_EDGE('',*,*,#5194,.T.);
#5251 = ORIENTED_EDGE('',*,*,#5252,.T.);
#5252 = EDGE_CURVE('',#5195,#5243,#5253,.T.);
#5253 = LINE('',#5254,#5255);
#5254 = CARTESIAN_POINT('',(26.785230636597,39.333137512207,7.));
#5255 = VECTOR('',#5256,1.);
#5256 = DIRECTION('',(0.251981022016,-0.96773217604,0.));
#5257 = PLANE('',#5258);
#5258 = AXIS2_PLACEMENT_3D('',#5259,#5260,#5261);
#5259 = CARTESIAN_POINT('',(26.806599617004,39.251070022583,11.5));
#5260 = DIRECTION('',(-0.96773217604,-0.251981022016,-0.));
#5261 = DIRECTION('',(0.251981022016,-0.96773217604,0.));
#5262 = ADVANCED_FACE('',(#5263),#5281,.T.);
#5263 = FACE_BOUND('',#5264,.T.);
#5264 = EDGE_LOOP('',(#5265,#5266,#5267,#5275));
#5265 = ORIENTED_EDGE('',*,*,#5220,.F.);
#5266 = ORIENTED_EDGE('',*,*,#819,.F.);
#5267 = ORIENTED_EDGE('',*,*,#5268,.T.);
#5268 = EDGE_CURVE('',#812,#5269,#5271,.T.);
#5269 = VERTEX_POINT('',#5270);
#5270 = CARTESIAN_POINT('',(26.366659164429,38.148471832275,7.));
#5271 = LINE('',#5272,#5273);
#5272 = CARTESIAN_POINT('',(26.366659164429,38.148471832275,16.));
#5273 = VECTOR('',#5274,1.);
#5274 = DIRECTION('',(0.,0.,-1.));
#5275 = ORIENTED_EDGE('',*,*,#5276,.T.);
#5276 = EDGE_CURVE('',#5269,#5221,#5277,.T.);
#5277 = LINE('',#5278,#5279);
#5278 = CARTESIAN_POINT('',(26.366659164429,38.148471832275,7.));
#5279 = VECTOR('',#5280,1.);
#5280 = DIRECTION('',(-0.892919775259,-0.450215809308,0.));
#5281 = PLANE('',#5282);
#5282 = AXIS2_PLACEMENT_3D('',#5283,#5284,#5285);
#5283 = CARTESIAN_POINT('',(26.290933609009,38.110290527344,11.5));
#5284 = DIRECTION('',(-0.450215809308,0.892919775259,0.));
#5285 = DIRECTION('',(0.892919775259,0.450215809308,0.));
#5286 = ADVANCED_FACE('',(#5287),#5305,.T.);
#5287 = FACE_BOUND('',#5288,.T.);
#5288 = EDGE_LOOP('',(#5289,#5297,#5298,#5299));
#5289 = ORIENTED_EDGE('',*,*,#5290,.F.);
#5290 = EDGE_CURVE('',#764,#5291,#5293,.T.);
#5291 = VERTEX_POINT('',#5292);
#5292 = CARTESIAN_POINT('',(26.842351913452,39.,7.));
#5293 = LINE('',#5294,#5295);
#5294 = CARTESIAN_POINT('',(26.842351913452,39.,16.));
#5295 = VECTOR('',#5296,1.);
#5296 = DIRECTION('',(0.,0.,-1.));
#5297 = ORIENTED_EDGE('',*,*,#763,.F.);
#5298 = ORIENTED_EDGE('',*,*,#5242,.T.);
#5299 = ORIENTED_EDGE('',*,*,#5300,.T.);
#5300 = EDGE_CURVE('',#5243,#5291,#5301,.T.);
#5301 = LINE('',#5302,#5303);
#5302 = CARTESIAN_POINT('',(26.827968597412,39.169002532959,7.));
#5303 = VECTOR('',#5304,1.);
#5304 = DIRECTION('',(8.480054302177E-02,-0.996397946557,0.));
#5305 = PLANE('',#5306);
#5306 = AXIS2_PLACEMENT_3D('',#5307,#5308,#5309);
#5307 = CARTESIAN_POINT('',(26.835160255432,39.084501266479,11.5));
#5308 = DIRECTION('',(-0.996397946557,-8.480054302177E-02,-0.));
#5309 = DIRECTION('',(8.480054302177E-02,-0.996397946557,0.));
#5310 = ADVANCED_FACE('',(#5311),#5329,.T.);
#5311 = FACE_BOUND('',#5312,.T.);
#5312 = EDGE_LOOP('',(#5313,#5314,#5315,#5323));
#5313 = ORIENTED_EDGE('',*,*,#5268,.F.);
#5314 = ORIENTED_EDGE('',*,*,#811,.F.);
#5315 = ORIENTED_EDGE('',*,*,#5316,.T.);
#5316 = EDGE_CURVE('',#804,#5317,#5319,.T.);
#5317 = VERTEX_POINT('',#5318);
#5318 = CARTESIAN_POINT('',(26.50302696228,38.249328613281,7.));
#5319 = LINE('',#5320,#5321);
#5320 = CARTESIAN_POINT('',(26.50302696228,38.249328613281,16.));
#5321 = VECTOR('',#5322,1.);
#5322 = DIRECTION('',(0.,0.,-1.));
#5323 = ORIENTED_EDGE('',*,*,#5324,.T.);
#5324 = EDGE_CURVE('',#5317,#5269,#5325,.T.);
#5325 = LINE('',#5326,#5327);
#5326 = CARTESIAN_POINT('',(26.50302696228,38.249328613281,7.));
#5327 = VECTOR('',#5328,1.);
#5328 = DIRECTION('',(-0.803998021815,-0.594631970985,0.));
#5329 = PLANE('',#5330);
#5330 = AXIS2_PLACEMENT_3D('',#5331,#5332,#5333);
#5331 = CARTESIAN_POINT('',(26.434843063354,38.198900222778,11.5));
#5332 = DIRECTION('',(-0.594631970985,0.803998021815,0.));
#5333 = DIRECTION('',(0.803998021815,0.594631970985,0.));
#5334 = ADVANCED_FACE('',(#5335),#5353,.T.);
#5335 = FACE_BOUND('',#5336,.T.);
#5336 = EDGE_LOOP('',(#5337,#5345,#5351,#5352));
#5337 = ORIENTED_EDGE('',*,*,#5338,.T.);
#5338 = EDGE_CURVE('',#5291,#5339,#5341,.T.);
#5339 = VERTEX_POINT('',#5340);
#5340 = CARTESIAN_POINT('',(26.827968597412,38.830997467041,7.));
#5341 = LINE('',#5342,#5343);
#5342 = CARTESIAN_POINT('',(26.842351913452,39.,7.));
#5343 = VECTOR('',#5344,1.);
#5344 = DIRECTION('',(-8.480054302177E-02,-0.996397946557,0.));
#5345 = ORIENTED_EDGE('',*,*,#5346,.F.);
#5346 = EDGE_CURVE('',#772,#5339,#5347,.T.);
#5347 = LINE('',#5348,#5349);
#5348 = CARTESIAN_POINT('',(26.827968597412,38.830997467041,16.));
#5349 = VECTOR('',#5350,1.);
#5350 = DIRECTION('',(0.,0.,-1.));
#5351 = ORIENTED_EDGE('',*,*,#771,.F.);
#5352 = ORIENTED_EDGE('',*,*,#5290,.T.);
#5353 = PLANE('',#5354);
#5354 = AXIS2_PLACEMENT_3D('',#5355,#5356,#5357);
#5355 = CARTESIAN_POINT('',(26.835160255432,38.915498733521,11.5));
#5356 = DIRECTION('',(-0.996397946557,8.480054302177E-02,0.));
#5357 = DIRECTION('',(-8.480054302177E-02,-0.996397946557,0.));
#5358 = ADVANCED_FACE('',(#5359),#5377,.T.);
#5359 = FACE_BOUND('',#5360,.T.);
#5360 = EDGE_LOOP('',(#5361,#5362,#5363,#5371));
#5361 = ORIENTED_EDGE('',*,*,#5316,.F.);
#5362 = ORIENTED_EDGE('',*,*,#803,.F.);
#5363 = ORIENTED_EDGE('',*,*,#5364,.T.);
#5364 = EDGE_CURVE('',#796,#5365,#5367,.T.);
#5365 = VERTEX_POINT('',#5366);
#5366 = CARTESIAN_POINT('',(26.620388031006,38.371780395508,7.));
#5367 = LINE('',#5368,#5369);
#5368 = CARTESIAN_POINT('',(26.620388031006,38.371780395508,16.));
#5369 = VECTOR('',#5370,1.);
#5370 = DIRECTION('',(0.,0.,-1.));
#5371 = ORIENTED_EDGE('',*,*,#5372,.T.);
#5372 = EDGE_CURVE('',#5365,#5317,#5373,.T.);
#5373 = LINE('',#5374,#5375);
#5374 = CARTESIAN_POINT('',(26.620388031006,38.371780395508,7.));
#5375 = VECTOR('',#5376,1.);
#5376 = DIRECTION('',(-0.691940533539,-0.721954498598,0.));
#5377 = PLANE('',#5378);
#5378 = AXIS2_PLACEMENT_3D('',#5379,#5380,#5381);
#5379 = CARTESIAN_POINT('',(26.561707496643,38.310554504395,11.5));
#5380 = DIRECTION('',(-0.721954498598,0.691940533539,0.));
#5381 = DIRECTION('',(-0.691940533539,-0.721954498598,0.));
#5382 = ADVANCED_FACE('',(#5383),#5401,.T.);
#5383 = FACE_BOUND('',#5384,.T.);
#5384 = EDGE_LOOP('',(#5385,#5393,#5394,#5395));
#5385 = ORIENTED_EDGE('',*,*,#5386,.F.);
#5386 = EDGE_CURVE('',#780,#5387,#5389,.T.);
#5387 = VERTEX_POINT('',#5388);
#5388 = CARTESIAN_POINT('',(26.785230636597,38.666858673096,7.));
#5389 = LINE('',#5390,#5391);
#5390 = CARTESIAN_POINT('',(26.785230636597,38.666858673096,16.));
#5391 = VECTOR('',#5392,1.);
#5392 = DIRECTION('',(0.,0.,-1.));
#5393 = ORIENTED_EDGE('',*,*,#779,.F.);
#5394 = ORIENTED_EDGE('',*,*,#5346,.T.);
#5395 = ORIENTED_EDGE('',*,*,#5396,.T.);
#5396 = EDGE_CURVE('',#5339,#5387,#5397,.T.);
#5397 = LINE('',#5398,#5399);
#5398 = CARTESIAN_POINT('',(26.827968597412,38.830997467041,7.));
#5399 = VECTOR('',#5400,1.);
#5400 = DIRECTION('',(-0.25197553763,-0.967733604065,0.));
#5401 = PLANE('',#5402);
#5402 = AXIS2_PLACEMENT_3D('',#5403,#5404,#5405);
#5403 = CARTESIAN_POINT('',(26.806599617004,38.748928070068,11.5));
#5404 = DIRECTION('',(-0.967733604065,0.25197553763,0.));
#5405 = DIRECTION('',(-0.25197553763,-0.967733604065,0.));
#5406 = ADVANCED_FACE('',(#5407),#5425,.T.);
#5407 = FACE_BOUND('',#5408,.T.);
#5408 = EDGE_LOOP('',(#5409,#5410,#5411,#5419));
#5409 = ORIENTED_EDGE('',*,*,#5364,.F.);
#5410 = ORIENTED_EDGE('',*,*,#795,.F.);
#5411 = ORIENTED_EDGE('',*,*,#5412,.T.);
#5412 = EDGE_CURVE('',#788,#5413,#5415,.T.);
#5413 = VERTEX_POINT('',#5414);
#5414 = CARTESIAN_POINT('',(26.715366363525,38.512306213379,7.));
#5415 = LINE('',#5416,#5417);
#5416 = CARTESIAN_POINT('',(26.715366363525,38.512306213379,16.));
#5417 = VECTOR('',#5418,1.);
#5418 = DIRECTION('',(0.,0.,-1.));
#5419 = ORIENTED_EDGE('',*,*,#5420,.T.);
#5420 = EDGE_CURVE('',#5413,#5365,#5421,.T.);
#5421 = LINE('',#5422,#5423);
#5422 = CARTESIAN_POINT('',(26.715366363525,38.512306213379,7.));
#5423 = VECTOR('',#5424,1.);
#5424 = DIRECTION('',(-0.559972588755,-0.828511134411,0.));
#5425 = PLANE('',#5426);
#5426 = AXIS2_PLACEMENT_3D('',#5427,#5428,#5429);
#5427 = CARTESIAN_POINT('',(26.667877197266,38.442043304443,11.5));
#5428 = DIRECTION('',(-0.828511134411,0.559972588755,0.));
#5429 = DIRECTION('',(-0.559972588755,-0.828511134411,0.));
#5430 = ADVANCED_FACE('',(#5431),#5442,.T.);
#5431 = FACE_BOUND('',#5432,.T.);
#5432 = EDGE_LOOP('',(#5433,#5434,#5435,#5436));
#5433 = ORIENTED_EDGE('',*,*,#5412,.F.);
#5434 = ORIENTED_EDGE('',*,*,#787,.F.);
#5435 = ORIENTED_EDGE('',*,*,#5386,.T.);
#5436 = ORIENTED_EDGE('',*,*,#5437,.T.);
#5437 = EDGE_CURVE('',#5387,#5413,#5438,.T.);
#5438 = LINE('',#5439,#5440);
#5439 = CARTESIAN_POINT('',(26.785230636597,38.666858673096,7.));
#5440 = VECTOR('',#5441,1.);
#5441 = DIRECTION('',(-0.411911805212,-0.911223718264,0.));
#5442 = PLANE('',#5443);
#5443 = AXIS2_PLACEMENT_3D('',#5444,#5445,#5446);
#5444 = CARTESIAN_POINT('',(26.750298500061,38.589582443237,11.5));
#5445 = DIRECTION('',(-0.911223718264,0.411911805212,0.));
#5446 = DIRECTION('',(-0.411911805212,-0.911223718264,0.));
#5447 = ADVANCED_FACE('',(#5448),#5473,.T.);
#5448 = FACE_BOUND('',#5449,.T.);
#5449 = EDGE_LOOP('',(#5450,#5460,#5466,#5467));
#5450 = ORIENTED_EDGE('',*,*,#5451,.F.);
#5451 = EDGE_CURVE('',#5452,#5454,#5456,.T.);
#5452 = VERTEX_POINT('',#5453);
#5453 = CARTESIAN_POINT('',(19.592351913452,65.,0.));
#5454 = VERTEX_POINT('',#5455);
#5455 = CARTESIAN_POINT('',(19.592351913452,41.,0.));
#5456 = LINE('',#5457,#5458);
#5457 = CARTESIAN_POINT('',(19.592351913452,65.,0.));
#5458 = VECTOR('',#5459,1.);
#5459 = DIRECTION('',(0.,-1.,0.));
#5460 = ORIENTED_EDGE('',*,*,#5461,.T.);
#5461 = EDGE_CURVE('',#5452,#942,#5462,.T.);
#5462 = LINE('',#5463,#5464);
#5463 = CARTESIAN_POINT('',(19.592351913452,65.,0.));
#5464 = VECTOR('',#5465,1.);
#5465 = DIRECTION('',(0.,0.,1.));
#5466 = ORIENTED_EDGE('',*,*,#939,.F.);
#5467 = ORIENTED_EDGE('',*,*,#5468,.T.);
#5468 = EDGE_CURVE('',#940,#5454,#5469,.T.);
#5469 = LINE('',#5470,#5471);
#5470 = CARTESIAN_POINT('',(19.592351913452,41.,16.));
#5471 = VECTOR('',#5472,1.);
#5472 = DIRECTION('',(0.,0.,-1.));
#5473 = PLANE('',#5474);
#5474 = AXIS2_PLACEMENT_3D('',#5475,#5476,#5477);
#5475 = CARTESIAN_POINT('',(19.592351913452,53.,8.));
#5476 = DIRECTION('',(1.,0.,0.));
#5477 = DIRECTION('',(0.,0.,1.));
#5478 = ADVANCED_FACE('',(#5479),#5497,.T.);
#5479 = FACE_BOUND('',#5480,.T.);
#5480 = EDGE_LOOP('',(#5481,#5482,#5483,#5491));
#5481 = ORIENTED_EDGE('',*,*,#5468,.F.);
#5482 = ORIENTED_EDGE('',*,*,#965,.F.);
#5483 = ORIENTED_EDGE('',*,*,#5484,.F.);
#5484 = EDGE_CURVE('',#5485,#958,#5487,.T.);
#5485 = VERTEX_POINT('',#5486);
#5486 = CARTESIAN_POINT('',(32.092350006104,41.,0.));
#5487 = LINE('',#5488,#5489);
#5488 = CARTESIAN_POINT('',(32.092350006104,41.,0.));
#5489 = VECTOR('',#5490,1.);
#5490 = DIRECTION('',(0.,0.,1.));
#5491 = ORIENTED_EDGE('',*,*,#5492,.F.);
#5492 = EDGE_CURVE('',#5454,#5485,#5493,.T.);
#5493 = LINE('',#5494,#5495);
#5494 = CARTESIAN_POINT('',(19.592351913452,41.,0.));
#5495 = VECTOR('',#5496,1.);
#5496 = DIRECTION('',(1.,0.,0.));
#5497 = PLANE('',#5498);
#5498 = AXIS2_PLACEMENT_3D('',#5499,#5500,#5501);
#5499 = CARTESIAN_POINT('',(25.842350959778,41.,8.));
#5500 = DIRECTION('',(0.,1.,0.));
#5501 = DIRECTION('',(0.,0.,1.));
#5502 = ADVANCED_FACE('',(#5503),#5521,.T.);
#5503 = FACE_BOUND('',#5504,.T.);
#5504 = EDGE_LOOP('',(#5505,#5513,#5514,#5515));
#5505 = ORIENTED_EDGE('',*,*,#5506,.T.);
#5506 = EDGE_CURVE('',#5507,#950,#5509,.T.);
#5507 = VERTEX_POINT('',#5508);
#5508 = CARTESIAN_POINT('',(32.092350006104,65.,0.));
#5509 = LINE('',#5510,#5511);
#5510 = CARTESIAN_POINT('',(32.092350006104,65.,0.));
#5511 = VECTOR('',#5512,1.);
#5512 = DIRECTION('',(0.,0.,1.));
#5513 = ORIENTED_EDGE('',*,*,#949,.F.);
#5514 = ORIENTED_EDGE('',*,*,#5461,.F.);
#5515 = ORIENTED_EDGE('',*,*,#5516,.F.);
#5516 = EDGE_CURVE('',#5507,#5452,#5517,.T.);
#5517 = LINE('',#5518,#5519);
#5518 = CARTESIAN_POINT('',(32.092350006104,65.,0.));
#5519 = VECTOR('',#5520,1.);
#5520 = DIRECTION('',(-1.,0.,0.));
#5521 = PLANE('',#5522);
#5522 = AXIS2_PLACEMENT_3D('',#5523,#5524,#5525);
#5523 = CARTESIAN_POINT('',(25.842350959778,65.,8.));
#5524 = DIRECTION('',(-0.,-1.,-0.));
#5525 = DIRECTION('',(0.,0.,-1.));
#5526 = ADVANCED_FACE('',(#5527),#5538,.T.);
#5527 = FACE_BOUND('',#5528,.T.);
#5528 = EDGE_LOOP('',(#5529,#5530,#5531,#5532));
#5529 = ORIENTED_EDGE('',*,*,#5484,.T.);
#5530 = ORIENTED_EDGE('',*,*,#957,.F.);
#5531 = ORIENTED_EDGE('',*,*,#5506,.F.);
#5532 = ORIENTED_EDGE('',*,*,#5533,.F.);
#5533 = EDGE_CURVE('',#5485,#5507,#5534,.T.);
#5534 = LINE('',#5535,#5536);
#5535 = CARTESIAN_POINT('',(32.092350006104,41.,0.));
#5536 = VECTOR('',#5537,1.);
#5537 = DIRECTION('',(0.,1.,0.));
#5538 = PLANE('',#5539);
#5539 = AXIS2_PLACEMENT_3D('',#5540,#5541,#5542);
#5540 = CARTESIAN_POINT('',(32.092350006104,53.,8.));
#5541 = DIRECTION('',(-1.,-0.,-0.));
#5542 = DIRECTION('',(0.,0.,-1.));
#5543 = ADVANCED_FACE('',(#5544),#5569,.T.);
#5544 = FACE_BOUND('',#5545,.T.);
#5545 = EDGE_LOOP('',(#5546,#5554,#5555,#5563));
#5546 = ORIENTED_EDGE('',*,*,#5547,.F.);
#5547 = EDGE_CURVE('',#976,#5548,#5550,.T.);
#5548 = VERTEX_POINT('',#5549);
#5549 = CARTESIAN_POINT('',(24.84595489502,66.915191650391,7.));
#5550 = LINE('',#5551,#5552);
#5551 = CARTESIAN_POINT('',(24.84595489502,66.915191650391,16.));
#5552 = VECTOR('',#5553,1.);
#5553 = DIRECTION('',(0.,0.,-1.));
#5554 = ORIENTED_EDGE('',*,*,#973,.F.);
#5555 = ORIENTED_EDGE('',*,*,#5556,.T.);
#5556 = EDGE_CURVE('',#974,#5557,#5559,.T.);
#5557 = VERTEX_POINT('',#5558);
#5558 = CARTESIAN_POINT('',(24.874618530273,66.748023986816,7.));
#5559 = LINE('',#5560,#5561);
#5560 = CARTESIAN_POINT('',(24.874618530273,66.748023986816,16.));
#5561 = VECTOR('',#5562,1.);
#5562 = DIRECTION('',(0.,0.,-1.));
#5563 = ORIENTED_EDGE('',*,*,#5564,.T.);
#5564 = EDGE_CURVE('',#5557,#5548,#5565,.T.);
#5565 = LINE('',#5566,#5567);
#5566 = CARTESIAN_POINT('',(24.874618530273,66.748023986816,7.));
#5567 = VECTOR('',#5568,1.);
#5568 = DIRECTION('',(-0.169000022329,0.985616047177,0.));
#5569 = PLANE('',#5570);
#5570 = AXIS2_PLACEMENT_3D('',#5571,#5572,#5573);
#5571 = CARTESIAN_POINT('',(24.860286712646,66.831607818604,11.5));
#5572 = DIRECTION('',(0.985616047177,0.169000022329,0.));
#5573 = DIRECTION('',(-0.169000022329,0.985616047177,0.));
#5574 = ADVANCED_FACE('',(#5575),#5593,.T.);
#5575 = FACE_BOUND('',#5576,.T.);
#5576 = EDGE_LOOP('',(#5577,#5578,#5579,#5587));
#5577 = ORIENTED_EDGE('',*,*,#5556,.F.);
#5578 = ORIENTED_EDGE('',*,*,#1263,.F.);
#5579 = ORIENTED_EDGE('',*,*,#5580,.T.);
#5580 = EDGE_CURVE('',#1256,#5581,#5583,.T.);
#5581 = VERTEX_POINT('',#5582);
#5582 = CARTESIAN_POINT('',(24.931123733521,66.588096618652,7.));
#5583 = LINE('',#5584,#5585);
#5584 = CARTESIAN_POINT('',(24.931123733521,66.588096618652,16.));
#5585 = VECTOR('',#5586,1.);
#5586 = DIRECTION('',(0.,0.,-1.));
#5587 = ORIENTED_EDGE('',*,*,#5588,.T.);
#5588 = EDGE_CURVE('',#5581,#5557,#5589,.T.);
#5589 = LINE('',#5590,#5591);
#5590 = CARTESIAN_POINT('',(24.931123733521,66.588096618652,7.));
#5591 = VECTOR('',#5592,1.);
#5592 = DIRECTION('',(-0.333135965157,0.942878798531,0.));
#5593 = PLANE('',#5594);
#5594 = AXIS2_PLACEMENT_3D('',#5595,#5596,#5597);
#5595 = CARTESIAN_POINT('',(24.902871131897,66.668060302734,11.5));
#5596 = DIRECTION('',(0.942878798531,0.333135965157,0.));
#5597 = DIRECTION('',(-0.333135965157,0.942878798531,0.));
#5598 = ADVANCED_FACE('',(#5599),#5617,.T.);
#5599 = FACE_BOUND('',#5600,.T.);
#5600 = EDGE_LOOP('',(#5601,#5609,#5610,#5611));
#5601 = ORIENTED_EDGE('',*,*,#5602,.F.);
#5602 = EDGE_CURVE('',#984,#5603,#5605,.T.);
#5603 = VERTEX_POINT('',#5604);
#5604 = CARTESIAN_POINT('',(24.84595489502,67.084800720215,7.));
#5605 = LINE('',#5606,#5607);
#5606 = CARTESIAN_POINT('',(24.84595489502,67.084800720215,16.));
#5607 = VECTOR('',#5608,1.);
#5608 = DIRECTION('',(0.,0.,-1.));
#5609 = ORIENTED_EDGE('',*,*,#983,.F.);
#5610 = ORIENTED_EDGE('',*,*,#5547,.T.);
#5611 = ORIENTED_EDGE('',*,*,#5612,.T.);
#5612 = EDGE_CURVE('',#5548,#5603,#5613,.T.);
#5613 = LINE('',#5614,#5615);
#5614 = CARTESIAN_POINT('',(24.84595489502,66.915191650391,7.));
#5615 = VECTOR('',#5616,1.);
#5616 = DIRECTION('',(0.,1.,0.));
#5617 = PLANE('',#5618);
#5618 = AXIS2_PLACEMENT_3D('',#5619,#5620,#5621);
#5619 = CARTESIAN_POINT('',(24.84595489502,66.999996185303,11.5));
#5620 = DIRECTION('',(1.,0.,0.));
#5621 = DIRECTION('',(0.,0.,1.));
#5622 = ADVANCED_FACE('',(#5623),#5641,.T.);
#5623 = FACE_BOUND('',#5624,.T.);
#5624 = EDGE_LOOP('',(#5625,#5626,#5627,#5635));
#5625 = ORIENTED_EDGE('',*,*,#5580,.F.);
#5626 = ORIENTED_EDGE('',*,*,#1255,.F.);
#5627 = ORIENTED_EDGE('',*,*,#5628,.T.);
#5628 = EDGE_CURVE('',#1248,#5629,#5631,.T.);
#5629 = VERTEX_POINT('',#5630);
#5630 = CARTESIAN_POINT('',(25.013841629028,66.44002532959,7.));
#5631 = LINE('',#5632,#5633);
#5632 = CARTESIAN_POINT('',(25.013841629028,66.44002532959,16.));
#5633 = VECTOR('',#5634,1.);
#5634 = DIRECTION('',(0.,0.,-1.));
#5635 = ORIENTED_EDGE('',*,*,#5636,.T.);
#5636 = EDGE_CURVE('',#5629,#5581,#5637,.T.);
#5637 = LINE('',#5638,#5639);
#5638 = CARTESIAN_POINT('',(25.013841629028,66.44002532959,7.));
#5639 = VECTOR('',#5640,1.);
#5640 = DIRECTION('',(-0.487696339681,0.873013333382,0.));
#5641 = PLANE('',#5642);
#5642 = AXIS2_PLACEMENT_3D('',#5643,#5644,#5645);
#5643 = CARTESIAN_POINT('',(24.972482681274,66.514060974121,11.5));
#5644 = DIRECTION('',(0.873013333382,0.487696339681,0.));
#5645 = DIRECTION('',(-0.487696339681,0.873013333382,0.));
#5646 = ADVANCED_FACE('',(#5647),#5665,.T.);
#5647 = FACE_BOUND('',#5648,.T.);
#5648 = EDGE_LOOP('',(#5649,#5657,#5658,#5659));
#5649 = ORIENTED_EDGE('',*,*,#5650,.F.);
#5650 = EDGE_CURVE('',#992,#5651,#5653,.T.);
#5651 = VERTEX_POINT('',#5652);
#5652 = CARTESIAN_POINT('',(24.874618530273,67.251983642578,7.));
#5653 = LINE('',#5654,#5655);
#5654 = CARTESIAN_POINT('',(24.874618530273,67.251983642578,16.));
#5655 = VECTOR('',#5656,1.);
#5656 = DIRECTION('',(0.,0.,-1.));
#5657 = ORIENTED_EDGE('',*,*,#991,.F.);
#5658 = ORIENTED_EDGE('',*,*,#5602,.T.);
#5659 = ORIENTED_EDGE('',*,*,#5660,.T.);
#5660 = EDGE_CURVE('',#5603,#5651,#5661,.T.);
#5661 = LINE('',#5662,#5663);
#5662 = CARTESIAN_POINT('',(24.84595489502,67.084800720215,7.));
#5663 = VECTOR('',#5664,1.);
#5664 = DIRECTION('',(0.168985038177,0.985618616338,0.));
#5665 = PLANE('',#5666);
#5666 = AXIS2_PLACEMENT_3D('',#5667,#5668,#5669);
#5667 = CARTESIAN_POINT('',(24.860286712646,67.168392181396,11.5));
#5668 = DIRECTION('',(0.985618616338,-0.168985038177,0.));
#5669 = DIRECTION('',(0.168985038177,0.985618616338,0.));
#5670 = ADVANCED_FACE('',(#5671),#5689,.T.);
#5671 = FACE_BOUND('',#5672,.T.);
#5672 = EDGE_LOOP('',(#5673,#5674,#5675,#5683));
#5673 = ORIENTED_EDGE('',*,*,#5628,.F.);
#5674 = ORIENTED_EDGE('',*,*,#1247,.F.);
#5675 = ORIENTED_EDGE('',*,*,#5676,.T.);
#5676 = EDGE_CURVE('',#1240,#5677,#5679,.T.);
#5677 = VERTEX_POINT('',#5678);
#5678 = CARTESIAN_POINT('',(25.1203956604,66.308059692383,7.));
#5679 = LINE('',#5680,#5681);
#5680 = CARTESIAN_POINT('',(25.1203956604,66.308059692383,16.));
#5681 = VECTOR('',#5682,1.);
#5682 = DIRECTION('',(0.,0.,-1.));
#5683 = ORIENTED_EDGE('',*,*,#5684,.T.);
#5684 = EDGE_CURVE('',#5677,#5629,#5685,.T.);
#5685 = LINE('',#5686,#5687);
#5686 = CARTESIAN_POINT('',(25.1203956604,66.308059692383,7.));
#5687 = VECTOR('',#5688,1.);
#5688 = DIRECTION('',(-0.628217217156,0.778037999116,0.));
#5689 = PLANE('',#5690);
#5690 = AXIS2_PLACEMENT_3D('',#5691,#5692,#5693);
#5691 = CARTESIAN_POINT('',(25.067118644714,66.374042510986,11.5));
#5692 = DIRECTION('',(0.778037999116,0.628217217156,0.));
#5693 = DIRECTION('',(-0.628217217156,0.778037999116,0.));
#5694 = ADVANCED_FACE('',(#5695),#5713,.T.);
#5695 = FACE_BOUND('',#5696,.T.);
#5696 = EDGE_LOOP('',(#5697,#5705,#5706,#5707));
#5697 = ORIENTED_EDGE('',*,*,#5698,.F.);
#5698 = EDGE_CURVE('',#1000,#5699,#5701,.T.);
#5699 = VERTEX_POINT('',#5700);
#5700 = CARTESIAN_POINT('',(24.931123733521,67.411895751953,7.));
#5701 = LINE('',#5702,#5703);
#5702 = CARTESIAN_POINT('',(24.931123733521,67.411895751953,16.));
#5703 = VECTOR('',#5704,1.);
#5704 = DIRECTION('',(0.,0.,-1.));
#5705 = ORIENTED_EDGE('',*,*,#999,.F.);
#5706 = ORIENTED_EDGE('',*,*,#5650,.T.);
#5707 = ORIENTED_EDGE('',*,*,#5708,.T.);
#5708 = EDGE_CURVE('',#5651,#5699,#5709,.T.);
#5709 = LINE('',#5710,#5711);
#5710 = CARTESIAN_POINT('',(24.874618530273,67.251983642578,7.));
#5711 = VECTOR('',#5712,1.);
#5712 = DIRECTION('',(0.333164224696,0.942868813453,0.));
#5713 = PLANE('',#5714);
#5714 = AXIS2_PLACEMENT_3D('',#5715,#5716,#5717);
#5715 = CARTESIAN_POINT('',(24.902871131897,67.331939697266,11.5));
#5716 = DIRECTION('',(0.942868813453,-0.333164224696,0.));
#5717 = DIRECTION('',(0.333164224696,0.942868813453,0.));
#5718 = ADVANCED_FACE('',(#5719),#5737,.T.);
#5719 = FACE_BOUND('',#5720,.T.);
#5720 = EDGE_LOOP('',(#5721,#5722,#5723,#5731));
#5721 = ORIENTED_EDGE('',*,*,#5676,.F.);
#5722 = ORIENTED_EDGE('',*,*,#1239,.F.);
#5723 = ORIENTED_EDGE('',*,*,#5724,.T.);
#5724 = EDGE_CURVE('',#1232,#5725,#5727,.T.);
#5725 = VERTEX_POINT('',#5726);
#5726 = CARTESIAN_POINT('',(25.247718811035,66.195999145508,7.));
#5727 = LINE('',#5728,#5729);
#5728 = CARTESIAN_POINT('',(25.247718811035,66.195999145508,16.));
#5729 = VECTOR('',#5730,1.);
#5730 = DIRECTION('',(0.,0.,-1.));
#5731 = ORIENTED_EDGE('',*,*,#5732,.T.);
#5732 = EDGE_CURVE('',#5725,#5677,#5733,.T.);
#5733 = LINE('',#5734,#5735);
#5734 = CARTESIAN_POINT('',(25.247718811035,66.195999145508,7.));
#5735 = VECTOR('',#5736,1.);
#5736 = DIRECTION('',(-0.750666222031,0.660681635209,0.));
#5737 = PLANE('',#5738);
#5738 = AXIS2_PLACEMENT_3D('',#5739,#5740,#5741);
#5739 = CARTESIAN_POINT('',(25.184057235718,66.252029418945,11.5));
#5740 = DIRECTION('',(0.660681635209,0.750666222031,0.));
#5741 = DIRECTION('',(0.750666222031,-0.660681635209,0.));
#5742 = ADVANCED_FACE('',(#5743),#5761,.T.);
#5743 = FACE_BOUND('',#5744,.T.);
#5744 = EDGE_LOOP('',(#5745,#5753,#5754,#5755));
#5745 = ORIENTED_EDGE('',*,*,#5746,.F.);
#5746 = EDGE_CURVE('',#1008,#5747,#5749,.T.);
#5747 = VERTEX_POINT('',#5748);
#5748 = CARTESIAN_POINT('',(25.013841629028,67.55997467041,7.));
#5749 = LINE('',#5750,#5751);
#5750 = CARTESIAN_POINT('',(25.013841629028,67.55997467041,16.));
#5751 = VECTOR('',#5752,1.);
#5752 = DIRECTION('',(0.,0.,-1.));
#5753 = ORIENTED_EDGE('',*,*,#1007,.F.);
#5754 = ORIENTED_EDGE('',*,*,#5698,.T.);
#5755 = ORIENTED_EDGE('',*,*,#5756,.T.);
#5756 = EDGE_CURVE('',#5699,#5747,#5757,.T.);
#5757 = LINE('',#5758,#5759);
#5758 = CARTESIAN_POINT('',(24.931123733521,67.411895751953,7.));
#5759 = VECTOR('',#5760,1.);
#5760 = DIRECTION('',(0.487677188477,0.87302403165,0.));
#5761 = PLANE('',#5762);
#5762 = AXIS2_PLACEMENT_3D('',#5763,#5764,#5765);
#5763 = CARTESIAN_POINT('',(24.972482681274,67.485935211182,11.5));
#5764 = DIRECTION('',(0.87302403165,-0.487677188477,0.));
#5765 = DIRECTION('',(0.487677188477,0.87302403165,0.));
#5766 = ADVANCED_FACE('',(#5767),#5785,.T.);
#5767 = FACE_BOUND('',#5768,.T.);
#5768 = EDGE_LOOP('',(#5769,#5770,#5771,#5779));
#5769 = ORIENTED_EDGE('',*,*,#5724,.F.);
#5770 = ORIENTED_EDGE('',*,*,#1231,.F.);
#5771 = ORIENTED_EDGE('',*,*,#5772,.T.);
#5772 = EDGE_CURVE('',#1224,#5773,#5775,.T.);
#5773 = VERTEX_POINT('',#5774);
#5774 = CARTESIAN_POINT('',(25.392148971558,66.107070922852,7.));
#5775 = LINE('',#5776,#5777);
#5776 = CARTESIAN_POINT('',(25.392148971558,66.107070922852,16.));
#5777 = VECTOR('',#5778,1.);
#5778 = DIRECTION('',(0.,0.,-1.));
#5779 = ORIENTED_EDGE('',*,*,#5780,.T.);
#5780 = EDGE_CURVE('',#5773,#5725,#5781,.T.);
#5781 = LINE('',#5782,#5783);
#5782 = CARTESIAN_POINT('',(25.392148971558,66.107070922852,7.));
#5783 = VECTOR('',#5784,1.);
#5784 = DIRECTION('',(-0.851531648927,0.524303205097,0.));
#5785 = PLANE('',#5786);
#5786 = AXIS2_PLACEMENT_3D('',#5787,#5788,#5789);
#5787 = CARTESIAN_POINT('',(25.319933891296,66.15153503418,11.5));
#5788 = DIRECTION('',(0.524303205097,0.851531648927,0.));
#5789 = DIRECTION('',(0.851531648927,-0.524303205097,0.));
#5790 = ADVANCED_FACE('',(#5791),#5809,.T.);
#5791 = FACE_BOUND('',#5792,.T.);
#5792 = EDGE_LOOP('',(#5793,#5801,#5802,#5803));
#5793 = ORIENTED_EDGE('',*,*,#5794,.F.);
#5794 = EDGE_CURVE('',#1016,#5795,#5797,.T.);
#5795 = VERTEX_POINT('',#5796);
#5796 = CARTESIAN_POINT('',(25.1203956604,67.691940307617,7.));
#5797 = LINE('',#5798,#5799);
#5798 = CARTESIAN_POINT('',(25.1203956604,67.691940307617,16.));
#5799 = VECTOR('',#5800,1.);
#5800 = DIRECTION('',(0.,0.,-1.));
#5801 = ORIENTED_EDGE('',*,*,#1015,.F.);
#5802 = ORIENTED_EDGE('',*,*,#5746,.T.);
#5803 = ORIENTED_EDGE('',*,*,#5804,.T.);
#5804 = EDGE_CURVE('',#5747,#5795,#5805,.T.);
#5805 = LINE('',#5806,#5807);
#5806 = CARTESIAN_POINT('',(25.013841629028,67.55997467041,7.));
#5807 = VECTOR('',#5808,1.);
#5808 = DIRECTION('',(0.628217217156,0.778037999116,0.));
#5809 = PLANE('',#5810);
#5810 = AXIS2_PLACEMENT_3D('',#5811,#5812,#5813);
#5811 = CARTESIAN_POINT('',(25.067118644714,67.625957489014,11.5));
#5812 = DIRECTION('',(0.778037999116,-0.628217217156,0.));
#5813 = DIRECTION('',(0.628217217156,0.778037999116,0.));
#5814 = ADVANCED_FACE('',(#5815),#5833,.T.);
#5815 = FACE_BOUND('',#5816,.T.);
#5816 = EDGE_LOOP('',(#5817,#5818,#5819,#5827));
#5817 = ORIENTED_EDGE('',*,*,#5772,.F.);
#5818 = ORIENTED_EDGE('',*,*,#1223,.F.);
#5819 = ORIENTED_EDGE('',*,*,#5820,.T.);
#5820 = EDGE_CURVE('',#1216,#5821,#5823,.T.);
#5821 = VERTEX_POINT('',#5822);
#5822 = CARTESIAN_POINT('',(25.549530029297,66.043830871582,7.));
#5823 = LINE('',#5824,#5825);
#5824 = CARTESIAN_POINT('',(25.549530029297,66.043830871582,16.));
#5825 = VECTOR('',#5826,1.);
#5826 = DIRECTION('',(0.,0.,-1.));
#5827 = ORIENTED_EDGE('',*,*,#5828,.T.);
#5828 = EDGE_CURVE('',#5821,#5773,#5829,.T.);
#5829 = LINE('',#5830,#5831);
#5830 = CARTESIAN_POINT('',(25.549530029297,66.043830871582,7.));
#5831 = VECTOR('',#5832,1.);
#5832 = DIRECTION('',(-0.927890779766,0.372852116563,0.));
#5833 = PLANE('',#5834);
#5834 = AXIS2_PLACEMENT_3D('',#5835,#5836,#5837);
#5835 = CARTESIAN_POINT('',(25.470839500427,66.075450897217,11.5));
#5836 = DIRECTION('',(0.372852116563,0.927890779766,0.));
#5837 = DIRECTION('',(0.927890779766,-0.372852116563,0.));
#5838 = ADVANCED_FACE('',(#5839),#5857,.T.);
#5839 = FACE_BOUND('',#5840,.T.);
#5840 = EDGE_LOOP('',(#5841,#5849,#5850,#5851));
#5841 = ORIENTED_EDGE('',*,*,#5842,.F.);
#5842 = EDGE_CURVE('',#1024,#5843,#5845,.T.);
#5843 = VERTEX_POINT('',#5844);
#5844 = CARTESIAN_POINT('',(25.247718811035,67.803993225098,7.));
#5845 = LINE('',#5846,#5847);
#5846 = CARTESIAN_POINT('',(25.247718811035,67.803993225098,16.));
#5847 = VECTOR('',#5848,1.);
#5848 = DIRECTION('',(0.,0.,-1.));
#5849 = ORIENTED_EDGE('',*,*,#1023,.F.);
#5850 = ORIENTED_EDGE('',*,*,#5794,.T.);
#5851 = ORIENTED_EDGE('',*,*,#5852,.T.);
#5852 = EDGE_CURVE('',#5795,#5843,#5853,.T.);
#5853 = LINE('',#5854,#5855);
#5854 = CARTESIAN_POINT('',(25.1203956604,67.691940307617,7.));
#5855 = VECTOR('',#5856,1.);
#5856 = DIRECTION('',(0.750688530679,0.660656287268,0.));
#5857 = PLANE('',#5858);
#5858 = AXIS2_PLACEMENT_3D('',#5859,#5860,#5861);
#5859 = CARTESIAN_POINT('',(25.184057235718,67.747966766357,11.5));
#5860 = DIRECTION('',(0.660656287268,-0.750688530679,0.));
#5861 = DIRECTION('',(-0.750688530679,-0.660656287268,0.));
#5862 = ADVANCED_FACE('',(#5863),#5881,.T.);
#5863 = FACE_BOUND('',#5864,.T.);
#5864 = EDGE_LOOP('',(#5865,#5866,#5867,#5875));
#5865 = ORIENTED_EDGE('',*,*,#5820,.F.);
#5866 = ORIENTED_EDGE('',*,*,#1215,.F.);
#5867 = ORIENTED_EDGE('',*,*,#5868,.T.);
#5868 = EDGE_CURVE('',#1208,#5869,#5871,.T.);
#5869 = VERTEX_POINT('',#5870);
#5870 = CARTESIAN_POINT('',(25.715333938599,66.008094787598,7.));
#5871 = LINE('',#5872,#5873);
#5872 = CARTESIAN_POINT('',(25.715333938599,66.008094787598,16.));
#5873 = VECTOR('',#5874,1.);
#5874 = DIRECTION('',(0.,0.,-1.));
#5875 = ORIENTED_EDGE('',*,*,#5876,.T.);
#5876 = EDGE_CURVE('',#5869,#5821,#5877,.T.);
#5877 = LINE('',#5878,#5879);
#5878 = CARTESIAN_POINT('',(25.715333938599,66.008094787598,7.));
#5879 = VECTOR('',#5880,1.);
#5880 = DIRECTION('',(-0.977552071973,0.210693964275,0.));
#5881 = PLANE('',#5882);
#5882 = AXIS2_PLACEMENT_3D('',#5883,#5884,#5885);
#5883 = CARTESIAN_POINT('',(25.632431983948,66.02596282959,11.5));
#5884 = DIRECTION('',(0.210693964275,0.977552071973,0.));
#5885 = DIRECTION('',(0.977552071973,-0.210693964275,0.));
#5886 = ADVANCED_FACE('',(#5887),#5905,.T.);
#5887 = FACE_BOUND('',#5888,.T.);
#5888 = EDGE_LOOP('',(#5889,#5897,#5898,#5899));
#5889 = ORIENTED_EDGE('',*,*,#5890,.F.);
#5890 = EDGE_CURVE('',#1032,#5891,#5893,.T.);
#5891 = VERTEX_POINT('',#5892);
#5892 = CARTESIAN_POINT('',(25.392148971558,67.892921447754,7.));
#5893 = LINE('',#5894,#5895);
#5894 = CARTESIAN_POINT('',(25.392148971558,67.892921447754,16.));
#5895 = VECTOR('',#5896,1.);
#5896 = DIRECTION('',(0.,0.,-1.));
#5897 = ORIENTED_EDGE('',*,*,#1031,.F.);
#5898 = ORIENTED_EDGE('',*,*,#5842,.T.);
#5899 = ORIENTED_EDGE('',*,*,#5900,.T.);
#5900 = EDGE_CURVE('',#5843,#5891,#5901,.T.);
#5901 = LINE('',#5902,#5903);
#5902 = CARTESIAN_POINT('',(25.247718811035,67.803993225098,7.));
#5903 = VECTOR('',#5904,1.);
#5904 = DIRECTION('',(0.851531648927,0.524303205097,0.));
#5905 = PLANE('',#5906);
#5906 = AXIS2_PLACEMENT_3D('',#5907,#5908,#5909);
#5907 = CARTESIAN_POINT('',(25.319933891296,67.848457336426,11.5));
#5908 = DIRECTION('',(0.524303205097,-0.851531648927,0.));
#5909 = DIRECTION('',(-0.851531648927,-0.524303205097,0.));
#5910 = ADVANCED_FACE('',(#5911),#5929,.T.);
#5911 = FACE_BOUND('',#5912,.T.);
#5912 = EDGE_LOOP('',(#5913,#5914,#5915,#5923));
#5913 = ORIENTED_EDGE('',*,*,#5868,.F.);
#5914 = ORIENTED_EDGE('',*,*,#1207,.F.);
#5915 = ORIENTED_EDGE('',*,*,#5916,.T.);
#5916 = EDGE_CURVE('',#1200,#5917,#5919,.T.);
#5917 = VERTEX_POINT('',#5918);
#5918 = CARTESIAN_POINT('',(25.884794235229,66.000900268555,7.));
#5919 = LINE('',#5920,#5921);
#5920 = CARTESIAN_POINT('',(25.884794235229,66.000900268555,16.));
#5921 = VECTOR('',#5922,1.);
#5922 = DIRECTION('',(0.,0.,-1.));
#5923 = ORIENTED_EDGE('',*,*,#5924,.T.);
#5924 = EDGE_CURVE('',#5917,#5869,#5925,.T.);
#5925 = LINE('',#5926,#5927);
#5926 = CARTESIAN_POINT('',(25.884794235229,66.000900268555,7.));
#5927 = VECTOR('',#5928,1.);
#5928 = DIRECTION('',(-0.999099982414,4.241727408847E-02,0.));
#5929 = PLANE('',#5930);
#5930 = AXIS2_PLACEMENT_3D('',#5931,#5932,#5933);
#5931 = CARTESIAN_POINT('',(25.800064086914,66.004497528076,11.5));
#5932 = DIRECTION('',(4.241727408847E-02,0.999099982414,0.));
#5933 = DIRECTION('',(0.999099982414,-4.241727408847E-02,0.));
#5934 = ADVANCED_FACE('',(#5935),#5953,.T.);
#5935 = FACE_BOUND('',#5936,.T.);
#5936 = EDGE_LOOP('',(#5937,#5945,#5946,#5947));
#5937 = ORIENTED_EDGE('',*,*,#5938,.F.);
#5938 = EDGE_CURVE('',#1040,#5939,#5941,.T.);
#5939 = VERTEX_POINT('',#5940);
#5940 = CARTESIAN_POINT('',(25.549530029297,67.956161499023,7.));
#5941 = LINE('',#5942,#5943);
#5942 = CARTESIAN_POINT('',(25.549530029297,67.956161499023,16.));
#5943 = VECTOR('',#5944,1.);
#5944 = DIRECTION('',(0.,0.,-1.));
#5945 = ORIENTED_EDGE('',*,*,#1039,.F.);
#5946 = ORIENTED_EDGE('',*,*,#5890,.T.);
#5947 = ORIENTED_EDGE('',*,*,#5948,.T.);
#5948 = EDGE_CURVE('',#5891,#5939,#5949,.T.);
#5949 = LINE('',#5950,#5951);
#5950 = CARTESIAN_POINT('',(25.392148971558,67.892921447754,7.));
#5951 = VECTOR('',#5952,1.);
#5952 = DIRECTION('',(0.927890779766,0.372852116563,0.));
#5953 = PLANE('',#5954);
#5954 = AXIS2_PLACEMENT_3D('',#5955,#5956,#5957);
#5955 = CARTESIAN_POINT('',(25.470839500427,67.924541473389,11.5));
#5956 = DIRECTION('',(0.372852116563,-0.927890779766,0.));
#5957 = DIRECTION('',(-0.927890779766,-0.372852116563,0.));
#5958 = ADVANCED_FACE('',(#5959),#5977,.T.);
#5959 = FACE_BOUND('',#5960,.T.);
#5960 = EDGE_LOOP('',(#5961,#5962,#5963,#5971));
#5961 = ORIENTED_EDGE('',*,*,#5916,.F.);
#5962 = ORIENTED_EDGE('',*,*,#1199,.F.);
#5963 = ORIENTED_EDGE('',*,*,#5964,.T.);
#5964 = EDGE_CURVE('',#1192,#5965,#5967,.T.);
#5965 = VERTEX_POINT('',#5966);
#5966 = CARTESIAN_POINT('',(26.053031921387,66.022445678711,7.));
#5967 = LINE('',#5968,#5969);
#5968 = CARTESIAN_POINT('',(26.053031921387,66.022445678711,16.));
#5969 = VECTOR('',#5970,1.);
#5970 = DIRECTION('',(0.,0.,-1.));
#5971 = ORIENTED_EDGE('',*,*,#5972,.T.);
#5972 = EDGE_CURVE('',#5965,#5917,#5973,.T.);
#5973 = LINE('',#5974,#5975);
#5974 = CARTESIAN_POINT('',(26.053031921387,66.022445678711,7.));
#5975 = VECTOR('',#5976,1.);
#5976 = DIRECTION('',(-0.991899148929,-0.127027864478,0.));
#5977 = PLANE('',#5978);
#5978 = AXIS2_PLACEMENT_3D('',#5979,#5980,#5981);
#5979 = CARTESIAN_POINT('',(25.968913078308,66.011672973633,11.5));
#5980 = DIRECTION('',(-0.127027864478,0.991899148929,0.));
#5981 = DIRECTION('',(0.991899148929,0.127027864478,0.));
#5982 = ADVANCED_FACE('',(#5983),#6001,.T.);
#5983 = FACE_BOUND('',#5984,.T.);
#5984 = EDGE_LOOP('',(#5985,#5993,#5994,#5995));
#5985 = ORIENTED_EDGE('',*,*,#5986,.F.);
#5986 = EDGE_CURVE('',#1048,#5987,#5989,.T.);
#5987 = VERTEX_POINT('',#5988);
#5988 = CARTESIAN_POINT('',(25.715333938599,67.991897583008,7.));
#5989 = LINE('',#5990,#5991);
#5990 = CARTESIAN_POINT('',(25.715333938599,67.991897583008,16.));
#5991 = VECTOR('',#5992,1.);
#5992 = DIRECTION('',(0.,0.,-1.));
#5993 = ORIENTED_EDGE('',*,*,#1047,.F.);
#5994 = ORIENTED_EDGE('',*,*,#5938,.T.);
#5995 = ORIENTED_EDGE('',*,*,#5996,.T.);
#5996 = EDGE_CURVE('',#5939,#5987,#5997,.T.);
#5997 = LINE('',#5998,#5999);
#5998 = CARTESIAN_POINT('',(25.549530029297,67.956161499023,7.));
#5999 = VECTOR('',#6000,1.);
#6000 = DIRECTION('',(0.977552071973,0.210693964275,0.));
#6001 = PLANE('',#6002);
#6002 = AXIS2_PLACEMENT_3D('',#6003,#6004,#6005);
#6003 = CARTESIAN_POINT('',(25.632431983948,67.974029541016,11.5));
#6004 = DIRECTION('',(0.210693964275,-0.977552071973,0.));
#6005 = DIRECTION('',(-0.977552071973,-0.210693964275,0.));
#6006 = ADVANCED_FACE('',(#6007),#6025,.T.);
#6007 = FACE_BOUND('',#6008,.T.);
#6008 = EDGE_LOOP('',(#6009,#6010,#6011,#6019));
#6009 = ORIENTED_EDGE('',*,*,#5964,.F.);
#6010 = ORIENTED_EDGE('',*,*,#1191,.F.);
#6011 = ORIENTED_EDGE('',*,*,#6012,.T.);
#6012 = EDGE_CURVE('',#1184,#6013,#6015,.T.);
#6013 = VERTEX_POINT('',#6014);
#6014 = CARTESIAN_POINT('',(26.215208053589,66.072113037109,7.));
#6015 = LINE('',#6016,#6017);
#6016 = CARTESIAN_POINT('',(26.215208053589,66.072113037109,16.));
#6017 = VECTOR('',#6018,1.);
#6018 = DIRECTION('',(0.,0.,-1.));
#6019 = ORIENTED_EDGE('',*,*,#6020,.T.);
#6020 = EDGE_CURVE('',#6013,#5965,#6021,.T.);
#6021 = LINE('',#6022,#6023);
#6022 = CARTESIAN_POINT('',(26.215208053589,66.072113037109,7.));
#6023 = VECTOR('',#6024,1.);
#6024 = DIRECTION('',(-0.956164297951,-0.292830728106,0.));
#6025 = PLANE('',#6026);
#6026 = AXIS2_PLACEMENT_3D('',#6027,#6028,#6029);
#6027 = CARTESIAN_POINT('',(26.134119987488,66.04727935791,11.5));
#6028 = DIRECTION('',(-0.292830728106,0.956164297951,0.));
#6029 = DIRECTION('',(0.956164297951,0.292830728106,0.));
#6030 = ADVANCED_FACE('',(#6031),#6049,.T.);
#6031 = FACE_BOUND('',#6032,.T.);
#6032 = EDGE_LOOP('',(#6033,#6041,#6042,#6043));
#6033 = ORIENTED_EDGE('',*,*,#6034,.F.);
#6034 = EDGE_CURVE('',#1056,#6035,#6037,.T.);
#6035 = VERTEX_POINT('',#6036);
#6036 = CARTESIAN_POINT('',(25.884794235229,67.999099731445,7.));
#6037 = LINE('',#6038,#6039);
#6038 = CARTESIAN_POINT('',(25.884794235229,67.999099731445,16.));
#6039 = VECTOR('',#6040,1.);
#6040 = DIRECTION('',(0.,0.,-1.));
#6041 = ORIENTED_EDGE('',*,*,#1055,.F.);
#6042 = ORIENTED_EDGE('',*,*,#5986,.T.);
#6043 = ORIENTED_EDGE('',*,*,#6044,.T.);
#6044 = EDGE_CURVE('',#5987,#6035,#6045,.T.);
#6045 = LINE('',#6046,#6047);
#6046 = CARTESIAN_POINT('',(25.715333938599,67.991897583008,7.));
#6047 = VECTOR('',#6048,1.);
#6048 = DIRECTION('',(0.999098075146,4.246217423125E-02,0.));
#6049 = PLANE('',#6050);
#6050 = AXIS2_PLACEMENT_3D('',#6051,#6052,#6053);
#6051 = CARTESIAN_POINT('',(25.800064086914,67.995498657227,11.5));
#6052 = DIRECTION('',(4.246217423125E-02,-0.999098075146,0.));
#6053 = DIRECTION('',(-0.999098075146,-4.246217423125E-02,0.));
#6054 = ADVANCED_FACE('',(#6055),#6073,.T.);
#6055 = FACE_BOUND('',#6056,.T.);
#6056 = EDGE_LOOP('',(#6057,#6058,#6059,#6067));
#6057 = ORIENTED_EDGE('',*,*,#6012,.F.);
#6058 = ORIENTED_EDGE('',*,*,#1183,.F.);
#6059 = ORIENTED_EDGE('',*,*,#6060,.T.);
#6060 = EDGE_CURVE('',#1176,#6061,#6063,.T.);
#6061 = VERTEX_POINT('',#6062);
#6062 = CARTESIAN_POINT('',(26.366659164429,66.148468017578,7.));
#6063 = LINE('',#6064,#6065);
#6064 = CARTESIAN_POINT('',(26.366659164429,66.148468017578,16.));
#6065 = VECTOR('',#6066,1.);
#6066 = DIRECTION('',(0.,0.,-1.));
#6067 = ORIENTED_EDGE('',*,*,#6068,.T.);
#6068 = EDGE_CURVE('',#6061,#6013,#6069,.T.);
#6069 = LINE('',#6070,#6071);
#6070 = CARTESIAN_POINT('',(26.366659164429,66.148468017578,7.));
#6071 = VECTOR('',#6072,1.);
#6072 = DIRECTION('',(-0.892937857604,-0.450179944532,0.));
#6073 = PLANE('',#6074);
#6074 = AXIS2_PLACEMENT_3D('',#6075,#6076,#6077);
#6075 = CARTESIAN_POINT('',(26.290933609009,66.110290527344,11.5));
#6076 = DIRECTION('',(-0.450179944532,0.892937857604,0.));
#6077 = DIRECTION('',(0.892937857604,0.450179944532,0.));
#6078 = ADVANCED_FACE('',(#6079),#6097,.T.);
#6079 = FACE_BOUND('',#6080,.T.);
#6080 = EDGE_LOOP('',(#6081,#6089,#6090,#6091));
#6081 = ORIENTED_EDGE('',*,*,#6082,.F.);
#6082 = EDGE_CURVE('',#1064,#6083,#6085,.T.);
#6083 = VERTEX_POINT('',#6084);
#6084 = CARTESIAN_POINT('',(26.053031921387,67.977554321289,7.));
#6085 = LINE('',#6086,#6087);
#6086 = CARTESIAN_POINT('',(26.053031921387,67.977554321289,16.));
#6087 = VECTOR('',#6088,1.);
#6088 = DIRECTION('',(0.,0.,-1.));
#6089 = ORIENTED_EDGE('',*,*,#1063,.F.);
#6090 = ORIENTED_EDGE('',*,*,#6034,.T.);
#6091 = ORIENTED_EDGE('',*,*,#6092,.T.);
#6092 = EDGE_CURVE('',#6035,#6083,#6093,.T.);
#6093 = LINE('',#6094,#6095);
#6094 = CARTESIAN_POINT('',(25.884794235229,67.999099731445,7.));
#6095 = VECTOR('',#6096,1.);
#6096 = DIRECTION('',(0.991899148929,-0.127027864478,0.));
#6097 = PLANE('',#6098);
#6098 = AXIS2_PLACEMENT_3D('',#6099,#6100,#6101);
#6099 = CARTESIAN_POINT('',(25.968913078308,67.988327026367,11.5));
#6100 = DIRECTION('',(-0.127027864478,-0.991899148929,-0.));
#6101 = DIRECTION('',(-0.991899148929,0.127027864478,0.));
#6102 = ADVANCED_FACE('',(#6103),#6121,.T.);
#6103 = FACE_BOUND('',#6104,.T.);
#6104 = EDGE_LOOP('',(#6105,#6106,#6107,#6115));
#6105 = ORIENTED_EDGE('',*,*,#6060,.F.);
#6106 = ORIENTED_EDGE('',*,*,#1175,.F.);
#6107 = ORIENTED_EDGE('',*,*,#6108,.T.);
#6108 = EDGE_CURVE('',#1168,#6109,#6111,.T.);
#6109 = VERTEX_POINT('',#6110);
#6110 = CARTESIAN_POINT('',(26.50302696228,66.249328613281,7.));
#6111 = LINE('',#6112,#6113);
#6112 = CARTESIAN_POINT('',(26.50302696228,66.249328613281,16.));
#6113 = VECTOR('',#6114,1.);
#6114 = DIRECTION('',(0.,0.,-1.));
#6115 = ORIENTED_EDGE('',*,*,#6116,.T.);
#6116 = EDGE_CURVE('',#6109,#6061,#6117,.T.);
#6117 = LINE('',#6118,#6119);
#6118 = CARTESIAN_POINT('',(26.50302696228,66.249328613281,7.));
#6119 = VECTOR('',#6120,1.);
#6120 = DIRECTION('',(-0.803987269401,-0.594646508979,0.));
#6121 = PLANE('',#6122);
#6122 = AXIS2_PLACEMENT_3D('',#6123,#6124,#6125);
#6123 = CARTESIAN_POINT('',(26.434843063354,66.19889831543,11.5));
#6124 = DIRECTION('',(-0.594646508979,0.803987269401,0.));
#6125 = DIRECTION('',(0.803987269401,0.594646508979,0.));
#6126 = ADVANCED_FACE('',(#6127),#6145,.T.);
#6127 = FACE_BOUND('',#6128,.T.);
#6128 = EDGE_LOOP('',(#6129,#6137,#6138,#6139));
#6129 = ORIENTED_EDGE('',*,*,#6130,.F.);
#6130 = EDGE_CURVE('',#1072,#6131,#6133,.T.);
#6131 = VERTEX_POINT('',#6132);
#6132 = CARTESIAN_POINT('',(26.215208053589,67.927886962891,7.));
#6133 = LINE('',#6134,#6135);
#6134 = CARTESIAN_POINT('',(26.215208053589,67.927886962891,16.));
#6135 = VECTOR('',#6136,1.);
#6136 = DIRECTION('',(0.,0.,-1.));
#6137 = ORIENTED_EDGE('',*,*,#1071,.F.);
#6138 = ORIENTED_EDGE('',*,*,#6082,.T.);
#6139 = ORIENTED_EDGE('',*,*,#6140,.T.);
#6140 = EDGE_CURVE('',#6083,#6131,#6141,.T.);
#6141 = LINE('',#6142,#6143);
#6142 = CARTESIAN_POINT('',(26.053031921387,67.977554321289,7.));
#6143 = VECTOR('',#6144,1.);
#6144 = DIRECTION('',(0.956164297951,-0.292830728106,0.));
#6145 = PLANE('',#6146);
#6146 = AXIS2_PLACEMENT_3D('',#6147,#6148,#6149);
#6147 = CARTESIAN_POINT('',(26.134119987488,67.95272064209,11.5));
#6148 = DIRECTION('',(-0.292830728106,-0.956164297951,-0.));
#6149 = DIRECTION('',(-0.956164297951,0.292830728106,0.));
#6150 = ADVANCED_FACE('',(#6151),#6169,.T.);
#6151 = FACE_BOUND('',#6152,.T.);
#6152 = EDGE_LOOP('',(#6153,#6154,#6155,#6163));
#6153 = ORIENTED_EDGE('',*,*,#6108,.F.);
#6154 = ORIENTED_EDGE('',*,*,#1167,.F.);
#6155 = ORIENTED_EDGE('',*,*,#6156,.T.);
#6156 = EDGE_CURVE('',#1160,#6157,#6159,.T.);
#6157 = VERTEX_POINT('',#6158);
#6158 = CARTESIAN_POINT('',(26.620388031006,66.371780395508,7.));
#6159 = LINE('',#6160,#6161);
#6160 = CARTESIAN_POINT('',(26.620388031006,66.371780395508,16.));
#6161 = VECTOR('',#6162,1.);
#6162 = DIRECTION('',(0.,0.,-1.));
#6163 = ORIENTED_EDGE('',*,*,#6164,.T.);
#6164 = EDGE_CURVE('',#6157,#6109,#6165,.T.);
#6165 = LINE('',#6166,#6167);
#6166 = CARTESIAN_POINT('',(26.620388031006,66.371780395508,7.));
#6167 = VECTOR('',#6168,1.);
#6168 = DIRECTION('',(-0.691940533539,-0.721954498598,0.));
#6169 = PLANE('',#6170);
#6170 = AXIS2_PLACEMENT_3D('',#6171,#6172,#6173);
#6171 = CARTESIAN_POINT('',(26.561707496643,66.310554504395,11.5));
#6172 = DIRECTION('',(-0.721954498598,0.691940533539,0.));
#6173 = DIRECTION('',(-0.691940533539,-0.721954498598,0.));
#6174 = ADVANCED_FACE('',(#6175),#6193,.T.);
#6175 = FACE_BOUND('',#6176,.T.);
#6176 = EDGE_LOOP('',(#6177,#6185,#6186,#6187));
#6177 = ORIENTED_EDGE('',*,*,#6178,.F.);
#6178 = EDGE_CURVE('',#1080,#6179,#6181,.T.);
#6179 = VERTEX_POINT('',#6180);
#6180 = CARTESIAN_POINT('',(26.366659164429,67.851531982422,7.));
#6181 = LINE('',#6182,#6183);
#6182 = CARTESIAN_POINT('',(26.366659164429,67.851531982422,16.));
#6183 = VECTOR('',#6184,1.);
#6184 = DIRECTION('',(0.,0.,-1.));
#6185 = ORIENTED_EDGE('',*,*,#1079,.F.);
#6186 = ORIENTED_EDGE('',*,*,#6130,.T.);
#6187 = ORIENTED_EDGE('',*,*,#6188,.T.);
#6188 = EDGE_CURVE('',#6131,#6179,#6189,.T.);
#6189 = LINE('',#6190,#6191);
#6190 = CARTESIAN_POINT('',(26.215208053589,67.927886962891,7.));
#6191 = VECTOR('',#6192,1.);
#6192 = DIRECTION('',(0.892937857604,-0.450179944532,0.));
#6193 = PLANE('',#6194);
#6194 = AXIS2_PLACEMENT_3D('',#6195,#6196,#6197);
#6195 = CARTESIAN_POINT('',(26.290933609009,67.889709472656,11.5));
#6196 = DIRECTION('',(-0.450179944532,-0.892937857604,-0.));
#6197 = DIRECTION('',(-0.892937857604,0.450179944532,0.));
#6198 = ADVANCED_FACE('',(#6199),#6217,.T.);
#6199 = FACE_BOUND('',#6200,.T.);
#6200 = EDGE_LOOP('',(#6201,#6202,#6203,#6211));
#6201 = ORIENTED_EDGE('',*,*,#6156,.F.);
#6202 = ORIENTED_EDGE('',*,*,#1159,.F.);
#6203 = ORIENTED_EDGE('',*,*,#6204,.T.);
#6204 = EDGE_CURVE('',#1152,#6205,#6207,.T.);
#6205 = VERTEX_POINT('',#6206);
#6206 = CARTESIAN_POINT('',(26.715366363525,66.512298583984,7.));
#6207 = LINE('',#6208,#6209);
#6208 = CARTESIAN_POINT('',(26.715366363525,66.512298583984,16.));
#6209 = VECTOR('',#6210,1.);
#6210 = DIRECTION('',(0.,0.,-1.));
#6211 = ORIENTED_EDGE('',*,*,#6212,.T.);
#6212 = EDGE_CURVE('',#6205,#6157,#6213,.T.);
#6213 = LINE('',#6214,#6215);
#6214 = CARTESIAN_POINT('',(26.715366363525,66.512298583984,7.));
#6215 = VECTOR('',#6216,1.);
#6216 = DIRECTION('',(-0.559993458152,-0.828497028858,0.));
#6217 = PLANE('',#6218);
#6218 = AXIS2_PLACEMENT_3D('',#6219,#6220,#6221);
#6219 = CARTESIAN_POINT('',(26.667877197266,66.442039489746,11.5));
#6220 = DIRECTION('',(-0.828497028858,0.559993458152,0.));
#6221 = DIRECTION('',(-0.559993458152,-0.828497028858,0.));
#6222 = ADVANCED_FACE('',(#6223),#6241,.T.);
#6223 = FACE_BOUND('',#6224,.T.);
#6224 = EDGE_LOOP('',(#6225,#6233,#6234,#6235));
#6225 = ORIENTED_EDGE('',*,*,#6226,.F.);
#6226 = EDGE_CURVE('',#1088,#6227,#6229,.T.);
#6227 = VERTEX_POINT('',#6228);
#6228 = CARTESIAN_POINT('',(26.50302696228,67.750671386719,7.));
#6229 = LINE('',#6230,#6231);
#6230 = CARTESIAN_POINT('',(26.50302696228,67.750671386719,16.));
#6231 = VECTOR('',#6232,1.);
#6232 = DIRECTION('',(0.,0.,-1.));
#6233 = ORIENTED_EDGE('',*,*,#1087,.F.);
#6234 = ORIENTED_EDGE('',*,*,#6178,.T.);
#6235 = ORIENTED_EDGE('',*,*,#6236,.T.);
#6236 = EDGE_CURVE('',#6179,#6227,#6237,.T.);
#6237 = LINE('',#6238,#6239);
#6238 = CARTESIAN_POINT('',(26.366659164429,67.851531982422,7.));
#6239 = VECTOR('',#6240,1.);
#6240 = DIRECTION('',(0.803987269401,-0.594646508979,0.));
#6241 = PLANE('',#6242);
#6242 = AXIS2_PLACEMENT_3D('',#6243,#6244,#6245);
#6243 = CARTESIAN_POINT('',(26.434843063354,67.80110168457,11.5));
#6244 = DIRECTION('',(-0.594646508979,-0.803987269401,-0.));
#6245 = DIRECTION('',(-0.803987269401,0.594646508979,0.));
#6246 = ADVANCED_FACE('',(#6247),#6265,.T.);
#6247 = FACE_BOUND('',#6248,.T.);
#6248 = EDGE_LOOP('',(#6249,#6250,#6251,#6259));
#6249 = ORIENTED_EDGE('',*,*,#6204,.F.);
#6250 = ORIENTED_EDGE('',*,*,#1151,.F.);
#6251 = ORIENTED_EDGE('',*,*,#6252,.T.);
#6252 = EDGE_CURVE('',#1144,#6253,#6255,.T.);
#6253 = VERTEX_POINT('',#6254);
#6254 = CARTESIAN_POINT('',(26.785230636597,66.666862487793,7.));
#6255 = LINE('',#6256,#6257);
#6256 = CARTESIAN_POINT('',(26.785230636597,66.666862487793,16.));
#6257 = VECTOR('',#6258,1.);
#6258 = DIRECTION('',(0.,0.,-1.));
#6259 = ORIENTED_EDGE('',*,*,#6260,.T.);
#6260 = EDGE_CURVE('',#6253,#6205,#6261,.T.);
#6261 = LINE('',#6262,#6263);
#6262 = CARTESIAN_POINT('',(26.785230636597,66.666862487793,7.));
#6263 = VECTOR('',#6264,1.);
#6264 = DIRECTION('',(-0.411886481013,-0.911235165453,0.));
#6265 = PLANE('',#6266);
#6266 = AXIS2_PLACEMENT_3D('',#6267,#6268,#6269);
#6267 = CARTESIAN_POINT('',(26.750298500061,66.589580535889,11.5));
#6268 = DIRECTION('',(-0.911235165453,0.411886481013,0.));
#6269 = DIRECTION('',(-0.411886481013,-0.911235165453,0.));
#6270 = ADVANCED_FACE('',(#6271),#6289,.T.);
#6271 = FACE_BOUND('',#6272,.T.);
#6272 = EDGE_LOOP('',(#6273,#6281,#6282,#6283));
#6273 = ORIENTED_EDGE('',*,*,#6274,.F.);
#6274 = EDGE_CURVE('',#1096,#6275,#6277,.T.);
#6275 = VERTEX_POINT('',#6276);
#6276 = CARTESIAN_POINT('',(26.620388031006,67.628219604492,7.));
#6277 = LINE('',#6278,#6279);
#6278 = CARTESIAN_POINT('',(26.620388031006,67.628219604492,16.));
#6279 = VECTOR('',#6280,1.);
#6280 = DIRECTION('',(0.,0.,-1.));
#6281 = ORIENTED_EDGE('',*,*,#1095,.F.);
#6282 = ORIENTED_EDGE('',*,*,#6226,.T.);
#6283 = ORIENTED_EDGE('',*,*,#6284,.T.);
#6284 = EDGE_CURVE('',#6227,#6275,#6285,.T.);
#6285 = LINE('',#6286,#6287);
#6286 = CARTESIAN_POINT('',(26.50302696228,67.750671386719,7.));
#6287 = VECTOR('',#6288,1.);
#6288 = DIRECTION('',(0.691940533539,-0.721954498598,0.));
#6289 = PLANE('',#6290);
#6290 = AXIS2_PLACEMENT_3D('',#6291,#6292,#6293);
#6291 = CARTESIAN_POINT('',(26.561707496643,67.689445495605,11.5));
#6292 = DIRECTION('',(-0.721954498598,-0.691940533539,-0.));
#6293 = DIRECTION('',(0.691940533539,-0.721954498598,0.));
#6294 = ADVANCED_FACE('',(#6295),#6313,.T.);
#6295 = FACE_BOUND('',#6296,.T.);
#6296 = EDGE_LOOP('',(#6297,#6298,#6299,#6307));
#6297 = ORIENTED_EDGE('',*,*,#6252,.F.);
#6298 = ORIENTED_EDGE('',*,*,#1143,.F.);
#6299 = ORIENTED_EDGE('',*,*,#6300,.T.);
#6300 = EDGE_CURVE('',#1136,#6301,#6303,.T.);
#6301 = VERTEX_POINT('',#6302);
#6302 = CARTESIAN_POINT('',(26.827968597412,66.831001281738,7.));
#6303 = LINE('',#6304,#6305);
#6304 = CARTESIAN_POINT('',(26.827968597412,66.831001281738,16.));
#6305 = VECTOR('',#6306,1.);
#6306 = DIRECTION('',(0.,0.,-1.));
#6307 = ORIENTED_EDGE('',*,*,#6308,.T.);
#6308 = EDGE_CURVE('',#6301,#6253,#6309,.T.);
#6309 = LINE('',#6310,#6311);
#6310 = CARTESIAN_POINT('',(26.827968597412,66.831001281738,7.));
#6311 = VECTOR('',#6312,1.);
#6312 = DIRECTION('',(-0.25197553763,-0.967733604065,0.));
#6313 = PLANE('',#6314);
#6314 = AXIS2_PLACEMENT_3D('',#6315,#6316,#6317);
#6315 = CARTESIAN_POINT('',(26.806599617004,66.748931884766,11.5));
#6316 = DIRECTION('',(-0.967733604065,0.25197553763,0.));
#6317 = DIRECTION('',(-0.25197553763,-0.967733604065,0.));
#6318 = ADVANCED_FACE('',(#6319),#6337,.T.);
#6319 = FACE_BOUND('',#6320,.T.);
#6320 = EDGE_LOOP('',(#6321,#6329,#6330,#6331));
#6321 = ORIENTED_EDGE('',*,*,#6322,.F.);
#6322 = EDGE_CURVE('',#1104,#6323,#6325,.T.);
#6323 = VERTEX_POINT('',#6324);
#6324 = CARTESIAN_POINT('',(26.715366363525,67.487693786621,7.));
#6325 = LINE('',#6326,#6327);
#6326 = CARTESIAN_POINT('',(26.715366363525,67.487693786621,16.));
#6327 = VECTOR('',#6328,1.);
#6328 = DIRECTION('',(0.,0.,-1.));
#6329 = ORIENTED_EDGE('',*,*,#1103,.F.);
#6330 = ORIENTED_EDGE('',*,*,#6274,.T.);
#6331 = ORIENTED_EDGE('',*,*,#6332,.T.);
#6332 = EDGE_CURVE('',#6275,#6323,#6333,.T.);
#6333 = LINE('',#6334,#6335);
#6334 = CARTESIAN_POINT('',(26.620388031006,67.628219604492,7.));
#6335 = VECTOR('',#6336,1.);
#6336 = DIRECTION('',(0.559972588755,-0.828511134411,0.));
#6337 = PLANE('',#6338);
#6338 = AXIS2_PLACEMENT_3D('',#6339,#6340,#6341);
#6339 = CARTESIAN_POINT('',(26.667877197266,67.557956695557,11.5));
#6340 = DIRECTION('',(-0.828511134411,-0.559972588755,-0.));
#6341 = DIRECTION('',(0.559972588755,-0.828511134411,0.));
#6342 = ADVANCED_FACE('',(#6343),#6361,.T.);
#6343 = FACE_BOUND('',#6344,.T.);
#6344 = EDGE_LOOP('',(#6345,#6353,#6354,#6355));
#6345 = ORIENTED_EDGE('',*,*,#6346,.T.);
#6346 = EDGE_CURVE('',#6347,#6301,#6349,.T.);
#6347 = VERTEX_POINT('',#6348);
#6348 = CARTESIAN_POINT('',(26.842351913452,67.,7.));
#6349 = LINE('',#6350,#6351);
#6350 = CARTESIAN_POINT('',(26.842351913452,67.,7.));
#6351 = VECTOR('',#6352,1.);
#6352 = DIRECTION('',(-8.480244340348E-02,-0.996397784819,0.));
#6353 = ORIENTED_EDGE('',*,*,#6300,.F.);
#6354 = ORIENTED_EDGE('',*,*,#1135,.F.);
#6355 = ORIENTED_EDGE('',*,*,#6356,.T.);
#6356 = EDGE_CURVE('',#1128,#6347,#6357,.T.);
#6357 = LINE('',#6358,#6359);
#6358 = CARTESIAN_POINT('',(26.842351913452,67.,16.));
#6359 = VECTOR('',#6360,1.);
#6360 = DIRECTION('',(0.,0.,-1.));
#6361 = PLANE('',#6362);
#6362 = AXIS2_PLACEMENT_3D('',#6363,#6364,#6365);
#6363 = CARTESIAN_POINT('',(26.835160255432,66.915500640869,11.5));
#6364 = DIRECTION('',(-0.996397784819,8.480244340348E-02,0.));
#6365 = DIRECTION('',(-8.480244340348E-02,-0.996397784819,0.));
#6366 = ADVANCED_FACE('',(#6367),#6385,.T.);
#6367 = FACE_BOUND('',#6368,.T.);
#6368 = EDGE_LOOP('',(#6369,#6377,#6378,#6379));
#6369 = ORIENTED_EDGE('',*,*,#6370,.F.);
#6370 = EDGE_CURVE('',#1112,#6371,#6373,.T.);
#6371 = VERTEX_POINT('',#6372);
#6372 = CARTESIAN_POINT('',(26.785230636597,67.333137512207,7.));
#6373 = LINE('',#6374,#6375);
#6374 = CARTESIAN_POINT('',(26.785230636597,67.333137512207,16.));
#6375 = VECTOR('',#6376,1.);
#6376 = DIRECTION('',(0.,0.,-1.));
#6377 = ORIENTED_EDGE('',*,*,#1111,.F.);
#6378 = ORIENTED_EDGE('',*,*,#6322,.T.);
#6379 = ORIENTED_EDGE('',*,*,#6380,.T.);
#6380 = EDGE_CURVE('',#6323,#6371,#6381,.T.);
#6381 = LINE('',#6382,#6383);
#6382 = CARTESIAN_POINT('',(26.715366363525,67.487693786621,7.));
#6383 = VECTOR('',#6384,1.);
#6384 = DIRECTION('',(0.411903363502,-0.911227534228,0.));
#6385 = PLANE('',#6386);
#6386 = AXIS2_PLACEMENT_3D('',#6387,#6388,#6389);
#6387 = CARTESIAN_POINT('',(26.750298500061,67.410415649414,11.5));
#6388 = DIRECTION('',(-0.911227534228,-0.411903363502,-0.));
#6389 = DIRECTION('',(0.411903363502,-0.911227534228,0.));
#6390 = ADVANCED_FACE('',(#6391),#6409,.T.);
#6391 = FACE_BOUND('',#6392,.T.);
#6392 = EDGE_LOOP('',(#6393,#6394,#6395,#6403));
#6393 = ORIENTED_EDGE('',*,*,#6356,.F.);
#6394 = ORIENTED_EDGE('',*,*,#1127,.F.);
#6395 = ORIENTED_EDGE('',*,*,#6396,.T.);
#6396 = EDGE_CURVE('',#1120,#6397,#6399,.T.);
#6397 = VERTEX_POINT('',#6398);
#6398 = CARTESIAN_POINT('',(26.827968597412,67.169006347656,7.));
#6399 = LINE('',#6400,#6401);
#6400 = CARTESIAN_POINT('',(26.827968597412,67.169006347656,16.));
#6401 = VECTOR('',#6402,1.);
#6402 = DIRECTION('',(0.,0.,-1.));
#6403 = ORIENTED_EDGE('',*,*,#6404,.T.);
#6404 = EDGE_CURVE('',#6397,#6347,#6405,.T.);
#6405 = LINE('',#6406,#6407);
#6406 = CARTESIAN_POINT('',(26.827968597412,67.169006347656,7.));
#6407 = VECTOR('',#6408,1.);
#6408 = DIRECTION('',(8.479864272492E-02,-0.996398108284,0.));
#6409 = PLANE('',#6410);
#6410 = AXIS2_PLACEMENT_3D('',#6411,#6412,#6413);
#6411 = CARTESIAN_POINT('',(26.835160255432,67.084503173828,11.5));
#6412 = DIRECTION('',(-0.996398108284,-8.479864272492E-02,-0.));
#6413 = DIRECTION('',(8.479864272492E-02,-0.996398108284,0.));
#6414 = ADVANCED_FACE('',(#6415),#6426,.T.);
#6415 = FACE_BOUND('',#6416,.T.);
#6416 = EDGE_LOOP('',(#6417,#6418,#6419,#6420));
#6417 = ORIENTED_EDGE('',*,*,#6396,.F.);
#6418 = ORIENTED_EDGE('',*,*,#1119,.F.);
#6419 = ORIENTED_EDGE('',*,*,#6370,.T.);
#6420 = ORIENTED_EDGE('',*,*,#6421,.T.);
#6421 = EDGE_CURVE('',#6371,#6397,#6422,.T.);
#6422 = LINE('',#6423,#6424);
#6423 = CARTESIAN_POINT('',(26.785230636597,67.333137512207,7.));
#6424 = VECTOR('',#6425,1.);
#6425 = DIRECTION('',(0.251986506632,-0.967730747923,0.));
#6426 = PLANE('',#6427);
#6427 = AXIS2_PLACEMENT_3D('',#6428,#6429,#6430);
#6428 = CARTESIAN_POINT('',(26.806599617004,67.251071929932,11.5));
#6429 = DIRECTION('',(-0.967730747923,-0.251986506632,-0.));
#6430 = DIRECTION('',(0.251986506632,-0.967730747923,0.));
#6431 = ADVANCED_FACE('',(#6432),#6443,.F.);
#6432 = FACE_BOUND('',#6433,.F.);
#6433 = EDGE_LOOP('',(#6434,#6435,#6436,#6442));
#6434 = ORIENTED_EDGE('',*,*,#1277,.F.);
#6435 = ORIENTED_EDGE('',*,*,#1371,.T.);
#6436 = ORIENTED_EDGE('',*,*,#6437,.T.);
#6437 = EDGE_CURVE('',#1372,#1927,#6438,.T.);
#6438 = LINE('',#6439,#6440);
#6439 = CARTESIAN_POINT('',(11.134702682495,35.270248413086,0.));
#6440 = VECTOR('',#6441,1.);
#6441 = DIRECTION('',(0.972614326571,0.232424980904,3.406113243334E-34)
  );
#6442 = ORIENTED_EDGE('',*,*,#1936,.F.);
#6443 = PLANE('',#6444);
#6444 = AXIS2_PLACEMENT_3D('',#6445,#6446,#6447);
#6445 = CARTESIAN_POINT('',(12.080681310747,35.496308279366,16.));
#6446 = DIRECTION('',(0.232424980904,-0.972614326571,7.178920998283E-18)
  );
#6447 = DIRECTION('',(1.668560575935E-18,-6.982321412254E-18,-1.));
#6448 = ADVANCED_FACE('',(#6449),#6473,.T.);
#6449 = FACE_BOUND('',#6450,.T.);
#6450 = EDGE_LOOP('',(#6451,#6459,#6460,#6461,#6467,#6468));
#6451 = ORIENTED_EDGE('',*,*,#6452,.T.);
#6452 = EDGE_CURVE('',#6453,#1341,#6455,.T.);
#6453 = VERTEX_POINT('',#6454);
#6454 = CARTESIAN_POINT('',(12.200559042737,34.272419299552,
    -1.426952349593E-17));
#6455 = LINE('',#6456,#6457);
#6456 = CARTESIAN_POINT('',(12.232506315236,33.788367061,
    -1.426952349593E-17));
#6457 = VECTOR('',#6458,1.);
#6458 = DIRECTION('',(6.585636024171E-02,-0.997829113534,0.));
#6459 = ORIENTED_EDGE('',*,*,#1340,.F.);
#6460 = ORIENTED_EDGE('',*,*,#1400,.F.);
#6461 = ORIENTED_EDGE('',*,*,#6462,.F.);
#6462 = EDGE_CURVE('',#1380,#1401,#6463,.T.);
#6463 = LINE('',#6464,#6465);
#6464 = CARTESIAN_POINT('',(10.532506315236,33.788367061,
    -1.426952349593E-17));
#6465 = VECTOR('',#6466,1.);
#6466 = DIRECTION('',(6.585636024171E-02,-0.997829113534,0.));
#6467 = ORIENTED_EDGE('',*,*,#1379,.T.);
#6468 = ORIENTED_EDGE('',*,*,#6469,.F.);
#6469 = EDGE_CURVE('',#6453,#1372,#6470,.T.);
#6470 = B_SPLINE_CURVE_WITH_KNOTS('',1,(#6471,#6472),.UNSPECIFIED.,.F.,
  .F.,(2,2),(0.,1.16018134843),.PIECEWISE_BEZIER_KNOTS.);
#6471 = CARTESIAN_POINT('',(12.200559042737,34.272419299552,
    -1.426952349593E-17));
#6472 = CARTESIAN_POINT('',(11.134702682495,35.270248413086,
    -1.426952349593E-17));
#6473 = B_SPLINE_SURFACE_WITH_KNOTS('',1,1,(
    (#6474,#6475)
    ,(#6476,#6477
    )),.UNSPECIFIED.,.F.,.F.,.F.,(2,2),(2,2),(-1.281528447258,
    1.485105347185),(0.,1.),.PIECEWISE_BEZIER_KNOTS.);
#6474 = CARTESIAN_POINT('',(10.616903114319,32.509620666504,
    -1.426952349593E-17));
#6475 = CARTESIAN_POINT('',(12.316903114319,32.509620666504,
    -1.426952349593E-17));
#6476 = CARTESIAN_POINT('',(10.434702682495,35.270248413086,
    -1.426952349593E-17));
#6477 = CARTESIAN_POINT('',(12.134702682495,35.270248413086,
    -1.426952349593E-17));
#6478 = ADVANCED_FACE('',(#6479,#6719),#6725,.T.);
#6479 = FACE_BOUND('',#6480,.T.);
#6480 = EDGE_LOOP('',(#6481,#6482,#6495,#6496,#6497,#6498,#6499,#6500,
    #6501,#6502,#6503,#6504,#6505,#6506,#6507,#6508,#6509,#6510,#6511,
    #6512,#6513,#6514,#6515,#6516,#6517,#6518,#6526,#6534,#6542,#6550,
    #6558,#6566,#6574,#6582,#6590,#6598,#6606,#6614,#6622,#6630,#6638,
    #6646,#6654,#6662,#6670,#6676,#6677,#6678,#6679,#6680,#6681,#6682,
    #6683,#6684,#6685,#6686,#6687,#6693,#6694,#6695,#6696,#6697,#6698,
    #6699,#6700,#6708,#6714,#6715,#6716,#6717,#6718));
#6481 = ORIENTED_EDGE('',*,*,#6452,.F.);
#6482 = ORIENTED_EDGE('',*,*,#6483,.F.);
#6483 = EDGE_CURVE('',#1927,#6453,#6484,.T.);
#6484 = B_SPLINE_CURVE_WITH_KNOTS('',9,(#6485,#6486,#6487,#6488,#6489,
    #6490,#6491,#6492,#6493,#6494),.UNSPECIFIED.,.F.,.F.,(10,10),(0.,1.)
  ,.PIECEWISE_BEZIER_KNOTS.);
#6485 = CARTESIAN_POINT('',(13.026659938999,35.722368145646,
    -2.853904699185E-17));
#6486 = CARTESIAN_POINT('',(12.851244465107,35.633452677372,
    -2.853904699185E-17));
#6487 = CARTESIAN_POINT('',(12.688040927249,35.520444848359,
    -2.853904699185E-17));
#6488 = CARTESIAN_POINT('',(12.541465409282,35.384011542261,
    -2.853904699185E-17));
#6489 = CARTESIAN_POINT('',(12.416086984768,35.226212216943,
    -2.853904699185E-17));
#6490 = CARTESIAN_POINT('',(12.316056670619,35.050641848685,
    -2.853904699185E-17));
#6491 = CARTESIAN_POINT('',(12.244238300863,34.862326957691,
    -2.853904699185E-17));
#6492 = CARTESIAN_POINT('',(12.20160792176,34.666671443438,
    -2.853904699185E-17));
#6493 = CARTESIAN_POINT('',(12.18760749763,34.468655907906,
    -2.853904699185E-17));
#6494 = CARTESIAN_POINT('',(12.200559042737,34.272419299552,
    -2.853904699185E-17));
#6495 = ORIENTED_EDGE('',*,*,#1926,.T.);
#6496 = ORIENTED_EDGE('',*,*,#1989,.T.);
#6497 = ORIENTED_EDGE('',*,*,#2037,.T.);
#6498 = ORIENTED_EDGE('',*,*,#2085,.T.);
#6499 = ORIENTED_EDGE('',*,*,#2165,.T.);
#6500 = ORIENTED_EDGE('',*,*,#2213,.T.);
#6501 = ORIENTED_EDGE('',*,*,#2253,.T.);
#6502 = ORIENTED_EDGE('',*,*,#2310,.T.);
#6503 = ORIENTED_EDGE('',*,*,#2356,.T.);
#6504 = ORIENTED_EDGE('',*,*,#2404,.T.);
#6505 = ORIENTED_EDGE('',*,*,#2452,.T.);
#6506 = ORIENTED_EDGE('',*,*,#2500,.T.);
#6507 = ORIENTED_EDGE('',*,*,#2548,.T.);
#6508 = ORIENTED_EDGE('',*,*,#3062,.T.);
#6509 = ORIENTED_EDGE('',*,*,#3110,.T.);
#6510 = ORIENTED_EDGE('',*,*,#3616,.T.);
#6511 = ORIENTED_EDGE('',*,*,#3664,.T.);
#6512 = ORIENTED_EDGE('',*,*,#3712,.T.);
#6513 = ORIENTED_EDGE('',*,*,#3762,.T.);
#6514 = ORIENTED_EDGE('',*,*,#3808,.T.);
#6515 = ORIENTED_EDGE('',*,*,#3856,.T.);
#6516 = ORIENTED_EDGE('',*,*,#3904,.T.);
#6517 = ORIENTED_EDGE('',*,*,#3952,.T.);
#6518 = ORIENTED_EDGE('',*,*,#6519,.T.);
#6519 = EDGE_CURVE('',#3945,#6520,#6522,.T.);
#6520 = VERTEX_POINT('',#6521);
#6521 = CARTESIAN_POINT('',(27.902698516846,71.925872802734,0.));
#6522 = LINE('',#6523,#6524);
#6523 = CARTESIAN_POINT('',(27.349977493286,71.399765014648,0.));
#6524 = VECTOR('',#6525,1.);
#6525 = DIRECTION('',(0.724329782237,0.68945367253,0.));
#6526 = ORIENTED_EDGE('',*,*,#6527,.F.);
#6527 = EDGE_CURVE('',#6528,#6520,#6530,.T.);
#6528 = VERTEX_POINT('',#6529);
#6529 = CARTESIAN_POINT('',(31.267854690552,71.925872802734,
    -6.288372600416E-15));
#6530 = LINE('',#6531,#6532);
#6531 = CARTESIAN_POINT('',(31.267854690552,71.925872802734,0.));
#6532 = VECTOR('',#6533,1.);
#6533 = DIRECTION('',(-1.,0.,0.));
#6534 = ORIENTED_EDGE('',*,*,#6535,.F.);
#6535 = EDGE_CURVE('',#6536,#6528,#6538,.T.);
#6536 = VERTEX_POINT('',#6537);
#6537 = CARTESIAN_POINT('',(31.376440048218,71.916152954102,
    -1.951563910474E-15));
#6538 = LINE('',#6539,#6540);
#6539 = CARTESIAN_POINT('',(31.376440048218,71.916152954102,
    -3.903127820948E-15));
#6540 = VECTOR('',#6541,1.);
#6541 = DIRECTION('',(-0.9960175886,8.915695822073E-02,
    -7.956022481156E-14));
#6542 = ORIENTED_EDGE('',*,*,#6543,.F.);
#6543 = EDGE_CURVE('',#6544,#6536,#6546,.T.);
#6544 = VERTEX_POINT('',#6545);
#6545 = CARTESIAN_POINT('',(31.502895355225,71.881813049316,
    -1.51788304148E-15));
#6546 = LINE('',#6547,#6548);
#6547 = CARTESIAN_POINT('',(31.502895355225,71.881813049316,
    -3.035766082959E-15));
#6548 = VECTOR('',#6549,1.);
#6549 = DIRECTION('',(-0.965049778909,0.262066640816,-6.619312967499E-15
    ));
#6550 = ORIENTED_EDGE('',*,*,#6551,.F.);
#6551 = EDGE_CURVE('',#6552,#6544,#6554,.T.);
#6552 = VERTEX_POINT('',#6553);
#6553 = CARTESIAN_POINT('',(31.661376953125,71.806938171387,
    4.336808689942E-16));
#6554 = LINE('',#6555,#6556);
#6555 = CARTESIAN_POINT('',(31.661376953125,71.806938171387,
    8.673617379884E-16));
#6556 = VECTOR('',#6557,1.);
#6557 = DIRECTION('',(-0.904168565536,0.42717584798,-2.226810891436E-14)
  );
#6558 = ORIENTED_EDGE('',*,*,#6559,.F.);
#6559 = EDGE_CURVE('',#6560,#6552,#6562,.T.);
#6560 = VERTEX_POINT('',#6561);
#6561 = CARTESIAN_POINT('',(31.824577331543,71.690933227539,
    5.415684613376E-16));
#6562 = LINE('',#6563,#6564);
#6563 = CARTESIAN_POINT('',(31.824577331543,71.690933227539,
    5.415684613376E-16));
#6564 = VECTOR('',#6565,1.);
#6565 = DIRECTION('',(-0.815070081212,0.579362375991,1.627106229974E-15)
  );
#6566 = ORIENTED_EDGE('',*,*,#6567,.F.);
#6567 = EDGE_CURVE('',#6568,#6560,#6570,.T.);
#6568 = VERTEX_POINT('',#6569);
#6569 = CARTESIAN_POINT('',(31.878620147705,71.652519226074,
    2.168404344971E-16));
#6570 = LINE('',#6571,#6572);
#6571 = CARTESIAN_POINT('',(31.878620147705,71.652519226074,
    4.336808689942E-16));
#6572 = VECTOR('',#6573,1.);
#6573 = DIRECTION('',(-0.815072449912,0.579359043595,1.627158065609E-15)
  );
#6574 = ORIENTED_EDGE('',*,*,#6575,.F.);
#6575 = EDGE_CURVE('',#6576,#6568,#6578,.T.);
#6576 = VERTEX_POINT('',#6577);
#6577 = CARTESIAN_POINT('',(32.213314056396,71.311225891113,
    -2.385244779468E-15));
#6578 = LINE('',#6579,#6580);
#6579 = CARTESIAN_POINT('',(32.213314056396,71.311225891113,
    -4.770489558936E-15));
#6580 = VECTOR('',#6581,1.);
#6581 = DIRECTION('',(-0.700170180215,0.71397599311,1.088697718056E-14)
  );
#6582 = ORIENTED_EDGE('',*,*,#6583,.F.);
#6583 = EDGE_CURVE('',#6584,#6576,#6586,.T.);
#6584 = VERTEX_POINT('',#6585);
#6585 = CARTESIAN_POINT('',(32.444423675537,70.971580505371,
    -2.782825527767E-15));
#6586 = LINE('',#6587,#6588);
#6587 = CARTESIAN_POINT('',(32.444423675537,70.971580505371,
    -2.782825527767E-15));
#6588 = VECTOR('',#6589,1.);
#6589 = DIRECTION('',(-0.562560931177,0.826755827747,-4.838319289343E-15
    ));
#6590 = ORIENTED_EDGE('',*,*,#6591,.F.);
#6591 = EDGE_CURVE('',#6592,#6584,#6594,.T.);
#6592 = VERTEX_POINT('',#6593);
#6593 = CARTESIAN_POINT('',(32.818416595459,70.421943664551,
    2.168404344971E-16));
#6594 = LINE('',#6595,#6596);
#6595 = CARTESIAN_POINT('',(32.818416595459,70.421943664551,
    4.336808689942E-16));
#6596 = VECTOR('',#6597,1.);
#6597 = DIRECTION('',(-0.562556719226,0.826758693727,-4.83823941456E-15)
  );
#6598 = ORIENTED_EDGE('',*,*,#6599,.F.);
#6599 = EDGE_CURVE('',#6600,#6592,#6602,.T.);
#6600 = VERTEX_POINT('',#6601);
#6601 = CARTESIAN_POINT('',(33.101512908936,69.860801696777,
    6.276815894642E-16));
#6602 = LINE('',#6603,#6604);
#6603 = CARTESIAN_POINT('',(33.101512908936,69.860801696777,
    6.276815894642E-16));
#6604 = VECTOR('',#6605,1.);
#6605 = DIRECTION('',(-0.450425081552,0.892814228106,-3.086680616418E-16
    ));
#6606 = ORIENTED_EDGE('',*,*,#6607,.F.);
#6607 = EDGE_CURVE('',#6608,#6600,#6610,.T.);
#6608 = VERTEX_POINT('',#6609);
#6609 = CARTESIAN_POINT('',(33.451267242432,69.167541503906,
    4.336808689942E-16));
#6610 = LINE('',#6611,#6612);
#6611 = CARTESIAN_POINT('',(33.451267242432,69.167541503906,
    8.673617379884E-16));
#6612 = VECTOR('',#6613,1.);
#6613 = DIRECTION('',(-0.450429527132,0.892811985296,-3.086709888154E-16
    ));
#6614 = ORIENTED_EDGE('',*,*,#6615,.F.);
#6615 = EDGE_CURVE('',#6616,#6608,#6618,.T.);
#6616 = VERTEX_POINT('',#6617);
#6617 = CARTESIAN_POINT('',(33.781639099121,68.353691101074,
    8.673617379884E-16));
#6618 = LINE('',#6619,#6620);
#6619 = CARTESIAN_POINT('',(33.781639099121,68.353691101074,
    8.673617379884E-16));
#6620 = VECTOR('',#6621,1.);
#6621 = DIRECTION('',(-0.376127969963,0.926567725648,0.));
#6622 = ORIENTED_EDGE('',*,*,#6623,.F.);
#6623 = EDGE_CURVE('',#6624,#6616,#6626,.T.);
#6624 = VERTEX_POINT('',#6625);
#6625 = CARTESIAN_POINT('',(34.095615386963,67.580238342285,
    4.336808689942E-16));
#6626 = LINE('',#6627,#6628);
#6627 = CARTESIAN_POINT('',(34.095615386963,67.580238342285,
    8.673617379884E-16));
#6628 = VECTOR('',#6629,1.);
#6629 = DIRECTION('',(-0.376131387523,0.926566338327,0.));
#6630 = ORIENTED_EDGE('',*,*,#6631,.F.);
#6631 = EDGE_CURVE('',#6632,#6624,#6634,.T.);
#6632 = VERTEX_POINT('',#6633);
#6633 = CARTESIAN_POINT('',(34.465202331543,66.493721008301,
    -1.639785588029E-15));
#6634 = LINE('',#6635,#6636);
#6635 = CARTESIAN_POINT('',(34.465202331543,66.493721008301,
    -1.639785588029E-15));
#6636 = VECTOR('',#6637,1.);
#6637 = DIRECTION('',(-0.322036329715,0.946727311502,2.184580745523E-15)
  );
#6638 = ORIENTED_EDGE('',*,*,#6639,.F.);
#6639 = EDGE_CURVE('',#6640,#6632,#6642,.T.);
#6640 = VERTEX_POINT('',#6641);
#6641 = CARTESIAN_POINT('',(34.734916687012,65.700798034668,
    -1.734723475977E-15));
#6642 = LINE('',#6643,#6644);
#6643 = CARTESIAN_POINT('',(34.734916687012,65.700798034668,
    -3.469446951954E-15));
#6644 = VECTOR('',#6645,1.);
#6645 = DIRECTION('',(-0.322031743191,0.94672887163,2.184566844617E-15)
  );
#6646 = ORIENTED_EDGE('',*,*,#6647,.F.);
#6647 = EDGE_CURVE('',#6648,#6640,#6650,.T.);
#6648 = VERTEX_POINT('',#6649);
#6649 = CARTESIAN_POINT('',(35.132488250732,64.334465026855,
    -2.63223683403E-15));
#6650 = LINE('',#6651,#6652);
#6651 = CARTESIAN_POINT('',(35.132488250732,64.334465026855,
    -2.63223683403E-15));
#6652 = VECTOR('',#6653,1.);
#6653 = DIRECTION('',(-0.279389711972,0.960177790227,-5.883416095391E-16
    ));
#6654 = ORIENTED_EDGE('',*,*,#6655,.F.);
#6655 = EDGE_CURVE('',#6656,#6648,#6658,.T.);
#6656 = VERTEX_POINT('',#6657);
#6657 = CARTESIAN_POINT('',(35.352752685547,63.577487945557,
    -1.084202172486E-15));
#6658 = LINE('',#6659,#6660);
#6659 = CARTESIAN_POINT('',(35.352752685547,63.577487945557,
    -2.168404344971E-15));
#6660 = VECTOR('',#6661,1.);
#6661 = DIRECTION('',(-0.279391428724,0.960177290689,-5.883420167947E-16
    ));
#6662 = ORIENTED_EDGE('',*,*,#6663,.F.);
#6663 = EDGE_CURVE('',#6664,#6656,#6666,.T.);
#6664 = VERTEX_POINT('',#6665);
#6665 = CARTESIAN_POINT('',(35.768138885498,61.95112991333,
    -2.369797227851E-15));
#6666 = LINE('',#6667,#6668);
#6667 = CARTESIAN_POINT('',(35.768138885498,61.95112991333,
    -2.369797227851E-15));
#6668 = VECTOR('',#6669,1.);
#6669 = DIRECTION('',(-0.247464817211,0.968896880087,1.199790771943E-16)
  );
#6670 = ORIENTED_EDGE('',*,*,#6671,.F.);
#6671 = EDGE_CURVE('',#4066,#6664,#6672,.T.);
#6672 = LINE('',#6673,#6674);
#6673 = CARTESIAN_POINT('',(35.800003051758,61.82638168335,
    -2.385244779468E-15));
#6674 = VECTOR('',#6675,1.);
#6675 = DIRECTION('',(-0.247482075088,0.968892472109,1.19977786273E-16)
  );
#6676 = ORIENTED_EDGE('',*,*,#4065,.T.);
#6677 = ORIENTED_EDGE('',*,*,#4009,.T.);
#6678 = ORIENTED_EDGE('',*,*,#3969,.T.);
#6679 = ORIENTED_EDGE('',*,*,#3921,.T.);
#6680 = ORIENTED_EDGE('',*,*,#3873,.T.);
#6681 = ORIENTED_EDGE('',*,*,#3834,.F.);
#6682 = ORIENTED_EDGE('',*,*,#3777,.T.);
#6683 = ORIENTED_EDGE('',*,*,#3729,.T.);
#6684 = ORIENTED_EDGE('',*,*,#3681,.T.);
#6685 = ORIENTED_EDGE('',*,*,#3633,.T.);
#6686 = ORIENTED_EDGE('',*,*,#3296,.F.);
#6687 = ORIENTED_EDGE('',*,*,#6688,.T.);
#6688 = EDGE_CURVE('',#3289,#2566,#6689,.T.);
#6689 = LINE('',#6690,#6691);
#6690 = CARTESIAN_POINT('',(39.799999237061,5.,0.));
#6691 = VECTOR('',#6692,1.);
#6692 = DIRECTION('',(-1.,0.,0.));
#6693 = ORIENTED_EDGE('',*,*,#2565,.F.);
#6694 = ORIENTED_EDGE('',*,*,#2526,.T.);
#6695 = ORIENTED_EDGE('',*,*,#2478,.T.);
#6696 = ORIENTED_EDGE('',*,*,#2430,.T.);
#6697 = ORIENTED_EDGE('',*,*,#2382,.F.);
#6698 = ORIENTED_EDGE('',*,*,#2334,.F.);
#6699 = ORIENTED_EDGE('',*,*,#2286,.F.);
#6700 = ORIENTED_EDGE('',*,*,#6701,.F.);
#6701 = EDGE_CURVE('',#6702,#2279,#6704,.T.);
#6702 = VERTEX_POINT('',#6703);
#6703 = CARTESIAN_POINT('',(30.740674972534,33.366184234619,0.));
#6704 = LINE('',#6705,#6706);
#6705 = CARTESIAN_POINT('',(30.740674972534,33.366184234619,0.));
#6706 = VECTOR('',#6707,1.);
#6707 = DIRECTION('',(0.969974722653,-0.243205751193,0.));
#6708 = ORIENTED_EDGE('',*,*,#6709,.F.);
#6709 = EDGE_CURVE('',#2102,#6702,#6710,.T.);
#6710 = LINE('',#6711,#6712);
#6711 = CARTESIAN_POINT('',(29.110204696655,33.5,0.));
#6712 = VECTOR('',#6713,1.);
#6713 = DIRECTION('',(0.996649022179,-8.179686173492E-02,0.));
#6714 = ORIENTED_EDGE('',*,*,#2143,.F.);
#6715 = ORIENTED_EDGE('',*,*,#2063,.T.);
#6716 = ORIENTED_EDGE('',*,*,#2015,.T.);
#6717 = ORIENTED_EDGE('',*,*,#1959,.T.);
#6718 = ORIENTED_EDGE('',*,*,#1347,.F.);
#6719 = FACE_BOUND('',#6720,.T.);
#6720 = EDGE_LOOP('',(#6721,#6722,#6723,#6724));
#6721 = ORIENTED_EDGE('',*,*,#5533,.T.);
#6722 = ORIENTED_EDGE('',*,*,#5516,.T.);
#6723 = ORIENTED_EDGE('',*,*,#5451,.T.);
#6724 = ORIENTED_EDGE('',*,*,#5492,.T.);
#6725 = PLANE('',#6726);
#6726 = AXIS2_PLACEMENT_3D('',#6727,#6728,#6729);
#6727 = CARTESIAN_POINT('',(22.794241782613,33.921319058038,
    -2.853904699185E-17));
#6728 = DIRECTION('',(-0.,-0.,-1.));
#6729 = DIRECTION('',(-1.,0.,0.));
#6730 = ADVANCED_FACE('',(#6731),#6749,.T.);
#6731 = FACE_BOUND('',#6732,.T.);
#6732 = EDGE_LOOP('',(#6733,#6734,#6742,#6748));
#6733 = ORIENTED_EDGE('',*,*,#1386,.T.);
#6734 = ORIENTED_EDGE('',*,*,#6735,.F.);
#6735 = EDGE_CURVE('',#6736,#1380,#6738,.T.);
#6736 = VERTEX_POINT('',#6737);
#6737 = CARTESIAN_POINT('',(9.466027069092,34.816692352295,0.));
#6738 = LINE('',#6739,#6740);
#6739 = CARTESIAN_POINT('',(9.466027069092,34.816692352295,0.));
#6740 = VECTOR('',#6741,1.);
#6741 = DIRECTION('',(0.905642321765,0.424042433052,0.));
#6742 = ORIENTED_EDGE('',*,*,#6743,.T.);
#6743 = EDGE_CURVE('',#6736,#1441,#6744,.T.);
#6744 = LINE('',#6745,#6746);
#6745 = CARTESIAN_POINT('',(9.466027069092,34.816692352295,0.));
#6746 = VECTOR('',#6747,1.);
#6747 = DIRECTION('',(0.,0.,1.));
#6748 = ORIENTED_EDGE('',*,*,#1440,.F.);
#6749 = PLANE('',#6750);
#6750 = AXIS2_PLACEMENT_3D('',#6751,#6752,#6753);
#6751 = CARTESIAN_POINT('',(9.950364875793,35.04347038269,8.));
#6752 = DIRECTION('',(-0.424042433052,0.905642321765,0.));
#6753 = DIRECTION('',(0.905642321765,0.424042433052,0.));
#6754 = ADVANCED_FACE('',(#6755),#6773,.T.);
#6755 = FACE_BOUND('',#6756,.T.);
#6756 = EDGE_LOOP('',(#6757,#6758,#6759,#6767));
#6757 = ORIENTED_EDGE('',*,*,#1409,.F.);
#6758 = ORIENTED_EDGE('',*,*,#1433,.F.);
#6759 = ORIENTED_EDGE('',*,*,#6760,.F.);
#6760 = EDGE_CURVE('',#6761,#1424,#6763,.T.);
#6761 = VERTEX_POINT('',#6762);
#6762 = CARTESIAN_POINT('',(9.32250957489,31.762271881104,0.));
#6763 = LINE('',#6764,#6765);
#6764 = CARTESIAN_POINT('',(9.32250957489,31.762271881104,0.));
#6765 = VECTOR('',#6766,1.);
#6766 = DIRECTION('',(0.,0.,1.));
#6767 = ORIENTED_EDGE('',*,*,#6768,.F.);
#6768 = EDGE_CURVE('',#1401,#6761,#6769,.T.);
#6769 = LINE('',#6770,#6771);
#6770 = CARTESIAN_POINT('',(10.616903114319,32.509620666504,0.));
#6771 = VECTOR('',#6772,1.);
#6772 = DIRECTION('',(-0.866016617683,-0.500015217665,0.));
#6773 = PLANE('',#6774);
#6774 = AXIS2_PLACEMENT_3D('',#6775,#6776,#6777);
#6775 = CARTESIAN_POINT('',(9.969706344604,32.135946273804,8.));
#6776 = DIRECTION('',(0.500015217665,-0.866016617683,0.));
#6777 = DIRECTION('',(-0.866016617683,-0.500015217665,0.));
#6778 = ADVANCED_FACE('',(#6779),#6797,.T.);
#6779 = FACE_BOUND('',#6780,.T.);
#6780 = EDGE_LOOP('',(#6781,#6782,#6783,#6791));
#6781 = ORIENTED_EDGE('',*,*,#6760,.T.);
#6782 = ORIENTED_EDGE('',*,*,#1423,.T.);
#6783 = ORIENTED_EDGE('',*,*,#6784,.T.);
#6784 = EDGE_CURVE('',#1426,#6785,#6787,.T.);
#6785 = VERTEX_POINT('',#6786);
#6786 = CARTESIAN_POINT('',(9.166631507874,31.655992507935,0.));
#6787 = LINE('',#6788,#6789);
#6788 = CARTESIAN_POINT('',(9.166631507874,31.655992507935,16.));
#6789 = VECTOR('',#6790,1.);
#6790 = DIRECTION('',(0.,0.,-1.));
#6791 = ORIENTED_EDGE('',*,*,#6792,.T.);
#6792 = EDGE_CURVE('',#6785,#6761,#6793,.T.);
#6793 = LINE('',#6794,#6795);
#6794 = CARTESIAN_POINT('',(9.166631507874,31.655992507935,0.));
#6795 = VECTOR('',#6796,1.);
#6796 = DIRECTION('',(0.826230123372,0.563332746459,0.));
#6797 = PLANE('',#6798);
#6798 = AXIS2_PLACEMENT_3D('',#6799,#6800,#6801);
#6799 = CARTESIAN_POINT('',(9.244570541382,31.709132194519,8.));
#6800 = DIRECTION('',(0.563332746459,-0.826230123372,0.));
#6801 = DIRECTION('',(-0.826230123372,-0.563332746459,0.));
#6802 = ADVANCED_FACE('',(#6803),#6821,.T.);
#6803 = FACE_BOUND('',#6804,.T.);
#6804 = EDGE_LOOP('',(#6805,#6806,#6807,#6815));
#6805 = ORIENTED_EDGE('',*,*,#6784,.F.);
#6806 = ORIENTED_EDGE('',*,*,#1912,.F.);
#6807 = ORIENTED_EDGE('',*,*,#6808,.T.);
#6808 = EDGE_CURVE('',#1905,#6809,#6811,.T.);
#6809 = VERTEX_POINT('',#6810);
#6810 = CARTESIAN_POINT('',(7.907295036316,30.638759613037,0.));
#6811 = LINE('',#6812,#6813);
#6812 = CARTESIAN_POINT('',(7.907295036316,30.638759613037,16.));
#6813 = VECTOR('',#6814,1.);
#6814 = DIRECTION('',(0.,0.,-1.));
#6815 = ORIENTED_EDGE('',*,*,#6816,.F.);
#6816 = EDGE_CURVE('',#6785,#6809,#6817,.T.);
#6817 = LINE('',#6818,#6819);
#6818 = CARTESIAN_POINT('',(9.166631507874,31.655992507935,0.));
#6819 = VECTOR('',#6820,1.);
#6820 = DIRECTION('',(-0.777918076454,-0.628365710655,0.));
#6821 = PLANE('',#6822);
#6822 = AXIS2_PLACEMENT_3D('',#6823,#6824,#6825);
#6823 = CARTESIAN_POINT('',(8.536963272095,31.147376060486,8.));
#6824 = DIRECTION('',(0.628365710655,-0.777918076454,0.));
#6825 = DIRECTION('',(-0.777918076454,-0.628365710655,0.));
#6826 = ADVANCED_FACE('',(#6827),#6845,.T.);
#6827 = FACE_BOUND('',#6828,.T.);
#6828 = EDGE_LOOP('',(#6829,#6830,#6831,#6839));
#6829 = ORIENTED_EDGE('',*,*,#6808,.F.);
#6830 = ORIENTED_EDGE('',*,*,#1904,.F.);
#6831 = ORIENTED_EDGE('',*,*,#6832,.T.);
#6832 = EDGE_CURVE('',#1897,#6833,#6835,.T.);
#6833 = VERTEX_POINT('',#6834);
#6834 = CARTESIAN_POINT('',(6.828594017029,29.431655883789,0.));
#6835 = LINE('',#6836,#6837);
#6836 = CARTESIAN_POINT('',(6.828594017029,29.431655883789,16.));
#6837 = VECTOR('',#6838,1.);
#6838 = DIRECTION('',(0.,0.,-1.));
#6839 = ORIENTED_EDGE('',*,*,#6840,.F.);
#6840 = EDGE_CURVE('',#6809,#6833,#6841,.T.);
#6841 = LINE('',#6842,#6843);
#6842 = CARTESIAN_POINT('',(7.907295036316,30.638759613037,0.));
#6843 = VECTOR('',#6844,1.);
#6844 = DIRECTION('',(-0.666335304306,-0.745652239476,0.));
#6845 = PLANE('',#6846);
#6846 = AXIS2_PLACEMENT_3D('',#6847,#6848,#6849);
#6847 = CARTESIAN_POINT('',(7.367944526672,30.035207748413,8.));
#6848 = DIRECTION('',(0.745652239476,-0.666335304306,0.));
#6849 = DIRECTION('',(0.666335304306,0.745652239476,0.));
#6850 = ADVANCED_FACE('',(#6851),#6869,.T.);
#6851 = FACE_BOUND('',#6852,.T.);
#6852 = EDGE_LOOP('',(#6853,#6854,#6855,#6863));
#6853 = ORIENTED_EDGE('',*,*,#6832,.F.);
#6854 = ORIENTED_EDGE('',*,*,#1896,.F.);
#6855 = ORIENTED_EDGE('',*,*,#6856,.T.);
#6856 = EDGE_CURVE('',#1889,#6857,#6859,.T.);
#6857 = VERTEX_POINT('',#6858);
#6858 = CARTESIAN_POINT('',(5.958799171448,28.066316604614,0.));
#6859 = LINE('',#6860,#6861);
#6860 = CARTESIAN_POINT('',(5.958799171448,28.066316604614,16.));
#6861 = VECTOR('',#6862,1.);
#6862 = DIRECTION('',(0.,0.,-1.));
#6863 = ORIENTED_EDGE('',*,*,#6864,.F.);
#6864 = EDGE_CURVE('',#6833,#6857,#6865,.T.);
#6865 = LINE('',#6866,#6867);
#6866 = CARTESIAN_POINT('',(6.828594017029,29.431655883789,0.));
#6867 = VECTOR('',#6868,1.);
#6868 = DIRECTION('',(-0.537289851614,-0.843397661458,0.));
#6869 = PLANE('',#6870);
#6870 = AXIS2_PLACEMENT_3D('',#6871,#6872,#6873);
#6871 = CARTESIAN_POINT('',(6.393696594238,28.748986244202,8.));
#6872 = DIRECTION('',(0.843397661458,-0.537289851614,0.));
#6873 = DIRECTION('',(0.537289851614,0.843397661458,0.));
#6874 = ADVANCED_FACE('',(#6875),#6893,.T.);
#6875 = FACE_BOUND('',#6876,.T.);
#6876 = EDGE_LOOP('',(#6877,#6878,#6879,#6887));
#6877 = ORIENTED_EDGE('',*,*,#6856,.F.);
#6878 = ORIENTED_EDGE('',*,*,#1888,.F.);
#6879 = ORIENTED_EDGE('',*,*,#6880,.T.);
#6880 = EDGE_CURVE('',#1881,#6881,#6883,.T.);
#6881 = VERTEX_POINT('',#6882);
#6882 = CARTESIAN_POINT('',(5.320705223083,26.578521728516,0.));
#6883 = LINE('',#6884,#6885);
#6884 = CARTESIAN_POINT('',(5.320705223083,26.578521728516,16.));
#6885 = VECTOR('',#6886,1.);
#6886 = DIRECTION('',(0.,0.,-1.));
#6887 = ORIENTED_EDGE('',*,*,#6888,.F.);
#6888 = EDGE_CURVE('',#6857,#6881,#6889,.T.);
#6889 = LINE('',#6890,#6891);
#6890 = CARTESIAN_POINT('',(5.958799171448,28.066316604614,0.));
#6891 = VECTOR('',#6892,1.);
#6892 = DIRECTION('',(-0.394163295452,-0.919040421591,0.));
#6893 = PLANE('',#6894);
#6894 = AXIS2_PLACEMENT_3D('',#6895,#6896,#6897);
#6895 = CARTESIAN_POINT('',(5.639752197266,27.322419166565,8.));
#6896 = DIRECTION('',(0.919040421591,-0.394163295452,0.));
#6897 = DIRECTION('',(0.394163295452,0.919040421591,0.));
#6898 = ADVANCED_FACE('',(#6899),#6917,.T.);
#6899 = FACE_BOUND('',#6900,.T.);
#6900 = EDGE_LOOP('',(#6901,#6902,#6903,#6911));
#6901 = ORIENTED_EDGE('',*,*,#6880,.F.);
#6902 = ORIENTED_EDGE('',*,*,#1880,.F.);
#6903 = ORIENTED_EDGE('',*,*,#6904,.T.);
#6904 = EDGE_CURVE('',#1873,#6905,#6907,.T.);
#6905 = VERTEX_POINT('',#6906);
#6906 = CARTESIAN_POINT('',(4.931034851074,25.007263183594,0.));
#6907 = LINE('',#6908,#6909);
#6908 = CARTESIAN_POINT('',(4.931034851074,25.007263183594,16.));
#6909 = VECTOR('',#6910,1.);
#6910 = DIRECTION('',(0.,0.,-1.));
#6911 = ORIENTED_EDGE('',*,*,#6912,.F.);
#6912 = EDGE_CURVE('',#6881,#6905,#6913,.T.);
#6913 = LINE('',#6914,#6915);
#6914 = CARTESIAN_POINT('',(5.320705223083,26.578521728516,0.));
#6915 = VECTOR('',#6916,1.);
#6916 = DIRECTION('',(-0.240707171125,-0.970597783723,0.));
#6917 = PLANE('',#6918);
#6918 = AXIS2_PLACEMENT_3D('',#6919,#6920,#6921);
#6919 = CARTESIAN_POINT('',(5.125870037079,25.792892456055,8.));
#6920 = DIRECTION('',(0.970597783723,-0.240707171125,0.));
#6921 = DIRECTION('',(0.240707171125,0.970597783723,0.));
#6922 = ADVANCED_FACE('',(#6923),#6941,.T.);
#6923 = FACE_BOUND('',#6924,.T.);
#6924 = EDGE_LOOP('',(#6925,#6926,#6927,#6935));
#6925 = ORIENTED_EDGE('',*,*,#6904,.F.);
#6926 = ORIENTED_EDGE('',*,*,#1872,.F.);
#6927 = ORIENTED_EDGE('',*,*,#6928,.F.);
#6928 = EDGE_CURVE('',#6929,#1865,#6931,.T.);
#6929 = VERTEX_POINT('',#6930);
#6930 = CARTESIAN_POINT('',(4.8,23.393718719482,0.));
#6931 = LINE('',#6932,#6933);
#6932 = CARTESIAN_POINT('',(4.8,23.393718719482,0.));
#6933 = VECTOR('',#6934,1.);
#6934 = DIRECTION('',(0.,0.,1.));
#6935 = ORIENTED_EDGE('',*,*,#6936,.F.);
#6936 = EDGE_CURVE('',#6905,#6929,#6937,.T.);
#6937 = LINE('',#6938,#6939);
#6938 = CARTESIAN_POINT('',(4.931034851074,25.007263183594,0.));
#6939 = VECTOR('',#6940,1.);
#6940 = DIRECTION('',(-8.094285288259E-02,-0.996718743963,0.));
#6941 = PLANE('',#6942);
#6942 = AXIS2_PLACEMENT_3D('',#6943,#6944,#6945);
#6943 = CARTESIAN_POINT('',(4.865517425537,24.200490951538,8.));
#6944 = DIRECTION('',(0.996718743963,-8.094285288259E-02,0.));
#6945 = DIRECTION('',(8.094285288259E-02,0.996718743963,0.));
#6946 = ADVANCED_FACE('',(#6947,#7125),#7136,.T.);
#6947 = FACE_BOUND('',#6948,.T.);
#6948 = EDGE_LOOP('',(#6949,#6950,#6951,#6959,#6967,#6975,#6983,#6991,
    #6999,#7007,#7015,#7023,#7031,#7039,#7047,#7055,#7063,#7071,#7079,
    #7087,#7095,#7103,#7111,#7119));
#6949 = ORIENTED_EDGE('',*,*,#6928,.T.);
#6950 = ORIENTED_EDGE('',*,*,#1864,.T.);
#6951 = ORIENTED_EDGE('',*,*,#6952,.T.);
#6952 = EDGE_CURVE('',#1857,#6953,#6955,.T.);
#6953 = VERTEX_POINT('',#6954);
#6954 = CARTESIAN_POINT('',(4.8,4.217827796936,15.938442230225));
#6955 = LINE('',#6956,#6957);
#6956 = CARTESIAN_POINT('',(4.8,5.,16.));
#6957 = VECTOR('',#6958,1.);
#6958 = DIRECTION('',(0.,-0.996917385337,-7.845844003567E-02));
#6959 = ORIENTED_EDGE('',*,*,#6960,.T.);
#6960 = EDGE_CURVE('',#6953,#6961,#6963,.T.);
#6961 = VERTEX_POINT('',#6962);
#6962 = CARTESIAN_POINT('',(4.8,3.454915046692,15.755282402039));
#6963 = LINE('',#6964,#6965);
#6964 = CARTESIAN_POINT('',(4.8,4.217827796936,15.938442230225));
#6965 = VECTOR('',#6966,1.);
#6966 = DIRECTION('',(0.,-0.972369723135,-0.233446185512));
#6967 = ORIENTED_EDGE('',*,*,#6968,.T.);
#6968 = EDGE_CURVE('',#6961,#6969,#6971,.T.);
#6969 = VERTEX_POINT('',#6970);
#6970 = CARTESIAN_POINT('',(4.8,2.730047464371,15.455032348633));
#6971 = LINE('',#6972,#6973);
#6972 = CARTESIAN_POINT('',(4.8,3.454915046692,15.755282402039));
#6973 = VECTOR('',#6974,1.);
#6974 = DIRECTION('',(0.,-0.92387950102,-0.382683508391));
#6975 = ORIENTED_EDGE('',*,*,#6976,.T.);
#6976 = EDGE_CURVE('',#6969,#6977,#6979,.T.);
#6977 = VERTEX_POINT('',#6978);
#6978 = CARTESIAN_POINT('',(4.8,2.06107378006,15.045084953308));
#6979 = LINE('',#6980,#6981);
#6980 = CARTESIAN_POINT('',(4.8,2.730047464371,15.455032348633));
#6981 = VECTOR('',#6982,1.);
#6982 = DIRECTION('',(0.,-0.852640281134,-0.522498374148));
#6983 = ORIENTED_EDGE('',*,*,#6984,.T.);
#6984 = EDGE_CURVE('',#6977,#6985,#6987,.T.);
#6985 = VERTEX_POINT('',#6986);
#6986 = CARTESIAN_POINT('',(4.8,1.464466094971,14.535533905029));
#6987 = LINE('',#6988,#6989);
#6988 = CARTESIAN_POINT('',(4.8,2.06107378006,15.045084953308));
#6989 = VECTOR('',#6990,1.);
#6990 = DIRECTION('',(0.,-0.760405998554,-0.649448009746));
#6991 = ORIENTED_EDGE('',*,*,#6992,.T.);
#6992 = EDGE_CURVE('',#6985,#6993,#6995,.T.);
#6993 = VERTEX_POINT('',#6994);
#6994 = CARTESIAN_POINT('',(4.8,0.954914987087,13.938925743103));
#6995 = LINE('',#6996,#6997);
#6996 = CARTESIAN_POINT('',(4.8,1.464466094971,14.535533905029));
#6997 = VECTOR('',#6998,1.);
#6998 = DIRECTION('',(0.,-0.649447753538,-0.760406217376));
#6999 = ORIENTED_EDGE('',*,*,#7000,.T.);
#7000 = EDGE_CURVE('',#6993,#7001,#7003,.T.);
#7001 = VERTEX_POINT('',#7002);
#7002 = CARTESIAN_POINT('',(4.8,0.544967353344,13.269952774048));
#7003 = LINE('',#7004,#7005);
#7004 = CARTESIAN_POINT('',(4.8,0.954914987087,13.938925743103));
#7005 = VECTOR('',#7006,1.);
#7006 = DIRECTION('',(0.,-0.522499001198,-0.852639896877));
#7007 = ORIENTED_EDGE('',*,*,#7008,.T.);
#7008 = EDGE_CURVE('',#7001,#7009,#7011,.T.);
#7009 = VERTEX_POINT('',#7010);
#7010 = CARTESIAN_POINT('',(4.8,0.244717404246,12.545084953308));
#7011 = LINE('',#7012,#7013);
#7012 = CARTESIAN_POINT('',(4.8,0.544967353344,13.269952774048));
#7013 = VECTOR('',#7014,1.);
#7014 = DIRECTION('',(0.,-0.382683287478,-0.923879592525));
#7015 = ORIENTED_EDGE('',*,*,#7016,.T.);
#7016 = EDGE_CURVE('',#7009,#7017,#7019,.T.);
#7017 = VERTEX_POINT('',#7018);
#7018 = CARTESIAN_POINT('',(4.8,6.155829876661E-02,11.782172203064));
#7019 = LINE('',#7020,#7021);
#7020 = CARTESIAN_POINT('',(4.8,0.244717404246,12.545084953308));
#7021 = VECTOR('',#7022,1.);
#7022 = DIRECTION('',(0.,-0.233445314585,-0.972369932226));
#7023 = ORIENTED_EDGE('',*,*,#7024,.T.);
#7024 = EDGE_CURVE('',#7017,#7025,#7027,.T.);
#7025 = VERTEX_POINT('',#7026);
#7026 = CARTESIAN_POINT('',(4.8,3.061616999114E-16,11.));
#7027 = LINE('',#7028,#7029);
#7028 = CARTESIAN_POINT('',(4.8,6.155829876661E-02,11.782172203064));
#7029 = VECTOR('',#7030,1.);
#7030 = DIRECTION('',(0.,-7.845911011089E-02,-0.996917332601));
#7031 = ORIENTED_EDGE('',*,*,#7032,.F.);
#7032 = EDGE_CURVE('',#7033,#7025,#7035,.T.);
#7033 = VERTEX_POINT('',#7034);
#7034 = CARTESIAN_POINT('',(4.8,3.061616999114E-16,5.));
#7035 = LINE('',#7036,#7037);
#7036 = CARTESIAN_POINT('',(4.8,3.061616999114E-16,5.));
#7037 = VECTOR('',#7038,1.);
#7038 = DIRECTION('',(0.,0.,1.));
#7039 = ORIENTED_EDGE('',*,*,#7040,.T.);
#7040 = EDGE_CURVE('',#7033,#7041,#7043,.T.);
#7041 = VERTEX_POINT('',#7042);
#7042 = CARTESIAN_POINT('',(4.8,6.155829876661E-02,4.217827796936));
#7043 = LINE('',#7044,#7045);
#7044 = CARTESIAN_POINT('',(4.8,3.061616999114E-16,5.));
#7045 = VECTOR('',#7046,1.);
#7046 = DIRECTION('',(0.,7.845911011089E-02,-0.996917332601));
#7047 = ORIENTED_EDGE('',*,*,#7048,.T.);
#7048 = EDGE_CURVE('',#7041,#7049,#7051,.T.);
#7049 = VERTEX_POINT('',#7050);
#7050 = CARTESIAN_POINT('',(4.8,0.244717404246,3.454915046692));
#7051 = LINE('',#7052,#7053);
#7052 = CARTESIAN_POINT('',(4.8,6.155829876661E-02,4.217827796936));
#7053 = VECTOR('',#7054,1.);
#7054 = DIRECTION('',(0.,0.233445314585,-0.972369932226));
#7055 = ORIENTED_EDGE('',*,*,#7056,.T.);
#7056 = EDGE_CURVE('',#7049,#7057,#7059,.T.);
#7057 = VERTEX_POINT('',#7058);
#7058 = CARTESIAN_POINT('',(4.8,0.544967353344,2.730047464371));
#7059 = LINE('',#7060,#7061);
#7060 = CARTESIAN_POINT('',(4.8,0.244717404246,3.454915046692));
#7061 = VECTOR('',#7062,1.);
#7062 = DIRECTION('',(0.,0.382683394915,-0.923879548024));
#7063 = ORIENTED_EDGE('',*,*,#7064,.T.);
#7064 = EDGE_CURVE('',#7057,#7065,#7067,.T.);
#7065 = VERTEX_POINT('',#7066);
#7066 = CARTESIAN_POINT('',(4.8,0.954914987087,2.06107378006));
#7067 = LINE('',#7068,#7069);
#7068 = CARTESIAN_POINT('',(4.8,0.544967353344,2.730047464371));
#7069 = VECTOR('',#7070,1.);
#7070 = DIRECTION('',(0.,0.522498595064,-0.852640145757));
#7071 = ORIENTED_EDGE('',*,*,#7072,.T.);
#7072 = EDGE_CURVE('',#7065,#7073,#7075,.T.);
#7073 = VERTEX_POINT('',#7074);
#7074 = CARTESIAN_POINT('',(4.8,1.464466094971,1.464466094971));
#7075 = LINE('',#7076,#7077);
#7076 = CARTESIAN_POINT('',(4.8,0.954914987087,2.06107378006));
#7077 = VECTOR('',#7078,1.);
#7078 = DIRECTION('',(0.,0.649448053673,-0.760405961037));
#7079 = ORIENTED_EDGE('',*,*,#7080,.T.);
#7080 = EDGE_CURVE('',#7073,#7081,#7083,.T.);
#7081 = VERTEX_POINT('',#7082);
#7082 = CARTESIAN_POINT('',(4.8,2.06107378006,0.954914987087));
#7083 = LINE('',#7084,#7085);
#7084 = CARTESIAN_POINT('',(4.8,1.464466094971,1.464466094971));
#7085 = VECTOR('',#7086,1.);
#7086 = DIRECTION('',(0.,0.760405961037,-0.649448053673));
#7087 = ORIENTED_EDGE('',*,*,#7088,.T.);
#7088 = EDGE_CURVE('',#7081,#7089,#7091,.T.);
#7089 = VERTEX_POINT('',#7090);
#7090 = CARTESIAN_POINT('',(4.8,2.730047464371,0.544967353344));
#7091 = LINE('',#7092,#7093);
#7092 = CARTESIAN_POINT('',(4.8,2.06107378006,0.954914987087));
#7093 = VECTOR('',#7094,1.);
#7094 = DIRECTION('',(0.,0.852640145757,-0.522498595064));
#7095 = ORIENTED_EDGE('',*,*,#7096,.T.);
#7096 = EDGE_CURVE('',#7089,#7097,#7099,.T.);
#7097 = VERTEX_POINT('',#7098);
#7098 = CARTESIAN_POINT('',(4.8,3.454915046692,0.244717404246));
#7099 = LINE('',#7100,#7101);
#7100 = CARTESIAN_POINT('',(4.8,2.730047464371,0.544967353344));
#7101 = VECTOR('',#7102,1.);
#7102 = DIRECTION('',(0.,0.923879548024,-0.382683394915));
#7103 = ORIENTED_EDGE('',*,*,#7104,.T.);
#7104 = EDGE_CURVE('',#7097,#7105,#7107,.T.);
#7105 = VERTEX_POINT('',#7106);
#7106 = CARTESIAN_POINT('',(4.8,4.217827796936,6.155829876661E-02));
#7107 = LINE('',#7108,#7109);
#7108 = CARTESIAN_POINT('',(4.8,3.454915046692,0.244717404246));
#7109 = VECTOR('',#7110,1.);
#7110 = DIRECTION('',(0.,0.972369932226,-0.233445314585));
#7111 = ORIENTED_EDGE('',*,*,#7112,.T.);
#7112 = EDGE_CURVE('',#7105,#7113,#7115,.T.);
#7113 = VERTEX_POINT('',#7114);
#7114 = CARTESIAN_POINT('',(4.8,5.,4.336808689942E-16));
#7115 = LINE('',#7116,#7117);
#7116 = CARTESIAN_POINT('',(4.8,4.217827796936,6.155829876661E-02));
#7117 = VECTOR('',#7118,1.);
#7118 = DIRECTION('',(0.,0.996917332601,-7.84591101109E-02));
#7119 = ORIENTED_EDGE('',*,*,#7120,.T.);
#7120 = EDGE_CURVE('',#7113,#6929,#7121,.T.);
#7121 = LINE('',#7122,#7123);
#7122 = CARTESIAN_POINT('',(4.8,5.,0.));
#7123 = VECTOR('',#7124,1.);
#7124 = DIRECTION('',(0.,1.,0.));
#7125 = FACE_BOUND('',#7126,.T.);
#7126 = EDGE_LOOP('',(#7127));
#7127 = ORIENTED_EDGE('',*,*,#7128,.T.);
#7128 = EDGE_CURVE('',#7129,#7129,#7131,.T.);
#7129 = VERTEX_POINT('',#7130);
#7130 = CARTESIAN_POINT('',(4.8,4.749999980547,7.999999960281));
#7131 = CIRCLE('',#7132,3.75);
#7132 = AXIS2_PLACEMENT_3D('',#7133,#7134,#7135);
#7133 = CARTESIAN_POINT('',(4.8,8.499999980547,7.999999960281));
#7134 = DIRECTION('',(-1.,0.,0.));
#7135 = DIRECTION('',(0.,-1.,0.));
#7136 = PLANE('',#7137);
#7137 = AXIS2_PLACEMENT_3D('',#7138,#7139,#7140);
#7138 = CARTESIAN_POINT('',(4.8,12.421966152113,7.999999997996));
#7139 = DIRECTION('',(1.,0.,0.));
#7140 = DIRECTION('',(0.,0.,1.));
#7141 = ADVANCED_FACE('',(#7142),#7160,.T.);
#7142 = FACE_BOUND('',#7143,.T.);
#7143 = EDGE_LOOP('',(#7144,#7145,#7153,#7159));
#7144 = ORIENTED_EDGE('',*,*,#1856,.F.);
#7145 = ORIENTED_EDGE('',*,*,#7146,.F.);
#7146 = EDGE_CURVE('',#7147,#1849,#7149,.T.);
#7147 = VERTEX_POINT('',#7148);
#7148 = CARTESIAN_POINT('',(2.3,4.217827796936,15.938442230225));
#7149 = LINE('',#7150,#7151);
#7150 = CARTESIAN_POINT('',(2.3,4.217827796936,15.938442230225));
#7151 = VECTOR('',#7152,1.);
#7152 = DIRECTION('',(0.,0.996917385337,7.845844003567E-02));
#7153 = ORIENTED_EDGE('',*,*,#7154,.T.);
#7154 = EDGE_CURVE('',#7147,#6953,#7155,.T.);
#7155 = LINE('',#7156,#7157);
#7156 = CARTESIAN_POINT('',(2.3,4.217827796936,15.938442230225));
#7157 = VECTOR('',#7158,1.);
#7158 = DIRECTION('',(1.,0.,0.));
#7159 = ORIENTED_EDGE('',*,*,#6952,.F.);
#7160 = PLANE('',#7161);
#7161 = AXIS2_PLACEMENT_3D('',#7162,#7163,#7164);
#7162 = CARTESIAN_POINT('',(3.55,4.608913898468,15.969221115112));
#7163 = DIRECTION('',(0.,-7.845844003567E-02,0.996917385337));
#7164 = DIRECTION('',(0.,0.996917385337,7.845844003567E-02));
#7165 = ADVANCED_FACE('',(#7166,#7399),#7410,.T.);
#7166 = FACE_BOUND('',#7167,.T.);
#7167 = EDGE_LOOP('',(#7168,#7169,#7177,#7185,#7193,#7201,#7209,#7217,
    #7225,#7233,#7241,#7249,#7257,#7265,#7273,#7281,#7289,#7297,#7305,
    #7313,#7321,#7329,#7337,#7345,#7353,#7361,#7369,#7375,#7376,#7377,
    #7385,#7393));
#7168 = ORIENTED_EDGE('',*,*,#1512,.T.);
#7169 = ORIENTED_EDGE('',*,*,#7170,.T.);
#7170 = EDGE_CURVE('',#1505,#7171,#7173,.T.);
#7171 = VERTEX_POINT('',#7172);
#7172 = CARTESIAN_POINT('',(2.3,24.714975357056,0.));
#7173 = LINE('',#7174,#7175);
#7174 = CARTESIAN_POINT('',(2.3,24.714975357056,16.));
#7175 = VECTOR('',#7176,1.);
#7176 = DIRECTION('',(0.,0.,-1.));
#7177 = ORIENTED_EDGE('',*,*,#7178,.T.);
#7178 = EDGE_CURVE('',#7171,#7179,#7181,.T.);
#7179 = VERTEX_POINT('',#7180);
#7180 = CARTESIAN_POINT('',(2.3,24.5,4.286263851699E-16));
#7181 = LINE('',#7182,#7183);
#7182 = CARTESIAN_POINT('',(2.3,24.714975357056,0.));
#7183 = VECTOR('',#7184,1.);
#7184 = DIRECTION('',(0.,-1.,0.));
#7185 = ORIENTED_EDGE('',*,*,#7186,.T.);
#7186 = EDGE_CURVE('',#7179,#7187,#7189,.T.);
#7187 = VERTEX_POINT('',#7188);
#7188 = CARTESIAN_POINT('',(2.3,24.5,4.749999960281));
#7189 = LINE('',#7190,#7191);
#7190 = CARTESIAN_POINT('',(2.3,24.5,0.));
#7191 = VECTOR('',#7192,1.);
#7192 = DIRECTION('',(0.,0.,1.));
#7193 = ORIENTED_EDGE('',*,*,#7194,.T.);
#7194 = EDGE_CURVE('',#7187,#7195,#7197,.T.);
#7195 = VERTEX_POINT('',#7196);
#7196 = CARTESIAN_POINT('',(2.3,14.,4.749999960281));
#7197 = LINE('',#7198,#7199);
#7198 = CARTESIAN_POINT('',(2.3,24.5,4.749999960281));
#7199 = VECTOR('',#7200,1.);
#7200 = DIRECTION('',(0.,-1.,0.));
#7201 = ORIENTED_EDGE('',*,*,#7202,.T.);
#7202 = EDGE_CURVE('',#7195,#7203,#7205,.T.);
#7203 = VERTEX_POINT('',#7204);
#7204 = CARTESIAN_POINT('',(2.3,14.,0.));
#7205 = LINE('',#7206,#7207);
#7206 = CARTESIAN_POINT('',(2.3,14.,5.5));
#7207 = VECTOR('',#7208,1.);
#7208 = DIRECTION('',(0.,0.,-1.));
#7209 = ORIENTED_EDGE('',*,*,#7210,.T.);
#7210 = EDGE_CURVE('',#7203,#7211,#7213,.T.);
#7211 = VERTEX_POINT('',#7212);
#7212 = CARTESIAN_POINT('',(2.3,5.,4.336808689942E-16));
#7213 = LINE('',#7214,#7215);
#7214 = CARTESIAN_POINT('',(2.3,14.,0.));
#7215 = VECTOR('',#7216,1.);
#7216 = DIRECTION('',(0.,-1.,0.));
#7217 = ORIENTED_EDGE('',*,*,#7218,.T.);
#7218 = EDGE_CURVE('',#7211,#7219,#7221,.T.);
#7219 = VERTEX_POINT('',#7220);
#7220 = CARTESIAN_POINT('',(2.3,4.217827796936,6.155829876661E-02));
#7221 = LINE('',#7222,#7223);
#7222 = CARTESIAN_POINT('',(2.3,5.,0.));
#7223 = VECTOR('',#7224,1.);
#7224 = DIRECTION('',(0.,-0.996917332601,7.84591101109E-02));
#7225 = ORIENTED_EDGE('',*,*,#7226,.T.);
#7226 = EDGE_CURVE('',#7219,#7227,#7229,.T.);
#7227 = VERTEX_POINT('',#7228);
#7228 = CARTESIAN_POINT('',(2.3,3.454915046692,0.244717404246));
#7229 = LINE('',#7230,#7231);
#7230 = CARTESIAN_POINT('',(2.3,4.217827796936,6.155829876661E-02));
#7231 = VECTOR('',#7232,1.);
#7232 = DIRECTION('',(0.,-0.972369932226,0.233445314585));
#7233 = ORIENTED_EDGE('',*,*,#7234,.T.);
#7234 = EDGE_CURVE('',#7227,#7235,#7237,.T.);
#7235 = VERTEX_POINT('',#7236);
#7236 = CARTESIAN_POINT('',(2.3,2.730047464371,0.544967353344));
#7237 = LINE('',#7238,#7239);
#7238 = CARTESIAN_POINT('',(2.3,3.454915046692,0.244717404246));
#7239 = VECTOR('',#7240,1.);
#7240 = DIRECTION('',(0.,-0.923879548024,0.382683394915));
#7241 = ORIENTED_EDGE('',*,*,#7242,.T.);
#7242 = EDGE_CURVE('',#7235,#7243,#7245,.T.);
#7243 = VERTEX_POINT('',#7244);
#7244 = CARTESIAN_POINT('',(2.3,2.06107378006,0.954914987087));
#7245 = LINE('',#7246,#7247);
#7246 = CARTESIAN_POINT('',(2.3,2.730047464371,0.544967353344));
#7247 = VECTOR('',#7248,1.);
#7248 = DIRECTION('',(0.,-0.852640145757,0.522498595064));
#7249 = ORIENTED_EDGE('',*,*,#7250,.T.);
#7250 = EDGE_CURVE('',#7243,#7251,#7253,.T.);
#7251 = VERTEX_POINT('',#7252);
#7252 = CARTESIAN_POINT('',(2.3,1.464466094971,1.464466094971));
#7253 = LINE('',#7254,#7255);
#7254 = CARTESIAN_POINT('',(2.3,2.06107378006,0.954914987087));
#7255 = VECTOR('',#7256,1.);
#7256 = DIRECTION('',(0.,-0.760405961037,0.649448053673));
#7257 = ORIENTED_EDGE('',*,*,#7258,.T.);
#7258 = EDGE_CURVE('',#7251,#7259,#7261,.T.);
#7259 = VERTEX_POINT('',#7260);
#7260 = CARTESIAN_POINT('',(2.3,0.954914987087,2.06107378006));
#7261 = LINE('',#7262,#7263);
#7262 = CARTESIAN_POINT('',(2.3,1.464466094971,1.464466094971));
#7263 = VECTOR('',#7264,1.);
#7264 = DIRECTION('',(0.,-0.649448053673,0.760405961037));
#7265 = ORIENTED_EDGE('',*,*,#7266,.T.);
#7266 = EDGE_CURVE('',#7259,#7267,#7269,.T.);
#7267 = VERTEX_POINT('',#7268);
#7268 = CARTESIAN_POINT('',(2.3,0.544967353344,2.730047464371));
#7269 = LINE('',#7270,#7271);
#7270 = CARTESIAN_POINT('',(2.3,0.954914987087,2.06107378006));
#7271 = VECTOR('',#7272,1.);
#7272 = DIRECTION('',(0.,-0.522498595064,0.852640145757));
#7273 = ORIENTED_EDGE('',*,*,#7274,.T.);
#7274 = EDGE_CURVE('',#7267,#7275,#7277,.T.);
#7275 = VERTEX_POINT('',#7276);
#7276 = CARTESIAN_POINT('',(2.3,0.244717404246,3.454915046692));
#7277 = LINE('',#7278,#7279);
#7278 = CARTESIAN_POINT('',(2.3,0.544967353344,2.730047464371));
#7279 = VECTOR('',#7280,1.);
#7280 = DIRECTION('',(0.,-0.382683394915,0.923879548024));
#7281 = ORIENTED_EDGE('',*,*,#7282,.T.);
#7282 = EDGE_CURVE('',#7275,#7283,#7285,.T.);
#7283 = VERTEX_POINT('',#7284);
#7284 = CARTESIAN_POINT('',(2.3,6.155829876661E-02,4.217827796936));
#7285 = LINE('',#7286,#7287);
#7286 = CARTESIAN_POINT('',(2.3,0.244717404246,3.454915046692));
#7287 = VECTOR('',#7288,1.);
#7288 = DIRECTION('',(0.,-0.233445314585,0.972369932226));
#7289 = ORIENTED_EDGE('',*,*,#7290,.T.);
#7290 = EDGE_CURVE('',#7283,#7291,#7293,.T.);
#7291 = VERTEX_POINT('',#7292);
#7292 = CARTESIAN_POINT('',(2.3,3.061616999114E-16,5.));
#7293 = LINE('',#7294,#7295);
#7294 = CARTESIAN_POINT('',(2.3,6.155829876661E-02,4.217827796936));
#7295 = VECTOR('',#7296,1.);
#7296 = DIRECTION('',(0.,-7.845911011089E-02,0.996917332601));
#7297 = ORIENTED_EDGE('',*,*,#7298,.T.);
#7298 = EDGE_CURVE('',#7291,#7299,#7301,.T.);
#7299 = VERTEX_POINT('',#7300);
#7300 = CARTESIAN_POINT('',(2.3,3.061616999114E-16,11.));
#7301 = LINE('',#7302,#7303);
#7302 = CARTESIAN_POINT('',(2.3,3.061616999114E-16,5.));
#7303 = VECTOR('',#7304,1.);
#7304 = DIRECTION('',(0.,0.,1.));
#7305 = ORIENTED_EDGE('',*,*,#7306,.T.);
#7306 = EDGE_CURVE('',#7299,#7307,#7309,.T.);
#7307 = VERTEX_POINT('',#7308);
#7308 = CARTESIAN_POINT('',(2.3,6.155829876661E-02,11.782172203064));
#7309 = LINE('',#7310,#7311);
#7310 = CARTESIAN_POINT('',(2.3,3.061616999114E-16,11.));
#7311 = VECTOR('',#7312,1.);
#7312 = DIRECTION('',(0.,7.845911011089E-02,0.996917332601));
#7313 = ORIENTED_EDGE('',*,*,#7314,.T.);
#7314 = EDGE_CURVE('',#7307,#7315,#7317,.T.);
#7315 = VERTEX_POINT('',#7316);
#7316 = CARTESIAN_POINT('',(2.3,0.244717404246,12.545084953308));
#7317 = LINE('',#7318,#7319);
#7318 = CARTESIAN_POINT('',(2.3,6.155829876661E-02,11.782172203064));
#7319 = VECTOR('',#7320,1.);
#7320 = DIRECTION('',(0.,0.233445314585,0.972369932226));
#7321 = ORIENTED_EDGE('',*,*,#7322,.T.);
#7322 = EDGE_CURVE('',#7315,#7323,#7325,.T.);
#7323 = VERTEX_POINT('',#7324);
#7324 = CARTESIAN_POINT('',(2.3,0.544967353344,13.269952774048));
#7325 = LINE('',#7326,#7327);
#7326 = CARTESIAN_POINT('',(2.3,0.244717404246,12.545084953308));
#7327 = VECTOR('',#7328,1.);
#7328 = DIRECTION('',(0.,0.382683287478,0.923879592525));
#7329 = ORIENTED_EDGE('',*,*,#7330,.T.);
#7330 = EDGE_CURVE('',#7323,#7331,#7333,.T.);
#7331 = VERTEX_POINT('',#7332);
#7332 = CARTESIAN_POINT('',(2.3,0.954914987087,13.938925743103));
#7333 = LINE('',#7334,#7335);
#7334 = CARTESIAN_POINT('',(2.3,0.544967353344,13.269952774048));
#7335 = VECTOR('',#7336,1.);
#7336 = DIRECTION('',(0.,0.522499001198,0.852639896877));
#7337 = ORIENTED_EDGE('',*,*,#7338,.T.);
#7338 = EDGE_CURVE('',#7331,#7339,#7341,.T.);
#7339 = VERTEX_POINT('',#7340);
#7340 = CARTESIAN_POINT('',(2.3,1.464466094971,14.535533905029));
#7341 = LINE('',#7342,#7343);
#7342 = CARTESIAN_POINT('',(2.3,0.954914987087,13.938925743103));
#7343 = VECTOR('',#7344,1.);
#7344 = DIRECTION('',(0.,0.649447753538,0.760406217376));
#7345 = ORIENTED_EDGE('',*,*,#7346,.T.);
#7346 = EDGE_CURVE('',#7339,#7347,#7349,.T.);
#7347 = VERTEX_POINT('',#7348);
#7348 = CARTESIAN_POINT('',(2.3,2.06107378006,15.045084953308));
#7349 = LINE('',#7350,#7351);
#7350 = CARTESIAN_POINT('',(2.3,1.464466094971,14.535533905029));
#7351 = VECTOR('',#7352,1.);
#7352 = DIRECTION('',(0.,0.760405998554,0.649448009746));
#7353 = ORIENTED_EDGE('',*,*,#7354,.T.);
#7354 = EDGE_CURVE('',#7347,#7355,#7357,.T.);
#7355 = VERTEX_POINT('',#7356);
#7356 = CARTESIAN_POINT('',(2.3,2.730047464371,15.455032348633));
#7357 = LINE('',#7358,#7359);
#7358 = CARTESIAN_POINT('',(2.3,2.06107378006,15.045084953308));
#7359 = VECTOR('',#7360,1.);
#7360 = DIRECTION('',(0.,0.852640281134,0.522498374148));
#7361 = ORIENTED_EDGE('',*,*,#7362,.T.);
#7362 = EDGE_CURVE('',#7355,#7363,#7365,.T.);
#7363 = VERTEX_POINT('',#7364);
#7364 = CARTESIAN_POINT('',(2.3,3.454915046692,15.755282402039));
#7365 = LINE('',#7366,#7367);
#7366 = CARTESIAN_POINT('',(2.3,2.730047464371,15.455032348633));
#7367 = VECTOR('',#7368,1.);
#7368 = DIRECTION('',(0.,0.92387950102,0.382683508391));
#7369 = ORIENTED_EDGE('',*,*,#7370,.T.);
#7370 = EDGE_CURVE('',#7363,#7147,#7371,.T.);
#7371 = LINE('',#7372,#7373);
#7372 = CARTESIAN_POINT('',(2.3,3.454915046692,15.755282402039));
#7373 = VECTOR('',#7374,1.);
#7374 = DIRECTION('',(0.,0.972369723135,0.233446185512));
#7375 = ORIENTED_EDGE('',*,*,#7146,.T.);
#7376 = ORIENTED_EDGE('',*,*,#1848,.T.);
#7377 = ORIENTED_EDGE('',*,*,#7378,.T.);
#7378 = EDGE_CURVE('',#1841,#7379,#7381,.T.);
#7379 = VERTEX_POINT('',#7380);
#7380 = CARTESIAN_POINT('',(2.3,14.,11.249999960281));
#7381 = LINE('',#7382,#7383);
#7382 = CARTESIAN_POINT('',(2.3,14.,16.));
#7383 = VECTOR('',#7384,1.);
#7384 = DIRECTION('',(0.,0.,-1.));
#7385 = ORIENTED_EDGE('',*,*,#7386,.T.);
#7386 = EDGE_CURVE('',#7379,#7387,#7389,.T.);
#7387 = VERTEX_POINT('',#7388);
#7388 = CARTESIAN_POINT('',(2.3,24.5,11.249999960281));
#7389 = LINE('',#7390,#7391);
#7390 = CARTESIAN_POINT('',(2.3,14.,11.249999960281));
#7391 = VECTOR('',#7392,1.);
#7392 = DIRECTION('',(0.,1.,0.));
#7393 = ORIENTED_EDGE('',*,*,#7394,.T.);
#7394 = EDGE_CURVE('',#7387,#1513,#7395,.T.);
#7395 = LINE('',#7396,#7397);
#7396 = CARTESIAN_POINT('',(2.3,24.5,10.5));
#7397 = VECTOR('',#7398,1.);
#7398 = DIRECTION('',(0.,0.,1.));
#7399 = FACE_BOUND('',#7400,.T.);
#7400 = EDGE_LOOP('',(#7401));
#7401 = ORIENTED_EDGE('',*,*,#7402,.F.);
#7402 = EDGE_CURVE('',#7403,#7403,#7405,.T.);
#7403 = VERTEX_POINT('',#7404);
#7404 = CARTESIAN_POINT('',(2.3,4.749999980547,7.999999960281));
#7405 = CIRCLE('',#7406,3.75);
#7406 = AXIS2_PLACEMENT_3D('',#7407,#7408,#7409);
#7407 = CARTESIAN_POINT('',(2.3,8.499999980547,7.999999960281));
#7408 = DIRECTION('',(-1.,0.,0.));
#7409 = DIRECTION('',(0.,-1.,0.));
#7410 = PLANE('',#7411);
#7411 = AXIS2_PLACEMENT_3D('',#7412,#7413,#7414);
#7412 = CARTESIAN_POINT('',(2.3,14.311355730476,7.999999995141));
#7413 = DIRECTION('',(-1.,-0.,-0.));
#7414 = DIRECTION('',(0.,0.,-1.));
#7415 = ADVANCED_FACE('',(#7416),#7434,.T.);
#7416 = FACE_BOUND('',#7417,.T.);
#7417 = EDGE_LOOP('',(#7418,#7426,#7432,#7433));
#7418 = ORIENTED_EDGE('',*,*,#7419,.F.);
#7419 = EDGE_CURVE('',#7420,#1833,#7422,.T.);
#7420 = VERTEX_POINT('',#7421);
#7421 = CARTESIAN_POINT('',(2.275376844406,14.31286907196,
    11.249999960281));
#7422 = LINE('',#7423,#7424);
#7423 = CARTESIAN_POINT('',(2.275376844406,14.31286907196,10.5));
#7424 = VECTOR('',#7425,1.);
#7425 = DIRECTION('',(0.,0.,1.));
#7426 = ORIENTED_EDGE('',*,*,#7427,.T.);
#7427 = EDGE_CURVE('',#7420,#7379,#7428,.T.);
#7428 = LINE('',#7429,#7430);
#7429 = CARTESIAN_POINT('',(2.293844211102,14.07821726799,
    11.249999960281));
#7430 = VECTOR('',#7431,1.);
#7431 = DIRECTION('',(7.845854350215E-02,-0.996917377194,0.));
#7432 = ORIENTED_EDGE('',*,*,#7378,.F.);
#7433 = ORIENTED_EDGE('',*,*,#1840,.F.);
#7434 = PLANE('',#7435);
#7435 = AXIS2_PLACEMENT_3D('',#7436,#7437,#7438);
#7436 = CARTESIAN_POINT('',(2.287688422203,14.15643453598,13.25));
#7437 = DIRECTION('',(-0.996917377194,-7.845854350215E-02,-0.));
#7438 = DIRECTION('',(7.845854350215E-02,-0.996917377194,0.));
#7439 = ADVANCED_FACE('',(#7440),#7458,.T.);
#7440 = FACE_BOUND('',#7441,.T.);
#7441 = EDGE_LOOP('',(#7442,#7450,#7456,#7457));
#7442 = ORIENTED_EDGE('',*,*,#7443,.F.);
#7443 = EDGE_CURVE('',#7444,#1825,#7446,.T.);
#7444 = VERTEX_POINT('',#7445);
#7445 = CARTESIAN_POINT('',(2.202113199234,14.618033409119,
    11.249999960281));
#7446 = LINE('',#7447,#7448);
#7447 = CARTESIAN_POINT('',(2.202113199234,14.618033409119,10.5));
#7448 = VECTOR('',#7449,1.);
#7449 = DIRECTION('',(0.,0.,1.));
#7450 = ORIENTED_EDGE('',*,*,#7451,.T.);
#7451 = EDGE_CURVE('',#7444,#7420,#7452,.T.);
#7452 = LINE('',#7453,#7454);
#7453 = CARTESIAN_POINT('',(2.293241846791,14.238456154089,
    11.249999960281));
#7454 = VECTOR('',#7455,1.);
#7455 = DIRECTION('',(0.233445875393,-0.972369797588,0.));
#7456 = ORIENTED_EDGE('',*,*,#7419,.T.);
#7457 = ORIENTED_EDGE('',*,*,#1832,.F.);
#7458 = PLANE('',#7459);
#7459 = AXIS2_PLACEMENT_3D('',#7460,#7461,#7462);
#7460 = CARTESIAN_POINT('',(2.23874502182,14.46545124054,13.25));
#7461 = DIRECTION('',(-0.972369797588,-0.233445875393,-0.));
#7462 = DIRECTION('',(0.233445875393,-0.972369797588,0.));
#7463 = ADVANCED_FACE('',(#7464),#7482,.T.);
#7464 = FACE_BOUND('',#7465,.T.);
#7465 = EDGE_LOOP('',(#7466,#7474,#7480,#7481));
#7466 = ORIENTED_EDGE('',*,*,#7467,.F.);
#7467 = EDGE_CURVE('',#7468,#1817,#7470,.T.);
#7468 = VERTEX_POINT('',#7469);
#7469 = CARTESIAN_POINT('',(2.082013177872,14.907980918884,
    11.249999960281));
#7470 = LINE('',#7471,#7472);
#7471 = CARTESIAN_POINT('',(2.082013177872,14.907980918884,10.5));
#7472 = VECTOR('',#7473,1.);
#7473 = DIRECTION('',(0.,0.,1.));
#7474 = ORIENTED_EDGE('',*,*,#7475,.T.);
#7475 = EDGE_CURVE('',#7468,#7444,#7476,.T.);
#7476 = LINE('',#7477,#7478);
#7477 = CARTESIAN_POINT('',(2.288509566236,14.409453833687,
    11.249999960281));
#7478 = VECTOR('',#7479,1.);
#7479 = DIRECTION('',(0.38268297121,-0.923879723528,0.));
#7480 = ORIENTED_EDGE('',*,*,#7443,.T.);
#7481 = ORIENTED_EDGE('',*,*,#1824,.F.);
#7482 = PLANE('',#7483);
#7483 = AXIS2_PLACEMENT_3D('',#7484,#7485,#7486);
#7484 = CARTESIAN_POINT('',(2.142063188553,14.763007164001,13.25));
#7485 = DIRECTION('',(-0.923879723528,-0.38268297121,-0.));
#7486 = DIRECTION('',(0.38268297121,-0.923879723528,0.));
#7487 = ADVANCED_FACE('',(#7488),#7506,.T.);
#7488 = FACE_BOUND('',#7489,.T.);
#7489 = EDGE_LOOP('',(#7490,#7498,#7504,#7505));
#7490 = ORIENTED_EDGE('',*,*,#7491,.F.);
#7491 = EDGE_CURVE('',#7492,#1809,#7494,.T.);
#7492 = VERTEX_POINT('',#7493);
#7493 = CARTESIAN_POINT('',(1.918034124374,15.175570487976,
    11.249999960281));
#7494 = LINE('',#7495,#7496);
#7495 = CARTESIAN_POINT('',(1.918034124374,15.175570487976,10.5));
#7496 = VECTOR('',#7497,1.);
#7497 = DIRECTION('',(0.,0.,1.));
#7498 = ORIENTED_EDGE('',*,*,#7499,.T.);
#7499 = EDGE_CURVE('',#7492,#7468,#7500,.T.);
#7500 = LINE('',#7501,#7502);
#7501 = CARTESIAN_POINT('',(2.273028326741,14.596272439748,
    11.249999960281));
#7502 = VECTOR('',#7503,1.);
#7503 = DIRECTION('',(0.522498459686,-0.852640228716,0.));
#7504 = ORIENTED_EDGE('',*,*,#7467,.T.);
#7505 = ORIENTED_EDGE('',*,*,#1816,.F.);
#7506 = PLANE('',#7507);
#7507 = AXIS2_PLACEMENT_3D('',#7508,#7509,#7510);
#7508 = CARTESIAN_POINT('',(2.000023651123,15.04177570343,13.25));
#7509 = DIRECTION('',(-0.852640228716,-0.522498459686,-0.));
#7510 = DIRECTION('',(0.522498459686,-0.852640228716,0.));
#7511 = ADVANCED_FACE('',(#7512),#7530,.T.);
#7512 = FACE_BOUND('',#7513,.T.);
#7513 = EDGE_LOOP('',(#7514,#7522,#7528,#7529));
#7514 = ORIENTED_EDGE('',*,*,#7515,.F.);
#7515 = EDGE_CURVE('',#7516,#1801,#7518,.T.);
#7516 = VERTEX_POINT('',#7517);
#7517 = CARTESIAN_POINT('',(1.714213657379,15.414214134216,
    11.249999960281));
#7518 = LINE('',#7519,#7520);
#7519 = CARTESIAN_POINT('',(1.714213657379,15.414214134216,10.5));
#7520 = VECTOR('',#7521,1.);
#7521 = DIRECTION('',(0.,0.,1.));
#7522 = ORIENTED_EDGE('',*,*,#7523,.T.);
#7523 = EDGE_CURVE('',#7516,#7492,#7524,.T.);
#7524 = LINE('',#7525,#7526);
#7525 = CARTESIAN_POINT('',(2.237906321748,14.8010474156,11.249999960281
    ));
#7526 = VECTOR('',#7527,1.);
#7527 = DIRECTION('',(0.649447197195,-0.760406692537,0.));
#7528 = ORIENTED_EDGE('',*,*,#7491,.T.);
#7529 = ORIENTED_EDGE('',*,*,#1808,.F.);
#7530 = PLANE('',#7531);
#7531 = AXIS2_PLACEMENT_3D('',#7532,#7533,#7534);
#7532 = CARTESIAN_POINT('',(1.816123890877,15.294892311096,13.25));
#7533 = DIRECTION('',(-0.760406692537,-0.649447197195,-0.));
#7534 = DIRECTION('',(0.649447197195,-0.760406692537,0.));
#7535 = ADVANCED_FACE('',(#7536),#7554,.T.);
#7536 = FACE_BOUND('',#7537,.T.);
#7537 = EDGE_LOOP('',(#7538,#7546,#7552,#7553));
#7538 = ORIENTED_EDGE('',*,*,#7539,.F.);
#7539 = EDGE_CURVE('',#7540,#1793,#7542,.T.);
#7540 = VERTEX_POINT('',#7541);
#7541 = CARTESIAN_POINT('',(1.475570726395,15.618033409119,
    11.249999960281));
#7542 = LINE('',#7543,#7544);
#7543 = CARTESIAN_POINT('',(1.475570726395,15.618033409119,10.5));
#7544 = VECTOR('',#7545,1.);
#7545 = DIRECTION('',(0.,0.,1.));
#7546 = ORIENTED_EDGE('',*,*,#7547,.T.);
#7547 = EDGE_CURVE('',#7540,#7516,#7548,.T.);
#7548 = LINE('',#7549,#7550);
#7549 = CARTESIAN_POINT('',(2.173109958036,15.022281673157,
    11.249999960281));
#7550 = VECTOR('',#7551,1.);
#7551 = DIRECTION('',(0.760407607111,-0.649446126362,0.));
#7552 = ORIENTED_EDGE('',*,*,#7515,.T.);
#7553 = ORIENTED_EDGE('',*,*,#1800,.F.);
#7554 = PLANE('',#7555);
#7555 = AXIS2_PLACEMENT_3D('',#7556,#7557,#7558);
#7556 = CARTESIAN_POINT('',(1.594892191887,15.516123771667,13.25));
#7557 = DIRECTION('',(-0.649446126362,-0.760407607111,-0.));
#7558 = DIRECTION('',(-0.760407607111,0.649446126362,0.));
#7559 = ADVANCED_FACE('',(#7560),#7578,.T.);
#7560 = FACE_BOUND('',#7561,.T.);
#7561 = EDGE_LOOP('',(#7562,#7570,#7576,#7577));
#7562 = ORIENTED_EDGE('',*,*,#7563,.F.);
#7563 = EDGE_CURVE('',#7564,#1785,#7566,.T.);
#7564 = VERTEX_POINT('',#7565);
#7565 = CARTESIAN_POINT('',(1.207981157303,15.782013893127,
    11.249999960281));
#7566 = LINE('',#7567,#7568);
#7567 = CARTESIAN_POINT('',(1.207981157303,15.782013893127,10.5));
#7568 = VECTOR('',#7569,1.);
#7569 = DIRECTION('',(0.,0.,1.));
#7570 = ORIENTED_EDGE('',*,*,#7571,.T.);
#7571 = EDGE_CURVE('',#7564,#7540,#7572,.T.);
#7572 = LINE('',#7573,#7574);
#7573 = CARTESIAN_POINT('',(2.068770997961,15.25451674449,
    11.249999960281));
#7574 = VECTOR('',#7575,1.);
#7575 = DIRECTION('',(0.852638198047,-0.522501773424,0.));
#7576 = ORIENTED_EDGE('',*,*,#7539,.T.);
#7577 = ORIENTED_EDGE('',*,*,#1792,.F.);
#7578 = PLANE('',#7579);
#7579 = AXIS2_PLACEMENT_3D('',#7580,#7581,#7582);
#7580 = CARTESIAN_POINT('',(1.341775941849,15.700023651123,13.25));
#7581 = DIRECTION('',(-0.522501773424,-0.852638198047,-0.));
#7582 = DIRECTION('',(-0.852638198047,0.522501773424,0.));
#7583 = ADVANCED_FACE('',(#7584),#7602,.T.);
#7584 = FACE_BOUND('',#7585,.T.);
#7585 = EDGE_LOOP('',(#7586,#7594,#7600,#7601));
#7586 = ORIENTED_EDGE('',*,*,#7587,.F.);
#7587 = EDGE_CURVE('',#7588,#1777,#7590,.T.);
#7588 = VERTEX_POINT('',#7589);
#7589 = CARTESIAN_POINT('',(0.918034124374,15.902112960815,
    11.249999960281));
#7590 = LINE('',#7591,#7592);
#7591 = CARTESIAN_POINT('',(0.918034124374,15.902112960815,10.5));
#7592 = VECTOR('',#7593,1.);
#7593 = DIRECTION('',(0.,0.,1.));
#7594 = ORIENTED_EDGE('',*,*,#7595,.T.);
#7595 = EDGE_CURVE('',#7588,#7564,#7596,.T.);
#7596 = LINE('',#7597,#7598);
#7597 = CARTESIAN_POINT('',(1.916560454147,15.488513000656,
    11.249999960281));
#7598 = VECTOR('',#7599,1.);
#7599 = DIRECTION('',(0.923880575383,-0.382680914641,0.));
#7600 = ORIENTED_EDGE('',*,*,#7563,.T.);
#7601 = ORIENTED_EDGE('',*,*,#1784,.F.);
#7602 = PLANE('',#7603);
#7603 = AXIS2_PLACEMENT_3D('',#7604,#7605,#7606);
#7604 = CARTESIAN_POINT('',(1.063007640839,15.842063426971,13.25));
#7605 = DIRECTION('',(-0.382680914641,-0.923880575383,-0.));
#7606 = DIRECTION('',(-0.923880575383,0.382680914641,0.));
#7607 = ADVANCED_FACE('',(#7608),#7626,.T.);
#7608 = FACE_BOUND('',#7609,.T.);
#7609 = EDGE_LOOP('',(#7610,#7618,#7624,#7625));
#7610 = ORIENTED_EDGE('',*,*,#7611,.F.);
#7611 = EDGE_CURVE('',#7612,#1769,#7614,.T.);
#7612 = VERTEX_POINT('',#7613);
#7613 = CARTESIAN_POINT('',(0.61286907196,15.97537612915,11.249999960281
    ));
#7614 = LINE('',#7615,#7616);
#7615 = CARTESIAN_POINT('',(0.61286907196,15.97537612915,10.5));
#7616 = VECTOR('',#7617,1.);
#7617 = DIRECTION('',(0.,0.,1.));
#7618 = ORIENTED_EDGE('',*,*,#7619,.T.);
#7619 = EDGE_CURVE('',#7612,#7588,#7620,.T.);
#7620 = LINE('',#7621,#7622);
#7621 = CARTESIAN_POINT('',(1.710953994762,15.711750986268,
    11.249999960281));
#7622 = VECTOR('',#7623,1.);
#7623 = DIRECTION('',(0.972370266682,-0.233443921472,0.));
#7624 = ORIENTED_EDGE('',*,*,#7587,.T.);
#7625 = ORIENTED_EDGE('',*,*,#1776,.F.);
#7626 = PLANE('',#7627);
#7627 = AXIS2_PLACEMENT_3D('',#7628,#7629,#7630);
#7628 = CARTESIAN_POINT('',(0.765451598167,15.938744544983,13.25));
#7629 = DIRECTION('',(-0.233443921472,-0.972370266682,-0.));
#7630 = DIRECTION('',(-0.972370266682,0.233443921472,0.));
#7631 = ADVANCED_FACE('',(#7632),#7650,.T.);
#7632 = FACE_BOUND('',#7633,.T.);
#7633 = EDGE_LOOP('',(#7634,#7635,#7643,#7649));
#7634 = ORIENTED_EDGE('',*,*,#1768,.F.);
#7635 = ORIENTED_EDGE('',*,*,#7636,.T.);
#7636 = EDGE_CURVE('',#1761,#7637,#7639,.T.);
#7637 = VERTEX_POINT('',#7638);
#7638 = CARTESIAN_POINT('',(0.3,16.,11.249999960281));
#7639 = LINE('',#7640,#7641);
#7640 = CARTESIAN_POINT('',(0.3,16.,16.));
#7641 = VECTOR('',#7642,1.);
#7642 = DIRECTION('',(0.,0.,-1.));
#7643 = ORIENTED_EDGE('',*,*,#7644,.T.);
#7644 = EDGE_CURVE('',#7637,#7612,#7645,.T.);
#7645 = LINE('',#7646,#7647);
#7646 = CARTESIAN_POINT('',(1.450280098992,15.909469004332,
    11.249999960281));
#7647 = VECTOR('',#7648,1.);
#7648 = DIRECTION('',(0.99691719893,-7.84608085433E-02,0.));
#7649 = ORIENTED_EDGE('',*,*,#7611,.T.);
#7650 = PLANE('',#7651);
#7651 = AXIS2_PLACEMENT_3D('',#7652,#7653,#7654);
#7652 = CARTESIAN_POINT('',(0.45643453598,15.987688064575,13.25));
#7653 = DIRECTION('',(-7.84608085433E-02,-0.99691719893,-0.));
#7654 = DIRECTION('',(-0.99691719893,7.84608085433E-02,0.));
#7655 = ADVANCED_FACE('',(#7656),#7674,.T.);
#7656 = FACE_BOUND('',#7657,.T.);
#7657 = EDGE_LOOP('',(#7658,#7666,#7672,#7673));
#7658 = ORIENTED_EDGE('',*,*,#7659,.F.);
#7659 = EDGE_CURVE('',#7660,#1753,#7662,.T.);
#7660 = VERTEX_POINT('',#7661);
#7661 = CARTESIAN_POINT('',(-1.286859512329E-02,16.02462387085,
    11.249999960281));
#7662 = LINE('',#7663,#7664);
#7663 = CARTESIAN_POINT('',(-1.286859512329E-02,16.02462387085,10.5));
#7664 = VECTOR('',#7665,1.);
#7665 = DIRECTION('',(0.,0.,1.));
#7666 = ORIENTED_EDGE('',*,*,#7667,.T.);
#7667 = EDGE_CURVE('',#7660,#7637,#7668,.T.);
#7668 = LINE('',#7669,#7670);
#7669 = CARTESIAN_POINT('',(1.293845781316,15.921780803363,
    11.249999960281));
#7670 = VECTOR('',#7671,1.);
#7671 = DIRECTION('',(0.996917189577,-7.84609273878E-02,0.));
#7672 = ORIENTED_EDGE('',*,*,#7636,.F.);
#7673 = ORIENTED_EDGE('',*,*,#1760,.F.);
#7674 = PLANE('',#7675);
#7675 = AXIS2_PLACEMENT_3D('',#7676,#7677,#7678);
#7676 = CARTESIAN_POINT('',(0.143565702438,16.012311935425,13.25));
#7677 = DIRECTION('',(-7.84609273878E-02,-0.996917189577,-0.));
#7678 = DIRECTION('',(-0.996917189577,7.84609273878E-02,0.));
#7679 = ADVANCED_FACE('',(#7680),#7698,.T.);
#7680 = FACE_BOUND('',#7681,.T.);
#7681 = EDGE_LOOP('',(#7682,#7690,#7696,#7697));
#7682 = ORIENTED_EDGE('',*,*,#7683,.F.);
#7683 = EDGE_CURVE('',#7684,#1745,#7686,.T.);
#7684 = VERTEX_POINT('',#7685);
#7685 = CARTESIAN_POINT('',(-0.318033766747,16.097887039185,
    11.249999960281));
#7686 = LINE('',#7687,#7688);
#7687 = CARTESIAN_POINT('',(-0.318033766747,16.097887039185,10.5));
#7688 = VECTOR('',#7689,1.);
#7689 = DIRECTION('',(0.,0.,1.));
#7690 = ORIENTED_EDGE('',*,*,#7691,.T.);
#7691 = EDGE_CURVE('',#7684,#7660,#7692,.T.);
#7692 = LINE('',#7693,#7694);
#7693 = CARTESIAN_POINT('',(1.234041920831,15.725269214671,
    11.249999960281));
#7694 = VECTOR('',#7695,1.);
#7695 = DIRECTION('',(0.972370287382,-0.23344383525,0.));
#7696 = ORIENTED_EDGE('',*,*,#7659,.T.);
#7697 = ORIENTED_EDGE('',*,*,#1752,.F.);
#7698 = PLANE('',#7699);
#7699 = AXIS2_PLACEMENT_3D('',#7700,#7701,#7702);
#7700 = CARTESIAN_POINT('',(-0.165451180935,16.061255455017,13.25));
#7701 = DIRECTION('',(-0.23344383525,-0.972370287382,-0.));
#7702 = DIRECTION('',(-0.972370287382,0.23344383525,0.));
#7703 = ADVANCED_FACE('',(#7704),#7722,.T.);
#7704 = FACE_BOUND('',#7705,.T.);
#7705 = EDGE_LOOP('',(#7706,#7714,#7720,#7721));
#7706 = ORIENTED_EDGE('',*,*,#7707,.F.);
#7707 = EDGE_CURVE('',#7708,#1737,#7710,.T.);
#7708 = VERTEX_POINT('',#7709);
#7709 = CARTESIAN_POINT('',(-0.607980799675,16.217987060547,
    11.249999960281));
#7710 = LINE('',#7711,#7712);
#7711 = CARTESIAN_POINT('',(-0.607980799675,16.217987060547,10.5));
#7712 = VECTOR('',#7713,1.);
#7713 = DIRECTION('',(0.,0.,1.));
#7714 = ORIENTED_EDGE('',*,*,#7715,.T.);
#7715 = EDGE_CURVE('',#7708,#7684,#7716,.T.);
#7716 = LINE('',#7717,#7718);
#7717 = CARTESIAN_POINT('',(1.097652796928,15.511490327956,
    11.249999960281));
#7718 = VECTOR('',#7719,1.);
#7719 = DIRECTION('',(0.92387950102,-0.382683508391,0.));
#7720 = ORIENTED_EDGE('',*,*,#7683,.T.);
#7721 = ORIENTED_EDGE('',*,*,#1744,.F.);
#7722 = PLANE('',#7723);
#7723 = AXIS2_PLACEMENT_3D('',#7724,#7725,#7726);
#7724 = CARTESIAN_POINT('',(-0.463007283211,16.157937049866,13.25));
#7725 = DIRECTION('',(-0.382683508391,-0.92387950102,-0.));
#7726 = DIRECTION('',(-0.92387950102,0.382683508391,0.));
#7727 = ADVANCED_FACE('',(#7728),#7746,.T.);
#7728 = FACE_BOUND('',#7729,.T.);
#7729 = EDGE_LOOP('',(#7730,#7738,#7744,#7745));
#7730 = ORIENTED_EDGE('',*,*,#7731,.F.);
#7731 = EDGE_CURVE('',#7732,#1729,#7734,.T.);
#7732 = VERTEX_POINT('',#7733);
#7733 = CARTESIAN_POINT('',(-0.875570189953,16.381965637207,
    11.249999960281));
#7734 = LINE('',#7735,#7736);
#7735 = CARTESIAN_POINT('',(-0.875570189953,16.381965637207,10.5));
#7736 = VECTOR('',#7737,1.);
#7737 = DIRECTION('',(0.,0.,1.));
#7738 = ORIENTED_EDGE('',*,*,#7739,.T.);
#7739 = EDGE_CURVE('',#7732,#7708,#7740,.T.);
#7740 = LINE('',#7741,#7742);
#7741 = CARTESIAN_POINT('',(0.876227090022,15.308465584499,
    11.249999960281));
#7742 = VECTOR('',#7743,1.);
#7743 = DIRECTION('',(0.852640750056,-0.522497608935,0.));
#7744 = ORIENTED_EDGE('',*,*,#7707,.T.);
#7745 = ORIENTED_EDGE('',*,*,#1736,.F.);
#7746 = PLANE('',#7747);
#7747 = AXIS2_PLACEMENT_3D('',#7748,#7749,#7750);
#7748 = CARTESIAN_POINT('',(-0.741775494814,16.299976348877,13.25));
#7749 = DIRECTION('',(-0.522497608935,-0.852640750056,-0.));
#7750 = DIRECTION('',(-0.852640750056,0.522497608935,0.));
#7751 = ADVANCED_FACE('',(#7752),#7770,.T.);
#7752 = FACE_BOUND('',#7753,.T.);
#7753 = EDGE_LOOP('',(#7754,#7762,#7768,#7769));
#7754 = ORIENTED_EDGE('',*,*,#7755,.F.);
#7755 = EDGE_CURVE('',#7756,#1721,#7758,.T.);
#7756 = VERTEX_POINT('',#7757);
#7757 = CARTESIAN_POINT('',(-1.114213478565,16.585786819458,
    11.249999960281));
#7758 = LINE('',#7759,#7760);
#7759 = CARTESIAN_POINT('',(-1.114213478565,16.585786819458,10.5));
#7760 = VECTOR('',#7761,1.);
#7761 = DIRECTION('',(0.,0.,1.));
#7762 = ORIENTED_EDGE('',*,*,#7763,.T.);
#7763 = EDGE_CURVE('',#7756,#7732,#7764,.T.);
#7764 = LINE('',#7765,#7766);
#7765 = CARTESIAN_POINT('',(0.571011742429,15.146464561961,
    11.249999960281));
#7766 = VECTOR('',#7767,1.);
#7767 = DIRECTION('',(0.760405086397,-0.649449077744,0.));
#7768 = ORIENTED_EDGE('',*,*,#7731,.T.);
#7769 = ORIENTED_EDGE('',*,*,#1728,.F.);
#7770 = PLANE('',#7771);
#7771 = AXIS2_PLACEMENT_3D('',#7772,#7773,#7774);
#7772 = CARTESIAN_POINT('',(-0.994891834259,16.483876228333,13.25));
#7773 = DIRECTION('',(-0.649449077744,-0.760405086397,-0.));
#7774 = DIRECTION('',(-0.760405086397,0.649449077744,0.));
#7775 = ADVANCED_FACE('',(#7776),#7794,.T.);
#7776 = FACE_BOUND('',#7777,.T.);
#7777 = EDGE_LOOP('',(#7778,#7786,#7792,#7793));
#7778 = ORIENTED_EDGE('',*,*,#7779,.F.);
#7779 = EDGE_CURVE('',#7780,#1713,#7782,.T.);
#7780 = VERTEX_POINT('',#7781);
#7781 = CARTESIAN_POINT('',(-1.318033885956,16.824430465698,
    11.249999960281));
#7782 = LINE('',#7783,#7784);
#7783 = CARTESIAN_POINT('',(-1.318033885956,16.824430465698,10.5));
#7784 = VECTOR('',#7785,1.);
#7785 = DIRECTION('',(0.,0.,1.));
#7786 = ORIENTED_EDGE('',*,*,#7787,.T.);
#7787 = EDGE_CURVE('',#7780,#7756,#7788,.T.);
#7788 = LINE('',#7789,#7790);
#7789 = CARTESIAN_POINT('',(0.193345111312,15.054828494157,
    11.249999960281));
#7790 = VECTOR('',#7791,1.);
#7791 = DIRECTION('',(0.649447087379,-0.760406786329,0.));
#7792 = ORIENTED_EDGE('',*,*,#7755,.T.);
#7793 = ORIENTED_EDGE('',*,*,#1720,.F.);
#7794 = PLANE('',#7795);
#7795 = AXIS2_PLACEMENT_3D('',#7796,#7797,#7798);
#7796 = CARTESIAN_POINT('',(-1.216123682261,16.705108642578,13.25));
#7797 = DIRECTION('',(-0.760406786329,-0.649447087379,-0.));
#7798 = DIRECTION('',(0.649447087379,-0.760406786329,0.));
#7799 = ADVANCED_FACE('',(#7800),#7818,.T.);
#7800 = FACE_BOUND('',#7801,.T.);
#7801 = EDGE_LOOP('',(#7802,#7810,#7816,#7817));
#7802 = ORIENTED_EDGE('',*,*,#7803,.F.);
#7803 = EDGE_CURVE('',#7804,#1705,#7806,.T.);
#7804 = VERTEX_POINT('',#7805);
#7805 = CARTESIAN_POINT('',(-1.48201277554,17.09202003479,
    11.249999960281));
#7806 = LINE('',#7807,#7808);
#7807 = CARTESIAN_POINT('',(-1.48201277554,17.09202003479,10.5));
#7808 = VECTOR('',#7809,1.);
#7809 = DIRECTION('',(0.,0.,1.));
#7810 = ORIENTED_EDGE('',*,*,#7811,.T.);
#7811 = EDGE_CURVE('',#7804,#7780,#7812,.T.);
#7812 = LINE('',#7813,#7814);
#7813 = CARTESIAN_POINT('',(-0.236013177669,15.058730894171,
    11.249999960281));
#7814 = VECTOR('',#7815,1.);
#7815 = DIRECTION('',(0.522498079986,-0.852640461397,0.));
#7816 = ORIENTED_EDGE('',*,*,#7779,.T.);
#7817 = ORIENTED_EDGE('',*,*,#1712,.F.);
#7818 = PLANE('',#7819);
#7819 = AXIS2_PLACEMENT_3D('',#7820,#7821,#7822);
#7820 = CARTESIAN_POINT('',(-1.400023330748,16.958225250244,13.25));
#7821 = DIRECTION('',(-0.852640461397,-0.522498079986,-0.));
#7822 = DIRECTION('',(0.522498079986,-0.852640461397,0.));
#7823 = ADVANCED_FACE('',(#7824),#7842,.T.);
#7824 = FACE_BOUND('',#7825,.T.);
#7825 = EDGE_LOOP('',(#7826,#7834,#7840,#7841));
#7826 = ORIENTED_EDGE('',*,*,#7827,.F.);
#7827 = EDGE_CURVE('',#7828,#1697,#7830,.T.);
#7828 = VERTEX_POINT('',#7829);
#7829 = CARTESIAN_POINT('',(-1.602112871408,17.381965637207,
    11.249999960281));
#7830 = LINE('',#7831,#7832);
#7831 = CARTESIAN_POINT('',(-1.602112871408,17.381965637207,10.5));
#7832 = VECTOR('',#7833,1.);
#7833 = DIRECTION('',(0.,0.,1.));
#7834 = ORIENTED_EDGE('',*,*,#7835,.T.);
#7835 = EDGE_CURVE('',#7828,#7804,#7836,.T.);
#7836 = LINE('',#7837,#7838);
#7837 = CARTESIAN_POINT('',(-0.688504269744,15.176332124026,
    11.249999960281));
#7838 = VECTOR('',#7839,1.);
#7839 = DIRECTION('',(0.382685322582,-0.923878749556,0.));
#7840 = ORIENTED_EDGE('',*,*,#7803,.T.);
#7841 = ORIENTED_EDGE('',*,*,#1704,.F.);
#7842 = PLANE('',#7843);
#7843 = AXIS2_PLACEMENT_3D('',#7844,#7845,#7846);
#7844 = CARTESIAN_POINT('',(-1.542062823474,17.236992835999,13.25));
#7845 = DIRECTION('',(-0.923878749556,-0.382685322582,-0.));
#7846 = DIRECTION('',(0.382685322582,-0.923878749556,0.));
#7847 = ADVANCED_FACE('',(#7848),#7866,.T.);
#7848 = FACE_BOUND('',#7849,.T.);
#7849 = EDGE_LOOP('',(#7850,#7858,#7864,#7865));
#7850 = ORIENTED_EDGE('',*,*,#7851,.F.);
#7851 = EDGE_CURVE('',#7852,#1689,#7854,.T.);
#7852 = VERTEX_POINT('',#7853);
#7853 = CARTESIAN_POINT('',(-1.675376296788,17.687129974365,
    11.249999960281));
#7854 = LINE('',#7855,#7856);
#7855 = CARTESIAN_POINT('',(-1.675376296788,17.687129974365,10.5));
#7856 = VECTOR('',#7857,1.);
#7857 = DIRECTION('',(0.,0.,1.));
#7858 = ORIENTED_EDGE('',*,*,#7859,.T.);
#7859 = EDGE_CURVE('',#7852,#7828,#7860,.T.);
#7860 = LINE('',#7861,#7862);
#7861 = CARTESIAN_POINT('',(-1.130257819736,15.416546557611,
    11.249999960281));
#7862 = VECTOR('',#7863,1.);
#7863 = DIRECTION('',(0.233445213218,-0.972369956563,0.));
#7864 = ORIENTED_EDGE('',*,*,#7827,.T.);
#7865 = ORIENTED_EDGE('',*,*,#1696,.F.);
#7866 = PLANE('',#7867);
#7867 = AXIS2_PLACEMENT_3D('',#7868,#7869,#7870);
#7868 = CARTESIAN_POINT('',(-1.638744584098,17.534547805786,13.25));
#7869 = DIRECTION('',(-0.972369956563,-0.233445213218,-0.));
#7870 = DIRECTION('',(0.233445213218,-0.972369956563,0.));
#7871 = ADVANCED_FACE('',(#7872),#7890,.T.);
#7872 = FACE_BOUND('',#7873,.T.);
#7873 = EDGE_LOOP('',(#7874,#7882,#7888,#7889));
#7874 = ORIENTED_EDGE('',*,*,#7875,.F.);
#7875 = EDGE_CURVE('',#7876,#1681,#7878,.T.);
#7876 = VERTEX_POINT('',#7877);
#7877 = CARTESIAN_POINT('',(-1.7,18.,11.249999960281));
#7878 = LINE('',#7879,#7880);
#7879 = CARTESIAN_POINT('',(-1.7,18.,10.5));
#7880 = VECTOR('',#7881,1.);
#7881 = DIRECTION('',(0.,0.,1.));
#7882 = ORIENTED_EDGE('',*,*,#7883,.T.);
#7883 = EDGE_CURVE('',#7876,#7852,#7884,.T.);
#7884 = LINE('',#7885,#7886);
#7885 = CARTESIAN_POINT('',(-1.52509578237,15.777658113264,
    11.249999960281));
#7886 = VECTOR('',#7887,1.);
#7887 = DIRECTION('',(7.846003998807E-02,-0.996917259418,0.));
#7888 = ORIENTED_EDGE('',*,*,#7851,.T.);
#7889 = ORIENTED_EDGE('',*,*,#1688,.F.);
#7890 = PLANE('',#7891);
#7891 = AXIS2_PLACEMENT_3D('',#7892,#7893,#7894);
#7892 = CARTESIAN_POINT('',(-1.687688148394,17.843564987183,13.25));
#7893 = DIRECTION('',(-0.996917259418,-7.846003998807E-02,-0.));
#7894 = DIRECTION('',(7.846003998807E-02,-0.996917259418,0.));
#7895 = ADVANCED_FACE('',(#7896),#7914,.T.);
#7896 = FACE_BOUND('',#7897,.T.);
#7897 = EDGE_LOOP('',(#7898,#7906,#7907,#7908));
#7898 = ORIENTED_EDGE('',*,*,#7899,.T.);
#7899 = EDGE_CURVE('',#7900,#7876,#7902,.T.);
#7900 = VERTEX_POINT('',#7901);
#7901 = CARTESIAN_POINT('',(-1.7,20.5,11.249999960281));
#7902 = LINE('',#7903,#7904);
#7903 = CARTESIAN_POINT('',(-1.7,16.625,11.249999960281));
#7904 = VECTOR('',#7905,1.);
#7905 = DIRECTION('',(0.,-1.,0.));
#7906 = ORIENTED_EDGE('',*,*,#7875,.T.);
#7907 = ORIENTED_EDGE('',*,*,#1680,.F.);
#7908 = ORIENTED_EDGE('',*,*,#7909,.T.);
#7909 = EDGE_CURVE('',#1673,#7900,#7910,.T.);
#7910 = LINE('',#7911,#7912);
#7911 = CARTESIAN_POINT('',(-1.7,20.5,16.));
#7912 = VECTOR('',#7913,1.);
#7913 = DIRECTION('',(0.,0.,-1.));
#7914 = PLANE('',#7915);
#7915 = AXIS2_PLACEMENT_3D('',#7916,#7917,#7918);
#7916 = CARTESIAN_POINT('',(-1.7,19.25,13.25));
#7917 = DIRECTION('',(-1.,-0.,-0.));
#7918 = DIRECTION('',(0.,0.,-1.));
#7919 = ADVANCED_FACE('',(#7920),#7938,.T.);
#7920 = FACE_BOUND('',#7921,.T.);
#7921 = EDGE_LOOP('',(#7922,#7923,#7924,#7932));
#7922 = ORIENTED_EDGE('',*,*,#7909,.F.);
#7923 = ORIENTED_EDGE('',*,*,#1672,.F.);
#7924 = ORIENTED_EDGE('',*,*,#7925,.T.);
#7925 = EDGE_CURVE('',#1665,#7926,#7928,.T.);
#7926 = VERTEX_POINT('',#7927);
#7927 = CARTESIAN_POINT('',(-1.675376296788,20.812870025635,
    11.249999960281));
#7928 = LINE('',#7929,#7930);
#7929 = CARTESIAN_POINT('',(-1.675376296788,20.812870025635,16.));
#7930 = VECTOR('',#7931,1.);
#7931 = DIRECTION('',(0.,0.,-1.));
#7932 = ORIENTED_EDGE('',*,*,#7933,.T.);
#7933 = EDGE_CURVE('',#7926,#7900,#7934,.T.);
#7934 = LINE('',#7935,#7936);
#7935 = CARTESIAN_POINT('',(-1.935741164573,17.50466077058,
    11.249999960281));
#7936 = VECTOR('',#7937,1.);
#7937 = DIRECTION('',(-7.846003998807E-02,-0.996917259418,-0.));
#7938 = PLANE('',#7939);
#7939 = AXIS2_PLACEMENT_3D('',#7940,#7941,#7942);
#7940 = CARTESIAN_POINT('',(-1.687688148394,20.656435012817,13.25));
#7941 = DIRECTION('',(-0.996917259418,7.846003998807E-02,0.));
#7942 = DIRECTION('',(-7.846003998807E-02,-0.996917259418,0.));
#7943 = ADVANCED_FACE('',(#7944),#7962,.T.);
#7944 = FACE_BOUND('',#7945,.T.);
#7945 = EDGE_LOOP('',(#7946,#7947,#7948,#7956));
#7946 = ORIENTED_EDGE('',*,*,#7925,.F.);
#7947 = ORIENTED_EDGE('',*,*,#1664,.F.);
#7948 = ORIENTED_EDGE('',*,*,#7949,.T.);
#7949 = EDGE_CURVE('',#1657,#7950,#7952,.T.);
#7950 = VERTEX_POINT('',#7951);
#7951 = CARTESIAN_POINT('',(-1.602112871408,21.118034362793,
    11.249999960281));
#7952 = LINE('',#7953,#7954);
#7953 = CARTESIAN_POINT('',(-1.602112871408,21.118034362793,16.));
#7954 = VECTOR('',#7955,1.);
#7955 = DIRECTION('',(0.,0.,-1.));
#7956 = ORIENTED_EDGE('',*,*,#7957,.T.);
#7957 = EDGE_CURVE('',#7950,#7926,#7958,.T.);
#7958 = LINE('',#7959,#7960);
#7959 = CARTESIAN_POINT('',(-2.321982156877,18.119560947155,
    11.249999960281));
#7960 = VECTOR('',#7961,1.);
#7961 = DIRECTION('',(-0.233445213218,-0.972369956563,-0.));
#7962 = PLANE('',#7963);
#7963 = AXIS2_PLACEMENT_3D('',#7964,#7965,#7966);
#7964 = CARTESIAN_POINT('',(-1.638744584098,20.965452194214,13.25));
#7965 = DIRECTION('',(-0.972369956563,0.233445213218,0.));
#7966 = DIRECTION('',(-0.233445213218,-0.972369956563,0.));
#7967 = ADVANCED_FACE('',(#7968),#7986,.T.);
#7968 = FACE_BOUND('',#7969,.T.);
#7969 = EDGE_LOOP('',(#7970,#7971,#7972,#7980));
#7970 = ORIENTED_EDGE('',*,*,#7949,.F.);
#7971 = ORIENTED_EDGE('',*,*,#1656,.F.);
#7972 = ORIENTED_EDGE('',*,*,#7973,.T.);
#7973 = EDGE_CURVE('',#1649,#7974,#7976,.T.);
#7974 = VERTEX_POINT('',#7975);
#7975 = CARTESIAN_POINT('',(-1.48201277554,21.40797996521,
    11.249999960281));
#7976 = LINE('',#7977,#7978);
#7977 = CARTESIAN_POINT('',(-1.48201277554,21.40797996521,16.));
#7978 = VECTOR('',#7979,1.);
#7979 = DIRECTION('',(0.,0.,-1.));
#7980 = ORIENTED_EDGE('',*,*,#7981,.T.);
#7981 = EDGE_CURVE('',#7974,#7950,#7982,.T.);
#7982 = LINE('',#7983,#7984);
#7983 = CARTESIAN_POINT('',(-2.54466716557,18.842520170601,
    11.249999960281));
#7984 = VECTOR('',#7985,1.);
#7985 = DIRECTION('',(-0.382685322582,-0.923878749556,-0.));
#7986 = PLANE('',#7987);
#7987 = AXIS2_PLACEMENT_3D('',#7988,#7989,#7990);
#7988 = CARTESIAN_POINT('',(-1.542062823474,21.263007164001,13.25));
#7989 = DIRECTION('',(-0.923878749556,0.382685322582,0.));
#7990 = DIRECTION('',(-0.382685322582,-0.923878749556,0.));
#7991 = ADVANCED_FACE('',(#7992),#8010,.T.);
#7992 = FACE_BOUND('',#7993,.T.);
#7993 = EDGE_LOOP('',(#7994,#7995,#7996,#8004));
#7994 = ORIENTED_EDGE('',*,*,#7973,.F.);
#7995 = ORIENTED_EDGE('',*,*,#1648,.F.);
#7996 = ORIENTED_EDGE('',*,*,#7997,.T.);
#7997 = EDGE_CURVE('',#1641,#7998,#8000,.T.);
#7998 = VERTEX_POINT('',#7999);
#7999 = CARTESIAN_POINT('',(-1.318033885956,21.675569534302,
    11.249999960281));
#8000 = LINE('',#8001,#8002);
#8001 = CARTESIAN_POINT('',(-1.318033885956,21.675569534302,16.));
#8002 = VECTOR('',#8003,1.);
#8003 = DIRECTION('',(0.,0.,-1.));
#8004 = ORIENTED_EDGE('',*,*,#8005,.T.);
#8005 = EDGE_CURVE('',#7998,#7974,#8006,.T.);
#8006 = LINE('',#8007,#8008);
#8007 = CARTESIAN_POINT('',(-2.574903948659,19.624541384671,
    11.249999960281));
#8008 = VECTOR('',#8009,1.);
#8009 = DIRECTION('',(-0.522498079986,-0.852640461397,-0.));
#8010 = PLANE('',#8011);
#8011 = AXIS2_PLACEMENT_3D('',#8012,#8013,#8014);
#8012 = CARTESIAN_POINT('',(-1.400023330748,21.541774749756,13.25));
#8013 = DIRECTION('',(-0.852640461397,0.522498079986,0.));
#8014 = DIRECTION('',(-0.522498079986,-0.852640461397,0.));
#8015 = ADVANCED_FACE('',(#8016),#8034,.T.);
#8016 = FACE_BOUND('',#8017,.T.);
#8017 = EDGE_LOOP('',(#8018,#8019,#8020,#8028));
#8018 = ORIENTED_EDGE('',*,*,#7997,.F.);
#8019 = ORIENTED_EDGE('',*,*,#1640,.F.);
#8020 = ORIENTED_EDGE('',*,*,#8021,.T.);
#8021 = EDGE_CURVE('',#1633,#8022,#8024,.T.);
#8022 = VERTEX_POINT('',#8023);
#8023 = CARTESIAN_POINT('',(-1.114213478565,21.914213180542,
    11.249999960281));
#8024 = LINE('',#8025,#8026);
#8025 = CARTESIAN_POINT('',(-1.114213478565,21.914213180542,16.));
#8026 = VECTOR('',#8027,1.);
#8027 = DIRECTION('',(0.,0.,-1.));
#8028 = ORIENTED_EDGE('',*,*,#8029,.T.);
#8029 = EDGE_CURVE('',#8022,#7998,#8030,.T.);
#8030 = LINE('',#8031,#8032);
#8031 = CARTESIAN_POINT('',(-2.399335744862,20.409524482193,
    11.249999960281));
#8032 = VECTOR('',#8033,1.);
#8033 = DIRECTION('',(-0.649447087379,-0.760406786329,-0.));
#8034 = PLANE('',#8035);
#8035 = AXIS2_PLACEMENT_3D('',#8036,#8037,#8038);
#8036 = CARTESIAN_POINT('',(-1.216123682261,21.794891357422,13.25));
#8037 = DIRECTION('',(-0.760406786329,0.649447087379,0.));
#8038 = DIRECTION('',(-0.649447087379,-0.760406786329,0.));
#8039 = ADVANCED_FACE('',(#8040),#8058,.T.);
#8040 = FACE_BOUND('',#8041,.T.);
#8041 = EDGE_LOOP('',(#8042,#8043,#8044,#8052));
#8042 = ORIENTED_EDGE('',*,*,#8021,.F.);
#8043 = ORIENTED_EDGE('',*,*,#1632,.F.);
#8044 = ORIENTED_EDGE('',*,*,#8045,.T.);
#8045 = EDGE_CURVE('',#1625,#8046,#8048,.T.);
#8046 = VERTEX_POINT('',#8047);
#8047 = CARTESIAN_POINT('',(-0.875570189953,22.118034362793,
    11.249999960281));
#8048 = LINE('',#8049,#8050);
#8049 = CARTESIAN_POINT('',(-0.875570189953,22.118034362793,16.));
#8050 = VECTOR('',#8051,1.);
#8051 = DIRECTION('',(0.,0.,-1.));
#8052 = ORIENTED_EDGE('',*,*,#8053,.T.);
#8053 = EDGE_CURVE('',#8046,#8022,#8054,.T.);
#8054 = LINE('',#8055,#8056);
#8055 = CARTESIAN_POINT('',(-2.021671263449,21.139168888983,
    11.249999960281));
#8056 = VECTOR('',#8057,1.);
#8057 = DIRECTION('',(-0.760405086397,-0.649449077744,-0.));
#8058 = PLANE('',#8059);
#8059 = AXIS2_PLACEMENT_3D('',#8060,#8061,#8062);
#8060 = CARTESIAN_POINT('',(-0.994891834259,22.016123771667,13.25));
#8061 = DIRECTION('',(-0.649449077744,0.760405086397,0.));
#8062 = DIRECTION('',(0.760405086397,0.649449077744,0.));
#8063 = ADVANCED_FACE('',(#8064),#8082,.T.);
#8064 = FACE_BOUND('',#8065,.T.);
#8065 = EDGE_LOOP('',(#8066,#8067,#8068,#8076));
#8066 = ORIENTED_EDGE('',*,*,#8045,.F.);
#8067 = ORIENTED_EDGE('',*,*,#1624,.F.);
#8068 = ORIENTED_EDGE('',*,*,#8069,.T.);
#8069 = EDGE_CURVE('',#1617,#8070,#8072,.T.);
#8070 = VERTEX_POINT('',#8071);
#8071 = CARTESIAN_POINT('',(-0.607980799675,22.282012939453,
    11.249999960281));
#8072 = LINE('',#8073,#8074);
#8073 = CARTESIAN_POINT('',(-0.607980799675,22.282012939453,16.));
#8074 = VECTOR('',#8075,1.);
#8075 = DIRECTION('',(0.,0.,-1.));
#8076 = ORIENTED_EDGE('',*,*,#8077,.T.);
#8077 = EDGE_CURVE('',#8070,#8046,#8078,.T.);
#8078 = LINE('',#8079,#8080);
#8079 = CARTESIAN_POINT('',(-1.462662364202,21.758264720949,
    11.249999960281));
#8080 = VECTOR('',#8081,1.);
#8081 = DIRECTION('',(-0.852640750056,-0.522497608935,-0.));
#8082 = PLANE('',#8083);
#8083 = AXIS2_PLACEMENT_3D('',#8084,#8085,#8086);
#8084 = CARTESIAN_POINT('',(-0.741775494814,22.200023651123,13.25));
#8085 = DIRECTION('',(-0.522497608935,0.852640750056,0.));
#8086 = DIRECTION('',(0.852640750056,0.522497608935,0.));
#8087 = ADVANCED_FACE('',(#8088),#8106,.T.);
#8088 = FACE_BOUND('',#8089,.T.);
#8089 = EDGE_LOOP('',(#8090,#8091,#8092,#8100));
#8090 = ORIENTED_EDGE('',*,*,#8069,.F.);
#8091 = ORIENTED_EDGE('',*,*,#1616,.F.);
#8092 = ORIENTED_EDGE('',*,*,#8093,.T.);
#8093 = EDGE_CURVE('',#1609,#8094,#8096,.T.);
#8094 = VERTEX_POINT('',#8095);
#8095 = CARTESIAN_POINT('',(-0.318033766747,22.402112960815,
    11.249999960281));
#8096 = LINE('',#8097,#8098);
#8097 = CARTESIAN_POINT('',(-0.318033766747,22.402112960815,16.));
#8098 = VECTOR('',#8099,1.);
#8099 = DIRECTION('',(0.,0.,-1.));
#8100 = ORIENTED_EDGE('',*,*,#8101,.T.);
#8101 = EDGE_CURVE('',#8094,#8070,#8102,.T.);
#8102 = LINE('',#8103,#8104);
#8103 = CARTESIAN_POINT('',(-0.758502809173,22.219664667172,
    11.249999960281));
#8104 = VECTOR('',#8105,1.);
#8105 = DIRECTION('',(-0.92387950102,-0.382683508391,-0.));
#8106 = PLANE('',#8107);
#8107 = AXIS2_PLACEMENT_3D('',#8108,#8109,#8110);
#8108 = CARTESIAN_POINT('',(-0.463007283211,22.342062950134,13.25));
#8109 = DIRECTION('',(-0.382683508391,0.92387950102,0.));
#8110 = DIRECTION('',(0.92387950102,0.382683508391,0.));
#8111 = ADVANCED_FACE('',(#8112),#8130,.T.);
#8112 = FACE_BOUND('',#8113,.T.);
#8113 = EDGE_LOOP('',(#8114,#8115,#8116,#8124));
#8114 = ORIENTED_EDGE('',*,*,#8093,.F.);
#8115 = ORIENTED_EDGE('',*,*,#1608,.F.);
#8116 = ORIENTED_EDGE('',*,*,#8117,.T.);
#8117 = EDGE_CURVE('',#1601,#8118,#8120,.T.);
#8118 = VERTEX_POINT('',#8119);
#8119 = CARTESIAN_POINT('',(-1.286859512329E-02,22.47537612915,
    11.249999960281));
#8120 = LINE('',#8121,#8122);
#8121 = CARTESIAN_POINT('',(-1.286859512329E-02,22.47537612915,16.));
#8122 = VECTOR('',#8123,1.);
#8123 = DIRECTION('',(0.,0.,-1.));
#8124 = ORIENTED_EDGE('',*,*,#8125,.T.);
#8125 = EDGE_CURVE('',#8118,#8094,#8126,.T.);
#8126 = LINE('',#8127,#8128);
#8127 = CARTESIAN_POINT('',(4.232421269068E-02,22.488626658194,
    11.249999960281));
#8128 = VECTOR('',#8129,1.);
#8129 = DIRECTION('',(-0.972370287382,-0.23344383525,-0.));
#8130 = PLANE('',#8131);
#8131 = AXIS2_PLACEMENT_3D('',#8132,#8133,#8134);
#8132 = CARTESIAN_POINT('',(-0.165451180935,22.438744544983,13.25));
#8133 = DIRECTION('',(-0.23344383525,0.972370287382,0.));
#8134 = DIRECTION('',(0.972370287382,0.23344383525,0.));
#8135 = ADVANCED_FACE('',(#8136),#8154,.T.);
#8136 = FACE_BOUND('',#8137,.T.);
#8137 = EDGE_LOOP('',(#8138,#8139,#8140,#8148));
#8138 = ORIENTED_EDGE('',*,*,#8117,.F.);
#8139 = ORIENTED_EDGE('',*,*,#1600,.F.);
#8140 = ORIENTED_EDGE('',*,*,#8141,.F.);
#8141 = EDGE_CURVE('',#8142,#1593,#8144,.T.);
#8142 = VERTEX_POINT('',#8143);
#8143 = CARTESIAN_POINT('',(0.3,22.5,11.249999960281));
#8144 = LINE('',#8145,#8146);
#8145 = CARTESIAN_POINT('',(0.3,22.5,10.5));
#8146 = VECTOR('',#8147,1.);
#8147 = DIRECTION('',(0.,0.,1.));
#8148 = ORIENTED_EDGE('',*,*,#8149,.T.);
#8149 = EDGE_CURVE('',#8142,#8118,#8150,.T.);
#8150 = LINE('',#8151,#8152);
#8151 = CARTESIAN_POINT('',(0.883195783395,22.545899581723,
    11.249999960281));
#8152 = VECTOR('',#8153,1.);
#8153 = DIRECTION('',(-0.996917189577,-7.84609273878E-02,-0.));
#8154 = PLANE('',#8155);
#8155 = AXIS2_PLACEMENT_3D('',#8156,#8157,#8158);
#8156 = CARTESIAN_POINT('',(0.143565702438,22.487688064575,13.25));
#8157 = DIRECTION('',(-7.84609273878E-02,0.996917189577,0.));
#8158 = DIRECTION('',(0.996917189577,7.84609273878E-02,0.));
#8159 = ADVANCED_FACE('',(#8160),#8178,.T.);
#8160 = FACE_BOUND('',#8161,.T.);
#8161 = EDGE_LOOP('',(#8162,#8170,#8171,#8172));
#8162 = ORIENTED_EDGE('',*,*,#8163,.T.);
#8163 = EDGE_CURVE('',#8164,#8142,#8166,.T.);
#8164 = VERTEX_POINT('',#8165);
#8165 = CARTESIAN_POINT('',(0.61286907196,22.52462387085,11.249999960281
    ));
#8166 = LINE('',#8167,#8168);
#8167 = CARTESIAN_POINT('',(1.039630719228,22.558211478663,
    11.249999960281));
#8168 = VECTOR('',#8169,1.);
#8169 = DIRECTION('',(-0.99691719893,-7.84608085433E-02,-0.));
#8170 = ORIENTED_EDGE('',*,*,#8141,.T.);
#8171 = ORIENTED_EDGE('',*,*,#1592,.F.);
#8172 = ORIENTED_EDGE('',*,*,#8173,.T.);
#8173 = EDGE_CURVE('',#1585,#8164,#8174,.T.);
#8174 = LINE('',#8175,#8176);
#8175 = CARTESIAN_POINT('',(0.61286907196,22.52462387085,16.));
#8176 = VECTOR('',#8177,1.);
#8177 = DIRECTION('',(0.,0.,-1.));
#8178 = PLANE('',#8179);
#8179 = AXIS2_PLACEMENT_3D('',#8180,#8181,#8182);
#8180 = CARTESIAN_POINT('',(0.45643453598,22.512311935425,13.25));
#8181 = DIRECTION('',(-7.84608085433E-02,0.99691719893,0.));
#8182 = DIRECTION('',(0.99691719893,7.84608085433E-02,0.));
#8183 = ADVANCED_FACE('',(#8184),#8202,.T.);
#8184 = FACE_BOUND('',#8185,.T.);
#8185 = EDGE_LOOP('',(#8186,#8187,#8188,#8196));
#8186 = ORIENTED_EDGE('',*,*,#8173,.F.);
#8187 = ORIENTED_EDGE('',*,*,#1584,.F.);
#8188 = ORIENTED_EDGE('',*,*,#8189,.T.);
#8189 = EDGE_CURVE('',#1577,#8190,#8192,.T.);
#8190 = VERTEX_POINT('',#8191);
#8191 = CARTESIAN_POINT('',(0.918034124374,22.597887039185,
    11.249999960281));
#8192 = LINE('',#8193,#8194);
#8193 = CARTESIAN_POINT('',(0.918034124374,22.597887039185,16.));
#8194 = VECTOR('',#8195,1.);
#8195 = DIRECTION('',(0.,0.,-1.));
#8196 = ORIENTED_EDGE('',*,*,#8197,.T.);
#8197 = EDGE_CURVE('',#8190,#8164,#8198,.T.);
#8198 = LINE('',#8199,#8200);
#8199 = CARTESIAN_POINT('',(0.51923587183,22.502144675252,
    11.249999960281));
#8200 = VECTOR('',#8201,1.);
#8201 = DIRECTION('',(-0.972370266682,-0.233443921472,-0.));
#8202 = PLANE('',#8203);
#8203 = AXIS2_PLACEMENT_3D('',#8204,#8205,#8206);
#8204 = CARTESIAN_POINT('',(0.765451598167,22.561255455017,13.25));
#8205 = DIRECTION('',(-0.233443921472,0.972370266682,0.));
#8206 = DIRECTION('',(0.972370266682,0.233443921472,0.));
#8207 = ADVANCED_FACE('',(#8208),#8226,.T.);
#8208 = FACE_BOUND('',#8209,.T.);
#8209 = EDGE_LOOP('',(#8210,#8211,#8212,#8220));
#8210 = ORIENTED_EDGE('',*,*,#8189,.F.);
#8211 = ORIENTED_EDGE('',*,*,#1576,.F.);
#8212 = ORIENTED_EDGE('',*,*,#8213,.T.);
#8213 = EDGE_CURVE('',#1569,#8214,#8216,.T.);
#8214 = VERTEX_POINT('',#8215);
#8215 = CARTESIAN_POINT('',(1.207981157303,22.717987060547,
    11.249999960281));
#8216 = LINE('',#8217,#8218);
#8217 = CARTESIAN_POINT('',(1.207981157303,22.717987060547,16.));
#8218 = VECTOR('',#8219,1.);
#8219 = DIRECTION('',(0.,0.,-1.));
#8220 = ORIENTED_EDGE('',*,*,#8221,.T.);
#8221 = EDGE_CURVE('',#8214,#8190,#8222,.T.);
#8222 = LINE('',#8223,#8224);
#8223 = CARTESIAN_POINT('',(6.040536434427E-02,22.242645492616,
    11.249999960281));
#8224 = VECTOR('',#8225,1.);
#8225 = DIRECTION('',(-0.92387950102,-0.382683508391,-0.));
#8226 = PLANE('',#8227);
#8227 = AXIS2_PLACEMENT_3D('',#8228,#8229,#8230);
#8228 = CARTESIAN_POINT('',(1.063007640839,22.657937049866,13.25));
#8229 = DIRECTION('',(-0.382683508391,0.92387950102,0.));
#8230 = DIRECTION('',(0.92387950102,0.382683508391,0.));
#8231 = ADVANCED_FACE('',(#8232),#8250,.T.);
#8232 = FACE_BOUND('',#8233,.T.);
#8233 = EDGE_LOOP('',(#8234,#8235,#8236,#8244));
#8234 = ORIENTED_EDGE('',*,*,#8213,.F.);
#8235 = ORIENTED_EDGE('',*,*,#1568,.F.);
#8236 = ORIENTED_EDGE('',*,*,#8237,.T.);
#8237 = EDGE_CURVE('',#1561,#8238,#8240,.T.);
#8238 = VERTEX_POINT('',#8239);
#8239 = CARTESIAN_POINT('',(1.475570726395,22.881965637207,
    11.249999960281));
#8240 = LINE('',#8241,#8242);
#8241 = CARTESIAN_POINT('',(1.475570726395,22.881965637207,16.));
#8242 = VECTOR('',#8243,1.);
#8243 = DIRECTION('',(0.,0.,-1.));
#8244 = ORIENTED_EDGE('',*,*,#8245,.T.);
#8245 = EDGE_CURVE('',#8238,#8214,#8246,.T.);
#8246 = LINE('',#8247,#8248);
#8247 = CARTESIAN_POINT('',(-0.270117534256,21.812209901789,
    11.249999960281));
#8248 = VECTOR('',#8249,1.);
#8249 = DIRECTION('',(-0.852640905605,-0.522497355102,-0.));
#8250 = PLANE('',#8251);
#8251 = AXIS2_PLACEMENT_3D('',#8252,#8253,#8254);
#8252 = CARTESIAN_POINT('',(1.341775941849,22.799976348877,13.25));
#8253 = DIRECTION('',(-0.522497355102,0.852640905605,0.));
#8254 = DIRECTION('',(0.852640905605,0.522497355102,0.));
#8255 = ADVANCED_FACE('',(#8256),#8274,.T.);
#8256 = FACE_BOUND('',#8257,.T.);
#8257 = EDGE_LOOP('',(#8258,#8259,#8260,#8268));
#8258 = ORIENTED_EDGE('',*,*,#8237,.F.);
#8259 = ORIENTED_EDGE('',*,*,#1560,.F.);
#8260 = ORIENTED_EDGE('',*,*,#8261,.T.);
#8261 = EDGE_CURVE('',#1553,#8262,#8264,.T.);
#8262 = VERTEX_POINT('',#8263);
#8263 = CARTESIAN_POINT('',(1.714213657379,23.085786819458,
    11.249999960281));
#8264 = LINE('',#8265,#8266);
#8265 = CARTESIAN_POINT('',(1.714213657379,23.085786819458,16.));
#8266 = VECTOR('',#8267,1.);
#8267 = DIRECTION('',(0.,0.,-1.));
#8268 = ORIENTED_EDGE('',*,*,#8269,.T.);
#8269 = EDGE_CURVE('',#8262,#8238,#8270,.T.);
#8270 = LINE('',#8271,#8272);
#8271 = CARTESIAN_POINT('',(-0.419574716825,21.263351655301,
    11.249999960281));
#8272 = VECTOR('',#8273,1.);
#8273 = DIRECTION('',(-0.760404605759,-0.649449640496,-0.));
#8274 = PLANE('',#8275);
#8275 = AXIS2_PLACEMENT_3D('',#8276,#8277,#8278);
#8276 = CARTESIAN_POINT('',(1.594892191887,22.983876228333,13.25));
#8277 = DIRECTION('',(-0.649449640496,0.760404605759,0.));
#8278 = DIRECTION('',(0.760404605759,0.649449640496,0.));
#8279 = ADVANCED_FACE('',(#8280),#8298,.T.);
#8280 = FACE_BOUND('',#8281,.T.);
#8281 = EDGE_LOOP('',(#8282,#8283,#8284,#8292));
#8282 = ORIENTED_EDGE('',*,*,#8261,.F.);
#8283 = ORIENTED_EDGE('',*,*,#1552,.F.);
#8284 = ORIENTED_EDGE('',*,*,#8285,.T.);
#8285 = EDGE_CURVE('',#1545,#8286,#8288,.T.);
#8286 = VERTEX_POINT('',#8287);
#8287 = CARTESIAN_POINT('',(1.918034124374,23.324430465698,
    11.249999960281));
#8288 = LINE('',#8289,#8290);
#8289 = CARTESIAN_POINT('',(1.918034124374,23.324430465698,16.));
#8290 = VECTOR('',#8291,1.);
#8291 = DIRECTION('',(0.,0.,-1.));
#8292 = ORIENTED_EDGE('',*,*,#8293,.T.);
#8293 = EDGE_CURVE('',#8286,#8262,#8294,.T.);
#8294 = LINE('',#8295,#8296);
#8295 = CARTESIAN_POINT('',(-0.354774888518,20.663306987569,
    11.249999960281));
#8296 = VECTOR('',#8297,1.);
#8297 = DIRECTION('',(-0.649447197195,-0.760406692537,-0.));
#8298 = PLANE('',#8299);
#8299 = AXIS2_PLACEMENT_3D('',#8300,#8301,#8302);
#8300 = CARTESIAN_POINT('',(1.816123890877,23.205108642578,13.25));
#8301 = DIRECTION('',(-0.760406692537,0.649447197195,0.));
#8302 = DIRECTION('',(-0.649447197195,-0.760406692537,0.));
#8303 = ADVANCED_FACE('',(#8304),#8322,.T.);
#8304 = FACE_BOUND('',#8305,.T.);
#8305 = EDGE_LOOP('',(#8306,#8307,#8308,#8316));
#8306 = ORIENTED_EDGE('',*,*,#8285,.F.);
#8307 = ORIENTED_EDGE('',*,*,#1544,.F.);
#8308 = ORIENTED_EDGE('',*,*,#8309,.T.);
#8309 = EDGE_CURVE('',#1537,#8310,#8312,.T.);
#8310 = VERTEX_POINT('',#8311);
#8311 = CARTESIAN_POINT('',(2.082013177872,23.59202003479,
    11.249999960281));
#8312 = LINE('',#8313,#8314);
#8313 = CARTESIAN_POINT('',(2.082013177872,23.59202003479,16.));
#8314 = VECTOR('',#8315,1.);
#8315 = DIRECTION('',(0.,0.,-1.));
#8316 = ORIENTED_EDGE('',*,*,#8317,.T.);
#8317 = EDGE_CURVE('',#8310,#8286,#8318,.T.);
#8318 = LINE('',#8319,#8320);
#8319 = CARTESIAN_POINT('',(-6.586371808926E-02,20.087002529235,
    11.249999960281));
#8320 = VECTOR('',#8321,1.);
#8321 = DIRECTION('',(-0.522498459686,-0.852640228716,-0.));
#8322 = PLANE('',#8323);
#8323 = AXIS2_PLACEMENT_3D('',#8324,#8325,#8326);
#8324 = CARTESIAN_POINT('',(2.000023651123,23.458225250244,13.25));
#8325 = DIRECTION('',(-0.852640228716,0.522498459686,0.));
#8326 = DIRECTION('',(-0.522498459686,-0.852640228716,0.));
#8327 = ADVANCED_FACE('',(#8328),#8346,.T.);
#8328 = FACE_BOUND('',#8329,.T.);
#8329 = EDGE_LOOP('',(#8330,#8331,#8332,#8340));
#8330 = ORIENTED_EDGE('',*,*,#8309,.F.);
#8331 = ORIENTED_EDGE('',*,*,#1536,.F.);
#8332 = ORIENTED_EDGE('',*,*,#8333,.T.);
#8333 = EDGE_CURVE('',#1529,#8334,#8336,.T.);
#8334 = VERTEX_POINT('',#8335);
#8335 = CARTESIAN_POINT('',(2.202113199234,23.881965637207,
    11.249999960281));
#8336 = LINE('',#8337,#8338);
#8337 = CARTESIAN_POINT('',(2.202113199234,23.881965637207,16.));
#8338 = VECTOR('',#8339,1.);
#8339 = DIRECTION('',(0.,0.,-1.));
#8340 = ORIENTED_EDGE('',*,*,#8341,.T.);
#8341 = EDGE_CURVE('',#8334,#8310,#8342,.T.);
#8342 = LINE('',#8343,#8344);
#8343 = CARTESIAN_POINT('',(0.432348241917,19.609397149164,
    11.249999960281));
#8344 = VECTOR('',#8345,1.);
#8345 = DIRECTION('',(-0.382685119945,-0.923878833491,-0.));
#8346 = PLANE('',#8347);
#8347 = AXIS2_PLACEMENT_3D('',#8348,#8349,#8350);
#8348 = CARTESIAN_POINT('',(2.142063188553,23.736992835999,13.25));
#8349 = DIRECTION('',(-0.923878833491,0.382685119945,0.));
#8350 = DIRECTION('',(-0.382685119945,-0.923878833491,0.));
#8351 = ADVANCED_FACE('',(#8352),#8370,.T.);
#8352 = FACE_BOUND('',#8353,.T.);
#8353 = EDGE_LOOP('',(#8354,#8355,#8356,#8364));
#8354 = ORIENTED_EDGE('',*,*,#8333,.F.);
#8355 = ORIENTED_EDGE('',*,*,#1528,.F.);
#8356 = ORIENTED_EDGE('',*,*,#8357,.T.);
#8357 = EDGE_CURVE('',#1521,#8358,#8360,.T.);
#8358 = VERTEX_POINT('',#8359);
#8359 = CARTESIAN_POINT('',(2.275376844406,24.187129974365,
    11.249999960281));
#8360 = LINE('',#8361,#8362);
#8361 = CARTESIAN_POINT('',(2.275376844406,24.187129974365,16.));
#8362 = VECTOR('',#8363,1.);
#8363 = DIRECTION('',(0.,0.,-1.));
#8364 = ORIENTED_EDGE('',*,*,#8365,.T.);
#8365 = EDGE_CURVE('',#8358,#8334,#8366,.T.);
#8366 = LINE('',#8367,#8368);
#8367 = CARTESIAN_POINT('',(1.101514432362,19.297652470962,
    11.249999960281));
#8368 = VECTOR('',#8369,1.);
#8369 = DIRECTION('',(-0.233445875393,-0.972369797588,-0.));
#8370 = PLANE('',#8371);
#8371 = AXIS2_PLACEMENT_3D('',#8372,#8373,#8374);
#8372 = CARTESIAN_POINT('',(2.23874502182,24.034547805786,13.25));
#8373 = DIRECTION('',(-0.972369797588,0.233445875393,0.));
#8374 = DIRECTION('',(-0.233445875393,-0.972369797588,0.));
#8375 = ADVANCED_FACE('',(#8376),#8387,.T.);
#8376 = FACE_BOUND('',#8377,.T.);
#8377 = EDGE_LOOP('',(#8378,#8379,#8380,#8381));
#8378 = ORIENTED_EDGE('',*,*,#8357,.F.);
#8379 = ORIENTED_EDGE('',*,*,#1520,.F.);
#8380 = ORIENTED_EDGE('',*,*,#7394,.F.);
#8381 = ORIENTED_EDGE('',*,*,#8382,.T.);
#8382 = EDGE_CURVE('',#7387,#8358,#8383,.T.);
#8383 = LINE('',#8384,#8385);
#8384 = CARTESIAN_POINT('',(1.883207848991,19.204099948791,
    11.249999960281));
#8385 = VECTOR('',#8386,1.);
#8386 = DIRECTION('',(-7.845830582101E-02,-0.9969173959,-0.));
#8387 = PLANE('',#8388);
#8388 = AXIS2_PLACEMENT_3D('',#8389,#8390,#8391);
#8389 = CARTESIAN_POINT('',(2.287688422203,24.343564987183,13.25));
#8390 = DIRECTION('',(-0.9969173959,7.845830582101E-02,0.));
#8391 = DIRECTION('',(-7.845830582101E-02,-0.9969173959,0.));
#8392 = ADVANCED_FACE('',(#8393),#8411,.T.);
#8393 = FACE_BOUND('',#8394,.T.);
#8394 = EDGE_LOOP('',(#8395,#8403,#8409,#8410));
#8395 = ORIENTED_EDGE('',*,*,#8396,.F.);
#8396 = EDGE_CURVE('',#8397,#1497,#8399,.T.);
#8397 = VERTEX_POINT('',#8398);
#8398 = CARTESIAN_POINT('',(2.431034851074,26.328519821167,0.));
#8399 = LINE('',#8400,#8401);
#8400 = CARTESIAN_POINT('',(2.431034851074,26.328519821167,0.));
#8401 = VECTOR('',#8402,1.);
#8402 = DIRECTION('',(0.,0.,1.));
#8403 = ORIENTED_EDGE('',*,*,#8404,.F.);
#8404 = EDGE_CURVE('',#7171,#8397,#8405,.T.);
#8405 = LINE('',#8406,#8407);
#8406 = CARTESIAN_POINT('',(2.3,24.714975357056,0.));
#8407 = VECTOR('',#8408,1.);
#8408 = DIRECTION('',(8.094285288259E-02,0.996718743963,0.));
#8409 = ORIENTED_EDGE('',*,*,#7170,.F.);
#8410 = ORIENTED_EDGE('',*,*,#1504,.F.);
#8411 = PLANE('',#8412);
#8412 = AXIS2_PLACEMENT_3D('',#8413,#8414,#8415);
#8413 = CARTESIAN_POINT('',(2.365517425537,25.521747589111,8.));
#8414 = DIRECTION('',(-0.996718743963,8.094285288259E-02,0.));
#8415 = DIRECTION('',(-8.094285288259E-02,-0.996718743963,0.));
#8416 = ADVANCED_FACE('',(#8417),#8435,.T.);
#8417 = FACE_BOUND('',#8418,.T.);
#8418 = EDGE_LOOP('',(#8419,#8427,#8433,#8434));
#8419 = ORIENTED_EDGE('',*,*,#8420,.F.);
#8420 = EDGE_CURVE('',#8421,#1489,#8423,.T.);
#8421 = VERTEX_POINT('',#8422);
#8422 = CARTESIAN_POINT('',(2.820704746246,27.899778366089,0.));
#8423 = LINE('',#8424,#8425);
#8424 = CARTESIAN_POINT('',(2.820704746246,27.899778366089,0.));
#8425 = VECTOR('',#8426,1.);
#8426 = DIRECTION('',(0.,0.,1.));
#8427 = ORIENTED_EDGE('',*,*,#8428,.F.);
#8428 = EDGE_CURVE('',#8397,#8421,#8429,.T.);
#8429 = LINE('',#8430,#8431);
#8430 = CARTESIAN_POINT('',(2.431034851074,26.328519821167,0.));
#8431 = VECTOR('',#8432,1.);
#8432 = DIRECTION('',(0.24070689364,0.970597852539,0.));
#8433 = ORIENTED_EDGE('',*,*,#8396,.T.);
#8434 = ORIENTED_EDGE('',*,*,#1496,.F.);
#8435 = PLANE('',#8436);
#8436 = AXIS2_PLACEMENT_3D('',#8437,#8438,#8439);
#8437 = CARTESIAN_POINT('',(2.62586979866,27.114149093628,8.));
#8438 = DIRECTION('',(-0.970597852539,0.24070689364,0.));
#8439 = DIRECTION('',(-0.24070689364,-0.970597852539,0.));
#8440 = ADVANCED_FACE('',(#8441),#8459,.T.);
#8441 = FACE_BOUND('',#8442,.T.);
#8442 = EDGE_LOOP('',(#8443,#8451,#8457,#8458));
#8443 = ORIENTED_EDGE('',*,*,#8444,.F.);
#8444 = EDGE_CURVE('',#8445,#1481,#8447,.T.);
#8445 = VERTEX_POINT('',#8446);
#8446 = CARTESIAN_POINT('',(3.458798694611,29.387573242188,0.));
#8447 = LINE('',#8448,#8449);
#8448 = CARTESIAN_POINT('',(3.458798694611,29.387573242188,0.));
#8449 = VECTOR('',#8450,1.);
#8450 = DIRECTION('',(0.,0.,1.));
#8451 = ORIENTED_EDGE('',*,*,#8452,.F.);
#8452 = EDGE_CURVE('',#8421,#8445,#8453,.T.);
#8453 = LINE('',#8454,#8455);
#8454 = CARTESIAN_POINT('',(2.820704746246,27.899778366089,0.));
#8455 = VECTOR('',#8456,1.);
#8456 = DIRECTION('',(0.394163295452,0.919040421591,0.));
#8457 = ORIENTED_EDGE('',*,*,#8420,.T.);
#8458 = ORIENTED_EDGE('',*,*,#1488,.F.);
#8459 = PLANE('',#8460);
#8460 = AXIS2_PLACEMENT_3D('',#8461,#8462,#8463);
#8461 = CARTESIAN_POINT('',(3.139751720428,28.643675804138,8.));
#8462 = DIRECTION('',(-0.919040421591,0.394163295452,0.));
#8463 = DIRECTION('',(-0.394163295452,-0.919040421591,0.));
#8464 = ADVANCED_FACE('',(#8465),#8483,.T.);
#8465 = FACE_BOUND('',#8466,.T.);
#8466 = EDGE_LOOP('',(#8467,#8475,#8481,#8482));
#8467 = ORIENTED_EDGE('',*,*,#8468,.F.);
#8468 = EDGE_CURVE('',#8469,#1473,#8471,.T.);
#8469 = VERTEX_POINT('',#8470);
#8470 = CARTESIAN_POINT('',(4.328593540192,30.752912521362,0.));
#8471 = LINE('',#8472,#8473);
#8472 = CARTESIAN_POINT('',(4.328593540192,30.752912521362,0.));
#8473 = VECTOR('',#8474,1.);
#8474 = DIRECTION('',(0.,0.,1.));
#8475 = ORIENTED_EDGE('',*,*,#8476,.F.);
#8476 = EDGE_CURVE('',#8445,#8469,#8477,.T.);
#8477 = LINE('',#8478,#8479);
#8478 = CARTESIAN_POINT('',(3.458798694611,29.387573242188,0.));
#8479 = VECTOR('',#8480,1.);
#8480 = DIRECTION('',(0.537289851614,0.843397661458,0.));
#8481 = ORIENTED_EDGE('',*,*,#8444,.T.);
#8482 = ORIENTED_EDGE('',*,*,#1480,.F.);
#8483 = PLANE('',#8484);
#8484 = AXIS2_PLACEMENT_3D('',#8485,#8486,#8487);
#8485 = CARTESIAN_POINT('',(3.893696117401,30.070242881775,8.));
#8486 = DIRECTION('',(-0.843397661458,0.537289851614,0.));
#8487 = DIRECTION('',(-0.537289851614,-0.843397661458,0.));
#8488 = ADVANCED_FACE('',(#8489),#8507,.T.);
#8489 = FACE_BOUND('',#8490,.T.);
#8490 = EDGE_LOOP('',(#8491,#8499,#8505,#8506));
#8491 = ORIENTED_EDGE('',*,*,#8492,.F.);
#8492 = EDGE_CURVE('',#8493,#1465,#8495,.T.);
#8493 = VERTEX_POINT('',#8494);
#8494 = CARTESIAN_POINT('',(5.407294082642,31.960014343262,0.));
#8495 = LINE('',#8496,#8497);
#8496 = CARTESIAN_POINT('',(5.407294082642,31.960014343262,0.));
#8497 = VECTOR('',#8498,1.);
#8498 = DIRECTION('',(0.,0.,1.));
#8499 = ORIENTED_EDGE('',*,*,#8500,.F.);
#8500 = EDGE_CURVE('',#8469,#8493,#8501,.T.);
#8501 = LINE('',#8502,#8503);
#8502 = CARTESIAN_POINT('',(4.328593540192,30.752912521362,0.));
#8503 = VECTOR('',#8504,1.);
#8504 = DIRECTION('',(0.666335725933,0.745651862698,0.));
#8505 = ORIENTED_EDGE('',*,*,#8468,.T.);
#8506 = ORIENTED_EDGE('',*,*,#1472,.F.);
#8507 = PLANE('',#8508);
#8508 = AXIS2_PLACEMENT_3D('',#8509,#8510,#8511);
#8509 = CARTESIAN_POINT('',(4.867943811417,31.356463432312,8.));
#8510 = DIRECTION('',(-0.745651862698,0.666335725933,0.));
#8511 = DIRECTION('',(-0.666335725933,-0.745651862698,0.));
#8512 = ADVANCED_FACE('',(#8513),#8531,.T.);
#8513 = FACE_BOUND('',#8514,.T.);
#8514 = EDGE_LOOP('',(#8515,#8523,#8529,#8530));
#8515 = ORIENTED_EDGE('',*,*,#8516,.F.);
#8516 = EDGE_CURVE('',#8517,#1457,#8519,.T.);
#8517 = VERTEX_POINT('',#8518);
#8518 = CARTESIAN_POINT('',(6.666631507874,32.977249145508,0.));
#8519 = LINE('',#8520,#8521);
#8520 = CARTESIAN_POINT('',(6.666631507874,32.977249145508,0.));
#8521 = VECTOR('',#8522,1.);
#8522 = DIRECTION('',(0.,0.,1.));
#8523 = ORIENTED_EDGE('',*,*,#8524,.F.);
#8524 = EDGE_CURVE('',#8493,#8517,#8525,.T.);
#8525 = LINE('',#8526,#8527);
#8526 = CARTESIAN_POINT('',(5.407294082642,31.960014343262,0.));
#8527 = VECTOR('',#8528,1.);
#8528 = DIRECTION('',(0.777917733129,0.628366135691,0.));
#8529 = ORIENTED_EDGE('',*,*,#8492,.T.);
#8530 = ORIENTED_EDGE('',*,*,#1464,.F.);
#8531 = PLANE('',#8532);
#8532 = AXIS2_PLACEMENT_3D('',#8533,#8534,#8535);
#8533 = CARTESIAN_POINT('',(6.036962795258,32.468631744385,8.));
#8534 = DIRECTION('',(-0.628366135691,0.777917733129,0.));
#8535 = DIRECTION('',(0.777917733129,0.628366135691,0.));
#8536 = ADVANCED_FACE('',(#8537),#8555,.T.);
#8537 = FACE_BOUND('',#8538,.T.);
#8538 = EDGE_LOOP('',(#8539,#8547,#8553,#8554));
#8539 = ORIENTED_EDGE('',*,*,#8540,.T.);
#8540 = EDGE_CURVE('',#1449,#8541,#8543,.T.);
#8541 = VERTEX_POINT('',#8542);
#8542 = CARTESIAN_POINT('',(8.551334190369,34.262271881104,0.));
#8543 = LINE('',#8544,#8545);
#8544 = CARTESIAN_POINT('',(8.551334190369,34.262271881104,16.));
#8545 = VECTOR('',#8546,1.);
#8546 = DIRECTION('',(0.,0.,-1.));
#8547 = ORIENTED_EDGE('',*,*,#8548,.T.);
#8548 = EDGE_CURVE('',#8541,#8517,#8549,.T.);
#8549 = LINE('',#8550,#8551);
#8550 = CARTESIAN_POINT('',(8.551334190369,34.262271881104,0.));
#8551 = VECTOR('',#8552,1.);
#8552 = DIRECTION('',(-0.826227714301,-0.563336279784,0.));
#8553 = ORIENTED_EDGE('',*,*,#8516,.T.);
#8554 = ORIENTED_EDGE('',*,*,#1456,.T.);
#8555 = PLANE('',#8556);
#8556 = AXIS2_PLACEMENT_3D('',#8557,#8558,#8559);
#8557 = CARTESIAN_POINT('',(7.608982849121,33.619760513306,8.));
#8558 = DIRECTION('',(-0.563336279784,0.826227714301,0.));
#8559 = DIRECTION('',(0.826227714301,0.563336279784,0.));
#8560 = ADVANCED_FACE('',(#8561),#8572,.T.);
#8561 = FACE_BOUND('',#8562,.T.);
#8562 = EDGE_LOOP('',(#8563,#8564,#8570,#8571));
#8563 = ORIENTED_EDGE('',*,*,#6743,.F.);
#8564 = ORIENTED_EDGE('',*,*,#8565,.F.);
#8565 = EDGE_CURVE('',#8541,#6736,#8566,.T.);
#8566 = LINE('',#8567,#8568);
#8567 = CARTESIAN_POINT('',(8.551334190369,34.262271881104,0.));
#8568 = VECTOR('',#8569,1.);
#8569 = DIRECTION('',(0.855172489198,0.518343528675,0.));
#8570 = ORIENTED_EDGE('',*,*,#8540,.F.);
#8571 = ORIENTED_EDGE('',*,*,#1448,.F.);
#8572 = PLANE('',#8573);
#8573 = AXIS2_PLACEMENT_3D('',#8574,#8575,#8576);
#8574 = CARTESIAN_POINT('',(9.00868062973,34.539482116699,8.));
#8575 = DIRECTION('',(-0.518343528675,0.855172489198,0.));
#8576 = DIRECTION('',(0.855172489198,0.518343528675,0.));
#8577 = ADVANCED_FACE('',(#8578),#8596,.T.);
#8578 = FACE_BOUND('',#8579,.T.);
#8579 = EDGE_LOOP('',(#8580,#8588,#8594,#8595));
#8580 = ORIENTED_EDGE('',*,*,#8581,.F.);
#8581 = EDGE_CURVE('',#8582,#6702,#8584,.T.);
#8582 = VERTEX_POINT('',#8583);
#8583 = CARTESIAN_POINT('',(30.740674972534,33.366184234619,3.));
#8584 = LINE('',#8585,#8586);
#8585 = CARTESIAN_POINT('',(30.740674972534,33.366184234619,3.));
#8586 = VECTOR('',#8587,1.);
#8587 = DIRECTION('',(0.,0.,-1.));
#8588 = ORIENTED_EDGE('',*,*,#8589,.T.);
#8589 = EDGE_CURVE('',#8582,#2104,#8590,.T.);
#8590 = LINE('',#8591,#8592);
#8591 = CARTESIAN_POINT('',(30.740674972534,33.366184234619,3.));
#8592 = VECTOR('',#8593,1.);
#8593 = DIRECTION('',(-0.996649022179,8.179686173492E-02,0.));
#8594 = ORIENTED_EDGE('',*,*,#2101,.F.);
#8595 = ORIENTED_EDGE('',*,*,#6709,.T.);
#8596 = PLANE('',#8597);
#8597 = AXIS2_PLACEMENT_3D('',#8598,#8599,#8600);
#8598 = CARTESIAN_POINT('',(29.925439834595,33.43309211731,1.5));
#8599 = DIRECTION('',(-8.179686173492E-02,-0.996649022179,-0.));
#8600 = DIRECTION('',(-0.996649022179,8.179686173492E-02,0.));
#8601 = ADVANCED_FACE('',(#8602),#8636,.T.);
#8602 = FACE_BOUND('',#8603,.T.);
#8603 = EDGE_LOOP('',(#8604,#8612,#8620,#8628,#8634,#8635));
#8604 = ORIENTED_EDGE('',*,*,#8605,.F.);
#8605 = EDGE_CURVE('',#8606,#8582,#8608,.T.);
#8606 = VERTEX_POINT('',#8607);
#8607 = CARTESIAN_POINT('',(31.34991645813,33.245960235596,3.));
#8608 = LINE('',#8609,#8610);
#8609 = CARTESIAN_POINT('',(31.34991645813,33.245960235596,3.));
#8610 = VECTOR('',#8611,1.);
#8611 = DIRECTION('',(-0.981080461377,0.19360043467,0.));
#8612 = ORIENTED_EDGE('',*,*,#8613,.T.);
#8613 = EDGE_CURVE('',#8606,#8614,#8616,.T.);
#8614 = VERTEX_POINT('',#8615);
#8615 = CARTESIAN_POINT('',(31.34991645813,36.,3.));
#8616 = LINE('',#8617,#8618);
#8617 = CARTESIAN_POINT('',(31.34991645813,33.245960235596,3.));
#8618 = VECTOR('',#8619,1.);
#8619 = DIRECTION('',(0.,1.,0.));
#8620 = ORIENTED_EDGE('',*,*,#8621,.T.);
#8621 = EDGE_CURVE('',#8614,#8622,#8624,.T.);
#8622 = VERTEX_POINT('',#8623);
#8623 = CARTESIAN_POINT('',(26.34991645813,36.,3.));
#8624 = LINE('',#8625,#8626);
#8625 = CARTESIAN_POINT('',(31.34991645813,36.,3.));
#8626 = VECTOR('',#8627,1.);
#8627 = DIRECTION('',(-1.,0.,0.));
#8628 = ORIENTED_EDGE('',*,*,#8629,.F.);
#8629 = EDGE_CURVE('',#2112,#8622,#8630,.T.);
#8630 = LINE('',#8631,#8632);
#8631 = CARTESIAN_POINT('',(26.34991645813,33.5,3.));
#8632 = VECTOR('',#8633,1.);
#8633 = DIRECTION('',(0.,1.,0.));
#8634 = ORIENTED_EDGE('',*,*,#2111,.F.);
#8635 = ORIENTED_EDGE('',*,*,#8589,.F.);
#8636 = PLANE('',#8637);
#8637 = AXIS2_PLACEMENT_3D('',#8638,#8639,#8640);
#8638 = CARTESIAN_POINT('',(28.893579403485,34.710629222884,3.));
#8639 = DIRECTION('',(0.,0.,1.));
#8640 = DIRECTION('',(1.,0.,0.));
#8641 = ADVANCED_FACE('',(#8642),#8660,.T.);
#8642 = FACE_BOUND('',#8643,.T.);
#8643 = EDGE_LOOP('',(#8644,#8645,#8653,#8659));
#8644 = ORIENTED_EDGE('',*,*,#8629,.T.);
#8645 = ORIENTED_EDGE('',*,*,#8646,.T.);
#8646 = EDGE_CURVE('',#8622,#8647,#8649,.T.);
#8647 = VERTEX_POINT('',#8648);
#8648 = CARTESIAN_POINT('',(26.34991645813,36.,13.));
#8649 = LINE('',#8650,#8651);
#8650 = CARTESIAN_POINT('',(26.34991645813,36.,3.));
#8651 = VECTOR('',#8652,1.);
#8652 = DIRECTION('',(0.,0.,1.));
#8653 = ORIENTED_EDGE('',*,*,#8654,.T.);
#8654 = EDGE_CURVE('',#8647,#2120,#8655,.T.);
#8655 = LINE('',#8656,#8657);
#8656 = CARTESIAN_POINT('',(26.34991645813,36.,13.));
#8657 = VECTOR('',#8658,1.);
#8658 = DIRECTION('',(0.,-1.,0.));
#8659 = ORIENTED_EDGE('',*,*,#2119,.F.);
#8660 = PLANE('',#8661);
#8661 = AXIS2_PLACEMENT_3D('',#8662,#8663,#8664);
#8662 = CARTESIAN_POINT('',(26.34991645813,34.75,8.));
#8663 = DIRECTION('',(1.,0.,0.));
#8664 = DIRECTION('',(0.,0.,1.));
#8665 = ADVANCED_FACE('',(#8666),#8693,.T.);
#8666 = FACE_BOUND('',#8667,.T.);
#8667 = EDGE_LOOP('',(#8668,#8669,#8670,#8678,#8686,#8692));
#8668 = ORIENTED_EDGE('',*,*,#2127,.F.);
#8669 = ORIENTED_EDGE('',*,*,#8654,.F.);
#8670 = ORIENTED_EDGE('',*,*,#8671,.T.);
#8671 = EDGE_CURVE('',#8647,#8672,#8674,.T.);
#8672 = VERTEX_POINT('',#8673);
#8673 = CARTESIAN_POINT('',(31.34991645813,36.,13.));
#8674 = LINE('',#8675,#8676);
#8675 = CARTESIAN_POINT('',(26.34991645813,36.,13.));
#8676 = VECTOR('',#8677,1.);
#8677 = DIRECTION('',(1.,0.,0.));
#8678 = ORIENTED_EDGE('',*,*,#8679,.F.);
#8679 = EDGE_CURVE('',#8680,#8672,#8682,.T.);
#8680 = VERTEX_POINT('',#8681);
#8681 = CARTESIAN_POINT('',(31.34991645813,33.245960235596,13.));
#8682 = LINE('',#8683,#8684);
#8683 = CARTESIAN_POINT('',(31.34991645813,33.245960235596,13.));
#8684 = VECTOR('',#8685,1.);
#8685 = DIRECTION('',(0.,1.,0.));
#8686 = ORIENTED_EDGE('',*,*,#8687,.F.);
#8687 = EDGE_CURVE('',#2182,#8680,#8688,.T.);
#8688 = LINE('',#8689,#8690);
#8689 = CARTESIAN_POINT('',(30.740674972534,33.366184234619,13.));
#8690 = VECTOR('',#8691,1.);
#8691 = DIRECTION('',(0.981080461377,-0.19360043467,0.));
#8692 = ORIENTED_EDGE('',*,*,#2191,.F.);
#8693 = PLANE('',#8694);
#8694 = AXIS2_PLACEMENT_3D('',#8695,#8696,#8697);
#8695 = CARTESIAN_POINT('',(28.893579403485,34.710629222884,13.));
#8696 = DIRECTION('',(-0.,-0.,-1.));
#8697 = DIRECTION('',(-1.,0.,0.));
#8698 = ADVANCED_FACE('',(#8699),#8709,.T.);
#8699 = FACE_BOUND('',#8700,.T.);
#8700 = EDGE_LOOP('',(#8701,#8702,#8703));
#8701 = ORIENTED_EDGE('',*,*,#2229,.T.);
#8702 = ORIENTED_EDGE('',*,*,#8687,.T.);
#8703 = ORIENTED_EDGE('',*,*,#8704,.T.);
#8704 = EDGE_CURVE('',#8680,#123,#8705,.T.);
#8705 = LINE('',#8706,#8707);
#8706 = CARTESIAN_POINT('',(31.34991645813,33.245960235596,13.));
#8707 = VECTOR('',#8708,1.);
#8708 = DIRECTION('',(0.308635958388,-8.765678161187E-02,0.947132585137)
  );
#8709 = PLANE('',#8710);
#8710 = AXIS2_PLACEMENT_3D('',#8711,#8712,#8713);
#8711 = CARTESIAN_POINT('',(31.625872879198,33.152787533536,
    14.370725967546));
#8712 = DIRECTION('',(-0.193526142864,-0.980703983714,
    -2.770069234447E-02));
#8713 = DIRECTION('',(-0.981080461377,0.19360043467,5.77446789345E-19));
#8714 = ADVANCED_FACE('',(#8715),#8731,.T.);
#8715 = FACE_BOUND('',#8716,.T.);
#8716 = EDGE_LOOP('',(#8717,#8718,#8719,#8725));
#8717 = ORIENTED_EDGE('',*,*,#2278,.F.);
#8718 = ORIENTED_EDGE('',*,*,#8704,.F.);
#8719 = ORIENTED_EDGE('',*,*,#8720,.T.);
#8720 = EDGE_CURVE('',#8680,#8606,#8721,.T.);
#8721 = LINE('',#8722,#8723);
#8722 = CARTESIAN_POINT('',(31.34991645813,33.245960235596,13.));
#8723 = VECTOR('',#8724,1.);
#8724 = DIRECTION('',(0.,0.,-1.));
#8725 = ORIENTED_EDGE('',*,*,#8726,.F.);
#8726 = EDGE_CURVE('',#2279,#8606,#8727,.T.);
#8727 = LINE('',#8728,#8729);
#8728 = CARTESIAN_POINT('',(32.327507019043,32.968311309814,0.));
#8729 = VECTOR('',#8730,1.);
#8730 = DIRECTION('',(-0.308635958388,8.765678161187E-02,0.947132585137)
  );
#8731 = PLANE('',#8732);
#8732 = AXIS2_PLACEMENT_3D('',#8733,#8734,#8735);
#8733 = CARTESIAN_POINT('',(31.929411593714,33.081375788565,8.));
#8734 = DIRECTION('',(-0.273208194643,-0.961954927416,-0.));
#8735 = DIRECTION('',(-0.961954927416,0.273208194643,0.));
#8736 = ADVANCED_FACE('',(#8737),#8748,.T.);
#8737 = FACE_BOUND('',#8738,.T.);
#8738 = EDGE_LOOP('',(#8739,#8740,#8741,#8747));
#8739 = ORIENTED_EDGE('',*,*,#6688,.F.);
#8740 = ORIENTED_EDGE('',*,*,#3288,.F.);
#8741 = ORIENTED_EDGE('',*,*,#8742,.T.);
#8742 = EDGE_CURVE('',#3281,#2574,#8743,.T.);
#8743 = LINE('',#8744,#8745);
#8744 = CARTESIAN_POINT('',(39.799999237061,4.217827796936,
    6.155829876661E-02));
#8745 = VECTOR('',#8746,1.);
#8746 = DIRECTION('',(-1.,0.,0.));
#8747 = ORIENTED_EDGE('',*,*,#2573,.F.);
#8748 = PLANE('',#8749);
#8749 = AXIS2_PLACEMENT_3D('',#8750,#8751,#8752);
#8750 = CARTESIAN_POINT('',(38.550001144409,4.608913898468,
    3.077914938331E-02));
#8751 = DIRECTION('',(-0.,-7.845911011089E-02,-0.996917332601));
#8752 = DIRECTION('',(0.,-0.996917332601,7.845911011089E-02));
#8753 = ADVANCED_FACE('',(#8754),#8765,.T.);
#8754 = FACE_BOUND('',#8755,.T.);
#8755 = EDGE_LOOP('',(#8756,#8757,#8758,#8764));
#8756 = ORIENTED_EDGE('',*,*,#8742,.F.);
#8757 = ORIENTED_EDGE('',*,*,#3280,.F.);
#8758 = ORIENTED_EDGE('',*,*,#8759,.T.);
#8759 = EDGE_CURVE('',#3273,#2582,#8760,.T.);
#8760 = LINE('',#8761,#8762);
#8761 = CARTESIAN_POINT('',(39.799999237061,3.454915046692,
    0.244717404246));
#8762 = VECTOR('',#8763,1.);
#8763 = DIRECTION('',(-1.,0.,0.));
#8764 = ORIENTED_EDGE('',*,*,#2581,.F.);
#8765 = PLANE('',#8766);
#8766 = AXIS2_PLACEMENT_3D('',#8767,#8768,#8769);
#8767 = CARTESIAN_POINT('',(38.550001144409,3.836371421814,
    0.153137851506));
#8768 = DIRECTION('',(-0.,-0.233445314585,-0.972369932226));
#8769 = DIRECTION('',(0.,-0.972369932226,0.233445314585));
#8770 = ADVANCED_FACE('',(#8771),#8782,.T.);
#8771 = FACE_BOUND('',#8772,.T.);
#8772 = EDGE_LOOP('',(#8773,#8774,#8775,#8781));
#8773 = ORIENTED_EDGE('',*,*,#8759,.F.);
#8774 = ORIENTED_EDGE('',*,*,#3272,.F.);
#8775 = ORIENTED_EDGE('',*,*,#8776,.T.);
#8776 = EDGE_CURVE('',#3265,#2590,#8777,.T.);
#8777 = LINE('',#8778,#8779);
#8778 = CARTESIAN_POINT('',(39.799999237061,2.730047464371,
    0.544967353344));
#8779 = VECTOR('',#8780,1.);
#8780 = DIRECTION('',(-1.,0.,0.));
#8781 = ORIENTED_EDGE('',*,*,#2589,.F.);
#8782 = PLANE('',#8783);
#8783 = AXIS2_PLACEMENT_3D('',#8784,#8785,#8786);
#8784 = CARTESIAN_POINT('',(38.550001144409,3.092481255531,
    0.394842378795));
#8785 = DIRECTION('',(-0.,-0.382683394915,-0.923879548024));
#8786 = DIRECTION('',(0.,-0.923879548024,0.382683394915));
#8787 = ADVANCED_FACE('',(#8788),#8799,.T.);
#8788 = FACE_BOUND('',#8789,.T.);
#8789 = EDGE_LOOP('',(#8790,#8791,#8792,#8798));
#8790 = ORIENTED_EDGE('',*,*,#8776,.F.);
#8791 = ORIENTED_EDGE('',*,*,#3264,.F.);
#8792 = ORIENTED_EDGE('',*,*,#8793,.T.);
#8793 = EDGE_CURVE('',#3257,#2598,#8794,.T.);
#8794 = LINE('',#8795,#8796);
#8795 = CARTESIAN_POINT('',(39.799999237061,2.06107378006,0.954914987087
    ));
#8796 = VECTOR('',#8797,1.);
#8797 = DIRECTION('',(-1.,0.,0.));
#8798 = ORIENTED_EDGE('',*,*,#2597,.F.);
#8799 = PLANE('',#8800);
#8800 = AXIS2_PLACEMENT_3D('',#8801,#8802,#8803);
#8801 = CARTESIAN_POINT('',(38.550001144409,2.395560622215,
    0.749941170216));
#8802 = DIRECTION('',(-0.,-0.522498595064,-0.852640145757));
#8803 = DIRECTION('',(0.,-0.852640145757,0.522498595064));
#8804 = ADVANCED_FACE('',(#8805),#8816,.T.);
#8805 = FACE_BOUND('',#8806,.T.);
#8806 = EDGE_LOOP('',(#8807,#8808,#8809,#8815));
#8807 = ORIENTED_EDGE('',*,*,#8793,.F.);
#8808 = ORIENTED_EDGE('',*,*,#3256,.F.);
#8809 = ORIENTED_EDGE('',*,*,#8810,.T.);
#8810 = EDGE_CURVE('',#3249,#2606,#8811,.T.);
#8811 = LINE('',#8812,#8813);
#8812 = CARTESIAN_POINT('',(39.799999237061,1.464466094971,
    1.464466094971));
#8813 = VECTOR('',#8814,1.);
#8814 = DIRECTION('',(-1.,0.,0.));
#8815 = ORIENTED_EDGE('',*,*,#2605,.F.);
#8816 = PLANE('',#8817);
#8817 = AXIS2_PLACEMENT_3D('',#8818,#8819,#8820);
#8818 = CARTESIAN_POINT('',(38.550001144409,1.762769937515,
    1.209690541029));
#8819 = DIRECTION('',(-0.,-0.649448053673,-0.760405961037));
#8820 = DIRECTION('',(0.,-0.760405961037,0.649448053673));
#8821 = ADVANCED_FACE('',(#8822),#8833,.T.);
#8822 = FACE_BOUND('',#8823,.T.);
#8823 = EDGE_LOOP('',(#8824,#8825,#8826,#8832));
#8824 = ORIENTED_EDGE('',*,*,#8810,.F.);
#8825 = ORIENTED_EDGE('',*,*,#3248,.F.);
#8826 = ORIENTED_EDGE('',*,*,#8827,.T.);
#8827 = EDGE_CURVE('',#3241,#2614,#8828,.T.);
#8828 = LINE('',#8829,#8830);
#8829 = CARTESIAN_POINT('',(39.799999237061,0.954914987087,2.06107378006
    ));
#8830 = VECTOR('',#8831,1.);
#8831 = DIRECTION('',(-1.,0.,0.));
#8832 = ORIENTED_EDGE('',*,*,#2613,.F.);
#8833 = PLANE('',#8834);
#8834 = AXIS2_PLACEMENT_3D('',#8835,#8836,#8837);
#8835 = CARTESIAN_POINT('',(38.550001144409,1.209690541029,
    1.762769937515));
#8836 = DIRECTION('',(-0.,-0.760405961037,-0.649448053673));
#8837 = DIRECTION('',(0.,0.649448053673,-0.760405961037));
#8838 = ADVANCED_FACE('',(#8839),#8850,.T.);
#8839 = FACE_BOUND('',#8840,.T.);
#8840 = EDGE_LOOP('',(#8841,#8842,#8843,#8849));
#8841 = ORIENTED_EDGE('',*,*,#8827,.F.);
#8842 = ORIENTED_EDGE('',*,*,#3240,.F.);
#8843 = ORIENTED_EDGE('',*,*,#8844,.T.);
#8844 = EDGE_CURVE('',#3233,#2622,#8845,.T.);
#8845 = LINE('',#8846,#8847);
#8846 = CARTESIAN_POINT('',(39.799999237061,0.544967353344,
    2.730047464371));
#8847 = VECTOR('',#8848,1.);
#8848 = DIRECTION('',(-1.,0.,0.));
#8849 = ORIENTED_EDGE('',*,*,#2621,.F.);
#8850 = PLANE('',#8851);
#8851 = AXIS2_PLACEMENT_3D('',#8852,#8853,#8854);
#8852 = CARTESIAN_POINT('',(38.550001144409,0.749941170216,
    2.395560622215));
#8853 = DIRECTION('',(-0.,-0.852640145757,-0.522498595064));
#8854 = DIRECTION('',(0.,0.522498595064,-0.852640145757));
#8855 = ADVANCED_FACE('',(#8856),#8867,.T.);
#8856 = FACE_BOUND('',#8857,.T.);
#8857 = EDGE_LOOP('',(#8858,#8859,#8860,#8866));
#8858 = ORIENTED_EDGE('',*,*,#8844,.F.);
#8859 = ORIENTED_EDGE('',*,*,#3232,.F.);
#8860 = ORIENTED_EDGE('',*,*,#8861,.T.);
#8861 = EDGE_CURVE('',#3225,#2630,#8862,.T.);
#8862 = LINE('',#8863,#8864);
#8863 = CARTESIAN_POINT('',(39.799999237061,0.244717404246,
    3.454915046692));
#8864 = VECTOR('',#8865,1.);
#8865 = DIRECTION('',(-1.,0.,0.));
#8866 = ORIENTED_EDGE('',*,*,#2629,.F.);
#8867 = PLANE('',#8868);
#8868 = AXIS2_PLACEMENT_3D('',#8869,#8870,#8871);
#8869 = CARTESIAN_POINT('',(38.550001144409,0.394842378795,
    3.092481255531));
#8870 = DIRECTION('',(-0.,-0.923879548024,-0.382683394915));
#8871 = DIRECTION('',(0.,0.382683394915,-0.923879548024));
#8872 = ADVANCED_FACE('',(#8873),#8884,.T.);
#8873 = FACE_BOUND('',#8874,.T.);
#8874 = EDGE_LOOP('',(#8875,#8876,#8877,#8883));
#8875 = ORIENTED_EDGE('',*,*,#8861,.F.);
#8876 = ORIENTED_EDGE('',*,*,#3224,.F.);
#8877 = ORIENTED_EDGE('',*,*,#8878,.T.);
#8878 = EDGE_CURVE('',#3217,#2638,#8879,.T.);
#8879 = LINE('',#8880,#8881);
#8880 = CARTESIAN_POINT('',(39.799999237061,6.155829876661E-02,
    4.217827796936));
#8881 = VECTOR('',#8882,1.);
#8882 = DIRECTION('',(-1.,0.,0.));
#8883 = ORIENTED_EDGE('',*,*,#2637,.F.);
#8884 = PLANE('',#8885);
#8885 = AXIS2_PLACEMENT_3D('',#8886,#8887,#8888);
#8886 = CARTESIAN_POINT('',(38.550001144409,0.153137851506,
    3.836371421814));
#8887 = DIRECTION('',(-0.,-0.972369932226,-0.233445314585));
#8888 = DIRECTION('',(0.,0.233445314585,-0.972369932226));
#8889 = ADVANCED_FACE('',(#8890),#8901,.T.);
#8890 = FACE_BOUND('',#8891,.T.);
#8891 = EDGE_LOOP('',(#8892,#8893,#8894,#8900));
#8892 = ORIENTED_EDGE('',*,*,#8878,.F.);
#8893 = ORIENTED_EDGE('',*,*,#3216,.F.);
#8894 = ORIENTED_EDGE('',*,*,#8895,.F.);
#8895 = EDGE_CURVE('',#2646,#3209,#8896,.T.);
#8896 = LINE('',#8897,#8898);
#8897 = CARTESIAN_POINT('',(37.300003051758,0.,5.));
#8898 = VECTOR('',#8899,1.);
#8899 = DIRECTION('',(1.,1.224648668311E-16,0.));
#8900 = ORIENTED_EDGE('',*,*,#2645,.F.);
#8901 = PLANE('',#8902);
#8902 = AXIS2_PLACEMENT_3D('',#8903,#8904,#8905);
#8903 = CARTESIAN_POINT('',(38.550001144409,3.077914938331E-02,
    4.608913898468));
#8904 = DIRECTION('',(-0.,-0.996917332601,-7.845911011089E-02));
#8905 = DIRECTION('',(0.,7.845911011089E-02,-0.996917332601));
#8906 = ADVANCED_FACE('',(#8907),#8918,.T.);
#8907 = FACE_BOUND('',#8908,.T.);
#8908 = EDGE_LOOP('',(#8909,#8910,#8911,#8917));
#8909 = ORIENTED_EDGE('',*,*,#8895,.T.);
#8910 = ORIENTED_EDGE('',*,*,#3208,.T.);
#8911 = ORIENTED_EDGE('',*,*,#8912,.T.);
#8912 = EDGE_CURVE('',#3201,#2654,#8913,.T.);
#8913 = LINE('',#8914,#8915);
#8914 = CARTESIAN_POINT('',(39.799999237061,3.061616999114E-16,11.));
#8915 = VECTOR('',#8916,1.);
#8916 = DIRECTION('',(-1.,-1.224648668311E-16,0.));
#8917 = ORIENTED_EDGE('',*,*,#2653,.T.);
#8918 = PLANE('',#8919);
#8919 = AXIS2_PLACEMENT_3D('',#8920,#8921,#8922);
#8920 = CARTESIAN_POINT('',(38.550001144409,1.530808499557E-16,8.));
#8921 = DIRECTION('',(-0.,-1.,-0.));
#8922 = DIRECTION('',(0.,0.,-1.));
#8923 = ADVANCED_FACE('',(#8924),#8935,.T.);
#8924 = FACE_BOUND('',#8925,.T.);
#8925 = EDGE_LOOP('',(#8926,#8932,#8933,#8934));
#8926 = ORIENTED_EDGE('',*,*,#8927,.F.);
#8927 = EDGE_CURVE('',#2662,#3193,#8928,.T.);
#8928 = LINE('',#8929,#8930);
#8929 = CARTESIAN_POINT('',(37.300003051758,6.155829876661E-02,
    11.782172203064));
#8930 = VECTOR('',#8931,1.);
#8931 = DIRECTION('',(1.,0.,0.));
#8932 = ORIENTED_EDGE('',*,*,#2661,.F.);
#8933 = ORIENTED_EDGE('',*,*,#8912,.F.);
#8934 = ORIENTED_EDGE('',*,*,#3200,.F.);
#8935 = PLANE('',#8936);
#8936 = AXIS2_PLACEMENT_3D('',#8937,#8938,#8939);
#8937 = CARTESIAN_POINT('',(38.550001144409,3.077914938331E-02,
    11.391086101532));
#8938 = DIRECTION('',(0.,-0.996917332601,7.845911011089E-02));
#8939 = DIRECTION('',(0.,-7.845911011089E-02,-0.996917332601));
#8940 = ADVANCED_FACE('',(#8941),#8952,.T.);
#8941 = FACE_BOUND('',#8942,.T.);
#8942 = EDGE_LOOP('',(#8943,#8949,#8950,#8951));
#8943 = ORIENTED_EDGE('',*,*,#8944,.F.);
#8944 = EDGE_CURVE('',#2670,#3185,#8945,.T.);
#8945 = LINE('',#8946,#8947);
#8946 = CARTESIAN_POINT('',(37.300003051758,0.244717404246,
    12.545084953308));
#8947 = VECTOR('',#8948,1.);
#8948 = DIRECTION('',(1.,0.,0.));
#8949 = ORIENTED_EDGE('',*,*,#2669,.F.);
#8950 = ORIENTED_EDGE('',*,*,#8927,.T.);
#8951 = ORIENTED_EDGE('',*,*,#3192,.F.);
#8952 = PLANE('',#8953);
#8953 = AXIS2_PLACEMENT_3D('',#8954,#8955,#8956);
#8954 = CARTESIAN_POINT('',(38.550001144409,0.153137851506,
    12.163628578186));
#8955 = DIRECTION('',(0.,-0.972369932226,0.233445314585));
#8956 = DIRECTION('',(0.,-0.233445314585,-0.972369932226));
#8957 = ADVANCED_FACE('',(#8958),#8969,.T.);
#8958 = FACE_BOUND('',#8959,.T.);
#8959 = EDGE_LOOP('',(#8960,#8966,#8967,#8968));
#8960 = ORIENTED_EDGE('',*,*,#8961,.F.);
#8961 = EDGE_CURVE('',#2678,#3177,#8962,.T.);
#8962 = LINE('',#8963,#8964);
#8963 = CARTESIAN_POINT('',(37.300003051758,0.544967353344,
    13.269952774048));
#8964 = VECTOR('',#8965,1.);
#8965 = DIRECTION('',(1.,0.,0.));
#8966 = ORIENTED_EDGE('',*,*,#2677,.F.);
#8967 = ORIENTED_EDGE('',*,*,#8944,.T.);
#8968 = ORIENTED_EDGE('',*,*,#3184,.F.);
#8969 = PLANE('',#8970);
#8970 = AXIS2_PLACEMENT_3D('',#8971,#8972,#8973);
#8971 = CARTESIAN_POINT('',(38.550001144409,0.394842378795,
    12.907518863678));
#8972 = DIRECTION('',(0.,-0.923879592525,0.382683287478));
#8973 = DIRECTION('',(0.,-0.382683287478,-0.923879592525));
#8974 = ADVANCED_FACE('',(#8975),#8986,.T.);
#8975 = FACE_BOUND('',#8976,.T.);
#8976 = EDGE_LOOP('',(#8977,#8983,#8984,#8985));
#8977 = ORIENTED_EDGE('',*,*,#8978,.F.);
#8978 = EDGE_CURVE('',#2686,#3169,#8979,.T.);
#8979 = LINE('',#8980,#8981);
#8980 = CARTESIAN_POINT('',(37.300003051758,0.954914987087,
    13.938925743103));
#8981 = VECTOR('',#8982,1.);
#8982 = DIRECTION('',(1.,0.,0.));
#8983 = ORIENTED_EDGE('',*,*,#2685,.F.);
#8984 = ORIENTED_EDGE('',*,*,#8961,.T.);
#8985 = ORIENTED_EDGE('',*,*,#3176,.F.);
#8986 = PLANE('',#8987);
#8987 = AXIS2_PLACEMENT_3D('',#8988,#8989,#8990);
#8988 = CARTESIAN_POINT('',(38.550001144409,0.749941170216,
    13.604439258575));
#8989 = DIRECTION('',(0.,-0.852639896877,0.522499001198));
#8990 = DIRECTION('',(0.,-0.522499001198,-0.852639896877));
#8991 = ADVANCED_FACE('',(#8992),#9003,.T.);
#8992 = FACE_BOUND('',#8993,.T.);
#8993 = EDGE_LOOP('',(#8994,#9000,#9001,#9002));
#8994 = ORIENTED_EDGE('',*,*,#8995,.F.);
#8995 = EDGE_CURVE('',#2694,#3161,#8996,.T.);
#8996 = LINE('',#8997,#8998);
#8997 = CARTESIAN_POINT('',(37.300003051758,1.464466094971,
    14.535533905029));
#8998 = VECTOR('',#8999,1.);
#8999 = DIRECTION('',(1.,0.,0.));
#9000 = ORIENTED_EDGE('',*,*,#2693,.F.);
#9001 = ORIENTED_EDGE('',*,*,#8978,.T.);
#9002 = ORIENTED_EDGE('',*,*,#3168,.F.);
#9003 = PLANE('',#9004);
#9004 = AXIS2_PLACEMENT_3D('',#9005,#9006,#9007);
#9005 = CARTESIAN_POINT('',(38.550001144409,1.209690541029,
    14.237229824066));
#9006 = DIRECTION('',(0.,-0.760406217376,0.649447753538));
#9007 = DIRECTION('',(0.,-0.649447753538,-0.760406217376));
#9008 = ADVANCED_FACE('',(#9009),#9020,.T.);
#9009 = FACE_BOUND('',#9010,.T.);
#9010 = EDGE_LOOP('',(#9011,#9017,#9018,#9019));
#9011 = ORIENTED_EDGE('',*,*,#9012,.F.);
#9012 = EDGE_CURVE('',#2702,#3153,#9013,.T.);
#9013 = LINE('',#9014,#9015);
#9014 = CARTESIAN_POINT('',(37.300003051758,2.06107378006,
    15.045084953308));
#9015 = VECTOR('',#9016,1.);
#9016 = DIRECTION('',(1.,0.,0.));
#9017 = ORIENTED_EDGE('',*,*,#2701,.F.);
#9018 = ORIENTED_EDGE('',*,*,#8995,.T.);
#9019 = ORIENTED_EDGE('',*,*,#3160,.F.);
#9020 = PLANE('',#9021);
#9021 = AXIS2_PLACEMENT_3D('',#9022,#9023,#9024);
#9022 = CARTESIAN_POINT('',(38.550001144409,1.762769937515,
    14.790309429169));
#9023 = DIRECTION('',(0.,-0.649448009746,0.760405998554));
#9024 = DIRECTION('',(0.,0.760405998554,0.649448009746));
#9025 = ADVANCED_FACE('',(#9026),#9037,.T.);
#9026 = FACE_BOUND('',#9027,.T.);
#9027 = EDGE_LOOP('',(#9028,#9034,#9035,#9036));
#9028 = ORIENTED_EDGE('',*,*,#9029,.F.);
#9029 = EDGE_CURVE('',#2710,#3145,#9030,.T.);
#9030 = LINE('',#9031,#9032);
#9031 = CARTESIAN_POINT('',(37.300003051758,2.730047464371,
    15.455032348633));
#9032 = VECTOR('',#9033,1.);
#9033 = DIRECTION('',(1.,0.,0.));
#9034 = ORIENTED_EDGE('',*,*,#2709,.F.);
#9035 = ORIENTED_EDGE('',*,*,#9012,.T.);
#9036 = ORIENTED_EDGE('',*,*,#3152,.F.);
#9037 = PLANE('',#9038);
#9038 = AXIS2_PLACEMENT_3D('',#9039,#9040,#9041);
#9039 = CARTESIAN_POINT('',(38.550001144409,2.395560622215,
    15.25005865097));
#9040 = DIRECTION('',(0.,-0.522498374148,0.852640281134));
#9041 = DIRECTION('',(0.,0.852640281134,0.522498374148));
#9042 = ADVANCED_FACE('',(#9043),#9054,.T.);
#9043 = FACE_BOUND('',#9044,.T.);
#9044 = EDGE_LOOP('',(#9045,#9051,#9052,#9053));
#9045 = ORIENTED_EDGE('',*,*,#9046,.F.);
#9046 = EDGE_CURVE('',#2718,#3137,#9047,.T.);
#9047 = LINE('',#9048,#9049);
#9048 = CARTESIAN_POINT('',(37.300003051758,3.454915046692,
    15.755282402039));
#9049 = VECTOR('',#9050,1.);
#9050 = DIRECTION('',(1.,0.,0.));
#9051 = ORIENTED_EDGE('',*,*,#2717,.F.);
#9052 = ORIENTED_EDGE('',*,*,#9029,.T.);
#9053 = ORIENTED_EDGE('',*,*,#3144,.F.);
#9054 = PLANE('',#9055);
#9055 = AXIS2_PLACEMENT_3D('',#9056,#9057,#9058);
#9056 = CARTESIAN_POINT('',(38.550001144409,3.092481255531,
    15.605157375336));
#9057 = DIRECTION('',(0.,-0.382683508391,0.92387950102));
#9058 = DIRECTION('',(0.,0.92387950102,0.382683508391));
#9059 = ADVANCED_FACE('',(#9060),#9066,.T.);
#9060 = FACE_BOUND('',#9061,.T.);
#9061 = EDGE_LOOP('',(#9062,#9063,#9064,#9065));
#9062 = ORIENTED_EDGE('',*,*,#3080,.F.);
#9063 = ORIENTED_EDGE('',*,*,#2725,.F.);
#9064 = ORIENTED_EDGE('',*,*,#9046,.T.);
#9065 = ORIENTED_EDGE('',*,*,#3136,.F.);
#9066 = PLANE('',#9067);
#9067 = AXIS2_PLACEMENT_3D('',#9068,#9069,#9070);
#9068 = CARTESIAN_POINT('',(38.550001144409,3.836371421814,
    15.846862316132));
#9069 = DIRECTION('',(0.,-0.233446185512,0.972369723135));
#9070 = DIRECTION('',(0.,0.972369723135,0.233446185512));
#9071 = ADVANCED_FACE('',(#9072),#9088,.T.);
#9072 = FACE_BOUND('',#9073,.T.);
#9073 = EDGE_LOOP('',(#9074,#9080,#9081,#9087));
#9074 = ORIENTED_EDGE('',*,*,#9075,.F.);
#9075 = EDGE_CURVE('',#2745,#3579,#9076,.T.);
#9076 = LINE('',#9077,#9078);
#9077 = CARTESIAN_POINT('',(37.300003051758,13.371417045593,
    6.042503356934));
#9078 = VECTOR('',#9079,1.);
#9079 = DIRECTION('',(1.,0.,0.));
#9080 = ORIENTED_EDGE('',*,*,#2742,.F.);
#9081 = ORIENTED_EDGE('',*,*,#9082,.T.);
#9082 = EDGE_CURVE('',#2743,#3587,#9083,.T.);
#9083 = LINE('',#9084,#9085);
#9084 = CARTESIAN_POINT('',(37.300003051758,12.970527648926,
    5.247386455536));
#9085 = VECTOR('',#9086,1.);
#9086 = DIRECTION('',(1.,0.,0.));
#9087 = ORIENTED_EDGE('',*,*,#3586,.F.);
#9088 = PLANE('',#9089);
#9089 = AXIS2_PLACEMENT_3D('',#9090,#9091,#9092);
#9090 = CARTESIAN_POINT('',(38.550001144409,13.17097234726,
    5.644944906235));
#9091 = DIRECTION('',(0.,-0.892925907714,0.450203646512));
#9092 = DIRECTION('',(0.,-0.450203646512,-0.892925907714));
#9093 = ADVANCED_FACE('',(#9094),#9105,.T.);
#9094 = FACE_BOUND('',#9095,.T.);
#9095 = EDGE_LOOP('',(#9096,#9102,#9103,#9104));
#9096 = ORIENTED_EDGE('',*,*,#9097,.F.);
#9097 = EDGE_CURVE('',#2753,#3571,#9098,.T.);
#9098 = LINE('',#9099,#9100);
#9099 = CARTESIAN_POINT('',(37.300003051758,13.632164955139,
    6.893933773041));
#9100 = VECTOR('',#9101,1.);
#9101 = DIRECTION('',(1.,0.,0.));
#9102 = ORIENTED_EDGE('',*,*,#2752,.F.);
#9103 = ORIENTED_EDGE('',*,*,#9075,.T.);
#9104 = ORIENTED_EDGE('',*,*,#3578,.F.);
#9105 = PLANE('',#9106);
#9106 = AXIS2_PLACEMENT_3D('',#9107,#9108,#9109);
#9107 = CARTESIAN_POINT('',(38.550001144409,13.501791000366,
    6.468218564987));
#9108 = DIRECTION('',(0.,-0.956166648166,0.292823053969));
#9109 = DIRECTION('',(0.,-0.292823053969,-0.956166648166));
#9110 = ADVANCED_FACE('',(#9111),#9122,.T.);
#9111 = FACE_BOUND('',#9112,.T.);
#9112 = EDGE_LOOP('',(#9113,#9119,#9120,#9121));
#9113 = ORIENTED_EDGE('',*,*,#9114,.F.);
#9114 = EDGE_CURVE('',#2761,#3563,#9115,.T.);
#9115 = LINE('',#9116,#9117);
#9116 = CARTESIAN_POINT('',(37.300003051758,13.745269775391,
    7.777184009552));
#9117 = VECTOR('',#9118,1.);
#9118 = DIRECTION('',(1.,0.,0.));
#9119 = ORIENTED_EDGE('',*,*,#2760,.F.);
#9120 = ORIENTED_EDGE('',*,*,#9097,.T.);
#9121 = ORIENTED_EDGE('',*,*,#3570,.F.);
#9122 = PLANE('',#9123);
#9123 = AXIS2_PLACEMENT_3D('',#9124,#9125,#9126);
#9124 = CARTESIAN_POINT('',(38.550001144409,13.688717365265,
    7.335558891296));
#9125 = DIRECTION('',(0.,-0.991900406573,0.127018043761));
#9126 = DIRECTION('',(0.,-0.127018043761,-0.991900406573));
#9127 = ADVANCED_FACE('',(#9128),#9138,.T.);
#9128 = FACE_BOUND('',#9129,.T.);
#9129 = EDGE_LOOP('',(#9130,#9136,#9137));
#9130 = ORIENTED_EDGE('',*,*,#9131,.T.);
#9131 = EDGE_CURVE('',#3563,#2769,#9132,.T.);
#9132 = LINE('',#9133,#9134);
#9133 = CARTESIAN_POINT('',(39.799999237061,13.745269775391,
    7.777184009552));
#9134 = VECTOR('',#9135,1.);
#9135 = DIRECTION('',(-0.99604996862,1.884618905193E-03,
    8.877447957659E-02));
#9136 = ORIENTED_EDGE('',*,*,#2768,.F.);
#9137 = ORIENTED_EDGE('',*,*,#9114,.T.);
#9138 = PLANE('',#9139);
#9139 = AXIS2_PLACEMENT_3D('',#9140,#9141,#9142);
#9140 = CARTESIAN_POINT('',(38.49676315202,13.746504937671,
    7.835366005052));
#9141 = DIRECTION('',(0.,-0.999774734826,2.122450478082E-02));
#9142 = DIRECTION('',(0.,-2.122450478082E-02,-0.999774734826));
#9143 = ADVANCED_FACE('',(#9144),#9159,.T.);
#9144 = FACE_BOUND('',#9145,.T.);
#9145 = EDGE_LOOP('',(#9146,#9152,#9158));
#9146 = ORIENTED_EDGE('',*,*,#9147,.T.);
#9147 = EDGE_CURVE('',#2769,#3555,#9148,.T.);
#9148 = LINE('',#9149,#9150);
#9149 = CARTESIAN_POINT('',(37.300003051758,13.75,8.));
#9150 = VECTOR('',#9151,1.);
#9151 = DIRECTION('',(0.966087376576,-1.643217837352E-02,0.257691995093)
  );
#9152 = ORIENTED_EDGE('',*,*,#9153,.F.);
#9153 = EDGE_CURVE('',#2777,#3555,#9154,.T.);
#9154 = LINE('',#9155,#9156);
#9155 = CARTESIAN_POINT('',(37.300003051758,13.70747756958,
    8.666843414307));
#9156 = VECTOR('',#9157,1.);
#9157 = DIRECTION('',(1.,0.,0.));
#9158 = ORIENTED_EDGE('',*,*,#2776,.F.);
#9159 = PLANE('',#9160);
#9160 = AXIS2_PLACEMENT_3D('',#9161,#9162,#9163);
#9161 = CARTESIAN_POINT('',(38.404891074292,13.719504344202,
    8.478237650876));
#9162 = DIRECTION('',(-0.,-0.997973080754,-6.363748966678E-02));
#9163 = DIRECTION('',(0.,6.363748966678E-02,-0.997973080754));
#9164 = ADVANCED_FACE('',(#9165),#9176,.T.);
#9165 = FACE_BOUND('',#9166,.T.);
#9166 = EDGE_LOOP('',(#9167,#9173,#9174,#9175));
#9167 = ORIENTED_EDGE('',*,*,#9168,.F.);
#9168 = EDGE_CURVE('',#2785,#3547,#9169,.T.);
#9169 = LINE('',#9170,#9171);
#9170 = CARTESIAN_POINT('',(37.300003051758,13.519875526428,
    9.53731918335));
#9171 = VECTOR('',#9172,1.);
#9172 = DIRECTION('',(1.,0.,0.));
#9173 = ORIENTED_EDGE('',*,*,#2784,.F.);
#9174 = ORIENTED_EDGE('',*,*,#9153,.T.);
#9175 = ORIENTED_EDGE('',*,*,#3554,.F.);
#9176 = PLANE('',#9177);
#9177 = AXIS2_PLACEMENT_3D('',#9178,#9179,#9180);
#9178 = CARTESIAN_POINT('',(38.550001144409,13.613676548004,
    9.102081298828));
#9179 = DIRECTION('',(-0.,-0.977555200962,-0.210679446248));
#9180 = DIRECTION('',(0.,0.210679446248,-0.977555200962));
#9181 = ADVANCED_FACE('',(#9182),#9193,.T.);
#9182 = FACE_BOUND('',#9183,.T.);
#9183 = EDGE_LOOP('',(#9184,#9190,#9191,#9192));
#9184 = ORIENTED_EDGE('',*,*,#9185,.F.);
#9185 = EDGE_CURVE('',#2793,#3539,#9186,.T.);
#9186 = LINE('',#9187,#9188);
#9187 = CARTESIAN_POINT('',(37.300003051758,13.187861442566,
    10.363569259644));
#9188 = VECTOR('',#9189,1.);
#9189 = DIRECTION('',(1.,0.,0.));
#9190 = ORIENTED_EDGE('',*,*,#2792,.F.);
#9191 = ORIENTED_EDGE('',*,*,#9168,.T.);
#9192 = ORIENTED_EDGE('',*,*,#3546,.F.);
#9193 = PLANE('',#9194);
#9194 = AXIS2_PLACEMENT_3D('',#9195,#9196,#9197);
#9195 = CARTESIAN_POINT('',(38.550001144409,13.353868484497,
    9.950444221497));
#9196 = DIRECTION('',(-0.,-0.927889223212,-0.372855990225));
#9197 = DIRECTION('',(0.,0.372855990225,-0.927889223212));
#9198 = ADVANCED_FACE('',(#9199),#9210,.T.);
#9199 = FACE_BOUND('',#9200,.T.);
#9200 = EDGE_LOOP('',(#9201,#9207,#9208,#9209));
#9201 = ORIENTED_EDGE('',*,*,#9202,.F.);
#9202 = EDGE_CURVE('',#2801,#3531,#9203,.T.);
#9203 = LINE('',#9204,#9205);
#9204 = CARTESIAN_POINT('',(37.300003051758,12.720985412598,
    11.121824264526));
#9205 = VECTOR('',#9206,1.);
#9206 = DIRECTION('',(1.,0.,0.));
#9207 = ORIENTED_EDGE('',*,*,#2800,.F.);
#9208 = ORIENTED_EDGE('',*,*,#9185,.T.);
#9209 = ORIENTED_EDGE('',*,*,#3538,.F.);
#9210 = PLANE('',#9211);
#9211 = AXIS2_PLACEMENT_3D('',#9212,#9213,#9214);
#9212 = CARTESIAN_POINT('',(38.550001144409,12.954423427582,
    10.742696762085));
#9213 = DIRECTION('',(-0.,-0.851529184029,-0.524307208368));
#9214 = DIRECTION('',(0.,0.524307208368,-0.851529184029));
#9215 = ADVANCED_FACE('',(#9216),#9227,.T.);
#9216 = FACE_BOUND('',#9217,.T.);
#9217 = EDGE_LOOP('',(#9218,#9224,#9225,#9226));
#9218 = ORIENTED_EDGE('',*,*,#9219,.F.);
#9219 = EDGE_CURVE('',#2809,#3523,#9220,.T.);
#9220 = LINE('',#9221,#9222);
#9221 = CARTESIAN_POINT('',(37.300003051758,12.132678985596,
    11.79026889801));
#9222 = VECTOR('',#9223,1.);
#9223 = DIRECTION('',(1.,0.,0.));
#9224 = ORIENTED_EDGE('',*,*,#2808,.F.);
#9225 = ORIENTED_EDGE('',*,*,#9202,.T.);
#9226 = ORIENTED_EDGE('',*,*,#3530,.F.);
#9227 = PLANE('',#9228);
#9228 = AXIS2_PLACEMENT_3D('',#9229,#9230,#9231);
#9229 = CARTESIAN_POINT('',(38.550001144409,12.426832199097,
    11.456046581268));
#9230 = DIRECTION('',(-0.,-0.750671660929,-0.660675455484));
#9231 = DIRECTION('',(0.,0.660675455484,-0.750671660929));
#9232 = ADVANCED_FACE('',(#9233),#9244,.T.);
#9233 = FACE_BOUND('',#9234,.T.);
#9234 = EDGE_LOOP('',(#9235,#9241,#9242,#9243));
#9235 = ORIENTED_EDGE('',*,*,#9236,.F.);
#9236 = EDGE_CURVE('',#2817,#3515,#9237,.T.);
#9237 = LINE('',#9238,#9239);
#9238 = CARTESIAN_POINT('',(37.300003051758,11.439867019653,
    12.349675178528));
#9239 = VECTOR('',#9240,1.);
#9240 = DIRECTION('',(1.,0.,0.));
#9241 = ORIENTED_EDGE('',*,*,#2816,.F.);
#9242 = ORIENTED_EDGE('',*,*,#9219,.T.);
#9243 = ORIENTED_EDGE('',*,*,#3522,.F.);
#9244 = PLANE('',#9245);
#9245 = AXIS2_PLACEMENT_3D('',#9246,#9247,#9248);
#9246 = CARTESIAN_POINT('',(38.550001144409,11.786273002625,
    12.069972038269));
#9247 = DIRECTION('',(-0.,-0.628219784157,-0.778035926416));
#9248 = DIRECTION('',(0.,-0.778035926416,0.628219784157));
#9249 = ADVANCED_FACE('',(#9250),#9261,.T.);
#9250 = FACE_BOUND('',#9251,.T.);
#9251 = EDGE_LOOP('',(#9252,#9258,#9259,#9260));
#9252 = ORIENTED_EDGE('',*,*,#9253,.F.);
#9253 = EDGE_CURVE('',#2825,#3507,#9254,.T.);
#9254 = LINE('',#9255,#9256);
#9255 = CARTESIAN_POINT('',(37.300003051758,10.662481307983,
    12.783948898315));
#9256 = VECTOR('',#9257,1.);
#9257 = DIRECTION('',(1.,0.,0.));
#9258 = ORIENTED_EDGE('',*,*,#2824,.F.);
#9259 = ORIENTED_EDGE('',*,*,#9236,.T.);
#9260 = ORIENTED_EDGE('',*,*,#3514,.F.);
#9261 = PLANE('',#9262);
#9262 = AXIS2_PLACEMENT_3D('',#9263,#9264,#9265);
#9263 = CARTESIAN_POINT('',(38.550001144409,11.051174163818,
    12.566812038422));
#9264 = DIRECTION('',(-0.,-0.487694949084,-0.873014110217));
#9265 = DIRECTION('',(0.,-0.873014110217,0.487694949084));
#9266 = ADVANCED_FACE('',(#9267),#9278,.T.);
#9267 = FACE_BOUND('',#9268,.T.);
#9268 = EDGE_LOOP('',(#9269,#9275,#9276,#9277));
#9269 = ORIENTED_EDGE('',*,*,#9270,.F.);
#9270 = EDGE_CURVE('',#2833,#3499,#9271,.T.);
#9271 = LINE('',#9272,#9273);
#9272 = CARTESIAN_POINT('',(37.300003051758,9.822884559631,
    13.080597877502));
#9273 = VECTOR('',#9274,1.);
#9274 = DIRECTION('',(1.,0.,0.));
#9275 = ORIENTED_EDGE('',*,*,#2832,.F.);
#9276 = ORIENTED_EDGE('',*,*,#9253,.T.);
#9277 = ORIENTED_EDGE('',*,*,#3506,.F.);
#9278 = PLANE('',#9279);
#9279 = AXIS2_PLACEMENT_3D('',#9280,#9281,#9282);
#9280 = CARTESIAN_POINT('',(38.550001144409,10.242682933807,
    12.932273387909));
#9281 = DIRECTION('',(-0.,-0.333140370003,-0.942877242208));
#9282 = DIRECTION('',(0.,-0.942877242208,0.333140370003));
#9283 = ADVANCED_FACE('',(#9284),#9295,.T.);
#9284 = FACE_BOUND('',#9285,.T.);
#9285 = EDGE_LOOP('',(#9286,#9292,#9293,#9294));
#9286 = ORIENTED_EDGE('',*,*,#9287,.F.);
#9287 = EDGE_CURVE('',#2841,#3491,#9288,.T.);
#9288 = LINE('',#9289,#9290);
#9289 = CARTESIAN_POINT('',(37.300003051758,8.945231437683,
    13.231086730957));
#9290 = VECTOR('',#9291,1.);
#9291 = DIRECTION('',(1.,0.,0.));
#9292 = ORIENTED_EDGE('',*,*,#2840,.F.);
#9293 = ORIENTED_EDGE('',*,*,#9270,.T.);
#9294 = ORIENTED_EDGE('',*,*,#3498,.F.);
#9295 = PLANE('',#9296);
#9296 = AXIS2_PLACEMENT_3D('',#9297,#9298,#9299);
#9297 = CARTESIAN_POINT('',(38.550001144409,9.384057998657,
    13.15584230423));
#9298 = DIRECTION('',(-0.,-0.169000942882,-0.985615889333));
#9299 = DIRECTION('',(0.,-0.985615889333,0.169000942882));
#9300 = ADVANCED_FACE('',(#9301),#9312,.T.);
#9301 = FACE_BOUND('',#9302,.T.);
#9302 = EDGE_LOOP('',(#9303,#9309,#9310,#9311));
#9303 = ORIENTED_EDGE('',*,*,#9304,.F.);
#9304 = EDGE_CURVE('',#2849,#3483,#9305,.T.);
#9305 = LINE('',#9306,#9307);
#9306 = CARTESIAN_POINT('',(37.300003051758,8.054768562317,
    13.231086730957));
#9307 = VECTOR('',#9308,1.);
#9308 = DIRECTION('',(1.,0.,0.));
#9309 = ORIENTED_EDGE('',*,*,#2848,.F.);
#9310 = ORIENTED_EDGE('',*,*,#9287,.T.);
#9311 = ORIENTED_EDGE('',*,*,#3490,.F.);
#9312 = PLANE('',#9313);
#9313 = AXIS2_PLACEMENT_3D('',#9314,#9315,#9316);
#9314 = CARTESIAN_POINT('',(38.550001144409,8.5,13.231086730957));
#9315 = DIRECTION('',(-0.,-0.,-1.));
#9316 = DIRECTION('',(-1.,0.,0.));
#9317 = ADVANCED_FACE('',(#9318),#9329,.T.);
#9318 = FACE_BOUND('',#9319,.T.);
#9319 = EDGE_LOOP('',(#9320,#9326,#9327,#9328));
#9320 = ORIENTED_EDGE('',*,*,#9321,.F.);
#9321 = EDGE_CURVE('',#2857,#3475,#9322,.T.);
#9322 = LINE('',#9323,#9324);
#9323 = CARTESIAN_POINT('',(37.300003051758,7.177114963531,
    13.080597877502));
#9324 = VECTOR('',#9325,1.);
#9325 = DIRECTION('',(1.,0.,0.));
#9326 = ORIENTED_EDGE('',*,*,#2856,.F.);
#9327 = ORIENTED_EDGE('',*,*,#9304,.T.);
#9328 = ORIENTED_EDGE('',*,*,#3482,.F.);
#9329 = PLANE('',#9330);
#9330 = AXIS2_PLACEMENT_3D('',#9331,#9332,#9333);
#9331 = CARTESIAN_POINT('',(38.550001144409,7.615941762924,
    13.15584230423));
#9332 = DIRECTION('',(0.,0.169000853684,-0.985615904627));
#9333 = DIRECTION('',(0.,-0.985615904627,-0.169000853684));
#9334 = ADVANCED_FACE('',(#9335),#9346,.T.);
#9335 = FACE_BOUND('',#9336,.T.);
#9336 = EDGE_LOOP('',(#9337,#9343,#9344,#9345));
#9337 = ORIENTED_EDGE('',*,*,#9338,.F.);
#9338 = EDGE_CURVE('',#2865,#3467,#9339,.T.);
#9339 = LINE('',#9340,#9341);
#9340 = CARTESIAN_POINT('',(37.300003051758,6.337518215179,
    12.783948898315));
#9341 = VECTOR('',#9342,1.);
#9342 = DIRECTION('',(1.,0.,0.));
#9343 = ORIENTED_EDGE('',*,*,#2864,.F.);
#9344 = ORIENTED_EDGE('',*,*,#9321,.T.);
#9345 = ORIENTED_EDGE('',*,*,#3474,.F.);
#9346 = PLANE('',#9347);
#9347 = AXIS2_PLACEMENT_3D('',#9348,#9349,#9350);
#9348 = CARTESIAN_POINT('',(38.550001144409,6.757316589355,
    12.932273387909));
#9349 = DIRECTION('',(0.,0.333140370003,-0.942877242208));
#9350 = DIRECTION('',(0.,-0.942877242208,-0.333140370003));
#9351 = ADVANCED_FACE('',(#9352),#9363,.T.);
#9352 = FACE_BOUND('',#9353,.T.);
#9353 = EDGE_LOOP('',(#9354,#9360,#9361,#9362));
#9354 = ORIENTED_EDGE('',*,*,#9355,.F.);
#9355 = EDGE_CURVE('',#2873,#3459,#9356,.T.);
#9356 = LINE('',#9357,#9358);
#9357 = CARTESIAN_POINT('',(37.300003051758,5.560132026672,
    12.349675178528));
#9358 = VECTOR('',#9359,1.);
#9359 = DIRECTION('',(1.,0.,0.));
#9360 = ORIENTED_EDGE('',*,*,#2872,.F.);
#9361 = ORIENTED_EDGE('',*,*,#9338,.T.);
#9362 = ORIENTED_EDGE('',*,*,#3466,.F.);
#9363 = PLANE('',#9364);
#9364 = AXIS2_PLACEMENT_3D('',#9365,#9366,#9367);
#9365 = CARTESIAN_POINT('',(38.550001144409,5.948825120926,
    12.566812038422));
#9366 = DIRECTION('',(0.,0.487694721089,-0.873014237583));
#9367 = DIRECTION('',(0.,-0.873014237583,-0.487694721089));
#9368 = ADVANCED_FACE('',(#9369),#9380,.T.);
#9369 = FACE_BOUND('',#9370,.T.);
#9370 = EDGE_LOOP('',(#9371,#9377,#9378,#9379));
#9371 = ORIENTED_EDGE('',*,*,#9372,.F.);
#9372 = EDGE_CURVE('',#2881,#3451,#9373,.T.);
#9373 = LINE('',#9374,#9375);
#9374 = CARTESIAN_POINT('',(37.300003051758,4.867321014404,
    11.79026889801));
#9375 = VECTOR('',#9376,1.);
#9376 = DIRECTION('',(1.,0.,0.));
#9377 = ORIENTED_EDGE('',*,*,#2880,.F.);
#9378 = ORIENTED_EDGE('',*,*,#9355,.T.);
#9379 = ORIENTED_EDGE('',*,*,#3458,.F.);
#9380 = PLANE('',#9381);
#9381 = AXIS2_PLACEMENT_3D('',#9382,#9383,#9384);
#9382 = CARTESIAN_POINT('',(38.550001144409,5.213726520538,
    12.069972038269));
#9383 = DIRECTION('',(0.,0.628220307632,-0.77803550374));
#9384 = DIRECTION('',(0.,-0.77803550374,-0.628220307632));
#9385 = ADVANCED_FACE('',(#9386),#9397,.T.);
#9386 = FACE_BOUND('',#9387,.T.);
#9387 = EDGE_LOOP('',(#9388,#9394,#9395,#9396));
#9388 = ORIENTED_EDGE('',*,*,#9389,.F.);
#9389 = EDGE_CURVE('',#2889,#3443,#9390,.T.);
#9390 = LINE('',#9391,#9392);
#9391 = CARTESIAN_POINT('',(37.300003051758,4.27901506424,
    11.121824264526));
#9392 = VECTOR('',#9393,1.);
#9393 = DIRECTION('',(1.,0.,0.));
#9394 = ORIENTED_EDGE('',*,*,#2888,.F.);
#9395 = ORIENTED_EDGE('',*,*,#9372,.T.);
#9396 = ORIENTED_EDGE('',*,*,#3450,.F.);
#9397 = PLANE('',#9398);
#9398 = AXIS2_PLACEMENT_3D('',#9399,#9400,#9401);
#9399 = CARTESIAN_POINT('',(38.550001144409,4.573168039322,
    11.456046581268));
#9400 = DIRECTION('',(0.,0.750671926507,-0.660675153728));
#9401 = DIRECTION('',(0.,0.660675153728,0.750671926507));
#9402 = ADVANCED_FACE('',(#9403),#9414,.T.);
#9403 = FACE_BOUND('',#9404,.T.);
#9404 = EDGE_LOOP('',(#9405,#9411,#9412,#9413));
#9405 = ORIENTED_EDGE('',*,*,#9406,.F.);
#9406 = EDGE_CURVE('',#2897,#3435,#9407,.T.);
#9407 = LINE('',#9408,#9409);
#9408 = CARTESIAN_POINT('',(37.300003051758,3.81213927269,
    10.363569259644));
#9409 = VECTOR('',#9410,1.);
#9410 = DIRECTION('',(1.,0.,0.));
#9411 = ORIENTED_EDGE('',*,*,#2896,.F.);
#9412 = ORIENTED_EDGE('',*,*,#9389,.T.);
#9413 = ORIENTED_EDGE('',*,*,#3442,.F.);
#9414 = PLANE('',#9415);
#9415 = AXIS2_PLACEMENT_3D('',#9416,#9417,#9418);
#9416 = CARTESIAN_POINT('',(38.550001144409,4.045577168465,
    10.742696762085));
#9417 = DIRECTION('',(0.,0.851529303568,-0.524307014225));
#9418 = DIRECTION('',(0.,0.524307014225,0.851529303568));
#9419 = ADVANCED_FACE('',(#9420),#9431,.T.);
#9420 = FACE_BOUND('',#9421,.T.);
#9421 = EDGE_LOOP('',(#9422,#9428,#9429,#9430));
#9422 = ORIENTED_EDGE('',*,*,#9423,.F.);
#9423 = EDGE_CURVE('',#2905,#3427,#9424,.T.);
#9424 = LINE('',#9425,#9426);
#9425 = CARTESIAN_POINT('',(37.300003051758,3.48012471199,9.53731918335)
  );
#9426 = VECTOR('',#9427,1.);
#9427 = DIRECTION('',(1.,0.,0.));
#9428 = ORIENTED_EDGE('',*,*,#2904,.F.);
#9429 = ORIENTED_EDGE('',*,*,#9406,.T.);
#9430 = ORIENTED_EDGE('',*,*,#3434,.F.);
#9431 = PLANE('',#9432);
#9432 = AXIS2_PLACEMENT_3D('',#9433,#9434,#9435);
#9433 = CARTESIAN_POINT('',(38.550001144409,3.64613199234,9.950444221497
    ));
#9434 = DIRECTION('',(0.,0.927889037948,-0.372856451274));
#9435 = DIRECTION('',(0.,0.372856451274,0.927889037948));
#9436 = ADVANCED_FACE('',(#9437),#9448,.T.);
#9437 = FACE_BOUND('',#9438,.T.);
#9438 = EDGE_LOOP('',(#9439,#9445,#9446,#9447));
#9439 = ORIENTED_EDGE('',*,*,#9440,.F.);
#9440 = EDGE_CURVE('',#2913,#3419,#9441,.T.);
#9441 = LINE('',#9442,#9443);
#9442 = CARTESIAN_POINT('',(37.300003051758,3.292522668839,
    8.666843414307));
#9443 = VECTOR('',#9444,1.);
#9444 = DIRECTION('',(1.,0.,0.));
#9445 = ORIENTED_EDGE('',*,*,#2912,.F.);
#9446 = ORIENTED_EDGE('',*,*,#9423,.T.);
#9447 = ORIENTED_EDGE('',*,*,#3426,.F.);
#9448 = PLANE('',#9449);
#9449 = AXIS2_PLACEMENT_3D('',#9450,#9451,#9452);
#9450 = CARTESIAN_POINT('',(38.550001144409,3.386323690414,
    9.102081298828));
#9451 = DIRECTION('',(0.,0.977555200962,-0.210679446248));
#9452 = DIRECTION('',(0.,0.210679446248,0.977555200962));
#9453 = ADVANCED_FACE('',(#9454),#9465,.T.);
#9454 = FACE_BOUND('',#9455,.T.);
#9455 = EDGE_LOOP('',(#9456,#9462,#9463,#9464));
#9456 = ORIENTED_EDGE('',*,*,#9457,.F.);
#9457 = EDGE_CURVE('',#2921,#3411,#9458,.T.);
#9458 = LINE('',#9459,#9460);
#9459 = CARTESIAN_POINT('',(37.300003051758,3.254730463028,
    7.777184009552));
#9460 = VECTOR('',#9461,1.);
#9461 = DIRECTION('',(1.,0.,0.));
#9462 = ORIENTED_EDGE('',*,*,#2920,.F.);
#9463 = ORIENTED_EDGE('',*,*,#9440,.T.);
#9464 = ORIENTED_EDGE('',*,*,#3418,.F.);
#9465 = PLANE('',#9466);
#9466 = AXIS2_PLACEMENT_3D('',#9467,#9468,#9469);
#9467 = CARTESIAN_POINT('',(38.550001144409,3.273626565933,
    8.222013711929));
#9468 = DIRECTION('',(0.,0.999098969151,-4.244113383781E-02));
#9469 = DIRECTION('',(0.,4.244113383781E-02,0.999098969151));
#9470 = ADVANCED_FACE('',(#9471),#9482,.T.);
#9471 = FACE_BOUND('',#9472,.T.);
#9472 = EDGE_LOOP('',(#9473,#9479,#9480,#9481));
#9473 = ORIENTED_EDGE('',*,*,#9474,.F.);
#9474 = EDGE_CURVE('',#2929,#3403,#9475,.T.);
#9475 = LINE('',#9476,#9477);
#9476 = CARTESIAN_POINT('',(37.300003051758,3.367835044861,
    6.893933773041));
#9477 = VECTOR('',#9478,1.);
#9478 = DIRECTION('',(1.,0.,0.));
#9479 = ORIENTED_EDGE('',*,*,#2928,.F.);
#9480 = ORIENTED_EDGE('',*,*,#9457,.T.);
#9481 = ORIENTED_EDGE('',*,*,#3410,.F.);
#9482 = PLANE('',#9483);
#9483 = AXIS2_PLACEMENT_3D('',#9484,#9485,#9486);
#9484 = CARTESIAN_POINT('',(38.550001144409,3.311282753944,
    7.335558891296));
#9485 = DIRECTION('',(0.,0.991900440306,0.127017780333));
#9486 = DIRECTION('',(0.,-0.127017780333,0.991900440306));
#9487 = ADVANCED_FACE('',(#9488),#9499,.T.);
#9488 = FACE_BOUND('',#9489,.T.);
#9489 = EDGE_LOOP('',(#9490,#9496,#9497,#9498));
#9490 = ORIENTED_EDGE('',*,*,#9491,.F.);
#9491 = EDGE_CURVE('',#2937,#3395,#9492,.T.);
#9492 = LINE('',#9493,#9494);
#9493 = CARTESIAN_POINT('',(37.300003051758,3.628582715988,
    6.042503356934));
#9494 = VECTOR('',#9495,1.);
#9495 = DIRECTION('',(1.,0.,0.));
#9496 = ORIENTED_EDGE('',*,*,#2936,.F.);
#9497 = ORIENTED_EDGE('',*,*,#9474,.T.);
#9498 = ORIENTED_EDGE('',*,*,#3402,.F.);
#9499 = PLANE('',#9500);
#9500 = AXIS2_PLACEMENT_3D('',#9501,#9502,#9503);
#9501 = CARTESIAN_POINT('',(38.550001144409,3.498208880424,
    6.468218564987));
#9502 = DIRECTION('',(0.,0.956166723131,0.29282280918));
#9503 = DIRECTION('',(0.,-0.29282280918,0.956166723131));
#9504 = ADVANCED_FACE('',(#9505),#9516,.T.);
#9505 = FACE_BOUND('',#9506,.T.);
#9506 = EDGE_LOOP('',(#9507,#9513,#9514,#9515));
#9507 = ORIENTED_EDGE('',*,*,#9508,.F.);
#9508 = EDGE_CURVE('',#2945,#3387,#9509,.T.);
#9509 = LINE('',#9510,#9511);
#9510 = CARTESIAN_POINT('',(37.300003051758,4.029471874237,
    5.247386455536));
#9511 = VECTOR('',#9512,1.);
#9512 = DIRECTION('',(1.,0.,0.));
#9513 = ORIENTED_EDGE('',*,*,#2944,.F.);
#9514 = ORIENTED_EDGE('',*,*,#9491,.T.);
#9515 = ORIENTED_EDGE('',*,*,#3394,.F.);
#9516 = PLANE('',#9517);
#9517 = AXIS2_PLACEMENT_3D('',#9518,#9519,#9520);
#9518 = CARTESIAN_POINT('',(38.550001144409,3.829027295113,
    5.644944906235));
#9519 = DIRECTION('',(0.,0.892926015348,0.450203433033));
#9520 = DIRECTION('',(0.,-0.450203433033,0.892926015348));
#9521 = ADVANCED_FACE('',(#9522),#9533,.T.);
#9522 = FACE_BOUND('',#9523,.T.);
#9523 = EDGE_LOOP('',(#9524,#9530,#9531,#9532));
#9524 = ORIENTED_EDGE('',*,*,#9525,.F.);
#9525 = EDGE_CURVE('',#2953,#3379,#9526,.T.);
#9526 = LINE('',#9527,#9528);
#9527 = CARTESIAN_POINT('',(37.300003051758,4.558970451355,
    4.531457424164));
#9528 = VECTOR('',#9529,1.);
#9529 = DIRECTION('',(1.,0.,0.));
#9530 = ORIENTED_EDGE('',*,*,#2952,.F.);
#9531 = ORIENTED_EDGE('',*,*,#9508,.T.);
#9532 = ORIENTED_EDGE('',*,*,#3386,.F.);
#9533 = PLANE('',#9534);
#9534 = AXIS2_PLACEMENT_3D('',#9535,#9536,#9537);
#9535 = CARTESIAN_POINT('',(38.550001144409,4.294221162796,4.88942193985
    ));
#9536 = DIRECTION('',(0.,0.803997008428,0.594633341176));
#9537 = DIRECTION('',(0.,-0.594633341176,0.803997008428));
#9538 = ADVANCED_FACE('',(#9539),#9550,.T.);
#9539 = FACE_BOUND('',#9540,.T.);
#9540 = EDGE_LOOP('',(#9541,#9547,#9548,#9549));
#9541 = ORIENTED_EDGE('',*,*,#9542,.F.);
#9542 = EDGE_CURVE('',#2961,#3371,#9543,.T.);
#9543 = LINE('',#9544,#9545);
#9544 = CARTESIAN_POINT('',(37.300003051758,5.201845169067,
    3.915312290192));
#9545 = VECTOR('',#9546,1.);
#9546 = DIRECTION('',(1.,0.,0.));
#9547 = ORIENTED_EDGE('',*,*,#2960,.F.);
#9548 = ORIENTED_EDGE('',*,*,#9525,.T.);
#9549 = ORIENTED_EDGE('',*,*,#3378,.F.);
#9550 = PLANE('',#9551);
#9551 = AXIS2_PLACEMENT_3D('',#9552,#9553,#9554);
#9552 = CARTESIAN_POINT('',(38.550001144409,4.880407810211,
    4.223384857178));
#9553 = DIRECTION('',(0.,0.691938649393,0.72195630441));
#9554 = DIRECTION('',(0.,0.72195630441,-0.691938649393));
#9555 = ADVANCED_FACE('',(#9556),#9567,.T.);
#9556 = FACE_BOUND('',#9557,.T.);
#9557 = EDGE_LOOP('',(#9558,#9564,#9565,#9566));
#9558 = ORIENTED_EDGE('',*,*,#9559,.F.);
#9559 = EDGE_CURVE('',#2969,#3363,#9560,.T.);
#9560 = LINE('',#9561,#9562);
#9561 = CARTESIAN_POINT('',(37.300003051758,5.939601421356,
    3.416675806046));
#9562 = VECTOR('',#9563,1.);
#9563 = DIRECTION('',(1.,0.,0.));
#9564 = ORIENTED_EDGE('',*,*,#2968,.F.);
#9565 = ORIENTED_EDGE('',*,*,#9542,.T.);
#9566 = ORIENTED_EDGE('',*,*,#3370,.F.);
#9567 = PLANE('',#9568);
#9568 = AXIS2_PLACEMENT_3D('',#9569,#9570,#9571);
#9569 = CARTESIAN_POINT('',(38.550001144409,5.570723295212,
    3.665994048119));
#9570 = DIRECTION('',(0.,0.559975008494,0.828509498957));
#9571 = DIRECTION('',(0.,0.828509498957,-0.559975008494));
#9572 = ADVANCED_FACE('',(#9573),#9584,.T.);
#9573 = FACE_BOUND('',#9574,.T.);
#9574 = EDGE_LOOP('',(#9575,#9581,#9582,#9583));
#9575 = ORIENTED_EDGE('',*,*,#9576,.F.);
#9576 = EDGE_CURVE('',#2977,#3355,#9577,.T.);
#9577 = LINE('',#9578,#9579);
#9578 = CARTESIAN_POINT('',(37.300003051758,6.751016139984,
    3.049893379211));
#9579 = VECTOR('',#9580,1.);
#9580 = DIRECTION('',(1.,0.,0.));
#9581 = ORIENTED_EDGE('',*,*,#2976,.F.);
#9582 = ORIENTED_EDGE('',*,*,#9559,.T.);
#9583 = ORIENTED_EDGE('',*,*,#3362,.F.);
#9584 = PLANE('',#9585);
#9585 = AXIS2_PLACEMENT_3D('',#9586,#9587,#9588);
#9586 = CARTESIAN_POINT('',(38.550001144409,6.34530878067,3.233284592628
    ));
#9587 = DIRECTION('',(0.,0.411901106676,0.911228554381));
#9588 = DIRECTION('',(0.,0.911228554381,-0.411901106676));
#9589 = ADVANCED_FACE('',(#9590),#9601,.T.);
#9590 = FACE_BOUND('',#9591,.T.);
#9591 = EDGE_LOOP('',(#9592,#9598,#9599,#9600));
#9592 = ORIENTED_EDGE('',*,*,#9593,.F.);
#9593 = EDGE_CURVE('',#2985,#3347,#9594,.T.);
#9594 = LINE('',#9595,#9596);
#9595 = CARTESIAN_POINT('',(37.300003051758,7.612745761871,
    2.825516462326));
#9596 = VECTOR('',#9597,1.);
#9597 = DIRECTION('',(1.,0.,0.));
#9598 = ORIENTED_EDGE('',*,*,#2984,.F.);
#9599 = ORIENTED_EDGE('',*,*,#9576,.T.);
#9600 = ORIENTED_EDGE('',*,*,#3354,.F.);
#9601 = PLANE('',#9602);
#9602 = AXIS2_PLACEMENT_3D('',#9603,#9604,#9605);
#9603 = CARTESIAN_POINT('',(38.550001144409,7.181880950928,
    2.937704920769));
#9604 = DIRECTION('',(0.,0.251978034694,0.967732953883));
#9605 = DIRECTION('',(0.,0.967732953883,-0.251978034694));
#9606 = ADVANCED_FACE('',(#9607),#9618,.T.);
#9607 = FACE_BOUND('',#9608,.T.);
#9608 = EDGE_LOOP('',(#9609,#9615,#9616,#9617));
#9609 = ORIENTED_EDGE('',*,*,#9610,.F.);
#9610 = EDGE_CURVE('',#2993,#3339,#9611,.T.);
#9611 = LINE('',#9612,#9613);
#9612 = CARTESIAN_POINT('',(37.300003051758,8.5,2.75));
#9613 = VECTOR('',#9614,1.);
#9614 = DIRECTION('',(1.,0.,0.));
#9615 = ORIENTED_EDGE('',*,*,#2992,.F.);
#9616 = ORIENTED_EDGE('',*,*,#9593,.T.);
#9617 = ORIENTED_EDGE('',*,*,#3346,.F.);
#9618 = PLANE('',#9619);
#9619 = AXIS2_PLACEMENT_3D('',#9620,#9621,#9622);
#9620 = CARTESIAN_POINT('',(38.550001144409,8.056372880936,
    2.787758231163));
#9621 = DIRECTION('',(0.,8.480592167359E-02,0.996397488781));
#9622 = DIRECTION('',(0.,0.996397488781,-8.480592167359E-02));
#9623 = ADVANCED_FACE('',(#9624),#9635,.T.);
#9624 = FACE_BOUND('',#9625,.T.);
#9625 = EDGE_LOOP('',(#9626,#9632,#9633,#9634));
#9626 = ORIENTED_EDGE('',*,*,#9627,.F.);
#9627 = EDGE_CURVE('',#3001,#3331,#9628,.T.);
#9628 = LINE('',#9629,#9630);
#9629 = CARTESIAN_POINT('',(37.300003051758,9.387254714966,
    2.825516462326));
#9630 = VECTOR('',#9631,1.);
#9631 = DIRECTION('',(1.,0.,0.));
#9632 = ORIENTED_EDGE('',*,*,#3000,.F.);
#9633 = ORIENTED_EDGE('',*,*,#9610,.T.);
#9634 = ORIENTED_EDGE('',*,*,#3338,.F.);
#9635 = PLANE('',#9636);
#9636 = AXIS2_PLACEMENT_3D('',#9637,#9638,#9639);
#9637 = CARTESIAN_POINT('',(38.550001144409,8.943627357483,
    2.787758231163));
#9638 = DIRECTION('',(0.,-8.480587642415E-02,0.996397492632));
#9639 = DIRECTION('',(0.,0.996397492632,8.480587642415E-02));
#9640 = ADVANCED_FACE('',(#9641),#9652,.T.);
#9641 = FACE_BOUND('',#9642,.T.);
#9642 = EDGE_LOOP('',(#9643,#9649,#9650,#9651));
#9643 = ORIENTED_EDGE('',*,*,#9644,.F.);
#9644 = EDGE_CURVE('',#3009,#3323,#9645,.T.);
#9645 = LINE('',#9646,#9647);
#9646 = CARTESIAN_POINT('',(37.300003051758,10.248984336853,
    3.049893379211));
#9647 = VECTOR('',#9648,1.);
#9648 = DIRECTION('',(1.,0.,0.));
#9649 = ORIENTED_EDGE('',*,*,#3008,.F.);
#9650 = ORIENTED_EDGE('',*,*,#9627,.T.);
#9651 = ORIENTED_EDGE('',*,*,#3330,.F.);
#9652 = PLANE('',#9653);
#9653 = AXIS2_PLACEMENT_3D('',#9654,#9655,#9656);
#9654 = CARTESIAN_POINT('',(38.550001144409,9.818119525909,
    2.937704920769));
#9655 = DIRECTION('',(0.,-0.251978034694,0.967732953883));
#9656 = DIRECTION('',(0.,0.967732953883,0.251978034694));
#9657 = ADVANCED_FACE('',(#9658),#9669,.T.);
#9658 = FACE_BOUND('',#9659,.T.);
#9659 = EDGE_LOOP('',(#9660,#9666,#9667,#9668));
#9660 = ORIENTED_EDGE('',*,*,#9661,.F.);
#9661 = EDGE_CURVE('',#3017,#3315,#9662,.T.);
#9662 = LINE('',#9663,#9664);
#9663 = CARTESIAN_POINT('',(37.300003051758,11.060398101807,
    3.416675806046));
#9664 = VECTOR('',#9665,1.);
#9665 = DIRECTION('',(1.,0.,0.));
#9666 = ORIENTED_EDGE('',*,*,#3016,.F.);
#9667 = ORIENTED_EDGE('',*,*,#9644,.T.);
#9668 = ORIENTED_EDGE('',*,*,#3322,.F.);
#9669 = PLANE('',#9670);
#9670 = AXIS2_PLACEMENT_3D('',#9671,#9672,#9673);
#9671 = CARTESIAN_POINT('',(38.550001144409,10.65469121933,
    3.233284592628));
#9672 = DIRECTION('',(0.,-0.411901508657,0.911228372674));
#9673 = DIRECTION('',(0.,0.911228372674,0.411901508657));
#9674 = ADVANCED_FACE('',(#9675),#9686,.T.);
#9675 = FACE_BOUND('',#9676,.T.);
#9676 = EDGE_LOOP('',(#9677,#9683,#9684,#9685));
#9677 = ORIENTED_EDGE('',*,*,#9678,.F.);
#9678 = EDGE_CURVE('',#3025,#3307,#9679,.T.);
#9679 = LINE('',#9680,#9681);
#9680 = CARTESIAN_POINT('',(37.300003051758,11.798154830933,
    3.915312290192));
#9681 = VECTOR('',#9682,1.);
#9682 = DIRECTION('',(1.,0.,0.));
#9683 = ORIENTED_EDGE('',*,*,#3024,.F.);
#9684 = ORIENTED_EDGE('',*,*,#9661,.T.);
#9685 = ORIENTED_EDGE('',*,*,#3314,.F.);
#9686 = PLANE('',#9687);
#9687 = AXIS2_PLACEMENT_3D('',#9688,#9689,#9690);
#9688 = CARTESIAN_POINT('',(38.550001144409,11.42927646637,
    3.665994048119));
#9689 = DIRECTION('',(0.,-0.559974760054,0.828509666873));
#9690 = DIRECTION('',(0.,0.828509666873,0.559974760054));
#9691 = ADVANCED_FACE('',(#9692),#9703,.T.);
#9692 = FACE_BOUND('',#9693,.T.);
#9693 = EDGE_LOOP('',(#9694,#9700,#9701,#9702));
#9694 = ORIENTED_EDGE('',*,*,#9695,.F.);
#9695 = EDGE_CURVE('',#3033,#3305,#9696,.T.);
#9696 = LINE('',#9697,#9698);
#9697 = CARTESIAN_POINT('',(37.300003051758,12.441029548645,
    4.531457424164));
#9698 = VECTOR('',#9699,1.);
#9699 = DIRECTION('',(1.,0.,0.));
#9700 = ORIENTED_EDGE('',*,*,#3032,.F.);
#9701 = ORIENTED_EDGE('',*,*,#9678,.T.);
#9702 = ORIENTED_EDGE('',*,*,#3304,.F.);
#9703 = PLANE('',#9704);
#9704 = AXIS2_PLACEMENT_3D('',#9705,#9706,#9707);
#9705 = CARTESIAN_POINT('',(38.550001144409,12.119592189789,
    4.223384857178));
#9706 = DIRECTION('',(0.,-0.691938649393,0.72195630441));
#9707 = DIRECTION('',(0.,0.72195630441,0.691938649393));
#9708 = ADVANCED_FACE('',(#9709),#9715,.T.);
#9709 = FACE_BOUND('',#9710,.T.);
#9710 = EDGE_LOOP('',(#9711,#9712,#9713,#9714));
#9711 = ORIENTED_EDGE('',*,*,#9082,.F.);
#9712 = ORIENTED_EDGE('',*,*,#3040,.F.);
#9713 = ORIENTED_EDGE('',*,*,#9695,.T.);
#9714 = ORIENTED_EDGE('',*,*,#3594,.F.);
#9715 = PLANE('',#9716);
#9716 = AXIS2_PLACEMENT_3D('',#9717,#9718,#9719);
#9717 = CARTESIAN_POINT('',(38.550001144409,12.705778598785,
    4.88942193985));
#9718 = DIRECTION('',(0.,-0.803997264439,0.594632995027));
#9719 = DIRECTION('',(0.,-0.594632995027,-0.803997264439));
#9720 = ADVANCED_FACE('',(#9721),#9726,.T.);
#9721 = FACE_BOUND('',#9722,.T.);
#9722 = EDGE_LOOP('',(#9723,#9724,#9725));
#9723 = ORIENTED_EDGE('',*,*,#3562,.F.);
#9724 = ORIENTED_EDGE('',*,*,#9147,.F.);
#9725 = ORIENTED_EDGE('',*,*,#9131,.F.);
#9726 = PLANE('',#9727);
#9727 = AXIS2_PLACEMENT_3D('',#9728,#9729,#9730);
#9728 = CARTESIAN_POINT('',(38.735881585497,13.73630734372,
    8.130405389832));
#9729 = DIRECTION('',(-5.672927691904E-03,-0.999082892466,
    -4.244045090973E-02));
#9730 = DIRECTION('',(7.427115796201E-21,4.244113383781E-02,
    -0.999098969151));
#9731 = ADVANCED_FACE('',(#9732),#9742,.T.);
#9732 = FACE_BOUND('',#9733,.T.);
#9733 = EDGE_LOOP('',(#9734,#9735,#9741));
#9734 = ORIENTED_EDGE('',*,*,#4041,.F.);
#9735 = ORIENTED_EDGE('',*,*,#9736,.F.);
#9736 = EDGE_CURVE('',#3945,#4034,#9737,.T.);
#9737 = LINE('',#9738,#9739);
#9738 = CARTESIAN_POINT('',(27.349977493286,71.399765014648,0.));
#9739 = VECTOR('',#9740,1.);
#9740 = DIRECTION('',(4.291338115766E-02,4.223841528682E-02,
    0.99818553285));
#9741 = ORIENTED_EDGE('',*,*,#3993,.T.);
#9742 = PLANE('',#9743);
#9743 = AXIS2_PLACEMENT_3D('',#9744,#9745,#9746);
#9744 = CARTESIAN_POINT('',(27.661743021252,71.702116232369,
    8.043070353023));
#9745 = DIRECTION('',(-0.745005862949,0.667047078052,3.802608771493E-03)
  );
#9746 = DIRECTION('',(-0.667051900799,-0.745011249338,3.516695426446E-20
    ));
#9747 = ADVANCED_FACE('',(#9748),#9765,.T.);
#9748 = FACE_BOUND('',#9749,.T.);
#9749 = EDGE_LOOP('',(#9750,#9751,#9759));
#9750 = ORIENTED_EDGE('',*,*,#4033,.T.);
#9751 = ORIENTED_EDGE('',*,*,#9752,.F.);
#9752 = EDGE_CURVE('',#9753,#419,#9755,.T.);
#9753 = VERTEX_POINT('',#9754);
#9754 = CARTESIAN_POINT('',(28.083957672119,72.141204833984,
    15.958143234253));
#9755 = LINE('',#9756,#9757);
#9756 = CARTESIAN_POINT('',(28.083957672119,72.141204833984,
    15.958143234253));
#9757 = VECTOR('',#9758,1.);
#9758 = DIRECTION('',(0.997634986357,-6.747164459614E-02,
    1.311530293954E-02));
#9759 = ORIENTED_EDGE('',*,*,#9760,.T.);
#9760 = EDGE_CURVE('',#9753,#4034,#9761,.T.);
#9761 = LINE('',#9762,#9763);
#9762 = CARTESIAN_POINT('',(28.083957672119,72.141204833984,
    15.958143234253));
#9763 = VECTOR('',#9764,1.);
#9764 = DIRECTION('',(-0.578117498654,-0.800961018469,0.155697156825));
#9765 = PLANE('',#9766);
#9766 = AXIS2_PLACEMENT_3D('',#9767,#9768,#9769);
#9767 = CARTESIAN_POINT('',(29.643793734673,72.01817127075,
    15.982058890387));
#9768 = DIRECTION('',(3.47673572931E-07,0.190815964911,0.981625828682));
#9769 = DIRECTION('',(2.298481573212E-24,0.981625828682,-0.190815964911)
  );
#9770 = ADVANCED_FACE('',(#9771),#9781,.T.);
#9771 = FACE_BOUND('',#9772,.T.);
#9772 = EDGE_LOOP('',(#9773,#9774,#9780));
#9773 = ORIENTED_EDGE('',*,*,#6671,.T.);
#9774 = ORIENTED_EDGE('',*,*,#9775,.F.);
#9775 = EDGE_CURVE('',#4074,#6664,#9776,.T.);
#9776 = LINE('',#9777,#9778);
#9777 = CARTESIAN_POINT('',(35.800003051758,62.389106750488,
    0.455422103405));
#9778 = VECTOR('',#9779,1.);
#9779 = DIRECTION('',(-5.036603891248E-02,-0.692287324992,
    -0.719862154707));
#9780 = ORIENTED_EDGE('',*,*,#4073,.T.);
#9781 = PLANE('',#9782);
#9782 = AXIS2_PLACEMENT_3D('',#9783,#9784,#9785);
#9783 = CARTESIAN_POINT('',(35.791836003434,62.115328779308,
    0.207972303234));
#9784 = DIRECTION('',(0.926540631598,0.236664237531,-0.292425198422));
#9785 = DIRECTION('',(0.30097546044,-3.176570781275E-18,0.953631885065)
  );
#9786 = ADVANCED_FACE('',(#9787),#9804,.T.);
#9787 = FACE_BOUND('',#9788,.T.);
#9788 = EDGE_LOOP('',(#9789,#9790,#9798));
#9789 = ORIENTED_EDGE('',*,*,#4081,.F.);
#9790 = ORIENTED_EDGE('',*,*,#9791,.T.);
#9791 = EDGE_CURVE('',#4074,#9792,#9794,.T.);
#9792 = VERTEX_POINT('',#9793);
#9793 = CARTESIAN_POINT('',(29.573463439941,97.592552185059,
    6.929570674896));
#9794 = LINE('',#9795,#9796);
#9795 = CARTESIAN_POINT('',(35.800003051758,62.389106750488,
    0.455422103405));
#9796 = VECTOR('',#9797,1.);
#9797 = DIRECTION('',(-0.171382006882,0.96895507037,0.178197304475));
#9798 = ORIENTED_EDGE('',*,*,#9799,.T.);
#9799 = EDGE_CURVE('',#9792,#4082,#9800,.T.);
#9800 = LINE('',#9801,#9802);
#9801 = CARTESIAN_POINT('',(29.573463439941,97.592552185059,
    6.929570674896));
#9802 = VECTOR('',#9803,1.);
#9803 = DIRECTION('',(0.172129577396,-0.96946457287,-0.174670691692));
#9804 = PLANE('',#9805);
#9805 = AXIS2_PLACEMENT_3D('',#9806,#9807,#9808);
#9806 = CARTESIAN_POINT('',(32.695541361889,79.974667642125,
    3.722285609624));
#9807 = DIRECTION('',(0.963503481693,0.202596539862,-0.174973377405));
#9808 = DIRECTION('',(-0.205770934114,0.978600185302,-1.868173514278E-18
    ));
#9809 = ADVANCED_FACE('',(#9810),#9827,.T.);
#9810 = FACE_BOUND('',#9811,.T.);
#9811 = EDGE_LOOP('',(#9812,#9813,#9821));
#9812 = ORIENTED_EDGE('',*,*,#4089,.F.);
#9813 = ORIENTED_EDGE('',*,*,#9814,.F.);
#9814 = EDGE_CURVE('',#9815,#4082,#9817,.T.);
#9815 = VERTEX_POINT('',#9816);
#9816 = CARTESIAN_POINT('',(29.700716018677,97.647262573242,
    7.438334941864));
#9817 = LINE('',#9818,#9819);
#9818 = CARTESIAN_POINT('',(29.700716018677,97.647262573242,
    7.438334941864));
#9819 = VECTOR('',#9820,1.);
#9820 = DIRECTION('',(0.168037426256,-0.967669719291,-0.188092364928));
#9821 = ORIENTED_EDGE('',*,*,#9822,.T.);
#9822 = EDGE_CURVE('',#9815,#4090,#9823,.T.);
#9823 = LINE('',#9824,#9825);
#9824 = CARTESIAN_POINT('',(29.700716018677,97.647262573242,
    7.438334941864));
#9825 = VECTOR('',#9826,1.);
#9826 = DIRECTION('',(0.16853938264,-0.968037954066,-0.185733669505));
#9827 = PLANE('',#9828);
#9828 = AXIS2_PLACEMENT_3D('',#9829,#9830,#9831);
#9829 = CARTESIAN_POINT('',(32.756223764857,80.074475192437,
    4.04459288886));
#9830 = DIRECTION('',(0.964022738755,0.201176551135,-0.173747386846));
#9831 = DIRECTION('',(-0.204283653493,0.97891173704,-6.116778620573E-18)
  );
#9832 = ADVANCED_FACE('',(#9833),#9843,.T.);
#9833 = FACE_BOUND('',#9834,.T.);
#9834 = EDGE_LOOP('',(#9835,#9836,#9837));
#9835 = ORIENTED_EDGE('',*,*,#4097,.F.);
#9836 = ORIENTED_EDGE('',*,*,#9822,.F.);
#9837 = ORIENTED_EDGE('',*,*,#9838,.T.);
#9838 = EDGE_CURVE('',#9815,#4098,#9839,.T.);
#9839 = LINE('',#9840,#9841);
#9840 = CARTESIAN_POINT('',(29.700716018677,97.647262573242,
    7.438334941864));
#9841 = VECTOR('',#9842,1.);
#9842 = DIRECTION('',(0.169159883311,-0.96872113764,-0.181560709867));
#9843 = PLANE('',#9844);
#9844 = AXIS2_PLACEMENT_3D('',#9845,#9846,#9847);
#9845 = CARTESIAN_POINT('',(32.758930017475,80.1078226349,4.111945884844
    ));
#9846 = DIRECTION('',(0.97488992139,0.191529336276,-0.113605257439));
#9847 = DIRECTION('',(-0.192777383576,0.981242518637,1.5822387889E-19));
#9848 = ADVANCED_FACE('',(#9849),#9859,.T.);
#9849 = FACE_BOUND('',#9850,.T.);
#9850 = EDGE_LOOP('',(#9851,#9852,#9858));
#9851 = ORIENTED_EDGE('',*,*,#9838,.F.);
#9852 = ORIENTED_EDGE('',*,*,#9853,.F.);
#9853 = EDGE_CURVE('',#4106,#9815,#9854,.T.);
#9854 = LINE('',#9855,#9856);
#9855 = CARTESIAN_POINT('',(35.800003051758,62.767879486084,
    1.022962331772));
#9856 = VECTOR('',#9857,1.);
#9857 = DIRECTION('',(-0.169494644529,0.969272081423,0.178278427326));
#9858 = ORIENTED_EDGE('',*,*,#4105,.F.);
#9859 = PLANE('',#9860);
#9860 = AXIS2_PLACEMENT_3D('',#9861,#9862,#9863);
#9861 = CARTESIAN_POINT('',(32.756272824179,80.161429338651,
    4.19157233223));
#9862 = DIRECTION('',(0.980465468654,0.184159055032,-6.908623037446E-02)
  );
#9863 = DIRECTION('',(-0.184600121581,0.982813713331,1.80326142376E-18)
  );
#9864 = ADVANCED_FACE('',(#9865),#9875,.T.);
#9865 = FACE_BOUND('',#9866,.T.);
#9866 = EDGE_LOOP('',(#9867,#9868,#9874));
#9867 = ORIENTED_EDGE('',*,*,#9853,.T.);
#9868 = ORIENTED_EDGE('',*,*,#9869,.F.);
#9869 = EDGE_CURVE('',#4114,#9815,#9870,.T.);
#9870 = LINE('',#9871,#9872);
#9871 = CARTESIAN_POINT('',(35.800003051758,62.787620544434,
    1.129770278931));
#9872 = VECTOR('',#9873,1.);
#9873 = DIRECTION('',(-0.169673970583,0.969748405681,0.175495793071));
#9874 = ORIENTED_EDGE('',*,*,#4113,.F.);
#9875 = PLANE('',#9876);
#9876 = AXIS2_PLACEMENT_3D('',#9877,#9878,#9879);
#9877 = CARTESIAN_POINT('',(32.754957524576,80.186217067623,
    4.252540513267));
#9878 = DIRECTION('',(0.98347467116,0.178030435689,-3.290494118326E-02)
  );
#9879 = DIRECTION('',(-0.178126893931,0.984007525204,6.210590515892E-19)
  );
#9880 = ADVANCED_FACE('',(#9881),#9898,.T.);
#9881 = FACE_BOUND('',#9882,.T.);
#9882 = EDGE_LOOP('',(#9883,#9891,#9897));
#9883 = ORIENTED_EDGE('',*,*,#9884,.T.);
#9884 = EDGE_CURVE('',#4114,#9885,#9887,.T.);
#9885 = VERTEX_POINT('',#9886);
#9886 = CARTESIAN_POINT('',(29.707441329956,97.648643493652,
    7.473009109497));
#9887 = LINE('',#9888,#9889);
#9888 = CARTESIAN_POINT('',(35.800003051758,62.787620544434,
    1.129770278931));
#9889 = VECTOR('',#9890,1.);
#9890 = DIRECTION('',(-0.169457182658,0.969616887492,0.176429461077));
#9891 = ORIENTED_EDGE('',*,*,#9892,.F.);
#9892 = EDGE_CURVE('',#4122,#9885,#9893,.T.);
#9893 = LINE('',#9894,#9895);
#9894 = CARTESIAN_POINT('',(35.800003051758,62.790004730225,
    1.180535316467));
#9895 = VECTOR('',#9896,1.);
#9896 = DIRECTION('',(-0.169510147953,0.969853615611,0.175072196615));
#9897 = ORIENTED_EDGE('',*,*,#4121,.F.);
#9898 = PLANE('',#9899);
#9899 = AXIS2_PLACEMENT_3D('',#9900,#9901,#9902);
#9900 = CARTESIAN_POINT('',(32.755874001811,80.206415948463,
    4.311847589951));
#9901 = DIRECTION('',(0.984784024194,0.17359135508,-8.152737831014E-03)
  );
#9902 = DIRECTION('',(-0.173597124428,0.984816753711,-6.486095168907E-20
    ));
#9903 = ADVANCED_FACE('',(#9904),#9929,.T.);
#9904 = FACE_BOUND('',#9905,.T.);
#9905 = EDGE_LOOP('',(#9906,#9914,#9922,#9928));
#9906 = ORIENTED_EDGE('',*,*,#9907,.T.);
#9907 = EDGE_CURVE('',#4122,#9908,#9910,.T.);
#9908 = VERTEX_POINT('',#9909);
#9909 = CARTESIAN_POINT('',(29.74600982666,97.648643493652,
    7.956367969513));
#9910 = LINE('',#9911,#9912);
#9911 = CARTESIAN_POINT('',(35.800003051758,62.790004730225,
    1.180535316467));
#9912 = VECTOR('',#9913,1.);
#9913 = DIRECTION('',(-0.168057105871,0.967665758346,0.188095160202));
#9914 = ORIENTED_EDGE('',*,*,#9915,.T.);
#9915 = EDGE_CURVE('',#9908,#9916,#9918,.T.);
#9916 = VERTEX_POINT('',#9917);
#9917 = CARTESIAN_POINT('',(29.74600982666,97.648643493652,8.04363155365
    ));
#9918 = LINE('',#9919,#9920);
#9919 = CARTESIAN_POINT('',(29.74600982666,97.648643493652,
    7.956367969513));
#9920 = VECTOR('',#9921,1.);
#9921 = DIRECTION('',(0.,0.,1.));
#9922 = ORIENTED_EDGE('',*,*,#9923,.T.);
#9923 = EDGE_CURVE('',#9916,#4130,#9924,.T.);
#9924 = LINE('',#9925,#9926);
#9925 = CARTESIAN_POINT('',(29.74600982666,97.648643493652,8.04363155365
    ));
#9926 = VECTOR('',#9927,1.);
#9927 = DIRECTION('',(0.168057105453,-0.967665755936,0.188095172971));
#9928 = ORIENTED_EDGE('',*,*,#4129,.F.);
#9929 = PLANE('',#9930);
#9930 = AXIS2_PLACEMENT_3D('',#9931,#9932,#9933);
#9931 = CARTESIAN_POINT('',(33.251255095399,77.465588432797,
    7.999999903213));
#9932 = DIRECTION('',(0.985251704662,0.171111304303,0.));
#9933 = DIRECTION('',(-0.171111304303,0.985251704662,0.));
#9934 = ADVANCED_FACE('',(#9935),#9945,.T.);
#9935 = FACE_BOUND('',#9936,.T.);
#9936 = EDGE_LOOP('',(#9937,#9943,#9944));
#9937 = ORIENTED_EDGE('',*,*,#9938,.T.);
#9938 = EDGE_CURVE('',#9916,#4138,#9939,.T.);
#9939 = LINE('',#9940,#9941);
#9940 = CARTESIAN_POINT('',(29.74600982666,97.648643493652,8.04363155365
    ));
#9941 = VECTOR('',#9942,1.);
#9942 = DIRECTION('',(0.167930067101,-0.967179764887,0.190690311649));
#9943 = ORIENTED_EDGE('',*,*,#4137,.F.);
#9944 = ORIENTED_EDGE('',*,*,#9923,.F.);
#9945 = PLANE('',#9946);
#9946 = AXIS2_PLACEMENT_3D('',#9947,#9948,#9949);
#9947 = CARTESIAN_POINT('',(32.777161862663,80.19318096103,
    11.460912792138));
#9948 = DIRECTION('',(0.984615815796,0.174034734921,1.56078930416E-02));
#9949 = DIRECTION('',(-0.174055936776,0.984735767032,2.171633485639E-19)
  );
#9950 = ADVANCED_FACE('',(#9951),#9961,.T.);
#9951 = FACE_BOUND('',#9952,.T.);
#9952 = EDGE_LOOP('',(#9953,#9954,#9960));
#9953 = ORIENTED_EDGE('',*,*,#9938,.F.);
#9954 = ORIENTED_EDGE('',*,*,#9955,.F.);
#9955 = EDGE_CURVE('',#4146,#9916,#9956,.T.);
#9956 = LINE('',#9957,#9958);
#9957 = CARTESIAN_POINT('',(35.800003051758,62.749504089355,
    15.034595489502));
#9958 = VECTOR('',#9959,1.);
#9959 = DIRECTION('',(-0.167683637822,0.966637132644,-0.193635873226));
#9960 = ORIENTED_EDGE('',*,*,#4145,.F.);
#9961 = PLANE('',#9962);
#9962 = AXIS2_PLACEMENT_3D('',#9963,#9964,#9965);
#9963 = CARTESIAN_POINT('',(32.778060425619,80.177859386064,
    11.51581034165));
#9964 = DIRECTION('',(0.982403608677,0.180231648983,4.898675702453E-02)
  );
#9965 = DIRECTION('',(-0.180448290124,0.983584472525,4.329726866767E-19)
  );
#9966 = ADVANCED_FACE('',(#9967),#9977,.T.);
#9967 = FACE_BOUND('',#9968,.T.);
#9968 = EDGE_LOOP('',(#9969,#9970,#9976));
#9969 = ORIENTED_EDGE('',*,*,#9955,.T.);
#9970 = ORIENTED_EDGE('',*,*,#9971,.F.);
#9971 = EDGE_CURVE('',#4154,#9916,#9972,.T.);
#9972 = LINE('',#9973,#9974);
#9973 = CARTESIAN_POINT('',(35.800003051758,62.679359436035,
    15.182965278625));
#9974 = VECTOR('',#9975,1.);
#9975 = DIRECTION('',(-0.167235356149,0.965990620769,-0.197216774742));
#9976 = ORIENTED_EDGE('',*,*,#4153,.F.);
#9977 = PLANE('',#9978);
#9978 = AXIS2_PLACEMENT_3D('',#9979,#9980,#9981);
#9979 = CARTESIAN_POINT('',(32.779861538101,80.14195726471,
    11.584255561346));
#9980 = DIRECTION('',(0.978267394956,0.187453915552,8.862242103061E-02)
  );
#9981 = DIRECTION('',(-0.188194405532,0.982131796515,1.172784405868E-18)
  );
#9982 = ADVANCED_FACE('',(#9983),#10000,.T.);
#9983 = FACE_BOUND('',#9984,.T.);
#9984 = EDGE_LOOP('',(#9985,#9993,#9999));
#9985 = ORIENTED_EDGE('',*,*,#9986,.T.);
#9986 = EDGE_CURVE('',#4154,#9987,#9989,.T.);
#9987 = VERTEX_POINT('',#9988);
#9988 = CARTESIAN_POINT('',(29.707441329956,97.648643493652,
    8.526990890503));
#9989 = LINE('',#9990,#9991);
#9990 = CARTESIAN_POINT('',(35.800003051758,62.679359436035,
    15.182965278625));
#9991 = VECTOR('',#9992,1.);
#9992 = DIRECTION('',(-0.168700290444,0.968283728011,-0.184300933455));
#9993 = ORIENTED_EDGE('',*,*,#9994,.F.);
#9994 = EDGE_CURVE('',#4162,#9987,#9995,.T.);
#9995 = LINE('',#9996,#9997);
#9996 = CARTESIAN_POINT('',(35.800003051758,62.534042358398,
    15.3872423172));
#9997 = VECTOR('',#9998,1.);
#9998 = DIRECTION('',(-0.167869261527,0.967517840698,-0.189021530429));
#9999 = ORIENTED_EDGE('',*,*,#4161,.F.);
#10000 = PLANE('',#10001);
#10001 = AXIS2_PLACEMENT_3D('',#10002,#10003,#10004);
#10002 = CARTESIAN_POINT('',(32.764232622524,80.067131066082,
    11.917831595797));
#10003 = DIRECTION('',(0.9707568269,0.195618057426,0.139157316145));
#10004 = DIRECTION('',(-0.197540065565,0.980294814072,
    -3.525888879424E-20));
#10005 = ADVANCED_FACE('',(#10006),#10023,.T.);
#10006 = FACE_BOUND('',#10007,.T.);
#10007 = EDGE_LOOP('',(#10008,#10009,#10017));
#10008 = ORIENTED_EDGE('',*,*,#4169,.F.);
#10009 = ORIENTED_EDGE('',*,*,#10010,.F.);
#10010 = EDGE_CURVE('',#10011,#4162,#10013,.T.);
#10011 = VERTEX_POINT('',#10012);
#10012 = CARTESIAN_POINT('',(29.583393096924,97.598678588867,
    9.040298461914));
#10013 = LINE('',#10014,#10015);
#10014 = CARTESIAN_POINT('',(29.583393096924,97.598678588867,
    9.040298461914));
#10015 = VECTOR('',#10016,1.);
#10016 = DIRECTION('',(0.171859529427,-0.969369467586,0.17546263835));
#10017 = ORIENTED_EDGE('',*,*,#10018,.T.);
#10018 = EDGE_CURVE('',#10011,#4170,#10019,.T.);
#10019 = LINE('',#10020,#10021);
#10020 = CARTESIAN_POINT('',(29.583393096924,97.598678588867,
    9.040298461914));
#10021 = VECTOR('',#10022,1.);
#10022 = DIRECTION('',(0.171844240723,-0.969356413456,0.175549709833));
#10023 = PLANE('',#10024);
#10024 = AXIS2_PLACEMENT_3D('',#10025,#10026,#10027);
#10025 = CARTESIAN_POINT('',(32.691894034804,80.064593242296,
    12.214899198632));
#10026 = DIRECTION('',(0.97015265489,0.197473494283,0.140741057499));
#10027 = DIRECTION('',(-0.199458819471,0.979906209458,
    -2.192363670167E-18));
#10028 = ADVANCED_FACE('',(#10029),#10044,.T.);
#10029 = FACE_BOUND('',#10030,.T.);
#10030 = EDGE_LOOP('',(#10031,#10032,#10038));
#10031 = ORIENTED_EDGE('',*,*,#4177,.F.);
#10032 = ORIENTED_EDGE('',*,*,#10033,.F.);
#10033 = EDGE_CURVE('',#4247,#4170,#10034,.T.);
#10034 = LINE('',#10035,#10036);
#10035 = CARTESIAN_POINT('',(29.573274612427,97.592231750488,
    9.069966316223));
#10036 = VECTOR('',#10037,1.);
#10037 = DIRECTION('',(0.172170135988,-0.969438300889,0.174776500263));
#10038 = ORIENTED_EDGE('',*,*,#10039,.T.);
#10039 = EDGE_CURVE('',#4247,#4056,#10040,.T.);
#10040 = LINE('',#10041,#10042);
#10041 = CARTESIAN_POINT('',(29.573274612427,97.592231750488,
    9.069966316223));
#10042 = VECTOR('',#10043,1.);
#10043 = DIRECTION('',(0.170347264294,-0.968431747199,0.181993847601));
#10044 = PLANE('',#10045);
#10045 = AXIS2_PLACEMENT_3D('',#10046,#10047,#10048);
#10046 = CARTESIAN_POINT('',(32.706787429241,79.862770271755,
    12.334753911501));
#10047 = DIRECTION('',(0.954872416316,0.207837269458,0.212184678952));
#10048 = DIRECTION('',(-0.216921503471,-3.417866108396E-18,
    0.976189049996));
#10049 = ADVANCED_FACE('',(#10050),#10067,.T.);
#10050 = FACE_BOUND('',#10051,.T.);
#10051 = EDGE_LOOP('',(#10052,#10060,#10066));
#10052 = ORIENTED_EDGE('',*,*,#10053,.F.);
#10053 = EDGE_CURVE('',#10054,#4192,#10056,.T.);
#10054 = VERTEX_POINT('',#10055);
#10055 = CARTESIAN_POINT('',(27.7991771698,91.898391723633,
    12.117735862732));
#10056 = LINE('',#10057,#10058);
#10057 = CARTESIAN_POINT('',(27.7991771698,91.898391723633,
    12.117735862732));
#10058 = VECTOR('',#10059,1.);
#10059 = DIRECTION('',(0.857353076725,0.481644170918,-0.181561544528));
#10060 = ORIENTED_EDGE('',*,*,#10061,.F.);
#10061 = EDGE_CURVE('',#419,#10054,#10062,.T.);
#10062 = LINE('',#10063,#10064);
#10063 = CARTESIAN_POINT('',(31.267854690552,71.925872802734,16.));
#10064 = VECTOR('',#10065,1.);
#10065 = DIRECTION('',(-0.168056947219,0.967665785605,-0.188095161717));
#10066 = ORIENTED_EDGE('',*,*,#4199,.T.);
#10067 = PLANE('',#10068);
#10068 = AXIS2_PLACEMENT_3D('',#10069,#10070,#10071);
#10069 = CARTESIAN_POINT('',(29.630453733343,82.10949883851,
    14.008241326943));
#10070 = DIRECTION('',(9.10668801827E-02,0.205233026888,0.97446715081));
#10071 = DIRECTION('',(-7.193986176766E-19,0.978533172658,
    -0.206089373837));
#10072 = ADVANCED_FACE('',(#10073),#10078,.T.);
#10073 = FACE_BOUND('',#10074,.T.);
#10074 = EDGE_LOOP('',(#10075,#10076,#10077));
#10075 = ORIENTED_EDGE('',*,*,#4215,.T.);
#10076 = ORIENTED_EDGE('',*,*,#10039,.F.);
#10077 = ORIENTED_EDGE('',*,*,#4255,.F.);
#10078 = PLANE('',#10079);
#10079 = AXIS2_PLACEMENT_3D('',#10080,#10081,#10082);
#10080 = CARTESIAN_POINT('',(32.694170327033,79.742451212684,
    12.482900831155));
#10081 = DIRECTION('',(0.928400833149,0.219631657031,0.299722919108));
#10082 = DIRECTION('',(-0.307224458816,1.478090913072E-19,0.951637079934
    ));
#10083 = ADVANCED_FACE('',(#10084),#10101,.T.);
#10084 = FACE_BOUND('',#10085,.T.);
#10085 = EDGE_LOOP('',(#10086,#10087,#10095));
#10086 = ORIENTED_EDGE('',*,*,#4246,.F.);
#10087 = ORIENTED_EDGE('',*,*,#10088,.F.);
#10088 = EDGE_CURVE('',#10089,#4247,#10091,.T.);
#10089 = VERTEX_POINT('',#10090);
#10090 = CARTESIAN_POINT('',(29.467733383179,97.52498626709,
    9.379415512085));
#10091 = LINE('',#10092,#10093);
#10092 = CARTESIAN_POINT('',(29.467733383179,97.52498626709,
    9.379415512085));
#10093 = VECTOR('',#10094,1.);
#10094 = DIRECTION('',(0.316184906481,0.201456881174,-0.927061071311));
#10095 = ORIENTED_EDGE('',*,*,#10096,.T.);
#10096 = EDGE_CURVE('',#10089,#291,#10097,.T.);
#10097 = LINE('',#10098,#10099);
#10098 = CARTESIAN_POINT('',(29.467733383179,97.52498626709,
    9.379415512085));
#10099 = VECTOR('',#10100,1.);
#10100 = DIRECTION('',(0.166155193799,-0.967307661786,0.191594204043));
#10101 = PLANE('',#10102);
#10102 = AXIS2_PLACEMENT_3D('',#10103,#10104,#10105);
#10103 = CARTESIAN_POINT('',(32.351275661244,80.909336115803,
    12.595967056994));
#10104 = DIRECTION('',(0.905768960143,0.226522858778,0.358147993563));
#10105 = DIRECTION('',(-0.367706204048,7.984183717981E-18,0.92994201298)
  );
#10106 = ADVANCED_FACE('',(#10107),#10117,.T.);
#10107 = FACE_BOUND('',#10108,.T.);
#10108 = EDGE_LOOP('',(#10109,#10110,#10111));
#10109 = ORIENTED_EDGE('',*,*,#4286,.T.);
#10110 = ORIENTED_EDGE('',*,*,#10096,.F.);
#10111 = ORIENTED_EDGE('',*,*,#10112,.F.);
#10112 = EDGE_CURVE('',#4287,#10089,#10113,.T.);
#10113 = LINE('',#10114,#10115);
#10114 = CARTESIAN_POINT('',(29.391708374023,97.463966369629,
    9.537588119507));
#10115 = VECTOR('',#10116,1.);
#10116 = DIRECTION('',(0.409175613382,0.328416323122,-0.851303727303));
#10117 = PLANE('',#10118);
#10118 = AXIS2_PLACEMENT_3D('',#10119,#10120,#10121);
#10119 = CARTESIAN_POINT('',(32.311757983518,80.841791430785,
    12.720427980596));
#10120 = DIRECTION('',(0.835014292886,0.241368838534,0.494461539921));
#10121 = DIRECTION('',(-0.509526479284,1.421798224584E-17,0.860454976689
    ));
#10122 = ADVANCED_FACE('',(#10123),#10133,.T.);
#10123 = FACE_BOUND('',#10124,.T.);
#10124 = EDGE_LOOP('',(#10125,#10126,#10127));
#10125 = ORIENTED_EDGE('',*,*,#4325,.T.);
#10126 = ORIENTED_EDGE('',*,*,#4294,.F.);
#10127 = ORIENTED_EDGE('',*,*,#10128,.F.);
#10128 = EDGE_CURVE('',#4326,#4287,#10129,.T.);
#10129 = LINE('',#10130,#10131);
#10130 = CARTESIAN_POINT('',(29.380035400391,97.45458984375,
    9.561876296997));
#10131 = VECTOR('',#10132,1.);
#10132 = DIRECTION('',(0.409114114653,0.328628265953,-0.851251492808));
#10133 = PLANE('',#10134);
#10134 = AXIS2_PLACEMENT_3D('',#10135,#10136,#10137);
#10135 = CARTESIAN_POINT('',(32.258987974269,80.910210273869,
    12.77352111006));
#10136 = DIRECTION('',(0.835030149465,0.241295039262,0.494470781251));
#10137 = DIRECTION('',(-0.509526366148,1.966979953037E-18,0.860455043683
    ));
#10138 = ADVANCED_FACE('',(#10139),#10149,.T.);
#10139 = FACE_BOUND('',#10140,.T.);
#10140 = EDGE_LOOP('',(#10141,#10147,#10148));
#10141 = ORIENTED_EDGE('',*,*,#10142,.F.);
#10142 = EDGE_CURVE('',#4192,#4348,#10143,.T.);
#10143 = LINE('',#10144,#10145);
#10144 = CARTESIAN_POINT('',(28.269002914429,92.162330627441,
    12.01824092865));
#10145 = VECTOR('',#10146,1.);
#10146 = DIRECTION('',(0.857320233458,0.481693716671,-0.181585188337));
#10147 = ORIENTED_EDGE('',*,*,#4308,.F.);
#10148 = ORIENTED_EDGE('',*,*,#4355,.T.);
#10149 = PLANE('',#10150);
#10150 = AXIS2_PLACEMENT_3D('',#10151,#10152,#10153);
#10151 = CARTESIAN_POINT('',(30.054260579392,81.945405905684,
    14.004944004445));
#10152 = DIRECTION('',(9.099605520717E-02,0.205382624826,0.974442248343)
  );
#10153 = DIRECTION('',(2.688604802255E-18,0.978501804852,-0.206238255186
    ));
#10154 = ADVANCED_FACE('',(#10155),#10172,.T.);
#10155 = FACE_BOUND('',#10156,.T.);
#10156 = EDGE_LOOP('',(#10157,#10165,#10166));
#10157 = ORIENTED_EDGE('',*,*,#10158,.T.);
#10158 = EDGE_CURVE('',#10159,#307,#10161,.T.);
#10159 = VERTEX_POINT('',#10160);
#10160 = CARTESIAN_POINT('',(29.252460479736,97.352188110352,
    9.827300071716));
#10161 = LINE('',#10162,#10163);
#10162 = CARTESIAN_POINT('',(29.252460479736,97.352188110352,
    9.827300071716));
#10163 = VECTOR('',#10164,1.);
#10164 = DIRECTION('',(0.165440394096,-0.967446820705,0.191510117509));
#10165 = ORIENTED_EDGE('',*,*,#4333,.F.);
#10166 = ORIENTED_EDGE('',*,*,#10167,.F.);
#10167 = EDGE_CURVE('',#10159,#4326,#10168,.T.);
#10168 = LINE('',#10169,#10170);
#10169 = CARTESIAN_POINT('',(29.252460479736,97.352188110352,
    9.827300071716));
#10170 = VECTOR('',#10171,1.);
#10171 = DIRECTION('',(0.409173058754,0.328434697521,-0.851297866469));
#10172 = PLANE('',#10173);
#10173 = AXIS2_PLACEMENT_3D('',#10174,#10175,#10176);
#10174 = CARTESIAN_POINT('',(31.937977541883,81.861622750043,
    12.832016405901));
#10175 = DIRECTION('',(0.83528254008,0.240695360762,0.494336749134));
#10176 = DIRECTION('',(-0.509310103233,5.703917177402E-18,0.860583069055
    ));
#10177 = ADVANCED_FACE('',(#10178),#10188,.T.);
#10178 = FACE_BOUND('',#10179,.T.);
#10179 = EDGE_LOOP('',(#10180,#10186,#10187));
#10180 = ORIENTED_EDGE('',*,*,#10181,.F.);
#10181 = EDGE_CURVE('',#4348,#4394,#10182,.T.);
#10182 = LINE('',#10183,#10184);
#10183 = CARTESIAN_POINT('',(28.307729721069,92.184089660645,
    12.010038375854));
#10184 = VECTOR('',#10185,1.);
#10185 = DIRECTION('',(0.819218910918,0.460229415946,-0.342153855293));
#10186 = ORIENTED_EDGE('',*,*,#4347,.F.);
#10187 = ORIENTED_EDGE('',*,*,#4401,.T.);
#10188 = PLANE('',#10189);
#10189 = AXIS2_PLACEMENT_3D('',#10190,#10191,#10192);
#10190 = CARTESIAN_POINT('',(30.154443246402,82.116964572057,
    13.93755744834));
#10191 = DIRECTION('',(0.263516192956,0.22781427007,0.937368590472));
#10192 = DIRECTION('',(0.962682712379,5.371712202225E-18,-0.270632583563
    ));
#10193 = ADVANCED_FACE('',(#10194),#10204,.T.);
#10194 = FACE_BOUND('',#10195,.T.);
#10195 = EDGE_LOOP('',(#10196,#10197,#10198));
#10196 = ORIENTED_EDGE('',*,*,#4371,.F.);
#10197 = ORIENTED_EDGE('',*,*,#10158,.F.);
#10198 = ORIENTED_EDGE('',*,*,#10199,.F.);
#10199 = EDGE_CURVE('',#4372,#10159,#10200,.T.);
#10200 = LINE('',#10201,#10202);
#10201 = CARTESIAN_POINT('',(29.136823654175,97.247024536133,
    10.0043592453));
#10202 = VECTOR('',#10203,1.);
#10203 = DIRECTION('',(0.489612187844,0.445267910155,-0.749677526474));
#10204 = PLANE('',#10205);
#10205 = AXIS2_PLACEMENT_3D('',#10206,#10207,#10208);
#10206 = CARTESIAN_POINT('',(31.879961156735,81.791628707665,
    12.946710624746));
#10207 = DIRECTION('',(0.735771275895,0.250383759579,0.629244469588));
#10208 = DIRECTION('',(-0.649947461118,-2.376630154076E-17,
    0.759979142994));
#10209 = ADVANCED_FACE('',(#10210),#10220,.T.);
#10210 = FACE_BOUND('',#10211,.T.);
#10211 = EDGE_LOOP('',(#10212,#10213,#10214));
#10212 = ORIENTED_EDGE('',*,*,#4417,.T.);
#10213 = ORIENTED_EDGE('',*,*,#4379,.F.);
#10214 = ORIENTED_EDGE('',*,*,#10215,.F.);
#10215 = EDGE_CURVE('',#4418,#4372,#10216,.T.);
#10216 = LINE('',#10217,#10218);
#10217 = CARTESIAN_POINT('',(29.124641418457,97.235946655273,
    10.023010253906));
#10218 = VECTOR('',#10219,1.);
#10219 = DIRECTION('',(0.489650760402,0.445262504527,-0.749655544167));
#10220 = PLANE('',#10221);
#10221 = AXIS2_PLACEMENT_3D('',#10222,#10223,#10224);
#10222 = CARTESIAN_POINT('',(31.797341427938,81.87955936744,
    13.005669756585));
#10223 = DIRECTION('',(0.735797065516,0.250281413581,0.629255029693));
#10224 = DIRECTION('',(-0.649940603319,6.866118952419E-18,0.759985007851
    ));
#10225 = ADVANCED_FACE('',(#10226),#10243,.T.);
#10226 = FACE_BOUND('',#10227,.T.);
#10227 = EDGE_LOOP('',(#10228,#10236,#10237));
#10228 = ORIENTED_EDGE('',*,*,#10229,.T.);
#10229 = EDGE_CURVE('',#10230,#323,#10232,.T.);
#10230 = VERTEX_POINT('',#10231);
#10231 = CARTESIAN_POINT('',(28.957485198975,97.083923339844,
    10.278958320618));
#10232 = LINE('',#10233,#10234);
#10233 = CARTESIAN_POINT('',(28.957485198975,97.083923339844,
    10.278958320618));
#10234 = VECTOR('',#10235,1.);
#10235 = DIRECTION('',(0.165777201069,-0.967640027229,0.190238527409));
#10236 = ORIENTED_EDGE('',*,*,#4425,.F.);
#10237 = ORIENTED_EDGE('',*,*,#10238,.F.);
#10238 = EDGE_CURVE('',#10230,#4418,#10239,.T.);
#10239 = LINE('',#10240,#10241);
#10240 = CARTESIAN_POINT('',(28.957485198975,97.083923339844,
    10.278958320618));
#10241 = VECTOR('',#10242,1.);
#10242 = DIRECTION('',(0.489603595302,0.445279045162,-0.749676524514));
#10243 = PLANE('',#10244);
#10244 = AXIS2_PLACEMENT_3D('',#10245,#10246,#10247);
#10245 = CARTESIAN_POINT('',(31.47830411588,82.654229104043,
    13.058852517631));
#10246 = DIRECTION('',(0.73609620221,0.249790290451,0.629100303519));
#10247 = DIRECTION('',(-0.64969568325,1.505151097864E-17,0.760194395643)
  );
#10248 = ADVANCED_FACE('',(#10249),#10259,.T.);
#10249 = FACE_BOUND('',#10250,.T.);
#10250 = EDGE_LOOP('',(#10251,#10257,#10258));
#10251 = ORIENTED_EDGE('',*,*,#10252,.F.);
#10252 = EDGE_CURVE('',#4394,#4479,#10253,.T.);
#10253 = LINE('',#10254,#10255);
#10254 = CARTESIAN_POINT('',(28.722410202026,92.417053222656,
    11.836843490601));
#10255 = VECTOR('',#10256,1.);
#10256 = DIRECTION('',(0.819205985698,0.460264580038,-0.342137500661));
#10257 = ORIENTED_EDGE('',*,*,#4439,.T.);
#10258 = ORIENTED_EDGE('',*,*,#4486,.T.);
#10259 = PLANE('',#10260);
#10260 = AXIS2_PLACEMENT_3D('',#10261,#10262,#10263);
#10261 = CARTESIAN_POINT('',(30.590622346829,81.71438583102,
    13.912350060143));
#10262 = DIRECTION('',(0.263515717082,0.227778386279,0.937377444573));
#10263 = DIRECTION('',(0.962683505702,-2.283371770804E-19,
    -0.270629761572));
#10264 = ADVANCED_FACE('',(#10265),#10275,.T.);
#10265 = FACE_BOUND('',#10266,.T.);
#10266 = EDGE_LOOP('',(#10267,#10268,#10269));
#10267 = ORIENTED_EDGE('',*,*,#4456,.F.);
#10268 = ORIENTED_EDGE('',*,*,#10229,.F.);
#10269 = ORIENTED_EDGE('',*,*,#10270,.F.);
#10270 = EDGE_CURVE('',#4457,#10230,#10271,.T.);
#10271 = LINE('',#10272,#10273);
#10272 = CARTESIAN_POINT('',(28.826082229614,96.954093933105,
    10.427015304565));
#10273 = VECTOR('',#10274,1.);
#10274 = DIRECTION('',(0.555064413603,0.54841746629,-0.62541328689));
#10275 = PLANE('',#10276);
#10276 = AXIS2_PLACEMENT_3D('',#10277,#10278,#10279);
#10277 = CARTESIAN_POINT('',(31.4074910698,82.558662236301,
    13.165318815678));
#10278 = DIRECTION('',(0.603362986101,0.252110286571,0.756566923945));
#10279 = DIRECTION('',(0.78182090525,7.505352705651E-18,-0.62350306504)
  );
#10280 = ADVANCED_FACE('',(#10281),#10291,.T.);
#10281 = FACE_BOUND('',#10282,.T.);
#10282 = EDGE_LOOP('',(#10283,#10284,#10285));
#10283 = ORIENTED_EDGE('',*,*,#4502,.T.);
#10284 = ORIENTED_EDGE('',*,*,#4464,.F.);
#10285 = ORIENTED_EDGE('',*,*,#10286,.F.);
#10286 = EDGE_CURVE('',#4503,#4457,#10287,.T.);
#10287 = LINE('',#10288,#10289);
#10288 = CARTESIAN_POINT('',(28.81450843811,96.942657470703,
    10.440057754517));
#10289 = VECTOR('',#10290,1.);
#10290 = DIRECTION('',(0.555016004196,0.548430448445,-0.62544486432));
#10291 = PLANE('',#10292);
#10292 = AXIS2_PLACEMENT_3D('',#10293,#10294,#10295);
#10293 = CARTESIAN_POINT('',(31.300170742181,82.660639027426,
    13.215785663803));
#10294 = DIRECTION('',(0.603449914957,0.252055076078,0.756515987116));
#10295 = DIRECTION('',(0.781756649589,2.090386702104E-17,-0.62358362777)
  );
#10296 = ADVANCED_FACE('',(#10297),#10314,.T.);
#10297 = FACE_BOUND('',#10298,.T.);
#10298 = EDGE_LOOP('',(#10299,#10307,#10308));
#10299 = ORIENTED_EDGE('',*,*,#10300,.T.);
#10300 = EDGE_CURVE('',#10301,#339,#10303,.T.);
#10301 = VERTEX_POINT('',#10302);
#10302 = CARTESIAN_POINT('',(28.572603225708,96.703643798828,
    10.712622642517));
#10303 = LINE('',#10304,#10305);
#10304 = CARTESIAN_POINT('',(28.572603225708,96.703643798828,
    10.712622642517));
#10305 = VECTOR('',#10306,1.);
#10306 = DIRECTION('',(0.16812579947,-0.967662659856,0.188049706921));
#10307 = ORIENTED_EDGE('',*,*,#4510,.F.);
#10308 = ORIENTED_EDGE('',*,*,#10309,.F.);
#10309 = EDGE_CURVE('',#10301,#4503,#10310,.T.);
#10310 = LINE('',#10311,#10312);
#10311 = CARTESIAN_POINT('',(28.572603225708,96.703643798828,
    10.712622642517));
#10312 = VECTOR('',#10313,1.);
#10313 = DIRECTION('',(0.555060232273,0.548425488272,-0.625409963434));
#10314 = PLANE('',#10315);
#10315 = AXIS2_PLACEMENT_3D('',#10316,#10317,#10318);
#10316 = CARTESIAN_POINT('',(30.979292188444,83.264438960045,
    13.267111890561));
#10317 = DIRECTION('',(0.603529463263,0.25187577266,0.756512248493));
#10318 = DIRECTION('',(0.781715074672,1.364657205943E-17,-0.62363574467)
  );
#10319 = ADVANCED_FACE('',(#10320),#10337,.T.);
#10320 = FACE_BOUND('',#10321,.T.);
#10321 = EDGE_LOOP('',(#10322,#10323,#10331));
#10322 = ORIENTED_EDGE('',*,*,#4524,.F.);
#10323 = ORIENTED_EDGE('',*,*,#10324,.F.);
#10324 = EDGE_CURVE('',#10325,#347,#10327,.T.);
#10325 = VERTEX_POINT('',#10326);
#10326 = CARTESIAN_POINT('',(28.459585189819,96.584777832031,
    10.802956581116));
#10327 = LINE('',#10328,#10329);
#10328 = CARTESIAN_POINT('',(28.459585189819,96.584777832031,
    10.802956581116));
#10329 = VECTOR('',#10330,1.);
#10330 = DIRECTION('',(0.168107245029,-0.967634424965,0.18821151344));
#10331 = ORIENTED_EDGE('',*,*,#10332,.T.);
#10332 = EDGE_CURVE('',#10325,#4479,#10333,.T.);
#10333 = LINE('',#10334,#10335);
#10334 = CARTESIAN_POINT('',(28.459585189819,96.584777832031,
    10.802956581116));
#10335 = VECTOR('',#10336,1.);
#10336 = DIRECTION('',(7.016774695762E-02,-0.968756678699,0.237880189933
    ));
#10337 = PLANE('',#10338);
#10338 = AXIS2_PLACEMENT_3D('',#10339,#10340,#10341);
#10339 = CARTESIAN_POINT('',(30.675875863112,83.222893121397,
    13.45488036385));
#10340 = DIRECTION('',(0.436371330361,0.244249950744,0.865980382919));
#10341 = DIRECTION('',(0.893028143695,-2.379710201543E-18,
    -0.450000816186));
#10342 = ADVANCED_FACE('',(#10343),#10353,.T.);
#10343 = FACE_BOUND('',#10344,.T.);
#10344 = EDGE_LOOP('',(#10345,#10346,#10347));
#10345 = ORIENTED_EDGE('',*,*,#4541,.F.);
#10346 = ORIENTED_EDGE('',*,*,#10300,.F.);
#10347 = ORIENTED_EDGE('',*,*,#10348,.F.);
#10348 = EDGE_CURVE('',#4542,#10301,#10349,.T.);
#10349 = LINE('',#10350,#10351);
#10350 = CARTESIAN_POINT('',(28.469425201416,96.595123291016,
    10.795091629028));
#10351 = VECTOR('',#10352,1.);
#10352 = DIRECTION('',(0.603560490781,0.634812416738,-0.482418832057));
#10353 = PLANE('',#10354);
#10354 = AXIS2_PLACEMENT_3D('',#10355,#10356,#10357);
#10355 = CARTESIAN_POINT('',(30.903190263303,83.113942362591,
    13.368926505949));
#10356 = DIRECTION('',(0.435751263383,0.244069219359,0.866343495746));
#10357 = DIRECTION('',(0.893360676243,1.451663660137E-17,-0.449340296593
    ));
#10358 = ADVANCED_FACE('',(#10359),#10369,.T.);
#10359 = FACE_BOUND('',#10360,.T.);
#10360 = EDGE_LOOP('',(#10361,#10362,#10363));
#10361 = ORIENTED_EDGE('',*,*,#10324,.T.);
#10362 = ORIENTED_EDGE('',*,*,#4549,.F.);
#10363 = ORIENTED_EDGE('',*,*,#10364,.F.);
#10364 = EDGE_CURVE('',#10325,#4542,#10365,.T.);
#10365 = LINE('',#10366,#10367);
#10366 = CARTESIAN_POINT('',(28.459585189819,96.584777832031,
    10.802956581116));
#10367 = VECTOR('',#10368,1.);
#10368 = DIRECTION('',(0.603656904343,0.634664673223,-0.482492584815));
#10369 = PLANE('',#10370);
#10370 = AXIS2_PLACEMENT_3D('',#10371,#10372,#10373);
#10371 = CARTESIAN_POINT('',(30.78231593836,83.231767795023,
    13.398744491743));
#10372 = DIRECTION('',(0.435699149486,0.244201640461,0.866332389983));
#10373 = DIRECTION('',(0.893379935931,-1.159568354887E-17,
    -0.449302003197));
#10374 = ADVANCED_FACE('',(#10375),#10414,.T.);
#10375 = FACE_BOUND('',#10376,.T.);
#10376 = EDGE_LOOP('',(#10377,#10378,#10379,#10380,#10381,#10382,#10383,
    #10384,#10385,#10386,#10387,#10388,#10389,#10390,#10391,#10392,
    #10393,#10394,#10395,#10396,#10397,#10398,#10399,#10400,#10401,
    #10402,#10403,#10404,#10405,#10406,#10407,#10408,#10409,#10410,
    #10411,#10412,#10413));
#10377 = ORIENTED_EDGE('',*,*,#5132,.F.);
#10378 = ORIENTED_EDGE('',*,*,#5180,.F.);
#10379 = ORIENTED_EDGE('',*,*,#5228,.F.);
#10380 = ORIENTED_EDGE('',*,*,#5276,.F.);
#10381 = ORIENTED_EDGE('',*,*,#5324,.F.);
#10382 = ORIENTED_EDGE('',*,*,#5372,.F.);
#10383 = ORIENTED_EDGE('',*,*,#5420,.F.);
#10384 = ORIENTED_EDGE('',*,*,#5437,.F.);
#10385 = ORIENTED_EDGE('',*,*,#5396,.F.);
#10386 = ORIENTED_EDGE('',*,*,#5338,.F.);
#10387 = ORIENTED_EDGE('',*,*,#5300,.F.);
#10388 = ORIENTED_EDGE('',*,*,#5252,.F.);
#10389 = ORIENTED_EDGE('',*,*,#5204,.F.);
#10390 = ORIENTED_EDGE('',*,*,#5156,.F.);
#10391 = ORIENTED_EDGE('',*,*,#5108,.F.);
#10392 = ORIENTED_EDGE('',*,*,#5060,.F.);
#10393 = ORIENTED_EDGE('',*,*,#5012,.F.);
#10394 = ORIENTED_EDGE('',*,*,#4964,.F.);
#10395 = ORIENTED_EDGE('',*,*,#4916,.F.);
#10396 = ORIENTED_EDGE('',*,*,#4868,.F.);
#10397 = ORIENTED_EDGE('',*,*,#4820,.F.);
#10398 = ORIENTED_EDGE('',*,*,#4772,.F.);
#10399 = ORIENTED_EDGE('',*,*,#4724,.F.);
#10400 = ORIENTED_EDGE('',*,*,#4676,.F.);
#10401 = ORIENTED_EDGE('',*,*,#4628,.F.);
#10402 = ORIENTED_EDGE('',*,*,#4580,.F.);
#10403 = ORIENTED_EDGE('',*,*,#4604,.F.);
#10404 = ORIENTED_EDGE('',*,*,#4652,.F.);
#10405 = ORIENTED_EDGE('',*,*,#4700,.F.);
#10406 = ORIENTED_EDGE('',*,*,#4748,.F.);
#10407 = ORIENTED_EDGE('',*,*,#4796,.F.);
#10408 = ORIENTED_EDGE('',*,*,#4844,.F.);
#10409 = ORIENTED_EDGE('',*,*,#4892,.F.);
#10410 = ORIENTED_EDGE('',*,*,#4940,.F.);
#10411 = ORIENTED_EDGE('',*,*,#4988,.F.);
#10412 = ORIENTED_EDGE('',*,*,#5036,.F.);
#10413 = ORIENTED_EDGE('',*,*,#5084,.F.);
#10414 = PLANE('',#10415);
#10415 = AXIS2_PLACEMENT_3D('',#10416,#10417,#10418);
#10416 = CARTESIAN_POINT('',(25.842352098026,38.999999938324,7.));
#10417 = DIRECTION('',(0.,0.,1.));
#10418 = DIRECTION('',(1.,0.,0.));
#10419 = ADVANCED_FACE('',(#10420),#10459,.T.);
#10420 = FACE_BOUND('',#10421,.T.);
#10421 = EDGE_LOOP('',(#10422,#10423,#10424,#10425,#10426,#10427,#10428,
    #10429,#10430,#10431,#10432,#10433,#10434,#10435,#10436,#10437,
    #10438,#10439,#10440,#10441,#10442,#10443,#10444,#10445,#10446,
    #10447,#10448,#10449,#10450,#10451,#10452,#10453,#10454,#10455,
    #10456,#10457,#10458));
#10422 = ORIENTED_EDGE('',*,*,#5876,.F.);
#10423 = ORIENTED_EDGE('',*,*,#5924,.F.);
#10424 = ORIENTED_EDGE('',*,*,#5972,.F.);
#10425 = ORIENTED_EDGE('',*,*,#6020,.F.);
#10426 = ORIENTED_EDGE('',*,*,#6068,.F.);
#10427 = ORIENTED_EDGE('',*,*,#6116,.F.);
#10428 = ORIENTED_EDGE('',*,*,#6164,.F.);
#10429 = ORIENTED_EDGE('',*,*,#6212,.F.);
#10430 = ORIENTED_EDGE('',*,*,#6260,.F.);
#10431 = ORIENTED_EDGE('',*,*,#6308,.F.);
#10432 = ORIENTED_EDGE('',*,*,#6346,.F.);
#10433 = ORIENTED_EDGE('',*,*,#6404,.F.);
#10434 = ORIENTED_EDGE('',*,*,#6421,.F.);
#10435 = ORIENTED_EDGE('',*,*,#6380,.F.);
#10436 = ORIENTED_EDGE('',*,*,#6332,.F.);
#10437 = ORIENTED_EDGE('',*,*,#6284,.F.);
#10438 = ORIENTED_EDGE('',*,*,#6236,.F.);
#10439 = ORIENTED_EDGE('',*,*,#6188,.F.);
#10440 = ORIENTED_EDGE('',*,*,#6140,.F.);
#10441 = ORIENTED_EDGE('',*,*,#6092,.F.);
#10442 = ORIENTED_EDGE('',*,*,#6044,.F.);
#10443 = ORIENTED_EDGE('',*,*,#5996,.F.);
#10444 = ORIENTED_EDGE('',*,*,#5948,.F.);
#10445 = ORIENTED_EDGE('',*,*,#5900,.F.);
#10446 = ORIENTED_EDGE('',*,*,#5852,.F.);
#10447 = ORIENTED_EDGE('',*,*,#5804,.F.);
#10448 = ORIENTED_EDGE('',*,*,#5756,.F.);
#10449 = ORIENTED_EDGE('',*,*,#5708,.F.);
#10450 = ORIENTED_EDGE('',*,*,#5660,.F.);
#10451 = ORIENTED_EDGE('',*,*,#5612,.F.);
#10452 = ORIENTED_EDGE('',*,*,#5564,.F.);
#10453 = ORIENTED_EDGE('',*,*,#5588,.F.);
#10454 = ORIENTED_EDGE('',*,*,#5636,.F.);
#10455 = ORIENTED_EDGE('',*,*,#5684,.F.);
#10456 = ORIENTED_EDGE('',*,*,#5732,.F.);
#10457 = ORIENTED_EDGE('',*,*,#5780,.F.);
#10458 = ORIENTED_EDGE('',*,*,#5828,.F.);
#10459 = PLANE('',#10460);
#10460 = AXIS2_PLACEMENT_3D('',#10461,#10462,#10463);
#10461 = CARTESIAN_POINT('',(25.842352260013,66.999998492221,7.));
#10462 = DIRECTION('',(0.,0.,1.));
#10463 = DIRECTION('',(1.,0.,0.));
#10464 = ADVANCED_FACE('',(#10465),#10470,.F.);
#10465 = FACE_BOUND('',#10466,.F.);
#10466 = EDGE_LOOP('',(#10467,#10468,#10469));
#10467 = ORIENTED_EDGE('',*,*,#6437,.F.);
#10468 = ORIENTED_EDGE('',*,*,#6469,.F.);
#10469 = ORIENTED_EDGE('',*,*,#6483,.F.);
#10470 = B_SPLINE_SURFACE_WITH_KNOTS('',5,6,(
    (#10471,#10472,#10473,#10474,#10475,#10476,#10477)
    ,(#10478,#10479,#10480,#10481,#10482,#10483,#10484)
    ,(#10485,#10486,#10487,#10488,#10489,#10490,#10491)
    ,(#10492,#10493,#10494,#10495,#10496,#10497,#10498)
    ,(#10499,#10500,#10501,#10502,#10503,#10504,#10505)
    ,(#10506,#10507,#10508,#10509,#10510,#10511,#10512
  )),.UNSPECIFIED.,.F.,.F.,.F.,(6,6),(7,7),(-0.797115727339,
    1.243596361675),(-0.868650357205,0.67558044869),
  .PIECEWISE_BEZIER_KNOTS.);
#10471 = CARTESIAN_POINT('',(11.834930956765,33.961173661915,
    4.777799916065E-16));
#10472 = CARTESIAN_POINT('',(11.702599872218,34.18191354574,
    4.331860601387E-17));
#10473 = CARTESIAN_POINT('',(11.570276020062,34.402668666311,
    -6.558517301902E-17));
#10474 = CARTESIAN_POINT('',(11.437952716501,34.623424503814,
    -5.51822186358E-17));
#10475 = CARTESIAN_POINT('',(11.305626806848,34.844174320935,
    -4.365364987273E-17));
#10476 = CARTESIAN_POINT('',(11.173298665533,35.06491916286,
    -6.11108316587E-17));
#10477 = CARTESIAN_POINT('',(11.0409721961,35.285667857276,
    -4.959537481519E-17));
#10478 = CARTESIAN_POINT('',(12.184995588035,34.171018877807,
    2.690144827365E-17));
#10479 = CARTESIAN_POINT('',(12.052665571483,34.391759979583,
    -1.880037601505E-16));
#10480 = CARTESIAN_POINT('',(11.920341744322,34.612514913242,
    -1.60966078195E-16));
#10481 = CARTESIAN_POINT('',(11.788017916912,34.833269830796,
    -6.543677116699E-17));
#10482 = CARTESIAN_POINT('',(11.655691428725,35.054018666753,
    1.320264973367E-17));
#10483 = CARTESIAN_POINT('',(11.523363148351,35.274763138125,
    7.76404274145E-17));
#10484 = CARTESIAN_POINT('',(11.391037473488,35.495512744423,
    2.186345588904E-16));
#10485 = CARTESIAN_POINT('',(12.535059737545,34.380864587341,
    -4.927770316052E-16));
#10486 = CARTESIAN_POINT('',(12.40274217696,34.601631744299,
    -2.065108980662E-16));
#10487 = CARTESIAN_POINT('',(12.270449507118,34.822422675402,
    7.087056185331E-16));
#10488 = CARTESIAN_POINT('',(12.137958034911,35.042908418893,
    -2.816349321238E-15));
#10489 = CARTESIAN_POINT('',(12.005801754308,35.263942897321,
    1.276525919282E-15));
#10490 = CARTESIAN_POINT('',(11.873419209733,35.484594674817,
    -1.673049370506E-16));
#10491 = CARTESIAN_POINT('',(11.741097453728,35.7053499313,
    2.622326749545E-17));
#10492 = CARTESIAN_POINT('',(12.885121902265,34.590708203878,
    -1.195634597851E-15));
#10493 = CARTESIAN_POINT('',(12.752794940014,34.81145140022,
    -5.571718349662E-16));
#10494 = CARTESIAN_POINT('',(12.620429563029,35.032133135159,
    -3.259371216129E-16));
#10495 = CARTESIAN_POINT('',(12.488277367853,35.253150362358,
    1.596599039386E-15));
#10496 = CARTESIAN_POINT('',(12.355754026306,35.47360942617,
    -1.715083880291E-15));
#10497 = CARTESIAN_POINT('',(12.223489830931,35.694447886952,
    -3.762925619063E-16));
#10498 = CARTESIAN_POINT('',(12.091169314771,35.915204288781,
    4.825899260119E-17));
#10499 = CARTESIAN_POINT('',(13.235180579163,34.800547140774,
    -2.196050400287E-15));
#10500 = CARTESIAN_POINT('',(13.102856264037,35.021296070417,
    -1.370006627106E-15));
#10501 = CARTESIAN_POINT('',(12.970535487594,35.242050503685,
    -8.545711617163E-16));
#10502 = CARTESIAN_POINT('',(12.838196487507,35.46277761297,
    4.064336974451E-16));
#10503 = CARTESIAN_POINT('',(12.705907523915,35.683583783535,
    -1.194158825057E-15));
#10504 = CARTESIAN_POINT('',(12.573572668293,35.904318072753,
    -1.047578754238E-16));
#10505 = CARTESIAN_POINT('',(12.441250932435,36.125071576516,
    7.118882695567E-16));
#10506 = CARTESIAN_POINT('',(13.585234265207,35.01037881139,
    -3.608403588732E-15));
#10507 = CARTESIAN_POINT('',(13.452912215898,35.231130259361,
    -2.5040423658E-15));
#10508 = CARTESIAN_POINT('',(13.320592798223,35.451885783952,
    -1.554043027876E-15));
#10509 = CARTESIAN_POINT('',(13.18827498401,35.672643874883,
    -6.837065522748E-16));
#10510 = CARTESIAN_POINT('',(13.055957745084,35.893403021877,
    1.816660836906E-16));
#10511 = CARTESIAN_POINT('',(12.923640053271,36.114161714655,
    1.116773902706E-15));
#10512 = CARTESIAN_POINT('',(12.791320880397,36.334918442939,
    2.196315927459E-15));
#10513 = ADVANCED_FACE('',(#10514),#10869,.T.);
#10514 = FACE_BOUND('',#10515,.T.);
#10515 = EDGE_LOOP('',(#10516,#10517,#10518,#10519,#10520,#10521,#10522,
    #10523,#10524,#10525,#10526,#10532,#10533,#10541,#10549,#10557,
    #10565,#10573,#10581,#10589,#10597,#10605,#10613,#10621,#10629,
    #10637,#10645,#10653,#10661,#10669,#10677,#10685,#10693,#10701,
    #10709,#10717,#10725,#10733,#10741,#10749,#10757,#10765,#10773,
    #10781,#10789,#10797,#10805,#10813,#10821,#10829,#10837,#10845,
    #10853,#10859,#10860,#10861,#10862,#10863,#10864,#10865,#10866,
    #10867,#10868));
#10516 = ORIENTED_EDGE('',*,*,#6462,.T.);
#10517 = ORIENTED_EDGE('',*,*,#6768,.T.);
#10518 = ORIENTED_EDGE('',*,*,#6792,.F.);
#10519 = ORIENTED_EDGE('',*,*,#6816,.T.);
#10520 = ORIENTED_EDGE('',*,*,#6840,.T.);
#10521 = ORIENTED_EDGE('',*,*,#6864,.T.);
#10522 = ORIENTED_EDGE('',*,*,#6888,.T.);
#10523 = ORIENTED_EDGE('',*,*,#6912,.T.);
#10524 = ORIENTED_EDGE('',*,*,#6936,.T.);
#10525 = ORIENTED_EDGE('',*,*,#7120,.F.);
#10526 = ORIENTED_EDGE('',*,*,#10527,.T.);
#10527 = EDGE_CURVE('',#7113,#7211,#10528,.T.);
#10528 = LINE('',#10529,#10530);
#10529 = CARTESIAN_POINT('',(4.8,5.,0.));
#10530 = VECTOR('',#10531,1.);
#10531 = DIRECTION('',(-1.,0.,0.));
#10532 = ORIENTED_EDGE('',*,*,#7210,.F.);
#10533 = ORIENTED_EDGE('',*,*,#10534,.T.);
#10534 = EDGE_CURVE('',#7203,#10535,#10537,.T.);
#10535 = VERTEX_POINT('',#10536);
#10536 = CARTESIAN_POINT('',(2.275376844406,14.31286907196,0.));
#10537 = LINE('',#10538,#10539);
#10538 = CARTESIAN_POINT('',(2.3,14.,0.));
#10539 = VECTOR('',#10540,1.);
#10540 = DIRECTION('',(-7.845854350215E-02,0.996917377194,0.));
#10541 = ORIENTED_EDGE('',*,*,#10542,.T.);
#10542 = EDGE_CURVE('',#10535,#10543,#10545,.T.);
#10543 = VERTEX_POINT('',#10544);
#10544 = CARTESIAN_POINT('',(2.202113199234,14.618033409119,0.));
#10545 = LINE('',#10546,#10547);
#10546 = CARTESIAN_POINT('',(2.275376844406,14.31286907196,0.));
#10547 = VECTOR('',#10548,1.);
#10548 = DIRECTION('',(-0.233445875393,0.972369797588,0.));
#10549 = ORIENTED_EDGE('',*,*,#10550,.T.);
#10550 = EDGE_CURVE('',#10543,#10551,#10553,.T.);
#10551 = VERTEX_POINT('',#10552);
#10552 = CARTESIAN_POINT('',(2.082013177872,14.907980918884,0.));
#10553 = LINE('',#10554,#10555);
#10554 = CARTESIAN_POINT('',(2.202113199234,14.618033409119,0.));
#10555 = VECTOR('',#10556,1.);
#10556 = DIRECTION('',(-0.38268297121,0.923879723528,0.));
#10557 = ORIENTED_EDGE('',*,*,#10558,.T.);
#10558 = EDGE_CURVE('',#10551,#10559,#10561,.T.);
#10559 = VERTEX_POINT('',#10560);
#10560 = CARTESIAN_POINT('',(1.918034124374,15.175570487976,0.));
#10561 = LINE('',#10562,#10563);
#10562 = CARTESIAN_POINT('',(2.082013177872,14.907980918884,0.));
#10563 = VECTOR('',#10564,1.);
#10564 = DIRECTION('',(-0.522498459686,0.852640228716,0.));
#10565 = ORIENTED_EDGE('',*,*,#10566,.T.);
#10566 = EDGE_CURVE('',#10559,#10567,#10569,.T.);
#10567 = VERTEX_POINT('',#10568);
#10568 = CARTESIAN_POINT('',(1.714213657379,15.414214134216,0.));
#10569 = LINE('',#10570,#10571);
#10570 = CARTESIAN_POINT('',(1.918034124374,15.175570487976,0.));
#10571 = VECTOR('',#10572,1.);
#10572 = DIRECTION('',(-0.649447197195,0.760406692537,0.));
#10573 = ORIENTED_EDGE('',*,*,#10574,.T.);
#10574 = EDGE_CURVE('',#10567,#10575,#10577,.T.);
#10575 = VERTEX_POINT('',#10576);
#10576 = CARTESIAN_POINT('',(1.475570726395,15.618033409119,0.));
#10577 = LINE('',#10578,#10579);
#10578 = CARTESIAN_POINT('',(1.714213657379,15.414214134216,0.));
#10579 = VECTOR('',#10580,1.);
#10580 = DIRECTION('',(-0.760407607111,0.649446126362,0.));
#10581 = ORIENTED_EDGE('',*,*,#10582,.T.);
#10582 = EDGE_CURVE('',#10575,#10583,#10585,.T.);
#10583 = VERTEX_POINT('',#10584);
#10584 = CARTESIAN_POINT('',(1.207981157303,15.782013893127,0.));
#10585 = LINE('',#10586,#10587);
#10586 = CARTESIAN_POINT('',(1.475570726395,15.618033409119,0.));
#10587 = VECTOR('',#10588,1.);
#10588 = DIRECTION('',(-0.852638198047,0.522501773424,0.));
#10589 = ORIENTED_EDGE('',*,*,#10590,.T.);
#10590 = EDGE_CURVE('',#10583,#10591,#10593,.T.);
#10591 = VERTEX_POINT('',#10592);
#10592 = CARTESIAN_POINT('',(0.918034124374,15.902112960815,0.));
#10593 = LINE('',#10594,#10595);
#10594 = CARTESIAN_POINT('',(1.207981157303,15.782013893127,0.));
#10595 = VECTOR('',#10596,1.);
#10596 = DIRECTION('',(-0.923880575383,0.382680914641,0.));
#10597 = ORIENTED_EDGE('',*,*,#10598,.T.);
#10598 = EDGE_CURVE('',#10591,#10599,#10601,.T.);
#10599 = VERTEX_POINT('',#10600);
#10600 = CARTESIAN_POINT('',(0.61286907196,15.97537612915,0.));
#10601 = LINE('',#10602,#10603);
#10602 = CARTESIAN_POINT('',(0.918034124374,15.902112960815,0.));
#10603 = VECTOR('',#10604,1.);
#10604 = DIRECTION('',(-0.972370266682,0.233443921472,0.));
#10605 = ORIENTED_EDGE('',*,*,#10606,.T.);
#10606 = EDGE_CURVE('',#10599,#10607,#10609,.T.);
#10607 = VERTEX_POINT('',#10608);
#10608 = CARTESIAN_POINT('',(0.3,16.,4.336808689942E-16));
#10609 = LINE('',#10610,#10611);
#10610 = CARTESIAN_POINT('',(0.61286907196,15.97537612915,0.));
#10611 = VECTOR('',#10612,1.);
#10612 = DIRECTION('',(-0.99691719893,7.84608085433E-02,0.));
#10613 = ORIENTED_EDGE('',*,*,#10614,.T.);
#10614 = EDGE_CURVE('',#10607,#10615,#10617,.T.);
#10615 = VERTEX_POINT('',#10616);
#10616 = CARTESIAN_POINT('',(-1.286859512329E-02,16.02462387085,
    4.336808689942E-16));
#10617 = LINE('',#10618,#10619);
#10618 = CARTESIAN_POINT('',(0.3,16.,0.));
#10619 = VECTOR('',#10620,1.);
#10620 = DIRECTION('',(-0.996917189577,7.84609273878E-02,0.));
#10621 = ORIENTED_EDGE('',*,*,#10622,.T.);
#10622 = EDGE_CURVE('',#10615,#10623,#10625,.T.);
#10623 = VERTEX_POINT('',#10624);
#10624 = CARTESIAN_POINT('',(-0.318033766747,16.097887039185,
    4.336808689942E-16));
#10625 = LINE('',#10626,#10627);
#10626 = CARTESIAN_POINT('',(-1.286859512329E-02,16.02462387085,0.));
#10627 = VECTOR('',#10628,1.);
#10628 = DIRECTION('',(-0.972370287382,0.23344383525,0.));
#10629 = ORIENTED_EDGE('',*,*,#10630,.T.);
#10630 = EDGE_CURVE('',#10623,#10631,#10633,.T.);
#10631 = VERTEX_POINT('',#10632);
#10632 = CARTESIAN_POINT('',(-0.607980799675,16.217987060547,
    4.336808689942E-16));
#10633 = LINE('',#10634,#10635);
#10634 = CARTESIAN_POINT('',(-0.318033766747,16.097887039185,0.));
#10635 = VECTOR('',#10636,1.);
#10636 = DIRECTION('',(-0.92387950102,0.382683508391,0.));
#10637 = ORIENTED_EDGE('',*,*,#10638,.T.);
#10638 = EDGE_CURVE('',#10631,#10639,#10641,.T.);
#10639 = VERTEX_POINT('',#10640);
#10640 = CARTESIAN_POINT('',(-0.875570189953,16.381965637207,
    4.336808689942E-16));
#10641 = LINE('',#10642,#10643);
#10642 = CARTESIAN_POINT('',(-0.607980799675,16.217987060547,0.));
#10643 = VECTOR('',#10644,1.);
#10644 = DIRECTION('',(-0.852640750056,0.522497608935,0.));
#10645 = ORIENTED_EDGE('',*,*,#10646,.T.);
#10646 = EDGE_CURVE('',#10639,#10647,#10649,.T.);
#10647 = VERTEX_POINT('',#10648);
#10648 = CARTESIAN_POINT('',(-1.114213478565,16.585786819458,
    4.336808689942E-16));
#10649 = LINE('',#10650,#10651);
#10650 = CARTESIAN_POINT('',(-0.875570189953,16.381965637207,0.));
#10651 = VECTOR('',#10652,1.);
#10652 = DIRECTION('',(-0.760405086397,0.649449077744,0.));
#10653 = ORIENTED_EDGE('',*,*,#10654,.T.);
#10654 = EDGE_CURVE('',#10647,#10655,#10657,.T.);
#10655 = VERTEX_POINT('',#10656);
#10656 = CARTESIAN_POINT('',(-1.318033885956,16.824430465698,
    4.336808689942E-16));
#10657 = LINE('',#10658,#10659);
#10658 = CARTESIAN_POINT('',(-1.114213478565,16.585786819458,0.));
#10659 = VECTOR('',#10660,1.);
#10660 = DIRECTION('',(-0.649447087379,0.760406786329,0.));
#10661 = ORIENTED_EDGE('',*,*,#10662,.T.);
#10662 = EDGE_CURVE('',#10655,#10663,#10665,.T.);
#10663 = VERTEX_POINT('',#10664);
#10664 = CARTESIAN_POINT('',(-1.48201277554,17.09202003479,
    4.336808689942E-16));
#10665 = LINE('',#10666,#10667);
#10666 = CARTESIAN_POINT('',(-1.318033885956,16.824430465698,0.));
#10667 = VECTOR('',#10668,1.);
#10668 = DIRECTION('',(-0.522498079986,0.852640461397,0.));
#10669 = ORIENTED_EDGE('',*,*,#10670,.T.);
#10670 = EDGE_CURVE('',#10663,#10671,#10673,.T.);
#10671 = VERTEX_POINT('',#10672);
#10672 = CARTESIAN_POINT('',(-1.602112871408,17.381965637207,
    4.336808689942E-16));
#10673 = LINE('',#10674,#10675);
#10674 = CARTESIAN_POINT('',(-1.48201277554,17.09202003479,0.));
#10675 = VECTOR('',#10676,1.);
#10676 = DIRECTION('',(-0.382685322582,0.923878749556,0.));
#10677 = ORIENTED_EDGE('',*,*,#10678,.T.);
#10678 = EDGE_CURVE('',#10671,#10679,#10681,.T.);
#10679 = VERTEX_POINT('',#10680);
#10680 = CARTESIAN_POINT('',(-1.675376296788,17.687129974365,
    4.336808689942E-16));
#10681 = LINE('',#10682,#10683);
#10682 = CARTESIAN_POINT('',(-1.602112871408,17.381965637207,0.));
#10683 = VECTOR('',#10684,1.);
#10684 = DIRECTION('',(-0.233445213218,0.972369956563,0.));
#10685 = ORIENTED_EDGE('',*,*,#10686,.T.);
#10686 = EDGE_CURVE('',#10679,#10687,#10689,.T.);
#10687 = VERTEX_POINT('',#10688);
#10688 = CARTESIAN_POINT('',(-1.7,18.,4.336808689942E-16));
#10689 = LINE('',#10690,#10691);
#10690 = CARTESIAN_POINT('',(-1.675376296788,17.687129974365,0.));
#10691 = VECTOR('',#10692,1.);
#10692 = DIRECTION('',(-7.846003998807E-02,0.996917259418,0.));
#10693 = ORIENTED_EDGE('',*,*,#10694,.T.);
#10694 = EDGE_CURVE('',#10687,#10695,#10697,.T.);
#10695 = VERTEX_POINT('',#10696);
#10696 = CARTESIAN_POINT('',(-1.7,20.5,4.286263851699E-16));
#10697 = LINE('',#10698,#10699);
#10698 = CARTESIAN_POINT('',(-1.7,18.,0.));
#10699 = VECTOR('',#10700,1.);
#10700 = DIRECTION('',(0.,1.,0.));
#10701 = ORIENTED_EDGE('',*,*,#10702,.T.);
#10702 = EDGE_CURVE('',#10695,#10703,#10705,.T.);
#10703 = VERTEX_POINT('',#10704);
#10704 = CARTESIAN_POINT('',(-1.675376296788,20.812870025635,
    4.286263851699E-16));
#10705 = LINE('',#10706,#10707);
#10706 = CARTESIAN_POINT('',(-1.7,20.5,0.));
#10707 = VECTOR('',#10708,1.);
#10708 = DIRECTION('',(7.846003998807E-02,0.996917259418,0.));
#10709 = ORIENTED_EDGE('',*,*,#10710,.T.);
#10710 = EDGE_CURVE('',#10703,#10711,#10713,.T.);
#10711 = VERTEX_POINT('',#10712);
#10712 = CARTESIAN_POINT('',(-1.602112871408,21.118034362793,
    4.286263851699E-16));
#10713 = LINE('',#10714,#10715);
#10714 = CARTESIAN_POINT('',(-1.675376296788,20.812870025635,0.));
#10715 = VECTOR('',#10716,1.);
#10716 = DIRECTION('',(0.233445213218,0.972369956563,0.));
#10717 = ORIENTED_EDGE('',*,*,#10718,.T.);
#10718 = EDGE_CURVE('',#10711,#10719,#10721,.T.);
#10719 = VERTEX_POINT('',#10720);
#10720 = CARTESIAN_POINT('',(-1.48201277554,21.40797996521,
    4.286263851699E-16));
#10721 = LINE('',#10722,#10723);
#10722 = CARTESIAN_POINT('',(-1.602112871408,21.118034362793,0.));
#10723 = VECTOR('',#10724,1.);
#10724 = DIRECTION('',(0.382685322582,0.923878749556,0.));
#10725 = ORIENTED_EDGE('',*,*,#10726,.T.);
#10726 = EDGE_CURVE('',#10719,#10727,#10729,.T.);
#10727 = VERTEX_POINT('',#10728);
#10728 = CARTESIAN_POINT('',(-1.318033885956,21.675569534302,
    4.286263851699E-16));
#10729 = LINE('',#10730,#10731);
#10730 = CARTESIAN_POINT('',(-1.48201277554,21.40797996521,0.));
#10731 = VECTOR('',#10732,1.);
#10732 = DIRECTION('',(0.522498079986,0.852640461397,0.));
#10733 = ORIENTED_EDGE('',*,*,#10734,.T.);
#10734 = EDGE_CURVE('',#10727,#10735,#10737,.T.);
#10735 = VERTEX_POINT('',#10736);
#10736 = CARTESIAN_POINT('',(-1.114213478565,21.914213180542,
    4.286263851699E-16));
#10737 = LINE('',#10738,#10739);
#10738 = CARTESIAN_POINT('',(-1.318033885956,21.675569534302,0.));
#10739 = VECTOR('',#10740,1.);
#10740 = DIRECTION('',(0.649447087379,0.760406786329,0.));
#10741 = ORIENTED_EDGE('',*,*,#10742,.T.);
#10742 = EDGE_CURVE('',#10735,#10743,#10745,.T.);
#10743 = VERTEX_POINT('',#10744);
#10744 = CARTESIAN_POINT('',(-0.875570189953,22.118034362793,
    4.286263851699E-16));
#10745 = LINE('',#10746,#10747);
#10746 = CARTESIAN_POINT('',(-1.114213478565,21.914213180542,0.));
#10747 = VECTOR('',#10748,1.);
#10748 = DIRECTION('',(0.760405086397,0.649449077744,0.));
#10749 = ORIENTED_EDGE('',*,*,#10750,.T.);
#10750 = EDGE_CURVE('',#10743,#10751,#10753,.T.);
#10751 = VERTEX_POINT('',#10752);
#10752 = CARTESIAN_POINT('',(-0.607980799675,22.282012939453,
    4.286263851699E-16));
#10753 = LINE('',#10754,#10755);
#10754 = CARTESIAN_POINT('',(-0.875570189953,22.118034362793,0.));
#10755 = VECTOR('',#10756,1.);
#10756 = DIRECTION('',(0.852640750056,0.522497608935,0.));
#10757 = ORIENTED_EDGE('',*,*,#10758,.T.);
#10758 = EDGE_CURVE('',#10751,#10759,#10761,.T.);
#10759 = VERTEX_POINT('',#10760);
#10760 = CARTESIAN_POINT('',(-0.318033766747,22.402112960815,
    4.286263851699E-16));
#10761 = LINE('',#10762,#10763);
#10762 = CARTESIAN_POINT('',(-0.607980799675,22.282012939453,0.));
#10763 = VECTOR('',#10764,1.);
#10764 = DIRECTION('',(0.92387950102,0.382683508391,0.));
#10765 = ORIENTED_EDGE('',*,*,#10766,.T.);
#10766 = EDGE_CURVE('',#10759,#10767,#10769,.T.);
#10767 = VERTEX_POINT('',#10768);
#10768 = CARTESIAN_POINT('',(-1.286859512329E-02,22.47537612915,
    4.286263851699E-16));
#10769 = LINE('',#10770,#10771);
#10770 = CARTESIAN_POINT('',(-0.318033766747,22.402112960815,0.));
#10771 = VECTOR('',#10772,1.);
#10772 = DIRECTION('',(0.972370287382,0.23344383525,0.));
#10773 = ORIENTED_EDGE('',*,*,#10774,.T.);
#10774 = EDGE_CURVE('',#10767,#10775,#10777,.T.);
#10775 = VERTEX_POINT('',#10776);
#10776 = CARTESIAN_POINT('',(0.3,22.5,4.286263851699E-16));
#10777 = LINE('',#10778,#10779);
#10778 = CARTESIAN_POINT('',(-1.286859512329E-02,22.47537612915,0.));
#10779 = VECTOR('',#10780,1.);
#10780 = DIRECTION('',(0.996917189577,7.84609273878E-02,0.));
#10781 = ORIENTED_EDGE('',*,*,#10782,.T.);
#10782 = EDGE_CURVE('',#10775,#10783,#10785,.T.);
#10783 = VERTEX_POINT('',#10784);
#10784 = CARTESIAN_POINT('',(0.61286907196,22.52462387085,
    4.286263851699E-16));
#10785 = LINE('',#10786,#10787);
#10786 = CARTESIAN_POINT('',(0.3,22.5,0.));
#10787 = VECTOR('',#10788,1.);
#10788 = DIRECTION('',(0.99691719893,7.84608085433E-02,0.));
#10789 = ORIENTED_EDGE('',*,*,#10790,.T.);
#10790 = EDGE_CURVE('',#10783,#10791,#10793,.T.);
#10791 = VERTEX_POINT('',#10792);
#10792 = CARTESIAN_POINT('',(0.918034124374,22.597887039185,
    4.286263851699E-16));
#10793 = LINE('',#10794,#10795);
#10794 = CARTESIAN_POINT('',(0.61286907196,22.52462387085,0.));
#10795 = VECTOR('',#10796,1.);
#10796 = DIRECTION('',(0.972370266682,0.233443921472,0.));
#10797 = ORIENTED_EDGE('',*,*,#10798,.T.);
#10798 = EDGE_CURVE('',#10791,#10799,#10801,.T.);
#10799 = VERTEX_POINT('',#10800);
#10800 = CARTESIAN_POINT('',(1.207981157303,22.717987060547,
    4.286263851699E-16));
#10801 = LINE('',#10802,#10803);
#10802 = CARTESIAN_POINT('',(0.918034124374,22.597887039185,0.));
#10803 = VECTOR('',#10804,1.);
#10804 = DIRECTION('',(0.92387950102,0.382683508391,0.));
#10805 = ORIENTED_EDGE('',*,*,#10806,.T.);
#10806 = EDGE_CURVE('',#10799,#10807,#10809,.T.);
#10807 = VERTEX_POINT('',#10808);
#10808 = CARTESIAN_POINT('',(1.475570726395,22.881965637207,
    4.286263851699E-16));
#10809 = LINE('',#10810,#10811);
#10810 = CARTESIAN_POINT('',(1.207981157303,22.717987060547,0.));
#10811 = VECTOR('',#10812,1.);
#10812 = DIRECTION('',(0.852640905605,0.522497355102,0.));
#10813 = ORIENTED_EDGE('',*,*,#10814,.T.);
#10814 = EDGE_CURVE('',#10807,#10815,#10817,.T.);
#10815 = VERTEX_POINT('',#10816);
#10816 = CARTESIAN_POINT('',(1.714213657379,23.085786819458,
    4.286263851699E-16));
#10817 = LINE('',#10818,#10819);
#10818 = CARTESIAN_POINT('',(1.475570726395,22.881965637207,0.));
#10819 = VECTOR('',#10820,1.);
#10820 = DIRECTION('',(0.760404605759,0.649449640496,0.));
#10821 = ORIENTED_EDGE('',*,*,#10822,.T.);
#10822 = EDGE_CURVE('',#10815,#10823,#10825,.T.);
#10823 = VERTEX_POINT('',#10824);
#10824 = CARTESIAN_POINT('',(1.918034124374,23.324430465698,
    4.286263851699E-16));
#10825 = LINE('',#10826,#10827);
#10826 = CARTESIAN_POINT('',(1.714213657379,23.085786819458,0.));
#10827 = VECTOR('',#10828,1.);
#10828 = DIRECTION('',(0.649447197195,0.760406692537,0.));
#10829 = ORIENTED_EDGE('',*,*,#10830,.T.);
#10830 = EDGE_CURVE('',#10823,#10831,#10833,.T.);
#10831 = VERTEX_POINT('',#10832);
#10832 = CARTESIAN_POINT('',(2.082013177872,23.59202003479,
    4.286263851699E-16));
#10833 = LINE('',#10834,#10835);
#10834 = CARTESIAN_POINT('',(1.918034124374,23.324430465698,0.));
#10835 = VECTOR('',#10836,1.);
#10836 = DIRECTION('',(0.522498459686,0.852640228716,0.));
#10837 = ORIENTED_EDGE('',*,*,#10838,.T.);
#10838 = EDGE_CURVE('',#10831,#10839,#10841,.T.);
#10839 = VERTEX_POINT('',#10840);
#10840 = CARTESIAN_POINT('',(2.202113199234,23.881965637207,
    4.286263851699E-16));
#10841 = LINE('',#10842,#10843);
#10842 = CARTESIAN_POINT('',(2.082013177872,23.59202003479,0.));
#10843 = VECTOR('',#10844,1.);
#10844 = DIRECTION('',(0.382685119945,0.923878833491,0.));
#10845 = ORIENTED_EDGE('',*,*,#10846,.T.);
#10846 = EDGE_CURVE('',#10839,#10847,#10849,.T.);
#10847 = VERTEX_POINT('',#10848);
#10848 = CARTESIAN_POINT('',(2.275376844406,24.187129974365,
    4.286263851699E-16));
#10849 = LINE('',#10850,#10851);
#10850 = CARTESIAN_POINT('',(2.202113199234,23.881965637207,0.));
#10851 = VECTOR('',#10852,1.);
#10852 = DIRECTION('',(0.233445875393,0.972369797588,0.));
#10853 = ORIENTED_EDGE('',*,*,#10854,.T.);
#10854 = EDGE_CURVE('',#10847,#7179,#10855,.T.);
#10855 = LINE('',#10856,#10857);
#10856 = CARTESIAN_POINT('',(2.275376844406,24.187129974365,0.));
#10857 = VECTOR('',#10858,1.);
#10858 = DIRECTION('',(7.845830582101E-02,0.9969173959,0.));
#10859 = ORIENTED_EDGE('',*,*,#7178,.F.);
#10860 = ORIENTED_EDGE('',*,*,#8404,.T.);
#10861 = ORIENTED_EDGE('',*,*,#8428,.T.);
#10862 = ORIENTED_EDGE('',*,*,#8452,.T.);
#10863 = ORIENTED_EDGE('',*,*,#8476,.T.);
#10864 = ORIENTED_EDGE('',*,*,#8500,.T.);
#10865 = ORIENTED_EDGE('',*,*,#8524,.T.);
#10866 = ORIENTED_EDGE('',*,*,#8548,.F.);
#10867 = ORIENTED_EDGE('',*,*,#8565,.T.);
#10868 = ORIENTED_EDGE('',*,*,#6735,.T.);
#10869 = PLANE('',#10870);
#10870 = AXIS2_PLACEMENT_3D('',#10871,#10872,#10873);
#10871 = CARTESIAN_POINT('',(21.094241782613,33.921319058038,
    -2.853904699185E-17));
#10872 = DIRECTION('',(-0.,-0.,-1.));
#10873 = DIRECTION('',(-1.,0.,0.));
#10874 = ADVANCED_FACE('',(#10875),#10885,.T.);
#10875 = FACE_BOUND('',#10876,.T.);
#10876 = EDGE_LOOP('',(#10877,#10883,#10884));
#10877 = ORIENTED_EDGE('',*,*,#10878,.T.);
#10878 = EDGE_CURVE('',#8606,#6702,#10879,.T.);
#10879 = LINE('',#10880,#10881);
#10880 = CARTESIAN_POINT('',(31.34991645813,33.245960235596,3.));
#10881 = VECTOR('',#10882,1.);
#10882 = DIRECTION('',(-0.198864735497,3.924275403343E-02,
    -0.979240942379));
#10883 = ORIENTED_EDGE('',*,*,#6701,.T.);
#10884 = ORIENTED_EDGE('',*,*,#8726,.T.);
#10885 = PLANE('',#10886);
#10886 = AXIS2_PLACEMENT_3D('',#10887,#10888,#10889);
#10887 = CARTESIAN_POINT('',(31.466390589492,33.197106684701,
    1.188073404466));
#10888 = DIRECTION('',(-0.243192297206,-0.969921064268,
    1.051834911721E-02));
#10889 = DIRECTION('',(-0.969974722653,0.243205751193,
    -2.973224098618E-19));
#10890 = ADVANCED_FACE('',(#10891),#10901,.T.);
#10891 = FACE_BOUND('',#10892,.T.);
#10892 = EDGE_LOOP('',(#10893,#10894,#10900));
#10893 = ORIENTED_EDGE('',*,*,#9736,.T.);
#10894 = ORIENTED_EDGE('',*,*,#10895,.F.);
#10895 = EDGE_CURVE('',#6520,#4034,#10896,.T.);
#10896 = LINE('',#10897,#10898);
#10897 = CARTESIAN_POINT('',(27.902698516846,71.925872802734,0.));
#10898 = VECTOR('',#10899,1.);
#10899 = DIRECTION('',(8.382718679006E-03,9.372805442937E-03,
    0.999920937147));
#10900 = ORIENTED_EDGE('',*,*,#6519,.F.);
#10901 = PLANE('',#10902);
#10902 = AXIS2_PLACEMENT_3D('',#10903,#10904,#10905);
#10903 = CARTESIAN_POINT('',(27.826564510199,71.864275440187,
    7.799303975255));
#10904 = DIRECTION('',(-0.689453321162,0.724329413096,
    -1.009585252623E-03));
#10905 = DIRECTION('',(0.724329782237,0.68945367253,5.282566412525E-20)
  );
#10906 = ADVANCED_FACE('',(#10907),#10924,.T.);
#10907 = FACE_BOUND('',#10908,.T.);
#10908 = EDGE_LOOP('',(#10909,#10910,#10918));
#10909 = ORIENTED_EDGE('',*,*,#6527,.T.);
#10910 = ORIENTED_EDGE('',*,*,#10911,.T.);
#10911 = EDGE_CURVE('',#6520,#10912,#10914,.T.);
#10912 = VERTEX_POINT('',#10913);
#10913 = CARTESIAN_POINT('',(28.07498550415,72.1484375,
    4.326208680868E-02));
#10914 = LINE('',#10915,#10916);
#10915 = CARTESIAN_POINT('',(27.902698516846,71.925872802734,0.));
#10916 = VECTOR('',#10917,1.);
#10917 = DIRECTION('',(0.605020759327,0.781581152736,0.151923607352));
#10918 = ORIENTED_EDGE('',*,*,#10919,.T.);
#10919 = EDGE_CURVE('',#10912,#6528,#10920,.T.);
#10920 = LINE('',#10921,#10922);
#10921 = CARTESIAN_POINT('',(28.07498550415,72.1484375,
    4.326208680868E-02));
#10922 = VECTOR('',#10923,1.);
#10923 = DIRECTION('',(0.997488180817,-6.953171020446E-02,
    -1.351556163119E-02));
#10924 = PLANE('',#10925);
#10925 = AXIS2_PLACEMENT_3D('',#10926,#10927,#10928);
#10926 = CARTESIAN_POINT('',(29.559167849661,71.982492779783,
    1.10057812055E-02));
#10927 = DIRECTION('',(0.,0.190808537024,-0.981627272542));
#10928 = DIRECTION('',(0.,-0.981627272542,-0.190808537024));
#10929 = ADVANCED_FACE('',(#10930),#10947,.T.);
#10930 = FACE_BOUND('',#10931,.T.);
#10931 = EDGE_LOOP('',(#10932,#10940,#10941));
#10932 = ORIENTED_EDGE('',*,*,#10933,.T.);
#10933 = EDGE_CURVE('',#10934,#6536,#10936,.T.);
#10934 = VERTEX_POINT('',#10935);
#10935 = CARTESIAN_POINT('',(27.7991771698,91.898391723633,
    3.882264137268));
#10936 = LINE('',#10937,#10938);
#10937 = CARTESIAN_POINT('',(27.7991771698,91.898391723633,
    3.882264137268));
#10938 = VECTOR('',#10939,1.);
#10939 = DIRECTION('',(0.173083732798,-0.966828716098,-0.187841036967));
#10940 = ORIENTED_EDGE('',*,*,#6535,.T.);
#10941 = ORIENTED_EDGE('',*,*,#10942,.T.);
#10942 = EDGE_CURVE('',#6528,#10934,#10943,.T.);
#10943 = LINE('',#10944,#10945);
#10944 = CARTESIAN_POINT('',(31.267854690552,71.925872802734,
    -1.257674520083E-14));
#10945 = VECTOR('',#10946,1.);
#10946 = DIRECTION('',(-0.168056947219,0.967665785605,0.188095161717));
#10947 = PLANE('',#10948);
#10948 = AXIS2_PLACEMENT_3D('',#10949,#10950,#10951);
#10949 = CARTESIAN_POINT('',(29.56531725485,81.883407855242,
    1.936022508244));
#10950 = DIRECTION('',(1.733703546159E-02,0.193680814135,-0.980911397343
    ));
#10951 = DIRECTION('',(-1.410951853925E-19,-0.981058848226,
    -0.19370992829));
#10952 = ADVANCED_FACE('',(#10953),#10970,.T.);
#10953 = FACE_BOUND('',#10954,.T.);
#10954 = EDGE_LOOP('',(#10955,#10963,#10969));
#10955 = ORIENTED_EDGE('',*,*,#10956,.T.);
#10956 = EDGE_CURVE('',#6536,#10957,#10959,.T.);
#10957 = VERTEX_POINT('',#10958);
#10958 = CARTESIAN_POINT('',(28.269260406494,92.162483215332,
    3.978749752045));
#10959 = LINE('',#10960,#10961);
#10960 = CARTESIAN_POINT('',(31.376440048218,71.916152954102,
    -3.903127820948E-15));
#10961 = VECTOR('',#10962,1.);
#10962 = DIRECTION('',(-0.148909599993,0.970292447865,0.19067904092));
#10963 = ORIENTED_EDGE('',*,*,#10964,.F.);
#10964 = EDGE_CURVE('',#6544,#10957,#10965,.T.);
#10965 = LINE('',#10966,#10967);
#10966 = CARTESIAN_POINT('',(31.502895355225,71.881813049316,
    -3.035766082959E-15));
#10967 = VECTOR('',#10968,1.);
#10968 = DIRECTION('',(-0.154580992462,0.969499084396,0.190200531347));
#10969 = ORIENTED_EDGE('',*,*,#6543,.T.);
#10970 = PLANE('',#10971);
#10971 = AXIS2_PLACEMENT_3D('',#10972,#10973,#10974);
#10972 = CARTESIAN_POINT('',(29.859459210217,81.999049123128,
    1.98315581866));
#10973 = DIRECTION('',(5.447034028616E-02,0.200584819522,-0.978160882578
    ));
#10974 = DIRECTION('',(1.550415308285E-18,-0.979615230145,
    -0.200883052716));
#10975 = ADVANCED_FACE('',(#10976),#10991,.T.);
#10976 = FACE_BOUND('',#10977,.T.);
#10977 = EDGE_LOOP('',(#10978,#10979,#10985));
#10978 = ORIENTED_EDGE('',*,*,#6663,.T.);
#10979 = ORIENTED_EDGE('',*,*,#10980,.F.);
#10980 = EDGE_CURVE('',#9792,#6656,#10981,.T.);
#10981 = LINE('',#10982,#10983);
#10982 = CARTESIAN_POINT('',(29.573463439941,97.592552185059,
    6.929570674896));
#10983 = VECTOR('',#10984,1.);
#10984 = DIRECTION('',(0.164223873557,-0.966569654384,-0.196910189118));
#10985 = ORIENTED_EDGE('',*,*,#10986,.T.);
#10986 = EDGE_CURVE('',#9792,#6664,#10987,.T.);
#10987 = LINE('',#10988,#10989);
#10988 = CARTESIAN_POINT('',(29.573463439941,97.592552185059,
    6.929570674896));
#10989 = VECTOR('',#10990,1.);
#10990 = DIRECTION('',(0.168180645565,-0.967637039133,-0.188132482458));
#10991 = PLANE('',#10992);
#10992 = AXIS2_PLACEMENT_3D('',#10993,#10994,#10995);
#10993 = CARTESIAN_POINT('',(32.637443525153,79.772773652168,
    3.385876348272));
#10994 = DIRECTION('',(0.8975214302,0.229234897162,-0.376704983051));
#10995 = DIRECTION('',(0.387010637983,-5.797255168897E-19,0.922075249688
    ));
#10996 = ADVANCED_FACE('',(#10997),#11007,.T.);
#10997 = FACE_BOUND('',#10998,.T.);
#10998 = EDGE_LOOP('',(#10999,#11005,#11006));
#10999 = ORIENTED_EDGE('',*,*,#11000,.F.);
#11000 = EDGE_CURVE('',#6552,#10957,#11001,.T.);
#11001 = LINE('',#11002,#11003);
#11002 = CARTESIAN_POINT('',(31.661376953125,71.806938171387,
    8.673617379884E-16));
#11003 = VECTOR('',#11004,1.);
#11004 = DIRECTION('',(-0.161404032901,0.968559604842,0.189317273465));
#11005 = ORIENTED_EDGE('',*,*,#6551,.T.);
#11006 = ORIENTED_EDGE('',*,*,#10964,.T.);
#11007 = PLANE('',#11008);
#11008 = AXIS2_PLACEMENT_3D('',#11009,#11010,#11011);
#11009 = CARTESIAN_POINT('',(29.932684820533,81.961100243006,
    1.981094352709));
#11010 = DIRECTION('',(9.758781262655E-02,0.20655622965,-0.973555926909)
  );
#11011 = DIRECTION('',(-7.247616851793E-19,-0.978225075154,
    -0.207546867815));
#11012 = ADVANCED_FACE('',(#11013),#11030,.T.);
#11013 = FACE_BOUND('',#11014,.T.);
#11014 = EDGE_LOOP('',(#11015,#11016,#11024));
#11015 = ORIENTED_EDGE('',*,*,#6655,.T.);
#11016 = ORIENTED_EDGE('',*,*,#11017,.F.);
#11017 = EDGE_CURVE('',#11018,#6648,#11020,.T.);
#11018 = VERTEX_POINT('',#11019);
#11019 = CARTESIAN_POINT('',(29.393474578857,97.466354370117,
    6.461074829102));
#11020 = LINE('',#11021,#11022);
#11021 = CARTESIAN_POINT('',(29.393474578857,97.466354370117,
    6.461074829102));
#11022 = VECTOR('',#11023,1.);
#11023 = DIRECTION('',(0.167609503669,-0.967626119389,-0.188697502252));
#11024 = ORIENTED_EDGE('',*,*,#11025,.T.);
#11025 = EDGE_CURVE('',#11018,#6656,#11026,.T.);
#11026 = LINE('',#11027,#11028);
#11027 = CARTESIAN_POINT('',(29.393474578857,97.466354370117,
    6.461074829102));
#11028 = VECTOR('',#11029,1.);
#11029 = DIRECTION('',(0.170215507618,-0.967971371328,-0.184548381885));
#11030 = PLANE('',#11031);
#11031 = AXIS2_PLACEMENT_3D('',#11032,#11033,#11034);
#11032 = CARTESIAN_POINT('',(32.35157233372,80.520485707139,
    3.194173850255));
#11033 = DIRECTION('',(0.830646239995,0.241700613008,-0.501605061432));
#11034 = DIRECTION('',(0.516931633911,-1.372819643479E-18,0.856026685251
    ));
#11035 = ADVANCED_FACE('',(#11036),#11046,.T.);
#11036 = FACE_BOUND('',#11037,.T.);
#11037 = EDGE_LOOP('',(#11038,#11039,#11045));
#11038 = ORIENTED_EDGE('',*,*,#11000,.T.);
#11039 = ORIENTED_EDGE('',*,*,#11040,.F.);
#11040 = EDGE_CURVE('',#6560,#10957,#11041,.T.);
#11041 = LINE('',#11042,#11043);
#11042 = CARTESIAN_POINT('',(31.824577331543,71.690933227539,
    5.415684613376E-16));
#11043 = VECTOR('',#11044,1.);
#11044 = DIRECTION('',(-0.168056405933,0.967670446081,0.188071667739));
#11045 = ORIENTED_EDGE('',*,*,#6559,.T.);
#11046 = PLANE('',#11047);
#11047 = AXIS2_PLACEMENT_3D('',#11048,#11049,#11050);
#11048 = CARTESIAN_POINT('',(30.014460310473,81.907382174028,
    1.979974103533));
#11049 = DIRECTION('',(0.152079526483,0.213951539033,-0.964933446705));
#11050 = DIRECTION('',(-3.915105595639E-19,-0.976289390942,
    -0.216469455429));
#11051 = ADVANCED_FACE('',(#11052),#11069,.T.);
#11052 = FACE_BOUND('',#11053,.T.);
#11053 = EDGE_LOOP('',(#11054,#11055,#11063));
#11054 = ORIENTED_EDGE('',*,*,#6647,.T.);
#11055 = ORIENTED_EDGE('',*,*,#11056,.F.);
#11056 = EDGE_CURVE('',#11057,#6640,#11059,.T.);
#11057 = VERTEX_POINT('',#11058);
#11058 = CARTESIAN_POINT('',(29.383089065552,97.458648681641,
    6.436232566833));
#11059 = LINE('',#11060,#11061);
#11060 = CARTESIAN_POINT('',(29.383089065552,97.458648681641,
    6.436232566833));
#11061 = VECTOR('',#11062,1.);
#11062 = DIRECTION('',(0.162954450519,-0.96697492294,-0.195972818171));
#11063 = ORIENTED_EDGE('',*,*,#11064,.T.);
#11064 = EDGE_CURVE('',#11057,#6648,#11065,.T.);
#11065 = LINE('',#11066,#11067);
#11066 = CARTESIAN_POINT('',(29.383089065552,97.458648681641,
    6.436232566833));
#11067 = VECTOR('',#11068,1.);
#11068 = DIRECTION('',(0.167963799155,-0.967694806254,-0.188029051272));
#11069 = PLANE('',#11070);
#11070 = AXIS2_PLACEMENT_3D('',#11071,#11072,#11073);
#11071 = CARTESIAN_POINT('',(32.218066439607,80.894237993212,
    3.151259602604));
#11072 = DIRECTION('',(0.830522358901,0.24166295555,-0.501828284655));
#11073 = DIRECTION('',(0.51715667903,1.154994703827E-17,0.855890746144)
  );
#11074 = ADVANCED_FACE('',(#11075),#11085,.T.);
#11075 = FACE_BOUND('',#11076,.T.);
#11076 = EDGE_LOOP('',(#11077,#11078,#11084));
#11077 = ORIENTED_EDGE('',*,*,#11040,.T.);
#11078 = ORIENTED_EDGE('',*,*,#11079,.F.);
#11079 = EDGE_CURVE('',#6568,#10957,#11080,.T.);
#11080 = LINE('',#11081,#11082);
#11081 = CARTESIAN_POINT('',(31.878620147705,71.652519226074,
    4.336808689942E-16));
#11082 = VECTOR('',#11083,1.);
#11083 = DIRECTION('',(-0.17023832081,0.967368752285,0.187660894251));
#11084 = ORIENTED_EDGE('',*,*,#6567,.T.);
#11085 = PLANE('',#11086);
#11086 = AXIS2_PLACEMENT_3D('',#11087,#11088,#11089);
#11087 = CARTESIAN_POINT('',(30.063243758133,81.901081626753,
    1.986265660757));
#11088 = DIRECTION('',(0.152078067586,0.213951338974,-0.964933720994));
#11089 = DIRECTION('',(1.829358647143E-18,-0.976289446724,
    -0.216469203851));
#11090 = ADVANCED_FACE('',(#11091),#11108,.T.);
#11091 = FACE_BOUND('',#11092,.T.);
#11092 = EDGE_LOOP('',(#11093,#11094,#11102));
#11093 = ORIENTED_EDGE('',*,*,#6639,.T.);
#11094 = ORIENTED_EDGE('',*,*,#11095,.F.);
#11095 = EDGE_CURVE('',#11096,#6632,#11098,.T.);
#11096 = VERTEX_POINT('',#11097);
#11097 = CARTESIAN_POINT('',(29.139627456665,97.250961303711,
    5.992823600769));
#11098 = LINE('',#11099,#11100);
#11099 = CARTESIAN_POINT('',(29.139627456665,97.250961303711,
    5.992823600769));
#11100 = VECTOR('',#11101,1.);
#11101 = DIRECTION('',(0.167550165887,-0.967666558973,-0.188542760553));
#11102 = ORIENTED_EDGE('',*,*,#11103,.T.);
#11103 = EDGE_CURVE('',#11096,#6640,#11104,.T.);
#11104 = LINE('',#11105,#11106);
#11105 = CARTESIAN_POINT('',(29.139627456665,97.250961303711,
    5.992823600769));
#11106 = VECTOR('',#11107,1.);
#11107 = DIRECTION('',(0.171644814422,-0.967853795638,-0.183839843209));
#11108 = PLANE('',#11109);
#11109 = AXIS2_PLACEMENT_3D('',#11110,#11111,#11112);
#11110 = CARTESIAN_POINT('',(31.905744599097,81.471606587709,
    2.957932929003));
#11111 = DIRECTION('',(0.735143832167,0.250060663473,-0.630105713837));
#11112 = DIRECTION('',(0.650780911942,8.833615165473E-18,0.759265569253)
  );
#11113 = ADVANCED_FACE('',(#11114),#11131,.T.);
#11114 = FACE_BOUND('',#11115,.T.);
#11115 = EDGE_LOOP('',(#11116,#11124,#11130));
#11116 = ORIENTED_EDGE('',*,*,#11117,.T.);
#11117 = EDGE_CURVE('',#6568,#11118,#11120,.T.);
#11118 = VERTEX_POINT('',#11119);
#11119 = CARTESIAN_POINT('',(28.722337722778,92.417015075684,
    4.163497924805));
#11120 = LINE('',#11121,#11122);
#11121 = CARTESIAN_POINT('',(31.878620147705,71.652519226074,
    4.336808689942E-16));
#11122 = VECTOR('',#11123,1.);
#11123 = DIRECTION('',(-0.147409203912,0.969773103526,0.194449618874));
#11124 = ORIENTED_EDGE('',*,*,#11125,.T.);
#11125 = EDGE_CURVE('',#11118,#6576,#11126,.T.);
#11126 = LINE('',#11127,#11128);
#11127 = CARTESIAN_POINT('',(28.722337722778,92.417015075684,
    4.163497924805));
#11128 = VECTOR('',#11129,1.);
#11129 = DIRECTION('',(0.160181031654,-0.968424521499,-0.191039219161));
#11130 = ORIENTED_EDGE('',*,*,#6575,.T.);
#11131 = PLANE('',#11132);
#11132 = AXIS2_PLACEMENT_3D('',#11133,#11134,#11135);
#11133 = CARTESIAN_POINT('',(30.403069332545,81.834153570244,
    2.058968975434));
#11134 = DIRECTION('',(0.229166609445,0.224735324132,-0.947088538207));
#11135 = DIRECTION('',(-0.971951200694,-1.742599122468E-18,
    -0.235182617277));
#11136 = ADVANCED_FACE('',(#11137),#11154,.T.);
#11137 = FACE_BOUND('',#11138,.T.);
#11138 = EDGE_LOOP('',(#11139,#11140,#11148));
#11139 = ORIENTED_EDGE('',*,*,#6631,.T.);
#11140 = ORIENTED_EDGE('',*,*,#11141,.F.);
#11141 = EDGE_CURVE('',#11142,#6624,#11144,.T.);
#11142 = VERTEX_POINT('',#11143);
#11143 = CARTESIAN_POINT('',(29.128496170044,97.241287231445,
    5.973433494568));
#11144 = LINE('',#11145,#11146);
#11145 = CARTESIAN_POINT('',(29.128496170044,97.241287231445,
    5.973433494568));
#11146 = VECTOR('',#11147,1.);
#11147 = DIRECTION('',(0.161998191236,-0.967368822924,-0.194818239572));
#11148 = ORIENTED_EDGE('',*,*,#11149,.T.);
#11149 = EDGE_CURVE('',#11142,#6632,#11150,.T.);
#11150 = LINE('',#11151,#11152);
#11151 = CARTESIAN_POINT('',(29.128496170044,97.241287231445,
    5.973433494568));
#11152 = VECTOR('',#11153,1.);
#11153 = DIRECTION('',(0.1679592633,-0.967701502545,-0.187998637879));
#11154 = PLANE('',#11155);
#11155 = AXIS2_PLACEMENT_3D('',#11156,#11157,#11158);
#11156 = CARTESIAN_POINT('',(31.752564074951,81.861792275361,
    2.932807347446));
#11157 = DIRECTION('',(0.73500834848,0.250018551255,-0.630280454792));
#11158 = DIRECTION('',(0.650954075024,-1.422822698517E-18,0.759117113632
    ));
#11159 = ADVANCED_FACE('',(#11160),#11170,.T.);
#11160 = FACE_BOUND('',#11161,.T.);
#11161 = EDGE_LOOP('',(#11162,#11163,#11169));
#11162 = ORIENTED_EDGE('',*,*,#11125,.F.);
#11163 = ORIENTED_EDGE('',*,*,#11164,.F.);
#11164 = EDGE_CURVE('',#6584,#11118,#11165,.T.);
#11165 = LINE('',#11166,#11167);
#11166 = CARTESIAN_POINT('',(32.444423675537,70.971580505371,
    -2.782825527767E-15));
#11167 = VECTOR('',#11168,1.);
#11168 = DIRECTION('',(-0.167959088012,0.967725001025,0.187877798435));
#11169 = ORIENTED_EDGE('',*,*,#6583,.T.);
#11170 = PLANE('',#11171);
#11171 = AXIS2_PLACEMENT_3D('',#11172,#11173,#11174);
#11172 = CARTESIAN_POINT('',(30.542778846269,81.680002813394,
    2.062472288091));
#11173 = DIRECTION('',(0.347532067933,0.236476063656,-0.907359098194));
#11174 = DIRECTION('',(-0.933845463185,-7.265411348663E-18,
    -0.35767674077));
#11175 = ADVANCED_FACE('',(#11176),#11193,.T.);
#11176 = FACE_BOUND('',#11177,.T.);
#11177 = EDGE_LOOP('',(#11178,#11179,#11187));
#11178 = ORIENTED_EDGE('',*,*,#6623,.T.);
#11179 = ORIENTED_EDGE('',*,*,#11180,.F.);
#11180 = EDGE_CURVE('',#11181,#6616,#11183,.T.);
#11181 = VERTEX_POINT('',#11182);
#11182 = CARTESIAN_POINT('',(28.827436447144,96.956260681152,
    5.57021856308));
#11183 = LINE('',#11184,#11185);
#11184 = CARTESIAN_POINT('',(28.827436447144,96.956260681152,
    5.57021856308));
#11185 = VECTOR('',#11186,1.);
#11186 = DIRECTION('',(0.167609239989,-0.967674373822,-0.188450123161));
#11187 = ORIENTED_EDGE('',*,*,#11188,.T.);
#11188 = EDGE_CURVE('',#11181,#6624,#11189,.T.);
#11189 = LINE('',#11190,#11191);
#11190 = CARTESIAN_POINT('',(28.827436447144,96.956260681152,
    5.57021856308));
#11191 = VECTOR('',#11192,1.);
#11192 = DIRECTION('',(0.173523479751,-0.967588549236,-0.183472072434));
#11193 = PLANE('',#11194);
#11194 = AXIS2_PLACEMENT_3D('',#11195,#11196,#11197);
#11195 = CARTESIAN_POINT('',(31.419182227022,82.259901880863,
    2.746841530628));
#11196 = DIRECTION('',(0.621014822174,0.252095459413,-0.742151244682));
#11197 = DIRECTION('',(-0.766920973559,-2.443262542537E-18,
    -0.641741552586));
#11198 = ADVANCED_FACE('',(#11199),#11209,.T.);
#11199 = FACE_BOUND('',#11200,.T.);
#11200 = EDGE_LOOP('',(#11201,#11202,#11208));
#11201 = ORIENTED_EDGE('',*,*,#11164,.T.);
#11202 = ORIENTED_EDGE('',*,*,#11203,.F.);
#11203 = EDGE_CURVE('',#6592,#11118,#11204,.T.);
#11204 = LINE('',#11205,#11206);
#11205 = CARTESIAN_POINT('',(32.818416595459,70.421943664551,
    4.336808689942E-16));
#11206 = VECTOR('',#11207,1.);
#11207 = DIRECTION('',(-0.179989487294,0.966505223493,0.182952008525));
#11208 = ORIENTED_EDGE('',*,*,#6591,.T.);
#11209 = PLANE('',#11210);
#11210 = AXIS2_PLACEMENT_3D('',#11211,#11212,#11213);
#11211 = CARTESIAN_POINT('',(30.706609068725,81.396698817181,
    2.051387380158));
#11212 = DIRECTION('',(0.347536488075,0.236476481017,-0.907357296429));
#11213 = DIRECTION('',(-0.933843706451,1.271071276569E-18,
    -0.357681327332));
#11214 = ADVANCED_FACE('',(#11215),#11232,.T.);
#11215 = FACE_BOUND('',#11216,.T.);
#11216 = EDGE_LOOP('',(#11217,#11218,#11226));
#11217 = ORIENTED_EDGE('',*,*,#6615,.T.);
#11218 = ORIENTED_EDGE('',*,*,#11219,.F.);
#11219 = EDGE_CURVE('',#11220,#6608,#11222,.T.);
#11220 = VERTEX_POINT('',#11221);
#11221 = CARTESIAN_POINT('',(28.816627502441,96.945922851562,
    5.556305885315));
#11222 = LINE('',#11223,#11224);
#11223 = CARTESIAN_POINT('',(28.816627502441,96.945922851562,
    5.556305885315));
#11224 = VECTOR('',#11225,1.);
#11225 = DIRECTION('',(0.161456218239,-0.96771111733,-0.193564157292));
#11226 = ORIENTED_EDGE('',*,*,#11227,.T.);
#11227 = EDGE_CURVE('',#11220,#6616,#11228,.T.);
#11228 = LINE('',#11229,#11230);
#11229 = CARTESIAN_POINT('',(28.816627502441,96.945922851562,
    5.556305885315));
#11230 = VECTOR('',#11231,1.);
#11231 = DIRECTION('',(0.168036372524,-0.967678486173,-0.188048198362));
#11232 = PLANE('',#11233);
#11233 = AXIS2_PLACEMENT_3D('',#11234,#11235,#11236);
#11234 = CARTESIAN_POINT('',(31.253365555725,82.641035257421,
    2.736885309949));
#11235 = DIRECTION('',(0.620938070823,0.252061635201,-0.742226949297));
#11236 = DIRECTION('',(-0.766992221427,3.458894439249E-18,
    -0.641656397359));
#11237 = ADVANCED_FACE('',(#11238),#11255,.T.);
#11238 = FACE_BOUND('',#11239,.T.);
#11239 = EDGE_LOOP('',(#11240,#11248,#11254));
#11240 = ORIENTED_EDGE('',*,*,#11241,.T.);
#11241 = EDGE_CURVE('',#6592,#11242,#11244,.T.);
#11242 = VERTEX_POINT('',#11243);
#11243 = CARTESIAN_POINT('',(28.759929656982,92.438133239746,
    4.178826332092));
#11244 = LINE('',#11245,#11246);
#11245 = CARTESIAN_POINT('',(32.818416595459,70.421943664551,
    4.336808689942E-16));
#11246 = VECTOR('',#11247,1.);
#11247 = DIRECTION('',(-0.178208503415,0.966732739212,0.183492616327));
#11248 = ORIENTED_EDGE('',*,*,#11249,.F.);
#11249 = EDGE_CURVE('',#6600,#11242,#11250,.T.);
#11250 = LINE('',#11251,#11252);
#11251 = CARTESIAN_POINT('',(33.101512908936,69.860801696777,
    6.276815894642E-16));
#11252 = VECTOR('',#11253,1.);
#11253 = DIRECTION('',(-0.185794472268,0.966178270877,0.178829424201));
#11254 = ORIENTED_EDGE('',*,*,#6599,.T.);
#11255 = PLANE('',#11256);
#11256 = AXIS2_PLACEMENT_3D('',#11257,#11258,#11259);
#11257 = CARTESIAN_POINT('',(30.889066517056,81.138156407425,
    2.061335001115));
#11258 = DIRECTION('',(0.493883539953,0.249164413779,-0.833064309564));
#11259 = DIRECTION('',(-0.860193789909,-1.072572676337E-17,
    -0.509967296796));
#11260 = ADVANCED_FACE('',(#11261),#11278,.T.);
#11261 = FACE_BOUND('',#11262,.T.);
#11262 = EDGE_LOOP('',(#11263,#11271,#11277));
#11263 = ORIENTED_EDGE('',*,*,#11264,.T.);
#11264 = EDGE_CURVE('',#6600,#11265,#11267,.T.);
#11265 = VERTEX_POINT('',#11266);
#11266 = CARTESIAN_POINT('',(28.458118438721,96.582862854004,
    5.197787284851));
#11267 = LINE('',#11268,#11269);
#11268 = CARTESIAN_POINT('',(33.101512908936,69.860801696777,
    6.276815894642E-16));
#11269 = VECTOR('',#11270,1.);
#11270 = DIRECTION('',(-0.168141103869,0.967627645991,0.188216120202));
#11271 = ORIENTED_EDGE('',*,*,#11272,.F.);
#11272 = EDGE_CURVE('',#6608,#11265,#11273,.T.);
#11273 = LINE('',#11274,#11275);
#11274 = CARTESIAN_POINT('',(33.451267242432,69.167541503906,
    8.673617379884E-16));
#11275 = VECTOR('',#11276,1.);
#11276 = DIRECTION('',(-0.176144260249,0.967135506778,0.183363330878));
#11277 = ORIENTED_EDGE('',*,*,#6607,.T.);
#11278 = PLANE('',#11279);
#11279 = AXIS2_PLACEMENT_3D('',#11280,#11281,#11282);
#11280 = CARTESIAN_POINT('',(30.901350056586,82.861064597323,
    2.563327281867));
#11281 = DIRECTION('',(0.491134048598,0.247780362396,-0.835100136701));
#11282 = DIRECTION('',(-0.861979918214,6.939267525796E-19,
    -0.506942423354));
#11283 = ADVANCED_FACE('',(#11284),#11295,.T.);
#11284 = FACE_BOUND('',#11285,.T.);
#11285 = EDGE_LOOP('',(#11286,#11287,#11288,#11294));
#11286 = ORIENTED_EDGE('',*,*,#10527,.F.);
#11287 = ORIENTED_EDGE('',*,*,#7112,.F.);
#11288 = ORIENTED_EDGE('',*,*,#11289,.T.);
#11289 = EDGE_CURVE('',#7105,#7219,#11290,.T.);
#11290 = LINE('',#11291,#11292);
#11291 = CARTESIAN_POINT('',(4.8,4.217827796936,6.155829876661E-02));
#11292 = VECTOR('',#11293,1.);
#11293 = DIRECTION('',(-1.,0.,0.));
#11294 = ORIENTED_EDGE('',*,*,#7218,.F.);
#11295 = PLANE('',#11296);
#11296 = AXIS2_PLACEMENT_3D('',#11297,#11298,#11299);
#11297 = CARTESIAN_POINT('',(3.55,4.608913898468,3.077914938331E-02));
#11298 = DIRECTION('',(-0.,-7.845911011089E-02,-0.996917332601));
#11299 = DIRECTION('',(0.,-0.996917332601,7.845911011089E-02));
#11300 = ADVANCED_FACE('',(#11301),#11312,.T.);
#11301 = FACE_BOUND('',#11302,.T.);
#11302 = EDGE_LOOP('',(#11303,#11304,#11305,#11311));
#11303 = ORIENTED_EDGE('',*,*,#11289,.F.);
#11304 = ORIENTED_EDGE('',*,*,#7104,.F.);
#11305 = ORIENTED_EDGE('',*,*,#11306,.T.);
#11306 = EDGE_CURVE('',#7097,#7227,#11307,.T.);
#11307 = LINE('',#11308,#11309);
#11308 = CARTESIAN_POINT('',(4.8,3.454915046692,0.244717404246));
#11309 = VECTOR('',#11310,1.);
#11310 = DIRECTION('',(-1.,0.,0.));
#11311 = ORIENTED_EDGE('',*,*,#7226,.F.);
#11312 = PLANE('',#11313);
#11313 = AXIS2_PLACEMENT_3D('',#11314,#11315,#11316);
#11314 = CARTESIAN_POINT('',(3.55,3.836371421814,0.153137851506));
#11315 = DIRECTION('',(-0.,-0.233445314585,-0.972369932226));
#11316 = DIRECTION('',(0.,-0.972369932226,0.233445314585));
#11317 = ADVANCED_FACE('',(#11318),#11329,.T.);
#11318 = FACE_BOUND('',#11319,.T.);
#11319 = EDGE_LOOP('',(#11320,#11321,#11322,#11328));
#11320 = ORIENTED_EDGE('',*,*,#7154,.F.);
#11321 = ORIENTED_EDGE('',*,*,#7370,.F.);
#11322 = ORIENTED_EDGE('',*,*,#11323,.T.);
#11323 = EDGE_CURVE('',#7363,#6961,#11324,.T.);
#11324 = LINE('',#11325,#11326);
#11325 = CARTESIAN_POINT('',(2.3,3.454915046692,15.755282402039));
#11326 = VECTOR('',#11327,1.);
#11327 = DIRECTION('',(1.,0.,0.));
#11328 = ORIENTED_EDGE('',*,*,#6960,.F.);
#11329 = PLANE('',#11330);
#11330 = AXIS2_PLACEMENT_3D('',#11331,#11332,#11333);
#11331 = CARTESIAN_POINT('',(3.55,3.836371421814,15.846862316132));
#11332 = DIRECTION('',(0.,-0.233446185512,0.972369723135));
#11333 = DIRECTION('',(0.,0.972369723135,0.233446185512));
#11334 = ADVANCED_FACE('',(#11335),#11346,.T.);
#11335 = FACE_BOUND('',#11336,.T.);
#11336 = EDGE_LOOP('',(#11337,#11338,#11339,#11345));
#11337 = ORIENTED_EDGE('',*,*,#11306,.F.);
#11338 = ORIENTED_EDGE('',*,*,#7096,.F.);
#11339 = ORIENTED_EDGE('',*,*,#11340,.T.);
#11340 = EDGE_CURVE('',#7089,#7235,#11341,.T.);
#11341 = LINE('',#11342,#11343);
#11342 = CARTESIAN_POINT('',(4.8,2.730047464371,0.544967353344));
#11343 = VECTOR('',#11344,1.);
#11344 = DIRECTION('',(-1.,0.,0.));
#11345 = ORIENTED_EDGE('',*,*,#7234,.F.);
#11346 = PLANE('',#11347);
#11347 = AXIS2_PLACEMENT_3D('',#11348,#11349,#11350);
#11348 = CARTESIAN_POINT('',(3.55,3.092481255531,0.394842378795));
#11349 = DIRECTION('',(-0.,-0.382683394915,-0.923879548024));
#11350 = DIRECTION('',(0.,-0.923879548024,0.382683394915));
#11351 = ADVANCED_FACE('',(#11352),#11363,.T.);
#11352 = FACE_BOUND('',#11353,.T.);
#11353 = EDGE_LOOP('',(#11354,#11355,#11356,#11362));
#11354 = ORIENTED_EDGE('',*,*,#11323,.F.);
#11355 = ORIENTED_EDGE('',*,*,#7362,.F.);
#11356 = ORIENTED_EDGE('',*,*,#11357,.T.);
#11357 = EDGE_CURVE('',#7355,#6969,#11358,.T.);
#11358 = LINE('',#11359,#11360);
#11359 = CARTESIAN_POINT('',(2.3,2.730047464371,15.455032348633));
#11360 = VECTOR('',#11361,1.);
#11361 = DIRECTION('',(1.,0.,0.));
#11362 = ORIENTED_EDGE('',*,*,#6968,.F.);
#11363 = PLANE('',#11364);
#11364 = AXIS2_PLACEMENT_3D('',#11365,#11366,#11367);
#11365 = CARTESIAN_POINT('',(3.55,3.092481255531,15.605157375336));
#11366 = DIRECTION('',(0.,-0.382683508391,0.92387950102));
#11367 = DIRECTION('',(0.,0.92387950102,0.382683508391));
#11368 = ADVANCED_FACE('',(#11369),#11380,.T.);
#11369 = FACE_BOUND('',#11370,.T.);
#11370 = EDGE_LOOP('',(#11371,#11372,#11373,#11379));
#11371 = ORIENTED_EDGE('',*,*,#11340,.F.);
#11372 = ORIENTED_EDGE('',*,*,#7088,.F.);
#11373 = ORIENTED_EDGE('',*,*,#11374,.T.);
#11374 = EDGE_CURVE('',#7081,#7243,#11375,.T.);
#11375 = LINE('',#11376,#11377);
#11376 = CARTESIAN_POINT('',(4.8,2.06107378006,0.954914987087));
#11377 = VECTOR('',#11378,1.);
#11378 = DIRECTION('',(-1.,0.,0.));
#11379 = ORIENTED_EDGE('',*,*,#7242,.F.);
#11380 = PLANE('',#11381);
#11381 = AXIS2_PLACEMENT_3D('',#11382,#11383,#11384);
#11382 = CARTESIAN_POINT('',(3.55,2.395560622215,0.749941170216));
#11383 = DIRECTION('',(-0.,-0.522498595064,-0.852640145757));
#11384 = DIRECTION('',(0.,-0.852640145757,0.522498595064));
#11385 = ADVANCED_FACE('',(#11386),#11397,.T.);
#11386 = FACE_BOUND('',#11387,.T.);
#11387 = EDGE_LOOP('',(#11388,#11389,#11390,#11396));
#11388 = ORIENTED_EDGE('',*,*,#11357,.F.);
#11389 = ORIENTED_EDGE('',*,*,#7354,.F.);
#11390 = ORIENTED_EDGE('',*,*,#11391,.T.);
#11391 = EDGE_CURVE('',#7347,#6977,#11392,.T.);
#11392 = LINE('',#11393,#11394);
#11393 = CARTESIAN_POINT('',(2.3,2.06107378006,15.045084953308));
#11394 = VECTOR('',#11395,1.);
#11395 = DIRECTION('',(1.,0.,0.));
#11396 = ORIENTED_EDGE('',*,*,#6976,.F.);
#11397 = PLANE('',#11398);
#11398 = AXIS2_PLACEMENT_3D('',#11399,#11400,#11401);
#11399 = CARTESIAN_POINT('',(3.55,2.395560622215,15.25005865097));
#11400 = DIRECTION('',(0.,-0.522498374148,0.852640281134));
#11401 = DIRECTION('',(0.,0.852640281134,0.522498374148));
#11402 = ADVANCED_FACE('',(#11403),#11414,.T.);
#11403 = FACE_BOUND('',#11404,.T.);
#11404 = EDGE_LOOP('',(#11405,#11406,#11407,#11413));
#11405 = ORIENTED_EDGE('',*,*,#11374,.F.);
#11406 = ORIENTED_EDGE('',*,*,#7080,.F.);
#11407 = ORIENTED_EDGE('',*,*,#11408,.T.);
#11408 = EDGE_CURVE('',#7073,#7251,#11409,.T.);
#11409 = LINE('',#11410,#11411);
#11410 = CARTESIAN_POINT('',(4.8,1.464466094971,1.464466094971));
#11411 = VECTOR('',#11412,1.);
#11412 = DIRECTION('',(-1.,0.,0.));
#11413 = ORIENTED_EDGE('',*,*,#7250,.F.);
#11414 = PLANE('',#11415);
#11415 = AXIS2_PLACEMENT_3D('',#11416,#11417,#11418);
#11416 = CARTESIAN_POINT('',(3.55,1.762769937515,1.209690541029));
#11417 = DIRECTION('',(-0.,-0.649448053673,-0.760405961037));
#11418 = DIRECTION('',(0.,-0.760405961037,0.649448053673));
#11419 = ADVANCED_FACE('',(#11420),#11431,.T.);
#11420 = FACE_BOUND('',#11421,.T.);
#11421 = EDGE_LOOP('',(#11422,#11423,#11424,#11430));
#11422 = ORIENTED_EDGE('',*,*,#11391,.F.);
#11423 = ORIENTED_EDGE('',*,*,#7346,.F.);
#11424 = ORIENTED_EDGE('',*,*,#11425,.T.);
#11425 = EDGE_CURVE('',#7339,#6985,#11426,.T.);
#11426 = LINE('',#11427,#11428);
#11427 = CARTESIAN_POINT('',(2.3,1.464466094971,14.535533905029));
#11428 = VECTOR('',#11429,1.);
#11429 = DIRECTION('',(1.,0.,0.));
#11430 = ORIENTED_EDGE('',*,*,#6984,.F.);
#11431 = PLANE('',#11432);
#11432 = AXIS2_PLACEMENT_3D('',#11433,#11434,#11435);
#11433 = CARTESIAN_POINT('',(3.55,1.762769937515,14.790309429169));
#11434 = DIRECTION('',(0.,-0.649448009746,0.760405998554));
#11435 = DIRECTION('',(0.,0.760405998554,0.649448009746));
#11436 = ADVANCED_FACE('',(#11437),#11448,.T.);
#11437 = FACE_BOUND('',#11438,.T.);
#11438 = EDGE_LOOP('',(#11439,#11440,#11441,#11447));
#11439 = ORIENTED_EDGE('',*,*,#11408,.F.);
#11440 = ORIENTED_EDGE('',*,*,#7072,.F.);
#11441 = ORIENTED_EDGE('',*,*,#11442,.T.);
#11442 = EDGE_CURVE('',#7065,#7259,#11443,.T.);
#11443 = LINE('',#11444,#11445);
#11444 = CARTESIAN_POINT('',(4.8,0.954914987087,2.06107378006));
#11445 = VECTOR('',#11446,1.);
#11446 = DIRECTION('',(-1.,0.,0.));
#11447 = ORIENTED_EDGE('',*,*,#7258,.F.);
#11448 = PLANE('',#11449);
#11449 = AXIS2_PLACEMENT_3D('',#11450,#11451,#11452);
#11450 = CARTESIAN_POINT('',(3.55,1.209690541029,1.762769937515));
#11451 = DIRECTION('',(-0.,-0.760405961037,-0.649448053673));
#11452 = DIRECTION('',(0.,0.649448053673,-0.760405961037));
#11453 = ADVANCED_FACE('',(#11454),#11465,.T.);
#11454 = FACE_BOUND('',#11455,.T.);
#11455 = EDGE_LOOP('',(#11456,#11457,#11458,#11464));
#11456 = ORIENTED_EDGE('',*,*,#11425,.F.);
#11457 = ORIENTED_EDGE('',*,*,#7338,.F.);
#11458 = ORIENTED_EDGE('',*,*,#11459,.T.);
#11459 = EDGE_CURVE('',#7331,#6993,#11460,.T.);
#11460 = LINE('',#11461,#11462);
#11461 = CARTESIAN_POINT('',(2.3,0.954914987087,13.938925743103));
#11462 = VECTOR('',#11463,1.);
#11463 = DIRECTION('',(1.,0.,0.));
#11464 = ORIENTED_EDGE('',*,*,#6992,.F.);
#11465 = PLANE('',#11466);
#11466 = AXIS2_PLACEMENT_3D('',#11467,#11468,#11469);
#11467 = CARTESIAN_POINT('',(3.55,1.209690541029,14.237229824066));
#11468 = DIRECTION('',(0.,-0.760406217376,0.649447753538));
#11469 = DIRECTION('',(0.,-0.649447753538,-0.760406217376));
#11470 = ADVANCED_FACE('',(#11471),#11482,.T.);
#11471 = FACE_BOUND('',#11472,.T.);
#11472 = EDGE_LOOP('',(#11473,#11474,#11475,#11481));
#11473 = ORIENTED_EDGE('',*,*,#11442,.F.);
#11474 = ORIENTED_EDGE('',*,*,#7064,.F.);
#11475 = ORIENTED_EDGE('',*,*,#11476,.T.);
#11476 = EDGE_CURVE('',#7057,#7267,#11477,.T.);
#11477 = LINE('',#11478,#11479);
#11478 = CARTESIAN_POINT('',(4.8,0.544967353344,2.730047464371));
#11479 = VECTOR('',#11480,1.);
#11480 = DIRECTION('',(-1.,0.,0.));
#11481 = ORIENTED_EDGE('',*,*,#7266,.F.);
#11482 = PLANE('',#11483);
#11483 = AXIS2_PLACEMENT_3D('',#11484,#11485,#11486);
#11484 = CARTESIAN_POINT('',(3.55,0.749941170216,2.395560622215));
#11485 = DIRECTION('',(-0.,-0.852640145757,-0.522498595064));
#11486 = DIRECTION('',(0.,0.522498595064,-0.852640145757));
#11487 = ADVANCED_FACE('',(#11488),#11499,.T.);
#11488 = FACE_BOUND('',#11489,.T.);
#11489 = EDGE_LOOP('',(#11490,#11491,#11492,#11498));
#11490 = ORIENTED_EDGE('',*,*,#11459,.F.);
#11491 = ORIENTED_EDGE('',*,*,#7330,.F.);
#11492 = ORIENTED_EDGE('',*,*,#11493,.T.);
#11493 = EDGE_CURVE('',#7323,#7001,#11494,.T.);
#11494 = LINE('',#11495,#11496);
#11495 = CARTESIAN_POINT('',(2.3,0.544967353344,13.269952774048));
#11496 = VECTOR('',#11497,1.);
#11497 = DIRECTION('',(1.,0.,0.));
#11498 = ORIENTED_EDGE('',*,*,#7000,.F.);
#11499 = PLANE('',#11500);
#11500 = AXIS2_PLACEMENT_3D('',#11501,#11502,#11503);
#11501 = CARTESIAN_POINT('',(3.55,0.749941170216,13.604439258575));
#11502 = DIRECTION('',(0.,-0.852639896877,0.522499001198));
#11503 = DIRECTION('',(0.,-0.522499001198,-0.852639896877));
#11504 = ADVANCED_FACE('',(#11505),#11516,.T.);
#11505 = FACE_BOUND('',#11506,.T.);
#11506 = EDGE_LOOP('',(#11507,#11508,#11509,#11515));
#11507 = ORIENTED_EDGE('',*,*,#11476,.F.);
#11508 = ORIENTED_EDGE('',*,*,#7056,.F.);
#11509 = ORIENTED_EDGE('',*,*,#11510,.T.);
#11510 = EDGE_CURVE('',#7049,#7275,#11511,.T.);
#11511 = LINE('',#11512,#11513);
#11512 = CARTESIAN_POINT('',(4.8,0.244717404246,3.454915046692));
#11513 = VECTOR('',#11514,1.);
#11514 = DIRECTION('',(-1.,0.,0.));
#11515 = ORIENTED_EDGE('',*,*,#7274,.F.);
#11516 = PLANE('',#11517);
#11517 = AXIS2_PLACEMENT_3D('',#11518,#11519,#11520);
#11518 = CARTESIAN_POINT('',(3.55,0.394842378795,3.092481255531));
#11519 = DIRECTION('',(-0.,-0.923879548024,-0.382683394915));
#11520 = DIRECTION('',(0.,0.382683394915,-0.923879548024));
#11521 = ADVANCED_FACE('',(#11522),#11533,.T.);
#11522 = FACE_BOUND('',#11523,.T.);
#11523 = EDGE_LOOP('',(#11524,#11525,#11526,#11532));
#11524 = ORIENTED_EDGE('',*,*,#11493,.F.);
#11525 = ORIENTED_EDGE('',*,*,#7322,.F.);
#11526 = ORIENTED_EDGE('',*,*,#11527,.T.);
#11527 = EDGE_CURVE('',#7315,#7009,#11528,.T.);
#11528 = LINE('',#11529,#11530);
#11529 = CARTESIAN_POINT('',(2.3,0.244717404246,12.545084953308));
#11530 = VECTOR('',#11531,1.);
#11531 = DIRECTION('',(1.,0.,0.));
#11532 = ORIENTED_EDGE('',*,*,#7008,.F.);
#11533 = PLANE('',#11534);
#11534 = AXIS2_PLACEMENT_3D('',#11535,#11536,#11537);
#11535 = CARTESIAN_POINT('',(3.55,0.394842378795,12.907518863678));
#11536 = DIRECTION('',(0.,-0.923879592525,0.382683287478));
#11537 = DIRECTION('',(0.,-0.382683287478,-0.923879592525));
#11538 = ADVANCED_FACE('',(#11539),#11550,.T.);
#11539 = FACE_BOUND('',#11540,.T.);
#11540 = EDGE_LOOP('',(#11541,#11542,#11543,#11549));
#11541 = ORIENTED_EDGE('',*,*,#11510,.F.);
#11542 = ORIENTED_EDGE('',*,*,#7048,.F.);
#11543 = ORIENTED_EDGE('',*,*,#11544,.T.);
#11544 = EDGE_CURVE('',#7041,#7283,#11545,.T.);
#11545 = LINE('',#11546,#11547);
#11546 = CARTESIAN_POINT('',(4.8,6.155829876661E-02,4.217827796936));
#11547 = VECTOR('',#11548,1.);
#11548 = DIRECTION('',(-1.,0.,0.));
#11549 = ORIENTED_EDGE('',*,*,#7282,.F.);
#11550 = PLANE('',#11551);
#11551 = AXIS2_PLACEMENT_3D('',#11552,#11553,#11554);
#11552 = CARTESIAN_POINT('',(3.55,0.153137851506,3.836371421814));
#11553 = DIRECTION('',(-0.,-0.972369932226,-0.233445314585));
#11554 = DIRECTION('',(0.,0.233445314585,-0.972369932226));
#11555 = ADVANCED_FACE('',(#11556),#11567,.T.);
#11556 = FACE_BOUND('',#11557,.T.);
#11557 = EDGE_LOOP('',(#11558,#11559,#11560,#11566));
#11558 = ORIENTED_EDGE('',*,*,#11527,.F.);
#11559 = ORIENTED_EDGE('',*,*,#7314,.F.);
#11560 = ORIENTED_EDGE('',*,*,#11561,.T.);
#11561 = EDGE_CURVE('',#7307,#7017,#11562,.T.);
#11562 = LINE('',#11563,#11564);
#11563 = CARTESIAN_POINT('',(2.3,6.155829876661E-02,11.782172203064));
#11564 = VECTOR('',#11565,1.);
#11565 = DIRECTION('',(1.,0.,0.));
#11566 = ORIENTED_EDGE('',*,*,#7016,.F.);
#11567 = PLANE('',#11568);
#11568 = AXIS2_PLACEMENT_3D('',#11569,#11570,#11571);
#11569 = CARTESIAN_POINT('',(3.55,0.153137851506,12.163628578186));
#11570 = DIRECTION('',(0.,-0.972369932226,0.233445314585));
#11571 = DIRECTION('',(0.,-0.233445314585,-0.972369932226));
#11572 = ADVANCED_FACE('',(#11573),#11584,.T.);
#11573 = FACE_BOUND('',#11574,.T.);
#11574 = EDGE_LOOP('',(#11575,#11576,#11577,#11583));
#11575 = ORIENTED_EDGE('',*,*,#11544,.F.);
#11576 = ORIENTED_EDGE('',*,*,#7040,.F.);
#11577 = ORIENTED_EDGE('',*,*,#11578,.F.);
#11578 = EDGE_CURVE('',#7291,#7033,#11579,.T.);
#11579 = LINE('',#11580,#11581);
#11580 = CARTESIAN_POINT('',(2.3,3.061616999114E-16,5.));
#11581 = VECTOR('',#11582,1.);
#11582 = DIRECTION('',(1.,0.,0.));
#11583 = ORIENTED_EDGE('',*,*,#7290,.F.);
#11584 = PLANE('',#11585);
#11585 = AXIS2_PLACEMENT_3D('',#11586,#11587,#11588);
#11586 = CARTESIAN_POINT('',(3.55,3.077914938331E-02,4.608913898468));
#11587 = DIRECTION('',(-0.,-0.996917332601,-7.845911011089E-02));
#11588 = DIRECTION('',(0.,7.845911011089E-02,-0.996917332601));
#11589 = ADVANCED_FACE('',(#11590),#11601,.T.);
#11590 = FACE_BOUND('',#11591,.T.);
#11591 = EDGE_LOOP('',(#11592,#11593,#11594,#11600));
#11592 = ORIENTED_EDGE('',*,*,#11561,.F.);
#11593 = ORIENTED_EDGE('',*,*,#7306,.F.);
#11594 = ORIENTED_EDGE('',*,*,#11595,.F.);
#11595 = EDGE_CURVE('',#7025,#7299,#11596,.T.);
#11596 = LINE('',#11597,#11598);
#11597 = CARTESIAN_POINT('',(4.8,3.061616999114E-16,11.));
#11598 = VECTOR('',#11599,1.);
#11599 = DIRECTION('',(-1.,0.,0.));
#11600 = ORIENTED_EDGE('',*,*,#7024,.F.);
#11601 = PLANE('',#11602);
#11602 = AXIS2_PLACEMENT_3D('',#11603,#11604,#11605);
#11603 = CARTESIAN_POINT('',(3.55,3.077914938331E-02,11.391086101532));
#11604 = DIRECTION('',(0.,-0.996917332601,7.845911011089E-02));
#11605 = DIRECTION('',(0.,-7.845911011089E-02,-0.996917332601));
#11606 = ADVANCED_FACE('',(#11607),#11613,.T.);
#11607 = FACE_BOUND('',#11608,.T.);
#11608 = EDGE_LOOP('',(#11609,#11610,#11611,#11612));
#11609 = ORIENTED_EDGE('',*,*,#11578,.T.);
#11610 = ORIENTED_EDGE('',*,*,#7032,.T.);
#11611 = ORIENTED_EDGE('',*,*,#11595,.T.);
#11612 = ORIENTED_EDGE('',*,*,#7298,.F.);
#11613 = PLANE('',#11614);
#11614 = AXIS2_PLACEMENT_3D('',#11615,#11616,#11617);
#11615 = CARTESIAN_POINT('',(3.55,3.061616999114E-16,8.));
#11616 = DIRECTION('',(-0.,-1.,-0.));
#11617 = DIRECTION('',(0.,0.,-1.));
#11618 = ADVANCED_FACE('',(#11619),#11630,.F.);
#11619 = FACE_BOUND('',#11620,.F.);
#11620 = EDGE_LOOP('',(#11621,#11622,#11628,#11629));
#11621 = ORIENTED_EDGE('',*,*,#7402,.F.);
#11622 = ORIENTED_EDGE('',*,*,#11623,.T.);
#11623 = EDGE_CURVE('',#7403,#7129,#11624,.T.);
#11624 = LINE('',#11625,#11626);
#11625 = CARTESIAN_POINT('',(2.3,4.749999980547,7.999999960281));
#11626 = VECTOR('',#11627,1.);
#11627 = DIRECTION('',(1.,0.,0.));
#11628 = ORIENTED_EDGE('',*,*,#7128,.T.);
#11629 = ORIENTED_EDGE('',*,*,#11623,.F.);
#11630 = CYLINDRICAL_SURFACE('',#11631,3.75);
#11631 = AXIS2_PLACEMENT_3D('',#11632,#11633,#11634);
#11632 = CARTESIAN_POINT('',(2.3,8.499999980547,7.999999960281));
#11633 = DIRECTION('',(-1.,0.,0.));
#11634 = DIRECTION('',(0.,-1.,0.));
#11635 = ADVANCED_FACE('',(#11636),#11654,.T.);
#11636 = FACE_BOUND('',#11637,.T.);
#11637 = EDGE_LOOP('',(#11638,#11646,#11652,#11653));
#11638 = ORIENTED_EDGE('',*,*,#11639,.F.);
#11639 = EDGE_CURVE('',#11640,#10847,#11642,.T.);
#11640 = VERTEX_POINT('',#11641);
#11641 = CARTESIAN_POINT('',(2.275376844406,24.187129974365,
    4.749999960281));
#11642 = LINE('',#11643,#11644);
#11643 = CARTESIAN_POINT('',(2.275376844406,24.187129974365,5.5));
#11644 = VECTOR('',#11645,1.);
#11645 = DIRECTION('',(0.,0.,-1.));
#11646 = ORIENTED_EDGE('',*,*,#11647,.T.);
#11647 = EDGE_CURVE('',#11640,#7187,#11648,.T.);
#11648 = LINE('',#11649,#11650);
#11649 = CARTESIAN_POINT('',(2.293844211102,24.421782493591,
    4.749999960281));
#11650 = VECTOR('',#11651,1.);
#11651 = DIRECTION('',(7.845830582101E-02,0.9969173959,0.));
#11652 = ORIENTED_EDGE('',*,*,#7186,.F.);
#11653 = ORIENTED_EDGE('',*,*,#10854,.F.);
#11654 = PLANE('',#11655);
#11655 = AXIS2_PLACEMENT_3D('',#11656,#11657,#11658);
#11656 = CARTESIAN_POINT('',(2.287688422203,24.343564987183,2.75));
#11657 = DIRECTION('',(-0.9969173959,7.845830582101E-02,0.));
#11658 = DIRECTION('',(-7.845830582101E-02,-0.9969173959,0.));
#11659 = ADVANCED_FACE('',(#11660),#11982,.T.);
#11660 = FACE_BOUND('',#11661,.T.);
#11661 = EDGE_LOOP('',(#11662,#11663,#11664,#11672,#11680,#11688,#11696,
    #11704,#11712,#11720,#11728,#11736,#11744,#11752,#11760,#11768,
    #11776,#11784,#11792,#11800,#11808,#11816,#11824,#11832,#11840,
    #11848,#11856,#11864,#11872,#11880,#11888,#11896,#11904,#11912,
    #11920,#11928,#11936,#11944,#11952,#11960,#11968,#11976));
#11662 = ORIENTED_EDGE('',*,*,#7194,.F.);
#11663 = ORIENTED_EDGE('',*,*,#11647,.F.);
#11664 = ORIENTED_EDGE('',*,*,#11665,.F.);
#11665 = EDGE_CURVE('',#11666,#11640,#11668,.T.);
#11666 = VERTEX_POINT('',#11667);
#11667 = CARTESIAN_POINT('',(2.202113199234,23.881965637207,
    4.749999960281));
#11668 = LINE('',#11669,#11670);
#11669 = CARTESIAN_POINT('',(2.293241955031,24.261543343088,
    4.749999960281));
#11670 = VECTOR('',#11671,1.);
#11671 = DIRECTION('',(0.233445875393,0.972369797588,0.));
#11672 = ORIENTED_EDGE('',*,*,#11673,.F.);
#11673 = EDGE_CURVE('',#11674,#11666,#11676,.T.);
#11674 = VERTEX_POINT('',#11675);
#11675 = CARTESIAN_POINT('',(2.082013177872,23.59202003479,
    4.749999960281));
#11676 = LINE('',#11677,#11678);
#11677 = CARTESIAN_POINT('',(2.288510323514,24.090545668771,
    4.749999960281));
#11678 = VECTOR('',#11679,1.);
#11679 = DIRECTION('',(0.382685119945,0.923878833491,0.));
#11680 = ORIENTED_EDGE('',*,*,#11681,.F.);
#11681 = EDGE_CURVE('',#11682,#11674,#11684,.T.);
#11682 = VERTEX_POINT('',#11683);
#11683 = CARTESIAN_POINT('',(1.918034124374,23.324430465698,
    4.749999960281));
#11684 = LINE('',#11685,#11686);
#11685 = CARTESIAN_POINT('',(2.273028114308,23.903728167268,
    4.749999960281));
#11686 = VECTOR('',#11687,1.);
#11687 = DIRECTION('',(0.522498459686,0.852640228716,0.));
#11688 = ORIENTED_EDGE('',*,*,#11689,.F.);
#11689 = EDGE_CURVE('',#11690,#11682,#11692,.T.);
#11690 = VERTEX_POINT('',#11691);
#11691 = CARTESIAN_POINT('',(1.714213657379,23.085786819458,
    4.749999960281));
#11692 = LINE('',#11693,#11694);
#11693 = CARTESIAN_POINT('',(2.237906086265,23.698953262358,
    4.749999960281));
#11694 = VECTOR('',#11695,1.);
#11695 = DIRECTION('',(0.649447197195,0.760406692537,0.));
#11696 = ORIENTED_EDGE('',*,*,#11697,.F.);
#11697 = EDGE_CURVE('',#11698,#11690,#11700,.T.);
#11698 = VERTEX_POINT('',#11699);
#11699 = CARTESIAN_POINT('',(1.475570726395,22.881965637207,
    4.749999960281));
#11700 = LINE('',#11701,#11702);
#11701 = CARTESIAN_POINT('',(2.173108896844,23.47772204189,
    4.749999960281));
#11702 = VECTOR('',#11703,1.);
#11703 = DIRECTION('',(0.760404605759,0.649449640496,0.));
#11704 = ORIENTED_EDGE('',*,*,#11705,.F.);
#11705 = EDGE_CURVE('',#11706,#11698,#11708,.T.);
#11706 = VERTEX_POINT('',#11707);
#11707 = CARTESIAN_POINT('',(1.207981157303,22.717987060547,
    4.749999960281));
#11708 = LINE('',#11709,#11710);
#11709 = CARTESIAN_POINT('',(2.068771210404,23.245478203755,
    4.749999960281));
#11710 = VECTOR('',#11711,1.);
#11711 = DIRECTION('',(0.852640905605,0.522497355102,0.));
#11712 = ORIENTED_EDGE('',*,*,#11713,.F.);
#11713 = EDGE_CURVE('',#11714,#11706,#11716,.T.);
#11714 = VERTEX_POINT('',#11715);
#11715 = CARTESIAN_POINT('',(0.918034124374,22.597887039185,
    4.749999960281));
#11716 = LINE('',#11717,#11718);
#11717 = CARTESIAN_POINT('',(1.916560970446,23.011490497488,
    4.749999960281));
#11718 = VECTOR('',#11719,1.);
#11719 = DIRECTION('',(0.92387950102,0.382683508391,0.));
#11720 = ORIENTED_EDGE('',*,*,#11721,.F.);
#11721 = EDGE_CURVE('',#11722,#11714,#11724,.T.);
#11722 = VERTEX_POINT('',#11723);
#11723 = CARTESIAN_POINT('',(0.61286907196,22.52462387085,4.749999960281
    ));
#11724 = LINE('',#11725,#11726);
#11725 = CARTESIAN_POINT('',(1.710953994762,22.788249013732,
    4.749999960281));
#11726 = VECTOR('',#11727,1.);
#11727 = DIRECTION('',(0.972370266682,0.233443921472,0.));
#11728 = ORIENTED_EDGE('',*,*,#11729,.F.);
#11729 = EDGE_CURVE('',#11730,#11722,#11732,.T.);
#11730 = VERTEX_POINT('',#11731);
#11731 = CARTESIAN_POINT('',(0.3,22.5,4.749999960281));
#11732 = LINE('',#11733,#11734);
#11733 = CARTESIAN_POINT('',(1.450280098992,22.590530995668,
    4.749999960281));
#11734 = VECTOR('',#11735,1.);
#11735 = DIRECTION('',(0.99691719893,7.84608085433E-02,0.));
#11736 = ORIENTED_EDGE('',*,*,#11737,.F.);
#11737 = EDGE_CURVE('',#11738,#11730,#11740,.T.);
#11738 = VERTEX_POINT('',#11739);
#11739 = CARTESIAN_POINT('',(-1.286859512329E-02,22.47537612915,
    4.749999960281));
#11740 = LINE('',#11741,#11742);
#11741 = CARTESIAN_POINT('',(1.293845781316,22.578219196637,
    4.749999960281));
#11742 = VECTOR('',#11743,1.);
#11743 = DIRECTION('',(0.996917189577,7.84609273878E-02,0.));
#11744 = ORIENTED_EDGE('',*,*,#11745,.F.);
#11745 = EDGE_CURVE('',#11746,#11738,#11748,.T.);
#11746 = VERTEX_POINT('',#11747);
#11747 = CARTESIAN_POINT('',(-0.318033766747,22.402112960815,
    4.749999960281));
#11748 = LINE('',#11749,#11750);
#11749 = CARTESIAN_POINT('',(1.234041920831,22.774730785329,
    4.749999960281));
#11750 = VECTOR('',#11751,1.);
#11751 = DIRECTION('',(0.972370287382,0.23344383525,0.));
#11752 = ORIENTED_EDGE('',*,*,#11753,.F.);
#11753 = EDGE_CURVE('',#11754,#11746,#11756,.T.);
#11754 = VERTEX_POINT('',#11755);
#11755 = CARTESIAN_POINT('',(-0.607980799675,22.282012939453,
    4.749999960281));
#11756 = LINE('',#11757,#11758);
#11757 = CARTESIAN_POINT('',(1.097652796928,22.988509672044,
    4.749999960281));
#11758 = VECTOR('',#11759,1.);
#11759 = DIRECTION('',(0.92387950102,0.382683508391,0.));
#11760 = ORIENTED_EDGE('',*,*,#11761,.F.);
#11761 = EDGE_CURVE('',#11762,#11754,#11764,.T.);
#11762 = VERTEX_POINT('',#11763);
#11763 = CARTESIAN_POINT('',(-0.875570189953,22.118034362793,
    4.749999960281));
#11764 = LINE('',#11765,#11766);
#11765 = CARTESIAN_POINT('',(0.876227090022,23.191534415501,
    4.749999960281));
#11766 = VECTOR('',#11767,1.);
#11767 = DIRECTION('',(0.852640750056,0.522497608935,0.));
#11768 = ORIENTED_EDGE('',*,*,#11769,.F.);
#11769 = EDGE_CURVE('',#11770,#11762,#11772,.T.);
#11770 = VERTEX_POINT('',#11771);
#11771 = CARTESIAN_POINT('',(-1.114213478565,21.914213180542,
    4.749999960281));
#11772 = LINE('',#11773,#11774);
#11773 = CARTESIAN_POINT('',(0.571011742429,23.353535438039,
    4.749999960281));
#11774 = VECTOR('',#11775,1.);
#11775 = DIRECTION('',(0.760405086397,0.649449077744,0.));
#11776 = ORIENTED_EDGE('',*,*,#11777,.F.);
#11777 = EDGE_CURVE('',#11778,#11770,#11780,.T.);
#11778 = VERTEX_POINT('',#11779);
#11779 = CARTESIAN_POINT('',(-1.318033885956,21.675569534302,
    4.749999960281));
#11780 = LINE('',#11781,#11782);
#11781 = CARTESIAN_POINT('',(0.193345111312,23.445171505843,
    4.749999960281));
#11782 = VECTOR('',#11783,1.);
#11783 = DIRECTION('',(0.649447087379,0.760406786329,0.));
#11784 = ORIENTED_EDGE('',*,*,#11785,.F.);
#11785 = EDGE_CURVE('',#11786,#11778,#11788,.T.);
#11786 = VERTEX_POINT('',#11787);
#11787 = CARTESIAN_POINT('',(-1.48201277554,21.40797996521,
    4.749999960281));
#11788 = LINE('',#11789,#11790);
#11789 = CARTESIAN_POINT('',(-0.236013177669,23.441269105829,
    4.749999960281));
#11790 = VECTOR('',#11791,1.);
#11791 = DIRECTION('',(0.522498079986,0.852640461397,0.));
#11792 = ORIENTED_EDGE('',*,*,#11793,.F.);
#11793 = EDGE_CURVE('',#11794,#11786,#11796,.T.);
#11794 = VERTEX_POINT('',#11795);
#11795 = CARTESIAN_POINT('',(-1.602112871408,21.118034362793,
    4.749999960281));
#11796 = LINE('',#11797,#11798);
#11797 = CARTESIAN_POINT('',(-0.688504269744,23.323667875974,
    4.749999960281));
#11798 = VECTOR('',#11799,1.);
#11799 = DIRECTION('',(0.382685322582,0.923878749556,0.));
#11800 = ORIENTED_EDGE('',*,*,#11801,.F.);
#11801 = EDGE_CURVE('',#11802,#11794,#11804,.T.);
#11802 = VERTEX_POINT('',#11803);
#11803 = CARTESIAN_POINT('',(-1.675376296788,20.812870025635,
    4.749999960281));
#11804 = LINE('',#11805,#11806);
#11805 = CARTESIAN_POINT('',(-1.130257819736,23.083453442389,
    4.749999960281));
#11806 = VECTOR('',#11807,1.);
#11807 = DIRECTION('',(0.233445213218,0.972369956563,0.));
#11808 = ORIENTED_EDGE('',*,*,#11809,.F.);
#11809 = EDGE_CURVE('',#11810,#11802,#11812,.T.);
#11810 = VERTEX_POINT('',#11811);
#11811 = CARTESIAN_POINT('',(-1.7,20.5,4.749999960281));
#11812 = LINE('',#11813,#11814);
#11813 = CARTESIAN_POINT('',(-1.52509578237,22.722341886736,
    4.749999960281));
#11814 = VECTOR('',#11815,1.);
#11815 = DIRECTION('',(7.846003998807E-02,0.996917259418,0.));
#11816 = ORIENTED_EDGE('',*,*,#11817,.F.);
#11817 = EDGE_CURVE('',#11818,#11810,#11820,.T.);
#11818 = VERTEX_POINT('',#11819);
#11819 = CARTESIAN_POINT('',(-1.7,18.,4.749999960281));
#11820 = LINE('',#11821,#11822);
#11821 = CARTESIAN_POINT('',(-1.7,21.875,4.749999960281));
#11822 = VECTOR('',#11823,1.);
#11823 = DIRECTION('',(0.,1.,0.));
#11824 = ORIENTED_EDGE('',*,*,#11825,.F.);
#11825 = EDGE_CURVE('',#11826,#11818,#11828,.T.);
#11826 = VERTEX_POINT('',#11827);
#11827 = CARTESIAN_POINT('',(-1.675376296788,17.687129974365,
    4.749999960281));
#11828 = LINE('',#11829,#11830);
#11829 = CARTESIAN_POINT('',(-1.935741164573,20.99533922942,
    4.749999960281));
#11830 = VECTOR('',#11831,1.);
#11831 = DIRECTION('',(-7.846003998807E-02,0.996917259418,0.));
#11832 = ORIENTED_EDGE('',*,*,#11833,.F.);
#11833 = EDGE_CURVE('',#11834,#11826,#11836,.T.);
#11834 = VERTEX_POINT('',#11835);
#11835 = CARTESIAN_POINT('',(-1.602112871408,17.381965637207,
    4.749999960281));
#11836 = LINE('',#11837,#11838);
#11837 = CARTESIAN_POINT('',(-2.321982156877,20.380439052845,
    4.749999960281));
#11838 = VECTOR('',#11839,1.);
#11839 = DIRECTION('',(-0.233445213218,0.972369956563,0.));
#11840 = ORIENTED_EDGE('',*,*,#11841,.F.);
#11841 = EDGE_CURVE('',#11842,#11834,#11844,.T.);
#11842 = VERTEX_POINT('',#11843);
#11843 = CARTESIAN_POINT('',(-1.48201277554,17.09202003479,
    4.749999960281));
#11844 = LINE('',#11845,#11846);
#11845 = CARTESIAN_POINT('',(-2.54466716557,19.657479829399,
    4.749999960281));
#11846 = VECTOR('',#11847,1.);
#11847 = DIRECTION('',(-0.382685322582,0.923878749556,0.));
#11848 = ORIENTED_EDGE('',*,*,#11849,.F.);
#11849 = EDGE_CURVE('',#11850,#11842,#11852,.T.);
#11850 = VERTEX_POINT('',#11851);
#11851 = CARTESIAN_POINT('',(-1.318033885956,16.824430465698,
    4.749999960281));
#11852 = LINE('',#11853,#11854);
#11853 = CARTESIAN_POINT('',(-2.574903948659,18.875458615329,
    4.749999960281));
#11854 = VECTOR('',#11855,1.);
#11855 = DIRECTION('',(-0.522498079986,0.852640461397,0.));
#11856 = ORIENTED_EDGE('',*,*,#11857,.F.);
#11857 = EDGE_CURVE('',#11858,#11850,#11860,.T.);
#11858 = VERTEX_POINT('',#11859);
#11859 = CARTESIAN_POINT('',(-1.114213478565,16.585786819458,
    4.749999960281));
#11860 = LINE('',#11861,#11862);
#11861 = CARTESIAN_POINT('',(-2.399335744862,18.090475517807,
    4.749999960281));
#11862 = VECTOR('',#11863,1.);
#11863 = DIRECTION('',(-0.649447087379,0.760406786329,0.));
#11864 = ORIENTED_EDGE('',*,*,#11865,.F.);
#11865 = EDGE_CURVE('',#11866,#11858,#11868,.T.);
#11866 = VERTEX_POINT('',#11867);
#11867 = CARTESIAN_POINT('',(-0.875570189953,16.381965637207,
    4.749999960281));
#11868 = LINE('',#11869,#11870);
#11869 = CARTESIAN_POINT('',(-2.021671263449,17.360831111017,
    4.749999960281));
#11870 = VECTOR('',#11871,1.);
#11871 = DIRECTION('',(-0.760405086397,0.649449077744,0.));
#11872 = ORIENTED_EDGE('',*,*,#11873,.F.);
#11873 = EDGE_CURVE('',#11874,#11866,#11876,.T.);
#11874 = VERTEX_POINT('',#11875);
#11875 = CARTESIAN_POINT('',(-0.607980799675,16.217987060547,
    4.749999960281));
#11876 = LINE('',#11877,#11878);
#11877 = CARTESIAN_POINT('',(-1.462662364202,16.741735279051,
    4.749999960281));
#11878 = VECTOR('',#11879,1.);
#11879 = DIRECTION('',(-0.852640750056,0.522497608935,0.));
#11880 = ORIENTED_EDGE('',*,*,#11881,.F.);
#11881 = EDGE_CURVE('',#11882,#11874,#11884,.T.);
#11882 = VERTEX_POINT('',#11883);
#11883 = CARTESIAN_POINT('',(-0.318033766747,16.097887039185,
    4.749999960281));
#11884 = LINE('',#11885,#11886);
#11885 = CARTESIAN_POINT('',(-0.758502809173,16.280335332828,
    4.749999960281));
#11886 = VECTOR('',#11887,1.);
#11887 = DIRECTION('',(-0.92387950102,0.382683508391,0.));
#11888 = ORIENTED_EDGE('',*,*,#11889,.F.);
#11889 = EDGE_CURVE('',#11890,#11882,#11892,.T.);
#11890 = VERTEX_POINT('',#11891);
#11891 = CARTESIAN_POINT('',(-1.286859512329E-02,16.02462387085,
    4.749999960281));
#11892 = LINE('',#11893,#11894);
#11893 = CARTESIAN_POINT('',(4.232421269068E-02,16.011373341806,
    4.749999960281));
#11894 = VECTOR('',#11895,1.);
#11895 = DIRECTION('',(-0.972370287382,0.23344383525,0.));
#11896 = ORIENTED_EDGE('',*,*,#11897,.F.);
#11897 = EDGE_CURVE('',#11898,#11890,#11900,.T.);
#11898 = VERTEX_POINT('',#11899);
#11899 = CARTESIAN_POINT('',(0.3,16.,4.749999960281));
#11900 = LINE('',#11901,#11902);
#11901 = CARTESIAN_POINT('',(0.883195783395,15.954100418277,
    4.749999960281));
#11902 = VECTOR('',#11903,1.);
#11903 = DIRECTION('',(-0.996917189577,7.84609273878E-02,0.));
#11904 = ORIENTED_EDGE('',*,*,#11905,.F.);
#11905 = EDGE_CURVE('',#11906,#11898,#11908,.T.);
#11906 = VERTEX_POINT('',#11907);
#11907 = CARTESIAN_POINT('',(0.61286907196,15.97537612915,4.749999960281
    ));
#11908 = LINE('',#11909,#11910);
#11909 = CARTESIAN_POINT('',(1.039630719228,15.941788521337,
    4.749999960281));
#11910 = VECTOR('',#11911,1.);
#11911 = DIRECTION('',(-0.99691719893,7.84608085433E-02,0.));
#11912 = ORIENTED_EDGE('',*,*,#11913,.F.);
#11913 = EDGE_CURVE('',#11914,#11906,#11916,.T.);
#11914 = VERTEX_POINT('',#11915);
#11915 = CARTESIAN_POINT('',(0.918034124374,15.902112960815,
    4.749999960281));
#11916 = LINE('',#11917,#11918);
#11917 = CARTESIAN_POINT('',(0.51923587183,15.997855324748,
    4.749999960281));
#11918 = VECTOR('',#11919,1.);
#11919 = DIRECTION('',(-0.972370266682,0.233443921472,0.));
#11920 = ORIENTED_EDGE('',*,*,#11921,.F.);
#11921 = EDGE_CURVE('',#11922,#11914,#11924,.T.);
#11922 = VERTEX_POINT('',#11923);
#11923 = CARTESIAN_POINT('',(1.207981157303,15.782013893127,
    4.749999960281));
#11924 = LINE('',#11925,#11926);
#11925 = CARTESIAN_POINT('',(6.041527021285E-02,16.257347583416,
    4.749999960281));
#11926 = VECTOR('',#11927,1.);
#11927 = DIRECTION('',(-0.923880575383,0.382680914641,0.));
#11928 = ORIENTED_EDGE('',*,*,#11929,.F.);
#11929 = EDGE_CURVE('',#11930,#11922,#11932,.T.);
#11930 = VERTEX_POINT('',#11931);
#11931 = CARTESIAN_POINT('',(1.475570726395,15.618033409119,
    4.749999960281));
#11932 = LINE('',#11933,#11934);
#11933 = CARTESIAN_POINT('',(-0.270130097523,16.687809286453,
    4.749999960281));
#11934 = VECTOR('',#11935,1.);
#11935 = DIRECTION('',(-0.852638198047,0.522501773424,0.));
#11936 = ORIENTED_EDGE('',*,*,#11937,.F.);
#11937 = EDGE_CURVE('',#11938,#11930,#11940,.T.);
#11938 = VERTEX_POINT('',#11939);
#11939 = CARTESIAN_POINT('',(1.714213657379,15.414214134216,
    4.749999960281));
#11940 = LINE('',#11941,#11942);
#11941 = CARTESIAN_POINT('',(-0.419569860163,17.236628096154,
    4.749999960281));
#11942 = VECTOR('',#11943,1.);
#11943 = DIRECTION('',(-0.760407607111,0.649446126362,0.));
#11944 = ORIENTED_EDGE('',*,*,#11945,.F.);
#11945 = EDGE_CURVE('',#11946,#11938,#11948,.T.);
#11946 = VERTEX_POINT('',#11947);
#11947 = CARTESIAN_POINT('',(1.918034124374,15.175570487976,
    4.749999960281));
#11948 = LINE('',#11949,#11950);
#11949 = CARTESIAN_POINT('',(-0.354774653035,17.836693690389,
    4.749999960281));
#11950 = VECTOR('',#11951,1.);
#11951 = DIRECTION('',(-0.649447197195,0.760406692537,0.));
#11952 = ORIENTED_EDGE('',*,*,#11953,.F.);
#11953 = EDGE_CURVE('',#11954,#11946,#11956,.T.);
#11954 = VERTEX_POINT('',#11955);
#11955 = CARTESIAN_POINT('',(2.082013177872,14.907980918884,
    4.749999960281));
#11956 = LINE('',#11957,#11958);
#11957 = CARTESIAN_POINT('',(-6.586350565677E-02,18.412998077781,
    4.749999960281));
#11958 = VECTOR('',#11959,1.);
#11959 = DIRECTION('',(-0.522498459686,0.852640228716,0.));
#11960 = ORIENTED_EDGE('',*,*,#11961,.F.);
#11961 = EDGE_CURVE('',#11962,#11954,#11964,.T.);
#11962 = VERTEX_POINT('',#11963);
#11963 = CARTESIAN_POINT('',(2.202113199234,14.618033409119,
    4.749999960281));
#11964 = LINE('',#11965,#11966);
#11965 = CARTESIAN_POINT('',(0.432356118626,18.890610987305,
    4.749999960281));
#11966 = VECTOR('',#11967,1.);
#11967 = DIRECTION('',(-0.38268297121,0.923879723528,0.));
#11968 = ORIENTED_EDGE('',*,*,#11969,.F.);
#11969 = EDGE_CURVE('',#11970,#11962,#11972,.T.);
#11970 = VERTEX_POINT('',#11971);
#11971 = CARTESIAN_POINT('',(2.275376844406,14.31286907196,
    4.749999960281));
#11972 = LINE('',#11973,#11974);
#11973 = CARTESIAN_POINT('',(1.101514324122,19.202347026215,
    4.749999960281));
#11974 = VECTOR('',#11975,1.);
#11975 = DIRECTION('',(-0.233445875393,0.972369797588,0.));
#11976 = ORIENTED_EDGE('',*,*,#11977,.F.);
#11977 = EDGE_CURVE('',#7195,#11970,#11978,.T.);
#11978 = LINE('',#11979,#11980);
#11979 = CARTESIAN_POINT('',(1.883206612717,19.295899616986,
    4.749999960281));
#11980 = VECTOR('',#11981,1.);
#11981 = DIRECTION('',(-7.845854350215E-02,0.996917377194,0.));
#11982 = PLANE('',#11983);
#11983 = AXIS2_PLACEMENT_3D('',#11984,#11985,#11986);
#11984 = CARTESIAN_POINT('',(2.3,24.5,4.749999960281));
#11985 = DIRECTION('',(0.,0.,1.));
#11986 = DIRECTION('',(0.,-1.,0.));
#11987 = ADVANCED_FACE('',(#11988),#11999,.T.);
#11988 = FACE_BOUND('',#11989,.T.);
#11989 = EDGE_LOOP('',(#11990,#11996,#11997,#11998));
#11990 = ORIENTED_EDGE('',*,*,#11991,.F.);
#11991 = EDGE_CURVE('',#10535,#11970,#11992,.T.);
#11992 = LINE('',#11993,#11994);
#11993 = CARTESIAN_POINT('',(2.275376844406,14.31286907196,0.));
#11994 = VECTOR('',#11995,1.);
#11995 = DIRECTION('',(0.,0.,1.));
#11996 = ORIENTED_EDGE('',*,*,#10534,.F.);
#11997 = ORIENTED_EDGE('',*,*,#7202,.F.);
#11998 = ORIENTED_EDGE('',*,*,#11977,.T.);
#11999 = PLANE('',#12000);
#12000 = AXIS2_PLACEMENT_3D('',#12001,#12002,#12003);
#12001 = CARTESIAN_POINT('',(2.287688422203,14.15643453598,2.75));
#12002 = DIRECTION('',(-0.996917377194,-7.845854350215E-02,-0.));
#12003 = DIRECTION('',(7.845854350215E-02,-0.996917377194,0.));
#12004 = ADVANCED_FACE('',(#12005),#12049,.T.);
#12005 = FACE_BOUND('',#12006,.T.);
#12006 = EDGE_LOOP('',(#12007,#12008,#12009,#12010,#12011,#12012,#12013,
    #12014,#12015,#12016,#12017,#12018,#12019,#12020,#12021,#12022,
    #12023,#12024,#12025,#12026,#12027,#12028,#12029,#12030,#12031,
    #12032,#12033,#12034,#12035,#12036,#12037,#12038,#12039,#12040,
    #12041,#12042,#12043,#12044,#12045,#12046,#12047,#12048));
#12007 = ORIENTED_EDGE('',*,*,#7386,.F.);
#12008 = ORIENTED_EDGE('',*,*,#7427,.F.);
#12009 = ORIENTED_EDGE('',*,*,#7451,.F.);
#12010 = ORIENTED_EDGE('',*,*,#7475,.F.);
#12011 = ORIENTED_EDGE('',*,*,#7499,.F.);
#12012 = ORIENTED_EDGE('',*,*,#7523,.F.);
#12013 = ORIENTED_EDGE('',*,*,#7547,.F.);
#12014 = ORIENTED_EDGE('',*,*,#7571,.F.);
#12015 = ORIENTED_EDGE('',*,*,#7595,.F.);
#12016 = ORIENTED_EDGE('',*,*,#7619,.F.);
#12017 = ORIENTED_EDGE('',*,*,#7644,.F.);
#12018 = ORIENTED_EDGE('',*,*,#7667,.F.);
#12019 = ORIENTED_EDGE('',*,*,#7691,.F.);
#12020 = ORIENTED_EDGE('',*,*,#7715,.F.);
#12021 = ORIENTED_EDGE('',*,*,#7739,.F.);
#12022 = ORIENTED_EDGE('',*,*,#7763,.F.);
#12023 = ORIENTED_EDGE('',*,*,#7787,.F.);
#12024 = ORIENTED_EDGE('',*,*,#7811,.F.);
#12025 = ORIENTED_EDGE('',*,*,#7835,.F.);
#12026 = ORIENTED_EDGE('',*,*,#7859,.F.);
#12027 = ORIENTED_EDGE('',*,*,#7883,.F.);
#12028 = ORIENTED_EDGE('',*,*,#7899,.F.);
#12029 = ORIENTED_EDGE('',*,*,#7933,.F.);
#12030 = ORIENTED_EDGE('',*,*,#7957,.F.);
#12031 = ORIENTED_EDGE('',*,*,#7981,.F.);
#12032 = ORIENTED_EDGE('',*,*,#8005,.F.);
#12033 = ORIENTED_EDGE('',*,*,#8029,.F.);
#12034 = ORIENTED_EDGE('',*,*,#8053,.F.);
#12035 = ORIENTED_EDGE('',*,*,#8077,.F.);
#12036 = ORIENTED_EDGE('',*,*,#8101,.F.);
#12037 = ORIENTED_EDGE('',*,*,#8125,.F.);
#12038 = ORIENTED_EDGE('',*,*,#8149,.F.);
#12039 = ORIENTED_EDGE('',*,*,#8163,.F.);
#12040 = ORIENTED_EDGE('',*,*,#8197,.F.);
#12041 = ORIENTED_EDGE('',*,*,#8221,.F.);
#12042 = ORIENTED_EDGE('',*,*,#8245,.F.);
#12043 = ORIENTED_EDGE('',*,*,#8269,.F.);
#12044 = ORIENTED_EDGE('',*,*,#8293,.F.);
#12045 = ORIENTED_EDGE('',*,*,#8317,.F.);
#12046 = ORIENTED_EDGE('',*,*,#8341,.F.);
#12047 = ORIENTED_EDGE('',*,*,#8365,.F.);
#12048 = ORIENTED_EDGE('',*,*,#8382,.F.);
#12049 = PLANE('',#12050);
#12050 = AXIS2_PLACEMENT_3D('',#12051,#12052,#12053);
#12051 = CARTESIAN_POINT('',(2.3,14.,11.249999960281));
#12052 = DIRECTION('',(0.,0.,-1.));
#12053 = DIRECTION('',(0.,1.,0.));
#12054 = ADVANCED_FACE('',(#12055),#12060,.T.);
#12055 = FACE_BOUND('',#12056,.T.);
#12056 = EDGE_LOOP('',(#12057,#12058,#12059));
#12057 = ORIENTED_EDGE('',*,*,#10878,.F.);
#12058 = ORIENTED_EDGE('',*,*,#8605,.T.);
#12059 = ORIENTED_EDGE('',*,*,#8581,.T.);
#12060 = PLANE('',#12061);
#12061 = AXIS2_PLACEMENT_3D('',#12062,#12063,#12064);
#12062 = CARTESIAN_POINT('',(30.908583884303,33.333050114042,
    1.63934823535));
#12063 = DIRECTION('',(-0.19360043467,-0.981080461377,-0.));
#12064 = DIRECTION('',(-0.981080461377,0.19360043467,0.));
#12065 = ADVANCED_FACE('',(#12066),#12077,.T.);
#12066 = FACE_BOUND('',#12067,.T.);
#12067 = EDGE_LOOP('',(#12068,#12069,#12070,#12071));
#12068 = ORIENTED_EDGE('',*,*,#8613,.F.);
#12069 = ORIENTED_EDGE('',*,*,#8720,.F.);
#12070 = ORIENTED_EDGE('',*,*,#8679,.T.);
#12071 = ORIENTED_EDGE('',*,*,#12072,.T.);
#12072 = EDGE_CURVE('',#8672,#8614,#12073,.T.);
#12073 = LINE('',#12074,#12075);
#12074 = CARTESIAN_POINT('',(31.34991645813,36.,13.));
#12075 = VECTOR('',#12076,1.);
#12076 = DIRECTION('',(0.,0.,-1.));
#12077 = PLANE('',#12078);
#12078 = AXIS2_PLACEMENT_3D('',#12079,#12080,#12081);
#12079 = CARTESIAN_POINT('',(31.34991645813,34.622980117798,8.));
#12080 = DIRECTION('',(-1.,-0.,-0.));
#12081 = DIRECTION('',(0.,0.,-1.));
#12082 = ADVANCED_FACE('',(#12083),#12089,.T.);
#12083 = FACE_BOUND('',#12084,.T.);
#12084 = EDGE_LOOP('',(#12085,#12086,#12087,#12088));
#12085 = ORIENTED_EDGE('',*,*,#8621,.F.);
#12086 = ORIENTED_EDGE('',*,*,#12072,.F.);
#12087 = ORIENTED_EDGE('',*,*,#8671,.F.);
#12088 = ORIENTED_EDGE('',*,*,#8646,.F.);
#12089 = PLANE('',#12090);
#12090 = AXIS2_PLACEMENT_3D('',#12091,#12092,#12093);
#12091 = CARTESIAN_POINT('',(28.84991645813,36.,8.));
#12092 = DIRECTION('',(-0.,-1.,-0.));
#12093 = DIRECTION('',(0.,0.,-1.));
#12094 = ADVANCED_FACE('',(#12095),#12112,.T.);
#12095 = FACE_BOUND('',#12096,.T.);
#12096 = EDGE_LOOP('',(#12097,#12105,#12111));
#12097 = ORIENTED_EDGE('',*,*,#12098,.F.);
#12098 = EDGE_CURVE('',#12099,#419,#12101,.T.);
#12099 = VERTEX_POINT('',#12100);
#12100 = CARTESIAN_POINT('',(28.652305603027,72.928680419922,
    15.805072784424));
#12101 = LINE('',#12102,#12103);
#12102 = CARTESIAN_POINT('',(28.652305603027,72.928680419922,
    15.805072784424));
#12103 = VECTOR('',#12104,1.);
#12104 = DIRECTION('',(0.931472047001,-0.357128554147,6.94191722017E-02)
  );
#12105 = ORIENTED_EDGE('',*,*,#12106,.T.);
#12106 = EDGE_CURVE('',#12099,#9753,#12107,.T.);
#12107 = LINE('',#12108,#12109);
#12108 = CARTESIAN_POINT('',(28.652305603027,72.928680419922,
    15.805072784424));
#12109 = VECTOR('',#12110,1.);
#12110 = DIRECTION('',(-0.578093567672,-0.800978671993,0.155695195908));
#12111 = ORIENTED_EDGE('',*,*,#9752,.T.);
#12112 = PLANE('',#12113);
#12113 = AXIS2_PLACEMENT_3D('',#12114,#12115,#12116);
#12114 = CARTESIAN_POINT('',(29.606050039315,72.262474386301,
    15.934570827777));
#12115 = DIRECTION('',(-7.84839080785E-08,0.190809893172,0.981627008934)
  );
#12116 = DIRECTION('',(4.665685838338E-25,0.981627008934,-0.190809893172
    ));
#12117 = ADVANCED_FACE('',(#12118),#12128,.T.);
#12118 = FACE_BOUND('',#12119,.T.);
#12119 = EDGE_LOOP('',(#12120,#12121,#12127));
#12120 = ORIENTED_EDGE('',*,*,#9760,.F.);
#12121 = ORIENTED_EDGE('',*,*,#12122,.T.);
#12122 = EDGE_CURVE('',#9753,#6520,#12123,.T.);
#12123 = LINE('',#12124,#12125);
#12124 = CARTESIAN_POINT('',(28.083957672119,72.141204833984,
    15.958143234253));
#12125 = VECTOR('',#12126,1.);
#12126 = DIRECTION('',(-1.135664502344E-02,-1.349145336904E-02,
    -0.999844491558));
#12127 = ORIENTED_EDGE('',*,*,#10895,.T.);
#12128 = PLANE('',#12129);
#12129 = AXIS2_PLACEMENT_3D('',#12130,#12131,#12132);
#12130 = CARTESIAN_POINT('',(27.981683219444,72.017359455353,
    8.002691428957));
#12131 = DIRECTION('',(-0.810727980724,0.585421580877,1.30916551431E-03)
  );
#12132 = DIRECTION('',(-0.585422082559,-0.810728675484,
    1.160626546397E-20));
#12133 = ADVANCED_FACE('',(#12134),#12139,.T.);
#12134 = FACE_BOUND('',#12135,.T.);
#12135 = EDGE_LOOP('',(#12136,#12137,#12138));
#12136 = ORIENTED_EDGE('',*,*,#9775,.T.);
#12137 = ORIENTED_EDGE('',*,*,#10986,.F.);
#12138 = ORIENTED_EDGE('',*,*,#9791,.F.);
#12139 = PLANE('',#12140);
#12140 = AXIS2_PLACEMENT_3D('',#12141,#12142,#12143);
#12141 = CARTESIAN_POINT('',(32.705334190973,79.728755325333,
    3.549139305528));
#12142 = DIRECTION('',(0.937329846625,0.216062459855,-0.273367467099));
#12143 = DIRECTION('',(0.279980739919,4.463885764053E-18,0.960005617314)
  );
#12144 = ADVANCED_FACE('',(#12145),#12162,.T.);
#12145 = FACE_BOUND('',#12146,.T.);
#12146 = EDGE_LOOP('',(#12147,#12155,#12156));
#12147 = ORIENTED_EDGE('',*,*,#12148,.T.);
#12148 = EDGE_CURVE('',#12149,#4082,#12151,.T.);
#12149 = VERTEX_POINT('',#12150);
#12150 = CARTESIAN_POINT('',(29.582094192505,97.597137451172,
    6.959592342377));
#12151 = LINE('',#12152,#12153);
#12152 = CARTESIAN_POINT('',(29.582094192505,97.597137451172,
    6.959592342377));
#12153 = VECTOR('',#12154,1.);
#12154 = DIRECTION('',(0.171851950417,-0.969371149084,-0.175460771857));
#12155 = ORIENTED_EDGE('',*,*,#9799,.F.);
#12156 = ORIENTED_EDGE('',*,*,#12157,.F.);
#12157 = EDGE_CURVE('',#12149,#9792,#12158,.T.);
#12158 = LINE('',#12159,#12160);
#12159 = CARTESIAN_POINT('',(29.582094192505,97.597137451172,
    6.959592342377));
#12160 = VECTOR('',#12161,1.);
#12161 = DIRECTION('',(-0.273364029567,-0.145230304327,-0.950883939313)
  );
#12162 = PLANE('',#12163);
#12163 = AXIS2_PLACEMENT_3D('',#12164,#12165,#12166);
#12164 = CARTESIAN_POINT('',(32.687534231766,80.066854508471,
    3.779227770471));
#12165 = DIRECTION('',(0.928366945992,0.218943885329,-0.300330465763));
#12166 = DIRECTION('',(0.307798440219,5.996402323936E-18,0.951451585841)
  );
#12167 = ADVANCED_FACE('',(#12168),#12185,.T.);
#12168 = FACE_BOUND('',#12169,.T.);
#12169 = EDGE_LOOP('',(#12170,#12171,#12179));
#12170 = ORIENTED_EDGE('',*,*,#9814,.T.);
#12171 = ORIENTED_EDGE('',*,*,#12172,.F.);
#12172 = EDGE_CURVE('',#12173,#4082,#12175,.T.);
#12173 = VERTEX_POINT('',#12174);
#12174 = CARTESIAN_POINT('',(29.661344528198,97.639213562012,
    7.235283851624));
#12175 = LINE('',#12176,#12177);
#12176 = CARTESIAN_POINT('',(29.661344528198,97.639213562012,
    7.235283851624));
#12177 = VECTOR('',#12178,1.);
#12178 = DIRECTION('',(0.169303081651,-0.968483117357,-0.182693508198));
#12179 = ORIENTED_EDGE('',*,*,#12180,.F.);
#12180 = EDGE_CURVE('',#9815,#12173,#12181,.T.);
#12181 = LINE('',#12182,#12183);
#12182 = CARTESIAN_POINT('',(29.700716018677,97.647262573242,
    7.438334941864));
#12183 = VECTOR('',#12184,1.);
#12184 = DIRECTION('',(-0.190210101011,-3.888608789189E-02,
    -0.980972981097));
#12185 = PLANE('',#12186);
#12186 = AXIS2_PLACEMENT_3D('',#12187,#12188,#12189);
#12187 = CARTESIAN_POINT('',(32.731818515389,80.133356597062,
    3.983553100804));
#12188 = DIRECTION('',(0.959454447508,0.204346726107,-0.194138040289));
#12189 = DIRECTION('',(-0.208309985964,0.978062855724,
    -3.627992386585E-18));
#12190 = ADVANCED_FACE('',(#12191),#12201,.T.);
#12191 = FACE_BOUND('',#12192,.T.);
#12192 = EDGE_LOOP('',(#12193,#12199,#12200));
#12193 = ORIENTED_EDGE('',*,*,#12194,.F.);
#12194 = EDGE_CURVE('',#9885,#9815,#12195,.T.);
#12195 = LINE('',#12196,#12197);
#12196 = CARTESIAN_POINT('',(29.707441329956,97.648643493652,
    7.473009109497));
#12197 = VECTOR('',#12198,1.);
#12198 = DIRECTION('',(-0.190263559208,-3.906716303647E-02,
    -0.980955419379));
#12199 = ORIENTED_EDGE('',*,*,#9884,.F.);
#12200 = ORIENTED_EDGE('',*,*,#9869,.T.);
#12201 = PLANE('',#12202);
#12202 = AXIS2_PLACEMENT_3D('',#12203,#12204,#12205);
#12203 = CARTESIAN_POINT('',(32.750543323506,80.226351534851,
    4.294276100614));
#12204 = DIRECTION('',(0.95970758156,0.203066983031,-0.1942296535));
#12205 = DIRECTION('',(-0.207009249476,0.978338985542,6.816283960881E-18
    ));
#12206 = ADVANCED_FACE('',(#12207),#12217,.T.);
#12207 = FACE_BOUND('',#12208,.T.);
#12208 = EDGE_LOOP('',(#12209,#12215,#12216));
#12209 = ORIENTED_EDGE('',*,*,#12210,.F.);
#12210 = EDGE_CURVE('',#9908,#9885,#12211,.T.);
#12211 = LINE('',#12212,#12213);
#12212 = CARTESIAN_POINT('',(29.74600982666,97.648643493652,
    7.956367969513));
#12213 = VECTOR('',#12214,1.);
#12214 = DIRECTION('',(-7.953986729688E-02,0.,-0.996831685647));
#12215 = ORIENTED_EDGE('',*,*,#9907,.F.);
#12216 = ORIENTED_EDGE('',*,*,#9892,.T.);
#12217 = PLANE('',#12218);
#12218 = AXIS2_PLACEMENT_3D('',#12219,#12220,#12221);
#12219 = CARTESIAN_POINT('',(32.743051576156,80.335974706031,
    4.469613291456));
#12220 = DIRECTION('',(0.979565371576,0.18531692417,-7.816214189971E-02)
  );
#12221 = DIRECTION('',(-0.185885611455,0.98257139153,2.444126689811E-18)
  );
#12222 = ADVANCED_FACE('',(#12223),#12255,.T.);
#12223 = FACE_BOUND('',#12224,.T.);
#12224 = EDGE_LOOP('',(#12225,#12235,#12241,#12247,#12248,#12249));
#12225 = ORIENTED_EDGE('',*,*,#12226,.T.);
#12226 = EDGE_CURVE('',#12227,#12229,#12231,.T.);
#12227 = VERTEX_POINT('',#12228);
#12228 = CARTESIAN_POINT('',(25.842351913452,97.648643493652,
    7.473009109497));
#12229 = VERTEX_POINT('',#12230);
#12230 = CARTESIAN_POINT('',(25.842351913452,97.648643493652,
    8.526990890503));
#12231 = LINE('',#12232,#12233);
#12232 = CARTESIAN_POINT('',(25.842351913452,97.648643493652,
    7.473009109497));
#12233 = VECTOR('',#12234,1.);
#12234 = DIRECTION('',(0.,0.,1.));
#12235 = ORIENTED_EDGE('',*,*,#12236,.T.);
#12236 = EDGE_CURVE('',#12229,#9987,#12237,.T.);
#12237 = LINE('',#12238,#12239);
#12238 = CARTESIAN_POINT('',(25.842351913452,97.648643493652,
    8.526990890503));
#12239 = VECTOR('',#12240,1.);
#12240 = DIRECTION('',(1.,0.,0.));
#12241 = ORIENTED_EDGE('',*,*,#12242,.T.);
#12242 = EDGE_CURVE('',#9987,#9916,#12243,.T.);
#12243 = LINE('',#12244,#12245);
#12244 = CARTESIAN_POINT('',(29.707441329956,97.648643493652,
    8.526990890503));
#12245 = VECTOR('',#12246,1.);
#12246 = DIRECTION('',(7.95397893267E-02,0.,-0.996831691869));
#12247 = ORIENTED_EDGE('',*,*,#9915,.F.);
#12248 = ORIENTED_EDGE('',*,*,#12210,.T.);
#12249 = ORIENTED_EDGE('',*,*,#12250,.T.);
#12250 = EDGE_CURVE('',#9885,#12227,#12251,.T.);
#12251 = LINE('',#12252,#12253);
#12252 = CARTESIAN_POINT('',(29.707441329956,97.648643493652,
    7.473009109497));
#12253 = VECTOR('',#12254,1.);
#12254 = DIRECTION('',(-1.,0.,0.));
#12255 = PLANE('',#12256);
#12256 = AXIS2_PLACEMENT_3D('',#12257,#12258,#12259);
#12257 = CARTESIAN_POINT('',(27.777742332008,97.648643493652,
    7.999999999919));
#12258 = DIRECTION('',(0.,1.,0.));
#12259 = DIRECTION('',(0.,0.,1.));
#12260 = ADVANCED_FACE('',(#12261),#12266,.T.);
#12261 = FACE_BOUND('',#12262,.T.);
#12262 = EDGE_LOOP('',(#12263,#12264,#12265));
#12263 = ORIENTED_EDGE('',*,*,#12242,.F.);
#12264 = ORIENTED_EDGE('',*,*,#9986,.F.);
#12265 = ORIENTED_EDGE('',*,*,#9971,.T.);
#12266 = PLANE('',#12267);
#12267 = AXIS2_PLACEMENT_3D('',#12268,#12269,#12270);
#12268 = CARTESIAN_POINT('',(32.743149680486,80.280460554245,
    11.711024515935));
#12269 = DIRECTION('',(0.979524308632,0.185535259761,7.815878827342E-02)
  );
#12270 = DIRECTION('',(-0.186104567978,0.982529943451,1.738151877935E-19
    ));
#12271 = ADVANCED_FACE('',(#12272),#12289,.T.);
#12272 = FACE_BOUND('',#12273,.T.);
#12273 = EDGE_LOOP('',(#12274,#12282,#12288));
#12274 = ORIENTED_EDGE('',*,*,#12275,.F.);
#12275 = EDGE_CURVE('',#12276,#9987,#12278,.T.);
#12276 = VERTEX_POINT('',#12277);
#12277 = CARTESIAN_POINT('',(29.699869155884,97.646224975586,
    8.561557769775));
#12278 = LINE('',#12279,#12280);
#12279 = CARTESIAN_POINT('',(29.699869155884,97.646224975586,
    8.561557769775));
#12280 = VECTOR('',#12281,1.);
#12281 = DIRECTION('',(0.213486574723,6.818664401725E-02,-0.974563524862
    ));
#12282 = ORIENTED_EDGE('',*,*,#12283,.F.);
#12283 = EDGE_CURVE('',#4162,#12276,#12284,.T.);
#12284 = LINE('',#12285,#12286);
#12285 = CARTESIAN_POINT('',(35.800003051758,62.534042358398,
    15.3872423172));
#12286 = VECTOR('',#12287,1.);
#12287 = DIRECTION('',(-0.168113038237,0.967653464607,-0.188108423012));
#12288 = ORIENTED_EDGE('',*,*,#9994,.T.);
#12289 = PLANE('',#12290);
#12290 = AXIS2_PLACEMENT_3D('',#12291,#12292,#12293);
#12291 = CARTESIAN_POINT('',(32.750340449621,80.099314013873,
    11.964086180228));
#12292 = DIRECTION('',(0.952149202223,0.208805996285,0.223185914927));
#12293 = DIRECTION('',(-0.228216471703,1.181017556316E-18,0.973610415948
    ));
#12294 = ADVANCED_FACE('',(#12295),#12312,.T.);
#12295 = FACE_BOUND('',#12296,.T.);
#12296 = EDGE_LOOP('',(#12297,#12298,#12306));
#12297 = ORIENTED_EDGE('',*,*,#10010,.T.);
#12298 = ORIENTED_EDGE('',*,*,#12299,.F.);
#12299 = EDGE_CURVE('',#12300,#4162,#12302,.T.);
#12300 = VERTEX_POINT('',#12301);
#12301 = CARTESIAN_POINT('',(29.615831375122,97.619346618652,
    8.945191383362));
#12302 = LINE('',#12303,#12304);
#12303 = CARTESIAN_POINT('',(29.615831375122,97.619346618652,
    8.945191383362));
#12304 = VECTOR('',#12305,1.);
#12305 = DIRECTION('',(0.17081505601,-0.969102820185,0.177938024463));
#12306 = ORIENTED_EDGE('',*,*,#12307,.F.);
#12307 = EDGE_CURVE('',#10011,#12300,#12308,.T.);
#12308 = LINE('',#12309,#12310);
#12309 = CARTESIAN_POINT('',(29.583393096924,97.598678588867,
    9.040298461914));
#12310 = VECTOR('',#12311,1.);
#12311 = DIRECTION('',(0.316192507795,0.201461869493,-0.927057394747));
#12312 = PLANE('',#12313);
#12313 = AXIS2_PLACEMENT_3D('',#12314,#12315,#12316);
#12314 = CARTESIAN_POINT('',(32.695422984287,80.096353075658,
    12.185457825424));
#12315 = DIRECTION('',(0.906083742393,0.225445776517,0.358031358433));
#12316 = DIRECTION('',(-0.367492181195,-3.406760017477E-19,
    0.930026610781));
#12317 = ADVANCED_FACE('',(#12318),#12328,.T.);
#12318 = FACE_BOUND('',#12319,.T.);
#12319 = EDGE_LOOP('',(#12320,#12321,#12322));
#12320 = ORIENTED_EDGE('',*,*,#10033,.T.);
#12321 = ORIENTED_EDGE('',*,*,#10018,.F.);
#12322 = ORIENTED_EDGE('',*,*,#12323,.F.);
#12323 = EDGE_CURVE('',#4247,#10011,#12324,.T.);
#12324 = LINE('',#12325,#12326);
#12325 = CARTESIAN_POINT('',(29.573274612427,97.592231750488,
    9.069966316223));
#12326 = VECTOR('',#12327,1.);
#12327 = DIRECTION('',(0.316183029008,0.201451204156,-0.92706294528));
#12328 = PLANE('',#12329);
#12329 = AXIS2_PLACEMENT_3D('',#12330,#12331,#12332);
#12330 = CARTESIAN_POINT('',(32.687793258268,80.071177510701,
    12.221642866692));
#12331 = DIRECTION('',(0.906083030304,0.225464721245,0.358021230752));
#12332 = DIRECTION('',(-0.367483439536,-1.36632972821E-19,0.930030064926
    ));
#12333 = ADVANCED_FACE('',(#12334),#12349,.T.);
#12334 = FACE_BOUND('',#12335,.T.);
#12335 = EDGE_LOOP('',(#12336,#12342,#12343));
#12336 = ORIENTED_EDGE('',*,*,#12337,.T.);
#12337 = EDGE_CURVE('',#11118,#10054,#12338,.T.);
#12338 = LINE('',#12339,#12340);
#12339 = CARTESIAN_POINT('',(28.722337722778,92.417015075684,
    4.163497924805));
#12340 = VECTOR('',#12341,1.);
#12341 = DIRECTION('',(-0.115044093776,-6.463074419208E-02,0.99125562969
    ));
#12342 = ORIENTED_EDGE('',*,*,#10053,.T.);
#12343 = ORIENTED_EDGE('',*,*,#12344,.T.);
#12344 = EDGE_CURVE('',#4192,#11118,#12345,.T.);
#12345 = LINE('',#12346,#12347);
#12346 = CARTESIAN_POINT('',(28.269002914429,92.162330627441,
    12.01824092865));
#12347 = VECTOR('',#12348,1.);
#12348 = DIRECTION('',(5.758873708634E-02,3.235347354684E-02,
    -0.997816010149));
#12349 = PLANE('',#12350);
#12350 = AXIS2_PLACEMENT_3D('',#12351,#12352,#12353);
#12351 = CARTESIAN_POINT('',(28.365657154191,92.216633837765,
    8.247679500556));
#12352 = DIRECTION('',(-0.489784417007,0.871843578204,1.104536699725E-06
    ));
#12353 = DIRECTION('',(0.871843578205,0.489784417007,-3.67459776528E-23)
  );
#12354 = ADVANCED_FACE('',(#12355),#12380,.T.);
#12355 = FACE_BOUND('',#12356,.T.);
#12356 = EDGE_LOOP('',(#12357,#12365,#12373,#12379));
#12357 = ORIENTED_EDGE('',*,*,#12358,.F.);
#12358 = EDGE_CURVE('',#12359,#10054,#12361,.T.);
#12359 = VERTEX_POINT('',#12360);
#12360 = CARTESIAN_POINT('',(27.588558197021,87.511566162109,
    12.970447540283));
#12361 = LINE('',#12362,#12363);
#12362 = CARTESIAN_POINT('',(27.588558197021,87.511566162109,
    12.970447540283));
#12363 = VECTOR('',#12364,1.);
#12364 = DIRECTION('',(4.70773409181E-02,0.980538836477,-0.19059725636)
  );
#12365 = ORIENTED_EDGE('',*,*,#12366,.T.);
#12366 = EDGE_CURVE('',#12359,#12367,#12369,.T.);
#12367 = VERTEX_POINT('',#12368);
#12368 = CARTESIAN_POINT('',(29.409498214722,77.026664733887,
    15.008505821228));
#12369 = LINE('',#12370,#12371);
#12370 = CARTESIAN_POINT('',(27.588558197021,87.511566162109,
    12.970447540283));
#12371 = VECTOR('',#12372,1.);
#12372 = DIRECTION('',(0.168057023739,-0.967665772124,0.188095162703));
#12373 = ORIENTED_EDGE('',*,*,#12374,.T.);
#12374 = EDGE_CURVE('',#12367,#419,#12375,.T.);
#12375 = LINE('',#12376,#12377);
#12376 = CARTESIAN_POINT('',(29.409498214722,77.026664733887,
    15.008505821228));
#12377 = VECTOR('',#12378,1.);
#12378 = DIRECTION('',(0.336745946844,-0.924295758564,0.179665016031));
#12379 = ORIENTED_EDGE('',*,*,#10061,.T.);
#12380 = PLANE('',#12381);
#12381 = AXIS2_PLACEMENT_3D('',#12382,#12383,#12384);
#12382 = CARTESIAN_POINT('',(29.171884578677,81.856595432437,
    14.069662909525));
#12383 = DIRECTION('',(-7.597403625858E-07,0.190808856204,0.9816272105)
  );
#12384 = DIRECTION('',(-6.380186817393E-24,0.9816272105,-0.190808856204)
  );
#12385 = ADVANCED_FACE('',(#12386),#12403,.T.);
#12386 = FACE_BOUND('',#12387,.T.);
#12387 = EDGE_LOOP('',(#12388,#12389,#12397));
#12388 = ORIENTED_EDGE('',*,*,#10088,.T.);
#12389 = ORIENTED_EDGE('',*,*,#12390,.F.);
#12390 = EDGE_CURVE('',#12391,#4247,#12393,.T.);
#12391 = VERTEX_POINT('',#12392);
#12392 = CARTESIAN_POINT('',(25.842351913452,97.604194641113,
    9.041488647461));
#12393 = LINE('',#12394,#12395);
#12394 = CARTESIAN_POINT('',(25.842351913452,97.604194641113,
    9.041488647461));
#12395 = VECTOR('',#12396,1.);
#12396 = DIRECTION('',(0.999965730815,-3.206306222794E-03,
    7.632614008199E-03));
#12397 = ORIENTED_EDGE('',*,*,#12398,.T.);
#12398 = EDGE_CURVE('',#12391,#10089,#12399,.T.);
#12399 = LINE('',#12400,#12401);
#12400 = CARTESIAN_POINT('',(25.842351913452,97.604194641113,
    9.041488647461));
#12401 = VECTOR('',#12402,1.);
#12402 = DIRECTION('',(0.99544840923,-2.174884231569E-02,
    9.278713499116E-02));
#12403 = PLANE('',#12404);
#12404 = AXIS2_PLACEMENT_3D('',#12405,#12406,#12407);
#12405 = CARTESIAN_POINT('',(27.761386748324,97.580608969287,
    9.136162869219));
#12406 = DIRECTION('',(1.508346288508E-03,0.97708547177,0.212841973652)
  );
#12407 = DIRECTION('',(3.097680425181E-20,-0.212842215771,0.977086583259
    ));
#12408 = ADVANCED_FACE('',(#12409),#12426,.T.);
#12409 = FACE_BOUND('',#12410,.T.);
#12410 = EDGE_LOOP('',(#12411,#12412,#12420));
#12411 = ORIENTED_EDGE('',*,*,#10112,.T.);
#12412 = ORIENTED_EDGE('',*,*,#12413,.F.);
#12413 = EDGE_CURVE('',#12414,#10089,#12416,.T.);
#12414 = VERTEX_POINT('',#12415);
#12415 = CARTESIAN_POINT('',(25.842351913452,97.47216796875,
    9.540740966797));
#12416 = LINE('',#12417,#12418);
#12417 = CARTESIAN_POINT('',(25.842351913452,97.47216796875,
    9.540740966797));
#12418 = VECTOR('',#12419,1.);
#12419 = DIRECTION('',(0.998905595214,1.455308749767E-02,
    -4.445019116136E-02));
#12420 = ORIENTED_EDGE('',*,*,#12421,.T.);
#12421 = EDGE_CURVE('',#12414,#4287,#12422,.T.);
#12422 = LINE('',#12423,#12424);
#12423 = CARTESIAN_POINT('',(25.842351913452,97.47216796875,
    9.540740966797));
#12424 = VECTOR('',#12425,1.);
#12425 = DIRECTION('',(0.999996935754,-2.310721416822E-03,
    -8.882843027922E-04));
#12426 = PLANE('',#12427);
#12427 = AXIS2_PLACEMENT_3D('',#12428,#12429,#12430);
#12428 = CARTESIAN_POINT('',(27.681495916426,97.483769238026,
    9.49815450187));
#12429 = DIRECTION('',(2.475570673523E-03,0.932577936949,0.360960195957)
  );
#12430 = DIRECTION('',(2.303969989665E-20,-0.360961302026,0.932580794591
    ));
#12431 = ADVANCED_FACE('',(#12432),#12442,.T.);
#12432 = FACE_BOUND('',#12433,.T.);
#12433 = EDGE_LOOP('',(#12434,#12435,#12441));
#12434 = ORIENTED_EDGE('',*,*,#12421,.F.);
#12435 = ORIENTED_EDGE('',*,*,#12436,.F.);
#12436 = EDGE_CURVE('',#4326,#12414,#12437,.T.);
#12437 = LINE('',#12438,#12439);
#12438 = CARTESIAN_POINT('',(29.380035400391,97.45458984375,
    9.561876296997));
#12439 = VECTOR('',#12440,1.);
#12440 = DIRECTION('',(-0.999969810384,4.968673536807E-03,
    -5.974161399887E-03));
#12441 = ORIENTED_EDGE('',*,*,#10128,.T.);
#12442 = PLANE('',#12443);
#12443 = AXIS2_PLACEMENT_3D('',#12444,#12445,#12446);
#12444 = CARTESIAN_POINT('',(27.621221007489,97.465701008837,
    9.545244734892));
#12445 = DIRECTION('',(2.4755692562E-03,0.932492324721,0.361181306124));
#12446 = DIRECTION('',(-3.169914672105E-20,-0.361182412868,
    0.932495182097));
#12447 = ADVANCED_FACE('',(#12448),#12458,.T.);
#12448 = FACE_BOUND('',#12449,.T.);
#12449 = EDGE_LOOP('',(#12450,#12451,#12457));
#12450 = ORIENTED_EDGE('',*,*,#10142,.T.);
#12451 = ORIENTED_EDGE('',*,*,#12452,.F.);
#12452 = EDGE_CURVE('',#11118,#4348,#12453,.T.);
#12453 = LINE('',#12454,#12455);
#12454 = CARTESIAN_POINT('',(28.722337722778,92.417015075684,
    4.163497924805));
#12455 = VECTOR('',#12456,1.);
#12456 = DIRECTION('',(-5.274281331624E-02,-2.963073947288E-02,
    0.998168430137));
#12457 = ORIENTED_EDGE('',*,*,#12344,.F.);
#12458 = PLANE('',#12459);
#12459 = AXIS2_PLACEMENT_3D('',#12460,#12461,#12462);
#12460 = CARTESIAN_POINT('',(28.504724050775,92.294759816493,
    8.100058257761));
#12461 = DIRECTION('',(-0.489837625138,0.871813684792,
    -2.935631742078E-06));
#12462 = DIRECTION('',(0.871813684796,0.48983762514,2.8859711258E-26));
#12463 = ADVANCED_FACE('',(#12464),#12474,.T.);
#12464 = FACE_BOUND('',#12465,.T.);
#12465 = EDGE_LOOP('',(#12466,#12467,#12473));
#12466 = ORIENTED_EDGE('',*,*,#12436,.T.);
#12467 = ORIENTED_EDGE('',*,*,#12468,.F.);
#12468 = EDGE_CURVE('',#10159,#12414,#12469,.T.);
#12469 = LINE('',#12470,#12471);
#12470 = CARTESIAN_POINT('',(29.252460479736,97.352188110352,
    9.827300071716));
#12471 = VECTOR('',#12472,1.);
#12472 = DIRECTION('',(-0.99587599985,3.503849191951E-02,
    -8.368570371902E-02));
#12473 = ORIENTED_EDGE('',*,*,#10167,.T.);
#12474 = PLANE('',#12475);
#12475 = AXIS2_PLACEMENT_3D('',#12476,#12477,#12478);
#12476 = CARTESIAN_POINT('',(27.654251044594,97.436704068048,
    9.619925894959));
#12477 = DIRECTION('',(2.477155054102E-03,0.932570063516,0.360980526256)
  );
#12478 = DIRECTION('',(4.595956056716E-20,-0.360981633803,0.932572924793
    ));
#12479 = ADVANCED_FACE('',(#12480),#12490,.T.);
#12480 = FACE_BOUND('',#12481,.T.);
#12481 = EDGE_LOOP('',(#12482,#12483,#12489));
#12482 = ORIENTED_EDGE('',*,*,#10181,.T.);
#12483 = ORIENTED_EDGE('',*,*,#12484,.F.);
#12484 = EDGE_CURVE('',#11118,#4394,#12485,.T.);
#12485 = LINE('',#12486,#12487);
#12486 = CARTESIAN_POINT('',(28.722337722778,92.417015075684,
    4.163497924805));
#12487 = VECTOR('',#12488,1.);
#12488 = DIRECTION('',(9.445586337962E-06,4.971361230507E-06,
    0.999999999943));
#12489 = ORIENTED_EDGE('',*,*,#12452,.T.);
#12490 = PLANE('',#12491);
#12491 = AXIS2_PLACEMENT_3D('',#12492,#12493,#12494);
#12492 = CARTESIAN_POINT('',(28.614221044206,92.356274824713,
    8.16641626925));
#12493 = DIRECTION('',(-0.489791194111,0.871839770928,2.921345751637E-07
    ));
#12494 = DIRECTION('',(0.871839770928,0.489791194111,8.64350533871E-24)
  );
#12495 = ADVANCED_FACE('',(#12496),#12513,.T.);
#12496 = FACE_BOUND('',#12497,.T.);
#12497 = EDGE_LOOP('',(#12498,#12506,#12512));
#12498 = ORIENTED_EDGE('',*,*,#12499,.T.);
#12499 = EDGE_CURVE('',#10159,#12500,#12502,.T.);
#12500 = VERTEX_POINT('',#12501);
#12501 = CARTESIAN_POINT('',(25.842351913452,97.256484985352,
    10.009954452515));
#12502 = LINE('',#12503,#12504);
#12503 = CARTESIAN_POINT('',(29.252460479736,97.352188110352,
    9.827300071716));
#12504 = VECTOR('',#12505,1.);
#12505 = DIRECTION('',(-0.998176711918,-2.801336930363E-02,
    5.346496913481E-02));
#12506 = ORIENTED_EDGE('',*,*,#12507,.F.);
#12507 = EDGE_CURVE('',#4372,#12500,#12508,.T.);
#12508 = LINE('',#12509,#12510);
#12509 = CARTESIAN_POINT('',(29.136823654175,97.247024536133,
    10.0043592453));
#12510 = VECTOR('',#12511,1.);
#12511 = DIRECTION('',(-0.999994434747,2.871597425475E-03,
    1.698353033796E-03));
#12512 = ORIENTED_EDGE('',*,*,#10199,.T.);
#12513 = PLANE('',#12514);
#12514 = AXIS2_PLACEMENT_3D('',#12515,#12516,#12517);
#12515 = CARTESIAN_POINT('',(27.575988676431,97.279239792396,
    9.960515669819));
#12516 = DIRECTION('',(3.336213362514E-03,0.858817841478,0.512270226384)
  );
#12517 = DIRECTION('',(2.802484044774E-19,-0.512273077274,0.858822620976
    ));
#12518 = ADVANCED_FACE('',(#12519),#12529,.T.);
#12519 = FACE_BOUND('',#12520,.T.);
#12520 = EDGE_LOOP('',(#12521,#12527,#12528));
#12521 = ORIENTED_EDGE('',*,*,#12522,.T.);
#12522 = EDGE_CURVE('',#12500,#4418,#12523,.T.);
#12523 = LINE('',#12524,#12525);
#12524 = CARTESIAN_POINT('',(25.842351913452,97.256484985352,
    10.009954452515));
#12525 = VECTOR('',#12526,1.);
#12526 = DIRECTION('',(0.999972513265,-6.257146274015E-03,
    3.977541441831E-03));
#12527 = ORIENTED_EDGE('',*,*,#10215,.T.);
#12528 = ORIENTED_EDGE('',*,*,#12507,.T.);
#12529 = PLANE('',#12530);
#12530 = AXIS2_PLACEMENT_3D('',#12531,#12532,#12533);
#12531 = CARTESIAN_POINT('',(27.492744128674,97.248962107438,
    10.011818076659));
#12532 = DIRECTION('',(3.336213266011E-03,0.85881387738,0.512276872112)
  );
#12533 = DIRECTION('',(-6.097502627786E-20,-0.512279723039,
    0.858818656856));
#12534 = ADVANCED_FACE('',(#12535),#12545,.T.);
#12535 = FACE_BOUND('',#12536,.T.);
#12536 = EDGE_LOOP('',(#12537,#12538,#12544));
#12537 = ORIENTED_EDGE('',*,*,#12522,.F.);
#12538 = ORIENTED_EDGE('',*,*,#12539,.F.);
#12539 = EDGE_CURVE('',#10230,#12500,#12540,.T.);
#12540 = LINE('',#12541,#12542);
#12541 = CARTESIAN_POINT('',(28.957485198975,97.083923339844,
    10.278958320618));
#12542 = VECTOR('',#12543,1.);
#12543 = DIRECTION('',(-0.994778404942,5.510537840234E-02,
    -8.590298209019E-02));
#12544 = ORIENTED_EDGE('',*,*,#10238,.T.);
#12545 = PLANE('',#12546);
#12546 = AXIS2_PLACEMENT_3D('',#12547,#12548,#12549);
#12547 = CARTESIAN_POINT('',(27.523472436078,97.206619125647,
    10.08260388904));
#12548 = DIRECTION('',(3.336188297031E-03,0.858811945695,0.512280110661)
  );
#12549 = DIRECTION('',(1.376872245812E-19,-0.512282961563,0.858816725089
    ));
#12550 = ADVANCED_FACE('',(#12551),#12566,.T.);
#12551 = FACE_BOUND('',#12552,.T.);
#12552 = EDGE_LOOP('',(#12553,#12554,#12560));
#12553 = ORIENTED_EDGE('',*,*,#10252,.T.);
#12554 = ORIENTED_EDGE('',*,*,#12555,.F.);
#12555 = EDGE_CURVE('',#11242,#4479,#12556,.T.);
#12556 = LINE('',#12557,#12558);
#12557 = CARTESIAN_POINT('',(28.759929656982,92.438133239746,
    4.178826332092));
#12558 = VECTOR('',#12559,1.);
#12559 = DIRECTION('',(0.,0.,1.));
#12560 = ORIENTED_EDGE('',*,*,#12561,.T.);
#12561 = EDGE_CURVE('',#11242,#4394,#12562,.T.);
#12562 = LINE('',#12563,#12564);
#12563 = CARTESIAN_POINT('',(28.759929656982,92.438133239746,
    4.178826332092));
#12564 = VECTOR('',#12565,1.);
#12565 = DIRECTION('',(-4.899292041531E-03,-2.752629538051E-03,
    0.999984209859));
#12566 = PLANE('',#12567);
#12567 = AXIS2_PLACEMENT_3D('',#12568,#12569,#12570);
#12568 = CARTESIAN_POINT('',(28.750512148254,92.432842084926,
    8.01533717022));
#12569 = DIRECTION('',(-0.489825605326,0.871820438145,0.));
#12570 = DIRECTION('',(0.871820438145,0.489825605326,0.));
#12571 = ADVANCED_FACE('',(#12572),#12582,.T.);
#12572 = FACE_BOUND('',#12573,.T.);
#12573 = EDGE_LOOP('',(#12574,#12575,#12581));
#12574 = ORIENTED_EDGE('',*,*,#12539,.T.);
#12575 = ORIENTED_EDGE('',*,*,#12576,.F.);
#12576 = EDGE_CURVE('',#4457,#12500,#12577,.T.);
#12577 = LINE('',#12578,#12579);
#12578 = CARTESIAN_POINT('',(28.826082229614,96.954093933105,
    10.427015304565));
#12579 = VECTOR('',#12580,1.);
#12580 = DIRECTION('',(-0.985420589402,9.986906903755E-02,
    -0.137740448062));
#12581 = ORIENTED_EDGE('',*,*,#10270,.T.);
#12582 = PLANE('',#12583);
#12583 = AXIS2_PLACEMENT_3D('',#12584,#12585,#12586);
#12584 = CARTESIAN_POINT('',(27.424033314958,97.133877802537,
    10.187219263546));
#12585 = DIRECTION('',(-1.431291634535E-02,0.758058478694,0.652029511069
    ));
#12586 = DIRECTION('',(-9.243891224668E-19,-0.652096308577,
    0.758136138395));
#12587 = ADVANCED_FACE('',(#12588),#12605,.T.);
#12588 = FACE_BOUND('',#12589,.T.);
#12589 = EDGE_LOOP('',(#12590,#12598,#12599));
#12590 = ORIENTED_EDGE('',*,*,#12591,.T.);
#12591 = EDGE_CURVE('',#12592,#4503,#12594,.T.);
#12592 = VERTEX_POINT('',#12593);
#12593 = CARTESIAN_POINT('',(25.842351913452,96.963516235352,
    10.435225486755));
#12594 = LINE('',#12595,#12596);
#12595 = CARTESIAN_POINT('',(25.842351913452,96.963516235352,
    10.435225486755));
#12596 = VECTOR('',#12597,1.);
#12597 = DIRECTION('',(0.999974052759,-7.017875151594E-03,
    1.625803465304E-03));
#12598 = ORIENTED_EDGE('',*,*,#10286,.T.);
#12599 = ORIENTED_EDGE('',*,*,#12600,.T.);
#12600 = EDGE_CURVE('',#4457,#12592,#12601,.T.);
#12601 = LINE('',#12602,#12603);
#12602 = CARTESIAN_POINT('',(28.826082229614,96.954093933105,
    10.427015304565));
#12603 = VECTOR('',#12604,1.);
#12604 = DIRECTION('',(-0.999991228181,3.157865690583E-03,
    2.751626086055E-03));
#12605 = PLANE('',#12606);
#12606 = AXIS2_PLACEMENT_3D('',#12607,#12608,#12609);
#12607 = CARTESIAN_POINT('',(27.33652419216,96.955925068261,
    10.434371775598));
#12608 = DIRECTION('',(4.18843020899E-03,0.7500295119,0.661391100886));
#12609 = DIRECTION('',(-6.209102525957E-19,-0.661396902337,
    0.750036090851));
#12610 = ADVANCED_FACE('',(#12611),#12621,.T.);
#12611 = FACE_BOUND('',#12612,.T.);
#12612 = EDGE_LOOP('',(#12613,#12614,#12620));
#12613 = ORIENTED_EDGE('',*,*,#12591,.F.);
#12614 = ORIENTED_EDGE('',*,*,#12615,.F.);
#12615 = EDGE_CURVE('',#10301,#12592,#12616,.T.);
#12616 = LINE('',#12617,#12618);
#12617 = CARTESIAN_POINT('',(28.572603225708,96.703643798828,
    10.712622642517));
#12618 = VECTOR('',#12619,1.);
#12619 = DIRECTION('',(-0.990447364634,9.427336184774E-02,-0.10063076635
    ));
#12620 = ORIENTED_EDGE('',*,*,#10309,.T.);
#12621 = PLANE('',#12622);
#12622 = AXIS2_PLACEMENT_3D('',#12623,#12624,#12625);
#12623 = CARTESIAN_POINT('',(27.370854460084,96.890462037749,
    10.508387299703));
#12624 = DIRECTION('',(4.188293004989E-03,0.750014029342,0.661408658842)
  );
#12625 = DIRECTION('',(9.790914903279E-20,-0.661414460067,0.750020607726
    ));
#12626 = ADVANCED_FACE('',(#12627),#12644,.T.);
#12627 = FACE_BOUND('',#12628,.T.);
#12628 = EDGE_LOOP('',(#12629,#12637,#12638));
#12629 = ORIENTED_EDGE('',*,*,#12630,.T.);
#12630 = EDGE_CURVE('',#12631,#4479,#12633,.T.);
#12631 = VERTEX_POINT('',#12632);
#12632 = CARTESIAN_POINT('',(28.097675323486,96.204147338867,
    11.092222213745));
#12633 = LINE('',#12634,#12635);
#12634 = CARTESIAN_POINT('',(28.097675323486,96.204147338867,
    11.092222213745));
#12635 = VECTOR('',#12636,1.);
#12636 = DIRECTION('',(0.170128931271,-0.967465098271,0.187262997874));
#12637 = ORIENTED_EDGE('',*,*,#10332,.F.);
#12638 = ORIENTED_EDGE('',*,*,#12639,.F.);
#12639 = EDGE_CURVE('',#12631,#10325,#12640,.T.);
#12640 = LINE('',#12641,#12642);
#12641 = CARTESIAN_POINT('',(28.097675323486,96.204147338867,
    11.092222213745));
#12642 = VECTOR('',#12643,1.);
#12643 = DIRECTION('',(0.603574781714,0.634796086531,-0.482422440816));
#12644 = PLANE('',#12645);
#12645 = AXIS2_PLACEMENT_3D('',#12646,#12647,#12648);
#12646 = CARTESIAN_POINT('',(28.506830294478,94.555711063793,
    11.351330690292));
#12647 = DIRECTION('',(0.435551972012,0.244289153775,0.866381722467));
#12648 = DIRECTION('',(0.893451117191,-3.099943843788E-18,
    -0.449160440366));
#12649 = ADVANCED_FACE('',(#12650),#12660,.T.);
#12650 = FACE_BOUND('',#12651,.T.);
#12651 = EDGE_LOOP('',(#12652,#12653,#12659));
#12652 = ORIENTED_EDGE('',*,*,#12615,.T.);
#12653 = ORIENTED_EDGE('',*,*,#12654,.F.);
#12654 = EDGE_CURVE('',#4542,#12592,#12655,.T.);
#12655 = LINE('',#12656,#12657);
#12656 = CARTESIAN_POINT('',(28.469425201416,96.595123291016,
    10.795091629028));
#12657 = VECTOR('',#12658,1.);
#12658 = DIRECTION('',(-0.981322224865,0.137610239279,-0.134425120535));
#12659 = ORIENTED_EDGE('',*,*,#10348,.T.);
#12660 = PLANE('',#12661);
#12661 = AXIS2_PLACEMENT_3D('',#12662,#12663,#12664);
#12662 = CARTESIAN_POINT('',(27.222900598917,96.802044008517,
    10.599108199288));
#12663 = DIRECTION('',(-2.110228700764E-02,0.617559053623,0.786241380729
    ));
#12664 = DIRECTION('',(-2.52559458204E-19,0.786416498422,-0.617696601099
    ));
#12665 = ADVANCED_FACE('',(#12666),#12683,.T.);
#12666 = FACE_BOUND('',#12667,.T.);
#12667 = EDGE_LOOP('',(#12668,#12676,#12677));
#12668 = ORIENTED_EDGE('',*,*,#12669,.T.);
#12669 = EDGE_CURVE('',#12670,#10325,#12672,.T.);
#12670 = VERTEX_POINT('',#12671);
#12671 = CARTESIAN_POINT('',(25.842351913452,96.601959228516,
    10.803953170776));
#12672 = LINE('',#12673,#12674);
#12673 = CARTESIAN_POINT('',(25.842351913452,96.601959228516,
    10.803953170776));
#12674 = VECTOR('',#12675,1.);
#12675 = DIRECTION('',(0.999978380448,-6.564575341992E-03,
    -3.807716048169E-04));
#12676 = ORIENTED_EDGE('',*,*,#10364,.T.);
#12677 = ORIENTED_EDGE('',*,*,#12678,.T.);
#12678 = EDGE_CURVE('',#4542,#12670,#12679,.T.);
#12679 = LINE('',#12680,#12681);
#12680 = CARTESIAN_POINT('',(28.469425201416,96.595123291016,
    10.795091629028));
#12681 = VECTOR('',#12682,1.);
#12682 = DIRECTION('',(-0.999990925523,2.602087843823E-03,
    3.37313061451E-03));
#12683 = PLANE('',#12684);
#12684 = AXIS2_PLACEMENT_3D('',#12685,#12686,#12687);
#12685 = CARTESIAN_POINT('',(27.157495618408,96.595941111748,
    10.801477335798));
#12686 = DIRECTION('',(4.259924327307E-03,0.60262408753,0.798013823297)
  );
#12687 = DIRECTION('',(-2.055539049492E-19,0.798021064156,-0.6026295555)
  );
#12688 = ADVANCED_FACE('',(#12689),#12700,.T.);
#12689 = FACE_BOUND('',#12690,.T.);
#12690 = EDGE_LOOP('',(#12691,#12697,#12698,#12699));
#12691 = ORIENTED_EDGE('',*,*,#12692,.F.);
#12692 = EDGE_CURVE('',#11666,#10839,#12693,.T.);
#12693 = LINE('',#12694,#12695);
#12694 = CARTESIAN_POINT('',(2.202113199234,23.881965637207,5.5));
#12695 = VECTOR('',#12696,1.);
#12696 = DIRECTION('',(0.,0.,-1.));
#12697 = ORIENTED_EDGE('',*,*,#11665,.T.);
#12698 = ORIENTED_EDGE('',*,*,#11639,.T.);
#12699 = ORIENTED_EDGE('',*,*,#10846,.F.);
#12700 = PLANE('',#12701);
#12701 = AXIS2_PLACEMENT_3D('',#12702,#12703,#12704);
#12702 = CARTESIAN_POINT('',(2.23874502182,24.034547805786,2.75));
#12703 = DIRECTION('',(-0.972369797588,0.233445875393,0.));
#12704 = DIRECTION('',(-0.233445875393,-0.972369797588,0.));
#12705 = ADVANCED_FACE('',(#12706),#12717,.T.);
#12706 = FACE_BOUND('',#12707,.T.);
#12707 = EDGE_LOOP('',(#12708,#12714,#12715,#12716));
#12708 = ORIENTED_EDGE('',*,*,#12709,.F.);
#12709 = EDGE_CURVE('',#11674,#10831,#12710,.T.);
#12710 = LINE('',#12711,#12712);
#12711 = CARTESIAN_POINT('',(2.082013177872,23.59202003479,5.5));
#12712 = VECTOR('',#12713,1.);
#12713 = DIRECTION('',(0.,0.,-1.));
#12714 = ORIENTED_EDGE('',*,*,#11673,.T.);
#12715 = ORIENTED_EDGE('',*,*,#12692,.T.);
#12716 = ORIENTED_EDGE('',*,*,#10838,.F.);
#12717 = PLANE('',#12718);
#12718 = AXIS2_PLACEMENT_3D('',#12719,#12720,#12721);
#12719 = CARTESIAN_POINT('',(2.142063188553,23.736992835999,2.75));
#12720 = DIRECTION('',(-0.923878833491,0.382685119945,0.));
#12721 = DIRECTION('',(-0.382685119945,-0.923878833491,0.));
#12722 = ADVANCED_FACE('',(#12723),#12734,.T.);
#12723 = FACE_BOUND('',#12724,.T.);
#12724 = EDGE_LOOP('',(#12725,#12731,#12732,#12733));
#12725 = ORIENTED_EDGE('',*,*,#12726,.F.);
#12726 = EDGE_CURVE('',#11682,#10823,#12727,.T.);
#12727 = LINE('',#12728,#12729);
#12728 = CARTESIAN_POINT('',(1.918034124374,23.324430465698,5.5));
#12729 = VECTOR('',#12730,1.);
#12730 = DIRECTION('',(0.,0.,-1.));
#12731 = ORIENTED_EDGE('',*,*,#11681,.T.);
#12732 = ORIENTED_EDGE('',*,*,#12709,.T.);
#12733 = ORIENTED_EDGE('',*,*,#10830,.F.);
#12734 = PLANE('',#12735);
#12735 = AXIS2_PLACEMENT_3D('',#12736,#12737,#12738);
#12736 = CARTESIAN_POINT('',(2.000023651123,23.458225250244,2.75));
#12737 = DIRECTION('',(-0.852640228716,0.522498459686,0.));
#12738 = DIRECTION('',(-0.522498459686,-0.852640228716,0.));
#12739 = ADVANCED_FACE('',(#12740),#12751,.T.);
#12740 = FACE_BOUND('',#12741,.T.);
#12741 = EDGE_LOOP('',(#12742,#12748,#12749,#12750));
#12742 = ORIENTED_EDGE('',*,*,#12743,.F.);
#12743 = EDGE_CURVE('',#11690,#10815,#12744,.T.);
#12744 = LINE('',#12745,#12746);
#12745 = CARTESIAN_POINT('',(1.714213657379,23.085786819458,5.5));
#12746 = VECTOR('',#12747,1.);
#12747 = DIRECTION('',(0.,0.,-1.));
#12748 = ORIENTED_EDGE('',*,*,#11689,.T.);
#12749 = ORIENTED_EDGE('',*,*,#12726,.T.);
#12750 = ORIENTED_EDGE('',*,*,#10822,.F.);
#12751 = PLANE('',#12752);
#12752 = AXIS2_PLACEMENT_3D('',#12753,#12754,#12755);
#12753 = CARTESIAN_POINT('',(1.816123890877,23.205108642578,2.75));
#12754 = DIRECTION('',(-0.760406692537,0.649447197195,0.));
#12755 = DIRECTION('',(-0.649447197195,-0.760406692537,0.));
#12756 = ADVANCED_FACE('',(#12757),#12768,.T.);
#12757 = FACE_BOUND('',#12758,.T.);
#12758 = EDGE_LOOP('',(#12759,#12765,#12766,#12767));
#12759 = ORIENTED_EDGE('',*,*,#12760,.F.);
#12760 = EDGE_CURVE('',#11698,#10807,#12761,.T.);
#12761 = LINE('',#12762,#12763);
#12762 = CARTESIAN_POINT('',(1.475570726395,22.881965637207,5.5));
#12763 = VECTOR('',#12764,1.);
#12764 = DIRECTION('',(0.,0.,-1.));
#12765 = ORIENTED_EDGE('',*,*,#11697,.T.);
#12766 = ORIENTED_EDGE('',*,*,#12743,.T.);
#12767 = ORIENTED_EDGE('',*,*,#10814,.F.);
#12768 = PLANE('',#12769);
#12769 = AXIS2_PLACEMENT_3D('',#12770,#12771,#12772);
#12770 = CARTESIAN_POINT('',(1.594892191887,22.983876228333,2.75));
#12771 = DIRECTION('',(-0.649449640496,0.760404605759,0.));
#12772 = DIRECTION('',(0.760404605759,0.649449640496,0.));
#12773 = ADVANCED_FACE('',(#12774),#12785,.T.);
#12774 = FACE_BOUND('',#12775,.T.);
#12775 = EDGE_LOOP('',(#12776,#12782,#12783,#12784));
#12776 = ORIENTED_EDGE('',*,*,#12777,.F.);
#12777 = EDGE_CURVE('',#11706,#10799,#12778,.T.);
#12778 = LINE('',#12779,#12780);
#12779 = CARTESIAN_POINT('',(1.207981157303,22.717987060547,5.5));
#12780 = VECTOR('',#12781,1.);
#12781 = DIRECTION('',(0.,0.,-1.));
#12782 = ORIENTED_EDGE('',*,*,#11705,.T.);
#12783 = ORIENTED_EDGE('',*,*,#12760,.T.);
#12784 = ORIENTED_EDGE('',*,*,#10806,.F.);
#12785 = PLANE('',#12786);
#12786 = AXIS2_PLACEMENT_3D('',#12787,#12788,#12789);
#12787 = CARTESIAN_POINT('',(1.341775941849,22.799976348877,2.75));
#12788 = DIRECTION('',(-0.522497355102,0.852640905605,0.));
#12789 = DIRECTION('',(0.852640905605,0.522497355102,0.));
#12790 = ADVANCED_FACE('',(#12791),#12802,.T.);
#12791 = FACE_BOUND('',#12792,.T.);
#12792 = EDGE_LOOP('',(#12793,#12799,#12800,#12801));
#12793 = ORIENTED_EDGE('',*,*,#12794,.F.);
#12794 = EDGE_CURVE('',#11714,#10791,#12795,.T.);
#12795 = LINE('',#12796,#12797);
#12796 = CARTESIAN_POINT('',(0.918034124374,22.597887039185,5.5));
#12797 = VECTOR('',#12798,1.);
#12798 = DIRECTION('',(0.,0.,-1.));
#12799 = ORIENTED_EDGE('',*,*,#11713,.T.);
#12800 = ORIENTED_EDGE('',*,*,#12777,.T.);
#12801 = ORIENTED_EDGE('',*,*,#10798,.F.);
#12802 = PLANE('',#12803);
#12803 = AXIS2_PLACEMENT_3D('',#12804,#12805,#12806);
#12804 = CARTESIAN_POINT('',(1.063007640839,22.657937049866,2.75));
#12805 = DIRECTION('',(-0.382683508391,0.92387950102,0.));
#12806 = DIRECTION('',(0.92387950102,0.382683508391,0.));
#12807 = ADVANCED_FACE('',(#12808),#12819,.T.);
#12808 = FACE_BOUND('',#12809,.T.);
#12809 = EDGE_LOOP('',(#12810,#12816,#12817,#12818));
#12810 = ORIENTED_EDGE('',*,*,#12811,.F.);
#12811 = EDGE_CURVE('',#11722,#10783,#12812,.T.);
#12812 = LINE('',#12813,#12814);
#12813 = CARTESIAN_POINT('',(0.61286907196,22.52462387085,5.5));
#12814 = VECTOR('',#12815,1.);
#12815 = DIRECTION('',(0.,0.,-1.));
#12816 = ORIENTED_EDGE('',*,*,#11721,.T.);
#12817 = ORIENTED_EDGE('',*,*,#12794,.T.);
#12818 = ORIENTED_EDGE('',*,*,#10790,.F.);
#12819 = PLANE('',#12820);
#12820 = AXIS2_PLACEMENT_3D('',#12821,#12822,#12823);
#12821 = CARTESIAN_POINT('',(0.765451598167,22.561255455017,2.75));
#12822 = DIRECTION('',(-0.233443921472,0.972370266682,0.));
#12823 = DIRECTION('',(0.972370266682,0.233443921472,0.));
#12824 = ADVANCED_FACE('',(#12825),#12836,.T.);
#12825 = FACE_BOUND('',#12826,.T.);
#12826 = EDGE_LOOP('',(#12827,#12828,#12834,#12835));
#12827 = ORIENTED_EDGE('',*,*,#10782,.F.);
#12828 = ORIENTED_EDGE('',*,*,#12829,.T.);
#12829 = EDGE_CURVE('',#10775,#11730,#12830,.T.);
#12830 = LINE('',#12831,#12832);
#12831 = CARTESIAN_POINT('',(0.3,22.5,8.572527703398E-16));
#12832 = VECTOR('',#12833,1.);
#12833 = DIRECTION('',(0.,0.,1.));
#12834 = ORIENTED_EDGE('',*,*,#11729,.T.);
#12835 = ORIENTED_EDGE('',*,*,#12811,.T.);
#12836 = PLANE('',#12837);
#12837 = AXIS2_PLACEMENT_3D('',#12838,#12839,#12840);
#12838 = CARTESIAN_POINT('',(0.45643453598,22.512311935425,2.75));
#12839 = DIRECTION('',(-7.84608085433E-02,0.99691719893,0.));
#12840 = DIRECTION('',(0.99691719893,7.84608085433E-02,0.));
#12841 = ADVANCED_FACE('',(#12842),#12853,.T.);
#12842 = FACE_BOUND('',#12843,.T.);
#12843 = EDGE_LOOP('',(#12844,#12850,#12851,#12852));
#12844 = ORIENTED_EDGE('',*,*,#12845,.F.);
#12845 = EDGE_CURVE('',#11738,#10767,#12846,.T.);
#12846 = LINE('',#12847,#12848);
#12847 = CARTESIAN_POINT('',(-1.286859512329E-02,22.47537612915,5.5));
#12848 = VECTOR('',#12849,1.);
#12849 = DIRECTION('',(0.,0.,-1.));
#12850 = ORIENTED_EDGE('',*,*,#11737,.T.);
#12851 = ORIENTED_EDGE('',*,*,#12829,.F.);
#12852 = ORIENTED_EDGE('',*,*,#10774,.F.);
#12853 = PLANE('',#12854);
#12854 = AXIS2_PLACEMENT_3D('',#12855,#12856,#12857);
#12855 = CARTESIAN_POINT('',(0.143565702438,22.487688064575,2.75));
#12856 = DIRECTION('',(-7.84609273878E-02,0.996917189577,0.));
#12857 = DIRECTION('',(0.996917189577,7.84609273878E-02,0.));
#12858 = ADVANCED_FACE('',(#12859),#12870,.T.);
#12859 = FACE_BOUND('',#12860,.T.);
#12860 = EDGE_LOOP('',(#12861,#12867,#12868,#12869));
#12861 = ORIENTED_EDGE('',*,*,#12862,.F.);
#12862 = EDGE_CURVE('',#11746,#10759,#12863,.T.);
#12863 = LINE('',#12864,#12865);
#12864 = CARTESIAN_POINT('',(-0.318033766747,22.402112960815,5.5));
#12865 = VECTOR('',#12866,1.);
#12866 = DIRECTION('',(0.,0.,-1.));
#12867 = ORIENTED_EDGE('',*,*,#11745,.T.);
#12868 = ORIENTED_EDGE('',*,*,#12845,.T.);
#12869 = ORIENTED_EDGE('',*,*,#10766,.F.);
#12870 = PLANE('',#12871);
#12871 = AXIS2_PLACEMENT_3D('',#12872,#12873,#12874);
#12872 = CARTESIAN_POINT('',(-0.165451180935,22.438744544983,2.75));
#12873 = DIRECTION('',(-0.23344383525,0.972370287382,0.));
#12874 = DIRECTION('',(0.972370287382,0.23344383525,0.));
#12875 = ADVANCED_FACE('',(#12876),#12887,.T.);
#12876 = FACE_BOUND('',#12877,.T.);
#12877 = EDGE_LOOP('',(#12878,#12884,#12885,#12886));
#12878 = ORIENTED_EDGE('',*,*,#12879,.F.);
#12879 = EDGE_CURVE('',#11754,#10751,#12880,.T.);
#12880 = LINE('',#12881,#12882);
#12881 = CARTESIAN_POINT('',(-0.607980799675,22.282012939453,5.5));
#12882 = VECTOR('',#12883,1.);
#12883 = DIRECTION('',(0.,0.,-1.));
#12884 = ORIENTED_EDGE('',*,*,#11753,.T.);
#12885 = ORIENTED_EDGE('',*,*,#12862,.T.);
#12886 = ORIENTED_EDGE('',*,*,#10758,.F.);
#12887 = PLANE('',#12888);
#12888 = AXIS2_PLACEMENT_3D('',#12889,#12890,#12891);
#12889 = CARTESIAN_POINT('',(-0.463007283211,22.342062950134,2.75));
#12890 = DIRECTION('',(-0.382683508391,0.92387950102,0.));
#12891 = DIRECTION('',(0.92387950102,0.382683508391,0.));
#12892 = ADVANCED_FACE('',(#12893),#12904,.T.);
#12893 = FACE_BOUND('',#12894,.T.);
#12894 = EDGE_LOOP('',(#12895,#12901,#12902,#12903));
#12895 = ORIENTED_EDGE('',*,*,#12896,.F.);
#12896 = EDGE_CURVE('',#11762,#10743,#12897,.T.);
#12897 = LINE('',#12898,#12899);
#12898 = CARTESIAN_POINT('',(-0.875570189953,22.118034362793,5.5));
#12899 = VECTOR('',#12900,1.);
#12900 = DIRECTION('',(0.,0.,-1.));
#12901 = ORIENTED_EDGE('',*,*,#11761,.T.);
#12902 = ORIENTED_EDGE('',*,*,#12879,.T.);
#12903 = ORIENTED_EDGE('',*,*,#10750,.F.);
#12904 = PLANE('',#12905);
#12905 = AXIS2_PLACEMENT_3D('',#12906,#12907,#12908);
#12906 = CARTESIAN_POINT('',(-0.741775494814,22.200023651123,2.75));
#12907 = DIRECTION('',(-0.522497608935,0.852640750056,0.));
#12908 = DIRECTION('',(0.852640750056,0.522497608935,0.));
#12909 = ADVANCED_FACE('',(#12910),#12921,.T.);
#12910 = FACE_BOUND('',#12911,.T.);
#12911 = EDGE_LOOP('',(#12912,#12918,#12919,#12920));
#12912 = ORIENTED_EDGE('',*,*,#12913,.F.);
#12913 = EDGE_CURVE('',#11770,#10735,#12914,.T.);
#12914 = LINE('',#12915,#12916);
#12915 = CARTESIAN_POINT('',(-1.114213478565,21.914213180542,5.5));
#12916 = VECTOR('',#12917,1.);
#12917 = DIRECTION('',(0.,0.,-1.));
#12918 = ORIENTED_EDGE('',*,*,#11769,.T.);
#12919 = ORIENTED_EDGE('',*,*,#12896,.T.);
#12920 = ORIENTED_EDGE('',*,*,#10742,.F.);
#12921 = PLANE('',#12922);
#12922 = AXIS2_PLACEMENT_3D('',#12923,#12924,#12925);
#12923 = CARTESIAN_POINT('',(-0.994891834259,22.016123771667,2.75));
#12924 = DIRECTION('',(-0.649449077744,0.760405086397,0.));
#12925 = DIRECTION('',(0.760405086397,0.649449077744,0.));
#12926 = ADVANCED_FACE('',(#12927),#12938,.T.);
#12927 = FACE_BOUND('',#12928,.T.);
#12928 = EDGE_LOOP('',(#12929,#12935,#12936,#12937));
#12929 = ORIENTED_EDGE('',*,*,#12930,.F.);
#12930 = EDGE_CURVE('',#11778,#10727,#12931,.T.);
#12931 = LINE('',#12932,#12933);
#12932 = CARTESIAN_POINT('',(-1.318033885956,21.675569534302,5.5));
#12933 = VECTOR('',#12934,1.);
#12934 = DIRECTION('',(0.,0.,-1.));
#12935 = ORIENTED_EDGE('',*,*,#11777,.T.);
#12936 = ORIENTED_EDGE('',*,*,#12913,.T.);
#12937 = ORIENTED_EDGE('',*,*,#10734,.F.);
#12938 = PLANE('',#12939);
#12939 = AXIS2_PLACEMENT_3D('',#12940,#12941,#12942);
#12940 = CARTESIAN_POINT('',(-1.216123682261,21.794891357422,2.75));
#12941 = DIRECTION('',(-0.760406786329,0.649447087379,0.));
#12942 = DIRECTION('',(-0.649447087379,-0.760406786329,0.));
#12943 = ADVANCED_FACE('',(#12944),#12955,.T.);
#12944 = FACE_BOUND('',#12945,.T.);
#12945 = EDGE_LOOP('',(#12946,#12952,#12953,#12954));
#12946 = ORIENTED_EDGE('',*,*,#12947,.F.);
#12947 = EDGE_CURVE('',#11786,#10719,#12948,.T.);
#12948 = LINE('',#12949,#12950);
#12949 = CARTESIAN_POINT('',(-1.48201277554,21.40797996521,5.5));
#12950 = VECTOR('',#12951,1.);
#12951 = DIRECTION('',(0.,0.,-1.));
#12952 = ORIENTED_EDGE('',*,*,#11785,.T.);
#12953 = ORIENTED_EDGE('',*,*,#12930,.T.);
#12954 = ORIENTED_EDGE('',*,*,#10726,.F.);
#12955 = PLANE('',#12956);
#12956 = AXIS2_PLACEMENT_3D('',#12957,#12958,#12959);
#12957 = CARTESIAN_POINT('',(-1.400023330748,21.541774749756,2.75));
#12958 = DIRECTION('',(-0.852640461397,0.522498079986,0.));
#12959 = DIRECTION('',(-0.522498079986,-0.852640461397,0.));
#12960 = ADVANCED_FACE('',(#12961),#12972,.T.);
#12961 = FACE_BOUND('',#12962,.T.);
#12962 = EDGE_LOOP('',(#12963,#12969,#12970,#12971));
#12963 = ORIENTED_EDGE('',*,*,#12964,.F.);
#12964 = EDGE_CURVE('',#11794,#10711,#12965,.T.);
#12965 = LINE('',#12966,#12967);
#12966 = CARTESIAN_POINT('',(-1.602112871408,21.118034362793,5.5));
#12967 = VECTOR('',#12968,1.);
#12968 = DIRECTION('',(0.,0.,-1.));
#12969 = ORIENTED_EDGE('',*,*,#11793,.T.);
#12970 = ORIENTED_EDGE('',*,*,#12947,.T.);
#12971 = ORIENTED_EDGE('',*,*,#10718,.F.);
#12972 = PLANE('',#12973);
#12973 = AXIS2_PLACEMENT_3D('',#12974,#12975,#12976);
#12974 = CARTESIAN_POINT('',(-1.542062823474,21.263007164001,2.75));
#12975 = DIRECTION('',(-0.923878749556,0.382685322582,0.));
#12976 = DIRECTION('',(-0.382685322582,-0.923878749556,0.));
#12977 = ADVANCED_FACE('',(#12978),#12989,.T.);
#12978 = FACE_BOUND('',#12979,.T.);
#12979 = EDGE_LOOP('',(#12980,#12986,#12987,#12988));
#12980 = ORIENTED_EDGE('',*,*,#12981,.F.);
#12981 = EDGE_CURVE('',#11802,#10703,#12982,.T.);
#12982 = LINE('',#12983,#12984);
#12983 = CARTESIAN_POINT('',(-1.675376296788,20.812870025635,5.5));
#12984 = VECTOR('',#12985,1.);
#12985 = DIRECTION('',(0.,0.,-1.));
#12986 = ORIENTED_EDGE('',*,*,#11801,.T.);
#12987 = ORIENTED_EDGE('',*,*,#12964,.T.);
#12988 = ORIENTED_EDGE('',*,*,#10710,.F.);
#12989 = PLANE('',#12990);
#12990 = AXIS2_PLACEMENT_3D('',#12991,#12992,#12993);
#12991 = CARTESIAN_POINT('',(-1.638744584098,20.965452194214,2.75));
#12992 = DIRECTION('',(-0.972369956563,0.233445213218,0.));
#12993 = DIRECTION('',(-0.233445213218,-0.972369956563,0.));
#12994 = ADVANCED_FACE('',(#12995),#13006,.T.);
#12995 = FACE_BOUND('',#12996,.T.);
#12996 = EDGE_LOOP('',(#12997,#13003,#13004,#13005));
#12997 = ORIENTED_EDGE('',*,*,#12998,.F.);
#12998 = EDGE_CURVE('',#11810,#10695,#12999,.T.);
#12999 = LINE('',#13000,#13001);
#13000 = CARTESIAN_POINT('',(-1.7,20.5,5.5));
#13001 = VECTOR('',#13002,1.);
#13002 = DIRECTION('',(0.,0.,-1.));
#13003 = ORIENTED_EDGE('',*,*,#11809,.T.);
#13004 = ORIENTED_EDGE('',*,*,#12981,.T.);
#13005 = ORIENTED_EDGE('',*,*,#10702,.F.);
#13006 = PLANE('',#13007);
#13007 = AXIS2_PLACEMENT_3D('',#13008,#13009,#13010);
#13008 = CARTESIAN_POINT('',(-1.687688148394,20.656435012817,2.75));
#13009 = DIRECTION('',(-0.996917259418,7.846003998807E-02,0.));
#13010 = DIRECTION('',(-7.846003998807E-02,-0.996917259418,0.));
#13011 = ADVANCED_FACE('',(#13012),#13023,.T.);
#13012 = FACE_BOUND('',#13013,.T.);
#13013 = EDGE_LOOP('',(#13014,#13015,#13021,#13022));
#13014 = ORIENTED_EDGE('',*,*,#10694,.F.);
#13015 = ORIENTED_EDGE('',*,*,#13016,.T.);
#13016 = EDGE_CURVE('',#10687,#11818,#13017,.T.);
#13017 = LINE('',#13018,#13019);
#13018 = CARTESIAN_POINT('',(-1.7,18.,8.572527703398E-16));
#13019 = VECTOR('',#13020,1.);
#13020 = DIRECTION('',(0.,0.,1.));
#13021 = ORIENTED_EDGE('',*,*,#11817,.T.);
#13022 = ORIENTED_EDGE('',*,*,#12998,.T.);
#13023 = PLANE('',#13024);
#13024 = AXIS2_PLACEMENT_3D('',#13025,#13026,#13027);
#13025 = CARTESIAN_POINT('',(-1.7,19.25,2.75));
#13026 = DIRECTION('',(-1.,-0.,-0.));
#13027 = DIRECTION('',(0.,0.,-1.));
#13028 = ADVANCED_FACE('',(#13029),#13040,.T.);
#13029 = FACE_BOUND('',#13030,.T.);
#13030 = EDGE_LOOP('',(#13031,#13032,#13033,#13039));
#13031 = ORIENTED_EDGE('',*,*,#13016,.F.);
#13032 = ORIENTED_EDGE('',*,*,#10686,.F.);
#13033 = ORIENTED_EDGE('',*,*,#13034,.T.);
#13034 = EDGE_CURVE('',#10679,#11826,#13035,.T.);
#13035 = LINE('',#13036,#13037);
#13036 = CARTESIAN_POINT('',(-1.675376296788,17.687129974365,
    8.673617379884E-16));
#13037 = VECTOR('',#13038,1.);
#13038 = DIRECTION('',(0.,0.,1.));
#13039 = ORIENTED_EDGE('',*,*,#11825,.T.);
#13040 = PLANE('',#13041);
#13041 = AXIS2_PLACEMENT_3D('',#13042,#13043,#13044);
#13042 = CARTESIAN_POINT('',(-1.687688148394,17.843564987183,2.75));
#13043 = DIRECTION('',(-0.996917259418,-7.846003998807E-02,-0.));
#13044 = DIRECTION('',(7.846003998807E-02,-0.996917259418,0.));
#13045 = ADVANCED_FACE('',(#13046),#13057,.T.);
#13046 = FACE_BOUND('',#13047,.T.);
#13047 = EDGE_LOOP('',(#13048,#13049,#13050,#13056));
#13048 = ORIENTED_EDGE('',*,*,#13034,.F.);
#13049 = ORIENTED_EDGE('',*,*,#10678,.F.);
#13050 = ORIENTED_EDGE('',*,*,#13051,.T.);
#13051 = EDGE_CURVE('',#10671,#11834,#13052,.T.);
#13052 = LINE('',#13053,#13054);
#13053 = CARTESIAN_POINT('',(-1.602112871408,17.381965637207,
    8.673617379884E-16));
#13054 = VECTOR('',#13055,1.);
#13055 = DIRECTION('',(0.,0.,1.));
#13056 = ORIENTED_EDGE('',*,*,#11833,.T.);
#13057 = PLANE('',#13058);
#13058 = AXIS2_PLACEMENT_3D('',#13059,#13060,#13061);
#13059 = CARTESIAN_POINT('',(-1.638744584098,17.534547805786,2.75));
#13060 = DIRECTION('',(-0.972369956563,-0.233445213218,-0.));
#13061 = DIRECTION('',(0.233445213218,-0.972369956563,0.));
#13062 = ADVANCED_FACE('',(#13063),#13074,.T.);
#13063 = FACE_BOUND('',#13064,.T.);
#13064 = EDGE_LOOP('',(#13065,#13066,#13067,#13073));
#13065 = ORIENTED_EDGE('',*,*,#13051,.F.);
#13066 = ORIENTED_EDGE('',*,*,#10670,.F.);
#13067 = ORIENTED_EDGE('',*,*,#13068,.T.);
#13068 = EDGE_CURVE('',#10663,#11842,#13069,.T.);
#13069 = LINE('',#13070,#13071);
#13070 = CARTESIAN_POINT('',(-1.48201277554,17.09202003479,
    8.673617379884E-16));
#13071 = VECTOR('',#13072,1.);
#13072 = DIRECTION('',(0.,0.,1.));
#13073 = ORIENTED_EDGE('',*,*,#11841,.T.);
#13074 = PLANE('',#13075);
#13075 = AXIS2_PLACEMENT_3D('',#13076,#13077,#13078);
#13076 = CARTESIAN_POINT('',(-1.542062823474,17.236992835999,2.75));
#13077 = DIRECTION('',(-0.923878749556,-0.382685322582,-0.));
#13078 = DIRECTION('',(0.382685322582,-0.923878749556,0.));
#13079 = ADVANCED_FACE('',(#13080),#13091,.T.);
#13080 = FACE_BOUND('',#13081,.T.);
#13081 = EDGE_LOOP('',(#13082,#13083,#13084,#13090));
#13082 = ORIENTED_EDGE('',*,*,#13068,.F.);
#13083 = ORIENTED_EDGE('',*,*,#10662,.F.);
#13084 = ORIENTED_EDGE('',*,*,#13085,.T.);
#13085 = EDGE_CURVE('',#10655,#11850,#13086,.T.);
#13086 = LINE('',#13087,#13088);
#13087 = CARTESIAN_POINT('',(-1.318033885956,16.824430465698,
    8.673617379884E-16));
#13088 = VECTOR('',#13089,1.);
#13089 = DIRECTION('',(0.,0.,1.));
#13090 = ORIENTED_EDGE('',*,*,#11849,.T.);
#13091 = PLANE('',#13092);
#13092 = AXIS2_PLACEMENT_3D('',#13093,#13094,#13095);
#13093 = CARTESIAN_POINT('',(-1.400023330748,16.958225250244,2.75));
#13094 = DIRECTION('',(-0.852640461397,-0.522498079986,-0.));
#13095 = DIRECTION('',(0.522498079986,-0.852640461397,0.));
#13096 = ADVANCED_FACE('',(#13097),#13108,.T.);
#13097 = FACE_BOUND('',#13098,.T.);
#13098 = EDGE_LOOP('',(#13099,#13100,#13101,#13107));
#13099 = ORIENTED_EDGE('',*,*,#13085,.F.);
#13100 = ORIENTED_EDGE('',*,*,#10654,.F.);
#13101 = ORIENTED_EDGE('',*,*,#13102,.T.);
#13102 = EDGE_CURVE('',#10647,#11858,#13103,.T.);
#13103 = LINE('',#13104,#13105);
#13104 = CARTESIAN_POINT('',(-1.114213478565,16.585786819458,
    8.673617379884E-16));
#13105 = VECTOR('',#13106,1.);
#13106 = DIRECTION('',(0.,0.,1.));
#13107 = ORIENTED_EDGE('',*,*,#11857,.T.);
#13108 = PLANE('',#13109);
#13109 = AXIS2_PLACEMENT_3D('',#13110,#13111,#13112);
#13110 = CARTESIAN_POINT('',(-1.216123682261,16.705108642578,2.75));
#13111 = DIRECTION('',(-0.760406786329,-0.649447087379,-0.));
#13112 = DIRECTION('',(0.649447087379,-0.760406786329,0.));
#13113 = ADVANCED_FACE('',(#13114),#13125,.T.);
#13114 = FACE_BOUND('',#13115,.T.);
#13115 = EDGE_LOOP('',(#13116,#13117,#13118,#13124));
#13116 = ORIENTED_EDGE('',*,*,#13102,.F.);
#13117 = ORIENTED_EDGE('',*,*,#10646,.F.);
#13118 = ORIENTED_EDGE('',*,*,#13119,.T.);
#13119 = EDGE_CURVE('',#10639,#11866,#13120,.T.);
#13120 = LINE('',#13121,#13122);
#13121 = CARTESIAN_POINT('',(-0.875570189953,16.381965637207,
    8.673617379884E-16));
#13122 = VECTOR('',#13123,1.);
#13123 = DIRECTION('',(0.,0.,1.));
#13124 = ORIENTED_EDGE('',*,*,#11865,.T.);
#13125 = PLANE('',#13126);
#13126 = AXIS2_PLACEMENT_3D('',#13127,#13128,#13129);
#13127 = CARTESIAN_POINT('',(-0.994891834259,16.483876228333,2.75));
#13128 = DIRECTION('',(-0.649449077744,-0.760405086397,-0.));
#13129 = DIRECTION('',(-0.760405086397,0.649449077744,0.));
#13130 = ADVANCED_FACE('',(#13131),#13142,.T.);
#13131 = FACE_BOUND('',#13132,.T.);
#13132 = EDGE_LOOP('',(#13133,#13134,#13135,#13141));
#13133 = ORIENTED_EDGE('',*,*,#13119,.F.);
#13134 = ORIENTED_EDGE('',*,*,#10638,.F.);
#13135 = ORIENTED_EDGE('',*,*,#13136,.T.);
#13136 = EDGE_CURVE('',#10631,#11874,#13137,.T.);
#13137 = LINE('',#13138,#13139);
#13138 = CARTESIAN_POINT('',(-0.607980799675,16.217987060547,
    8.673617379884E-16));
#13139 = VECTOR('',#13140,1.);
#13140 = DIRECTION('',(0.,0.,1.));
#13141 = ORIENTED_EDGE('',*,*,#11873,.T.);
#13142 = PLANE('',#13143);
#13143 = AXIS2_PLACEMENT_3D('',#13144,#13145,#13146);
#13144 = CARTESIAN_POINT('',(-0.741775494814,16.299976348877,2.75));
#13145 = DIRECTION('',(-0.522497608935,-0.852640750056,-0.));
#13146 = DIRECTION('',(-0.852640750056,0.522497608935,0.));
#13147 = ADVANCED_FACE('',(#13148),#13159,.T.);
#13148 = FACE_BOUND('',#13149,.T.);
#13149 = EDGE_LOOP('',(#13150,#13151,#13152,#13158));
#13150 = ORIENTED_EDGE('',*,*,#13136,.F.);
#13151 = ORIENTED_EDGE('',*,*,#10630,.F.);
#13152 = ORIENTED_EDGE('',*,*,#13153,.T.);
#13153 = EDGE_CURVE('',#10623,#11882,#13154,.T.);
#13154 = LINE('',#13155,#13156);
#13155 = CARTESIAN_POINT('',(-0.318033766747,16.097887039185,
    8.673617379884E-16));
#13156 = VECTOR('',#13157,1.);
#13157 = DIRECTION('',(0.,0.,1.));
#13158 = ORIENTED_EDGE('',*,*,#11881,.T.);
#13159 = PLANE('',#13160);
#13160 = AXIS2_PLACEMENT_3D('',#13161,#13162,#13163);
#13161 = CARTESIAN_POINT('',(-0.463007283211,16.157937049866,2.75));
#13162 = DIRECTION('',(-0.382683508391,-0.92387950102,-0.));
#13163 = DIRECTION('',(-0.92387950102,0.382683508391,0.));
#13164 = ADVANCED_FACE('',(#13165),#13176,.T.);
#13165 = FACE_BOUND('',#13166,.T.);
#13166 = EDGE_LOOP('',(#13167,#13168,#13169,#13175));
#13167 = ORIENTED_EDGE('',*,*,#13153,.F.);
#13168 = ORIENTED_EDGE('',*,*,#10622,.F.);
#13169 = ORIENTED_EDGE('',*,*,#13170,.T.);
#13170 = EDGE_CURVE('',#10615,#11890,#13171,.T.);
#13171 = LINE('',#13172,#13173);
#13172 = CARTESIAN_POINT('',(-1.286859512329E-02,16.02462387085,
    8.673617379884E-16));
#13173 = VECTOR('',#13174,1.);
#13174 = DIRECTION('',(0.,0.,1.));
#13175 = ORIENTED_EDGE('',*,*,#11889,.T.);
#13176 = PLANE('',#13177);
#13177 = AXIS2_PLACEMENT_3D('',#13178,#13179,#13180);
#13178 = CARTESIAN_POINT('',(-0.165451180935,16.061255455017,2.75));
#13179 = DIRECTION('',(-0.23344383525,-0.972370287382,-0.));
#13180 = DIRECTION('',(-0.972370287382,0.23344383525,0.));
#13181 = ADVANCED_FACE('',(#13182),#13193,.T.);
#13182 = FACE_BOUND('',#13183,.T.);
#13183 = EDGE_LOOP('',(#13184,#13185,#13186,#13192));
#13184 = ORIENTED_EDGE('',*,*,#13170,.F.);
#13185 = ORIENTED_EDGE('',*,*,#10614,.F.);
#13186 = ORIENTED_EDGE('',*,*,#13187,.F.);
#13187 = EDGE_CURVE('',#11898,#10607,#13188,.T.);
#13188 = LINE('',#13189,#13190);
#13189 = CARTESIAN_POINT('',(0.3,16.,5.5));
#13190 = VECTOR('',#13191,1.);
#13191 = DIRECTION('',(0.,0.,-1.));
#13192 = ORIENTED_EDGE('',*,*,#11897,.T.);
#13193 = PLANE('',#13194);
#13194 = AXIS2_PLACEMENT_3D('',#13195,#13196,#13197);
#13195 = CARTESIAN_POINT('',(0.143565702438,16.012311935425,2.75));
#13196 = DIRECTION('',(-7.84609273878E-02,-0.996917189577,-0.));
#13197 = DIRECTION('',(-0.996917189577,7.84609273878E-02,0.));
#13198 = ADVANCED_FACE('',(#13199),#13210,.T.);
#13199 = FACE_BOUND('',#13200,.T.);
#13200 = EDGE_LOOP('',(#13201,#13202,#13203,#13204));
#13201 = ORIENTED_EDGE('',*,*,#11905,.T.);
#13202 = ORIENTED_EDGE('',*,*,#13187,.T.);
#13203 = ORIENTED_EDGE('',*,*,#10606,.F.);
#13204 = ORIENTED_EDGE('',*,*,#13205,.T.);
#13205 = EDGE_CURVE('',#10599,#11906,#13206,.T.);
#13206 = LINE('',#13207,#13208);
#13207 = CARTESIAN_POINT('',(0.61286907196,15.97537612915,0.));
#13208 = VECTOR('',#13209,1.);
#13209 = DIRECTION('',(0.,0.,1.));
#13210 = PLANE('',#13211);
#13211 = AXIS2_PLACEMENT_3D('',#13212,#13213,#13214);
#13212 = CARTESIAN_POINT('',(0.45643453598,15.987688064575,2.75));
#13213 = DIRECTION('',(-7.84608085433E-02,-0.99691719893,-0.));
#13214 = DIRECTION('',(-0.99691719893,7.84608085433E-02,0.));
#13215 = ADVANCED_FACE('',(#13216),#13227,.T.);
#13216 = FACE_BOUND('',#13217,.T.);
#13217 = EDGE_LOOP('',(#13218,#13219,#13220,#13226));
#13218 = ORIENTED_EDGE('',*,*,#13205,.F.);
#13219 = ORIENTED_EDGE('',*,*,#10598,.F.);
#13220 = ORIENTED_EDGE('',*,*,#13221,.T.);
#13221 = EDGE_CURVE('',#10591,#11914,#13222,.T.);
#13222 = LINE('',#13223,#13224);
#13223 = CARTESIAN_POINT('',(0.918034124374,15.902112960815,0.));
#13224 = VECTOR('',#13225,1.);
#13225 = DIRECTION('',(0.,0.,1.));
#13226 = ORIENTED_EDGE('',*,*,#11913,.T.);
#13227 = PLANE('',#13228);
#13228 = AXIS2_PLACEMENT_3D('',#13229,#13230,#13231);
#13229 = CARTESIAN_POINT('',(0.765451598167,15.938744544983,2.75));
#13230 = DIRECTION('',(-0.233443921472,-0.972370266682,-0.));
#13231 = DIRECTION('',(-0.972370266682,0.233443921472,0.));
#13232 = ADVANCED_FACE('',(#13233),#13244,.T.);
#13233 = FACE_BOUND('',#13234,.T.);
#13234 = EDGE_LOOP('',(#13235,#13236,#13237,#13243));
#13235 = ORIENTED_EDGE('',*,*,#13221,.F.);
#13236 = ORIENTED_EDGE('',*,*,#10590,.F.);
#13237 = ORIENTED_EDGE('',*,*,#13238,.T.);
#13238 = EDGE_CURVE('',#10583,#11922,#13239,.T.);
#13239 = LINE('',#13240,#13241);
#13240 = CARTESIAN_POINT('',(1.207981157303,15.782013893127,0.));
#13241 = VECTOR('',#13242,1.);
#13242 = DIRECTION('',(0.,0.,1.));
#13243 = ORIENTED_EDGE('',*,*,#11921,.T.);
#13244 = PLANE('',#13245);
#13245 = AXIS2_PLACEMENT_3D('',#13246,#13247,#13248);
#13246 = CARTESIAN_POINT('',(1.063007640839,15.842063426971,2.75));
#13247 = DIRECTION('',(-0.382680914641,-0.923880575383,-0.));
#13248 = DIRECTION('',(-0.923880575383,0.382680914641,0.));
#13249 = ADVANCED_FACE('',(#13250),#13261,.T.);
#13250 = FACE_BOUND('',#13251,.T.);
#13251 = EDGE_LOOP('',(#13252,#13253,#13254,#13260));
#13252 = ORIENTED_EDGE('',*,*,#13238,.F.);
#13253 = ORIENTED_EDGE('',*,*,#10582,.F.);
#13254 = ORIENTED_EDGE('',*,*,#13255,.T.);
#13255 = EDGE_CURVE('',#10575,#11930,#13256,.T.);
#13256 = LINE('',#13257,#13258);
#13257 = CARTESIAN_POINT('',(1.475570726395,15.618033409119,0.));
#13258 = VECTOR('',#13259,1.);
#13259 = DIRECTION('',(0.,0.,1.));
#13260 = ORIENTED_EDGE('',*,*,#11929,.T.);
#13261 = PLANE('',#13262);
#13262 = AXIS2_PLACEMENT_3D('',#13263,#13264,#13265);
#13263 = CARTESIAN_POINT('',(1.341775941849,15.700023651123,2.75));
#13264 = DIRECTION('',(-0.522501773424,-0.852638198047,-0.));
#13265 = DIRECTION('',(-0.852638198047,0.522501773424,0.));
#13266 = ADVANCED_FACE('',(#13267),#13278,.T.);
#13267 = FACE_BOUND('',#13268,.T.);
#13268 = EDGE_LOOP('',(#13269,#13270,#13271,#13277));
#13269 = ORIENTED_EDGE('',*,*,#13255,.F.);
#13270 = ORIENTED_EDGE('',*,*,#10574,.F.);
#13271 = ORIENTED_EDGE('',*,*,#13272,.T.);
#13272 = EDGE_CURVE('',#10567,#11938,#13273,.T.);
#13273 = LINE('',#13274,#13275);
#13274 = CARTESIAN_POINT('',(1.714213657379,15.414214134216,0.));
#13275 = VECTOR('',#13276,1.);
#13276 = DIRECTION('',(0.,0.,1.));
#13277 = ORIENTED_EDGE('',*,*,#11937,.T.);
#13278 = PLANE('',#13279);
#13279 = AXIS2_PLACEMENT_3D('',#13280,#13281,#13282);
#13280 = CARTESIAN_POINT('',(1.594892191887,15.516123771667,2.75));
#13281 = DIRECTION('',(-0.649446126362,-0.760407607111,-0.));
#13282 = DIRECTION('',(-0.760407607111,0.649446126362,0.));
#13283 = ADVANCED_FACE('',(#13284),#13295,.T.);
#13284 = FACE_BOUND('',#13285,.T.);
#13285 = EDGE_LOOP('',(#13286,#13287,#13288,#13294));
#13286 = ORIENTED_EDGE('',*,*,#13272,.F.);
#13287 = ORIENTED_EDGE('',*,*,#10566,.F.);
#13288 = ORIENTED_EDGE('',*,*,#13289,.T.);
#13289 = EDGE_CURVE('',#10559,#11946,#13290,.T.);
#13290 = LINE('',#13291,#13292);
#13291 = CARTESIAN_POINT('',(1.918034124374,15.175570487976,0.));
#13292 = VECTOR('',#13293,1.);
#13293 = DIRECTION('',(0.,0.,1.));
#13294 = ORIENTED_EDGE('',*,*,#11945,.T.);
#13295 = PLANE('',#13296);
#13296 = AXIS2_PLACEMENT_3D('',#13297,#13298,#13299);
#13297 = CARTESIAN_POINT('',(1.816123890877,15.294892311096,2.75));
#13298 = DIRECTION('',(-0.760406692537,-0.649447197195,-0.));
#13299 = DIRECTION('',(0.649447197195,-0.760406692537,0.));
#13300 = ADVANCED_FACE('',(#13301),#13312,.T.);
#13301 = FACE_BOUND('',#13302,.T.);
#13302 = EDGE_LOOP('',(#13303,#13304,#13305,#13311));
#13303 = ORIENTED_EDGE('',*,*,#13289,.F.);
#13304 = ORIENTED_EDGE('',*,*,#10558,.F.);
#13305 = ORIENTED_EDGE('',*,*,#13306,.T.);
#13306 = EDGE_CURVE('',#10551,#11954,#13307,.T.);
#13307 = LINE('',#13308,#13309);
#13308 = CARTESIAN_POINT('',(2.082013177872,14.907980918884,0.));
#13309 = VECTOR('',#13310,1.);
#13310 = DIRECTION('',(0.,0.,1.));
#13311 = ORIENTED_EDGE('',*,*,#11953,.T.);
#13312 = PLANE('',#13313);
#13313 = AXIS2_PLACEMENT_3D('',#13314,#13315,#13316);
#13314 = CARTESIAN_POINT('',(2.000023651123,15.04177570343,2.75));
#13315 = DIRECTION('',(-0.852640228716,-0.522498459686,-0.));
#13316 = DIRECTION('',(0.522498459686,-0.852640228716,0.));
#13317 = ADVANCED_FACE('',(#13318),#13329,.T.);
#13318 = FACE_BOUND('',#13319,.T.);
#13319 = EDGE_LOOP('',(#13320,#13321,#13322,#13328));
#13320 = ORIENTED_EDGE('',*,*,#13306,.F.);
#13321 = ORIENTED_EDGE('',*,*,#10550,.F.);
#13322 = ORIENTED_EDGE('',*,*,#13323,.T.);
#13323 = EDGE_CURVE('',#10543,#11962,#13324,.T.);
#13324 = LINE('',#13325,#13326);
#13325 = CARTESIAN_POINT('',(2.202113199234,14.618033409119,0.));
#13326 = VECTOR('',#13327,1.);
#13327 = DIRECTION('',(0.,0.,1.));
#13328 = ORIENTED_EDGE('',*,*,#11961,.T.);
#13329 = PLANE('',#13330);
#13330 = AXIS2_PLACEMENT_3D('',#13331,#13332,#13333);
#13331 = CARTESIAN_POINT('',(2.142063188553,14.763007164001,2.75));
#13332 = DIRECTION('',(-0.923879723528,-0.38268297121,-0.));
#13333 = DIRECTION('',(0.38268297121,-0.923879723528,0.));
#13334 = ADVANCED_FACE('',(#13335),#13341,.T.);
#13335 = FACE_BOUND('',#13336,.T.);
#13336 = EDGE_LOOP('',(#13337,#13338,#13339,#13340));
#13337 = ORIENTED_EDGE('',*,*,#13323,.F.);
#13338 = ORIENTED_EDGE('',*,*,#10542,.F.);
#13339 = ORIENTED_EDGE('',*,*,#11991,.T.);
#13340 = ORIENTED_EDGE('',*,*,#11969,.T.);
#13341 = PLANE('',#13342);
#13342 = AXIS2_PLACEMENT_3D('',#13343,#13344,#13345);
#13343 = CARTESIAN_POINT('',(2.23874502182,14.46545124054,2.75));
#13344 = DIRECTION('',(-0.972369797588,-0.233445875393,-0.));
#13345 = DIRECTION('',(0.233445875393,-0.972369797588,0.));
#13346 = ADVANCED_FACE('',(#13347),#13357,.T.);
#13347 = FACE_BOUND('',#13348,.T.);
#13348 = EDGE_LOOP('',(#13349,#13350,#13356));
#13349 = ORIENTED_EDGE('',*,*,#12122,.F.);
#13350 = ORIENTED_EDGE('',*,*,#13351,.F.);
#13351 = EDGE_CURVE('',#10912,#9753,#13352,.T.);
#13352 = LINE('',#13353,#13354);
#13353 = CARTESIAN_POINT('',(28.07498550415,72.1484375,
    4.326208680868E-02));
#13354 = VECTOR('',#13355,1.);
#13355 = DIRECTION('',(5.637595111966E-04,-4.544591978014E-04,
    0.999999737821));
#13356 = ORIENTED_EDGE('',*,*,#10911,.F.);
#13357 = PLANE('',#13358);
#13358 = AXIS2_PLACEMENT_3D('',#13359,#13360,#13361);
#13359 = CARTESIAN_POINT('',(28.035917483249,72.088640204755,
    7.919317086969));
#13360 = DIRECTION('',(-0.790828013726,0.612038012344,7.239833083859E-04
    ));
#13361 = DIRECTION('',(-0.612038172744,-0.790828220983,
    -2.61915195371E-20));
#13362 = ADVANCED_FACE('',(#13363),#13380,.T.);
#13363 = FACE_BOUND('',#13364,.T.);
#13364 = EDGE_LOOP('',(#13365,#13373,#13374));
#13365 = ORIENTED_EDGE('',*,*,#13366,.T.);
#13366 = EDGE_CURVE('',#13367,#6528,#13369,.T.);
#13367 = VERTEX_POINT('',#13368);
#13368 = CARTESIAN_POINT('',(28.545951843262,72.756843566895,
    0.161524474621));
#13369 = LINE('',#13370,#13371);
#13370 = CARTESIAN_POINT('',(28.545951843262,72.756843566895,
    0.161524474621));
#13371 = VECTOR('',#13372,1.);
#13372 = DIRECTION('',(0.954885670349,-0.291517412521,
    -5.666528707284E-02));
#13373 = ORIENTED_EDGE('',*,*,#10919,.F.);
#13374 = ORIENTED_EDGE('',*,*,#13375,.T.);
#13375 = EDGE_CURVE('',#10912,#13367,#13376,.T.);
#13376 = LINE('',#13377,#13378);
#13377 = CARTESIAN_POINT('',(28.07498550415,72.1484375,
    4.326208680868E-02));
#13378 = VECTOR('',#13379,1.);
#13379 = DIRECTION('',(0.605020815962,0.781580984585,0.151924246872));
#13380 = PLANE('',#13381);
#13381 = AXIS2_PLACEMENT_3D('',#13382,#13383,#13384);
#13382 = CARTESIAN_POINT('',(29.614587101302,72.211472166061,
    5.551489315358E-02));
#13383 = DIRECTION('',(5.583751145654E-08,0.190809308894,-0.981627122506
    ));
#13384 = DIRECTION('',(9.535930120707E-25,-0.981627122506,
    -0.190809308894));
#13385 = ADVANCED_FACE('',(#13386),#13403,.T.);
#13386 = FACE_BOUND('',#13387,.T.);
#13387 = EDGE_LOOP('',(#13388,#13396,#13402));
#13388 = ORIENTED_EDGE('',*,*,#13389,.F.);
#13389 = EDGE_CURVE('',#13390,#10934,#13392,.T.);
#13390 = VERTEX_POINT('',#13391);
#13391 = CARTESIAN_POINT('',(28.263185501099,92.159065246582,
    3.976272344589));
#13392 = LINE('',#13393,#13394);
#13393 = CARTESIAN_POINT('',(28.263185501099,92.159065246582,
    3.976272344589));
#13394 = VECTOR('',#13395,1.);
#13395 = DIRECTION('',(-0.858550759706,-0.482322053435,-0.173942604841)
  );
#13396 = ORIENTED_EDGE('',*,*,#13397,.F.);
#13397 = EDGE_CURVE('',#6536,#13390,#13398,.T.);
#13398 = LINE('',#13399,#13400);
#13399 = CARTESIAN_POINT('',(31.376440048218,71.916152954102,
    -3.903127820948E-15));
#13400 = VECTOR('',#13401,1.);
#13401 = DIRECTION('',(-0.149221353942,0.970262705569,0.1905866462));
#13402 = ORIENTED_EDGE('',*,*,#10933,.F.);
#13403 = PLANE('',#13404);
#13404 = AXIS2_PLACEMENT_3D('',#13405,#13406,#13407);
#13405 = CARTESIAN_POINT('',(29.682863038774,82.101927480513,
    1.989981192622));
#13406 = DIRECTION('',(8.282369160018E-02,0.204331948437,-0.975391557764
    ));
#13407 = DIRECTION('',(8.77518481498E-19,-0.978754346534,-0.205036409303
    ));
#13408 = ADVANCED_FACE('',(#13409),#13426,.T.);
#13409 = FACE_BOUND('',#13410,.T.);
#13410 = EDGE_LOOP('',(#13411,#13419,#13425));
#13411 = ORIENTED_EDGE('',*,*,#13412,.T.);
#13412 = EDGE_CURVE('',#6528,#13413,#13415,.T.);
#13413 = VERTEX_POINT('',#13414);
#13414 = CARTESIAN_POINT('',(29.409498214722,77.026664733887,
    0.991494417191));
#13415 = LINE('',#13416,#13417);
#13416 = CARTESIAN_POINT('',(31.267854690552,71.925872802734,0.));
#13417 = VECTOR('',#13418,1.);
#13418 = DIRECTION('',(-0.33674594423,0.924295751389,0.179665057839));
#13419 = ORIENTED_EDGE('',*,*,#13420,.F.);
#13420 = EDGE_CURVE('',#10934,#13413,#13421,.T.);
#13421 = LINE('',#13422,#13423);
#13422 = CARTESIAN_POINT('',(27.7991771698,91.898391723633,
    3.882264137268));
#13423 = VECTOR('',#13424,1.);
#13424 = DIRECTION('',(0.105695891989,-0.976128613955,-0.18974010497));
#13425 = ORIENTED_EDGE('',*,*,#10942,.F.);
#13426 = PLANE('',#13427);
#13427 = AXIS2_PLACEMENT_3D('',#13428,#13429,#13430);
#13428 = CARTESIAN_POINT('',(29.29886573172,81.859491757935,
    1.930900035419));
#13429 = DIRECTION('',(-9.815396216328E-07,0.190808818574,
    -0.981627217814));
#13430 = DIRECTION('',(3.254469209042E-23,-0.981627217815,
    -0.190808818574));
#13431 = ADVANCED_FACE('',(#13432),#13442,.T.);
#13432 = FACE_BOUND('',#13433,.T.);
#13433 = EDGE_LOOP('',(#13434,#13440,#13441));
#13434 = ORIENTED_EDGE('',*,*,#13435,.F.);
#13435 = EDGE_CURVE('',#10957,#13390,#13436,.T.);
#13436 = LINE('',#13437,#13438);
#13437 = CARTESIAN_POINT('',(28.269260406494,92.162483215332,
    3.978749752045));
#13438 = VECTOR('',#13439,1.);
#13439 = DIRECTION('',(-0.821199137277,-0.462037316798,-0.334893258848)
  );
#13440 = ORIENTED_EDGE('',*,*,#10956,.F.);
#13441 = ORIENTED_EDGE('',*,*,#13397,.T.);
#13442 = PLANE('',#13443);
#13443 = AXIS2_PLACEMENT_3D('',#13444,#13445,#13446);
#13444 = CARTESIAN_POINT('',(29.821055972986,82.040257765642,
    1.989108060995));
#13445 = DIRECTION('',(0.257197125797,0.224196288351,-0.939992373783));
#13446 = DIRECTION('',(-0.964545844714,-5.280362887604E-18,
    -0.263915352804));
#13447 = ADVANCED_FACE('',(#13448),#13465,.T.);
#13448 = FACE_BOUND('',#13449,.T.);
#13449 = EDGE_LOOP('',(#13450,#13451,#13459));
#13450 = ORIENTED_EDGE('',*,*,#10980,.T.);
#13451 = ORIENTED_EDGE('',*,*,#13452,.F.);
#13452 = EDGE_CURVE('',#13453,#6656,#13455,.T.);
#13453 = VERTEX_POINT('',#13454);
#13454 = CARTESIAN_POINT('',(29.53849029541,97.573989868164,
    6.807907104492));
#13455 = LINE('',#13456,#13457);
#13456 = CARTESIAN_POINT('',(29.53849029541,97.573989868164,
    6.807907104492));
#13457 = VECTOR('',#13458,1.);
#13458 = DIRECTION('',(0.16538657636,-0.967029811166,-0.193650780209));
#13459 = ORIENTED_EDGE('',*,*,#13460,.F.);
#13460 = EDGE_CURVE('',#9792,#13453,#13461,.T.);
#13461 = LINE('',#13462,#13463);
#13462 = CARTESIAN_POINT('',(29.573463439941,97.592552185059,
    6.929570674896));
#13463 = VECTOR('',#13464,1.);
#13464 = DIRECTION('',(-0.273346966536,-0.145081406977,-0.950911573826)
  );
#13465 = PLANE('',#13466);
#13466 = AXIS2_PLACEMENT_3D('',#13467,#13468,#13469);
#13467 = CARTESIAN_POINT('',(32.449107349107,80.611249799546,
    3.440619891948));
#13468 = DIRECTION('',(0.928393586231,0.218909462988,-0.300273202366));
#13469 = DIRECTION('',(0.307737317061,3.229458419602E-18,0.951471357261)
  );
#13470 = ADVANCED_FACE('',(#13471),#13481,.T.);
#13471 = FACE_BOUND('',#13472,.T.);
#13472 = EDGE_LOOP('',(#13473,#13474,#13475));
#13473 = ORIENTED_EDGE('',*,*,#11017,.T.);
#13474 = ORIENTED_EDGE('',*,*,#11064,.F.);
#13475 = ORIENTED_EDGE('',*,*,#13476,.F.);
#13476 = EDGE_CURVE('',#11018,#11057,#13477,.T.);
#13477 = LINE('',#13478,#13479);
#13478 = CARTESIAN_POINT('',(29.393474578857,97.466354370117,
    6.461074829102));
#13479 = VECTOR('',#13480,1.);
#13480 = DIRECTION('',(-0.37082262924,-0.275137451263,-0.887011815342));
#13481 = PLANE('',#13482);
#13482 = AXIS2_PLACEMENT_3D('',#13483,#13484,#13485);
#13483 = CARTESIAN_POINT('',(32.259211123881,80.905256039383,
    3.225646110269));
#13484 = DIRECTION('',(0.868519324593,0.235494174039,-0.436138368871));
#13485 = DIRECTION('',(0.448759385266,-5.213240034601E-18,0.893652624981
    ));
#13486 = ADVANCED_FACE('',(#13487),#13497,.T.);
#13487 = FACE_BOUND('',#13488,.T.);
#13488 = EDGE_LOOP('',(#13489,#13490,#13496));
#13489 = ORIENTED_EDGE('',*,*,#11025,.F.);
#13490 = ORIENTED_EDGE('',*,*,#13491,.F.);
#13491 = EDGE_CURVE('',#13453,#11018,#13492,.T.);
#13492 = LINE('',#13493,#13494);
#13493 = CARTESIAN_POINT('',(29.53849029541,97.573989868164,
    6.807907104492));
#13494 = VECTOR('',#13495,1.);
#13495 = DIRECTION('',(-0.370851941705,-0.275258671239,-0.886961950278)
  );
#13496 = ORIENTED_EDGE('',*,*,#13452,.T.);
#13497 = PLANE('',#13498);
#13498 = AXIS2_PLACEMENT_3D('',#13499,#13500,#13501);
#13499 = CARTESIAN_POINT('',(32.393129689366,80.642942611919,
    3.335808714893));
#13500 = DIRECTION('',(0.868349617677,0.235874375939,-0.436270810685));
#13501 = DIRECTION('',(0.448938251947,1.519293572011E-17,0.893562782315)
  );
#13502 = ADVANCED_FACE('',(#13503),#13520,.T.);
#13503 = FACE_BOUND('',#13504,.T.);
#13504 = EDGE_LOOP('',(#13505,#13506,#13514));
#13505 = ORIENTED_EDGE('',*,*,#11056,.T.);
#13506 = ORIENTED_EDGE('',*,*,#13507,.F.);
#13507 = EDGE_CURVE('',#13508,#6640,#13510,.T.);
#13508 = VERTEX_POINT('',#13509);
#13509 = CARTESIAN_POINT('',(29.353380203247,97.436599731445,
    6.365180492401));
#13510 = LINE('',#13511,#13512);
#13511 = CARTESIAN_POINT('',(29.353380203247,97.436599731445,
    6.365180492401));
#13512 = VECTOR('',#13513,1.);
#13513 = DIRECTION('',(0.164010451485,-0.967196483799,-0.193988488138));
#13514 = ORIENTED_EDGE('',*,*,#13515,.F.);
#13515 = EDGE_CURVE('',#11057,#13508,#13516,.T.);
#13516 = LINE('',#13517,#13518);
#13517 = CARTESIAN_POINT('',(29.383089065552,97.458648681641,
    6.436232566833));
#13518 = VECTOR('',#13519,1.);
#13519 = DIRECTION('',(-0.370863633652,-0.275242912494,-0.886961952034)
  );
#13520 = PLANE('',#13521);
#13521 = AXIS2_PLACEMENT_3D('',#13522,#13523,#13524);
#13522 = CARTESIAN_POINT('',(32.048309049261,81.593557701607,
    3.204261549081));
#13523 = DIRECTION('',(0.868732282513,0.234780953116,-0.436098756446));
#13524 = DIRECTION('',(0.448638977036,-5.433765571156E-18,0.893713079396
    ));
#13525 = ADVANCED_FACE('',(#13526),#13536,.T.);
#13526 = FACE_BOUND('',#13527,.T.);
#13527 = EDGE_LOOP('',(#13528,#13534,#13535));
#13528 = ORIENTED_EDGE('',*,*,#13529,.F.);
#13529 = EDGE_CURVE('',#11118,#10957,#13530,.T.);
#13530 = LINE('',#13531,#13532);
#13531 = CARTESIAN_POINT('',(28.722337722778,92.417015075684,
    4.163497924805));
#13532 = VECTOR('',#13533,1.);
#13533 = DIRECTION('',(-0.821475401827,-0.461492232661,-0.334967287039)
  );
#13534 = ORIENTED_EDGE('',*,*,#11117,.F.);
#13535 = ORIENTED_EDGE('',*,*,#11079,.T.);
#13536 = PLANE('',#13537);
#13537 = AXIS2_PLACEMENT_3D('',#13538,#13539,#13540);
#13538 = CARTESIAN_POINT('',(30.166148425674,82.103289597537,
    2.061795882845));
#13539 = DIRECTION('',(0.25550967305,0.22726139579,-0.939716481159));
#13540 = DIRECTION('',(-0.964965979948,-1.53126304482E-18,-0.26237503224
    ));
#13541 = ADVANCED_FACE('',(#13542),#13552,.T.);
#13542 = FACE_BOUND('',#13543,.T.);
#13543 = EDGE_LOOP('',(#13544,#13545,#13546));
#13544 = ORIENTED_EDGE('',*,*,#11095,.T.);
#13545 = ORIENTED_EDGE('',*,*,#11149,.F.);
#13546 = ORIENTED_EDGE('',*,*,#13547,.F.);
#13547 = EDGE_CURVE('',#11096,#11142,#13548,.T.);
#13548 = LINE('',#13549,#13550);
#13549 = CARTESIAN_POINT('',(29.139627456665,97.250961303711,
    5.992823600769));
#13550 = VECTOR('',#13551,1.);
#13551 = DIRECTION('',(-0.45692633292,-0.397109383236,-0.795941244082));
#13552 = PLANE('',#13553);
#13553 = AXIS2_PLACEMENT_3D('',#13554,#13555,#13556);
#13554 = CARTESIAN_POINT('',(31.798611274162,81.875814296652,
    2.992711310832));
#13555 = DIRECTION('',(0.782095089173,0.246900011992,-0.572160515564));
#13556 = DIRECTION('',(0.590439969615,-2.26952161096E-17,0.80708155863)
  );
#13557 = ADVANCED_FACE('',(#13558),#13568,.T.);
#13558 = FACE_BOUND('',#13559,.T.);
#13559 = EDGE_LOOP('',(#13560,#13561,#13567));
#13560 = ORIENTED_EDGE('',*,*,#11103,.F.);
#13561 = ORIENTED_EDGE('',*,*,#13562,.F.);
#13562 = EDGE_CURVE('',#13508,#11096,#13563,.T.);
#13563 = LINE('',#13564,#13565);
#13564 = CARTESIAN_POINT('',(29.353380203247,97.436599731445,
    6.365180492401));
#13565 = VECTOR('',#13566,1.);
#13566 = DIRECTION('',(-0.456968789485,-0.396864924359,-0.796038791297)
  );
#13567 = ORIENTED_EDGE('',*,*,#13507,.T.);
#13568 = PLANE('',#13569);
#13569 = AXIS2_PLACEMENT_3D('',#13570,#13571,#13572);
#13570 = CARTESIAN_POINT('',(31.971398865532,81.634779540685,
    3.111740338043));
#13571 = DIRECTION('',(0.781929729261,0.247356936891,-0.572189168256));
#13572 = DIRECTION('',(0.590540554195,-1.94722644656E-18,0.807007963933)
  );
#13573 = ADVANCED_FACE('',(#13574),#13591,.T.);
#13574 = FACE_BOUND('',#13575,.T.);
#13575 = EDGE_LOOP('',(#13576,#13577,#13585));
#13576 = ORIENTED_EDGE('',*,*,#11141,.T.);
#13577 = ORIENTED_EDGE('',*,*,#13578,.F.);
#13578 = EDGE_CURVE('',#13579,#6624,#13581,.T.);
#13579 = VERTEX_POINT('',#13580);
#13580 = CARTESIAN_POINT('',(29.093952178955,97.211296081543,
    5.913259506226));
#13581 = LINE('',#13582,#13583);
#13582 = CARTESIAN_POINT('',(29.093952178955,97.211296081543,
    5.913259506226));
#13583 = VECTOR('',#13584,1.);
#13584 = DIRECTION('',(0.16331158526,-0.967497172656,-0.193076531516));
#13585 = ORIENTED_EDGE('',*,*,#13586,.F.);
#13586 = EDGE_CURVE('',#11142,#13579,#13587,.T.);
#13587 = LINE('',#13588,#13589);
#13588 = CARTESIAN_POINT('',(29.128496170044,97.241287231445,
    5.973433494568));
#13589 = VECTOR('',#13590,1.);
#13590 = DIRECTION('',(-0.456998859358,-0.396767161645,-0.796070261966)
  );
#13591 = PLANE('',#13592);
#13592 = AXIS2_PLACEMENT_3D('',#13593,#13594,#13595);
#13593 = CARTESIAN_POINT('',(31.600354787559,82.421528536094,
    2.975342403613));
#13594 = DIRECTION('',(0.78248824496,0.246215993353,-0.571917678619));
#13595 = DIRECTION('',(0.590083405891,9.130647143932E-18,0.807342290538)
  );
#13596 = ADVANCED_FACE('',(#13597),#13607,.T.);
#13597 = FACE_BOUND('',#13598,.T.);
#13598 = EDGE_LOOP('',(#13599,#13600,#13601));
#13599 = ORIENTED_EDGE('',*,*,#11180,.T.);
#13600 = ORIENTED_EDGE('',*,*,#11227,.F.);
#13601 = ORIENTED_EDGE('',*,*,#13602,.F.);
#13602 = EDGE_CURVE('',#11181,#11220,#13603,.T.);
#13603 = LINE('',#13604,#13605);
#13604 = CARTESIAN_POINT('',(28.827436447144,96.956260681152,
    5.57021856308));
#13605 = VECTOR('',#13606,1.);
#13606 = DIRECTION('',(-0.52914717138,-0.506083936629,-0.681089069143));
#13607 = PLANE('',#13608);
#13608 = AXIS2_PLACEMENT_3D('',#13609,#13610,#13611);
#13609 = CARTESIAN_POINT('',(31.300979293732,82.657331905839,
    2.782592762329));
#13610 = DIRECTION('',(0.664442895624,0.252097373117,-0.703535750991));
#13611 = DIRECTION('',(-0.727017039879,4.101614214917E-19,
    -0.686619416945));
#13612 = ADVANCED_FACE('',(#13613),#13623,.T.);
#13613 = FACE_BOUND('',#13614,.T.);
#13614 = EDGE_LOOP('',(#13615,#13616,#13622));
#13615 = ORIENTED_EDGE('',*,*,#11188,.F.);
#13616 = ORIENTED_EDGE('',*,*,#13617,.F.);
#13617 = EDGE_CURVE('',#13579,#11181,#13618,.T.);
#13618 = LINE('',#13619,#13620);
#13619 = CARTESIAN_POINT('',(29.093952178955,97.211296081543,
    5.913259506226));
#13620 = VECTOR('',#13621,1.);
#13621 = DIRECTION('',(-0.529077334706,-0.506286998434,-0.68099240019));
#13622 = ORIENTED_EDGE('',*,*,#13578,.T.);
#13623 = PLANE('',#13624);
#13624 = AXIS2_PLACEMENT_3D('',#13625,#13626,#13627);
#13625 = CARTESIAN_POINT('',(31.507410599241,82.453133193163,
    2.894759720932));
#13626 = DIRECTION('',(0.664102568242,0.252531838533,-0.703701250092));
#13627 = DIRECTION('',(-0.727273203443,-1.799282060163E-17,
    -0.686348080462));
#13628 = ADVANCED_FACE('',(#13629),#13639,.T.);
#13629 = FACE_BOUND('',#13630,.T.);
#13630 = EDGE_LOOP('',(#13631,#13637,#13638));
#13631 = ORIENTED_EDGE('',*,*,#13632,.F.);
#13632 = EDGE_CURVE('',#11242,#11118,#13633,.T.);
#13633 = LINE('',#13634,#13635);
#13634 = CARTESIAN_POINT('',(28.759929656982,92.438133239746,
    4.178826332092));
#13635 = VECTOR('',#13636,1.);
#13636 = DIRECTION('',(-0.821479924943,-0.461485906386,-0.334964910285)
  );
#13637 = ORIENTED_EDGE('',*,*,#11241,.F.);
#13638 = ORIENTED_EDGE('',*,*,#11203,.T.);
#13639 = PLANE('',#13640);
#13640 = AXIS2_PLACEMENT_3D('',#13641,#13642,#13643);
#13641 = CARTESIAN_POINT('',(30.777731655933,81.435808137613,
    2.087676466874));
#13642 = DIRECTION('',(0.256456312417,0.225664269779,-0.939843496103));
#13643 = DIRECTION('',(-0.964728542437,-6.751531987518E-18,
    -0.26324672725));
#13644 = ADVANCED_FACE('',(#13645),#13662,.T.);
#13645 = FACE_BOUND('',#13646,.T.);
#13646 = EDGE_LOOP('',(#13647,#13648,#13656));
#13647 = ORIENTED_EDGE('',*,*,#11219,.T.);
#13648 = ORIENTED_EDGE('',*,*,#13649,.F.);
#13649 = EDGE_CURVE('',#13650,#6608,#13652,.T.);
#13650 = VERTEX_POINT('',#13651);
#13651 = CARTESIAN_POINT('',(28.748277664185,96.880516052246,
    5.468331813812));
#13652 = LINE('',#13653,#13654);
#13653 = CARTESIAN_POINT('',(28.748277664185,96.880516052246,
    5.468331813812));
#13654 = VECTOR('',#13655,1.);
#13655 = DIRECTION('',(0.164232543708,-0.967761511706,-0.19095896954));
#13656 = ORIENTED_EDGE('',*,*,#13657,.F.);
#13657 = EDGE_CURVE('',#11220,#13650,#13658,.T.);
#13658 = LINE('',#13659,#13660);
#13659 = CARTESIAN_POINT('',(28.816627502441,96.945922851562,
    5.556305885315));
#13660 = VECTOR('',#13661,1.);
#13661 = DIRECTION('',(-0.52907824,-0.506296944498,-0.68098430228));
#13662 = PLANE('',#13663);
#13663 = AXIS2_PLACEMENT_3D('',#13664,#13665,#13666);
#13664 = CARTESIAN_POINT('',(31.111632998969,83.071584525248,
    2.762381360071));
#13665 = DIRECTION('',(0.6646847764,0.251610526456,-0.703481549863));
#13666 = DIRECTION('',(-0.726865863328,-1.025085820276E-17,
    -0.686779452756));
#13667 = ADVANCED_FACE('',(#13668),#13678,.T.);
#13668 = FACE_BOUND('',#13669,.T.);
#13669 = EDGE_LOOP('',(#13670,#13676,#13677));
#13670 = ORIENTED_EDGE('',*,*,#13671,.F.);
#13671 = EDGE_CURVE('',#11265,#11242,#13672,.T.);
#13672 = LINE('',#13673,#13674);
#13673 = CARTESIAN_POINT('',(28.458118438721,96.582862854004,
    5.197787284851));
#13674 = VECTOR('',#13675,1.);
#13675 = DIRECTION('',(7.053636708887E-02,-0.968665681943,
    -0.238141591379));
#13676 = ORIENTED_EDGE('',*,*,#11264,.F.);
#13677 = ORIENTED_EDGE('',*,*,#11249,.T.);
#13678 = PLANE('',#13679);
#13679 = AXIS2_PLACEMENT_3D('',#13680,#13681,#13682);
#13680 = CARTESIAN_POINT('',(30.675548315224,83.219582058096,
    2.545237346453));
#13681 = DIRECTION('',(0.439507293104,0.244493806694,-0.864324081463));
#13682 = DIRECTION('',(-0.891376600121,-7.569781159153E-18,
    -0.45326345182));
#13683 = ADVANCED_FACE('',(#13684),#13701,.T.);
#13684 = FACE_BOUND('',#13685,.T.);
#13685 = EDGE_LOOP('',(#13686,#13694,#13700));
#13686 = ORIENTED_EDGE('',*,*,#13687,.F.);
#13687 = EDGE_CURVE('',#13688,#11265,#13690,.T.);
#13688 = VERTEX_POINT('',#13689);
#13689 = CARTESIAN_POINT('',(28.467502593994,96.592483520508,
    5.206536769867));
#13690 = LINE('',#13691,#13692);
#13691 = CARTESIAN_POINT('',(28.467502593994,96.592483520508,
    5.206536769867));
#13692 = VECTOR('',#13693,1.);
#13693 = DIRECTION('',(-0.585170508258,-0.599918708059,-0.545594189839)
  );
#13694 = ORIENTED_EDGE('',*,*,#13695,.T.);
#13695 = EDGE_CURVE('',#13688,#6608,#13696,.T.);
#13696 = LINE('',#13697,#13698);
#13697 = CARTESIAN_POINT('',(28.467502593994,96.592483520508,
    5.206536769867));
#13698 = VECTOR('',#13699,1.);
#13699 = DIRECTION('',(0.175755806967,-0.967158996293,-0.183612015422));
#13700 = ORIENTED_EDGE('',*,*,#11272,.T.);
#13701 = PLANE('',#13702);
#13702 = AXIS2_PLACEMENT_3D('',#13703,#13704,#13705);
#13703 = CARTESIAN_POINT('',(30.956334051115,82.881484084407,
    2.60181679322));
#13704 = DIRECTION('',(0.511447730684,0.249076849355,-0.82242442929));
#13705 = DIRECTION('',(-0.849187662265,1.842726858557E-17,
    -0.528091198806));
#13706 = ADVANCED_FACE('',(#13707),#13724,.T.);
#13707 = FACE_BOUND('',#13708,.T.);
#13708 = EDGE_LOOP('',(#13709,#13710,#13718));
#13709 = ORIENTED_EDGE('',*,*,#12098,.T.);
#13710 = ORIENTED_EDGE('',*,*,#13711,.F.);
#13711 = EDGE_CURVE('',#13712,#419,#13714,.T.);
#13712 = VERTEX_POINT('',#13713);
#13713 = CARTESIAN_POINT('',(28.684072494507,72.994598388672,
    15.792262077332));
#13714 = LINE('',#13715,#13716);
#13715 = CARTESIAN_POINT('',(28.684072494507,72.994598388672,
    15.792262077332));
#13716 = VECTOR('',#13717,1.);
#13717 = DIRECTION('',(0.921530736476,-0.381171244932,7.409172536433E-02
    ));
#13718 = ORIENTED_EDGE('',*,*,#13719,.T.);
#13719 = EDGE_CURVE('',#13712,#12099,#13720,.T.);
#13720 = LINE('',#13721,#13722);
#13721 = CARTESIAN_POINT('',(28.684072494507,72.994598388672,
    15.792262077332));
#13722 = VECTOR('',#13723,1.);
#13723 = DIRECTION('',(-0.427628873085,-0.887352377894,0.172450875177));
#13724 = PLANE('',#13725);
#13725 = AXIS2_PLACEMENT_3D('',#13726,#13727,#13728);
#13726 = CARTESIAN_POINT('',(29.951034211348,72.450509936911,
    15.898020903178));
#13727 = DIRECTION('',(-1.216518820188E-05,0.190779515979,0.981632913127
    ));
#13728 = DIRECTION('',(-1.779978339224E-22,0.9816329132,-0.190779515993)
  );
#13729 = ADVANCED_FACE('',(#13730),#13745,.T.);
#13730 = FACE_BOUND('',#13731,.T.);
#13731 = EDGE_LOOP('',(#13732,#13733,#13739));
#13732 = ORIENTED_EDGE('',*,*,#12106,.F.);
#13733 = ORIENTED_EDGE('',*,*,#13734,.F.);
#13734 = EDGE_CURVE('',#13367,#12099,#13735,.T.);
#13735 = LINE('',#13736,#13737);
#13736 = CARTESIAN_POINT('',(28.545951843262,72.756843566895,
    0.161524474621));
#13737 = VECTOR('',#13738,1.);
#13738 = DIRECTION('',(6.798002895579E-03,1.098360252634E-02,
    0.999916570336));
#13739 = ORIENTED_EDGE('',*,*,#13740,.T.);
#13740 = EDGE_CURVE('',#13367,#9753,#13741,.T.);
#13741 = LINE('',#13742,#13743);
#13742 = CARTESIAN_POINT('',(28.545951843262,72.756843566895,
    0.161524474621));
#13743 = VECTOR('',#13744,1.);
#13744 = DIRECTION('',(-2.921173905129E-02,-3.892663401176E-02,
    0.998814993613));
#13745 = PLANE('',#13746);
#13746 = AXIS2_PLACEMENT_3D('',#13747,#13748,#13749);
#13747 = CARTESIAN_POINT('',(28.453600727939,72.641496280772,
    8.259952812296));
#13748 = DIRECTION('',(-0.810951029405,0.585113316144,
    -9.138808961005E-04));
#13749 = DIRECTION('',(-0.585113560481,-0.810951368049,
    3.887124437139E-20));
#13750 = ADVANCED_FACE('',(#13751),#13761,.T.);
#13751 = FACE_BOUND('',#13752,.T.);
#13752 = EDGE_LOOP('',(#13753,#13754,#13760));
#13753 = ORIENTED_EDGE('',*,*,#12148,.F.);
#13754 = ORIENTED_EDGE('',*,*,#13755,.F.);
#13755 = EDGE_CURVE('',#12173,#12149,#13756,.T.);
#13756 = LINE('',#13757,#13758);
#13757 = CARTESIAN_POINT('',(29.661344528198,97.639213562012,
    7.235283851624));
#13758 = VECTOR('',#13759,1.);
#13759 = DIRECTION('',(-0.273347196831,-0.14512729632,-0.950904505115));
#13760 = ORIENTED_EDGE('',*,*,#12172,.T.);
#13761 = PLANE('',#13762);
#13762 = AXIS2_PLACEMENT_3D('',#13763,#13764,#13765);
#13763 = CARTESIAN_POINT('',(32.698567766762,80.140831627402,
    3.867274909435));
#13764 = DIRECTION('',(0.928382085553,0.218938772536,-0.300287390853));
#13765 = DIRECTION('',(0.307753932368,-6.822691700105E-18,0.951465983161
    ));
#13766 = ADVANCED_FACE('',(#13767),#13784,.T.);
#13767 = FACE_BOUND('',#13768,.T.);
#13768 = EDGE_LOOP('',(#13769,#13777,#13783));
#13769 = ORIENTED_EDGE('',*,*,#13770,.F.);
#13770 = EDGE_CURVE('',#13771,#9792,#13773,.T.);
#13771 = VERTEX_POINT('',#13772);
#13772 = CARTESIAN_POINT('',(25.842351913452,97.604194641113,
    6.958511352539));
#13773 = LINE('',#13774,#13775);
#13774 = CARTESIAN_POINT('',(25.842351913452,97.604194641113,
    6.958511352539));
#13775 = VECTOR('',#13776,1.);
#13776 = DIRECTION('',(0.999965051179,-3.120262978449E-03,
    -7.75631229321E-03));
#13777 = ORIENTED_EDGE('',*,*,#13778,.F.);
#13778 = EDGE_CURVE('',#12149,#13771,#13779,.T.);
#13779 = LINE('',#13780,#13781);
#13780 = CARTESIAN_POINT('',(29.582094192505,97.597137451172,
    6.959592342377));
#13781 = VECTOR('',#13782,1.);
#13782 = DIRECTION('',(-0.999998177695,1.887075780751E-03,
    -2.890541077678E-04));
#13783 = ORIENTED_EDGE('',*,*,#12157,.T.);
#13784 = PLANE('',#13785);
#13785 = AXIS2_PLACEMENT_3D('',#13786,#13787,#13788);
#13786 = CARTESIAN_POINT('',(27.717927545849,97.599501356405,
    6.951525631119));
#13787 = DIRECTION('',(1.909085444995E-03,0.988452793173,-0.151517098248
    ));
#13788 = DIRECTION('',(5.365661415942E-20,0.151517374359,0.988454594439)
  );
#13789 = ADVANCED_FACE('',(#13790),#13805,.T.);
#13790 = FACE_BOUND('',#13791,.T.);
#13791 = EDGE_LOOP('',(#13792,#13798,#13804));
#13792 = ORIENTED_EDGE('',*,*,#13793,.T.);
#13793 = EDGE_CURVE('',#12173,#12227,#13794,.T.);
#13794 = LINE('',#13795,#13796);
#13795 = CARTESIAN_POINT('',(29.661344528198,97.639213562012,
    7.235283851624));
#13796 = VECTOR('',#13797,1.);
#13797 = DIRECTION('',(-0.998065164757,2.464442125446E-03,
    6.212771864242E-02));
#13798 = ORIENTED_EDGE('',*,*,#13799,.F.);
#13799 = EDGE_CURVE('',#9815,#12227,#13800,.T.);
#13800 = LINE('',#13801,#13802);
#13801 = CARTESIAN_POINT('',(29.700716018677,97.647262573242,
    7.438334941864));
#13802 = VECTOR('',#13803,1.);
#13803 = DIRECTION('',(-0.999959557536,3.578886089216E-04,
    8.986390184722E-03));
#13804 = ORIENTED_EDGE('',*,*,#12180,.T.);
#13805 = PLANE('',#13806);
#13806 = AXIS2_PLACEMENT_3D('',#13807,#13808,#13809);
#13807 = CARTESIAN_POINT('',(27.812071728145,97.645878084582,
    7.403329755526));
#13808 = DIRECTION('',(1.66104656053E-06,0.999215234287,
    -3.960953881503E-02));
#13809 = DIRECTION('',(-3.305802246847E-24,3.960953881508E-02,
    0.999215234289));
#13810 = ADVANCED_FACE('',(#13811),#13816,.T.);
#13811 = FACE_BOUND('',#13812,.T.);
#13812 = EDGE_LOOP('',(#13813,#13814,#13815));
#13813 = ORIENTED_EDGE('',*,*,#12250,.F.);
#13814 = ORIENTED_EDGE('',*,*,#12194,.T.);
#13815 = ORIENTED_EDGE('',*,*,#13799,.T.);
#13816 = PLANE('',#13817);
#13817 = AXIS2_PLACEMENT_3D('',#13818,#13819,#13820);
#13818 = CARTESIAN_POINT('',(27.782013117607,97.648296983087,
    7.464308415846));
#13819 = DIRECTION('',(0.,0.999207901906,-3.979407956764E-02));
#13820 = DIRECTION('',(0.,3.979407956764E-02,0.999207901906));
#13821 = ADVANCED_FACE('',(#13822),#13963,.T.);
#13822 = FACE_BOUND('',#13823,.T.);
#13823 = EDGE_LOOP('',(#13824,#13825,#13831,#13839,#13847,#13855,#13863,
    #13871,#13879,#13887,#13895,#13903,#13911,#13919,#13927,#13933,
    #13939,#13945,#13951,#13957));
#13824 = ORIENTED_EDGE('',*,*,#12226,.F.);
#13825 = ORIENTED_EDGE('',*,*,#13826,.T.);
#13826 = EDGE_CURVE('',#12227,#13771,#13827,.T.);
#13827 = LINE('',#13828,#13829);
#13828 = CARTESIAN_POINT('',(25.842351913452,97.648643493652,
    7.473009109497));
#13829 = VECTOR('',#13830,1.);
#13830 = DIRECTION('',(0.,-8.607209323171E-02,-0.996288911294));
#13831 = ORIENTED_EDGE('',*,*,#13832,.T.);
#13832 = EDGE_CURVE('',#13771,#13833,#13835,.T.);
#13833 = VERTEX_POINT('',#13834);
#13834 = CARTESIAN_POINT('',(25.842351913452,97.47216796875,
    6.459259033203));
#13835 = LINE('',#13836,#13837);
#13836 = CARTESIAN_POINT('',(25.842351913452,97.604194641113,
    6.958511352539));
#13837 = VECTOR('',#13838,1.);
#13838 = DIRECTION('',(0.,-0.255660280906,-0.966766683728));
#13839 = ORIENTED_EDGE('',*,*,#13840,.T.);
#13840 = EDGE_CURVE('',#13833,#13841,#13843,.T.);
#13841 = VERTEX_POINT('',#13842);
#13842 = CARTESIAN_POINT('',(25.842351913452,97.256484985352,
    5.990045547485));
#13843 = LINE('',#13844,#13845);
#13844 = CARTESIAN_POINT('',(25.842351913452,97.47216796875,
    6.459259033203));
#13845 = VECTOR('',#13846,1.);
#13846 = DIRECTION('',(0.,-0.417657511986,-0.908604535913));
#13847 = ORIENTED_EDGE('',*,*,#13848,.T.);
#13848 = EDGE_CURVE('',#13841,#13849,#13851,.T.);
#13849 = VERTEX_POINT('',#13850);
#13850 = CARTESIAN_POINT('',(25.842351913452,96.963516235352,
    5.564774513245));
#13851 = LINE('',#13852,#13853);
#13852 = CARTESIAN_POINT('',(25.842351913452,97.256484985352,
    5.990045547485));
#13853 = VECTOR('',#13854,1.);
#13854 = DIRECTION('',(0.,-0.567310830189,-0.823503747381));
#13855 = ORIENTED_EDGE('',*,*,#13856,.T.);
#13856 = EDGE_CURVE('',#13849,#13857,#13859,.T.);
#13857 = VERTEX_POINT('',#13858);
#13858 = CARTESIAN_POINT('',(25.842351913452,96.601959228516,
    5.196047306061));
#13859 = LINE('',#13860,#13861);
#13860 = CARTESIAN_POINT('',(25.842351913452,96.963516235352,
    5.564774513245));
#13861 = VECTOR('',#13862,1.);
#13862 = DIRECTION('',(0.,-0.700130399835,-0.714015002102));
#13863 = ORIENTED_EDGE('',*,*,#13864,.T.);
#13864 = EDGE_CURVE('',#13857,#13865,#13867,.T.);
#13865 = VERTEX_POINT('',#13866);
#13866 = CARTESIAN_POINT('',(25.842351913452,96.182518005371,
    4.89478969574));
#13867 = LINE('',#13868,#13869);
#13868 = CARTESIAN_POINT('',(25.842351913452,96.601959228516,
    5.196047306061));
#13869 = VECTOR('',#13870,1.);
#13870 = DIRECTION('',(0.,-0.812213337761,-0.583360518002));
#13871 = ORIENTED_EDGE('',*,*,#13872,.T.);
#13872 = EDGE_CURVE('',#13865,#13873,#13875,.T.);
#13873 = VERTEX_POINT('',#13874);
#13874 = CARTESIAN_POINT('',(25.842351913452,95.717628479004,
    4.669929027557));
#13875 = LINE('',#13876,#13877);
#13876 = CARTESIAN_POINT('',(25.842351913452,96.182518005371,
    4.89478969574));
#13877 = VECTOR('',#13878,1.);
#13878 = DIRECTION('',(0.,-0.90022444099,-0.435426177262));
#13879 = ORIENTED_EDGE('',*,*,#13880,.T.);
#13880 = EDGE_CURVE('',#13873,#13881,#13883,.T.);
#13881 = VERTEX_POINT('',#13882);
#13882 = CARTESIAN_POINT('',(25.842351913452,95.221061706543,
    4.528127670288));
#13883 = LINE('',#13884,#13885);
#13884 = CARTESIAN_POINT('',(25.842351913452,95.717628479004,
    4.669929027557));
#13885 = VECTOR('',#13886,1.);
#13886 = DIRECTION('',(0.,-0.961562231499,-0.274587099031));
#13887 = ORIENTED_EDGE('',*,*,#13888,.T.);
#13888 = EDGE_CURVE('',#13881,#13889,#13891,.T.);
#13889 = VERTEX_POINT('',#13890);
#13890 = CARTESIAN_POINT('',(25.842351913452,94.260955810547,
    4.341500759125));
#13891 = LINE('',#13892,#13893);
#13892 = CARTESIAN_POINT('',(25.842351913452,95.221061706543,
    4.528127670288));
#13893 = VECTOR('',#13894,1.);
#13894 = DIRECTION('',(0.,-0.981626947843,-0.190810207452));
#13895 = ORIENTED_EDGE('',*,*,#13896,.T.);
#13896 = EDGE_CURVE('',#13889,#13897,#13899,.T.);
#13897 = VERTEX_POINT('',#13898);
#13898 = CARTESIAN_POINT('',(25.842351913452,94.260955810547,
    11.658498764038));
#13899 = LINE('',#13900,#13901);
#13900 = CARTESIAN_POINT('',(25.842351913452,94.260955810547,
    4.341500759125));
#13901 = VECTOR('',#13902,1.);
#13902 = DIRECTION('',(0.,0.,1.));
#13903 = ORIENTED_EDGE('',*,*,#13904,.T.);
#13904 = EDGE_CURVE('',#13897,#13905,#13907,.T.);
#13905 = VERTEX_POINT('',#13906);
#13906 = CARTESIAN_POINT('',(25.842351913452,95.221061706543,
    11.471872329712));
#13907 = LINE('',#13908,#13909);
#13908 = CARTESIAN_POINT('',(25.842351913452,94.260955810547,
    11.658498764038));
#13909 = VECTOR('',#13910,1.);
#13910 = DIRECTION('',(0.,0.981627039159,-0.190809737676));
#13911 = ORIENTED_EDGE('',*,*,#13912,.T.);
#13912 = EDGE_CURVE('',#13905,#13913,#13915,.T.);
#13913 = VERTEX_POINT('',#13914);
#13914 = CARTESIAN_POINT('',(25.842351913452,95.717628479004,
    11.330070495605));
#13915 = LINE('',#13916,#13917);
#13916 = CARTESIAN_POINT('',(25.842351913452,95.221061706543,
    11.471872329712));
#13917 = VECTOR('',#13918,1.);
#13918 = DIRECTION('',(0.,0.961561987702,-0.274587952769));
#13919 = ORIENTED_EDGE('',*,*,#13920,.T.);
#13920 = EDGE_CURVE('',#13913,#13921,#13923,.T.);
#13921 = VERTEX_POINT('',#13922);
#13922 = CARTESIAN_POINT('',(25.842351913452,96.182518005371,
    11.10521030426));
#13923 = LINE('',#13924,#13925);
#13924 = CARTESIAN_POINT('',(25.842351913452,95.717628479004,
    11.330070495605));
#13925 = VECTOR('',#13926,1.);
#13926 = DIRECTION('',(0.,0.900224802929,-0.435425428966));
#13927 = ORIENTED_EDGE('',*,*,#13928,.T.);
#13928 = EDGE_CURVE('',#13921,#12670,#13929,.T.);
#13929 = LINE('',#13930,#13931);
#13930 = CARTESIAN_POINT('',(25.842351913452,96.182518005371,
    11.10521030426));
#13931 = VECTOR('',#13932,1.);
#13932 = DIRECTION('',(0.,0.812213775259,-0.583359908872));
#13933 = ORIENTED_EDGE('',*,*,#13934,.T.);
#13934 = EDGE_CURVE('',#12670,#12592,#13935,.T.);
#13935 = LINE('',#13936,#13937);
#13936 = CARTESIAN_POINT('',(25.842351913452,96.601959228516,
    10.803953170776));
#13937 = VECTOR('',#13938,1.);
#13938 = DIRECTION('',(0.,0.700129938243,-0.714015454717));
#13939 = ORIENTED_EDGE('',*,*,#13940,.T.);
#13940 = EDGE_CURVE('',#12592,#12500,#13941,.T.);
#13941 = LINE('',#13942,#13943);
#13942 = CARTESIAN_POINT('',(25.842351913452,96.963516235352,
    10.435225486755));
#13943 = VECTOR('',#13944,1.);
#13944 = DIRECTION('',(0.,0.567310830189,-0.823503747381));
#13945 = ORIENTED_EDGE('',*,*,#13946,.T.);
#13946 = EDGE_CURVE('',#12500,#12414,#13947,.T.);
#13947 = LINE('',#13948,#13949);
#13948 = CARTESIAN_POINT('',(25.842351913452,97.256484985352,
    10.009954452515));
#13949 = VECTOR('',#13950,1.);
#13950 = DIRECTION('',(0.,0.417657511986,-0.908604535913));
#13951 = ORIENTED_EDGE('',*,*,#13952,.T.);
#13952 = EDGE_CURVE('',#12414,#12391,#13953,.T.);
#13953 = LINE('',#13954,#13955);
#13954 = CARTESIAN_POINT('',(25.842351913452,97.47216796875,
    9.540740966797));
#13955 = VECTOR('',#13956,1.);
#13956 = DIRECTION('',(0.,0.255660280906,-0.966766683728));
#13957 = ORIENTED_EDGE('',*,*,#13958,.T.);
#13958 = EDGE_CURVE('',#12391,#12229,#13959,.T.);
#13959 = LINE('',#13960,#13961);
#13960 = CARTESIAN_POINT('',(25.842351913452,97.604194641113,
    9.041488647461));
#13961 = VECTOR('',#13962,1.);
#13962 = DIRECTION('',(0.,8.607209323171E-02,-0.996288911294));
#13963 = PLANE('',#13964);
#13964 = AXIS2_PLACEMENT_3D('',#13965,#13966,#13967);
#13965 = CARTESIAN_POINT('',(25.842351913452,95.622815601685,
    7.999999867947));
#13966 = DIRECTION('',(-1.,-0.,-0.));
#13967 = DIRECTION('',(0.,0.,-1.));
#13968 = ADVANCED_FACE('',(#13969),#13979,.T.);
#13969 = FACE_BOUND('',#13970,.T.);
#13970 = EDGE_LOOP('',(#13971,#13972,#13978));
#13971 = ORIENTED_EDGE('',*,*,#12236,.F.);
#13972 = ORIENTED_EDGE('',*,*,#13973,.F.);
#13973 = EDGE_CURVE('',#12276,#12229,#13974,.T.);
#13974 = LINE('',#13975,#13976);
#13975 = CARTESIAN_POINT('',(29.699869155884,97.646224975586,
    8.561557769775));
#13976 = VECTOR('',#13977,1.);
#13977 = DIRECTION('',(-0.999959656913,6.269370540511E-04,
    -8.96055223231E-03));
#13978 = ORIENTED_EDGE('',*,*,#12275,.T.);
#13979 = PLANE('',#13980);
#13980 = AXIS2_PLACEMENT_3D('',#13981,#13982,#13983);
#13981 = CARTESIAN_POINT('',(27.781831942539,97.648036677891,
    8.53566385742));
#13982 = DIRECTION('',(0.,0.997561305498,6.979571458207E-02));
#13983 = DIRECTION('',(0.,-6.979571458207E-02,0.997561305498));
#13984 = ADVANCED_FACE('',(#13985),#13995,.T.);
#13985 = FACE_BOUND('',#13986,.T.);
#13986 = EDGE_LOOP('',(#13987,#13988,#13994));
#13987 = ORIENTED_EDGE('',*,*,#12283,.T.);
#13988 = ORIENTED_EDGE('',*,*,#13989,.F.);
#13989 = EDGE_CURVE('',#12300,#12276,#13990,.T.);
#13990 = LINE('',#13991,#13992);
#13991 = CARTESIAN_POINT('',(29.615831375122,97.619346618652,
    8.945191383362));
#13992 = VECTOR('',#13993,1.);
#13993 = DIRECTION('',(0.213484038668,6.828000619416E-02,-0.974557543703
    ));
#13994 = ORIENTED_EDGE('',*,*,#12299,.T.);
#13995 = PLANE('',#13996);
#13996 = AXIS2_PLACEMENT_3D('',#13997,#13998,#13999);
#13997 = CARTESIAN_POINT('',(32.712363183436,80.17820710859,
    12.052285529527));
#13998 = DIRECTION('',(0.952144390839,0.208808665077,0.223203943474));
#13999 = DIRECTION('',(-0.228235039594,6.283890555195E-19,0.973606063406
    ));
#14000 = ADVANCED_FACE('',(#14001),#14016,.T.);
#14001 = FACE_BOUND('',#14002,.T.);
#14002 = EDGE_LOOP('',(#14003,#14009,#14015));
#14003 = ORIENTED_EDGE('',*,*,#14004,.T.);
#14004 = EDGE_CURVE('',#12300,#12391,#14005,.T.);
#14005 = LINE('',#14006,#14007);
#14006 = CARTESIAN_POINT('',(29.615831375122,97.619346618652,
    8.945191383362));
#14007 = VECTOR('',#14008,1.);
#14008 = DIRECTION('',(-0.999666483125,-4.014047049343E-03,
    2.551097688868E-02));
#14009 = ORIENTED_EDGE('',*,*,#14010,.F.);
#14010 = EDGE_CURVE('',#10011,#12391,#14011,.T.);
#14011 = LINE('',#14012,#14013);
#14012 = CARTESIAN_POINT('',(29.583393096924,97.598678588867,
    9.040298461914));
#14013 = VECTOR('',#14014,1.);
#14014 = DIRECTION('',(-0.999998862364,1.474468122726E-03,
    3.181424995093E-04));
#14015 = ORIENTED_EDGE('',*,*,#12307,.T.);
#14016 = PLANE('',#14017);
#14017 = AXIS2_PLACEMENT_3D('',#14018,#14019,#14020);
#14018 = CARTESIAN_POINT('',(27.746315883281,97.606658913742,
    9.016683434582));
#14019 = DIRECTION('',(1.508397156833E-03,0.977084196436,0.212847827831)
  );
#14020 = DIRECTION('',(3.328821927607E-20,-0.212848069973,0.977085308));
#14021 = ADVANCED_FACE('',(#14022),#14027,.T.);
#14022 = FACE_BOUND('',#14023,.T.);
#14023 = EDGE_LOOP('',(#14024,#14025,#14026));
#14024 = ORIENTED_EDGE('',*,*,#12390,.T.);
#14025 = ORIENTED_EDGE('',*,*,#12323,.T.);
#14026 = ORIENTED_EDGE('',*,*,#14010,.T.);
#14027 = PLANE('',#14028);
#14028 = AXIS2_PLACEMENT_3D('',#14029,#14030,#14031);
#14029 = CARTESIAN_POINT('',(27.71831248975,97.599808416889,
    9.048329731999));
#14030 = DIRECTION('',(1.508397193275E-03,0.977086802649,0.212835863581)
  );
#14031 = DIRECTION('',(-4.150896699463E-20,-0.21283610571,0.977087914216
    ));
#14032 = ADVANCED_FACE('',(#14033),#14050,.T.);
#14033 = FACE_BOUND('',#14034,.T.);
#14034 = EDGE_LOOP('',(#14035,#14043,#14044));
#14035 = ORIENTED_EDGE('',*,*,#14036,.F.);
#14036 = EDGE_CURVE('',#10054,#14037,#14039,.T.);
#14037 = VERTEX_POINT('',#14038);
#14038 = CARTESIAN_POINT('',(25.842351913452,90.799057006836,
    12.331424713135));
#14039 = LINE('',#14040,#14041);
#14040 = CARTESIAN_POINT('',(27.7991771698,91.898391723633,
    12.117735862732));
#14041 = VECTOR('',#14042,1.);
#14042 = DIRECTION('',(-0.867913423152,-0.487589453453,
    9.477771254274E-02));
#14043 = ORIENTED_EDGE('',*,*,#12337,.F.);
#14044 = ORIENTED_EDGE('',*,*,#14045,.T.);
#14045 = EDGE_CURVE('',#11118,#14037,#14046,.T.);
#14046 = LINE('',#14047,#14048);
#14047 = CARTESIAN_POINT('',(28.722337722778,92.417015075684,
    4.163497924805));
#14048 = VECTOR('',#14049,1.);
#14049 = DIRECTION('',(-0.326876402835,-0.183637124798,0.927054056496));
#14050 = PLANE('',#14051);
#14051 = AXIS2_PLACEMENT_3D('',#14052,#14053,#14054);
#14052 = CARTESIAN_POINT('',(27.639107867014,91.808463967842,
    8.672276333359));
#14053 = DIRECTION('',(-0.489794315442,0.871838017387,
    -4.068355724504E-07));
#14054 = DIRECTION('',(0.871838017387,0.489794315442,-4.888954122724E-24
    ));
#14055 = ADVANCED_FACE('',(#14056),#14074,.T.);
#14056 = FACE_BOUND('',#14057,.T.);
#14057 = EDGE_LOOP('',(#14058,#14059,#14067,#14073));
#14058 = ORIENTED_EDGE('',*,*,#14036,.T.);
#14059 = ORIENTED_EDGE('',*,*,#14060,.T.);
#14060 = EDGE_CURVE('',#14037,#14061,#14063,.T.);
#14061 = VERTEX_POINT('',#14062);
#14062 = CARTESIAN_POINT('',(25.842351913452,87.511566162109,
    12.970447540283));
#14063 = LINE('',#14064,#14065);
#14064 = CARTESIAN_POINT('',(25.842351913452,90.799057006836,
    12.331424713135));
#14065 = VECTOR('',#14066,1.);
#14066 = DIRECTION('',(0.,-0.981627220334,0.190808805612));
#14067 = ORIENTED_EDGE('',*,*,#14068,.T.);
#14068 = EDGE_CURVE('',#14061,#12359,#14069,.T.);
#14069 = LINE('',#14070,#14071);
#14070 = CARTESIAN_POINT('',(25.842351913452,87.511566162109,
    12.970447540283));
#14071 = VECTOR('',#14072,1.);
#14072 = DIRECTION('',(1.,0.,0.));
#14073 = ORIENTED_EDGE('',*,*,#12358,.T.);
#14074 = PLANE('',#14075);
#14075 = AXIS2_PLACEMENT_3D('',#14076,#14077,#14078);
#14076 = CARTESIAN_POINT('',(26.858447383412,89.538791577788,
    12.576395230093));
#14077 = DIRECTION('',(1.180181400361E-08,0.190808812405,0.981627219014)
  );
#14078 = DIRECTION('',(-3.744776157149E-25,0.981627219014,
    -0.190808812405));
#14079 = ADVANCED_FACE('',(#14080),#14103,.T.);
#14080 = FACE_BOUND('',#14081,.T.);
#14081 = EDGE_LOOP('',(#14082,#14088,#14089,#14097));
#14082 = ORIENTED_EDGE('',*,*,#14083,.T.);
#14083 = EDGE_CURVE('',#13413,#12367,#14084,.T.);
#14084 = LINE('',#14085,#14086);
#14085 = CARTESIAN_POINT('',(29.409498214722,77.026664733887,
    0.991494417191));
#14086 = VECTOR('',#14087,1.);
#14087 = DIRECTION('',(0.,0.,1.));
#14088 = ORIENTED_EDGE('',*,*,#12366,.F.);
#14089 = ORIENTED_EDGE('',*,*,#14090,.F.);
#14090 = EDGE_CURVE('',#14091,#12359,#14093,.T.);
#14091 = VERTEX_POINT('',#14092);
#14092 = CARTESIAN_POINT('',(27.588558197021,87.511566162109,
    3.029552221298));
#14093 = LINE('',#14094,#14095);
#14094 = CARTESIAN_POINT('',(27.588558197021,87.511566162109,
    3.029552221298));
#14095 = VECTOR('',#14096,1.);
#14096 = DIRECTION('',(0.,0.,1.));
#14097 = ORIENTED_EDGE('',*,*,#14098,.F.);
#14098 = EDGE_CURVE('',#13413,#14091,#14099,.T.);
#14099 = LINE('',#14100,#14101);
#14100 = CARTESIAN_POINT('',(29.409498214722,77.026664733887,
    0.991494417191));
#14101 = VECTOR('',#14102,1.);
#14102 = DIRECTION('',(-0.16805702513,0.967665780134,0.188095120252));
#14103 = PLANE('',#14104);
#14104 = AXIS2_PLACEMENT_3D('',#14105,#14106,#14107);
#14105 = CARTESIAN_POINT('',(28.580363092962,81.800792348099,
    8.000000022423));
#14106 = DIRECTION('',(-0.985251719171,-0.171111220761,-0.));
#14107 = DIRECTION('',(0.171111220761,-0.985251719171,0.));
#14108 = ADVANCED_FACE('',(#14109),#14126,.T.);
#14109 = FACE_BOUND('',#14110,.T.);
#14110 = EDGE_LOOP('',(#14111,#14119,#14120));
#14111 = ORIENTED_EDGE('',*,*,#14112,.T.);
#14112 = EDGE_CURVE('',#14113,#419,#14115,.T.);
#14113 = VERTEX_POINT('',#14114);
#14114 = CARTESIAN_POINT('',(29.496170043945,75.985946655273,
    15.210802078247));
#14115 = LINE('',#14116,#14117);
#14116 = CARTESIAN_POINT('',(29.496170043945,75.985946655273,
    15.210802078247));
#14117 = VECTOR('',#14118,1.);
#14118 = DIRECTION('',(0.393747566652,-0.902329995875,0.175395074903));
#14119 = ORIENTED_EDGE('',*,*,#12374,.F.);
#14120 = ORIENTED_EDGE('',*,*,#14121,.T.);
#14121 = EDGE_CURVE('',#12367,#14113,#14122,.T.);
#14122 = LINE('',#14123,#14124);
#14123 = CARTESIAN_POINT('',(29.409498214722,77.026664733887,
    15.008505821228));
#14124 = VECTOR('',#14125,1.);
#14125 = DIRECTION('',(8.147886021953E-02,-0.97836313846,0.190175615263)
  );
#14126 = PLANE('',#14127);
#14127 = AXIS2_PLACEMENT_3D('',#14128,#14129,#14130);
#14128 = CARTESIAN_POINT('',(30.271241077582,74.459849180369,
    15.507444813171));
#14129 = DIRECTION('',(3.420601683587E-06,0.190810319788,0.981626926001)
  );
#14130 = DIRECTION('',(3.818291720608E-23,0.981626926007,-0.190810319789
    ));
#14131 = ADVANCED_FACE('',(#14132),#14137,.T.);
#14132 = FACE_BOUND('',#14133,.T.);
#14133 = EDGE_LOOP('',(#14134,#14135,#14136));
#14134 = ORIENTED_EDGE('',*,*,#12413,.T.);
#14135 = ORIENTED_EDGE('',*,*,#12398,.F.);
#14136 = ORIENTED_EDGE('',*,*,#13952,.F.);
#14137 = PLANE('',#14138);
#14138 = AXIS2_PLACEMENT_3D('',#14139,#14140,#14141);
#14139 = CARTESIAN_POINT('',(27.534840712657,97.53207469878,
    9.332135476397));
#14140 = DIRECTION('',(-2.708245775507E-03,0.966763138301,0.255659343322
    ));
#14141 = DIRECTION('',(-4.805829125495E-20,-0.255660280906,
    0.966766683728));
#14142 = ADVANCED_FACE('',(#14143),#14148,.T.);
#14143 = FACE_BOUND('',#14144,.T.);
#14144 = EDGE_LOOP('',(#14145,#14146,#14147));
#14145 = ORIENTED_EDGE('',*,*,#13946,.F.);
#14146 = ORIENTED_EDGE('',*,*,#12499,.F.);
#14147 = ORIENTED_EDGE('',*,*,#12468,.T.);
#14148 = PLANE('',#14149);
#14149 = AXIS2_PLACEMENT_3D('',#14150,#14151,#14152);
#14150 = CARTESIAN_POINT('',(27.427722693089,97.358741156235,
    9.799374692125));
#14151 = DIRECTION('',(-3.128717696426E-03,0.908600088794,0.417655467782
    ));
#14152 = DIRECTION('',(5.785337908173E-20,-0.417657511986,0.908604535913
    ));
#14153 = ADVANCED_FACE('',(#14154),#14159,.T.);
#14154 = FACE_BOUND('',#14155,.T.);
#14155 = EDGE_LOOP('',(#14156,#14157,#14158));
#14156 = ORIENTED_EDGE('',*,*,#12484,.T.);
#14157 = ORIENTED_EDGE('',*,*,#12561,.F.);
#14158 = ORIENTED_EDGE('',*,*,#13632,.T.);
#14159 = PLANE('',#14160);
#14160 = AXIS2_PLACEMENT_3D('',#14161,#14162,#14163);
#14161 = CARTESIAN_POINT('',(28.731790511389,92.422324123585,
    7.992592846736));
#14162 = DIRECTION('',(-0.489780304613,0.871845888453,2.920013050416E-07
    ));
#14163 = DIRECTION('',(0.871845888453,0.489780304613,-1.819781109245E-23
    ));
#14164 = ADVANCED_FACE('',(#14165),#14182,.T.);
#14165 = FACE_BOUND('',#14166,.T.);
#14166 = EDGE_LOOP('',(#14167,#14175,#14181));
#14167 = ORIENTED_EDGE('',*,*,#14168,.T.);
#14168 = EDGE_CURVE('',#4479,#14169,#14171,.T.);
#14169 = VERTEX_POINT('',#14170);
#14170 = CARTESIAN_POINT('',(28.713483810425,92.467147827148,
    11.826202392578));
#14171 = LINE('',#14172,#14173);
#14172 = CARTESIAN_POINT('',(28.759929656982,92.438133239746,
    11.821173667908));
#14173 = VECTOR('',#14174,1.);
#14174 = DIRECTION('',(-0.844560538295,0.527594550883,9.144116706559E-02
    ));
#14175 = ORIENTED_EDGE('',*,*,#14176,.F.);
#14176 = EDGE_CURVE('',#11242,#14169,#14177,.T.);
#14177 = LINE('',#14178,#14179);
#14178 = CARTESIAN_POINT('',(28.759929656982,92.438133239746,
    4.178826332092));
#14179 = VECTOR('',#14180,1.);
#14180 = DIRECTION('',(-6.073279949858E-03,3.793960601094E-03,
    0.999974360238));
#14181 = ORIENTED_EDGE('',*,*,#12555,.T.);
#14182 = PLANE('',#14183);
#14183 = AXIS2_PLACEMENT_3D('',#14184,#14185,#14186);
#14184 = CARTESIAN_POINT('',(28.748272627832,92.445415352491,
    8.014956685644));
#14185 = DIRECTION('',(-0.529814217909,-0.84811372734,-0.));
#14186 = DIRECTION('',(-0.84811372734,0.529814217909,0.));
#14187 = ADVANCED_FACE('',(#14188),#14193,.T.);
#14188 = FACE_BOUND('',#14189,.T.);
#14189 = EDGE_LOOP('',(#14190,#14191,#14192));
#14190 = ORIENTED_EDGE('',*,*,#13940,.F.);
#14191 = ORIENTED_EDGE('',*,*,#12600,.F.);
#14192 = ORIENTED_EDGE('',*,*,#12576,.T.);
#14193 = PLANE('',#14194);
#14194 = AXIS2_PLACEMENT_3D('',#14195,#14196,#14197);
#14195 = CARTESIAN_POINT('',(27.216199560564,97.03870894652,
    10.315998336512));
#14196 = DIRECTION('',(4.161541977623E-03,0.823496616453,0.567305917701)
  );
#14197 = DIRECTION('',(-4.823683439985E-20,-0.567310830189,
    0.823503747381));
#14198 = ADVANCED_FACE('',(#14199),#14216,.T.);
#14199 = FACE_BOUND('',#14200,.T.);
#14200 = EDGE_LOOP('',(#14201,#14209,#14210));
#14201 = ORIENTED_EDGE('',*,*,#14202,.F.);
#14202 = EDGE_CURVE('',#4479,#14203,#14205,.T.);
#14203 = VERTEX_POINT('',#14204);
#14204 = CARTESIAN_POINT('',(28.07709312439,96.181358337402,
    11.102779388428));
#14205 = LINE('',#14206,#14207);
#14206 = CARTESIAN_POINT('',(28.759929656982,92.438133239746,
    11.821173667908));
#14207 = VECTOR('',#14208,1.);
#14208 = DIRECTION('',(-0.176342376273,0.966687013857,-0.185525156165));
#14209 = ORIENTED_EDGE('',*,*,#12630,.F.);
#14210 = ORIENTED_EDGE('',*,*,#14211,.F.);
#14211 = EDGE_CURVE('',#14203,#12631,#14212,.T.);
#14212 = LINE('',#14213,#14214);
#14213 = CARTESIAN_POINT('',(28.07709312439,96.181358337402,
    11.102779388428));
#14214 = VECTOR('',#14215,1.);
#14215 = DIRECTION('',(0.633847923367,0.701808450412,-0.325117992386));
#14216 = PLANE('',#14217);
#14217 = AXIS2_PLACEMENT_3D('',#14218,#14219,#14220);
#14218 = CARTESIAN_POINT('',(28.422270032979,94.323275970139,
    11.457823459407));
#14219 = DIRECTION('',(0.23629579744,0.224541089617,0.945381190412));
#14220 = DIRECTION('',(0.970154451271,-4.06839328113E-18,-0.242487815527
    ));
#14221 = ADVANCED_FACE('',(#14222),#14232,.T.);
#14222 = FACE_BOUND('',#14223,.T.);
#14223 = EDGE_LOOP('',(#14224,#14225,#14231));
#14224 = ORIENTED_EDGE('',*,*,#12669,.F.);
#14225 = ORIENTED_EDGE('',*,*,#14226,.F.);
#14226 = EDGE_CURVE('',#12631,#12670,#14227,.T.);
#14227 = LINE('',#14228,#14229);
#14228 = CARTESIAN_POINT('',(28.097675323486,96.204147338867,
    11.092222213745));
#14229 = VECTOR('',#14230,1.);
#14230 = DIRECTION('',(-0.977087285712,0.172346430561,-0.124888526185));
#14231 = ORIENTED_EDGE('',*,*,#12639,.T.);
#14232 = PLANE('',#14233);
#14233 = AXIS2_PLACEMENT_3D('',#14234,#14235,#14236);
#14234 = CARTESIAN_POINT('',(27.197750566402,96.492274851351,
    10.879519881325));
#14235 = DIRECTION('',(4.259080438751E-03,0.602489650583,0.798115330748)
  );
#14236 = DIRECTION('',(2.580869310183E-19,0.798122569659,-0.602495115168
    ));
#14237 = ADVANCED_FACE('',(#14238),#14243,.T.);
#14238 = FACE_BOUND('',#14239,.T.);
#14239 = EDGE_LOOP('',(#14240,#14241,#14242));
#14240 = ORIENTED_EDGE('',*,*,#13934,.F.);
#14241 = ORIENTED_EDGE('',*,*,#12678,.F.);
#14242 = ORIENTED_EDGE('',*,*,#12654,.T.);
#14243 = PLANE('',#14244);
#14244 = AXIS2_PLACEMENT_3D('',#14245,#14246,#14247);
#14245 = CARTESIAN_POINT('',(27.039348939955,96.69802939665,
    10.698763507881));
#14246 = DIRECTION('',(4.219561389988E-03,0.714009098274,0.700123705414)
  );
#14247 = DIRECTION('',(1.952501324435E-19,-0.700129938243,0.714015454717
    ));
#14248 = ADVANCED_FACE('',(#14249),#14254,.T.);
#14249 = FACE_BOUND('',#14250,.T.);
#14250 = EDGE_LOOP('',(#14251,#14252,#14253));
#14251 = ORIENTED_EDGE('',*,*,#13351,.T.);
#14252 = ORIENTED_EDGE('',*,*,#13740,.F.);
#14253 = ORIENTED_EDGE('',*,*,#13375,.F.);
#14254 = PLANE('',#14255);
#14255 = AXIS2_PLACEMENT_3D('',#14256,#14257,#14258);
#14256 = CARTESIAN_POINT('',(28.199564644153,72.300185735753,
    7.840342399794));
#14257 = DIRECTION('',(-0.790827922551,0.612038130153,7.239833105247E-04
    ));
#14258 = DIRECTION('',(-0.612038290554,-0.790828129808,
    3.347215801185E-20));
#14259 = ADVANCED_FACE('',(#14260),#14277,.T.);
#14260 = FACE_BOUND('',#14261,.T.);
#14261 = EDGE_LOOP('',(#14262,#14270,#14271));
#14262 = ORIENTED_EDGE('',*,*,#14263,.T.);
#14263 = EDGE_CURVE('',#14264,#6528,#14266,.T.);
#14264 = VERTEX_POINT('',#14265);
#14265 = CARTESIAN_POINT('',(28.673597335815,73.00032043457,
    0.208851546049));
#14266 = LINE('',#14267,#14268);
#14267 = CARTESIAN_POINT('',(28.673597335815,73.00032043457,
    0.208851546049));
#14268 = VECTOR('',#14269,1.);
#14269 = DIRECTION('',(0.921350749997,-0.381590180179,
    -7.417364674289E-02));
#14270 = ORIENTED_EDGE('',*,*,#13366,.F.);
#14271 = ORIENTED_EDGE('',*,*,#14272,.T.);
#14272 = EDGE_CURVE('',#13367,#14264,#14273,.T.);
#14273 = LINE('',#14274,#14275);
#14274 = CARTESIAN_POINT('',(28.545951843262,72.756843566895,
    0.161524474621));
#14275 = VECTOR('',#14276,1.);
#14276 = DIRECTION('',(0.457589479738,0.872827163569,0.169660279882));
#14277 = PLANE('',#14278);
#14278 = AXIS2_PLACEMENT_3D('',#14279,#14280,#14281);
#14279 = CARTESIAN_POINT('',(29.876268248669,72.42422215097,
    9.686935376902E-02));
#14280 = DIRECTION('',(-7.715145400565E-08,0.190808889139,
    -0.981627204098));
#14281 = DIRECTION('',(-1.639342026174E-24,-0.981627204098,
    -0.190808889139));
#14282 = ADVANCED_FACE('',(#14283),#14298,.T.);
#14283 = FACE_BOUND('',#14284,.T.);
#14284 = EDGE_LOOP('',(#14285,#14286,#14292));
#14285 = ORIENTED_EDGE('',*,*,#13389,.T.);
#14286 = ORIENTED_EDGE('',*,*,#14287,.F.);
#14287 = EDGE_CURVE('',#14037,#10934,#14288,.T.);
#14288 = LINE('',#14289,#14290);
#14289 = CARTESIAN_POINT('',(25.842351913452,90.799057006836,
    12.331424713135));
#14290 = VECTOR('',#14291,1.);
#14291 = DIRECTION('',(0.223836771755,0.125750387413,-0.966480180695));
#14292 = ORIENTED_EDGE('',*,*,#14293,.T.);
#14293 = EDGE_CURVE('',#14037,#13390,#14294,.T.);
#14294 = LINE('',#14295,#14296);
#14295 = CARTESIAN_POINT('',(25.842351913452,90.799057006836,
    12.331424713135));
#14296 = VECTOR('',#14297,1.);
#14297 = DIRECTION('',(0.274955173294,0.15446799117,-0.948967487527));
#14298 = PLANE('',#14299);
#14299 = AXIS2_PLACEMENT_3D('',#14300,#14301,#14302);
#14300 = CARTESIAN_POINT('',(26.969867837658,91.432488809484,
    8.004896335517));
#14301 = DIRECTION('',(-0.489788750517,0.871841143709,1.685318200231E-06
    ));
#14302 = DIRECTION('',(0.87184114371,0.489788750518,1.317301636797E-23)
  );
#14303 = ADVANCED_FACE('',(#14304),#14321,.T.);
#14304 = FACE_BOUND('',#14305,.T.);
#14305 = EDGE_LOOP('',(#14306,#14314,#14315));
#14306 = ORIENTED_EDGE('',*,*,#14307,.T.);
#14307 = EDGE_CURVE('',#14308,#13413,#14310,.T.);
#14308 = VERTEX_POINT('',#14309);
#14309 = CARTESIAN_POINT('',(29.440979003906,76.825141906738,
    0.95232206583));
#14310 = LINE('',#14311,#14312);
#14311 = CARTESIAN_POINT('',(29.440979003906,76.825141906738,
    0.95232206583));
#14312 = VECTOR('',#14313,1.);
#14313 = DIRECTION('',(-0.151572644478,0.970285327169,0.18860571923));
#14314 = ORIENTED_EDGE('',*,*,#13412,.F.);
#14315 = ORIENTED_EDGE('',*,*,#14316,.T.);
#14316 = EDGE_CURVE('',#6528,#14308,#14317,.T.);
#14317 = LINE('',#14318,#14319);
#14318 = CARTESIAN_POINT('',(31.267854690552,71.925872802734,0.));
#14319 = VECTOR('',#14320,1.);
#14320 = DIRECTION('',(-0.343732869867,0.921814134196,0.179182633563));
#14321 = PLANE('',#14322);
#14322 = AXIS2_PLACEMENT_3D('',#14323,#14324,#14325);
#14323 = CARTESIAN_POINT('',(30.329070626008,74.473845759723,
    0.495276161442));
#14324 = DIRECTION('',(5.761935045887E-06,0.190811185952,-0.981626757623
    ));
#14325 = DIRECTION('',(6.856436912422E-23,-0.98162675764,-0.190811185955
    ));
#14326 = ADVANCED_FACE('',(#14327),#14337,.T.);
#14327 = FACE_BOUND('',#14328,.T.);
#14328 = EDGE_LOOP('',(#14329,#14330,#14336));
#14329 = ORIENTED_EDGE('',*,*,#14098,.T.);
#14330 = ORIENTED_EDGE('',*,*,#14331,.F.);
#14331 = EDGE_CURVE('',#10934,#14091,#14332,.T.);
#14332 = LINE('',#14333,#14334);
#14333 = CARTESIAN_POINT('',(27.7991771698,91.898391723633,
    3.882264137268));
#14334 = VECTOR('',#14335,1.);
#14335 = DIRECTION('',(-4.707734043993E-02,-0.980538826518,
    -0.190597307715));
#14336 = ORIENTED_EDGE('',*,*,#13420,.T.);
#14337 = PLANE('',#14338);
#14338 = AXIS2_PLACEMENT_3D('',#14339,#14340,#14341);
#14339 = CARTESIAN_POINT('',(28.433623178927,84.452313143677,
    2.434893728737));
#14340 = DIRECTION('',(-3.547893889399E-07,0.190808883968,
    -0.981627205103));
#14341 = DIRECTION('',(-1.536340783479E-23,-0.981627205103,
    -0.190808883968));
#14342 = ADVANCED_FACE('',(#14343),#14353,.T.);
#14343 = FACE_BOUND('',#14344,.T.);
#14344 = EDGE_LOOP('',(#14345,#14346,#14352));
#14345 = ORIENTED_EDGE('',*,*,#14293,.F.);
#14346 = ORIENTED_EDGE('',*,*,#14347,.F.);
#14347 = EDGE_CURVE('',#10957,#14037,#14348,.T.);
#14348 = LINE('',#14349,#14350);
#14349 = CARTESIAN_POINT('',(28.269260406494,92.162483215332,
    3.978749752045));
#14350 = VECTOR('',#14351,1.);
#14351 = DIRECTION('',(-0.275649836274,-0.154858830574,0.948702224281));
#14352 = ORIENTED_EDGE('',*,*,#13435,.T.);
#14353 = PLANE('',#14354);
#14354 = AXIS2_PLACEMENT_3D('',#14355,#14356,#14357);
#14355 = CARTESIAN_POINT('',(27.054796351592,91.48020152616,
    8.152713836402));
#14356 = DIRECTION('',(-0.490293125401,0.871557579769,
    -1.906100323746E-04));
#14357 = DIRECTION('',(0.871557595602,0.490293134307,-8.374222869083E-21
    ));
#14358 = ADVANCED_FACE('',(#14359),#14369,.T.);
#14359 = FACE_BOUND('',#14360,.T.);
#14360 = EDGE_LOOP('',(#14361,#14362,#14368));
#14361 = ORIENTED_EDGE('',*,*,#13460,.T.);
#14362 = ORIENTED_EDGE('',*,*,#14363,.F.);
#14363 = EDGE_CURVE('',#13771,#13453,#14364,.T.);
#14364 = LINE('',#14365,#14366);
#14365 = CARTESIAN_POINT('',(25.842351913452,97.604194641113,
    6.958511352539));
#14366 = VECTOR('',#14367,1.);
#14367 = DIRECTION('',(0.999137592646,-8.164933509583E-03,
    -4.071123704955E-02));
#14368 = ORIENTED_EDGE('',*,*,#13770,.T.);
#14369 = PLANE('',#14370);
#14370 = AXIS2_PLACEMENT_3D('',#14371,#14372,#14373);
#14371 = CARTESIAN_POINT('',(27.730631857662,97.593575338479,
    6.912993745549));
#14372 = DIRECTION('',(1.910363602176E-03,0.988476571147,-0.151361880287
    ));
#14373 = DIRECTION('',(-8.25599512968E-21,0.151362156485,0.988478374869)
  );
#14374 = ADVANCED_FACE('',(#14375),#14390,.T.);
#14375 = FACE_BOUND('',#14376,.T.);
#14376 = EDGE_LOOP('',(#14377,#14383,#14384));
#14377 = ORIENTED_EDGE('',*,*,#14378,.T.);
#14378 = EDGE_CURVE('',#13833,#11018,#14379,.T.);
#14379 = LINE('',#14380,#14381);
#14380 = CARTESIAN_POINT('',(25.842351913452,97.47216796875,
    6.459259033203));
#14381 = VECTOR('',#14382,1.);
#14382 = DIRECTION('',(0.9999985292,-1.637113282176E-03,
    5.113293453517E-04));
#14383 = ORIENTED_EDGE('',*,*,#13476,.T.);
#14384 = ORIENTED_EDGE('',*,*,#14385,.T.);
#14385 = EDGE_CURVE('',#11057,#13833,#14386,.T.);
#14386 = LINE('',#14387,#14388);
#14387 = CARTESIAN_POINT('',(29.383089065552,97.458648681641,
    6.436232566833));
#14388 = VECTOR('',#14389,1.);
#14389 = DIRECTION('',(-0.999971565401,3.818104002963E-03,
    6.503112383715E-03));
#14390 = PLANE('',#14391);
#14391 = AXIS2_PLACEMENT_3D('',#14392,#14393,#14394);
#14392 = CARTESIAN_POINT('',(27.622294646468,97.467318519789,
    6.453944483082));
#14393 = DIRECTION('',(1.715107228484E-03,0.95490291852,-0.296913244246)
  );
#14394 = DIRECTION('',(4.158507027004E-20,0.296913680946,0.954904322991)
  );
#14395 = ADVANCED_FACE('',(#14396),#14406,.T.);
#14396 = FACE_BOUND('',#14397,.T.);
#14397 = EDGE_LOOP('',(#14398,#14399,#14400));
#14398 = ORIENTED_EDGE('',*,*,#13491,.T.);
#14399 = ORIENTED_EDGE('',*,*,#14378,.F.);
#14400 = ORIENTED_EDGE('',*,*,#14401,.T.);
#14401 = EDGE_CURVE('',#13833,#13453,#14402,.T.);
#14402 = LINE('',#14403,#14404);
#14403 = CARTESIAN_POINT('',(25.842351913452,97.47216796875,
    6.459259033203));
#14404 = VECTOR('',#14405,1.);
#14405 = DIRECTION('',(0.99520638515,2.741612839487E-02,
    9.38754859425E-02));
#14406 = PLANE('',#14407);
#14407 = AXIS2_PLACEMENT_3D('',#14408,#14409,#14410);
#14408 = CARTESIAN_POINT('',(27.747476258712,97.497968185887,
    6.553193890959));
#14409 = DIRECTION('',(1.715107519417E-03,0.954861151753,-0.297047537068
    ));
#14410 = DIRECTION('',(3.501083969016E-20,0.297047973966,0.954862556163)
  );
#14411 = ADVANCED_FACE('',(#14412),#14422,.T.);
#14412 = FACE_BOUND('',#14413,.T.);
#14413 = EDGE_LOOP('',(#14414,#14420,#14421));
#14414 = ORIENTED_EDGE('',*,*,#14415,.T.);
#14415 = EDGE_CURVE('',#13508,#13833,#14416,.T.);
#14416 = LINE('',#14417,#14418);
#14417 = CARTESIAN_POINT('',(29.353380203247,97.436599731445,
    6.365180492401));
#14418 = VECTOR('',#14419,1.);
#14419 = DIRECTION('',(-0.999589949396,1.012627913903E-02,
    2.678416579919E-02));
#14420 = ORIENTED_EDGE('',*,*,#14385,.F.);
#14421 = ORIENTED_EDGE('',*,*,#13515,.T.);
#14422 = PLANE('',#14423);
#14423 = AXIS2_PLACEMENT_3D('',#14424,#14425,#14426);
#14424 = CARTESIAN_POINT('',(27.625120397239,97.459780198046,
    6.429724655885));
#14425 = DIRECTION('',(1.71419592258E-03,0.95486606804,-0.297031738435)
  );
#14426 = DIRECTION('',(-1.736365399692E-20,0.297032174845,0.954867470965
    ));
#14427 = ADVANCED_FACE('',(#14428),#14433,.T.);
#14428 = FACE_BOUND('',#14429,.T.);
#14429 = EDGE_LOOP('',(#14430,#14431,#14432));
#14430 = ORIENTED_EDGE('',*,*,#14347,.T.);
#14431 = ORIENTED_EDGE('',*,*,#14045,.F.);
#14432 = ORIENTED_EDGE('',*,*,#13529,.T.);
#14433 = PLANE('',#14434);
#14434 = AXIS2_PLACEMENT_3D('',#14435,#14436,#14437);
#14435 = CARTESIAN_POINT('',(27.209394630104,91.567054149343,
    8.075897474942));
#14436 = DIRECTION('',(-0.489788130611,0.871841491962,2.462184359653E-06
    ));
#14437 = DIRECTION('',(0.871841491965,0.489788130612,-1.324371841846E-22
    ));
#14438 = ADVANCED_FACE('',(#14439),#14454,.T.);
#14439 = FACE_BOUND('',#14440,.T.);
#14440 = EDGE_LOOP('',(#14441,#14447,#14453));
#14441 = ORIENTED_EDGE('',*,*,#14442,.F.);
#14442 = EDGE_CURVE('',#13841,#11142,#14443,.T.);
#14443 = LINE('',#14444,#14445);
#14444 = CARTESIAN_POINT('',(25.842351913452,97.256484985352,
    5.990045547485));
#14445 = VECTOR('',#14446,1.);
#14446 = DIRECTION('',(0.999976529022,-4.624689609901E-03,
    -5.05506201775E-03));
#14447 = ORIENTED_EDGE('',*,*,#14448,.F.);
#14448 = EDGE_CURVE('',#11096,#13841,#14449,.T.);
#14449 = LINE('',#14450,#14451);
#14450 = CARTESIAN_POINT('',(29.139627456665,97.250961303711,
    5.992823600769));
#14451 = VECTOR('',#14452,1.);
#14452 = DIRECTION('',(-0.999998241885,1.675223030944E-03,
    -8.425284338985E-04));
#14453 = ORIENTED_EDGE('',*,*,#13547,.T.);
#14454 = PLANE('',#14455);
#14455 = AXIS2_PLACEMENT_3D('',#14456,#14457,#14458);
#14456 = CARTESIAN_POINT('',(27.494279298611,97.251289576033,
    5.986582410694));
#14457 = DIRECTION('',(1.87515561889E-03,0.894382127955,-0.447299779774)
  );
#14458 = DIRECTION('',(-2.046676529626E-20,0.447300566176,0.894383700376
    ));
#14459 = ADVANCED_FACE('',(#14460),#14470,.T.);
#14460 = FACE_BOUND('',#14461,.T.);
#14461 = EDGE_LOOP('',(#14462,#14463,#14469));
#14462 = ORIENTED_EDGE('',*,*,#14448,.T.);
#14463 = ORIENTED_EDGE('',*,*,#14464,.F.);
#14464 = EDGE_CURVE('',#13508,#13841,#14465,.T.);
#14465 = LINE('',#14466,#14467);
#14466 = CARTESIAN_POINT('',(29.353380203247,97.436599731445,
    6.365180492401));
#14467 = VECTOR('',#14468,1.);
#14468 = DIRECTION('',(-0.993049412687,-5.094315057058E-02,
    -0.106102117664));
#14469 = ORIENTED_EDGE('',*,*,#13562,.T.);
#14470 = PLANE('',#14471);
#14471 = AXIS2_PLACEMENT_3D('',#14472,#14473,#14474);
#14472 = CARTESIAN_POINT('',(27.655226600206,97.30444431251,
    6.09361593964));
#14473 = DIRECTION('',(1.875154294823E-03,0.894513940304,-0.447036122027
    ));
#14474 = DIRECTION('',(-1.452705619075E-20,0.447036907965,0.894515512955
    ));
#14475 = ADVANCED_FACE('',(#14476),#14486,.T.);
#14476 = FACE_BOUND('',#14477,.T.);
#14477 = EDGE_LOOP('',(#14478,#14479,#14485));
#14478 = ORIENTED_EDGE('',*,*,#13586,.T.);
#14479 = ORIENTED_EDGE('',*,*,#14480,.F.);
#14480 = EDGE_CURVE('',#13841,#13579,#14481,.T.);
#14481 = LINE('',#14482,#14483);
#14482 = CARTESIAN_POINT('',(25.842351913452,97.256484985352,
    5.990045547485));
#14483 = VECTOR('',#14484,1.);
#14484 = DIRECTION('',(0.999624811415,-1.389222098638E-02,
    -2.360598651315E-02));
#14485 = ORIENTED_EDGE('',*,*,#14442,.T.);
#14486 = PLANE('',#14487);
#14487 = AXIS2_PLACEMENT_3D('',#14488,#14489,#14490);
#14488 = CARTESIAN_POINT('',(27.495509194308,97.241253663786,
    5.966505159337));
#14489 = DIRECTION('',(1.877840603628E-03,0.894564307001,-0.446935313389
    ));
#14490 = DIRECTION('',(-5.91184431143E-20,0.446936101402,0.89456588425)
  );
#14491 = ADVANCED_FACE('',(#14492),#14507,.T.);
#14492 = FACE_BOUND('',#14493,.T.);
#14493 = EDGE_LOOP('',(#14494,#14500,#14501));
#14494 = ORIENTED_EDGE('',*,*,#14495,.T.);
#14495 = EDGE_CURVE('',#13849,#11181,#14496,.T.);
#14496 = LINE('',#14497,#14498);
#14497 = CARTESIAN_POINT('',(25.842351913452,96.963516235352,
    5.564774513245));
#14498 = VECTOR('',#14499,1.);
#14499 = DIRECTION('',(0.999995383084,-2.4305913682E-03,
    1.823742222051E-03));
#14500 = ORIENTED_EDGE('',*,*,#13602,.T.);
#14501 = ORIENTED_EDGE('',*,*,#14502,.T.);
#14502 = EDGE_CURVE('',#11220,#13849,#14503,.T.);
#14503 = LINE('',#14504,#14505);
#14504 = CARTESIAN_POINT('',(28.816627502441,96.945922851562,
    5.556305885315));
#14505 = VECTOR('',#14506,1.);
#14506 = DIRECTION('',(-0.99997845247,5.915055336575E-03,
    2.847229585255E-03));
#14507 = PLANE('',#14508);
#14508 = AXIS2_PLACEMENT_3D('',#14509,#14510,#14511);
#14509 = CARTESIAN_POINT('',(27.337286070871,96.957287429791,
    5.564022043473));
#14510 = DIRECTION('',(3.038706773948E-03,0.801534000445,-0.597941479069
    ));
#14511 = DIRECTION('',(-1.639902061996E-19,0.597944239706,0.801537701049
    ));
#14512 = ADVANCED_FACE('',(#14513),#14523,.T.);
#14513 = FACE_BOUND('',#14514,.T.);
#14514 = EDGE_LOOP('',(#14515,#14516,#14517));
#14515 = ORIENTED_EDGE('',*,*,#13617,.T.);
#14516 = ORIENTED_EDGE('',*,*,#14495,.F.);
#14517 = ORIENTED_EDGE('',*,*,#14518,.T.);
#14518 = EDGE_CURVE('',#13849,#13579,#14519,.T.);
#14519 = LINE('',#14520,#14521);
#14520 = CARTESIAN_POINT('',(25.842351913452,96.963516235352,
    5.564774513245));
#14521 = VECTOR('',#14522,1.);
#14522 = DIRECTION('',(0.991464078203,7.555197341066E-02,0.106258557055)
  );
#14523 = PLANE('',#14524);
#14524 = AXIS2_PLACEMENT_3D('',#14525,#14526,#14527);
#14525 = CARTESIAN_POINT('',(27.520462651499,97.030896697537,
    5.663573471909));
#14526 = DIRECTION('',(3.038708863147E-03,0.80137870281,-0.598149597452)
  );
#14527 = DIRECTION('',(1.930922511429E-19,0.598152359053,0.801382402701)
  );
#14528 = ADVANCED_FACE('',(#14529),#14539,.T.);
#14529 = FACE_BOUND('',#14530,.T.);
#14530 = EDGE_LOOP('',(#14531,#14532,#14538));
#14531 = ORIENTED_EDGE('',*,*,#13695,.F.);
#14532 = ORIENTED_EDGE('',*,*,#14533,.F.);
#14533 = EDGE_CURVE('',#13650,#13688,#14534,.T.);
#14534 = LINE('',#14535,#14536);
#14535 = CARTESIAN_POINT('',(28.748277664185,96.880516052246,
    5.468331813812));
#14536 = VECTOR('',#14537,1.);
#14537 = DIRECTION('',(-0.585031831519,-0.600153708325,-0.545484447526)
  );
#14538 = ORIENTED_EDGE('',*,*,#13649,.T.);
#14539 = PLANE('',#14540);
#14540 = AXIS2_PLACEMENT_3D('',#14541,#14542,#14543);
#14541 = CARTESIAN_POINT('',(31.009697941924,83.067480879973,
    2.691321516624));
#14542 = DIRECTION('',(0.511367485746,0.249072017543,-0.822475789673));
#14543 = DIRECTION('',(-0.849239604368,-1.440352682057E-17,
    -0.52800766507));
#14544 = ADVANCED_FACE('',(#14545),#14555,.T.);
#14545 = FACE_BOUND('',#14546,.T.);
#14546 = EDGE_LOOP('',(#14547,#14553,#14554));
#14547 = ORIENTED_EDGE('',*,*,#14548,.T.);
#14548 = EDGE_CURVE('',#13650,#13849,#14549,.T.);
#14549 = LINE('',#14550,#14551);
#14550 = CARTESIAN_POINT('',(28.748277664185,96.880516052246,
    5.468331813812));
#14551 = VECTOR('',#14552,1.);
#14552 = DIRECTION('',(-0.999042740014,2.853504785196E-02,
    3.315651773657E-02));
#14553 = ORIENTED_EDGE('',*,*,#14502,.F.);
#14554 = ORIENTED_EDGE('',*,*,#13657,.T.);
#14555 = PLANE('',#14556);
#14556 = AXIS2_PLACEMENT_3D('',#14557,#14558,#14559);
#14557 = CARTESIAN_POINT('',(27.344176165061,96.93800596803,
    5.53822319762));
#14558 = DIRECTION('',(3.037113483842E-03,0.801370266936,-0.59816090746)
  );
#14559 = DIRECTION('',(2.236644966371E-19,0.598163666214,0.801373962904)
  );
#14560 = ADVANCED_FACE('',(#14561),#14578,.T.);
#14561 = FACE_BOUND('',#14562,.T.);
#14562 = EDGE_LOOP('',(#14563,#14571,#14577));
#14563 = ORIENTED_EDGE('',*,*,#14564,.T.);
#14564 = EDGE_CURVE('',#11242,#14565,#14567,.T.);
#14565 = VERTEX_POINT('',#14566);
#14566 = CARTESIAN_POINT('',(28.310764312744,96.431694030762,
    5.060393333435));
#14567 = LINE('',#14568,#14569);
#14568 = CARTESIAN_POINT('',(28.759929656982,92.438133239746,
    4.178826332092));
#14569 = VECTOR('',#14570,1.);
#14570 = DIRECTION('',(-0.109171839679,0.970654535168,0.214269182989));
#14571 = ORIENTED_EDGE('',*,*,#14572,.F.);
#14572 = EDGE_CURVE('',#11265,#14565,#14573,.T.);
#14573 = LINE('',#14574,#14575);
#14574 = CARTESIAN_POINT('',(28.458118438721,96.582862854004,
    5.197787284851));
#14575 = VECTOR('',#14576,1.);
#14576 = DIRECTION('',(-0.585022638088,-0.600167678942,-0.54547893642));
#14577 = ORIENTED_EDGE('',*,*,#13671,.T.);
#14578 = PLANE('',#14579);
#14579 = AXIS2_PLACEMENT_3D('',#14580,#14581,#14582);
#14580 = CARTESIAN_POINT('',(28.56741646004,94.532703732597,
    4.668455254849));
#14581 = DIRECTION('',(0.519236198695,0.239497765253,-0.820386854114));
#14582 = DIRECTION('',(-0.844978329888,-1.005468149894E-17,
    -0.534800544146));
#14583 = ADVANCED_FACE('',(#14584),#14599,.T.);
#14584 = FACE_BOUND('',#14585,.T.);
#14585 = EDGE_LOOP('',(#14586,#14592,#14598));
#14586 = ORIENTED_EDGE('',*,*,#14587,.T.);
#14587 = EDGE_CURVE('',#11265,#13865,#14588,.T.);
#14588 = LINE('',#14589,#14590);
#14589 = CARTESIAN_POINT('',(28.458118438721,96.582862854004,
    5.197787284851));
#14590 = VECTOR('',#14591,1.);
#14591 = DIRECTION('',(-0.982072726545,-0.150306899816,-0.113758497022)
  );
#14592 = ORIENTED_EDGE('',*,*,#14593,.F.);
#14593 = EDGE_CURVE('',#13688,#13865,#14594,.T.);
#14594 = LINE('',#14595,#14596);
#14595 = CARTESIAN_POINT('',(28.467502593994,96.592483520508,
    5.206536769867));
#14596 = VECTOR('',#14597,1.);
#14597 = DIRECTION('',(-0.981292811331,-0.153246903456,-0.116532420429)
  );
#14598 = ORIENTED_EDGE('',*,*,#13687,.T.);
#14599 = PLANE('',#14600);
#14600 = AXIS2_PLACEMENT_3D('',#14601,#14602,#14603);
#14601 = CARTESIAN_POINT('',(27.156510259539,96.385707530061,
    5.048940898229));
#14602 = DIRECTION('',(-2.003820021884E-02,0.683309153086,
    -0.729854144224));
#14603 = DIRECTION('',(-1.009509526902E-18,-0.730000717338,
    -0.683446378793));
#14604 = ADVANCED_FACE('',(#14605),#14622,.T.);
#14605 = FACE_BOUND('',#14606,.T.);
#14606 = EDGE_LOOP('',(#14607,#14608,#14616));
#14607 = ORIENTED_EDGE('',*,*,#13711,.T.);
#14608 = ORIENTED_EDGE('',*,*,#14609,.F.);
#14609 = EDGE_CURVE('',#14610,#419,#14612,.T.);
#14610 = VERTEX_POINT('',#14611);
#14611 = CARTESIAN_POINT('',(29.111646652222,73.881782531738,
    15.619809150696));
#14612 = LINE('',#14613,#14614);
#14613 = CARTESIAN_POINT('',(29.111646652222,73.881782531738,
    15.619809150696));
#14614 = VECTOR('',#14615,1.);
#14615 = DIRECTION('',(0.73443459226,-0.666210188805,0.129498316687));
#14616 = ORIENTED_EDGE('',*,*,#14617,.T.);
#14617 = EDGE_CURVE('',#14610,#13712,#14618,.T.);
#14618 = LINE('',#14619,#14620);
#14619 = CARTESIAN_POINT('',(29.111646652222,73.881782531738,
    15.619809150696));
#14620 = VECTOR('',#14621,1.);
#14621 = DIRECTION('',(-0.42764785293,-0.887337055083,0.172482650031));
#14622 = PLANE('',#14623);
#14623 = AXIS2_PLACEMENT_3D('',#14624,#14625,#14626);
#14624 = CARTESIAN_POINT('',(29.909153536579,72.798557188457,
    15.83036755317));
#14625 = DIRECTION('',(1.094066481451E-06,0.190810404951,0.981626909452)
  );
#14626 = DIRECTION('',(-1.589237769249E-23,0.981626909453,
    -0.190810404951));
#14627 = ADVANCED_FACE('',(#14628),#14643,.T.);
#14628 = FACE_BOUND('',#14629,.T.);
#14629 = EDGE_LOOP('',(#14630,#14631,#14637));
#14630 = ORIENTED_EDGE('',*,*,#13719,.F.);
#14631 = ORIENTED_EDGE('',*,*,#14632,.F.);
#14632 = EDGE_CURVE('',#14264,#13712,#14633,.T.);
#14633 = LINE('',#14634,#14635);
#14634 = CARTESIAN_POINT('',(28.673597335815,73.00032043457,
    0.208851546049));
#14635 = VECTOR('',#14636,1.);
#14636 = DIRECTION('',(6.721991695977E-04,-3.671881844125E-04,
    0.999999706661));
#14637 = ORIENTED_EDGE('',*,*,#14638,.T.);
#14638 = EDGE_CURVE('',#14264,#12099,#14639,.T.);
#14639 = LINE('',#14640,#14641);
#14640 = CARTESIAN_POINT('',(28.673597335815,73.00032043457,
    0.208851546049));
#14641 = VECTOR('',#14642,1.);
#14642 = DIRECTION('',(-1.365169678166E-03,-4.59336854895E-03,
    0.999988518573));
#14643 = PLANE('',#14644);
#14644 = AXIS2_PLACEMENT_3D('',#14645,#14646,#14647);
#14645 = CARTESIAN_POINT('',(28.6708834654,72.980927103278,
    8.022288099326));
#14646 = DIRECTION('',(-0.900790373859,0.434253517192,7.649635262362E-04
    ));
#14647 = DIRECTION('',(-0.434253644248,-0.900790637417,
    1.068447909837E-20));
#14648 = ADVANCED_FACE('',(#14649),#14654,.T.);
#14649 = FACE_BOUND('',#14650,.T.);
#14650 = EDGE_LOOP('',(#14651,#14652,#14653));
#14651 = ORIENTED_EDGE('',*,*,#13734,.T.);
#14652 = ORIENTED_EDGE('',*,*,#14638,.F.);
#14653 = ORIENTED_EDGE('',*,*,#14272,.F.);
#14654 = PLANE('',#14655);
#14655 = AXIS2_PLACEMENT_3D('',#14656,#14657,#14658);
#14656 = CARTESIAN_POINT('',(28.630802843235,72.903315957376,
    7.925994675025));
#14657 = DIRECTION('',(-0.885740416212,0.464179990097,9.229744056863E-04
    ));
#14658 = DIRECTION('',(-0.46418018781,-0.885740793486,
    -6.588308372941E-20));
#14659 = ADVANCED_FACE('',(#14660),#14670,.T.);
#14660 = FACE_BOUND('',#14661,.T.);
#14661 = EDGE_LOOP('',(#14662,#14663,#14669));
#14662 = ORIENTED_EDGE('',*,*,#13778,.T.);
#14663 = ORIENTED_EDGE('',*,*,#14664,.F.);
#14664 = EDGE_CURVE('',#12173,#13771,#14665,.T.);
#14665 = LINE('',#14666,#14667);
#14666 = CARTESIAN_POINT('',(29.661344528198,97.639213562012,
    7.235283851624));
#14667 = VECTOR('',#14668,1.);
#14668 = DIRECTION('',(-0.997342447874,-9.145306056867E-03,
    -7.228004596693E-02));
#14669 = ORIENTED_EDGE('',*,*,#13755,.T.);
#14670 = PLANE('',#14671);
#14671 = AXIS2_PLACEMENT_3D('',#14672,#14673,#14674);
#14672 = CARTESIAN_POINT('',(27.801974582254,97.61156265024,
    7.031321562233));
#14673 = DIRECTION('',(1.909085456315E-03,0.988469321267,-0.151409234549
    ));
#14674 = DIRECTION('',(-3.0307729681E-20,0.151409510463,0.988471122563)
  );
#14675 = ADVANCED_FACE('',(#14676),#14681,.T.);
#14676 = FACE_BOUND('',#14677,.T.);
#14677 = EDGE_LOOP('',(#14678,#14679,#14680));
#14678 = ORIENTED_EDGE('',*,*,#13826,.F.);
#14679 = ORIENTED_EDGE('',*,*,#13793,.F.);
#14680 = ORIENTED_EDGE('',*,*,#14664,.T.);
#14681 = PLANE('',#14682);
#14682 = AXIS2_PLACEMENT_3D('',#14683,#14684,#14685);
#14683 = CARTESIAN_POINT('',(27.631180873852,97.632408281218,
    7.224861517902));
#14684 = DIRECTION('',(-2.897760976407E-03,0.996284728357,
    -8.607173185646E-02));
#14685 = DIRECTION('',(1.929362785324E-20,8.607209323171E-02,
    0.996288911294));
#14686 = ADVANCED_FACE('',(#14687),#14692,.T.);
#14687 = FACE_BOUND('',#14688,.T.);
#14688 = EDGE_LOOP('',(#14689,#14690,#14691));
#14689 = ORIENTED_EDGE('',*,*,#14363,.T.);
#14690 = ORIENTED_EDGE('',*,*,#14401,.F.);
#14691 = ORIENTED_EDGE('',*,*,#13832,.F.);
#14692 = PLANE('',#14693);
#14693 = AXIS2_PLACEMENT_3D('',#14694,#14695,#14696);
#14694 = CARTESIAN_POINT('',(27.570067051769,97.554858759375,
    6.754941780226));
#14695 = DIRECTION('',(-2.516823170558E-03,0.966763621781,
    -0.255659471178));
#14696 = DIRECTION('',(1.370230988148E-20,0.255660280906,0.966766683728)
  );
#14697 = ADVANCED_FACE('',(#14698),#14703,.T.);
#14698 = FACE_BOUND('',#14699,.T.);
#14699 = EDGE_LOOP('',(#14700,#14701,#14702));
#14700 = ORIENTED_EDGE('',*,*,#13840,.F.);
#14701 = ORIENTED_EDGE('',*,*,#14415,.F.);
#14702 = ORIENTED_EDGE('',*,*,#14464,.T.);
#14703 = PLANE('',#14704);
#14704 = AXIS2_PLACEMENT_3D('',#14705,#14706,#14707);
#14705 = CARTESIAN_POINT('',(27.478020844281,97.397831229453,
    6.289760865429));
#14706 = DIRECTION('',(-1.986635593034E-03,0.908602742907,
    -0.417656687796));
#14707 = DIRECTION('',(-4.978400002791E-22,0.417657511986,0.908604535913
    ));
#14708 = ADVANCED_FACE('',(#14709),#14714,.T.);
#14709 = FACE_BOUND('',#14710,.T.);
#14710 = EDGE_LOOP('',(#14711,#14712,#14713));
#14711 = ORIENTED_EDGE('',*,*,#14480,.T.);
#14712 = ORIENTED_EDGE('',*,*,#14518,.F.);
#14713 = ORIENTED_EDGE('',*,*,#13848,.F.);
#14714 = PLANE('',#14715);
#14715 = AXIS2_PLACEMENT_3D('',#14716,#14717,#14718);
#14716 = CARTESIAN_POINT('',(27.34904149855,97.156659555254,
    5.839954584687));
#14717 = DIRECTION('',(-1.952364549821E-03,0.823502177893,
    -0.567309748971));
#14718 = DIRECTION('',(-6.023347021292E-21,0.567310830189,0.823503747381
    ));
#14719 = ADVANCED_FACE('',(#14720),#14730,.T.);
#14720 = FACE_BOUND('',#14721,.T.);
#14721 = EDGE_LOOP('',(#14722,#14723,#14724));
#14722 = ORIENTED_EDGE('',*,*,#13856,.F.);
#14723 = ORIENTED_EDGE('',*,*,#14548,.F.);
#14724 = ORIENTED_EDGE('',*,*,#14725,.T.);
#14725 = EDGE_CURVE('',#13650,#13857,#14726,.T.);
#14726 = LINE('',#14727,#14728);
#14727 = CARTESIAN_POINT('',(28.748277664185,96.880516052246,
    5.468331813812));
#14728 = VECTOR('',#14729,1.);
#14729 = DIRECTION('',(-0.991135070461,-9.50084278808E-02,
    -9.286910538151E-02));
#14730 = PLANE('',#14731);
#14731 = AXIS2_PLACEMENT_3D('',#14732,#14733,#14734);
#14732 = CARTESIAN_POINT('',(27.177283443668,96.827325411715,
    5.420463720803));
#14733 = DIRECTION('',(-2.842142969626E-03,0.714012118269,
    -0.700127572081));
#14734 = DIRECTION('',(1.239120326672E-19,0.700130399835,0.714015002102)
  );
#14735 = ADVANCED_FACE('',(#14736),#14746,.T.);
#14736 = FACE_BOUND('',#14737,.T.);
#14737 = EDGE_LOOP('',(#14738,#14739,#14745));
#14738 = ORIENTED_EDGE('',*,*,#13864,.F.);
#14739 = ORIENTED_EDGE('',*,*,#14740,.F.);
#14740 = EDGE_CURVE('',#13688,#13857,#14741,.T.);
#14741 = LINE('',#14742,#14743);
#14742 = CARTESIAN_POINT('',(28.467502593994,96.592483520508,
    5.206536769867));
#14743 = VECTOR('',#14744,1.);
#14744 = DIRECTION('',(-0.999985502722,3.609533999734E-03,
    -3.995698919391E-03));
#14745 = ORIENTED_EDGE('',*,*,#14593,.T.);
#14746 = PLANE('',#14747);
#14747 = AXIS2_PLACEMENT_3D('',#14748,#14749,#14750);
#14748 = CARTESIAN_POINT('',(27.038396400448,96.482570676562,
    5.11817808831));
#14749 = DIRECTION('',(5.351020545521E-03,0.583352166138,-0.812201709455
    ));
#14750 = DIRECTION('',(3.485023848796E-19,-0.812213337761,
    -0.583360518002));
#14751 = ADVANCED_FACE('',(#14752),#14769,.T.);
#14752 = FACE_BOUND('',#14753,.T.);
#14753 = EDGE_LOOP('',(#14754,#14762,#14768));
#14754 = ORIENTED_EDGE('',*,*,#14755,.T.);
#14755 = EDGE_CURVE('',#13865,#14756,#14758,.T.);
#14756 = VERTEX_POINT('',#14757);
#14757 = CARTESIAN_POINT('',(28.072751998901,96.173622131348,
    4.910015583038));
#14758 = LINE('',#14759,#14760);
#14759 = CARTESIAN_POINT('',(25.842351913452,96.182518005371,
    4.89478969574));
#14760 = VECTOR('',#14761,1.);
#14761 = DIRECTION('',(0.999968746798,-3.988340951439E-03,
    6.826314050193E-03));
#14762 = ORIENTED_EDGE('',*,*,#14763,.F.);
#14763 = EDGE_CURVE('',#13873,#14756,#14764,.T.);
#14764 = LINE('',#14765,#14766);
#14765 = CARTESIAN_POINT('',(25.842351913452,95.717628479004,
    4.669929027557));
#14766 = VECTOR('',#14767,1.);
#14767 = DIRECTION('',(0.974330972683,0.199196880292,0.104879733755));
#14768 = ORIENTED_EDGE('',*,*,#13872,.F.);
#14769 = PLANE('',#14770);
#14770 = AXIS2_PLACEMENT_3D('',#14771,#14772,#14773);
#14771 = CARTESIAN_POINT('',(26.843195130761,96.049031440192,
    4.838987156899));
#14772 = DIRECTION('',(7.881844309315E-03,0.435412651959,-0.900196478023
    ));
#14773 = DIRECTION('',(-4.898035057404E-19,-0.90022444099,
    -0.435426177262));
#14774 = ADVANCED_FACE('',(#14775),#14792,.T.);
#14775 = FACE_BOUND('',#14776,.T.);
#14776 = EDGE_LOOP('',(#14777,#14778,#14786));
#14777 = ORIENTED_EDGE('',*,*,#13880,.F.);
#14778 = ORIENTED_EDGE('',*,*,#14779,.F.);
#14779 = EDGE_CURVE('',#14780,#13873,#14782,.T.);
#14780 = VERTEX_POINT('',#14781);
#14781 = CARTESIAN_POINT('',(27.654891967773,95.713302612305,
    4.683290958405));
#14782 = LINE('',#14783,#14784);
#14783 = CARTESIAN_POINT('',(27.654891967773,95.713302612305,
    4.683290958405));
#14784 = VECTOR('',#14785,1.);
#14785 = DIRECTION('',(-0.999969980618,2.386560688169E-03,
    -7.371715564801E-03));
#14786 = ORIENTED_EDGE('',*,*,#14787,.T.);
#14787 = EDGE_CURVE('',#14780,#13881,#14788,.T.);
#14788 = LINE('',#14789,#14790);
#14789 = CARTESIAN_POINT('',(27.654891967773,95.713302612305,
    4.683290958405));
#14790 = VECTOR('',#14791,1.);
#14791 = DIRECTION('',(-0.96176907281,-0.261192616629,
    -8.233266425765E-02));
#14792 = PLANE('',#14793);
#14793 = AXIS2_PLACEMENT_3D('',#14794,#14795,#14796);
#14794 = CARTESIAN_POINT('',(26.637549967439,95.574253068013,
    4.635390345257));
#14795 = DIRECTION('',(7.743682328108E-03,0.274578866153,-0.961533401212
    ));
#14796 = DIRECTION('',(1.247227329631E-19,-0.961562231499,
    -0.274587099031));
#14797 = ADVANCED_FACE('',(#14798),#14815,.T.);
#14798 = FACE_BOUND('',#14799,.T.);
#14799 = EDGE_LOOP('',(#14800,#14808,#14814));
#14800 = ORIENTED_EDGE('',*,*,#14801,.T.);
#14801 = EDGE_CURVE('',#13881,#14802,#14804,.T.);
#14802 = VERTEX_POINT('',#14803);
#14803 = CARTESIAN_POINT('',(27.222118377686,95.221061706543,
    4.528127670288));
#14804 = LINE('',#14805,#14806);
#14805 = CARTESIAN_POINT('',(25.842351913452,95.221061706543,
    4.528127670288));
#14806 = VECTOR('',#14807,1.);
#14807 = DIRECTION('',(1.,0.,0.));
#14808 = ORIENTED_EDGE('',*,*,#14809,.F.);
#14809 = EDGE_CURVE('',#13889,#14802,#14810,.T.);
#14810 = LINE('',#14811,#14812);
#14811 = CARTESIAN_POINT('',(25.842351913452,94.260955810547,
    4.341500759125));
#14812 = VECTOR('',#14813,1.);
#14813 = DIRECTION('',(0.815817615558,0.567683969033,0.110347312832));
#14814 = ORIENTED_EDGE('',*,*,#13888,.F.);
#14815 = PLANE('',#14816);
#14816 = AXIS2_PLACEMENT_3D('',#14817,#14818,#14819);
#14817 = CARTESIAN_POINT('',(26.365591567218,94.904590585739,
    4.466611510462));
#14818 = DIRECTION('',(0.,0.190810207452,-0.981626947843));
#14819 = DIRECTION('',(0.,-0.981626947843,-0.190810207452));
#14820 = ADVANCED_FACE('',(#14821),#14846,.T.);
#14821 = FACE_BOUND('',#14822,.T.);
#14822 = EDGE_LOOP('',(#14823,#14833,#14839,#14840));
#14823 = ORIENTED_EDGE('',*,*,#14824,.F.);
#14824 = EDGE_CURVE('',#14825,#14827,#14829,.T.);
#14825 = VERTEX_POINT('',#14826);
#14826 = CARTESIAN_POINT('',(27.577095031738,93.177139282227,
    11.869172096252));
#14827 = VERTEX_POINT('',#14828);
#14828 = CARTESIAN_POINT('',(27.577095031738,93.177139282227,
    4.130827903748));
#14829 = LINE('',#14830,#14831);
#14830 = CARTESIAN_POINT('',(27.577095031738,93.177139282227,
    11.869172096252));
#14831 = VECTOR('',#14832,1.);
#14832 = DIRECTION('',(0.,0.,-1.));
#14833 = ORIENTED_EDGE('',*,*,#14834,.T.);
#14834 = EDGE_CURVE('',#14825,#13897,#14835,.T.);
#14835 = LINE('',#14836,#14837);
#14836 = CARTESIAN_POINT('',(27.577095031738,93.177139282227,
    11.869172096252));
#14837 = VECTOR('',#14838,1.);
#14838 = DIRECTION('',(-0.843623005738,0.527070865797,-0.102452557891));
#14839 = ORIENTED_EDGE('',*,*,#13896,.F.);
#14840 = ORIENTED_EDGE('',*,*,#14841,.T.);
#14841 = EDGE_CURVE('',#13889,#14827,#14842,.T.);
#14842 = LINE('',#14843,#14844);
#14843 = CARTESIAN_POINT('',(25.842351913452,94.260955810547,
    4.341500759125));
#14844 = VECTOR('',#14845,1.);
#14845 = DIRECTION('',(0.84362302578,-0.527070878319,-0.102452328434));
#14846 = PLANE('',#14847);
#14847 = AXIS2_PLACEMENT_3D('',#14848,#14849,#14850);
#14848 = CARTESIAN_POINT('',(26.728789872404,93.707135420014,
    7.999999893004));
#14849 = DIRECTION('',(-0.529859041404,-0.848085724584,-0.));
#14850 = DIRECTION('',(-0.848085724584,0.529859041404,0.));
#14851 = ADVANCED_FACE('',(#14852),#14870,.T.);
#14852 = FACE_BOUND('',#14853,.T.);
#14853 = EDGE_LOOP('',(#14854,#14862,#14868,#14869));
#14854 = ORIENTED_EDGE('',*,*,#14855,.T.);
#14855 = EDGE_CURVE('',#14825,#14856,#14858,.T.);
#14856 = VERTEX_POINT('',#14857);
#14857 = CARTESIAN_POINT('',(27.222118377686,95.221061706543,
    11.471872329712));
#14858 = LINE('',#14859,#14860);
#14859 = CARTESIAN_POINT('',(27.577095031738,93.177139282227,
    11.869172096252));
#14860 = VECTOR('',#14861,1.);
#14861 = DIRECTION('',(-0.168058540863,0.967665384036,-0.188095803732));
#14862 = ORIENTED_EDGE('',*,*,#14863,.T.);
#14863 = EDGE_CURVE('',#14856,#13905,#14864,.T.);
#14864 = LINE('',#14865,#14866);
#14865 = CARTESIAN_POINT('',(27.222118377686,95.221061706543,
    11.471872329712));
#14866 = VECTOR('',#14867,1.);
#14867 = DIRECTION('',(-1.,0.,0.));
#14868 = ORIENTED_EDGE('',*,*,#13904,.F.);
#14869 = ORIENTED_EDGE('',*,*,#14834,.F.);
#14870 = PLANE('',#14871);
#14871 = AXIS2_PLACEMENT_3D('',#14872,#14873,#14874);
#14872 = CARTESIAN_POINT('',(26.765487683948,94.345117750746,
    11.64213923886));
#14873 = DIRECTION('',(2.336974770822E-08,0.190809697259,0.981627047015)
  );
#14874 = DIRECTION('',(-4.391121416934E-25,0.981627047015,
    -0.190809697259));
#14875 = ADVANCED_FACE('',(#14876),#14886,.T.);
#14876 = FACE_BOUND('',#14877,.T.);
#14877 = EDGE_LOOP('',(#14878,#14879,#14880));
#14878 = ORIENTED_EDGE('',*,*,#13912,.F.);
#14879 = ORIENTED_EDGE('',*,*,#14863,.F.);
#14880 = ORIENTED_EDGE('',*,*,#14881,.T.);
#14881 = EDGE_CURVE('',#14856,#13913,#14882,.T.);
#14882 = LINE('',#14883,#14884);
#14883 = CARTESIAN_POINT('',(27.222118377686,95.221061706543,
    11.471872329712));
#14884 = VECTOR('',#14885,1.);
#14885 = DIRECTION('',(-0.936551170738,0.337057178989,
    -9.625155936735E-02));
#14886 = PLANE('',#14887);
#14887 = AXIS2_PLACEMENT_3D('',#14888,#14889,#14890);
#14888 = CARTESIAN_POINT('',(26.426499812636,95.367674015868,
    11.430005061264));
#14889 = DIRECTION('',(0.,0.274587952769,0.961561987702));
#14890 = DIRECTION('',(0.,0.961561987702,-0.274587952769));
#14891 = ADVANCED_FACE('',(#14892),#14909,.T.);
#14892 = FACE_BOUND('',#14893,.T.);
#14893 = EDGE_LOOP('',(#14894,#14895,#14903));
#14894 = ORIENTED_EDGE('',*,*,#13920,.F.);
#14895 = ORIENTED_EDGE('',*,*,#14896,.F.);
#14896 = EDGE_CURVE('',#14897,#13913,#14899,.T.);
#14897 = VERTEX_POINT('',#14898);
#14898 = CARTESIAN_POINT('',(27.65412902832,95.71297454834,
    11.319761276245));
#14899 = LINE('',#14900,#14901);
#14900 = CARTESIAN_POINT('',(27.65412902832,95.71297454834,
    11.319761276245));
#14901 = VECTOR('',#14902,1.);
#14902 = DIRECTION('',(-0.999980512731,2.568660313387E-03,
    5.690003686007E-03));
#14903 = ORIENTED_EDGE('',*,*,#14904,.T.);
#14904 = EDGE_CURVE('',#14897,#13921,#14905,.T.);
#14905 = LINE('',#14906,#14907);
#14906 = CARTESIAN_POINT('',(27.65412902832,95.71297454834,
    11.319761276245));
#14907 = VECTOR('',#14908,1.);
#14908 = DIRECTION('',(-0.961721563206,0.249241511985,-0.113887240584));
#14909 = PLANE('',#14910);
#14910 = AXIS2_PLACEMENT_3D('',#14911,#14912,#14913);
#14911 = CARTESIAN_POINT('',(26.637176510637,95.84804708785,
    11.261478771869));
#14912 = DIRECTION('',(6.240742550888E-03,0.435416949656,0.900207272291)
  );
#14913 = DIRECTION('',(4.12244591521E-19,0.900224802929,-0.435425428966)
  );
#14914 = ADVANCED_FACE('',(#14915),#14930,.T.);
#14915 = FACE_BOUND('',#14916,.T.);
#14916 = EDGE_LOOP('',(#14917,#14918,#14924));
#14917 = ORIENTED_EDGE('',*,*,#13928,.F.);
#14918 = ORIENTED_EDGE('',*,*,#14919,.F.);
#14919 = EDGE_CURVE('',#14203,#13921,#14920,.T.);
#14920 = LINE('',#14921,#14922);
#14921 = CARTESIAN_POINT('',(28.07709312439,96.181358337402,
    11.102779388428));
#14922 = VECTOR('',#14923,1.);
#14923 = DIRECTION('',(-0.999999273721,5.189268094363E-04,
    1.08778325432E-03));
#14924 = ORIENTED_EDGE('',*,*,#14925,.T.);
#14925 = EDGE_CURVE('',#14203,#12670,#14926,.T.);
#14926 = LINE('',#14927,#14928);
#14927 = CARTESIAN_POINT('',(28.07709312439,96.181358337402,
    11.102779388428));
#14928 = VECTOR('',#14929,1.);
#14929 = DIRECTION('',(-0.974368418906,0.183385988167,-0.130291072539));
#14930 = PLANE('',#14931);
#14931 = AXIS2_PLACEMENT_3D('',#14932,#14933,#14934);
#14932 = CARTESIAN_POINT('',(26.845338938853,96.298814152839,
    11.020217547543));
#14933 = DIRECTION('',(1.186233666851E-03,0.583359498434,0.812213203806)
  );
#14934 = DIRECTION('',(-9.180903125722E-20,0.812213775259,
    -0.583359908872));
#14935 = ADVANCED_FACE('',(#14936),#14946,.T.);
#14936 = FACE_BOUND('',#14937,.T.);
#14937 = EDGE_LOOP('',(#14938,#14939,#14940));
#14938 = ORIENTED_EDGE('',*,*,#13958,.F.);
#14939 = ORIENTED_EDGE('',*,*,#14004,.F.);
#14940 = ORIENTED_EDGE('',*,*,#14941,.T.);
#14941 = EDGE_CURVE('',#12300,#12229,#14942,.T.);
#14942 = LINE('',#14943,#14944);
#14943 = CARTESIAN_POINT('',(29.615831375122,97.619346618652,
    8.945191383362));
#14944 = VECTOR('',#14945,1.);
#14945 = DIRECTION('',(-0.993885181975,7.716414051396E-03,
    -0.110148545174));
#14946 = PLANE('',#14947);
#14947 = AXIS2_PLACEMENT_3D('',#14948,#14949,#14950);
#14948 = CARTESIAN_POINT('',(27.608622120505,97.623138800989,
    8.859227951068));
#14949 = DIRECTION('',(-1.803966102267E-03,0.996287290184,
    8.607195317966E-02));
#14950 = DIRECTION('',(2.677790022083E-20,-8.607209323171E-02,
    0.996288911294));
#14951 = ADVANCED_FACE('',(#14952),#14957,.T.);
#14952 = FACE_BOUND('',#14953,.T.);
#14953 = EDGE_LOOP('',(#14954,#14955,#14956));
#14954 = ORIENTED_EDGE('',*,*,#13973,.T.);
#14955 = ORIENTED_EDGE('',*,*,#14941,.F.);
#14956 = ORIENTED_EDGE('',*,*,#13989,.T.);
#14957 = PLANE('',#14958);
#14958 = AXIS2_PLACEMENT_3D('',#14959,#14960,#14961);
#14959 = CARTESIAN_POINT('',(27.84357313788,97.640377737466,
    8.644992566644));
#14960 = DIRECTION('',(-8.585055422123E-07,0.997554630429,
    6.98910531324E-02));
#14961 = DIRECTION('',(-1.085585425394E-23,-6.989105313242E-02,
    0.99755463043));
#14962 = ADVANCED_FACE('',(#14963),#14988,.T.);
#14963 = FACE_BOUND('',#14964,.T.);
#14964 = EDGE_LOOP('',(#14965,#14966,#14974,#14982));
#14965 = ORIENTED_EDGE('',*,*,#14060,.F.);
#14966 = ORIENTED_EDGE('',*,*,#14967,.F.);
#14967 = EDGE_CURVE('',#14968,#14037,#14970,.T.);
#14968 = VERTEX_POINT('',#14969);
#14969 = CARTESIAN_POINT('',(25.842351913452,90.799057006836,
    3.668575286865));
#14970 = LINE('',#14971,#14972);
#14971 = CARTESIAN_POINT('',(25.842351913452,90.799057006836,
    3.668575286865));
#14972 = VECTOR('',#14973,1.);
#14973 = DIRECTION('',(0.,0.,1.));
#14974 = ORIENTED_EDGE('',*,*,#14975,.F.);
#14975 = EDGE_CURVE('',#14976,#14968,#14978,.T.);
#14976 = VERTEX_POINT('',#14977);
#14977 = CARTESIAN_POINT('',(25.842351913452,87.511566162109,
    3.029552221298));
#14978 = LINE('',#14979,#14980);
#14979 = CARTESIAN_POINT('',(25.842351913452,87.511566162109,
    3.029552221298));
#14980 = VECTOR('',#14981,1.);
#14981 = DIRECTION('',(0.,0.981627207,0.190808874211));
#14982 = ORIENTED_EDGE('',*,*,#14983,.T.);
#14983 = EDGE_CURVE('',#14976,#14061,#14984,.T.);
#14984 = LINE('',#14985,#14986);
#14985 = CARTESIAN_POINT('',(25.842351913452,87.511566162109,
    3.029552221298));
#14986 = VECTOR('',#14987,1.);
#14987 = DIRECTION('',(0.,0.,1.));
#14988 = PLANE('',#14989);
#14989 = AXIS2_PLACEMENT_3D('',#14990,#14991,#14992);
#14990 = CARTESIAN_POINT('',(25.842351913452,89.072282587753,
    7.999999929022));
#14991 = DIRECTION('',(-1.,-0.,-0.));
#14992 = DIRECTION('',(0.,0.,-1.));
#14993 = ADVANCED_FACE('',(#14994),#15005,.T.);
#14994 = FACE_BOUND('',#14995,.T.);
#14995 = EDGE_LOOP('',(#14996,#14997,#14998,#15004));
#14996 = ORIENTED_EDGE('',*,*,#14068,.F.);
#14997 = ORIENTED_EDGE('',*,*,#14983,.F.);
#14998 = ORIENTED_EDGE('',*,*,#14999,.F.);
#14999 = EDGE_CURVE('',#14091,#14976,#15000,.T.);
#15000 = LINE('',#15001,#15002);
#15001 = CARTESIAN_POINT('',(27.588558197021,87.511566162109,
    3.029552221298));
#15002 = VECTOR('',#15003,1.);
#15003 = DIRECTION('',(-1.,0.,0.));
#15004 = ORIENTED_EDGE('',*,*,#14090,.T.);
#15005 = PLANE('',#15006);
#15006 = AXIS2_PLACEMENT_3D('',#15007,#15008,#15009);
#15007 = CARTESIAN_POINT('',(26.715455055237,87.511566162109,
    7.999999880791));
#15008 = DIRECTION('',(-0.,-1.,-0.));
#15009 = DIRECTION('',(0.,0.,-1.));
#15010 = ADVANCED_FACE('',(#15011),#15021,.T.);
#15011 = FACE_BOUND('',#15012,.T.);
#15012 = EDGE_LOOP('',(#15013,#15019,#15020));
#15013 = ORIENTED_EDGE('',*,*,#15014,.T.);
#15014 = EDGE_CURVE('',#13413,#14113,#15015,.T.);
#15015 = LINE('',#15016,#15017);
#15016 = CARTESIAN_POINT('',(29.409498214722,77.026664733887,
    0.991494417191));
#15017 = VECTOR('',#15018,1.);
#15018 = DIRECTION('',(6.078989127623E-03,-7.299388903501E-02,
    0.997313861357));
#15019 = ORIENTED_EDGE('',*,*,#14121,.F.);
#15020 = ORIENTED_EDGE('',*,*,#14083,.F.);
#15021 = PLANE('',#15022);
#15022 = AXIS2_PLACEMENT_3D('',#15023,#15024,#15025);
#15023 = CARTESIAN_POINT('',(29.432129488806,76.754918120336,
    8.306933192808));
#15024 = DIRECTION('',(-0.996550089867,-8.299348399602E-02,-0.));
#15025 = DIRECTION('',(8.299348399602E-02,-0.996550089867,0.));
#15026 = ADVANCED_FACE('',(#15027),#15044,.T.);
#15027 = FACE_BOUND('',#15028,.T.);
#15028 = EDGE_LOOP('',(#15029,#15037,#15038));
#15029 = ORIENTED_EDGE('',*,*,#15030,.F.);
#15030 = EDGE_CURVE('',#419,#15031,#15033,.T.);
#15031 = VERTEX_POINT('',#15032);
#15032 = CARTESIAN_POINT('',(29.497888565063,75.96533203125,
    15.21480846405));
#15033 = LINE('',#15034,#15035);
#15034 = CARTESIAN_POINT('',(31.267854690552,71.925872802734,16.));
#15035 = VECTOR('',#15036,1.);
#15036 = DIRECTION('',(-0.395119754141,0.901751798663,-0.175282838564));
#15037 = ORIENTED_EDGE('',*,*,#14112,.F.);
#15038 = ORIENTED_EDGE('',*,*,#15039,.T.);
#15039 = EDGE_CURVE('',#14113,#15031,#15040,.T.);
#15040 = LINE('',#15041,#15042);
#15041 = CARTESIAN_POINT('',(29.496170043945,75.985946655273,
    15.210802078247));
#15042 = VECTOR('',#15043,1.);
#15043 = DIRECTION('',(8.156041881008E-02,-0.978362937291,0.190141686693
    ));
#15044 = PLANE('',#15045);
#15045 = AXIS2_PLACEMENT_3D('',#15046,#15047,#15048);
#15046 = CARTESIAN_POINT('',(30.380368184817,73.955508010177,
    15.605478953108));
#15047 = DIRECTION('',(-9.290282999489E-05,0.190769816708,0.981634793802
    ));
#15048 = DIRECTION('',(-3.446953281181E-22,0.981634798038,
    -0.190769817532));
#15049 = ADVANCED_FACE('',(#15050),#15060,.T.);
#15050 = FACE_BOUND('',#15051,.T.);
#15051 = EDGE_LOOP('',(#15052,#15058,#15059));
#15052 = ORIENTED_EDGE('',*,*,#15053,.T.);
#15053 = EDGE_CURVE('',#14203,#14169,#15054,.T.);
#15054 = LINE('',#15055,#15056);
#15055 = CARTESIAN_POINT('',(28.07709312439,96.181358337402,
    11.102779388428));
#15056 = VECTOR('',#15057,1.);
#15057 = DIRECTION('',(0.165849981851,-0.967961598488,0.188531502333));
#15058 = ORIENTED_EDGE('',*,*,#14168,.F.);
#15059 = ORIENTED_EDGE('',*,*,#14202,.T.);
#15060 = PLANE('',#15061);
#15061 = AXIS2_PLACEMENT_3D('',#15062,#15063,#15064);
#15062 = CARTESIAN_POINT('',(28.40928836592,94.303761623237,
    11.465781087916));
#15063 = DIRECTION('',(0.242954311693,0.225392574269,0.943488945295));
#15064 = DIRECTION('',(0.968407994135,4.293404405241E-18,-0.249371122817
    ));
#15065 = ADVANCED_FACE('',(#15066),#15083,.T.);
#15066 = FACE_BOUND('',#15067,.T.);
#15067 = EDGE_LOOP('',(#15068,#15069,#15077));
#15068 = ORIENTED_EDGE('',*,*,#14176,.T.);
#15069 = ORIENTED_EDGE('',*,*,#15070,.F.);
#15070 = EDGE_CURVE('',#15071,#14169,#15073,.T.);
#15071 = VERTEX_POINT('',#15072);
#15072 = CARTESIAN_POINT('',(28.713966369629,92.466850280762,
    4.171986579895));
#15073 = LINE('',#15074,#15075);
#15074 = CARTESIAN_POINT('',(28.713966369629,92.466850280762,
    4.171986579895));
#15075 = VECTOR('',#15076,1.);
#15076 = DIRECTION('',(-6.304489115375E-05,3.887352972326E-05,
    0.999999997257));
#15077 = ORIENTED_EDGE('',*,*,#15078,.T.);
#15078 = EDGE_CURVE('',#15071,#11242,#15079,.T.);
#15079 = LINE('',#15080,#15081);
#15080 = CARTESIAN_POINT('',(28.713966369629,92.466850280762,
    4.171986579895));
#15081 = VECTOR('',#15082,1.);
#15082 = DIRECTION('',(0.841407262236,-0.525696229572,0.125208998356));
#15083 = PLANE('',#15084);
#15084 = AXIS2_PLACEMENT_3D('',#15085,#15086,#15087);
#15085 = CARTESIAN_POINT('',(28.725252674633,92.459796832002,
    7.987195768546));
#15086 = DIRECTION('',(-0.529866023154,-0.848081362552,
    -4.37429702092E-07));
#15087 = DIRECTION('',(-0.848081362552,0.529866023154,
    -2.580260335953E-23));
#15088 = ADVANCED_FACE('',(#15089),#15094,.T.);
#15089 = FACE_BOUND('',#15090,.T.);
#15090 = EDGE_LOOP('',(#15091,#15092,#15093));
#15091 = ORIENTED_EDGE('',*,*,#14226,.T.);
#15092 = ORIENTED_EDGE('',*,*,#14925,.F.);
#15093 = ORIENTED_EDGE('',*,*,#14211,.T.);
#15094 = PLANE('',#15095);
#15095 = AXIS2_PLACEMENT_3D('',#15096,#15097,#15098);
#15096 = CARTESIAN_POINT('',(26.972749820996,96.395940433537,
    10.951747065045));
#15097 = DIRECTION('',(-3.555942776548E-02,0.446340582875,0.894156368414
    ));
#15098 = DIRECTION('',(1.052521744109E-18,0.894722223351,-0.446623043562
    ));
#15099 = ADVANCED_FACE('',(#15100),#15117,.T.);
#15100 = FACE_BOUND('',#15101,.T.);
#15101 = EDGE_LOOP('',(#15102,#15103,#15111));
#15102 = ORIENTED_EDGE('',*,*,#14263,.F.);
#15103 = ORIENTED_EDGE('',*,*,#15104,.T.);
#15104 = EDGE_CURVE('',#14264,#15105,#15107,.T.);
#15105 = VERTEX_POINT('',#15106);
#15106 = CARTESIAN_POINT('',(29.036724090576,73.692970275879,
    0.343489378691));
#15107 = LINE('',#15108,#15109);
#15108 = CARTESIAN_POINT('',(28.673597335815,73.00032043457,
    0.208851546049));
#15109 = VECTOR('',#15110,1.);
#15110 = DIRECTION('',(0.45758671335,0.872828455165,0.169661096362));
#15111 = ORIENTED_EDGE('',*,*,#15112,.T.);
#15112 = EDGE_CURVE('',#15105,#6528,#15113,.T.);
#15113 = LINE('',#15114,#15115);
#15114 = CARTESIAN_POINT('',(29.036724090576,73.692970275879,
    0.343489378691));
#15115 = VECTOR('',#15116,1.);
#15116 = DIRECTION('',(0.778264229252,-0.616399933274,-0.119816158035));
#15117 = PLANE('',#15118);
#15118 = AXIS2_PLACEMENT_3D('',#15119,#15120,#15121);
#15119 = CARTESIAN_POINT('',(29.91440002361,72.724674866331,
    0.155271535525));
#15120 = DIRECTION('',(1.392317153248E-07,0.190809392576,-0.98162710624)
  );
#15121 = DIRECTION('',(-1.726579865964E-24,-0.98162710624,
    -0.190809392576));
#15122 = ADVANCED_FACE('',(#15123),#15133,.T.);
#15123 = FACE_BOUND('',#15124,.T.);
#15124 = EDGE_LOOP('',(#15125,#15126,#15132));
#15125 = ORIENTED_EDGE('',*,*,#14287,.T.);
#15126 = ORIENTED_EDGE('',*,*,#15127,.F.);
#15127 = EDGE_CURVE('',#14968,#10934,#15128,.T.);
#15128 = LINE('',#15129,#15130);
#15129 = CARTESIAN_POINT('',(25.842351913452,90.799057006836,
    3.668575286865));
#15130 = VECTOR('',#15131,1.);
#15131 = DIRECTION('',(0.867913423152,0.487589453453,9.477771254274E-02)
  );
#15132 = ORIENTED_EDGE('',*,*,#14967,.T.);
#15133 = PLANE('',#15134);
#15134 = AXIS2_PLACEMENT_3D('',#15135,#15136,#15137);
#15135 = CARTESIAN_POINT('',(26.389636373875,91.10651870039,
    7.563023467129));
#15136 = DIRECTION('',(-0.489794281673,0.871838036358,0.));
#15137 = DIRECTION('',(0.871838036358,0.489794281673,0.));
#15138 = ADVANCED_FACE('',(#15139),#15149,.T.);
#15139 = FACE_BOUND('',#15140,.T.);
#15140 = EDGE_LOOP('',(#15141,#15142,#15143));
#15141 = ORIENTED_EDGE('',*,*,#15014,.F.);
#15142 = ORIENTED_EDGE('',*,*,#14307,.F.);
#15143 = ORIENTED_EDGE('',*,*,#15144,.T.);
#15144 = EDGE_CURVE('',#14308,#14113,#15145,.T.);
#15145 = LINE('',#15146,#15147);
#15146 = CARTESIAN_POINT('',(29.440979003906,76.825141906738,
    0.95232206583));
#15147 = VECTOR('',#15148,1.);
#15148 = DIRECTION('',(3.864036352948E-03,-5.875375706975E-02,
    0.998265027562));
#15149 = PLANE('',#15150);
#15150 = AXIS2_PLACEMENT_3D('',#15151,#15152,#15153);
#15151 = CARTESIAN_POINT('',(29.460455127483,76.459275392847,
    8.039911872402));
#15152 = DIRECTION('',(-0.988157689484,-0.153353617179,
    -5.200847261573E-03));
#15153 = DIRECTION('',(0.153355691238,-0.988171054001,4.238572512814E-20
    ));
#15154 = ADVANCED_FACE('',(#15155),#15172,.T.);
#15155 = FACE_BOUND('',#15156,.T.);
#15156 = EDGE_LOOP('',(#15157,#15165,#15166));
#15157 = ORIENTED_EDGE('',*,*,#15158,.T.);
#15158 = EDGE_CURVE('',#15159,#14308,#15161,.T.);
#15159 = VERTEX_POINT('',#15160);
#15160 = CARTESIAN_POINT('',(29.482229232788,75.985328674316,
    0.789078712463));
#15161 = LINE('',#15162,#15163);
#15162 = CARTESIAN_POINT('',(29.482229232788,75.985328674316,
    0.789078712463));
#15163 = VECTOR('',#15164,1.);
#15164 = DIRECTION('',(-4.815994415919E-02,0.980488096041,0.19058780995)
  );
#15165 = ORIENTED_EDGE('',*,*,#14316,.F.);
#15166 = ORIENTED_EDGE('',*,*,#15167,.F.);
#15167 = EDGE_CURVE('',#15159,#6528,#15168,.T.);
#15168 = LINE('',#15169,#15170);
#15169 = CARTESIAN_POINT('',(29.482229232788,75.985328674316,
    0.789078712463));
#15170 = VECTOR('',#15171,1.);
#15171 = DIRECTION('',(0.396411541529,-0.901205318745,-0.175176662852));
#15172 = PLANE('',#15173);
#15173 = AXIS2_PLACEMENT_3D('',#15174,#15175,#15176);
#15174 = CARTESIAN_POINT('',(30.291488449525,74.361181108487,
    0.473376268104));
#15175 = DIRECTION('',(3.280391493935E-07,0.190809233496,-0.981627137162
    ));
#15176 = DIRECTION('',(2.263165478769E-24,-0.981627137162,
    -0.190809233496));
#15177 = ADVANCED_FACE('',(#15178),#15184,.T.);
#15178 = FACE_BOUND('',#15179,.T.);
#15179 = EDGE_LOOP('',(#15180,#15181,#15182,#15183));
#15180 = ORIENTED_EDGE('',*,*,#14999,.T.);
#15181 = ORIENTED_EDGE('',*,*,#14975,.T.);
#15182 = ORIENTED_EDGE('',*,*,#15127,.T.);
#15183 = ORIENTED_EDGE('',*,*,#14331,.T.);
#15184 = PLANE('',#15185);
#15185 = AXIS2_PLACEMENT_3D('',#15186,#15187,#15188);
#15186 = CARTESIAN_POINT('',(26.858447382713,89.538791576951,
    3.423604655661));
#15187 = DIRECTION('',(-7.457801139675E-09,0.190808869919,
    -0.981627207834));
#15188 = DIRECTION('',(-8.740631886979E-26,-0.981627207834,
    -0.190808869919));
#15189 = ADVANCED_FACE('',(#15190),#15195,.T.);
#15190 = FACE_BOUND('',#15191,.T.);
#15191 = EDGE_LOOP('',(#15192,#15193,#15194));
#15192 = ORIENTED_EDGE('',*,*,#14740,.T.);
#15193 = ORIENTED_EDGE('',*,*,#14725,.F.);
#15194 = ORIENTED_EDGE('',*,*,#14533,.T.);
#15195 = PLANE('',#15196);
#15196 = AXIS2_PLACEMENT_3D('',#15197,#15198,#15199);
#15197 = CARTESIAN_POINT('',(27.338614535803,96.678235918875,
    5.275686081508));
#15198 = DIRECTION('',(5.384637901876E-03,0.669709427691,-0.74260372214)
  );
#15199 = DIRECTION('',(-4.600302984561E-20,-0.742614488021,
    -0.669719136789));
#15200 = ADVANCED_FACE('',(#15201),#15216,.T.);
#15201 = FACE_BOUND('',#15202,.T.);
#15202 = EDGE_LOOP('',(#15203,#15204,#15210));
#15203 = ORIENTED_EDGE('',*,*,#14564,.F.);
#15204 = ORIENTED_EDGE('',*,*,#15205,.F.);
#15205 = EDGE_CURVE('',#14756,#11242,#15206,.T.);
#15206 = LINE('',#15207,#15208);
#15207 = CARTESIAN_POINT('',(28.072751998901,96.173622131348,
    4.910015583038));
#15208 = VECTOR('',#15209,1.);
#15209 = DIRECTION('',(0.177661230521,-0.965764159055,-0.189039880064));
#15210 = ORIENTED_EDGE('',*,*,#15211,.F.);
#15211 = EDGE_CURVE('',#14565,#14756,#15212,.T.);
#15212 = LINE('',#15213,#15214);
#15213 = CARTESIAN_POINT('',(28.310764312744,96.431694030762,
    5.060393333435));
#15214 = VECTOR('',#15215,1.);
#15215 = DIRECTION('',(-0.623196090003,-0.675718814955,-0.393739401788)
  );
#15216 = PLANE('',#15217);
#15217 = AXIS2_PLACEMENT_3D('',#15218,#15219,#15220);
#15218 = CARTESIAN_POINT('',(28.464624825393,94.460526978047,
    4.60153321431));
#15219 = DIRECTION('',(0.320657575759,0.238423297506,-0.916696814827));
#15220 = DIRECTION('',(-0.943918157965,-8.175810072738E-20,
    -0.330179513392));
#15221 = ADVANCED_FACE('',(#15222),#15232,.T.);
#15222 = FACE_BOUND('',#15223,.T.);
#15223 = EDGE_LOOP('',(#15224,#15230,#15231));
#15224 = ORIENTED_EDGE('',*,*,#15225,.F.);
#15225 = EDGE_CURVE('',#13865,#14565,#15226,.T.);
#15226 = LINE('',#15227,#15228);
#15227 = CARTESIAN_POINT('',(25.842351913452,96.182518005371,
    4.89478969574));
#15228 = VECTOR('',#15229,1.);
#15229 = DIRECTION('',(0.992734447026,0.100212437699,6.660168930448E-02)
  );
#15230 = ORIENTED_EDGE('',*,*,#14587,.F.);
#15231 = ORIENTED_EDGE('',*,*,#14572,.T.);
#15232 = PLANE('',#15233);
#15233 = AXIS2_PLACEMENT_3D('',#15234,#15235,#15236);
#15234 = CARTESIAN_POINT('',(27.173870049403,96.353708245381,
    5.01852818799));
#15235 = DIRECTION('',(-1.996801035377E-02,0.68304155027,-0.730106512207
    ));
#15236 = DIRECTION('',(6.339468256986E-19,-0.730252110307,
    -0.683177762659));
#15237 = ADVANCED_FACE('',(#15238),#15255,.T.);
#15238 = FACE_BOUND('',#15239,.T.);
#15239 = EDGE_LOOP('',(#15240,#15248,#15254));
#15240 = ORIENTED_EDGE('',*,*,#15241,.T.);
#15241 = EDGE_CURVE('',#419,#15242,#15244,.T.);
#15242 = VERTEX_POINT('',#15243);
#15243 = CARTESIAN_POINT('',(29.127632141113,73.939064025879,
    15.608675003052));
#15244 = LINE('',#15245,#15246);
#15245 = CARTESIAN_POINT('',(31.267854690552,71.925872802734,16.));
#15246 = VECTOR('',#15247,1.);
#15247 = DIRECTION('',(-0.722017704892,0.679162878097,-0.132015979477));
#15248 = ORIENTED_EDGE('',*,*,#15249,.T.);
#15249 = EDGE_CURVE('',#15242,#14610,#15250,.T.);
#15250 = LINE('',#15251,#15252);
#15251 = CARTESIAN_POINT('',(29.127632141113,73.939064025879,
    15.608675003052));
#15252 = VECTOR('',#15253,1.);
#15253 = DIRECTION('',(-0.26420763037,-0.946746635876,0.184024823086));
#15254 = ORIENTED_EDGE('',*,*,#14609,.T.);
#15255 = PLANE('',#15256);
#15256 = AXIS2_PLACEMENT_3D('',#15257,#15258,#15259);
#15257 = CARTESIAN_POINT('',(30.182863247358,72.928288309059,
    15.805149968276));
#15258 = DIRECTION('',(-3.248514180352E-06,0.190805791956,0.981627806119
    ));
#15259 = DIRECTION('',(3.724978259896E-23,0.981627806124,-0.190805791957
    ));
#15260 = ADVANCED_FACE('',(#15261),#15276,.T.);
#15261 = FACE_BOUND('',#15262,.T.);
#15262 = EDGE_LOOP('',(#15263,#15264,#15270));
#15263 = ORIENTED_EDGE('',*,*,#14617,.F.);
#15264 = ORIENTED_EDGE('',*,*,#15265,.F.);
#15265 = EDGE_CURVE('',#15105,#14610,#15266,.T.);
#15266 = LINE('',#15267,#15268);
#15267 = CARTESIAN_POINT('',(29.036724090576,73.692970275879,
    0.343489378691));
#15268 = VECTOR('',#15269,1.);
#15269 = DIRECTION('',(4.904056722281E-03,1.235870734075E-02,
    0.999911602383));
#15270 = ORIENTED_EDGE('',*,*,#15271,.T.);
#15271 = EDGE_CURVE('',#15105,#13712,#15272,.T.);
#15272 = LINE('',#15273,#15274);
#15273 = CARTESIAN_POINT('',(29.036724090576,73.692970275879,
    0.343489378691));
#15274 = VECTOR('',#15275,1.);
#15275 = DIRECTION('',(-2.279794391379E-02,-4.51477982603E-02,
    0.99872014602));
#15276 = PLANE('',#15277);
#15277 = AXIS2_PLACEMENT_3D('',#15278,#15279,#15280);
#15278 = CARTESIAN_POINT('',(28.964462307946,73.560234546898,
    8.266939880364));
#15279 = DIRECTION('',(-0.900909800443,0.434005342234,
    -9.457158449894E-04));
#15280 = DIRECTION('',(-0.434005536317,-0.90091020332,
    -1.415317939547E-21));
#15281 = ADVANCED_FACE('',(#15282),#15287,.T.);
#15282 = FACE_BOUND('',#15283,.T.);
#15283 = EDGE_LOOP('',(#15284,#15285,#15286));
#15284 = ORIENTED_EDGE('',*,*,#14632,.T.);
#15285 = ORIENTED_EDGE('',*,*,#15271,.F.);
#15286 = ORIENTED_EDGE('',*,*,#15104,.F.);
#15287 = PLANE('',#15288);
#15288 = AXIS2_PLACEMENT_3D('',#15289,#15290,#15291);
#15289 = CARTESIAN_POINT('',(28.771420917326,73.174383778587,
    7.840769728973));
#15290 = DIRECTION('',(-0.885729413112,0.464201271265,7.658360226296E-04
    ));
#15291 = DIRECTION('',(-0.464201407393,-0.885729672854,
    -5.087247378108E-20));
#15292 = ADVANCED_FACE('',(#15293),#15298,.T.);
#15293 = FACE_BOUND('',#15294,.T.);
#15294 = EDGE_LOOP('',(#15295,#15296,#15297));
#15295 = ORIENTED_EDGE('',*,*,#15211,.T.);
#15296 = ORIENTED_EDGE('',*,*,#14755,.F.);
#15297 = ORIENTED_EDGE('',*,*,#15225,.T.);
#15298 = PLANE('',#15299);
#15299 = AXIS2_PLACEMENT_3D('',#15300,#15301,#15302);
#15300 = CARTESIAN_POINT('',(27.108031719356,96.25032685692,
    4.945270830058));
#15301 = DIRECTION('',(7.905817057134E-03,0.497991939699,-0.867145619865
    ));
#15302 = DIRECTION('',(-3.632501541531E-20,-0.867172720279,
    -0.498007503161));
#15303 = ADVANCED_FACE('',(#15304),#15321,.T.);
#15304 = FACE_BOUND('',#15305,.T.);
#15305 = EDGE_LOOP('',(#15306,#15314,#15320));
#15306 = ORIENTED_EDGE('',*,*,#15307,.T.);
#15307 = EDGE_CURVE('',#14756,#15308,#15310,.T.);
#15308 = VERTEX_POINT('',#15309);
#15309 = CARTESIAN_POINT('',(28.065839767456,96.166137695312,
    4.905648708344));
#15310 = LINE('',#15311,#15312);
#15311 = CARTESIAN_POINT('',(28.072751998901,96.173622131348,
    4.910015583038));
#15312 = VECTOR('',#15313,1.);
#15313 = DIRECTION('',(-0.623596417746,-0.675218637758,-0.393963575726)
  );
#15314 = ORIENTED_EDGE('',*,*,#15315,.F.);
#15315 = EDGE_CURVE('',#13873,#15308,#15316,.T.);
#15316 = LINE('',#15317,#15318);
#15317 = CARTESIAN_POINT('',(25.842351913452,95.717628479004,
    4.669929027557));
#15318 = VECTOR('',#15319,1.);
#15319 = DIRECTION('',(0.975005566576,0.1966725304,0.103363731223));
#15320 = ORIENTED_EDGE('',*,*,#14763,.T.);
#15321 = PLANE('',#15322);
#15322 = AXIS2_PLACEMENT_3D('',#15323,#15324,#15325);
#15323 = CARTESIAN_POINT('',(26.958521551408,95.944304918313,
    4.789170492868));
#15324 = DIRECTION('',(-1.232420362379E-02,0.51238182724,-0.858669306031
    ));
#15325 = DIRECTION('',(1.201989893906E-18,-0.858734523381,
    -0.512420743485));
#15326 = ADVANCED_FACE('',(#15327),#15344,.T.);
#15327 = FACE_BOUND('',#15328,.T.);
#15328 = EDGE_LOOP('',(#15329,#15330,#15338));
#15329 = ORIENTED_EDGE('',*,*,#14779,.T.);
#15330 = ORIENTED_EDGE('',*,*,#15331,.F.);
#15331 = EDGE_CURVE('',#15332,#13873,#15334,.T.);
#15332 = VERTEX_POINT('',#15333);
#15333 = CARTESIAN_POINT('',(27.79132270813,95.868476867676,
    4.732206821442));
#15334 = LINE('',#15335,#15336);
#15335 = CARTESIAN_POINT('',(27.79132270813,95.868476867676,
    4.732206821442));
#15336 = VECTOR('',#15337,1.);
#15337 = DIRECTION('',(-0.996512491448,-7.712906937177E-02,
    -3.184275501457E-02));
#15338 = ORIENTED_EDGE('',*,*,#15339,.T.);
#15339 = EDGE_CURVE('',#15332,#14780,#15340,.T.);
#15340 = LINE('',#15341,#15342);
#15341 = CARTESIAN_POINT('',(27.79132270813,95.868476867676,
    4.732206821442));
#15342 = VECTOR('',#15343,1.);
#15343 = DIRECTION('',(-0.642532999702,-0.730807291081,-0.230373712905)
  );
#15344 = PLANE('',#15345);
#15345 = AXIS2_PLACEMENT_3D('',#15346,#15347,#15348);
#15346 = CARTESIAN_POINT('',(26.834116582764,95.757608506536,
    4.690287528603));
#15347 = DIRECTION('',(7.747626736356E-03,0.294436257146,-0.955639714933
    ));
#15348 = DIRECTION('',(-2.57420883162E-19,-0.955668397706,
    -0.294445094418));
#15349 = ADVANCED_FACE('',(#15350),#15367,.T.);
#15350 = FACE_BOUND('',#15351,.T.);
#15351 = EDGE_LOOP('',(#15352,#15360,#15361));
#15352 = ORIENTED_EDGE('',*,*,#15353,.T.);
#15353 = EDGE_CURVE('',#15354,#13881,#15356,.T.);
#15354 = VERTEX_POINT('',#15355);
#15355 = CARTESIAN_POINT('',(27.651258468628,95.709167480469,
    4.681988716125));
#15356 = LINE('',#15357,#15358);
#15357 = CARTESIAN_POINT('',(27.651258468628,95.709167480469,
    4.681988716125));
#15358 = VECTOR('',#15359,1.);
#15359 = DIRECTION('',(-0.962230159047,-0.259643094958,
    -8.184487926344E-02));
#15360 = ORIENTED_EDGE('',*,*,#14787,.F.);
#15361 = ORIENTED_EDGE('',*,*,#15362,.T.);
#15362 = EDGE_CURVE('',#14780,#15354,#15363,.T.);
#15363 = LINE('',#15364,#15365);
#15364 = CARTESIAN_POINT('',(27.654891967773,95.713302612305,
    4.683290958405));
#15365 = VECTOR('',#15366,1.);
#15366 = DIRECTION('',(-0.642343401639,-0.731023881761,-0.230215200771)
  );
#15367 = PLANE('',#15368);
#15368 = AXIS2_PLACEMENT_3D('',#15369,#15370,#15371);
#15369 = CARTESIAN_POINT('',(26.749073070728,95.466517380205,
    4.605500070548));
#15370 = DIRECTION('',(1.009138553612E-04,0.300297857843,-0.953845473015
    ));
#15371 = DIRECTION('',(-2.481479092708E-21,-0.953845477872,
    -0.300297859372));
#15372 = ADVANCED_FACE('',(#15373),#15383,.T.);
#15373 = FACE_BOUND('',#15374,.T.);
#15374 = EDGE_LOOP('',(#15375,#15376,#15377));
#15375 = ORIENTED_EDGE('',*,*,#14801,.F.);
#15376 = ORIENTED_EDGE('',*,*,#15353,.F.);
#15377 = ORIENTED_EDGE('',*,*,#15378,.T.);
#15378 = EDGE_CURVE('',#15354,#14802,#15379,.T.);
#15379 = LINE('',#15380,#15381);
#15380 = CARTESIAN_POINT('',(27.651258468628,95.709167480469,
    4.681988716125));
#15381 = VECTOR('',#15382,1.);
#15382 = DIRECTION('',(-0.642527754816,-0.730813815005,-0.23036764549));
#15383 = PLANE('',#15384);
#15384 = AXIS2_PLACEMENT_3D('',#15385,#15386,#15387);
#15385 = CARTESIAN_POINT('',(26.788742555586,95.379378132038,
    4.578032285437));
#15386 = DIRECTION('',(0.,0.300638060583,-0.953738306103));
#15387 = DIRECTION('',(0.,-0.953738306103,-0.300638060583));
#15388 = ADVANCED_FACE('',(#15389),#15399,.T.);
#15389 = FACE_BOUND('',#15390,.T.);
#15390 = EDGE_LOOP('',(#15391,#15397,#15398));
#15391 = ORIENTED_EDGE('',*,*,#15392,.T.);
#15392 = EDGE_CURVE('',#14802,#14827,#15393,.T.);
#15393 = LINE('',#15394,#15395);
#15394 = CARTESIAN_POINT('',(27.222118377686,95.221061706543,
    4.528127670288));
#15395 = VECTOR('',#15396,1.);
#15396 = DIRECTION('',(0.168058540863,-0.967665384036,-0.188095803732));
#15397 = ORIENTED_EDGE('',*,*,#14841,.F.);
#15398 = ORIENTED_EDGE('',*,*,#14809,.T.);
#15399 = PLANE('',#15400);
#15400 = AXIS2_PLACEMENT_3D('',#15401,#15402,#15403);
#15401 = CARTESIAN_POINT('',(26.907171672781,94.187048657082,
    4.327134969325));
#15402 = DIRECTION('',(3.355080794172E-07,0.190809742848,-0.981627038154
    ));
#15403 = DIRECTION('',(-7.74619370485E-24,-0.981627038154,
    -0.190809742848));
#15404 = ADVANCED_FACE('',(#15405),#15422,.T.);
#15405 = FACE_BOUND('',#15406,.T.);
#15406 = EDGE_LOOP('',(#15407,#15415,#15421));
#15407 = ORIENTED_EDGE('',*,*,#15408,.T.);
#15408 = EDGE_CURVE('',#14827,#15409,#15411,.T.);
#15409 = VERTEX_POINT('',#15410);
#15410 = CARTESIAN_POINT('',(28.15364074707,92.816925048828,
    4.119318008423));
#15411 = LINE('',#15412,#15413);
#15412 = CARTESIAN_POINT('',(27.577095031738,93.177139282227,
    4.130827903748));
#15413 = VECTOR('',#15414,1.);
#15414 = DIRECTION('',(0.847960622788,-0.529788839925,-1.69282985689E-02
    ));
#15415 = ORIENTED_EDGE('',*,*,#15416,.F.);
#15416 = EDGE_CURVE('',#14825,#15409,#15417,.T.);
#15417 = LINE('',#15418,#15419);
#15418 = CARTESIAN_POINT('',(27.577095031738,93.177139282227,
    11.869172096252));
#15419 = VECTOR('',#15420,1.);
#15420 = DIRECTION('',(7.410980775516E-02,-4.630232586579E-02,
    -0.996174598659));
#15421 = ORIENTED_EDGE('',*,*,#14824,.T.);
#15422 = PLANE('',#15423);
#15423 = AXIS2_PLACEMENT_3D('',#15424,#15425,#15426);
#15424 = CARTESIAN_POINT('',(27.727648955987,93.083076201076,
    7.834582465945));
#15425 = DIRECTION('',(-0.529864766321,-0.848082147797,-0.));
#15426 = DIRECTION('',(-0.848082147797,0.529864766321,0.));
#15427 = ADVANCED_FACE('',(#15428),#15445,.T.);
#15428 = FACE_BOUND('',#15429,.T.);
#15429 = EDGE_LOOP('',(#15430,#15438,#15444));
#15430 = ORIENTED_EDGE('',*,*,#15431,.T.);
#15431 = EDGE_CURVE('',#14825,#15432,#15434,.T.);
#15432 = VERTEX_POINT('',#15433);
#15433 = CARTESIAN_POINT('',(27.551750183105,95.599601745605,
    11.37228012085));
#15434 = LINE('',#15435,#15436);
#15435 = CARTESIAN_POINT('',(27.577095031738,93.177139282227,
    11.869172096252));
#15436 = VECTOR('',#15437,1.);
#15437 = DIRECTION('',(-1.024850781303E-02,0.979553117179,
    -0.200924509983));
#15438 = ORIENTED_EDGE('',*,*,#15439,.F.);
#15439 = EDGE_CURVE('',#14856,#15432,#15440,.T.);
#15440 = LINE('',#15441,#15442);
#15441 = CARTESIAN_POINT('',(27.222118377686,95.221061706543,
    11.471872329712));
#15442 = VECTOR('',#15443,1.);
#15443 = DIRECTION('',(0.644150944165,0.739725110129,-0.194618402458));
#15444 = ORIENTED_EDGE('',*,*,#14855,.F.);
#15445 = PLANE('',#15446);
#15446 = AXIS2_PLACEMENT_3D('',#15447,#15448,#15449);
#15447 = CARTESIAN_POINT('',(27.478302240625,94.412539524939,
    11.62141771411));
#15448 = DIRECTION('',(6.43048751084E-02,0.201164765203,0.977444433346)
  );
#15449 = DIRECTION('',(1.076782255264E-18,0.979471646116,-0.201581979488
    ));
#15450 = ADVANCED_FACE('',(#15451),#15461,.T.);
#15451 = FACE_BOUND('',#15452,.T.);
#15452 = EDGE_LOOP('',(#15453,#15459,#15460));
#15453 = ORIENTED_EDGE('',*,*,#15454,.T.);
#15454 = EDGE_CURVE('',#15432,#13913,#15455,.T.);
#15455 = LINE('',#15456,#15457);
#15456 = CARTESIAN_POINT('',(27.551750183105,95.599601745605,
    11.37228012085));
#15457 = VECTOR('',#15458,1.);
#15458 = DIRECTION('',(-0.997322269924,6.886089201936E-02,
    -2.462656012263E-02));
#15459 = ORIENTED_EDGE('',*,*,#14881,.F.);
#15460 = ORIENTED_EDGE('',*,*,#15439,.T.);
#15461 = PLANE('',#15462);
#15462 = AXIS2_PLACEMENT_3D('',#15463,#15464,#15465);
#15463 = CARTESIAN_POINT('',(26.726848803725,95.548882997195,
    11.380817118327));
#15464 = DIRECTION('',(-5.946210587725E-03,0.259271980282,0.965786044018
    ));
#15465 = DIRECTION('',(-2.280197699349E-19,0.965803118323,
    -0.259276563997));
#15466 = ADVANCED_FACE('',(#15467),#15484,.T.);
#15467 = FACE_BOUND('',#15468,.T.);
#15468 = EDGE_LOOP('',(#15469,#15477,#15483));
#15469 = ORIENTED_EDGE('',*,*,#15470,.T.);
#15470 = EDGE_CURVE('',#13913,#15471,#15473,.T.);
#15471 = VERTEX_POINT('',#15472);
#15472 = CARTESIAN_POINT('',(27.650579452515,95.709037780762,
    11.321580886841));
#15473 = LINE('',#15474,#15475);
#15474 = CARTESIAN_POINT('',(25.842351913452,95.717628479004,
    11.330070495605));
#15475 = VECTOR('',#15476,1.);
#15476 = DIRECTION('',(0.999977693785,-4.750788510102E-03,
    -4.69488447124E-03));
#15477 = ORIENTED_EDGE('',*,*,#15478,.T.);
#15478 = EDGE_CURVE('',#15471,#14897,#15479,.T.);
#15479 = LINE('',#15480,#15481);
#15480 = CARTESIAN_POINT('',(27.650579452515,95.709037780762,
    11.321580886841));
#15481 = VECTOR('',#15482,1.);
#15482 = DIRECTION('',(0.633362135812,0.702449999095,-0.324678924001));
#15483 = ORIENTED_EDGE('',*,*,#14896,.T.);
#15484 = PLANE('',#15485);
#15485 = AXIS2_PLACEMENT_3D('',#15486,#15487,#15488);
#15486 = CARTESIAN_POINT('',(26.748752834164,95.714313165781,
    11.325363079362));
#15487 = DIRECTION('',(6.242883420092E-03,0.414908441902,0.909841750661)
  );
#15488 = DIRECTION('',(-1.1835956028E-19,0.90985948108,-0.414916527375)
  );
#15489 = ADVANCED_FACE('',(#15490),#15507,.T.);
#15490 = FACE_BOUND('',#15491,.T.);
#15491 = EDGE_LOOP('',(#15492,#15493,#15501));
#15492 = ORIENTED_EDGE('',*,*,#14904,.F.);
#15493 = ORIENTED_EDGE('',*,*,#15494,.T.);
#15494 = EDGE_CURVE('',#14897,#15495,#15497,.T.);
#15495 = VERTEX_POINT('',#15496);
#15496 = CARTESIAN_POINT('',(28.070011138916,96.17350769043,
    11.106413841248));
#15497 = LINE('',#15498,#15499);
#15498 = CARTESIAN_POINT('',(27.65412902832,95.71297454834,
    11.319761276245));
#15499 = VECTOR('',#15500,1.);
#15500 = DIRECTION('',(0.633797406041,0.701844833947,-0.325137935588));
#15501 = ORIENTED_EDGE('',*,*,#15502,.T.);
#15502 = EDGE_CURVE('',#15495,#13921,#15503,.T.);
#15503 = LINE('',#15504,#15505);
#15504 = CARTESIAN_POINT('',(28.070011138916,96.17350769043,
    11.106413841248));
#15505 = VECTOR('',#15506,1.);
#15506 = DIRECTION('',(-0.999991674175,4.044711964965E-03,
    -5.402652942194E-04));
#15507 = PLANE('',#15508);
#15508 = AXIS2_PLACEMENT_3D('',#15509,#15510,#15511);
#15509 = CARTESIAN_POINT('',(26.998692967736,96.054715888153,
    11.162726431483));
#15510 = DIRECTION('',(1.206122184861E-03,0.419449642014,0.907777804908)
  );
#15511 = DIRECTION('',(2.369373273979E-20,0.907778465195,-0.419449947107
    ));
#15512 = ADVANCED_FACE('',(#15513),#15523,.T.);
#15513 = FACE_BOUND('',#15514,.T.);
#15514 = EDGE_LOOP('',(#15515,#15516,#15517));
#15515 = ORIENTED_EDGE('',*,*,#14919,.T.);
#15516 = ORIENTED_EDGE('',*,*,#15502,.F.);
#15517 = ORIENTED_EDGE('',*,*,#15518,.T.);
#15518 = EDGE_CURVE('',#15495,#14203,#15519,.T.);
#15519 = LINE('',#15520,#15521);
#15520 = CARTESIAN_POINT('',(28.070011138916,96.17350769043,
    11.106413841248));
#15521 = VECTOR('',#15522,1.);
#15522 = DIRECTION('',(0.63344109962,0.702193257753,-0.325079993355));
#15523 = PLANE('',#15524);
#15524 = AXIS2_PLACEMENT_3D('',#15525,#15526,#15527);
#15525 = CARTESIAN_POINT('',(26.960742865817,96.179972255166,
    11.104901257746));
#15526 = DIRECTION('',(1.205126215628E-03,0.419217713991,0.907884935411)
  );
#15527 = DIRECTION('',(-8.065634345969E-20,0.907885594686,
    -0.419218018413));
#15528 = ADVANCED_FACE('',(#15529),#15546,.T.);
#15529 = FACE_BOUND('',#15530,.T.);
#15530 = EDGE_LOOP('',(#15531,#15532,#15540));
#15531 = ORIENTED_EDGE('',*,*,#15030,.T.);
#15532 = ORIENTED_EDGE('',*,*,#15533,.T.);
#15533 = EDGE_CURVE('',#15031,#15534,#15536,.T.);
#15534 = VERTEX_POINT('',#15535);
#15535 = CARTESIAN_POINT('',(29.40115737915,74.946273803711,
    15.412893295288));
#15536 = LINE('',#15537,#15538);
#15537 = CARTESIAN_POINT('',(29.497888565063,75.96533203125,
    15.21480846405));
#15538 = VECTOR('',#15539,1.);
#15539 = DIRECTION('',(-9.27762723728E-02,-0.977393410299,0.189986012085
    ));
#15540 = ORIENTED_EDGE('',*,*,#15541,.T.);
#15541 = EDGE_CURVE('',#15534,#419,#15542,.T.);
#15542 = LINE('',#15543,#15544);
#15543 = CARTESIAN_POINT('',(29.40115737915,74.946273803711,
    15.412893295288));
#15544 = VECTOR('',#15545,1.);
#15545 = DIRECTION('',(0.518685635687,-0.839256907722,0.163135079528));
#15546 = PLANE('',#15547);
#15547 = AXIS2_PLACEMENT_3D('',#15548,#15549,#15550);
#15548 = CARTESIAN_POINT('',(30.257097407034,73.917188527684,
    15.612927315434));
#15549 = DIRECTION('',(-1.321088869326E-07,0.190808986983,0.981627185079
    ));
#15550 = DIRECTION('',(-1.837892881309E-24,0.981627185079,
    -0.190808986983));
#15551 = ADVANCED_FACE('',(#15552),#15567,.T.);
#15552 = FACE_BOUND('',#15553,.T.);
#15553 = EDGE_LOOP('',(#15554,#15555,#15561));
#15554 = ORIENTED_EDGE('',*,*,#15039,.F.);
#15555 = ORIENTED_EDGE('',*,*,#15556,.F.);
#15556 = EDGE_CURVE('',#15159,#14113,#15557,.T.);
#15557 = LINE('',#15558,#15559);
#15558 = CARTESIAN_POINT('',(29.482229232788,75.985328674316,
    0.789078712463));
#15559 = VECTOR('',#15560,1.);
#15560 = DIRECTION('',(9.666531715777E-04,4.285068102219E-05,
    0.999999531873));
#15561 = ORIENTED_EDGE('',*,*,#15562,.T.);
#15562 = EDGE_CURVE('',#15159,#15031,#15563,.T.);
#15563 = LINE('',#15564,#15565);
#15564 = CARTESIAN_POINT('',(29.482229232788,75.985328674316,
    0.789078712463));
#15565 = VECTOR('',#15566,1.);
#15566 = DIRECTION('',(1.085512363981E-03,-1.38617681169E-03,
    0.999998450087));
#15567 = PLANE('',#15568);
#15568 = AXIS2_PLACEMENT_3D('',#15569,#15570,#15571);
#15569 = CARTESIAN_POINT('',(29.489634729628,75.980479754761,
    8.006205913399));
#15570 = DIRECTION('',(-0.996558287755,-8.288934945215E-02,
    9.668785472163E-04));
#15571 = DIRECTION('',(8.288938819691E-02,-0.996558753574,
    3.606082776029E-21));
#15572 = ADVANCED_FACE('',(#15573),#15583,.T.);
#15573 = FACE_BOUND('',#15574,.T.);
#15574 = EDGE_LOOP('',(#15575,#15576,#15577));
#15575 = ORIENTED_EDGE('',*,*,#15053,.F.);
#15576 = ORIENTED_EDGE('',*,*,#15518,.F.);
#15577 = ORIENTED_EDGE('',*,*,#15578,.T.);
#15578 = EDGE_CURVE('',#15495,#14169,#15579,.T.);
#15579 = LINE('',#15580,#15581);
#15580 = CARTESIAN_POINT('',(28.070011138916,96.17350769043,
    11.106413841248));
#15581 = VECTOR('',#15582,1.);
#15582 = DIRECTION('',(0.168006491333,-0.967706234961,0.187932066683));
#15583 = PLANE('',#15584);
#15584 = AXIS2_PLACEMENT_3D('',#15585,#15586,#15587);
#15585 = CARTESIAN_POINT('',(28.393053718402,94.324993436191,
    11.464873312506));
#15586 = DIRECTION('',(0.23619012409,0.224604373343,0.945392564366));
#15587 = DIRECTION('',(0.970180643479,-2.151144534285E-18,
    -0.242383000682));
#15588 = ADVANCED_FACE('',(#15589),#15606,.T.);
#15589 = FACE_BOUND('',#15590,.T.);
#15590 = EDGE_LOOP('',(#15591,#15599,#15605));
#15591 = ORIENTED_EDGE('',*,*,#15592,.T.);
#15592 = EDGE_CURVE('',#14169,#15593,#15595,.T.);
#15593 = VERTEX_POINT('',#15594);
#15594 = CARTESIAN_POINT('',(28.15362739563,92.816932678223,
    11.886813163757));
#15595 = LINE('',#15596,#15597);
#15596 = CARTESIAN_POINT('',(28.713483810425,92.467147827148,
    11.826202392578));
#15597 = VECTOR('',#15598,1.);
#15598 = DIRECTION('',(-0.844531475349,0.527642996536,9.14300571598E-02)
  );
#15599 = ORIENTED_EDGE('',*,*,#15600,.F.);
#15600 = EDGE_CURVE('',#15071,#15593,#15601,.T.);
#15601 = LINE('',#15602,#15603);
#15602 = CARTESIAN_POINT('',(28.713966369629,92.466850280762,
    4.171986579895));
#15603 = VECTOR('',#15604,1.);
#15604 = DIRECTION('',(-7.236654074102E-02,4.521236832371E-02,
    0.996352811775));
#15605 = ORIENTED_EDGE('',*,*,#15070,.T.);
#15606 = PLANE('',#15607);
#15607 = AXIS2_PLACEMENT_3D('',#15608,#15609,#15610);
#15608 = CARTESIAN_POINT('',(28.567199371466,92.558544724787,
    8.1729286136));
#15609 = DIRECTION('',(-0.529862358622,-0.848083652074,
    -4.37109670259E-07));
#15610 = DIRECTION('',(-0.848083652074,0.529862358622,
    -3.846147755604E-23));
#15611 = ADVANCED_FACE('',(#15612),#15627,.T.);
#15612 = FACE_BOUND('',#15613,.T.);
#15613 = EDGE_LOOP('',(#15614,#15615,#15621));
#15614 = ORIENTED_EDGE('',*,*,#15078,.F.);
#15615 = ORIENTED_EDGE('',*,*,#15616,.F.);
#15616 = EDGE_CURVE('',#15308,#15071,#15617,.T.);
#15617 = LINE('',#15618,#15619);
#15618 = CARTESIAN_POINT('',(28.065839767456,96.166137695312,
    4.905648708344));
#15619 = VECTOR('',#15620,1.);
#15620 = DIRECTION('',(0.169372926611,-0.966723374226,-0.191725661966));
#15621 = ORIENTED_EDGE('',*,*,#15622,.T.);
#15622 = EDGE_CURVE('',#15308,#11242,#15623,.T.);
#15623 = LINE('',#15624,#15625);
#15624 = CARTESIAN_POINT('',(28.065839767456,96.166137695312,
    4.905648708344));
#15625 = VECTOR('',#15626,1.);
#15626 = DIRECTION('',(0.179765073225,-0.965530551664,-0.188242588835));
#15627 = PLANE('',#15628);
#15628 = AXIS2_PLACEMENT_3D('',#15629,#15630,#15631);
#15629 = CARTESIAN_POINT('',(28.40381257519,94.296181815345,
    4.537959056283));
#15630 = DIRECTION('',(0.284672292998,0.234232305677,-0.929568132294));
#15631 = DIRECTION('',(-0.956168102102,9.278950397119E-18,
    -0.292818306331));
#15632 = ADVANCED_FACE('',(#15633),#15650,.T.);
#15633 = FACE_BOUND('',#15634,.T.);
#15634 = EDGE_LOOP('',(#15635,#15643,#15644));
#15635 = ORIENTED_EDGE('',*,*,#15636,.T.);
#15636 = EDGE_CURVE('',#15637,#6528,#15639,.T.);
#15637 = VERTEX_POINT('',#15638);
#15638 = CARTESIAN_POINT('',(29.11573600769,73.943000793457,
    0.392090827227));
#15639 = LINE('',#15640,#15641);
#15640 = CARTESIAN_POINT('',(29.11573600769,73.943000793457,
    0.392090827227));
#15641 = VECTOR('',#15642,1.);
#15642 = DIRECTION('',(0.723257004488,-0.677891028899,-0.131768958397));
#15643 = ORIENTED_EDGE('',*,*,#15112,.F.);
#15644 = ORIENTED_EDGE('',*,*,#15645,.T.);
#15645 = EDGE_CURVE('',#15105,#15637,#15646,.T.);
#15646 = LINE('',#15647,#15648);
#15647 = CARTESIAN_POINT('',(29.036724090576,73.692970275879,
    0.343489378691));
#15648 = VECTOR('',#15649,1.);
#15649 = DIRECTION('',(0.296275665166,0.937554240079,0.182243730046));
#15650 = PLANE('',#15651);
#15651 = AXIS2_PLACEMENT_3D('',#15652,#15653,#15654);
#15652 = CARTESIAN_POINT('',(30.124557898621,72.914341130249,
    0.192139117714));
#15653 = DIRECTION('',(9.426274957436E-07,0.190810370009,-0.981626916245
    ));
#15654 = DIRECTION('',(9.089172614262E-24,-0.981626916245,
    -0.190810370009));
#15655 = ADVANCED_FACE('',(#15656),#15661,.T.);
#15656 = FACE_BOUND('',#15657,.T.);
#15657 = EDGE_LOOP('',(#15658,#15659,#15660));
#15658 = ORIENTED_EDGE('',*,*,#15556,.T.);
#15659 = ORIENTED_EDGE('',*,*,#15144,.F.);
#15660 = ORIENTED_EDGE('',*,*,#15158,.F.);
#15661 = PLANE('',#15662);
#15662 = AXIS2_PLACEMENT_3D('',#15663,#15664,#15665);
#15663 = CARTESIAN_POINT('',(29.478434623595,76.200681838471,
    7.832812522917));
#15664 = DIRECTION('',(-0.998786171738,-4.924679597167E-02,
    9.675905323397E-04));
#15665 = DIRECTION('',(4.924681902489E-02,-0.998786639286,
    -2.881362099026E-21));
#15666 = ADVANCED_FACE('',(#15667),#15684,.T.);
#15667 = FACE_BOUND('',#15668,.T.);
#15668 = EDGE_LOOP('',(#15669,#15670,#15678));
#15669 = ORIENTED_EDGE('',*,*,#15167,.T.);
#15670 = ORIENTED_EDGE('',*,*,#15671,.F.);
#15671 = EDGE_CURVE('',#15672,#6528,#15674,.T.);
#15672 = VERTEX_POINT('',#15673);
#15673 = CARTESIAN_POINT('',(29.493234634399,75.761245727539,
    0.745521247387));
#15674 = LINE('',#15675,#15676);
#15675 = CARTESIAN_POINT('',(29.493234634399,75.761245727539,
    0.745521247387));
#15676 = VECTOR('',#15677,1.);
#15677 = DIRECTION('',(0.413540066257,-0.893757718981,-0.173728965235));
#15678 = ORIENTED_EDGE('',*,*,#15679,.T.);
#15679 = EDGE_CURVE('',#15672,#15159,#15680,.T.);
#15680 = LINE('',#15681,#15682);
#15681 = CARTESIAN_POINT('',(29.493234634399,75.761245727539,
    0.745521247387));
#15682 = VECTOR('',#15683,1.);
#15683 = DIRECTION('',(-4.815478915918E-02,0.980488258159,0.190588278478
    ));
#15684 = PLANE('',#15685);
#15685 = AXIS2_PLACEMENT_3D('',#15686,#15687,#15688);
#15686 = CARTESIAN_POINT('',(30.355187346911,73.950887901005,
    0.393623240585));
#15687 = DIRECTION('',(1.447722151708E-06,0.190809708077,-0.981627044911
    ));
#15688 = DIRECTION('',(-3.968861546383E-23,-0.981627044912,
    -0.190809708077));
#15689 = ADVANCED_FACE('',(#15690),#15695,.T.);
#15690 = FACE_BOUND('',#15691,.T.);
#15691 = EDGE_LOOP('',(#15692,#15693,#15694));
#15692 = ORIENTED_EDGE('',*,*,#15205,.T.);
#15693 = ORIENTED_EDGE('',*,*,#15622,.F.);
#15694 = ORIENTED_EDGE('',*,*,#15307,.F.);
#15695 = PLANE('',#15696);
#15696 = AXIS2_PLACEMENT_3D('',#15697,#15698,#15699);
#15697 = CARTESIAN_POINT('',(28.414119768735,94.306680312953,
    4.543852199295));
#15698 = DIRECTION('',(0.320889462048,0.238448774293,-0.916609041623));
#15699 = DIRECTION('',(-0.943833857312,2.357313756446E-18,
    -0.330420413701));
#15700 = ADVANCED_FACE('',(#15701),#15718,.T.);
#15701 = FACE_BOUND('',#15702,.T.);
#15702 = EDGE_LOOP('',(#15703,#15704,#15712));
#15703 = ORIENTED_EDGE('',*,*,#15241,.F.);
#15704 = ORIENTED_EDGE('',*,*,#15705,.F.);
#15705 = EDGE_CURVE('',#15706,#419,#15708,.T.);
#15706 = VERTEX_POINT('',#15707);
#15707 = CARTESIAN_POINT('',(29.397254943848,74.905174255371,
    15.420883178711));
#15708 = LINE('',#15709,#15710);
#15709 = CARTESIAN_POINT('',(29.397254943848,74.905174255371,
    15.420883178711));
#15710 = VECTOR('',#15711,1.);
#15711 = DIRECTION('',(0.52468079232,-0.835658322677,0.162435322241));
#15712 = ORIENTED_EDGE('',*,*,#15713,.T.);
#15713 = EDGE_CURVE('',#15706,#15242,#15714,.T.);
#15714 = LINE('',#15715,#15716);
#15715 = CARTESIAN_POINT('',(29.397254943848,74.905174255371,
    15.420883178711));
#15716 = VECTOR('',#15717,1.);
#15717 = DIRECTION('',(-0.264217864658,-0.946743299424,0.184027294147));
#15718 = PLANE('',#15719);
#15719 = AXIS2_PLACEMENT_3D('',#15720,#15721,#15722);
#15720 = CARTESIAN_POINT('',(30.134987435626,73.361920551393,
    15.720860742313));
#15721 = DIRECTION('',(-8.385749511247E-07,0.190808260685,0.981627326257
    ));
#15722 = DIRECTION('',(1.212054633379E-24,0.981627326257,-0.190808260685
    ));
#15723 = ADVANCED_FACE('',(#15724),#15739,.T.);
#15724 = FACE_BOUND('',#15725,.T.);
#15725 = EDGE_LOOP('',(#15726,#15727,#15733));
#15726 = ORIENTED_EDGE('',*,*,#15249,.F.);
#15727 = ORIENTED_EDGE('',*,*,#15728,.F.);
#15728 = EDGE_CURVE('',#15637,#15242,#15729,.T.);
#15729 = LINE('',#15730,#15731);
#15730 = CARTESIAN_POINT('',(29.11573600769,73.943000793457,
    0.392090827227));
#15731 = VECTOR('',#15732,1.);
#15732 = DIRECTION('',(7.81787111474E-04,-2.587155039414E-04,
    0.999999660938));
#15733 = ORIENTED_EDGE('',*,*,#15734,.T.);
#15734 = EDGE_CURVE('',#15637,#14610,#15735,.T.);
#15735 = LINE('',#15736,#15737);
#15736 = CARTESIAN_POINT('',(29.11573600769,73.943000793457,
    0.392090827227));
#15737 = VECTOR('',#15738,1.);
#15738 = DIRECTION('',(-2.685446492351E-04,-4.020153480341E-03,
    0.999991883092));
#15739 = PLANE('',#15740);
#15740 = AXIS2_PLACEMENT_3D('',#15741,#15742,#15743);
#15741 = CARTESIAN_POINT('',(29.117690098998,73.926674446533,
    8.018263291704));
#15742 = DIRECTION('',(-0.963154761668,0.268946515997,8.225628913463E-04
    ));
#15743 = DIRECTION('',(-0.268946606983,-0.963155087508,
    4.846402428242E-20));
#15744 = ADVANCED_FACE('',(#15745),#15750,.T.);
#15745 = FACE_BOUND('',#15746,.T.);
#15746 = EDGE_LOOP('',(#15747,#15748,#15749));
#15747 = ORIENTED_EDGE('',*,*,#15265,.T.);
#15748 = ORIENTED_EDGE('',*,*,#15734,.F.);
#15749 = ORIENTED_EDGE('',*,*,#15645,.F.);
#15750 = PLANE('',#15751);
#15751 = AXIS2_PLACEMENT_3D('',#15752,#15753,#15754);
#15752 = CARTESIAN_POINT('',(29.093752898348,73.849506371991,
    7.927689994902));
#15753 = DIRECTION('',(-0.953575377646,0.301152931025,9.546111869561E-04
    ));
#15754 = DIRECTION('',(-0.301153068243,-0.953575812135,
    1.226616630724E-20));
#15755 = ADVANCED_FACE('',(#15756),#15766,.T.);
#15756 = FACE_BOUND('',#15757,.T.);
#15757 = EDGE_LOOP('',(#15758,#15759,#15765));
#15758 = ORIENTED_EDGE('',*,*,#15315,.T.);
#15759 = ORIENTED_EDGE('',*,*,#15760,.T.);
#15760 = EDGE_CURVE('',#15308,#15332,#15761,.T.);
#15761 = LINE('',#15762,#15763);
#15762 = CARTESIAN_POINT('',(28.065839767456,96.166137695312,
    4.905648708344));
#15763 = VECTOR('',#15764,1.);
#15764 = DIRECTION('',(-0.623188736706,-0.675728042538,-0.393735204128)
  );
#15765 = ORIENTED_EDGE('',*,*,#15331,.T.);
#15766 = PLANE('',#15767);
#15767 = AXIS2_PLACEMENT_3D('',#15768,#15769,#15770);
#15768 = CARTESIAN_POINT('',(26.988481768471,95.886747615759,
    4.754455849232));
#15769 = DIRECTION('',(-1.215997981364E-02,0.511762869812,
    -0.859040685866));
#15770 = DIRECTION('',(-7.085255980514E-19,-0.859104203982,
    -0.511800709945));
#15771 = ADVANCED_FACE('',(#15772),#15787,.T.);
#15772 = FACE_BOUND('',#15773,.T.);
#15773 = EDGE_LOOP('',(#15774,#15780,#15781));
#15774 = ORIENTED_EDGE('',*,*,#15775,.F.);
#15775 = EDGE_CURVE('',#14780,#15071,#15776,.T.);
#15776 = LINE('',#15777,#15778);
#15777 = CARTESIAN_POINT('',(27.654891967773,95.713302612305,
    4.683290958405));
#15778 = VECTOR('',#15779,1.);
#15779 = DIRECTION('',(0.306720199227,-0.940210153477,-0.148079663305));
#15780 = ORIENTED_EDGE('',*,*,#15339,.F.);
#15781 = ORIENTED_EDGE('',*,*,#15782,.T.);
#15782 = EDGE_CURVE('',#15332,#15071,#15783,.T.);
#15783 = LINE('',#15784,#15785);
#15784 = CARTESIAN_POINT('',(27.79132270813,95.868476867676,
    4.732206821442));
#15785 = VECTOR('',#15786,1.);
#15786 = DIRECTION('',(0.258532045957,-0.953162654005,-0.156978139316));
#15787 = PLANE('',#15788);
#15788 = AXIS2_PLACEMENT_3D('',#15789,#15790,#15791);
#15789 = CARTESIAN_POINT('',(28.204541364764,94.178275013149,
    4.447926469795));
#15790 = DIRECTION('',(0.127264637354,0.194693608418,-0.972572933471));
#15791 = DIRECTION('',(4.569452531959E-19,-0.980545950849,
    -0.196289679489));
#15792 = ADVANCED_FACE('',(#15793),#15810,.T.);
#15793 = FACE_BOUND('',#15794,.T.);
#15794 = EDGE_LOOP('',(#15795,#15796,#15804));
#15795 = ORIENTED_EDGE('',*,*,#15362,.F.);
#15796 = ORIENTED_EDGE('',*,*,#15797,.F.);
#15797 = EDGE_CURVE('',#15798,#14780,#15800,.T.);
#15798 = VERTEX_POINT('',#15799);
#15799 = CARTESIAN_POINT('',(28.335618972778,92.703231811523,
    4.115684986115));
#15800 = LINE('',#15801,#15802);
#15801 = CARTESIAN_POINT('',(28.335618972778,92.703231811523,
    4.115684986115));
#15802 = VECTOR('',#15803,1.);
#15803 = DIRECTION('',(-0.216940698723,0.959278621129,0.180890188464));
#15804 = ORIENTED_EDGE('',*,*,#15805,.T.);
#15805 = EDGE_CURVE('',#15798,#15354,#15806,.T.);
#15806 = LINE('',#15807,#15808);
#15807 = CARTESIAN_POINT('',(28.335618972778,92.703231811523,
    4.115684986115));
#15808 = VECTOR('',#15809,1.);
#15809 = DIRECTION('',(-0.218335986441,0.959003223413,0.180671565304));
#15810 = PLANE('',#15811);
#15811 = AXIS2_PLACEMENT_3D('',#15812,#15813,#15814);
#15812 = CARTESIAN_POINT('',(27.99404009195,94.208589144976,
    4.399418010946));
#15813 = DIRECTION('',(0.111128281444,0.208367289016,-0.971716819825));
#15814 = DIRECTION('',(6.955967549567E-19,-0.977773077679,
    -0.209665945173));
#15815 = ADVANCED_FACE('',(#15816),#15826,.T.);
#15816 = FACE_BOUND('',#15817,.T.);
#15817 = EDGE_LOOP('',(#15818,#15819,#15825));
#15818 = ORIENTED_EDGE('',*,*,#15378,.F.);
#15819 = ORIENTED_EDGE('',*,*,#15820,.F.);
#15820 = EDGE_CURVE('',#14827,#15354,#15821,.T.);
#15821 = LINE('',#15822,#15823);
#15822 = CARTESIAN_POINT('',(27.577095031738,93.177139282227,
    4.130827903748));
#15823 = VECTOR('',#15824,1.);
#15824 = DIRECTION('',(2.860821914721E-02,0.976718725833,0.212607855935)
  );
#15825 = ORIENTED_EDGE('',*,*,#15392,.F.);
#15826 = PLANE('',#15827);
#15827 = AXIS2_PLACEMENT_3D('',#15828,#15829,#15830);
#15828 = CARTESIAN_POINT('',(27.507752752258,94.47425024423,
    4.40085832911));
#15829 = DIRECTION('',(0.111523406462,0.208248229711,-0.971697074521));
#15830 = DIRECTION('',(-3.332939756967E-18,-0.977796759046,
    -0.209555477141));
#15831 = ADVANCED_FACE('',(#15832),#15842,.T.);
#15832 = FACE_BOUND('',#15833,.T.);
#15833 = EDGE_LOOP('',(#15834,#15835,#15841));
#15834 = ORIENTED_EDGE('',*,*,#15820,.T.);
#15835 = ORIENTED_EDGE('',*,*,#15836,.F.);
#15836 = EDGE_CURVE('',#15409,#15354,#15837,.T.);
#15837 = LINE('',#15838,#15839);
#15838 = CARTESIAN_POINT('',(28.15364074707,92.816925048828,
    4.119318008423));
#15839 = VECTOR('',#15840,1.);
#15840 = DIRECTION('',(-0.168077685728,0.967632488912,0.188247863103));
#15841 = ORIENTED_EDGE('',*,*,#15408,.F.);
#15842 = PLANE('',#15843);
#15843 = AXIS2_PLACEMENT_3D('',#15844,#15845,#15846);
#15844 = CARTESIAN_POINT('',(27.779068340756,94.200138740462,
    4.373110526416));
#15845 = DIRECTION('',(0.110734696914,0.208289060082,-0.971778521243));
#15846 = DIRECTION('',(-3.96710062632E-18,-0.977791939507,
    -0.209577964098));
#15847 = ADVANCED_FACE('',(#15848),#15865,.T.);
#15848 = FACE_BOUND('',#15849,.T.);
#15849 = EDGE_LOOP('',(#15850,#15851,#15859));
#15850 = ORIENTED_EDGE('',*,*,#15416,.T.);
#15851 = ORIENTED_EDGE('',*,*,#15852,.F.);
#15852 = EDGE_CURVE('',#15853,#15409,#15855,.T.);
#15853 = VERTEX_POINT('',#15854);
#15854 = CARTESIAN_POINT('',(28.060089111328,92.875373840332,
    11.896940231323));
#15855 = LINE('',#15856,#15857);
#15856 = CARTESIAN_POINT('',(28.060089111328,92.875373840332,
    11.896940231323));
#15857 = VECTOR('',#15858,1.);
#15858 = DIRECTION('',(1.202709842095E-02,-7.514239194498E-03,
    -0.9998994375));
#15859 = ORIENTED_EDGE('',*,*,#15860,.T.);
#15860 = EDGE_CURVE('',#15853,#14825,#15861,.T.);
#15861 = LINE('',#15862,#15863);
#15862 = CARTESIAN_POINT('',(28.060089111328,92.875373840332,
    11.896940231323));
#15863 = VECTOR('',#15864,1.);
#15864 = DIRECTION('',(-0.847075550662,0.529236565551,
    -4.869978598067E-02));
#15865 = PLANE('',#15866);
#15866 = AXIS2_PLACEMENT_3D('',#15867,#15868,#15869);
#15867 = CARTESIAN_POINT('',(27.980184765016,92.92529677426,
    8.138424574239));
#15868 = DIRECTION('',(-0.529865268953,-0.848081833762,
    -5.198936763512E-08));
#15869 = DIRECTION('',(-0.848081833762,0.529865268953,9.312692583589E-26
    ));
#15870 = ADVANCED_FACE('',(#15871),#15881,.T.);
#15871 = FACE_BOUND('',#15872,.T.);
#15872 = EDGE_LOOP('',(#15873,#15874,#15880));
#15873 = ORIENTED_EDGE('',*,*,#15860,.F.);
#15874 = ORIENTED_EDGE('',*,*,#15875,.F.);
#15875 = EDGE_CURVE('',#15432,#15853,#15876,.T.);
#15876 = LINE('',#15877,#15878);
#15877 = CARTESIAN_POINT('',(27.551750183105,95.599601745605,
    11.37228012085));
#15878 = VECTOR('',#15879,1.);
#15879 = DIRECTION('',(0.180231501473,-0.965874652643,0.186018174536));
#15880 = ORIENTED_EDGE('',*,*,#15431,.F.);
#15881 = PLANE('',#15882);
#15882 = AXIS2_PLACEMENT_3D('',#15883,#15884,#15885);
#15883 = CARTESIAN_POINT('',(27.705299952876,94.183341940288,
    11.652913606086));
#15884 = DIRECTION('',(6.949806293506E-02,0.201146929261,0.977092591363)
  );
#15885 = DIRECTION('',(4.75732233198E-19,0.979460842986,-0.20163446396)
  );
#15886 = ADVANCED_FACE('',(#15887),#15897,.T.);
#15887 = FACE_BOUND('',#15888,.T.);
#15888 = EDGE_LOOP('',(#15889,#15890,#15891));
#15889 = ORIENTED_EDGE('',*,*,#15470,.F.);
#15890 = ORIENTED_EDGE('',*,*,#15454,.F.);
#15891 = ORIENTED_EDGE('',*,*,#15892,.T.);
#15892 = EDGE_CURVE('',#15432,#15471,#15893,.T.);
#15893 = LINE('',#15894,#15895);
#15894 = CARTESIAN_POINT('',(27.551750183105,95.599601745605,
    11.37228012085));
#15895 = VECTOR('',#15896,1.);
#15896 = DIRECTION('',(0.633809036874,0.701832042838,-0.325142873862));
#15897 = PLANE('',#15898);
#15898 = AXIS2_PLACEMENT_3D('',#15899,#15900,#15901);
#15899 = CARTESIAN_POINT('',(26.759672299913,95.68533347145,
    11.338532989083));
#15900 = DIRECTION('',(6.244951457711E-03,0.415701609127,0.909479616457)
  );
#15901 = DIRECTION('',(-2.741207808784E-19,0.909497351564,
    -0.415709715424));
#15902 = ADVANCED_FACE('',(#15903),#15918,.T.);
#15903 = FACE_BOUND('',#15904,.T.);
#15904 = EDGE_LOOP('',(#15905,#15911,#15912));
#15905 = ORIENTED_EDGE('',*,*,#15906,.F.);
#15906 = EDGE_CURVE('',#14897,#15593,#15907,.T.);
#15907 = LINE('',#15908,#15909);
#15908 = CARTESIAN_POINT('',(27.65412902832,95.71297454834,
    11.319761276245));
#15909 = VECTOR('',#15910,1.);
#15910 = DIRECTION('',(0.166888341706,-0.967602012031,0.189458775767));
#15911 = ORIENTED_EDGE('',*,*,#15478,.F.);
#15912 = ORIENTED_EDGE('',*,*,#15913,.T.);
#15913 = EDGE_CURVE('',#15471,#15593,#15914,.T.);
#15914 = LINE('',#15915,#15916);
#15915 = CARTESIAN_POINT('',(27.650579452515,95.709037780762,
    11.321580886841));
#15916 = VECTOR('',#15917,1.);
#15917 = DIRECTION('',(0.168274362057,-0.967436897006,0.189075618167));
#15918 = PLANE('',#15919);
#15919 = AXIS2_PLACEMENT_3D('',#15920,#15921,#15922);
#15920 = CARTESIAN_POINT('',(27.902756770035,94.265324314243,
    11.603476920988));
#15921 = DIRECTION('',(0.234523167386,0.225594859077,0.945571701944));
#15922 = DIRECTION('',(0.970592402889,-7.076118378482E-18,
    -0.240728867096));
#15923 = ADVANCED_FACE('',(#15924),#15934,.T.);
#15924 = FACE_BOUND('',#15925,.T.);
#15925 = EDGE_LOOP('',(#15926,#15932,#15933));
#15926 = ORIENTED_EDGE('',*,*,#15927,.T.);
#15927 = EDGE_CURVE('',#14897,#14169,#15928,.T.);
#15928 = LINE('',#15929,#15930);
#15929 = CARTESIAN_POINT('',(27.65412902832,95.71297454834,
    11.319761276245));
#15930 = VECTOR('',#15931,1.);
#15931 = DIRECTION('',(0.306909758,-0.940360972866,0.146723008269));
#15932 = ORIENTED_EDGE('',*,*,#15578,.F.);
#15933 = ORIENTED_EDGE('',*,*,#15494,.F.);
#15934 = PLANE('',#15935);
#15935 = AXIS2_PLACEMENT_3D('',#15936,#15937,#15938);
#15936 = CARTESIAN_POINT('',(28.257542328758,94.354355450349,
    11.491761522892));
#15937 = DIRECTION('',(0.236250604012,0.224611604991,0.945375734302));
#15938 = DIRECTION('',(0.970165031679,6.752814924557E-18,-0.242445481102
    ));
#15939 = ADVANCED_FACE('',(#15940),#15955,.T.);
#15940 = FACE_BOUND('',#15941,.T.);
#15941 = EDGE_LOOP('',(#15942,#15943,#15949));
#15942 = ORIENTED_EDGE('',*,*,#15533,.F.);
#15943 = ORIENTED_EDGE('',*,*,#15944,.F.);
#15944 = EDGE_CURVE('',#15672,#15031,#15945,.T.);
#15945 = LINE('',#15946,#15947);
#15946 = CARTESIAN_POINT('',(29.493234634399,75.761245727539,
    0.745521247387));
#15947 = VECTOR('',#15948,1.);
#15948 = DIRECTION('',(3.216100063688E-04,1.410338962355E-02,
    0.999900490533));
#15949 = ORIENTED_EDGE('',*,*,#15950,.T.);
#15950 = EDGE_CURVE('',#15672,#15534,#15951,.T.);
#15951 = LINE('',#15952,#15953);
#15952 = CARTESIAN_POINT('',(29.493234634399,75.761245727539,
    0.745521247387));
#15953 = VECTOR('',#15954,1.);
#15954 = DIRECTION('',(-6.267901409031E-03,-5.547693245056E-02,
    0.99844029535));
#15955 = PLANE('',#15956);
#15956 = AXIS2_PLACEMENT_3D('',#15957,#15958,#15959);
#15957 = CARTESIAN_POINT('',(29.470448550368,75.601400442008,
    8.281495134769));
#15958 = DIRECTION('',(-0.995543051813,9.430276805739E-02,
    -1.00991256912E-03));
#15959 = DIRECTION('',(-9.430281614823E-02,-0.995543559502,
    1.838473020372E-20));
#15960 = ADVANCED_FACE('',(#15961),#15971,.T.);
#15961 = FACE_BOUND('',#15962,.T.);
#15962 = EDGE_LOOP('',(#15963,#15964,#15965));
#15963 = ORIENTED_EDGE('',*,*,#15705,.T.);
#15964 = ORIENTED_EDGE('',*,*,#15541,.F.);
#15965 = ORIENTED_EDGE('',*,*,#15966,.T.);
#15966 = EDGE_CURVE('',#15534,#15706,#15967,.T.);
#15967 = LINE('',#15968,#15969);
#15968 = CARTESIAN_POINT('',(29.40115737915,74.946273803711,
    15.412893295288));
#15969 = VECTOR('',#15970,1.);
#15970 = DIRECTION('',(-9.28036575093E-02,-0.977386711638,0.190007097413
    ));
#15971 = PLANE('',#15972);
#15972 = AXIS2_PLACEMENT_3D('',#15973,#15974,#15975);
#15973 = CARTESIAN_POINT('',(30.328082883079,73.434599026497,
    15.706733452756));
#15974 = DIRECTION('',(3.140377169121E-05,0.190827767366,0.981623533854)
  );
#15975 = DIRECTION('',(2.464913475553E-23,0.981623534338,-0.19082776746)
  );
#15976 = ADVANCED_FACE('',(#15977),#15982,.T.);
#15977 = FACE_BOUND('',#15978,.T.);
#15978 = EDGE_LOOP('',(#15979,#15980,#15981));
#15979 = ORIENTED_EDGE('',*,*,#15944,.T.);
#15980 = ORIENTED_EDGE('',*,*,#15562,.F.);
#15981 = ORIENTED_EDGE('',*,*,#15679,.F.);
#15982 = PLANE('',#15983);
#15983 = AXIS2_PLACEMENT_3D('',#15984,#15985,#15986);
#15984 = CARTESIAN_POINT('',(29.492774648762,75.918861973456,
    7.934353063499));
#15985 = DIRECTION('',(-0.998785920385,-4.925092015368E-02,
    1.015925556672E-03));
#15986 = DIRECTION('',(4.925094556975E-02,-0.998786435811,
    -7.304196568871E-21));
#15987 = ADVANCED_FACE('',(#15988),#15993,.T.);
#15988 = FACE_BOUND('',#15989,.T.);
#15989 = EDGE_LOOP('',(#15990,#15991,#15992));
#15990 = ORIENTED_EDGE('',*,*,#15592,.F.);
#15991 = ORIENTED_EDGE('',*,*,#15927,.F.);
#15992 = ORIENTED_EDGE('',*,*,#15906,.T.);
#15993 = PLANE('',#15994);
#15994 = AXIS2_PLACEMENT_3D('',#15995,#15996,#15997);
#15995 = CARTESIAN_POINT('',(28.089222715775,94.028652828313,
    11.612187582686));
#15996 = DIRECTION('',(0.243708980556,0.226673177538,0.942987382408));
#15997 = DIRECTION('',(0.968188478742,-7.865008754438E-20,
    -0.250222040658));
#15998 = ADVANCED_FACE('',(#15999),#16014,.T.);
#15999 = FACE_BOUND('',#16000,.T.);
#16000 = EDGE_LOOP('',(#16001,#16002,#16008));
#16001 = ORIENTED_EDGE('',*,*,#15600,.T.);
#16002 = ORIENTED_EDGE('',*,*,#16003,.T.);
#16003 = EDGE_CURVE('',#15593,#15853,#16004,.T.);
#16004 = LINE('',#16005,#16006);
#16005 = CARTESIAN_POINT('',(28.15362739563,92.816932678223,
    11.886813163757));
#16006 = VECTOR('',#16007,1.);
#16007 = DIRECTION('',(-0.844528367194,0.527647257821,9.143417478468E-02
    ));
#16008 = ORIENTED_EDGE('',*,*,#16009,.T.);
#16009 = EDGE_CURVE('',#15853,#15071,#16010,.T.);
#16010 = LINE('',#16011,#16012);
#16011 = CARTESIAN_POINT('',(28.060089111328,92.875373840332,
    11.896940231323));
#16012 = VECTOR('',#16013,1.);
#16013 = DIRECTION('',(8.42263455874E-02,-5.262217957906E-02,
    -0.995056193853));
#16014 = PLANE('',#16015);
#16015 = AXIS2_PLACEMENT_3D('',#16016,#16017,#16018);
#16016 = CARTESIAN_POINT('',(28.40822913721,92.657865752404,
    8.059309931785));
#16017 = DIRECTION('',(-0.52986687451,-0.848080830638,
    -8.931359137844E-07));
#16018 = DIRECTION('',(-0.848080830638,0.52986687451,-1.816222101305E-23
    ));
#16019 = ADVANCED_FACE('',(#16020),#16025,.T.);
#16020 = FACE_BOUND('',#16021,.T.);
#16021 = EDGE_LOOP('',(#16022,#16023,#16024));
#16022 = ORIENTED_EDGE('',*,*,#15616,.T.);
#16023 = ORIENTED_EDGE('',*,*,#15782,.F.);
#16024 = ORIENTED_EDGE('',*,*,#15760,.F.);
#16025 = PLANE('',#16026);
#16026 = AXIS2_PLACEMENT_3D('',#16027,#16028,#16029);
#16027 = CARTESIAN_POINT('',(28.301456464658,94.344323829033,
    4.515068222828));
#16028 = DIRECTION('',(0.321040178707,0.238044338032,-0.916661386111));
#16029 = DIRECTION('',(-0.943791339577,8.153366983073E-18,
    -0.330541839016));
#16030 = ADVANCED_FACE('',(#16031),#16048,.T.);
#16031 = FACE_BOUND('',#16032,.T.);
#16032 = EDGE_LOOP('',(#16033,#16041,#16042));
#16033 = ORIENTED_EDGE('',*,*,#16034,.T.);
#16034 = EDGE_CURVE('',#16035,#6528,#16037,.T.);
#16035 = VERTEX_POINT('',#16036);
#16036 = CARTESIAN_POINT('',(29.356658935547,74.70539855957,
    0.540286123753));
#16037 = LINE('',#16038,#16039);
#16038 = CARTESIAN_POINT('',(29.356658935547,74.70539855957,
    0.540286123753));
#16039 = VECTOR('',#16040,1.);
#16040 = DIRECTION('',(0.559452714339,-0.813633676804,-0.158154672362));
#16041 = ORIENTED_EDGE('',*,*,#15636,.F.);
#16042 = ORIENTED_EDGE('',*,*,#16043,.T.);
#16043 = EDGE_CURVE('',#15637,#16035,#16044,.T.);
#16044 = LINE('',#16045,#16046);
#16045 = CARTESIAN_POINT('',(29.11573600769,73.943000793457,
    0.392090827227));
#16046 = VECTOR('',#16047,1.);
#16047 = DIRECTION('',(0.29627383621,0.93755506333,0.182242468164));
#16048 = PLANE('',#16049);
#16049 = AXIS2_PLACEMENT_3D('',#16050,#16051,#16052);
#16050 = CARTESIAN_POINT('',(30.141059351896,73.272033446014,
    0.261667656932));
#16051 = DIRECTION('',(-1.338881364494E-07,0.190809263267,
    -0.981627131375));
#16052 = DIRECTION('',(-1.391771250304E-24,-0.981627131375,
    -0.190809263267));
#16053 = ADVANCED_FACE('',(#16054),#16071,.T.);
#16054 = FACE_BOUND('',#16055,.T.);
#16055 = EDGE_LOOP('',(#16056,#16057,#16065));
#16056 = ORIENTED_EDGE('',*,*,#15671,.T.);
#16057 = ORIENTED_EDGE('',*,*,#16058,.F.);
#16058 = EDGE_CURVE('',#16059,#6528,#16061,.T.);
#16059 = VERTEX_POINT('',#16060);
#16060 = CARTESIAN_POINT('',(29.388051986694,74.948104858398,
    0.587461531162));
#16061 = LINE('',#16062,#16063);
#16062 = CARTESIAN_POINT('',(29.388051986694,74.948104858398,
    0.587461531162));
#16063 = VECTOR('',#16064,1.);
#16064 = DIRECTION('',(0.521109868723,-0.837808641591,-0.162853261545));
#16065 = ORIENTED_EDGE('',*,*,#16066,.T.);
#16066 = EDGE_CURVE('',#16059,#15672,#16067,.T.);
#16067 = LINE('',#16068,#16069);
#16068 = CARTESIAN_POINT('',(29.388051986694,74.948104858398,
    0.587461531162));
#16069 = VECTOR('',#16070,1.);
#16070 = DIRECTION('',(0.125965496054,0.973807896817,0.189290448518));
#16071 = PLANE('',#16072);
#16072 = AXIS2_PLACEMENT_3D('',#16073,#16074,#16075);
#16073 = CARTESIAN_POINT('',(30.268959434225,73.82010680695,
    0.368201650035));
#16074 = DIRECTION('',(2.212157880304E-06,0.190810048902,-0.98162697866)
  );
#16075 = DIRECTION('',(-3.260518330162E-23,-0.981626978662,
    -0.190810048902));
#16076 = ADVANCED_FACE('',(#16077),#16092,.T.);
#16077 = FACE_BOUND('',#16078,.T.);
#16078 = EDGE_LOOP('',(#16079,#16080,#16086));
#16079 = ORIENTED_EDGE('',*,*,#15713,.F.);
#16080 = ORIENTED_EDGE('',*,*,#16081,.F.);
#16081 = EDGE_CURVE('',#16035,#15706,#16082,.T.);
#16082 = LINE('',#16083,#16084);
#16083 = CARTESIAN_POINT('',(29.356658935547,74.70539855957,
    0.540286123753));
#16084 = VECTOR('',#16085,1.);
#16085 = DIRECTION('',(2.727860929227E-03,1.342398767747E-02,
    0.999906173263));
#16086 = ORIENTED_EDGE('',*,*,#16087,.T.);
#16087 = EDGE_CURVE('',#16035,#15242,#16088,.T.);
#16088 = LINE('',#16089,#16090);
#16089 = CARTESIAN_POINT('',(29.356658935547,74.70539855957,
    0.540286123753));
#16090 = VECTOR('',#16091,1.);
#16091 = DIRECTION('',(-1.517778971948E-02,-5.07856053957E-02,
    0.998594240412));
#16092 = PLANE('',#16093);
#16093 = AXIS2_PLACEMENT_3D('',#16094,#16095,#16096);
#16094 = CARTESIAN_POINT('',(29.307548619007,74.557477234212,
    8.274375100152));
#16095 = DIRECTION('',(-0.963242327484,0.268632203679,
    -9.786161017955E-04));
#16096 = DIRECTION('',(-0.268632332312,-0.963242788728,
    -1.333475431017E-20));
#16097 = ADVANCED_FACE('',(#16098),#16103,.T.);
#16098 = FACE_BOUND('',#16099,.T.);
#16099 = EDGE_LOOP('',(#16100,#16101,#16102));
#16100 = ORIENTED_EDGE('',*,*,#15728,.T.);
#16101 = ORIENTED_EDGE('',*,*,#16087,.F.);
#16102 = ORIENTED_EDGE('',*,*,#16043,.F.);
#16103 = PLANE('',#16104);
#16104 = AXIS2_PLACEMENT_3D('',#16105,#16106,#16107);
#16105 = CARTESIAN_POINT('',(29.183087478111,74.135886043527,
    7.839437287419));
#16106 = DIRECTION('',(-0.953568774833,0.301174224769,8.2340649859E-04)
  );
#16107 = DIRECTION('',(-0.301174326867,-0.953569098092,
    -4.380386782892E-20));
#16108 = ADVANCED_FACE('',(#16109),#16119,.T.);
#16109 = FACE_BOUND('',#16110,.T.);
#16110 = EDGE_LOOP('',(#16111,#16112,#16113));
#16111 = ORIENTED_EDGE('',*,*,#15797,.T.);
#16112 = ORIENTED_EDGE('',*,*,#15775,.T.);
#16113 = ORIENTED_EDGE('',*,*,#16114,.F.);
#16114 = EDGE_CURVE('',#15798,#15071,#16115,.T.);
#16115 = LINE('',#16116,#16117);
#16116 = CARTESIAN_POINT('',(28.335618972778,92.703231811523,
    4.115684986115));
#16117 = VECTOR('',#16118,1.);
#16118 = DIRECTION('',(0.841410356096,-0.525691123101,0.125209647181));
#16119 = PLANE('',#16120);
#16120 = AXIS2_PLACEMENT_3D('',#16121,#16122,#16123);
#16121 = CARTESIAN_POINT('',(28.121854525457,94.046629046513,
    4.396966201177));
#16122 = DIRECTION('',(0.287866395608,0.239928604582,-0.927128471671));
#16123 = DIRECTION('',(-0.955024217204,6.71343192126E-18,-0.296527814133
    ));
#16124 = ADVANCED_FACE('',(#16125),#16135,.T.);
#16125 = FACE_BOUND('',#16126,.T.);
#16126 = EDGE_LOOP('',(#16127,#16128,#16134));
#16127 = ORIENTED_EDGE('',*,*,#15805,.F.);
#16128 = ORIENTED_EDGE('',*,*,#16129,.F.);
#16129 = EDGE_CURVE('',#15409,#15798,#16130,.T.);
#16130 = LINE('',#16131,#16132);
#16131 = CARTESIAN_POINT('',(28.15364074707,92.816925048828,
    4.119318008423));
#16132 = VECTOR('',#16133,1.);
#16133 = DIRECTION('',(0.847967145635,-0.529778381673,
    -1.692885808098E-02));
#16134 = ORIENTED_EDGE('',*,*,#15836,.T.);
#16135 = PLANE('',#16136);
#16136 = AXIS2_PLACEMENT_3D('',#16137,#16138,#16139);
#16137 = CARTESIAN_POINT('',(27.959033956714,94.184042710039,
    4.390167515467));
#16138 = DIRECTION('',(0.110730214661,0.208288408066,-0.971779171739));
#16139 = DIRECTION('',(1.368546983414E-18,-0.977792102695,
    -0.209577202736));
#16140 = ADVANCED_FACE('',(#16141),#16151,.T.);
#16141 = FACE_BOUND('',#16142,.T.);
#16142 = EDGE_LOOP('',(#16143,#16144,#16150));
#16143 = ORIENTED_EDGE('',*,*,#16129,.T.);
#16144 = ORIENTED_EDGE('',*,*,#16145,.F.);
#16145 = EDGE_CURVE('',#15853,#15798,#16146,.T.);
#16146 = LINE('',#16147,#16148);
#16147 = CARTESIAN_POINT('',(28.060089111328,92.875373840332,
    11.896940231323));
#16148 = VECTOR('',#16149,1.);
#16149 = DIRECTION('',(3.537861295672E-02,-2.210339808088E-02,
    -0.9991295179));
#16150 = ORIENTED_EDGE('',*,*,#15852,.T.);
#16151 = PLANE('',#16152);
#16152 = AXIS2_PLACEMENT_3D('',#16153,#16154,#16155);
#16153 = CARTESIAN_POINT('',(28.153642026152,92.816924843379,
    7.954324298035));
#16154 = DIRECTION('',(-0.529854309704,-0.848088680792,
    1.312872389353E-07));
#16155 = DIRECTION('',(-0.848088680792,0.529854309704,
    -7.998108280558E-24));
#16156 = ADVANCED_FACE('',(#16157),#16167,.T.);
#16157 = FACE_BOUND('',#16158,.T.);
#16158 = EDGE_LOOP('',(#16159,#16160,#16166));
#16159 = ORIENTED_EDGE('',*,*,#16003,.F.);
#16160 = ORIENTED_EDGE('',*,*,#16161,.F.);
#16161 = EDGE_CURVE('',#15432,#15593,#16162,.T.);
#16162 = LINE('',#16163,#16164);
#16163 = CARTESIAN_POINT('',(27.551750183105,95.599601745605,
    11.37228012085));
#16164 = VECTOR('',#16165,1.);
#16165 = DIRECTION('',(0.208036121868,-0.961816910784,0.177846006781));
#16166 = ORIENTED_EDGE('',*,*,#15875,.T.);
#16167 = PLANE('',#16168);
#16168 = AXIS2_PLACEMENT_3D('',#16169,#16170,#16171);
#16169 = CARTESIAN_POINT('',(27.834873995539,94.19651504042,
    11.636987225957));
#16170 = DIRECTION('',(0.243964833104,0.227101378715,0.942818181833));
#16171 = DIRECTION('',(0.968113911357,-2.71034864781E-18,-0.250510388282
    ));
#16172 = ADVANCED_FACE('',(#16173),#16178,.T.);
#16173 = FACE_BOUND('',#16174,.T.);
#16174 = EDGE_LOOP('',(#16175,#16176,#16177));
#16175 = ORIENTED_EDGE('',*,*,#16161,.T.);
#16176 = ORIENTED_EDGE('',*,*,#15913,.F.);
#16177 = ORIENTED_EDGE('',*,*,#15892,.F.);
#16178 = PLANE('',#16179);
#16179 = AXIS2_PLACEMENT_3D('',#16180,#16181,#16182);
#16180 = CARTESIAN_POINT('',(27.870657224474,94.272696678166,
    11.609699137694));
#16181 = DIRECTION('',(0.23510897163,0.225665045568,0.945409466141));
#16182 = DIRECTION('',(0.97044206647,1.781614771689E-19,-0.241334199038)
  );
#16183 = ADVANCED_FACE('',(#16184),#16194,.T.);
#16184 = FACE_BOUND('',#16185,.T.);
#16185 = EDGE_LOOP('',(#16186,#16192,#16193));
#16186 = ORIENTED_EDGE('',*,*,#16187,.T.);
#16187 = EDGE_CURVE('',#16059,#15534,#16188,.T.);
#16188 = LINE('',#16189,#16190);
#16189 = CARTESIAN_POINT('',(29.388051986694,74.948104858398,
    0.587461531162));
#16190 = VECTOR('',#16191,1.);
#16191 = DIRECTION('',(8.839801392764E-04,-1.235076311607E-04,
    0.999999601662));
#16192 = ORIENTED_EDGE('',*,*,#15950,.F.);
#16193 = ORIENTED_EDGE('',*,*,#16066,.F.);
#16194 = PLANE('',#16195);
#16195 = AXIS2_PLACEMENT_3D('',#16196,#16197,#16198);
#16196 = CARTESIAN_POINT('',(29.421326419038,75.155187296189,
    7.836664343913));
#16197 = DIRECTION('',(-0.991759040013,0.128114050607,8.925187127519E-04
    ));
#16198 = DIRECTION('',(-0.128114101634,-0.991759435026,
    -2.340341466314E-20));
#16199 = ADVANCED_FACE('',(#16200),#16210,.T.);
#16200 = FACE_BOUND('',#16201,.T.);
#16201 = EDGE_LOOP('',(#16202,#16203,#16204));
#16202 = ORIENTED_EDGE('',*,*,#15966,.F.);
#16203 = ORIENTED_EDGE('',*,*,#16187,.F.);
#16204 = ORIENTED_EDGE('',*,*,#16205,.T.);
#16205 = EDGE_CURVE('',#16059,#15706,#16206,.T.);
#16206 = LINE('',#16207,#16208);
#16207 = CARTESIAN_POINT('',(29.388051986694,74.948104858398,
    0.587461531162));
#16208 = VECTOR('',#16209,1.);
#16209 = DIRECTION('',(6.204176661166E-04,-2.894168047451E-03,
    0.999995619427));
#16210 = PLANE('',#16211);
#16211 = AXIS2_PLACEMENT_3D('',#16212,#16213,#16214);
#16212 = CARTESIAN_POINT('',(29.393636705711,74.936895816162,
    8.012673128425));
#16213 = DIRECTION('',(-0.99550570237,9.469742031376E-02,
    8.917034786903E-04));
#16214 = DIRECTION('',(-9.46974579624E-02,-0.995506098151,
    -5.675685115498E-21));
#16215 = ADVANCED_FACE('',(#16216),#16221,.T.);
#16216 = FACE_BOUND('',#16217,.T.);
#16217 = EDGE_LOOP('',(#16218,#16219,#16220));
#16218 = ORIENTED_EDGE('',*,*,#16114,.T.);
#16219 = ORIENTED_EDGE('',*,*,#16009,.F.);
#16220 = ORIENTED_EDGE('',*,*,#16145,.T.);
#16221 = PLANE('',#16222);
#16222 = AXIS2_PLACEMENT_3D('',#16223,#16224,#16225);
#16223 = CARTESIAN_POINT('',(28.298824395805,92.726219222344,
    7.911427959733));
#16224 = DIRECTION('',(-0.529860945811,-0.848084534763,
    -1.954147352934E-07));
#16225 = DIRECTION('',(-0.848084534763,0.529860945811,
    -7.112372836734E-24));
#16226 = ADVANCED_FACE('',(#16227),#16237,.T.);
#16227 = FACE_BOUND('',#16228,.T.);
#16228 = EDGE_LOOP('',(#16229,#16230,#16236));
#16229 = ORIENTED_EDGE('',*,*,#16034,.F.);
#16230 = ORIENTED_EDGE('',*,*,#16231,.T.);
#16231 = EDGE_CURVE('',#16035,#16059,#16232,.T.);
#16232 = LINE('',#16233,#16234);
#16233 = CARTESIAN_POINT('',(29.356658935547,74.70539855957,
    0.540286123753));
#16234 = VECTOR('',#16235,1.);
#16235 = DIRECTION('',(0.125958339599,0.973810486496,0.189281887871));
#16236 = ORIENTED_EDGE('',*,*,#16058,.T.);
#16237 = PLANE('',#16238);
#16238 = AXIS2_PLACEMENT_3D('',#16239,#16240,#16241);
#16239 = CARTESIAN_POINT('',(30.287832299839,73.427612763523,
    0.29190871119));
#16240 = DIRECTION('',(-9.948534049857E-06,0.190802760427,
    -0.981628395328));
#16241 = DIRECTION('',(2.980621198985E-22,-0.981628395377,
    -0.190802760436));
#16242 = ADVANCED_FACE('',(#16243),#16248,.T.);
#16243 = FACE_BOUND('',#16244,.T.);
#16244 = EDGE_LOOP('',(#16245,#16246,#16247));
#16245 = ORIENTED_EDGE('',*,*,#16081,.T.);
#16246 = ORIENTED_EDGE('',*,*,#16205,.F.);
#16247 = ORIENTED_EDGE('',*,*,#16231,.F.);
#16248 = PLANE('',#16249);
#16249 = AXIS2_PLACEMENT_3D('',#16250,#16251,#16252);
#16250 = CARTESIAN_POINT('',(29.384688946152,74.865538616671,
    7.930572302946));
#16251 = DIRECTION('',(-0.991762230057,0.128088667702,9.860212567569E-04
    ));
#16252 = DIRECTION('',(-0.128088729969,-0.991762712172,
    -1.886040743452E-20));
#16253 = ( GEOMETRIC_REPRESENTATION_CONTEXT(3) 
GLOBAL_UNCERTAINTY_ASSIGNED_CONTEXT((#16257)) 
GLOBAL_UNIT_ASSIGNED_CONTEXT((#16254,#16255,#16256)) 
REPRESENTATION_CONTEXT('Context #1',
  '3D Context with UNIT and UNCERTAINTY') );
#16254 = ( LENGTH_UNIT() NAMED_UNIT(*) SI_UNIT(.MILLI.,.METRE.) );
#16255 = ( NAMED_UNIT(*) PLANE_ANGLE_UNIT() SI_UNIT($,.RADIAN.) );
#16256 = ( NAMED_UNIT(*) SI_UNIT($,.STERADIAN.) SOLID_ANGLE_UNIT() );
#16257 = UNCERTAINTY_MEASURE_WITH_UNIT(LENGTH_MEASURE(5.E-06),#16254,
  'distance_accuracy_value','confusion accuracy');
#16258 = PRODUCT_RELATED_PRODUCT_CATEGORY('part',$,(#7));
#16259 = MECHANICAL_DESIGN_GEOMETRIC_PRESENTATION_REPRESENTATION('',(
    #16260),#16253);
#16260 = STYLED_ITEM('color',(#16261),#15);
#16261 = PRESENTATION_STYLE_ASSIGNMENT((#16262,#16268));
#16262 = SURFACE_STYLE_USAGE(.BOTH.,#16263);
#16263 = SURFACE_SIDE_STYLE('',(#16264));
#16264 = SURFACE_STYLE_FILL_AREA(#16265);
#16265 = FILL_AREA_STYLE('',(#16266));
#16266 = FILL_AREA_STYLE_COLOUR('',#16267);
#16267 = COLOUR_RGB('',0.447059003357,0.474510015008,0.501960993452);
#16268 = CURVE_STYLE('',#16269,POSITIVE_LENGTH_MEASURE(0.1),#16270);
#16269 = DRAUGHTING_PRE_DEFINED_CURVE_FONT('continuous');
#16270 = COLOUR_RGB('',0.678431390124,0.709803936702,0.741176476869);
ENDSEC;
END-ISO-10303-21;
