ISO-10303-21;
HEADER;
FILE_DESCRIPTION(('FreeCAD Model'),'2;1');
FILE_NAME('Open CASCADE Shape Model','2026-08-26T13:21:15',(''),(''),
  'Open CASCADE STEP processor 7.8','FreeCAD','Unknown');
FILE_SCHEMA(('AUTOMOTIVE_DESIGN { 1 0 10303 214 1 1 1 1 }'));
ENDSEC;
DATA;
#1 = APPLICATION_PROTOCOL_DEFINITION('international standard',
  'automotive_design',2000,#2);
#2 = APPLICATION_CONTEXT(
  'core data for automotive mechanical design processes');
#3 = SHAPE_DEFINITION_REPRESENTATION(#4,#10);
#4 = PRODUCT_DEFINITION_SHAPE('','',#5);
#5 = PRODUCT_DEFINITION('design','',#6,#9);
#6 = PRODUCT_DEFINITION_FORMATION('','',#7);
#7 = PRODUCT('Body004','Body004','',(#8));
#8 = PRODUCT_CONTEXT('',#2,'mechanical');
#9 = PRODUCT_DEFINITION_CONTEXT('part definition',#2,'design');
#10 = ADVANCED_BREP_SHAPE_REPRESENTATION('',(#11,#15),#13414);
#11 = AXIS2_PLACEMENT_3D('',#12,#13,#14);
#12 = CARTESIAN_POINT('',(0.,0.,0.));
#13 = DIRECTION('',(0.,0.,1.));
#14 = DIRECTION('',(1.,0.,-0.));
#15 = MANIFOLD_SOLID_BREP('',#16);
#16 = CLOSED_SHELL('',(#17,#49,#72,#839,#870,#917,#934,#964,#1204,#1228,
    #1423,#1447,#1471,#1495,#1519,#1543,#1567,#1591,#1615,#1639,#2121,
    #2145,#2635,#2659,#2683,#2707,#2731,#2755,#2772,#2821,#2845,#2869,
    #2892,#2916,#2940,#2964,#2988,#3012,#3036,#3060,#3084,#3108,#3303,
    #3327,#3358,#3382,#3406,#3430,#3454,#3478,#3502,#3526,#3550,#3574,
    #3598,#3622,#3646,#3670,#3694,#3718,#3742,#3766,#3790,#3814,#3838,
    #3862,#3886,#3910,#3934,#3958,#3982,#4006,#4030,#4054,#4078,#4102,
    #4126,#4150,#4174,#4198,#4222,#4246,#4270,#4294,#4318,#4349,#4373,
    #4397,#4421,#4445,#4469,#4493,#4517,#4541,#4558,#4632,#4681,#4737,
    #4754,#4777,#4794,#4811,#5250,#5267,#5284,#5301,#5318,#5335,#5352,
    #5369,#5386,#5403,#5420,#5437,#5454,#5471,#5488,#5505,#5522,#5539,
    #5590,#5607,#5619,#5644,#5666,#5690,#5709,#5755,#5772,#6454,#6471,
    #6488,#6505,#6522,#6539,#6556,#6573,#6590,#6607,#6624,#6641,#6658,
    #6675,#6692,#6709,#6726,#6743,#6760,#6777,#6789,#6811,#6828,#6845,
    #6862,#6879,#6896,#6913,#6930,#6947,#6964,#6981,#6998,#7015,#7032,
    #7049,#7066,#7083,#7100,#7117,#7134,#7151,#7168,#7185,#7202,#7219,
    #7236,#7253,#7270,#7287,#7304,#7321,#7338,#7355,#7372,#7389,#7410,
    #7427,#7438,#7449,#7468,#7485,#7509,#7533,#7557,#7581,#7605,#7629,
    #7653,#7677,#7701,#7725,#7749,#7773,#7797,#7821,#7845,#7869,#7893,
    #7917,#7941,#7958,#7983,#8014,#8069,#8100,#8112,#8123,#8147,#8171,
    #8195,#8219,#8243,#8267,#8291,#8315,#8339,#8363,#8387,#8411,#8435,
    #8459,#8483,#8507,#8531,#8555,#8579,#8603,#8627,#8651,#8675,#8699,
    #8723,#8747,#8771,#8795,#8819,#8843,#8867,#8891,#8915,#8939,#8963,
    #8987,#9011,#9035,#9052,#9074,#9094,#9111,#9429,#9453,#9477,#9493,
    #9517,#9533,#9557,#9573,#9597,#9613,#9637,#9653,#9677,#9693,#9717,
    #9733,#9757,#9773,#9797,#9813,#9837,#9853,#9877,#9893,#9917,#9933,
    #9957,#9973,#9997,#10013,#10037,#10053,#10077,#10093,#10117,#10133,
    #10157,#10173,#10197,#10213,#10237,#10253,#10277,#10293,#10317,
    #10333,#10357,#10373,#10397,#10413,#10437,#10453,#10477,#10493,
    #10517,#10533,#10557,#10581,#10597,#10621,#10637,#10661,#10677,
    #10701,#10717,#10741,#10757,#10781,#10797,#10821,#10837,#10861,
    #10877,#10894,#10949,#10980,#11004,#11028,#11052,#11076,#11100,
    #11124,#11148,#11172,#11196,#11220,#11236,#11259,#11283,#11307,
    #11331,#11355,#11379,#11403,#11427,#11451,#11475,#11499,#11523,
    #11547,#11571,#11595,#11619,#11643,#11667,#11691,#11715,#11739,
    #11763,#11787,#11811,#11835,#11852,#11875,#11898,#11921,#11944,
    #11967,#11990,#12013,#12036,#12060,#12083,#12106,#12129,#12152,
    #12175,#12198,#12221,#12244,#12267,#12290,#12313,#12336,#12359,
    #12382,#12405,#12428,#12451,#12474,#12498,#12521,#12544,#12567,
    #12590,#12613,#12636,#12659,#12682,#12705,#12755,#12766,#12782,
    #12798,#12814,#12830,#12846,#12862,#12878,#12894,#12910,#13085,
    #13096,#13107,#13118,#13129,#13140,#13151,#13162,#13173,#13184,
    #13195,#13206,#13217,#13228,#13239,#13250,#13261,#13272,#13283,
    #13294,#13305,#13316,#13327,#13338,#13349,#13360,#13371));
#17 = ADVANCED_FACE('',(#18),#44,.T.);
#18 = FACE_BOUND('',#19,.T.);
#19 = EDGE_LOOP('',(#20,#30,#38));
#20 = ORIENTED_EDGE('',*,*,#21,.T.);
#21 = EDGE_CURVE('',#22,#24,#26,.T.);
#22 = VERTEX_POINT('',#23);
#23 = CARTESIAN_POINT('',(31.34991645813,33.117378234863,3.));
#24 = VERTEX_POINT('',#25);
#25 = CARTESIAN_POINT('',(30.240673065186,33.366184234619,0.));
#26 = LINE('',#27,#28);
#27 = CARTESIAN_POINT('',(31.34991645813,33.117378234863,3.));
#28 = VECTOR('',#29,1.);
#29 = DIRECTION('',(-0.345756296649,7.755398103504E-02,-0.935113877211)
  );
#30 = ORIENTED_EDGE('',*,*,#31,.T.);
#31 = EDGE_CURVE('',#24,#32,#34,.T.);
#32 = VERTEX_POINT('',#33);
#33 = CARTESIAN_POINT('',(31.827505111694,32.968311309814,0.));
#34 = LINE('',#35,#36);
#35 = CARTESIAN_POINT('',(30.240673065186,33.366184234619,0.));
#36 = VECTOR('',#37,1.);
#37 = DIRECTION('',(0.969974722653,-0.243205751193,0.));
#38 = ORIENTED_EDGE('',*,*,#39,.T.);
#39 = EDGE_CURVE('',#32,#22,#40,.T.);
#40 = LINE('',#41,#42);
#41 = CARTESIAN_POINT('',(31.827505111694,32.968311309814,0.));
#42 = VECTOR('',#43,1.);
#43 = DIRECTION('',(-0.157027534865,4.901207680641E-02,0.986377295775));
#44 = PLANE('',#45);
#45 = AXIS2_PLACEMENT_3D('',#46,#47,#48);
#46 = CARTESIAN_POINT('',(31.150853649303,33.14958918705,1.188806999503)
  );
#47 = DIRECTION('',(-0.243194824321,-0.969931143132,9.479188104876E-03)
  );
#48 = DIRECTION('',(-0.969974722653,0.243205751193,2.86548482445E-19));
#49 = ADVANCED_FACE('',(#50),#67,.T.);
#50 = FACE_BOUND('',#51,.T.);
#51 = EDGE_LOOP('',(#52,#53,#61));
#52 = ORIENTED_EDGE('',*,*,#21,.F.);
#53 = ORIENTED_EDGE('',*,*,#54,.T.);
#54 = EDGE_CURVE('',#22,#55,#57,.T.);
#55 = VERTEX_POINT('',#56);
#56 = CARTESIAN_POINT('',(30.240673065186,33.366184234619,3.));
#57 = LINE('',#58,#59);
#58 = CARTESIAN_POINT('',(31.34991645813,33.117378234863,3.));
#59 = VECTOR('',#60,1.);
#60 = DIRECTION('',(-0.975755307315,0.218864296418,0.));
#61 = ORIENTED_EDGE('',*,*,#62,.T.);
#62 = EDGE_CURVE('',#55,#24,#63,.T.);
#63 = LINE('',#64,#65);
#64 = CARTESIAN_POINT('',(30.240673065186,33.366184234619,3.));
#65 = VECTOR('',#66,1.);
#66 = DIRECTION('',(0.,0.,-1.));
#67 = PLANE('',#68);
#68 = AXIS2_PLACEMENT_3D('',#69,#70,#71);
#69 = CARTESIAN_POINT('',(30.568763540555,33.292592740404,1.732159865701
    ));
#70 = DIRECTION('',(-0.218864296418,-0.975755307315,-0.));
#71 = DIRECTION('',(-0.975755307315,0.218864296418,0.));
#72 = ADVANCED_FACE('',(#73,#800),#834,.T.);
#73 = FACE_BOUND('',#74,.T.);
#74 = EDGE_LOOP('',(#75,#84,#92,#100,#108,#116,#124,#132,#140,#148,#156,
    #164,#172,#180,#188,#196,#204,#212,#220,#228,#236,#244,#250,#251,
    #259,#267,#275,#283,#290,#298,#306,#314,#322,#330,#338,#346,#354,
    #362,#370,#378,#386,#394,#402,#410,#418,#426,#434,#442,#450,#458,
    #466,#474,#482,#490,#498,#506,#514,#522,#530,#538,#546,#554,#562,
    #570,#578,#586,#594,#602,#610,#618,#626,#634,#642,#650,#658,#666,
    #674,#682,#690,#698,#706,#714,#722,#730,#738,#746,#754,#762,#770,
    #778,#786,#794));
#75 = ORIENTED_EDGE('',*,*,#76,.T.);
#76 = EDGE_CURVE('',#77,#79,#81,.T.);
#77 = VERTEX_POINT('',#78);
#78 = CARTESIAN_POINT('',(11.800000190735,36.,-7.E-15));
#79 = VERTEX_POINT('',#80);
#80 = CARTESIAN_POINT('',(14.300000190735,36.,-7.E-15));
#81 = B_SPLINE_CURVE_WITH_KNOTS('',1,(#82,#83),.UNSPECIFIED.,.F.,.F.,(2,
    2),(0.,1.),.PIECEWISE_BEZIER_KNOTS.);
#82 = CARTESIAN_POINT('',(11.800000190735,36.,-6.94E-15));
#83 = CARTESIAN_POINT('',(14.300000190735,36.,-6.94E-15));
#84 = ORIENTED_EDGE('',*,*,#85,.T.);
#85 = EDGE_CURVE('',#79,#86,#88,.T.);
#86 = VERTEX_POINT('',#87);
#87 = CARTESIAN_POINT('',(14.300000190735,68.,-7.E-15));
#88 = LINE('',#89,#90);
#89 = CARTESIAN_POINT('',(14.300000190735,36.,0.));
#90 = VECTOR('',#91,1.);
#91 = DIRECTION('',(0.,1.,0.));
#92 = ORIENTED_EDGE('',*,*,#93,.T.);
#93 = EDGE_CURVE('',#86,#94,#96,.T.);
#94 = VERTEX_POINT('',#95);
#95 = CARTESIAN_POINT('',(35.300003051758,68.,0.));
#96 = LINE('',#97,#98);
#97 = CARTESIAN_POINT('',(14.300000190735,68.,0.));
#98 = VECTOR('',#99,1.);
#99 = DIRECTION('',(1.,0.,0.));
#100 = ORIENTED_EDGE('',*,*,#101,.F.);
#101 = EDGE_CURVE('',#102,#94,#104,.T.);
#102 = VERTEX_POINT('',#103);
#103 = CARTESIAN_POINT('',(35.300003051758,39.027759552002,0.));
#104 = LINE('',#105,#106);
#105 = CARTESIAN_POINT('',(35.300003051758,39.027759552002,0.));
#106 = VECTOR('',#107,1.);
#107 = DIRECTION('',(0.,1.,0.));
#108 = ORIENTED_EDGE('',*,*,#109,.T.);
#109 = EDGE_CURVE('',#102,#110,#112,.T.);
#110 = VERTEX_POINT('',#111);
#111 = CARTESIAN_POINT('',(35.407852172852,37.563037872314,0.));
#112 = LINE('',#113,#114);
#113 = CARTESIAN_POINT('',(35.300003051758,39.027759552002,0.));
#114 = VECTOR('',#115,1.);
#115 = DIRECTION('',(7.34323466443E-02,-0.997300200775,0.));
#116 = ORIENTED_EDGE('',*,*,#117,.T.);
#117 = EDGE_CURVE('',#110,#118,#120,.T.);
#118 = VERTEX_POINT('',#119);
#119 = CARTESIAN_POINT('',(35.729080200195,36.129913330078,0.));
#120 = LINE('',#121,#122);
#121 = CARTESIAN_POINT('',(35.407852172852,37.563037872314,0.));
#122 = VECTOR('',#123,1.);
#123 = DIRECTION('',(0.218718236653,-0.975788057395,0.));
#124 = ORIENTED_EDGE('',*,*,#125,.T.);
#125 = EDGE_CURVE('',#118,#126,#128,.T.);
#126 = VERTEX_POINT('',#127);
#127 = CARTESIAN_POINT('',(36.256755828857,34.759296417236,0.));
#128 = LINE('',#129,#130);
#129 = CARTESIAN_POINT('',(35.729080200195,36.129913330078,0.));
#130 = VECTOR('',#131,1.);
#131 = DIRECTION('',(0.359284691405,-0.933228005646,0.));
#132 = ORIENTED_EDGE('',*,*,#133,.T.);
#133 = EDGE_CURVE('',#126,#134,#136,.T.);
#134 = VERTEX_POINT('',#135);
#135 = CARTESIAN_POINT('',(36.979496002197,33.480754852295,0.));
#136 = LINE('',#137,#138);
#137 = CARTESIAN_POINT('',(36.256755828857,34.759296417236,0.));
#138 = VECTOR('',#139,1.);
#139 = DIRECTION('',(0.492101761,-0.870537682597,0.));
#140 = ORIENTED_EDGE('',*,*,#141,.F.);
#141 = EDGE_CURVE('',#142,#134,#144,.T.);
#142 = VERTEX_POINT('',#143);
#143 = CARTESIAN_POINT('',(37.620502471924,32.519248962402,0.));
#144 = LINE('',#145,#146);
#145 = CARTESIAN_POINT('',(37.620502471924,32.519248962402,0.));
#146 = VECTOR('',#147,1.);
#147 = DIRECTION('',(-0.554701719804,0.832049278617,0.));
#148 = ORIENTED_EDGE('',*,*,#149,.T.);
#149 = EDGE_CURVE('',#142,#150,#152,.T.);
#150 = VERTEX_POINT('',#151);
#151 = CARTESIAN_POINT('',(38.343242645264,31.240701675415,0.));
#152 = LINE('',#153,#154);
#153 = CARTESIAN_POINT('',(37.620502471924,32.519248962402,0.));
#154 = VECTOR('',#155,1.);
#155 = DIRECTION('',(0.492100091965,-0.870538626075,0.));
#156 = ORIENTED_EDGE('',*,*,#157,.T.);
#157 = EDGE_CURVE('',#150,#158,#160,.T.);
#158 = VERTEX_POINT('',#159);
#159 = CARTESIAN_POINT('',(38.870918273926,29.870084762573,0.));
#160 = LINE('',#161,#162);
#161 = CARTESIAN_POINT('',(38.343242645264,31.240701675415,0.));
#162 = VECTOR('',#163,1.);
#163 = DIRECTION('',(0.359284691405,-0.933228005646,0.));
#164 = ORIENTED_EDGE('',*,*,#165,.T.);
#165 = EDGE_CURVE('',#158,#166,#168,.T.);
#166 = VERTEX_POINT('',#167);
#167 = CARTESIAN_POINT('',(39.19214630127,28.436960220337,0.));
#168 = LINE('',#169,#170);
#169 = CARTESIAN_POINT('',(38.870918273926,29.870084762573,0.));
#170 = VECTOR('',#171,1.);
#171 = DIRECTION('',(0.218718236653,-0.975788057395,0.));
#172 = ORIENTED_EDGE('',*,*,#173,.T.);
#173 = EDGE_CURVE('',#166,#174,#176,.T.);
#174 = VERTEX_POINT('',#175);
#175 = CARTESIAN_POINT('',(39.300003051758,26.972244262695,0.));
#176 = LINE('',#177,#178);
#177 = CARTESIAN_POINT('',(39.19214630127,28.436960220337,0.));
#178 = VECTOR('',#179,1.);
#179 = DIRECTION('',(7.343779867774E-02,-0.997299799321,0.));
#180 = ORIENTED_EDGE('',*,*,#181,.F.);
#181 = EDGE_CURVE('',#182,#174,#184,.T.);
#182 = VERTEX_POINT('',#183);
#183 = CARTESIAN_POINT('',(39.300003051758,5.,0.));
#184 = LINE('',#185,#186);
#185 = CARTESIAN_POINT('',(39.300003051758,5.,0.));
#186 = VECTOR('',#187,1.);
#187 = DIRECTION('',(0.,1.,0.));
#188 = ORIENTED_EDGE('',*,*,#189,.T.);
#189 = EDGE_CURVE('',#182,#190,#192,.T.);
#190 = VERTEX_POINT('',#191);
#191 = CARTESIAN_POINT('',(36.799999237061,5.,0.));
#192 = LINE('',#193,#194);
#193 = CARTESIAN_POINT('',(39.300003051758,5.,0.));
#194 = VECTOR('',#195,1.);
#195 = DIRECTION('',(-1.,0.,0.));
#196 = ORIENTED_EDGE('',*,*,#197,.F.);
#197 = EDGE_CURVE('',#198,#190,#200,.T.);
#198 = VERTEX_POINT('',#199);
#199 = CARTESIAN_POINT('',(36.799999237061,26.215303421021,0.));
#200 = LINE('',#201,#202);
#201 = CARTESIAN_POINT('',(36.799999237061,26.215303421021,0.));
#202 = VECTOR('',#203,1.);
#203 = DIRECTION('',(0.,-1.,0.));
#204 = ORIENTED_EDGE('',*,*,#205,.T.);
#205 = EDGE_CURVE('',#198,#206,#208,.T.);
#206 = VERTEX_POINT('',#207);
#207 = CARTESIAN_POINT('',(36.700244903564,27.624267578125,0.));
#208 = LINE('',#209,#210);
#209 = CARTESIAN_POINT('',(36.799999237061,26.215303421021,0.));
#210 = VECTOR('',#211,1.);
#211 = DIRECTION('',(-7.062298524151E-02,0.997503079672,0.));
#212 = ORIENTED_EDGE('',*,*,#213,.T.);
#213 = EDGE_CURVE('',#206,#214,#216,.T.);
#214 = VERTEX_POINT('',#215);
#215 = CARTESIAN_POINT('',(36.402961730957,29.005121231079,0.));
#216 = LINE('',#217,#218);
#217 = CARTESIAN_POINT('',(36.700244903564,27.624267578125,0.));
#218 = VECTOR('',#219,1.);
#219 = DIRECTION('',(-0.210467131435,0.977600934219,0.));
#220 = ORIENTED_EDGE('',*,*,#221,.T.);
#221 = EDGE_CURVE('',#214,#222,#224,.T.);
#222 = VERTEX_POINT('',#223);
#223 = CARTESIAN_POINT('',(35.914093017578,30.330312728882,0.));
#224 = LINE('',#225,#226);
#225 = CARTESIAN_POINT('',(36.402961730957,29.005121231079,0.));
#226 = VECTOR('',#227,1.);
#227 = DIRECTION('',(-0.346104443679,0.938195989155,0.));
#228 = ORIENTED_EDGE('',*,*,#229,.F.);
#229 = EDGE_CURVE('',#230,#222,#232,.T.);
#230 = VERTEX_POINT('',#231);
#231 = CARTESIAN_POINT('',(34.702693939209,31.429790496826,0.));
#232 = LINE('',#233,#234);
#233 = CARTESIAN_POINT('',(34.702693939209,31.429790496826,0.));
#234 = VECTOR('',#235,1.);
#235 = DIRECTION('',(0.740485690296,-0.67207212594,0.));
#236 = ORIENTED_EDGE('',*,*,#237,.F.);
#237 = EDGE_CURVE('',#238,#230,#240,.T.);
#238 = VERTEX_POINT('',#239);
#239 = CARTESIAN_POINT('',(33.328235626221,32.317039489746,0.));
#240 = LINE('',#241,#242);
#241 = CARTESIAN_POINT('',(33.328235626221,32.317039489746,0.));
#242 = VECTOR('',#243,1.);
#243 = DIRECTION('',(0.840156918687,-0.54234338936,0.));
#244 = ORIENTED_EDGE('',*,*,#245,.F.);
#245 = EDGE_CURVE('',#32,#238,#246,.T.);
#246 = LINE('',#247,#248);
#247 = CARTESIAN_POINT('',(31.827505111694,32.968311309814,0.));
#248 = VECTOR('',#249,1.);
#249 = DIRECTION('',(0.917342464484,-0.398098986252,0.));
#250 = ORIENTED_EDGE('',*,*,#31,.F.);
#251 = ORIENTED_EDGE('',*,*,#252,.F.);
#252 = EDGE_CURVE('',#253,#24,#255,.T.);
#253 = VERTEX_POINT('',#254);
#254 = CARTESIAN_POINT('',(28.610202789307,33.5,0.));
#255 = LINE('',#256,#257);
#256 = CARTESIAN_POINT('',(28.610202789307,33.5,0.));
#257 = VECTOR('',#258,1.);
#258 = DIRECTION('',(0.996649022179,-8.179686173492E-02,0.));
#259 = ORIENTED_EDGE('',*,*,#260,.F.);
#260 = EDGE_CURVE('',#261,#253,#263,.T.);
#261 = VERTEX_POINT('',#262);
#262 = CARTESIAN_POINT('',(16.34496307373,33.5,0.));
#263 = LINE('',#264,#265);
#264 = CARTESIAN_POINT('',(16.34496307373,33.5,0.));
#265 = VECTOR('',#266,1.);
#266 = DIRECTION('',(1.,0.,0.));
#267 = ORIENTED_EDGE('',*,*,#268,.T.);
#268 = EDGE_CURVE('',#261,#269,#271,.T.);
#269 = VERTEX_POINT('',#270);
#270 = CARTESIAN_POINT('',(14.810153961182,33.381519317627,0.));
#271 = LINE('',#272,#273);
#272 = CARTESIAN_POINT('',(16.34496307373,33.5,0.));
#273 = VECTOR('',#274,1.);
#274 = DIRECTION('',(-0.997033662154,-7.696672353264E-02,0.));
#275 = ORIENTED_EDGE('',*,*,#276,.T.);
#276 = EDGE_CURVE('',#269,#277,#279,.T.);
#277 = VERTEX_POINT('',#278);
#278 = CARTESIAN_POINT('',(14.300000190735,33.261458536669,0.));
#279 = LINE('',#280,#281);
#280 = CARTESIAN_POINT('',(14.810153961182,33.381519317627,0.));
#281 = VECTOR('',#282,1.);
#282 = DIRECTION('',(-0.973406702499,-0.229083808964,0.));
#283 = ORIENTED_EDGE('',*,*,#284,.F.);
#284 = EDGE_CURVE('',#285,#277,#287,.T.);
#285 = VERTEX_POINT('',#286);
#286 = CARTESIAN_POINT('',(11.800000190735,33.261458536669,0.));
#287 = B_SPLINE_CURVE_WITH_KNOTS('',1,(#288,#289),.UNSPECIFIED.,.F.,.F.,
  (2,2),(0.,1.),.PIECEWISE_BEZIER_KNOTS.);
#288 = CARTESIAN_POINT('',(11.800000190735,33.261458536669,0.));
#289 = CARTESIAN_POINT('',(14.300000190735,33.261458536669,0.));
#290 = ORIENTED_EDGE('',*,*,#291,.T.);
#291 = EDGE_CURVE('',#285,#292,#294,.T.);
#292 = VERTEX_POINT('',#293);
#293 = CARTESIAN_POINT('',(10.811716079712,33.028873443604,0.));
#294 = LINE('',#295,#296);
#295 = CARTESIAN_POINT('',(12.310153961182,33.381519317627,0.));
#296 = VECTOR('',#297,1.);
#297 = DIRECTION('',(-0.973406702499,-0.229083808964,0.));
#298 = ORIENTED_EDGE('',*,*,#299,.T.);
#299 = EDGE_CURVE('',#292,#300,#302,.T.);
#300 = VERTEX_POINT('',#301);
#301 = CARTESIAN_POINT('',(9.38515663147,32.450428009033,0.));
#302 = LINE('',#303,#304);
#303 = CARTESIAN_POINT('',(10.811716079712,33.028873443604,0.));
#304 = VECTOR('',#305,1.);
#305 = DIRECTION('',(-0.926714267682,-0.37576677085,0.));
#306 = ORIENTED_EDGE('',*,*,#307,.T.);
#307 = EDGE_CURVE('',#300,#308,#310,.T.);
#308 = VERTEX_POINT('',#309);
#309 = CARTESIAN_POINT('',(8.0642786026,31.659881591797,0.));
#310 = LINE('',#311,#312);
#311 = CARTESIAN_POINT('',(9.38515663147,32.450428009033,0.));
#312 = VECTOR('',#313,1.);
#313 = DIRECTION('',(-0.858059974957,-0.51354949068,0.));
#314 = ORIENTED_EDGE('',*,*,#315,.T.);
#315 = EDGE_CURVE('',#308,#316,#318,.T.);
#316 = VERTEX_POINT('',#317);
#317 = CARTESIAN_POINT('',(6.886798858643,30.640758514404,0.));
#318 = LINE('',#319,#320);
#319 = CARTESIAN_POINT('',(8.0642786026,31.659881591797,0.));
#320 = VECTOR('',#321,1.);
#321 = DIRECTION('',(-0.756120947527,-0.654431900743,0.));
#322 = ORIENTED_EDGE('',*,*,#323,.T.);
#323 = EDGE_CURVE('',#316,#324,#326,.T.);
#324 = VERTEX_POINT('',#325);
#325 = CARTESIAN_POINT('',(5.881820678711,29.451179504395,0.));
#326 = LINE('',#327,#328);
#327 = CARTESIAN_POINT('',(6.886798858643,30.640758514404,0.));
#328 = VECTOR('',#329,1.);
#329 = DIRECTION('',(-0.645347533473,-0.76388910258,0.));
#330 = ORIENTED_EDGE('',*,*,#331,.T.);
#331 = EDGE_CURVE('',#324,#332,#334,.T.);
#332 = VERTEX_POINT('',#333);
#333 = CARTESIAN_POINT('',(5.073712825775,28.120000839233,0.));
#334 = LINE('',#335,#336);
#335 = CARTESIAN_POINT('',(5.881820678711,29.451179504395,0.));
#336 = VECTOR('',#337,1.);
#337 = DIRECTION('',(-0.518927570397,-0.854818212652,0.));
#338 = ORIENTED_EDGE('',*,*,#339,.T.);
#339 = EDGE_CURVE('',#332,#340,#342,.T.);
#340 = VERTEX_POINT('',#341);
#341 = CARTESIAN_POINT('',(4.482075214386,26.679500579834,0.));
#342 = LINE('',#343,#344);
#343 = CARTESIAN_POINT('',(5.073712825775,28.120000839233,0.));
#344 = VECTOR('',#345,1.);
#345 = DIRECTION('',(-0.379920819013,-0.925019011308,0.));
#346 = ORIENTED_EDGE('',*,*,#347,.T.);
#347 = EDGE_CURVE('',#340,#348,#350,.T.);
#348 = VERTEX_POINT('',#349);
#349 = CARTESIAN_POINT('',(4.121253490448,25.164613723755,0.));
#350 = LINE('',#351,#352);
#351 = CARTESIAN_POINT('',(4.482075214386,26.679500579834,0.));
#352 = VECTOR('',#353,1.);
#353 = DIRECTION('',(-0.231702187714,-0.972786768109,0.));
#354 = ORIENTED_EDGE('',*,*,#355,.T.);
#355 = EDGE_CURVE('',#348,#356,#358,.T.);
#356 = VERTEX_POINT('',#357);
#357 = CARTESIAN_POINT('',(4.,23.612073898315,0.));
#358 = LINE('',#359,#360);
#359 = CARTESIAN_POINT('',(4.121253490448,25.164613723755,0.));
#360 = VECTOR('',#361,1.);
#361 = DIRECTION('',(-7.786297739399E-02,-0.99696406994,0.));
#362 = ORIENTED_EDGE('',*,*,#363,.F.);
#363 = EDGE_CURVE('',#364,#356,#366,.T.);
#364 = VERTEX_POINT('',#365);
#365 = CARTESIAN_POINT('',(4.,5.,0.));
#366 = LINE('',#367,#368);
#367 = CARTESIAN_POINT('',(4.,5.,0.));
#368 = VECTOR('',#369,1.);
#369 = DIRECTION('',(0.,1.,0.));
#370 = ORIENTED_EDGE('',*,*,#371,.T.);
#371 = EDGE_CURVE('',#364,#372,#374,.T.);
#372 = VERTEX_POINT('',#373);
#373 = CARTESIAN_POINT('',(1.5,5.,0.));
#374 = LINE('',#375,#376);
#375 = CARTESIAN_POINT('',(4.,5.,0.));
#376 = VECTOR('',#377,1.);
#377 = DIRECTION('',(-1.,0.,0.));
#378 = ORIENTED_EDGE('',*,*,#379,.F.);
#379 = EDGE_CURVE('',#380,#372,#382,.T.);
#380 = VERTEX_POINT('',#381);
#381 = CARTESIAN_POINT('',(1.5,14.,0.));
#382 = LINE('',#383,#384);
#383 = CARTESIAN_POINT('',(1.5,14.,0.));
#384 = VECTOR('',#385,1.);
#385 = DIRECTION('',(0.,-1.,0.));
#386 = ORIENTED_EDGE('',*,*,#387,.T.);
#387 = EDGE_CURVE('',#380,#388,#390,.T.);
#388 = VERTEX_POINT('',#389);
#389 = CARTESIAN_POINT('',(1.475376844406,14.31286907196,0.));
#390 = LINE('',#391,#392);
#391 = CARTESIAN_POINT('',(1.5,14.,0.));
#392 = VECTOR('',#393,1.);
#393 = DIRECTION('',(-7.845854350215E-02,0.996917377194,0.));
#394 = ORIENTED_EDGE('',*,*,#395,.T.);
#395 = EDGE_CURVE('',#388,#396,#398,.T.);
#396 = VERTEX_POINT('',#397);
#397 = CARTESIAN_POINT('',(1.402113199234,14.618033409119,0.));
#398 = LINE('',#399,#400);
#399 = CARTESIAN_POINT('',(1.475376844406,14.31286907196,0.));
#400 = VECTOR('',#401,1.);
#401 = DIRECTION('',(-0.233445875393,0.972369797588,0.));
#402 = ORIENTED_EDGE('',*,*,#403,.T.);
#403 = EDGE_CURVE('',#396,#404,#406,.T.);
#404 = VERTEX_POINT('',#405);
#405 = CARTESIAN_POINT('',(1.282013177872,14.907980918884,0.));
#406 = LINE('',#407,#408);
#407 = CARTESIAN_POINT('',(1.402113199234,14.618033409119,0.));
#408 = VECTOR('',#409,1.);
#409 = DIRECTION('',(-0.38268297121,0.923879723528,0.));
#410 = ORIENTED_EDGE('',*,*,#411,.T.);
#411 = EDGE_CURVE('',#404,#412,#414,.T.);
#412 = VERTEX_POINT('',#413);
#413 = CARTESIAN_POINT('',(1.118034124374,15.175570487976,0.));
#414 = LINE('',#415,#416);
#415 = CARTESIAN_POINT('',(1.282013177872,14.907980918884,0.));
#416 = VECTOR('',#417,1.);
#417 = DIRECTION('',(-0.522498459686,0.852640228716,0.));
#418 = ORIENTED_EDGE('',*,*,#419,.T.);
#419 = EDGE_CURVE('',#412,#420,#422,.T.);
#420 = VERTEX_POINT('',#421);
#421 = CARTESIAN_POINT('',(0.914213657379,15.414214134216,0.));
#422 = LINE('',#423,#424);
#423 = CARTESIAN_POINT('',(1.118034124374,15.175570487976,0.));
#424 = VECTOR('',#425,1.);
#425 = DIRECTION('',(-0.649447197195,0.760406692537,0.));
#426 = ORIENTED_EDGE('',*,*,#427,.T.);
#427 = EDGE_CURVE('',#420,#428,#430,.T.);
#428 = VERTEX_POINT('',#429);
#429 = CARTESIAN_POINT('',(0.675570726395,15.618033409119,0.));
#430 = LINE('',#431,#432);
#431 = CARTESIAN_POINT('',(0.914213657379,15.414214134216,0.));
#432 = VECTOR('',#433,1.);
#433 = DIRECTION('',(-0.760407607111,0.649446126362,0.));
#434 = ORIENTED_EDGE('',*,*,#435,.T.);
#435 = EDGE_CURVE('',#428,#436,#438,.T.);
#436 = VERTEX_POINT('',#437);
#437 = CARTESIAN_POINT('',(0.407981157303,15.782013893127,0.));
#438 = LINE('',#439,#440);
#439 = CARTESIAN_POINT('',(0.675570726395,15.618033409119,0.));
#440 = VECTOR('',#441,1.);
#441 = DIRECTION('',(-0.852638198047,0.522501773424,0.));
#442 = ORIENTED_EDGE('',*,*,#443,.T.);
#443 = EDGE_CURVE('',#436,#444,#446,.T.);
#444 = VERTEX_POINT('',#445);
#445 = CARTESIAN_POINT('',(0.118034124374,15.902112960815,0.));
#446 = LINE('',#447,#448);
#447 = CARTESIAN_POINT('',(0.407981157303,15.782013893127,0.));
#448 = VECTOR('',#449,1.);
#449 = DIRECTION('',(-0.923880575383,0.382680914641,0.));
#450 = ORIENTED_EDGE('',*,*,#451,.T.);
#451 = EDGE_CURVE('',#444,#452,#454,.T.);
#452 = VERTEX_POINT('',#453);
#453 = CARTESIAN_POINT('',(-0.18713092804,15.97537612915,0.));
#454 = LINE('',#455,#456);
#455 = CARTESIAN_POINT('',(0.118034124374,15.902112960815,0.));
#456 = VECTOR('',#457,1.);
#457 = DIRECTION('',(-0.972370266682,0.233443921472,0.));
#458 = ORIENTED_EDGE('',*,*,#459,.T.);
#459 = EDGE_CURVE('',#452,#460,#462,.T.);
#460 = VERTEX_POINT('',#461);
#461 = CARTESIAN_POINT('',(-0.5,16.,0.));
#462 = LINE('',#463,#464);
#463 = CARTESIAN_POINT('',(-0.18713092804,15.97537612915,0.));
#464 = VECTOR('',#465,1.);
#465 = DIRECTION('',(-0.99691719893,7.84608085433E-02,0.));
#466 = ORIENTED_EDGE('',*,*,#467,.T.);
#467 = EDGE_CURVE('',#460,#468,#470,.T.);
#468 = VERTEX_POINT('',#469);
#469 = CARTESIAN_POINT('',(-0.812868595123,16.02462387085,0.));
#470 = LINE('',#471,#472);
#471 = CARTESIAN_POINT('',(-0.5,16.,0.));
#472 = VECTOR('',#473,1.);
#473 = DIRECTION('',(-0.996917189577,7.84609273878E-02,0.));
#474 = ORIENTED_EDGE('',*,*,#475,.T.);
#475 = EDGE_CURVE('',#468,#476,#478,.T.);
#476 = VERTEX_POINT('',#477);
#477 = CARTESIAN_POINT('',(-1.118033766747,16.097887039185,0.));
#478 = LINE('',#479,#480);
#479 = CARTESIAN_POINT('',(-0.812868595123,16.02462387085,0.));
#480 = VECTOR('',#481,1.);
#481 = DIRECTION('',(-0.972370287382,0.23344383525,0.));
#482 = ORIENTED_EDGE('',*,*,#483,.T.);
#483 = EDGE_CURVE('',#476,#484,#486,.T.);
#484 = VERTEX_POINT('',#485);
#485 = CARTESIAN_POINT('',(-1.407980799675,16.217987060547,0.));
#486 = LINE('',#487,#488);
#487 = CARTESIAN_POINT('',(-1.118033766747,16.097887039185,0.));
#488 = VECTOR('',#489,1.);
#489 = DIRECTION('',(-0.92387950102,0.382683508391,0.));
#490 = ORIENTED_EDGE('',*,*,#491,.T.);
#491 = EDGE_CURVE('',#484,#492,#494,.T.);
#492 = VERTEX_POINT('',#493);
#493 = CARTESIAN_POINT('',(-1.675570189953,16.381965637207,0.));
#494 = LINE('',#495,#496);
#495 = CARTESIAN_POINT('',(-1.407980799675,16.217987060547,0.));
#496 = VECTOR('',#497,1.);
#497 = DIRECTION('',(-0.852640750056,0.522497608935,0.));
#498 = ORIENTED_EDGE('',*,*,#499,.T.);
#499 = EDGE_CURVE('',#492,#500,#502,.T.);
#500 = VERTEX_POINT('',#501);
#501 = CARTESIAN_POINT('',(-1.914213478565,16.585786819458,0.));
#502 = LINE('',#503,#504);
#503 = CARTESIAN_POINT('',(-1.675570189953,16.381965637207,0.));
#504 = VECTOR('',#505,1.);
#505 = DIRECTION('',(-0.760405086397,0.649449077744,0.));
#506 = ORIENTED_EDGE('',*,*,#507,.T.);
#507 = EDGE_CURVE('',#500,#508,#510,.T.);
#508 = VERTEX_POINT('',#509);
#509 = CARTESIAN_POINT('',(-2.118033885956,16.824430465698,0.));
#510 = LINE('',#511,#512);
#511 = CARTESIAN_POINT('',(-1.914213478565,16.585786819458,0.));
#512 = VECTOR('',#513,1.);
#513 = DIRECTION('',(-0.649447087379,0.760406786329,0.));
#514 = ORIENTED_EDGE('',*,*,#515,.T.);
#515 = EDGE_CURVE('',#508,#516,#518,.T.);
#516 = VERTEX_POINT('',#517);
#517 = CARTESIAN_POINT('',(-2.28201277554,17.09202003479,0.));
#518 = LINE('',#519,#520);
#519 = CARTESIAN_POINT('',(-2.118033885956,16.824430465698,0.));
#520 = VECTOR('',#521,1.);
#521 = DIRECTION('',(-0.522498079986,0.852640461397,0.));
#522 = ORIENTED_EDGE('',*,*,#523,.T.);
#523 = EDGE_CURVE('',#516,#524,#526,.T.);
#524 = VERTEX_POINT('',#525);
#525 = CARTESIAN_POINT('',(-2.402112871408,17.381965637207,0.));
#526 = LINE('',#527,#528);
#527 = CARTESIAN_POINT('',(-2.28201277554,17.09202003479,0.));
#528 = VECTOR('',#529,1.);
#529 = DIRECTION('',(-0.382685322582,0.923878749556,0.));
#530 = ORIENTED_EDGE('',*,*,#531,.T.);
#531 = EDGE_CURVE('',#524,#532,#534,.T.);
#532 = VERTEX_POINT('',#533);
#533 = CARTESIAN_POINT('',(-2.475376296788,17.687129974365,0.));
#534 = LINE('',#535,#536);
#535 = CARTESIAN_POINT('',(-2.402112871408,17.381965637207,0.));
#536 = VECTOR('',#537,1.);
#537 = DIRECTION('',(-0.233445213218,0.972369956563,0.));
#538 = ORIENTED_EDGE('',*,*,#539,.T.);
#539 = EDGE_CURVE('',#532,#540,#542,.T.);
#540 = VERTEX_POINT('',#541);
#541 = CARTESIAN_POINT('',(-2.5,18.,0.));
#542 = LINE('',#543,#544);
#543 = CARTESIAN_POINT('',(-2.475376296788,17.687129974365,0.));
#544 = VECTOR('',#545,1.);
#545 = DIRECTION('',(-7.846003998807E-02,0.996917259418,0.));
#546 = ORIENTED_EDGE('',*,*,#547,.T.);
#547 = EDGE_CURVE('',#540,#548,#550,.T.);
#548 = VERTEX_POINT('',#549);
#549 = CARTESIAN_POINT('',(-2.5,20.5,0.));
#550 = LINE('',#551,#552);
#551 = CARTESIAN_POINT('',(-2.5,18.,0.));
#552 = VECTOR('',#553,1.);
#553 = DIRECTION('',(0.,1.,0.));
#554 = ORIENTED_EDGE('',*,*,#555,.T.);
#555 = EDGE_CURVE('',#548,#556,#558,.T.);
#556 = VERTEX_POINT('',#557);
#557 = CARTESIAN_POINT('',(-2.475376296788,20.812870025635,0.));
#558 = LINE('',#559,#560);
#559 = CARTESIAN_POINT('',(-2.5,20.5,0.));
#560 = VECTOR('',#561,1.);
#561 = DIRECTION('',(7.846003998807E-02,0.996917259418,0.));
#562 = ORIENTED_EDGE('',*,*,#563,.T.);
#563 = EDGE_CURVE('',#556,#564,#566,.T.);
#564 = VERTEX_POINT('',#565);
#565 = CARTESIAN_POINT('',(-2.402112871408,21.118034362793,0.));
#566 = LINE('',#567,#568);
#567 = CARTESIAN_POINT('',(-2.475376296788,20.812870025635,0.));
#568 = VECTOR('',#569,1.);
#569 = DIRECTION('',(0.233445213218,0.972369956563,0.));
#570 = ORIENTED_EDGE('',*,*,#571,.T.);
#571 = EDGE_CURVE('',#564,#572,#574,.T.);
#572 = VERTEX_POINT('',#573);
#573 = CARTESIAN_POINT('',(-2.28201277554,21.40797996521,0.));
#574 = LINE('',#575,#576);
#575 = CARTESIAN_POINT('',(-2.402112871408,21.118034362793,0.));
#576 = VECTOR('',#577,1.);
#577 = DIRECTION('',(0.382685322582,0.923878749556,0.));
#578 = ORIENTED_EDGE('',*,*,#579,.T.);
#579 = EDGE_CURVE('',#572,#580,#582,.T.);
#580 = VERTEX_POINT('',#581);
#581 = CARTESIAN_POINT('',(-2.118033885956,21.675569534302,0.));
#582 = LINE('',#583,#584);
#583 = CARTESIAN_POINT('',(-2.28201277554,21.40797996521,0.));
#584 = VECTOR('',#585,1.);
#585 = DIRECTION('',(0.522498079986,0.852640461397,0.));
#586 = ORIENTED_EDGE('',*,*,#587,.T.);
#587 = EDGE_CURVE('',#580,#588,#590,.T.);
#588 = VERTEX_POINT('',#589);
#589 = CARTESIAN_POINT('',(-1.914213478565,21.914213180542,0.));
#590 = LINE('',#591,#592);
#591 = CARTESIAN_POINT('',(-2.118033885956,21.675569534302,0.));
#592 = VECTOR('',#593,1.);
#593 = DIRECTION('',(0.649447087379,0.760406786329,0.));
#594 = ORIENTED_EDGE('',*,*,#595,.T.);
#595 = EDGE_CURVE('',#588,#596,#598,.T.);
#596 = VERTEX_POINT('',#597);
#597 = CARTESIAN_POINT('',(-1.675570189953,22.118034362793,0.));
#598 = LINE('',#599,#600);
#599 = CARTESIAN_POINT('',(-1.914213478565,21.914213180542,0.));
#600 = VECTOR('',#601,1.);
#601 = DIRECTION('',(0.760405086397,0.649449077744,0.));
#602 = ORIENTED_EDGE('',*,*,#603,.T.);
#603 = EDGE_CURVE('',#596,#604,#606,.T.);
#604 = VERTEX_POINT('',#605);
#605 = CARTESIAN_POINT('',(-1.407980799675,22.282012939453,0.));
#606 = LINE('',#607,#608);
#607 = CARTESIAN_POINT('',(-1.675570189953,22.118034362793,0.));
#608 = VECTOR('',#609,1.);
#609 = DIRECTION('',(0.852640750056,0.522497608935,0.));
#610 = ORIENTED_EDGE('',*,*,#611,.T.);
#611 = EDGE_CURVE('',#604,#612,#614,.T.);
#612 = VERTEX_POINT('',#613);
#613 = CARTESIAN_POINT('',(-1.118033766747,22.402112960815,0.));
#614 = LINE('',#615,#616);
#615 = CARTESIAN_POINT('',(-1.407980799675,22.282012939453,0.));
#616 = VECTOR('',#617,1.);
#617 = DIRECTION('',(0.92387950102,0.382683508391,0.));
#618 = ORIENTED_EDGE('',*,*,#619,.T.);
#619 = EDGE_CURVE('',#612,#620,#622,.T.);
#620 = VERTEX_POINT('',#621);
#621 = CARTESIAN_POINT('',(-0.812868595123,22.47537612915,0.));
#622 = LINE('',#623,#624);
#623 = CARTESIAN_POINT('',(-1.118033766747,22.402112960815,0.));
#624 = VECTOR('',#625,1.);
#625 = DIRECTION('',(0.972370287382,0.23344383525,0.));
#626 = ORIENTED_EDGE('',*,*,#627,.T.);
#627 = EDGE_CURVE('',#620,#628,#630,.T.);
#628 = VERTEX_POINT('',#629);
#629 = CARTESIAN_POINT('',(-0.5,22.5,0.));
#630 = LINE('',#631,#632);
#631 = CARTESIAN_POINT('',(-0.812868595123,22.47537612915,0.));
#632 = VECTOR('',#633,1.);
#633 = DIRECTION('',(0.996917189577,7.84609273878E-02,0.));
#634 = ORIENTED_EDGE('',*,*,#635,.T.);
#635 = EDGE_CURVE('',#628,#636,#638,.T.);
#636 = VERTEX_POINT('',#637);
#637 = CARTESIAN_POINT('',(-0.18713092804,22.52462387085,0.));
#638 = LINE('',#639,#640);
#639 = CARTESIAN_POINT('',(-0.5,22.5,0.));
#640 = VECTOR('',#641,1.);
#641 = DIRECTION('',(0.99691719893,7.84608085433E-02,0.));
#642 = ORIENTED_EDGE('',*,*,#643,.T.);
#643 = EDGE_CURVE('',#636,#644,#646,.T.);
#644 = VERTEX_POINT('',#645);
#645 = CARTESIAN_POINT('',(0.118034124374,22.597887039185,0.));
#646 = LINE('',#647,#648);
#647 = CARTESIAN_POINT('',(-0.18713092804,22.52462387085,0.));
#648 = VECTOR('',#649,1.);
#649 = DIRECTION('',(0.972370266682,0.233443921472,0.));
#650 = ORIENTED_EDGE('',*,*,#651,.T.);
#651 = EDGE_CURVE('',#644,#652,#654,.T.);
#652 = VERTEX_POINT('',#653);
#653 = CARTESIAN_POINT('',(0.407981157303,22.717987060547,0.));
#654 = LINE('',#655,#656);
#655 = CARTESIAN_POINT('',(0.118034124374,22.597887039185,0.));
#656 = VECTOR('',#657,1.);
#657 = DIRECTION('',(0.92387950102,0.382683508391,0.));
#658 = ORIENTED_EDGE('',*,*,#659,.T.);
#659 = EDGE_CURVE('',#652,#660,#662,.T.);
#660 = VERTEX_POINT('',#661);
#661 = CARTESIAN_POINT('',(0.675570726395,22.881965637207,0.));
#662 = LINE('',#663,#664);
#663 = CARTESIAN_POINT('',(0.407981157303,22.717987060547,0.));
#664 = VECTOR('',#665,1.);
#665 = DIRECTION('',(0.852640905605,0.522497355102,0.));
#666 = ORIENTED_EDGE('',*,*,#667,.T.);
#667 = EDGE_CURVE('',#660,#668,#670,.T.);
#668 = VERTEX_POINT('',#669);
#669 = CARTESIAN_POINT('',(0.914213657379,23.085786819458,0.));
#670 = LINE('',#671,#672);
#671 = CARTESIAN_POINT('',(0.675570726395,22.881965637207,0.));
#672 = VECTOR('',#673,1.);
#673 = DIRECTION('',(0.760404605759,0.649449640496,0.));
#674 = ORIENTED_EDGE('',*,*,#675,.T.);
#675 = EDGE_CURVE('',#668,#676,#678,.T.);
#676 = VERTEX_POINT('',#677);
#677 = CARTESIAN_POINT('',(1.118034124374,23.324430465698,0.));
#678 = LINE('',#679,#680);
#679 = CARTESIAN_POINT('',(0.914213657379,23.085786819458,0.));
#680 = VECTOR('',#681,1.);
#681 = DIRECTION('',(0.649447197195,0.760406692537,0.));
#682 = ORIENTED_EDGE('',*,*,#683,.T.);
#683 = EDGE_CURVE('',#676,#684,#686,.T.);
#684 = VERTEX_POINT('',#685);
#685 = CARTESIAN_POINT('',(1.282013177872,23.59202003479,0.));
#686 = LINE('',#687,#688);
#687 = CARTESIAN_POINT('',(1.118034124374,23.324430465698,0.));
#688 = VECTOR('',#689,1.);
#689 = DIRECTION('',(0.522498459686,0.852640228716,0.));
#690 = ORIENTED_EDGE('',*,*,#691,.T.);
#691 = EDGE_CURVE('',#684,#692,#694,.T.);
#692 = VERTEX_POINT('',#693);
#693 = CARTESIAN_POINT('',(1.402113199234,23.881965637207,0.));
#694 = LINE('',#695,#696);
#695 = CARTESIAN_POINT('',(1.282013177872,23.59202003479,0.));
#696 = VECTOR('',#697,1.);
#697 = DIRECTION('',(0.382685119945,0.923878833491,0.));
#698 = ORIENTED_EDGE('',*,*,#699,.T.);
#699 = EDGE_CURVE('',#692,#700,#702,.T.);
#700 = VERTEX_POINT('',#701);
#701 = CARTESIAN_POINT('',(1.475376844406,24.187129974365,0.));
#702 = LINE('',#703,#704);
#703 = CARTESIAN_POINT('',(1.402113199234,23.881965637207,0.));
#704 = VECTOR('',#705,1.);
#705 = DIRECTION('',(0.233445875393,0.972369797588,0.));
#706 = ORIENTED_EDGE('',*,*,#707,.T.);
#707 = EDGE_CURVE('',#700,#708,#710,.T.);
#708 = VERTEX_POINT('',#709);
#709 = CARTESIAN_POINT('',(1.5,24.5,0.));
#710 = LINE('',#711,#712);
#711 = CARTESIAN_POINT('',(1.475376844406,24.187129974365,0.));
#712 = VECTOR('',#713,1.);
#713 = DIRECTION('',(7.845830582101E-02,0.9969173959,0.));
#714 = ORIENTED_EDGE('',*,*,#715,.F.);
#715 = EDGE_CURVE('',#716,#708,#718,.T.);
#716 = VERTEX_POINT('',#717);
#717 = CARTESIAN_POINT('',(1.5,24.88966178894,0.));
#718 = LINE('',#719,#720);
#719 = CARTESIAN_POINT('',(1.5,24.88966178894,0.));
#720 = VECTOR('',#721,1.);
#721 = DIRECTION('',(0.,-1.,0.));
#722 = ORIENTED_EDGE('',*,*,#723,.T.);
#723 = EDGE_CURVE('',#716,#724,#726,.T.);
#724 = VERTEX_POINT('',#725);
#725 = CARTESIAN_POINT('',(1.62374162674,26.457944869995,0.));
#726 = LINE('',#727,#728);
#727 = CARTESIAN_POINT('',(1.5,24.88966178894,0.));
#728 = VECTOR('',#729,1.);
#729 = DIRECTION('',(7.865814098204E-02,0.996901648538,0.));
#730 = ORIENTED_EDGE('',*,*,#731,.T.);
#731 = EDGE_CURVE('',#724,#732,#734,.T.);
#732 = VERTEX_POINT('',#733);
#733 = CARTESIAN_POINT('',(1.991903781891,27.987419128418,0.));
#734 = LINE('',#735,#736);
#735 = CARTESIAN_POINT('',(1.62374162674,26.457944869995,0.));
#736 = VECTOR('',#737,1.);
#737 = DIRECTION('',(0.234027034529,0.972230089593,0.));
#738 = ORIENTED_EDGE('',*,*,#739,.T.);
#739 = EDGE_CURVE('',#732,#740,#742,.T.);
#740 = VERTEX_POINT('',#741);
#741 = CARTESIAN_POINT('',(2.595374584198,29.440225601196,0.));
#742 = LINE('',#743,#744);
#743 = CARTESIAN_POINT('',(1.991903781891,27.987419128418,0.));
#744 = VECTOR('',#745,1.);
#745 = DIRECTION('',(0.38360488861,0.923497314254,0.));
#746 = ORIENTED_EDGE('',*,*,#747,.T.);
#747 = EDGE_CURVE('',#740,#748,#750,.T.);
#748 = VERTEX_POINT('',#749);
#749 = CARTESIAN_POINT('',(3.41922044754,30.780416488647,0.));
#750 = LINE('',#751,#752);
#751 = CARTESIAN_POINT('',(2.595374584198,29.440225601196,0.));
#752 = VECTOR('',#753,1.);
#753 = DIRECTION('',(0.523688409099,0.851909883835,0.));
#754 = ORIENTED_EDGE('',*,*,#755,.T.);
#755 = EDGE_CURVE('',#748,#756,#758,.T.);
#756 = VERTEX_POINT('',#757);
#757 = CARTESIAN_POINT('',(4.443051815033,31.97481918335,0.));
#758 = LINE('',#759,#760);
#759 = CARTESIAN_POINT('',(3.41922044754,30.780416488647,0.));
#760 = VECTOR('',#761,1.);
#761 = DIRECTION('',(0.650812490924,0.759238501169,0.));
#762 = ORIENTED_EDGE('',*,*,#763,.T.);
#763 = EDGE_CURVE('',#756,#764,#766,.T.);
#764 = VERTEX_POINT('',#765);
#765 = CARTESIAN_POINT('',(5.641530990601,32.993873596191,-3.E-15));
#766 = LINE('',#767,#768);
#767 = CARTESIAN_POINT('',(4.443051815033,31.97481918335,0.));
#768 = VECTOR('',#769,1.);
#769 = DIRECTION('',(0.761830424223,0.647776508318,0.));
#770 = ORIENTED_EDGE('',*,*,#771,.F.);
#771 = EDGE_CURVE('',#772,#764,#774,.T.);
#772 = VERTEX_POINT('',#773);
#773 = CARTESIAN_POINT('',(7.307085037231,34.197891235352,-3.E-15));
#774 = LINE('',#775,#776);
#775 = CARTESIAN_POINT('',(7.307085037231,34.197891235352,-6.94E-15));
#776 = VECTOR('',#777,1.);
#777 = DIRECTION('',(-0.810421062554,-0.58584784831,0.));
#778 = ORIENTED_EDGE('',*,*,#779,.T.);
#779 = EDGE_CURVE('',#772,#780,#782,.T.);
#780 = VERTEX_POINT('',#781);
#781 = CARTESIAN_POINT('',(8.699709892273,35.041091918945,0.));
#782 = LINE('',#783,#784);
#783 = CARTESIAN_POINT('',(7.307085037231,34.197891235352,0.));
#784 = VECTOR('',#785,1.);
#785 = DIRECTION('',(0.855419481722,0.517935816768,0.));
#786 = ORIENTED_EDGE('',*,*,#787,.T.);
#787 = EDGE_CURVE('',#780,#788,#790,.T.);
#788 = VERTEX_POINT('',#789);
#789 = CARTESIAN_POINT('',(10.210698127747,35.647148132324,0.));
#790 = LINE('',#791,#792);
#791 = CARTESIAN_POINT('',(8.699709892273,35.041091918945,0.));
#792 = VECTOR('',#793,1.);
#793 = DIRECTION('',(0.928124474485,0.372270009352,0.));
#794 = ORIENTED_EDGE('',*,*,#795,.T.);
#795 = EDGE_CURVE('',#788,#77,#796,.T.);
#796 = LINE('',#797,#798);
#797 = CARTESIAN_POINT('',(10.210698127747,35.647148132324,0.));
#798 = VECTOR('',#799,1.);
#799 = DIRECTION('',(0.97622949439,0.21673941562,0.));
#800 = FACE_BOUND('',#801,.T.);
#801 = EDGE_LOOP('',(#802,#812,#820,#828));
#802 = ORIENTED_EDGE('',*,*,#803,.T.);
#803 = EDGE_CURVE('',#804,#806,#808,.T.);
#804 = VERTEX_POINT('',#805);
#805 = CARTESIAN_POINT('',(17.300001144409,65.,-7.E-15));
#806 = VERTEX_POINT('',#807);
#807 = CARTESIAN_POINT('',(17.300001144409,36.,-7.E-15));
#808 = LINE('',#809,#810);
#809 = CARTESIAN_POINT('',(17.300001144409,65.,0.));
#810 = VECTOR('',#811,1.);
#811 = DIRECTION('',(0.,-1.,0.));
#812 = ORIENTED_EDGE('',*,*,#813,.F.);
#813 = EDGE_CURVE('',#814,#806,#816,.T.);
#814 = VERTEX_POINT('',#815);
#815 = CARTESIAN_POINT('',(32.799999237061,36.,-7.E-15));
#816 = LINE('',#817,#818);
#817 = CARTESIAN_POINT('',(32.799999237061,36.,0.));
#818 = VECTOR('',#819,1.);
#819 = DIRECTION('',(-1.,0.,0.));
#820 = ORIENTED_EDGE('',*,*,#821,.T.);
#821 = EDGE_CURVE('',#814,#822,#824,.T.);
#822 = VERTEX_POINT('',#823);
#823 = CARTESIAN_POINT('',(32.799999237061,65.,-7.E-15));
#824 = LINE('',#825,#826);
#825 = CARTESIAN_POINT('',(32.799999237061,36.,0.));
#826 = VECTOR('',#827,1.);
#827 = DIRECTION('',(0.,1.,0.));
#828 = ORIENTED_EDGE('',*,*,#829,.F.);
#829 = EDGE_CURVE('',#804,#822,#830,.T.);
#830 = LINE('',#831,#832);
#831 = CARTESIAN_POINT('',(17.300001144409,65.,0.));
#832 = VECTOR('',#833,1.);
#833 = DIRECTION('',(1.,0.,0.));
#834 = PLANE('',#835);
#835 = AXIS2_PLACEMENT_3D('',#836,#837,#838);
#836 = CARTESIAN_POINT('',(21.30124130651,33.820692910684,-1.3E-16));
#837 = DIRECTION('',(-0.,-0.,-1.));
#838 = DIRECTION('',(-1.,0.,0.));
#839 = ADVANCED_FACE('',(#840),#865,.T.);
#840 = FACE_BOUND('',#841,.T.);
#841 = EDGE_LOOP('',(#842,#850,#858,#864));
#842 = ORIENTED_EDGE('',*,*,#843,.F.);
#843 = EDGE_CURVE('',#844,#32,#846,.T.);
#844 = VERTEX_POINT('',#845);
#845 = CARTESIAN_POINT('',(31.827505111694,32.968311309814,16.));
#846 = LINE('',#847,#848);
#847 = CARTESIAN_POINT('',(31.827505111694,32.968311309814,16.));
#848 = VECTOR('',#849,1.);
#849 = DIRECTION('',(0.,0.,-1.));
#850 = ORIENTED_EDGE('',*,*,#851,.F.);
#851 = EDGE_CURVE('',#852,#844,#854,.T.);
#852 = VERTEX_POINT('',#853);
#853 = CARTESIAN_POINT('',(31.34991645813,33.117378234863,13.));
#854 = LINE('',#855,#856);
#855 = CARTESIAN_POINT('',(31.34991645813,33.117378234863,13.));
#856 = VECTOR('',#857,1.);
#857 = DIRECTION('',(0.157027534865,-4.901207680641E-02,0.986377295775)
  );
#858 = ORIENTED_EDGE('',*,*,#859,.T.);
#859 = EDGE_CURVE('',#852,#22,#860,.T.);
#860 = LINE('',#861,#862);
#861 = CARTESIAN_POINT('',(31.34991645813,33.117378234863,13.));
#862 = VECTOR('',#863,1.);
#863 = DIRECTION('',(0.,0.,-1.));
#864 = ORIENTED_EDGE('',*,*,#39,.F.);
#865 = PLANE('',#866);
#866 = AXIS2_PLACEMENT_3D('',#867,#868,#869);
#867 = CARTESIAN_POINT('',(31.633369077041,33.028905843439,8.));
#868 = DIRECTION('',(-0.2979480658,-0.954582081377,-0.));
#869 = DIRECTION('',(-0.954582081377,0.2979480658,0.));
#870 = ADVANCED_FACE('',(#871),#912,.T.);
#871 = FACE_BOUND('',#872,.T.);
#872 = EDGE_LOOP('',(#873,#874,#882,#890,#898,#906));
#873 = ORIENTED_EDGE('',*,*,#54,.F.);
#874 = ORIENTED_EDGE('',*,*,#875,.T.);
#875 = EDGE_CURVE('',#22,#876,#878,.T.);
#876 = VERTEX_POINT('',#877);
#877 = CARTESIAN_POINT('',(31.34991645813,36.,3.));
#878 = LINE('',#879,#880);
#879 = CARTESIAN_POINT('',(31.34991645813,33.117378234863,3.));
#880 = VECTOR('',#881,1.);
#881 = DIRECTION('',(0.,1.,0.));
#882 = ORIENTED_EDGE('',*,*,#883,.F.);
#883 = EDGE_CURVE('',#884,#876,#886,.T.);
#884 = VERTEX_POINT('',#885);
#885 = CARTESIAN_POINT('',(26.34991645813,36.,3.));
#886 = LINE('',#887,#888);
#887 = CARTESIAN_POINT('',(26.34991645813,36.,3.));
#888 = VECTOR('',#889,1.);
#889 = DIRECTION('',(1.,0.,0.));
#890 = ORIENTED_EDGE('',*,*,#891,.F.);
#891 = EDGE_CURVE('',#892,#884,#894,.T.);
#892 = VERTEX_POINT('',#893);
#893 = CARTESIAN_POINT('',(26.34991645813,33.5,3.));
#894 = LINE('',#895,#896);
#895 = CARTESIAN_POINT('',(26.34991645813,33.5,3.));
#896 = VECTOR('',#897,1.);
#897 = DIRECTION('',(0.,1.,0.));
#898 = ORIENTED_EDGE('',*,*,#899,.F.);
#899 = EDGE_CURVE('',#900,#892,#902,.T.);
#900 = VERTEX_POINT('',#901);
#901 = CARTESIAN_POINT('',(28.610202789307,33.5,3.));
#902 = LINE('',#903,#904);
#903 = CARTESIAN_POINT('',(28.610202789307,33.5,3.));
#904 = VECTOR('',#905,1.);
#905 = DIRECTION('',(-1.,0.,0.));
#906 = ORIENTED_EDGE('',*,*,#907,.F.);
#907 = EDGE_CURVE('',#55,#900,#908,.T.);
#908 = LINE('',#909,#910);
#909 = CARTESIAN_POINT('',(30.240673065186,33.366184234619,3.));
#910 = VECTOR('',#911,1.);
#911 = DIRECTION('',(-0.996649022179,8.179686173492E-02,0.));
#912 = PLANE('',#913);
#913 = AXIS2_PLACEMENT_3D('',#914,#915,#916);
#914 = CARTESIAN_POINT('',(28.915650044077,34.685404424082,3.));
#915 = DIRECTION('',(0.,0.,1.));
#916 = DIRECTION('',(1.,0.,0.));
#917 = ADVANCED_FACE('',(#918),#929,.T.);
#918 = FACE_BOUND('',#919,.T.);
#919 = EDGE_LOOP('',(#920,#921,#922,#928));
#920 = ORIENTED_EDGE('',*,*,#62,.F.);
#921 = ORIENTED_EDGE('',*,*,#907,.T.);
#922 = ORIENTED_EDGE('',*,*,#923,.F.);
#923 = EDGE_CURVE('',#253,#900,#924,.T.);
#924 = LINE('',#925,#926);
#925 = CARTESIAN_POINT('',(28.610202789307,33.5,0.));
#926 = VECTOR('',#927,1.);
#927 = DIRECTION('',(0.,0.,1.));
#928 = ORIENTED_EDGE('',*,*,#252,.T.);
#929 = PLANE('',#930);
#930 = AXIS2_PLACEMENT_3D('',#931,#932,#933);
#931 = CARTESIAN_POINT('',(29.425437927246,33.43309211731,1.5));
#932 = DIRECTION('',(-8.179686173492E-02,-0.996649022179,-0.));
#933 = DIRECTION('',(-0.996649022179,8.179686173492E-02,0.));
#934 = ADVANCED_FACE('',(#935),#959,.T.);
#935 = FACE_BOUND('',#936,.T.);
#936 = EDGE_LOOP('',(#937,#945,#952,#958));
#937 = ORIENTED_EDGE('',*,*,#938,.T.);
#938 = EDGE_CURVE('',#77,#939,#941,.T.);
#939 = VERTEX_POINT('',#940);
#940 = CARTESIAN_POINT('',(11.800000190735,36.,16.));
#941 = LINE('',#942,#943);
#942 = CARTESIAN_POINT('',(11.800000190735,36.,-1.388E-14));
#943 = VECTOR('',#944,1.);
#944 = DIRECTION('',(0.,0.,1.));
#945 = ORIENTED_EDGE('',*,*,#946,.T.);
#946 = EDGE_CURVE('',#939,#947,#949,.T.);
#947 = VERTEX_POINT('',#948);
#948 = CARTESIAN_POINT('',(14.300000190735,36.,16.));
#949 = B_SPLINE_CURVE_WITH_KNOTS('',1,(#950,#951),.UNSPECIFIED.,.F.,.F.,
  (2,2),(0.,1.),.PIECEWISE_BEZIER_KNOTS.);
#950 = CARTESIAN_POINT('',(11.800000190735,36.,16.));
#951 = CARTESIAN_POINT('',(14.300000190735,36.,16.));
#952 = ORIENTED_EDGE('',*,*,#953,.F.);
#953 = EDGE_CURVE('',#79,#947,#954,.T.);
#954 = LINE('',#955,#956);
#955 = CARTESIAN_POINT('',(14.300000190735,36.,-1.388E-14));
#956 = VECTOR('',#957,1.);
#957 = DIRECTION('',(0.,0.,1.));
#958 = ORIENTED_EDGE('',*,*,#76,.F.);
#959 = PLANE('',#960);
#960 = AXIS2_PLACEMENT_3D('',#961,#962,#963);
#961 = CARTESIAN_POINT('',(14.300000190735,36.,-1.388E-14));
#962 = DIRECTION('',(0.,1.,0.));
#963 = DIRECTION('',(0.,0.,1.));
#964 = ADVANCED_FACE('',(#965,#1143,#1154,#1188),#1199,.T.);
#965 = FACE_BOUND('',#966,.T.);
#966 = EDGE_LOOP('',(#967,#975,#983,#991,#999,#1007,#1015,#1023,#1031,
    #1039,#1047,#1055,#1063,#1071,#1079,#1087,#1095,#1103,#1111,#1119,
    #1127,#1135,#1141,#1142));
#967 = ORIENTED_EDGE('',*,*,#968,.F.);
#968 = EDGE_CURVE('',#969,#947,#971,.T.);
#969 = VERTEX_POINT('',#970);
#970 = CARTESIAN_POINT('',(14.300000190735,68.,16.));
#971 = LINE('',#972,#973);
#972 = CARTESIAN_POINT('',(14.300000190735,68.,16.));
#973 = VECTOR('',#974,1.);
#974 = DIRECTION('',(0.,-1.,0.));
#975 = ORIENTED_EDGE('',*,*,#976,.T.);
#976 = EDGE_CURVE('',#969,#977,#979,.T.);
#977 = VERTEX_POINT('',#978);
#978 = CARTESIAN_POINT('',(14.300000190735,68.312866210938,
    15.97537612915));
#979 = LINE('',#980,#981);
#980 = CARTESIAN_POINT('',(14.300000190735,68.,16.));
#981 = VECTOR('',#982,1.);
#982 = DIRECTION('',(0.,0.996917142809,-7.846152161566E-02));
#983 = ORIENTED_EDGE('',*,*,#984,.T.);
#984 = EDGE_CURVE('',#977,#985,#987,.T.);
#985 = VERTEX_POINT('',#986);
#986 = CARTESIAN_POINT('',(14.300000190735,68.618034362793,
    15.902112960815));
#987 = LINE('',#988,#989);
#988 = CARTESIAN_POINT('',(14.300000190735,68.312866210938,
    15.97537612915));
#989 = VECTOR('',#990,1.);
#990 = DIRECTION('',(0.,0.972370804877,-0.233441679705));
#991 = ORIENTED_EDGE('',*,*,#992,.T.);
#992 = EDGE_CURVE('',#985,#993,#995,.T.);
#993 = VERTEX_POINT('',#994);
#994 = CARTESIAN_POINT('',(14.300000190735,68.907981872559,
    15.782013893127));
#995 = LINE('',#996,#997);
#996 = CARTESIAN_POINT('',(14.300000190735,68.618034362793,
    15.902112960815));
#997 = VECTOR('',#998,1.);
#998 = DIRECTION('',(0.,0.923880797888,-0.382680377462));
#999 = ORIENTED_EDGE('',*,*,#1000,.T.);
#1000 = EDGE_CURVE('',#993,#1001,#1003,.T.);
#1001 = VERTEX_POINT('',#1002);
#1002 = CARTESIAN_POINT('',(14.300000190735,69.175567626953,
    15.618033409119));
#1003 = LINE('',#1004,#1005);
#1004 = CARTESIAN_POINT('',(14.300000190735,68.907981872559,
    15.782013893127));
#1005 = VECTOR('',#1006,1.);
#1006 = DIRECTION('',(0.,0.852634879577,-0.522507188591));
#1007 = ORIENTED_EDGE('',*,*,#1008,.T.);
#1008 = EDGE_CURVE('',#1001,#1009,#1011,.T.);
#1009 = VERTEX_POINT('',#1010);
#1010 = CARTESIAN_POINT('',(14.300000190735,69.414215087891,
    15.414214134216));
#1011 = LINE('',#1012,#1013);
#1012 = CARTESIAN_POINT('',(14.300000190735,69.175567626953,
    15.618033409119));
#1013 = VECTOR('',#1014,1.);
#1014 = DIRECTION('',(0.,0.760413695056,-0.649438998191));
#1015 = ORIENTED_EDGE('',*,*,#1016,.T.);
#1016 = EDGE_CURVE('',#1009,#1017,#1019,.T.);
#1017 = VERTEX_POINT('',#1018);
#1018 = CARTESIAN_POINT('',(14.300000190735,69.618034362793,
    15.175570487976));
#1019 = LINE('',#1020,#1021);
#1020 = CARTESIAN_POINT('',(14.300000190735,69.414215087891,
    15.414214134216));
#1021 = VECTOR('',#1022,1.);
#1022 = DIRECTION('',(0.,0.649445000855,-0.760408568379));
#1023 = ORIENTED_EDGE('',*,*,#1024,.T.);
#1024 = EDGE_CURVE('',#1017,#1025,#1027,.T.);
#1025 = VERTEX_POINT('',#1026);
#1026 = CARTESIAN_POINT('',(14.300000190735,69.782012939453,
    14.907980918884));
#1027 = LINE('',#1028,#1029);
#1028 = CARTESIAN_POINT('',(14.300000190735,69.618034362793,
    15.175570487976));
#1029 = VECTOR('',#1030,1.);
#1030 = DIRECTION('',(0.,0.522497355102,-0.852640905605));
#1031 = ORIENTED_EDGE('',*,*,#1032,.T.);
#1032 = EDGE_CURVE('',#1025,#1033,#1035,.T.);
#1033 = VERTEX_POINT('',#1034);
#1034 = CARTESIAN_POINT('',(14.300000190735,69.902114868164,
    14.618033409119));
#1035 = LINE('',#1036,#1037);
#1036 = CARTESIAN_POINT('',(14.300000190735,69.782012939453,
    14.907980918884));
#1037 = VECTOR('',#1038,1.);
#1038 = DIRECTION('',(0.,0.382688158678,-0.923877574794));
#1039 = ORIENTED_EDGE('',*,*,#1040,.T.);
#1040 = EDGE_CURVE('',#1033,#1041,#1043,.T.);
#1041 = VERTEX_POINT('',#1042);
#1042 = CARTESIAN_POINT('',(14.300000190735,69.975372314453,
    14.31286907196));
#1043 = LINE('',#1044,#1045);
#1044 = CARTESIAN_POINT('',(14.300000190735,69.902114868164,
    14.618033409119));
#1045 = VECTOR('',#1046,1.);
#1046 = DIRECTION('',(0.,0.233427199686,-0.97237428105));
#1047 = ORIENTED_EDGE('',*,*,#1048,.T.);
#1048 = EDGE_CURVE('',#1041,#1049,#1051,.T.);
#1049 = VERTEX_POINT('',#1050);
#1050 = CARTESIAN_POINT('',(14.300000190735,70.,14.));
#1051 = LINE('',#1052,#1053);
#1052 = CARTESIAN_POINT('',(14.300000190735,69.975372314453,
    14.31286907196));
#1053 = VECTOR('',#1054,1.);
#1054 = DIRECTION('',(0.,7.84728887423E-02,-0.996916248103));
#1055 = ORIENTED_EDGE('',*,*,#1056,.T.);
#1056 = EDGE_CURVE('',#1049,#1057,#1059,.T.);
#1057 = VERTEX_POINT('',#1058);
#1058 = CARTESIAN_POINT('',(14.300000190735,70.,2.));
#1059 = LINE('',#1060,#1061);
#1060 = CARTESIAN_POINT('',(14.300000190735,70.,14.));
#1061 = VECTOR('',#1062,1.);
#1062 = DIRECTION('',(0.,0.,-1.));
#1063 = ORIENTED_EDGE('',*,*,#1064,.T.);
#1064 = EDGE_CURVE('',#1057,#1065,#1067,.T.);
#1065 = VERTEX_POINT('',#1066);
#1066 = CARTESIAN_POINT('',(14.300000190735,69.975372314453,
    1.687131166458));
#1067 = LINE('',#1068,#1069);
#1068 = CARTESIAN_POINT('',(14.300000190735,70.,2.));
#1069 = VECTOR('',#1070,1.);
#1070 = DIRECTION('',(0.,-7.847294817354E-02,-0.996916243425));
#1071 = ORIENTED_EDGE('',*,*,#1072,.T.);
#1072 = EDGE_CURVE('',#1065,#1073,#1075,.T.);
#1073 = VERTEX_POINT('',#1074);
#1074 = CARTESIAN_POINT('',(14.300000190735,69.902114868164,
    1.381965994835));
#1075 = LINE('',#1076,#1077);
#1076 = CARTESIAN_POINT('',(14.300000190735,69.975372314453,
    1.687131166458));
#1077 = VECTOR('',#1078,1.);
#1078 = DIRECTION('',(0.,-0.233426596166,-0.97237442593));
#1079 = ORIENTED_EDGE('',*,*,#1080,.T.);
#1080 = EDGE_CURVE('',#1073,#1081,#1083,.T.);
#1081 = VERTEX_POINT('',#1082);
#1082 = CARTESIAN_POINT('',(14.300000190735,69.782012939453,
    1.092019081116));
#1083 = LINE('',#1084,#1085);
#1084 = CARTESIAN_POINT('',(14.300000190735,69.902114868164,
    1.381965994835));
#1085 = VECTOR('',#1086,1.);
#1086 = DIRECTION('',(0.,-0.382688830162,-0.923877296652));
#1087 = ORIENTED_EDGE('',*,*,#1088,.T.);
#1088 = EDGE_CURVE('',#1081,#1089,#1091,.T.);
#1089 = VERTEX_POINT('',#1090);
#1090 = CARTESIAN_POINT('',(14.300000190735,69.618034362793,
    0.824429512024));
#1091 = LINE('',#1092,#1093);
#1092 = CARTESIAN_POINT('',(14.300000190735,69.782012939453,
    1.092019081116));
#1093 = VECTOR('',#1094,1.);
#1094 = DIRECTION('',(0.,-0.522497355102,-0.852640905605));
#1095 = ORIENTED_EDGE('',*,*,#1096,.T.);
#1096 = EDGE_CURVE('',#1089,#1097,#1099,.T.);
#1097 = VERTEX_POINT('',#1098);
#1098 = CARTESIAN_POINT('',(14.300000190735,69.414215087891,
    0.585786402225));
#1099 = LINE('',#1100,#1101);
#1100 = CARTESIAN_POINT('',(14.300000190735,69.618034362793,
    0.824429512024));
#1101 = VECTOR('',#1102,1.);
#1102 = DIRECTION('',(0.,-0.649445844985,-0.760407847429));
#1103 = ORIENTED_EDGE('',*,*,#1104,.T.);
#1104 = EDGE_CURVE('',#1097,#1105,#1107,.T.);
#1105 = VERTEX_POINT('',#1106);
#1106 = CARTESIAN_POINT('',(14.300000190735,69.175567626953,
    0.381965994835));
#1107 = LINE('',#1108,#1109);
#1108 = CARTESIAN_POINT('',(14.300000190735,69.414215087891,
    0.585786402225));
#1109 = VECTOR('',#1110,1.);
#1110 = DIRECTION('',(0.,-0.760411913027,-0.649441084724));
#1111 = ORIENTED_EDGE('',*,*,#1112,.T.);
#1112 = EDGE_CURVE('',#1105,#1113,#1115,.T.);
#1113 = VERTEX_POINT('',#1114);
#1114 = CARTESIAN_POINT('',(14.300000190735,68.907981872559,
    0.217986941338));
#1115 = LINE('',#1116,#1117);
#1116 = CARTESIAN_POINT('',(14.300000190735,69.175567626953,
    0.381965994835));
#1117 = VECTOR('',#1118,1.);
#1118 = DIRECTION('',(0.,-0.85263691028,-0.522503874845));
#1119 = ORIENTED_EDGE('',*,*,#1120,.T.);
#1120 = EDGE_CURVE('',#1113,#1121,#1123,.T.);
#1121 = VERTEX_POINT('',#1122);
#1122 = CARTESIAN_POINT('',(14.300000190735,68.618034362793,
    9.788696467876E-02));
#1123 = LINE('',#1124,#1125);
#1124 = CARTESIAN_POINT('',(14.300000190735,68.907981872559,
    0.217986941338));
#1125 = VECTOR('',#1126,1.);
#1126 = DIRECTION('',(0.,-0.923879773889,-0.382682849628));
#1127 = ORIENTED_EDGE('',*,*,#1128,.T.);
#1128 = EDGE_CURVE('',#1121,#1129,#1131,.T.);
#1129 = VERTEX_POINT('',#1130);
#1130 = CARTESIAN_POINT('',(14.300000190735,68.312866210938,
    2.462331950665E-02));
#1131 = LINE('',#1132,#1133);
#1132 = CARTESIAN_POINT('',(14.300000190735,68.618034362793,
    9.788696467876E-02));
#1133 = VECTOR('',#1134,1.);
#1134 = DIRECTION('',(0.,-0.972370459992,-0.233443116274));
#1135 = ORIENTED_EDGE('',*,*,#1136,.T.);
#1136 = EDGE_CURVE('',#1129,#86,#1137,.T.);
#1137 = LINE('',#1138,#1139);
#1138 = CARTESIAN_POINT('',(14.300000190735,68.312866210938,
    2.462331950665E-02));
#1139 = VECTOR('',#1140,1.);
#1140 = DIRECTION('',(0.,-0.996917280223,-7.845977563091E-02));
#1141 = ORIENTED_EDGE('',*,*,#85,.F.);
#1142 = ORIENTED_EDGE('',*,*,#953,.T.);
#1143 = FACE_BOUND('',#1144,.T.);
#1144 = EDGE_LOOP('',(#1145));
#1145 = ORIENTED_EDGE('',*,*,#1146,.F.);
#1146 = EDGE_CURVE('',#1147,#1147,#1149,.T.);
#1147 = VERTEX_POINT('',#1148);
#1148 = CARTESIAN_POINT('',(14.300000190735,65.899999677662,
    7.999998364761));
#1149 = CIRCLE('',#1150,0.85);
#1150 = AXIS2_PLACEMENT_3D('',#1151,#1152,#1153);
#1151 = CARTESIAN_POINT('',(14.300000190735,66.749999677662,
    7.999998364761));
#1152 = DIRECTION('',(-1.,0.,0.));
#1153 = DIRECTION('',(0.,-1.,0.));
#1154 = FACE_BOUND('',#1155,.T.);
#1155 = EDGE_LOOP('',(#1156,#1166,#1174,#1182));
#1156 = ORIENTED_EDGE('',*,*,#1157,.T.);
#1157 = EDGE_CURVE('',#1158,#1160,#1162,.T.);
#1158 = VERTEX_POINT('',#1159);
#1159 = CARTESIAN_POINT('',(14.300000190735,40.950000762939,
    14.449999809265));
#1160 = VERTEX_POINT('',#1161);
#1161 = CARTESIAN_POINT('',(14.300000190735,40.950000762939,
    1.550000071526));
#1162 = LINE('',#1163,#1164);
#1163 = CARTESIAN_POINT('',(14.300000190735,40.950000762939,
    14.449999809265));
#1164 = VECTOR('',#1165,1.);
#1165 = DIRECTION('',(0.,0.,-1.));
#1166 = ORIENTED_EDGE('',*,*,#1167,.T.);
#1167 = EDGE_CURVE('',#1160,#1168,#1170,.T.);
#1168 = VERTEX_POINT('',#1169);
#1169 = CARTESIAN_POINT('',(14.300000190735,65.049995422363,
    1.550000071526));
#1170 = LINE('',#1171,#1172);
#1171 = CARTESIAN_POINT('',(14.300000190735,40.950000762939,
    1.550000071526));
#1172 = VECTOR('',#1173,1.);
#1173 = DIRECTION('',(0.,1.,0.));
#1174 = ORIENTED_EDGE('',*,*,#1175,.T.);
#1175 = EDGE_CURVE('',#1168,#1176,#1178,.T.);
#1176 = VERTEX_POINT('',#1177);
#1177 = CARTESIAN_POINT('',(14.300000190735,65.049995422363,
    14.449999809265));
#1178 = LINE('',#1179,#1180);
#1179 = CARTESIAN_POINT('',(14.300000190735,65.049995422363,
    1.550000071526));
#1180 = VECTOR('',#1181,1.);
#1181 = DIRECTION('',(0.,0.,1.));
#1182 = ORIENTED_EDGE('',*,*,#1183,.T.);
#1183 = EDGE_CURVE('',#1176,#1158,#1184,.T.);
#1184 = LINE('',#1185,#1186);
#1185 = CARTESIAN_POINT('',(14.300000190735,65.049995422363,
    14.449999809265));
#1186 = VECTOR('',#1187,1.);
#1187 = DIRECTION('',(0.,-1.,0.));
#1188 = FACE_BOUND('',#1189,.T.);
#1189 = EDGE_LOOP('',(#1190));
#1190 = ORIENTED_EDGE('',*,*,#1191,.F.);
#1191 = EDGE_CURVE('',#1192,#1192,#1194,.T.);
#1192 = VERTEX_POINT('',#1193);
#1193 = CARTESIAN_POINT('',(14.300000190735,38.399999767158,
    7.99999899977));
#1194 = CIRCLE('',#1195,0.85);
#1195 = AXIS2_PLACEMENT_3D('',#1196,#1197,#1198);
#1196 = CARTESIAN_POINT('',(14.300000190735,39.249999767158,
    7.99999899977));
#1197 = DIRECTION('',(-1.,0.,0.));
#1198 = DIRECTION('',(0.,-1.,0.));
#1199 = PLANE('',#1200);
#1200 = AXIS2_PLACEMENT_3D('',#1201,#1202,#1203);
#1201 = CARTESIAN_POINT('',(14.300000190735,52.696024028216,
    7.999999998097));
#1202 = DIRECTION('',(-1.,-0.,-0.));
#1203 = DIRECTION('',(0.,0.,-1.));
#1204 = ADVANCED_FACE('',(#1205),#1223,.T.);
#1205 = FACE_BOUND('',#1206,.T.);
#1206 = EDGE_LOOP('',(#1207,#1208,#1209,#1217));
#1207 = ORIENTED_EDGE('',*,*,#93,.F.);
#1208 = ORIENTED_EDGE('',*,*,#1136,.F.);
#1209 = ORIENTED_EDGE('',*,*,#1210,.T.);
#1210 = EDGE_CURVE('',#1129,#1211,#1213,.T.);
#1211 = VERTEX_POINT('',#1212);
#1212 = CARTESIAN_POINT('',(35.300003051758,68.312866210938,
    2.462331950665E-02));
#1213 = LINE('',#1214,#1215);
#1214 = CARTESIAN_POINT('',(14.300000190735,68.312866210938,
    2.462331950665E-02));
#1215 = VECTOR('',#1216,1.);
#1216 = DIRECTION('',(1.,0.,0.));
#1217 = ORIENTED_EDGE('',*,*,#1218,.F.);
#1218 = EDGE_CURVE('',#94,#1211,#1219,.T.);
#1219 = LINE('',#1220,#1221);
#1220 = CARTESIAN_POINT('',(35.300003051758,68.,0.));
#1221 = VECTOR('',#1222,1.);
#1222 = DIRECTION('',(0.,0.996917280223,7.845977563087E-02));
#1223 = PLANE('',#1224);
#1224 = AXIS2_PLACEMENT_3D('',#1225,#1226,#1227);
#1225 = CARTESIAN_POINT('',(24.800001621246,68.156433105469,
    1.231165975332E-02));
#1226 = DIRECTION('',(0.,7.845977563087E-02,-0.996917280223));
#1227 = DIRECTION('',(0.,-0.996917280223,-7.845977563087E-02));
#1228 = ADVANCED_FACE('',(#1229,#1407),#1418,.T.);
#1229 = FACE_BOUND('',#1230,.T.);
#1230 = EDGE_LOOP('',(#1231,#1239,#1240,#1241,#1249,#1257,#1265,#1273,
    #1281,#1289,#1297,#1305,#1313,#1321,#1329,#1337,#1345,#1353,#1361,
    #1369,#1377,#1385,#1393,#1401));
#1231 = ORIENTED_EDGE('',*,*,#1232,.T.);
#1232 = EDGE_CURVE('',#1233,#102,#1235,.T.);
#1233 = VERTEX_POINT('',#1234);
#1234 = CARTESIAN_POINT('',(35.300003051758,39.027759552002,16.));
#1235 = LINE('',#1236,#1237);
#1236 = CARTESIAN_POINT('',(35.300003051758,39.027759552002,16.));
#1237 = VECTOR('',#1238,1.);
#1238 = DIRECTION('',(0.,0.,-1.));
#1239 = ORIENTED_EDGE('',*,*,#101,.T.);
#1240 = ORIENTED_EDGE('',*,*,#1218,.T.);
#1241 = ORIENTED_EDGE('',*,*,#1242,.T.);
#1242 = EDGE_CURVE('',#1211,#1243,#1245,.T.);
#1243 = VERTEX_POINT('',#1244);
#1244 = CARTESIAN_POINT('',(35.300003051758,68.618034362793,
    9.788696467876E-02));
#1245 = LINE('',#1246,#1247);
#1246 = CARTESIAN_POINT('',(35.300003051758,68.312866210938,
    2.462331950665E-02));
#1247 = VECTOR('',#1248,1.);
#1248 = DIRECTION('',(0.,0.972370459992,0.233443116274));
#1249 = ORIENTED_EDGE('',*,*,#1250,.T.);
#1250 = EDGE_CURVE('',#1243,#1251,#1253,.T.);
#1251 = VERTEX_POINT('',#1252);
#1252 = CARTESIAN_POINT('',(35.300003051758,68.907981872559,
    0.217986941338));
#1253 = LINE('',#1254,#1255);
#1254 = CARTESIAN_POINT('',(35.300003051758,68.618034362793,
    9.788696467876E-02));
#1255 = VECTOR('',#1256,1.);
#1256 = DIRECTION('',(0.,0.923879773889,0.382682849628));
#1257 = ORIENTED_EDGE('',*,*,#1258,.T.);
#1258 = EDGE_CURVE('',#1251,#1259,#1261,.T.);
#1259 = VERTEX_POINT('',#1260);
#1260 = CARTESIAN_POINT('',(35.300003051758,69.175567626953,
    0.381965994835));
#1261 = LINE('',#1262,#1263);
#1262 = CARTESIAN_POINT('',(35.300003051758,68.907981872559,
    0.217986941338));
#1263 = VECTOR('',#1264,1.);
#1264 = DIRECTION('',(0.,0.85263691028,0.522503874845));
#1265 = ORIENTED_EDGE('',*,*,#1266,.T.);
#1266 = EDGE_CURVE('',#1259,#1267,#1269,.T.);
#1267 = VERTEX_POINT('',#1268);
#1268 = CARTESIAN_POINT('',(35.300003051758,69.414215087891,
    0.585786402225));
#1269 = LINE('',#1270,#1271);
#1270 = CARTESIAN_POINT('',(35.300003051758,69.175567626953,
    0.381965994835));
#1271 = VECTOR('',#1272,1.);
#1272 = DIRECTION('',(0.,0.760411913027,0.649441084724));
#1273 = ORIENTED_EDGE('',*,*,#1274,.T.);
#1274 = EDGE_CURVE('',#1267,#1275,#1277,.T.);
#1275 = VERTEX_POINT('',#1276);
#1276 = CARTESIAN_POINT('',(35.300003051758,69.618034362793,
    0.824429512024));
#1277 = LINE('',#1278,#1279);
#1278 = CARTESIAN_POINT('',(35.300003051758,69.414215087891,
    0.585786402225));
#1279 = VECTOR('',#1280,1.);
#1280 = DIRECTION('',(0.,0.649445844985,0.760407847429));
#1281 = ORIENTED_EDGE('',*,*,#1282,.T.);
#1282 = EDGE_CURVE('',#1275,#1283,#1285,.T.);
#1283 = VERTEX_POINT('',#1284);
#1284 = CARTESIAN_POINT('',(35.300003051758,69.782012939453,
    1.092019081116));
#1285 = LINE('',#1286,#1287);
#1286 = CARTESIAN_POINT('',(35.300003051758,69.618034362793,
    0.824429512024));
#1287 = VECTOR('',#1288,1.);
#1288 = DIRECTION('',(0.,0.522497355102,0.852640905605));
#1289 = ORIENTED_EDGE('',*,*,#1290,.T.);
#1290 = EDGE_CURVE('',#1283,#1291,#1293,.T.);
#1291 = VERTEX_POINT('',#1292);
#1292 = CARTESIAN_POINT('',(35.300003051758,69.902114868164,
    1.381965994835));
#1293 = LINE('',#1294,#1295);
#1294 = CARTESIAN_POINT('',(35.300003051758,69.782012939453,
    1.092019081116));
#1295 = VECTOR('',#1296,1.);
#1296 = DIRECTION('',(0.,0.382688830162,0.923877296652));
#1297 = ORIENTED_EDGE('',*,*,#1298,.T.);
#1298 = EDGE_CURVE('',#1291,#1299,#1301,.T.);
#1299 = VERTEX_POINT('',#1300);
#1300 = CARTESIAN_POINT('',(35.300003051758,69.975372314453,
    1.687131166458));
#1301 = LINE('',#1302,#1303);
#1302 = CARTESIAN_POINT('',(35.300003051758,69.902114868164,
    1.381965994835));
#1303 = VECTOR('',#1304,1.);
#1304 = DIRECTION('',(0.,0.233426596166,0.97237442593));
#1305 = ORIENTED_EDGE('',*,*,#1306,.T.);
#1306 = EDGE_CURVE('',#1299,#1307,#1309,.T.);
#1307 = VERTEX_POINT('',#1308);
#1308 = CARTESIAN_POINT('',(35.300003051758,70.,2.));
#1309 = LINE('',#1310,#1311);
#1310 = CARTESIAN_POINT('',(35.300003051758,69.975372314453,
    1.687131166458));
#1311 = VECTOR('',#1312,1.);
#1312 = DIRECTION('',(0.,7.847294817354E-02,0.996916243425));
#1313 = ORIENTED_EDGE('',*,*,#1314,.T.);
#1314 = EDGE_CURVE('',#1307,#1315,#1317,.T.);
#1315 = VERTEX_POINT('',#1316);
#1316 = CARTESIAN_POINT('',(35.300003051758,70.,14.));
#1317 = LINE('',#1318,#1319);
#1318 = CARTESIAN_POINT('',(35.300003051758,70.,2.));
#1319 = VECTOR('',#1320,1.);
#1320 = DIRECTION('',(0.,0.,1.));
#1321 = ORIENTED_EDGE('',*,*,#1322,.T.);
#1322 = EDGE_CURVE('',#1315,#1323,#1325,.T.);
#1323 = VERTEX_POINT('',#1324);
#1324 = CARTESIAN_POINT('',(35.300003051758,69.975372314453,
    14.31286907196));
#1325 = LINE('',#1326,#1327);
#1326 = CARTESIAN_POINT('',(35.300003051758,70.,14.));
#1327 = VECTOR('',#1328,1.);
#1328 = DIRECTION('',(0.,-7.84728887423E-02,0.996916248103));
#1329 = ORIENTED_EDGE('',*,*,#1330,.T.);
#1330 = EDGE_CURVE('',#1323,#1331,#1333,.T.);
#1331 = VERTEX_POINT('',#1332);
#1332 = CARTESIAN_POINT('',(35.300003051758,69.902114868164,
    14.618033409119));
#1333 = LINE('',#1334,#1335);
#1334 = CARTESIAN_POINT('',(35.300003051758,69.975372314453,
    14.31286907196));
#1335 = VECTOR('',#1336,1.);
#1336 = DIRECTION('',(0.,-0.233427199686,0.97237428105));
#1337 = ORIENTED_EDGE('',*,*,#1338,.T.);
#1338 = EDGE_CURVE('',#1331,#1339,#1341,.T.);
#1339 = VERTEX_POINT('',#1340);
#1340 = CARTESIAN_POINT('',(35.300003051758,69.782012939453,
    14.907980918884));
#1341 = LINE('',#1342,#1343);
#1342 = CARTESIAN_POINT('',(35.300003051758,69.902114868164,
    14.618033409119));
#1343 = VECTOR('',#1344,1.);
#1344 = DIRECTION('',(0.,-0.382688158678,0.923877574794));
#1345 = ORIENTED_EDGE('',*,*,#1346,.T.);
#1346 = EDGE_CURVE('',#1339,#1347,#1349,.T.);
#1347 = VERTEX_POINT('',#1348);
#1348 = CARTESIAN_POINT('',(35.300003051758,69.618034362793,
    15.175570487976));
#1349 = LINE('',#1350,#1351);
#1350 = CARTESIAN_POINT('',(35.300003051758,69.782012939453,
    14.907980918884));
#1351 = VECTOR('',#1352,1.);
#1352 = DIRECTION('',(0.,-0.522497355102,0.852640905605));
#1353 = ORIENTED_EDGE('',*,*,#1354,.T.);
#1354 = EDGE_CURVE('',#1347,#1355,#1357,.T.);
#1355 = VERTEX_POINT('',#1356);
#1356 = CARTESIAN_POINT('',(35.300003051758,69.414215087891,
    15.414214134216));
#1357 = LINE('',#1358,#1359);
#1358 = CARTESIAN_POINT('',(35.300003051758,69.618034362793,
    15.175570487976));
#1359 = VECTOR('',#1360,1.);
#1360 = DIRECTION('',(0.,-0.649445000855,0.760408568379));
#1361 = ORIENTED_EDGE('',*,*,#1362,.T.);
#1362 = EDGE_CURVE('',#1355,#1363,#1365,.T.);
#1363 = VERTEX_POINT('',#1364);
#1364 = CARTESIAN_POINT('',(35.300003051758,69.175567626953,
    15.618033409119));
#1365 = LINE('',#1366,#1367);
#1366 = CARTESIAN_POINT('',(35.300003051758,69.414215087891,
    15.414214134216));
#1367 = VECTOR('',#1368,1.);
#1368 = DIRECTION('',(0.,-0.760413695056,0.649438998191));
#1369 = ORIENTED_EDGE('',*,*,#1370,.T.);
#1370 = EDGE_CURVE('',#1363,#1371,#1373,.T.);
#1371 = VERTEX_POINT('',#1372);
#1372 = CARTESIAN_POINT('',(35.300003051758,68.907981872559,
    15.782013893127));
#1373 = LINE('',#1374,#1375);
#1374 = CARTESIAN_POINT('',(35.300003051758,69.175567626953,
    15.618033409119));
#1375 = VECTOR('',#1376,1.);
#1376 = DIRECTION('',(0.,-0.852634879577,0.522507188591));
#1377 = ORIENTED_EDGE('',*,*,#1378,.T.);
#1378 = EDGE_CURVE('',#1371,#1379,#1381,.T.);
#1379 = VERTEX_POINT('',#1380);
#1380 = CARTESIAN_POINT('',(35.300003051758,68.618034362793,
    15.902112960815));
#1381 = LINE('',#1382,#1383);
#1382 = CARTESIAN_POINT('',(35.300003051758,68.907981872559,
    15.782013893127));
#1383 = VECTOR('',#1384,1.);
#1384 = DIRECTION('',(0.,-0.923880797888,0.382680377462));
#1385 = ORIENTED_EDGE('',*,*,#1386,.T.);
#1386 = EDGE_CURVE('',#1379,#1387,#1389,.T.);
#1387 = VERTEX_POINT('',#1388);
#1388 = CARTESIAN_POINT('',(35.300003051758,68.312866210938,
    15.97537612915));
#1389 = LINE('',#1390,#1391);
#1390 = CARTESIAN_POINT('',(35.300003051758,68.618034362793,
    15.902112960815));
#1391 = VECTOR('',#1392,1.);
#1392 = DIRECTION('',(0.,-0.972370804877,0.233441679705));
#1393 = ORIENTED_EDGE('',*,*,#1394,.T.);
#1394 = EDGE_CURVE('',#1387,#1395,#1397,.T.);
#1395 = VERTEX_POINT('',#1396);
#1396 = CARTESIAN_POINT('',(35.300003051758,68.,16.));
#1397 = LINE('',#1398,#1399);
#1398 = CARTESIAN_POINT('',(35.300003051758,68.312866210938,
    15.97537612915));
#1399 = VECTOR('',#1400,1.);
#1400 = DIRECTION('',(0.,-0.996917142809,7.846152161566E-02));
#1401 = ORIENTED_EDGE('',*,*,#1402,.T.);
#1402 = EDGE_CURVE('',#1395,#1233,#1403,.T.);
#1403 = LINE('',#1404,#1405);
#1404 = CARTESIAN_POINT('',(35.300003051758,68.,16.));
#1405 = VECTOR('',#1406,1.);
#1406 = DIRECTION('',(0.,-1.,0.));
#1407 = FACE_BOUND('',#1408,.T.);
#1408 = EDGE_LOOP('',(#1409));
#1409 = ORIENTED_EDGE('',*,*,#1410,.F.);
#1410 = EDGE_CURVE('',#1411,#1411,#1413,.T.);
#1411 = VERTEX_POINT('',#1412);
#1412 = CARTESIAN_POINT('',(35.300003051758,63.299997851436,
    8.000003511081));
#1413 = CIRCLE('',#1414,4.6);
#1414 = AXIS2_PLACEMENT_3D('',#1415,#1416,#1417);
#1415 = CARTESIAN_POINT('',(35.300003051758,58.699997851436,
    8.000003511081));
#1416 = DIRECTION('',(1.,0.,0.));
#1417 = DIRECTION('',(0.,1.,0.));
#1418 = PLANE('',#1419);
#1419 = AXIS2_PLACEMENT_3D('',#1420,#1421,#1422);
#1420 = CARTESIAN_POINT('',(35.300003051758,54.218232650326,
    7.999999997972));
#1421 = DIRECTION('',(1.,0.,0.));
#1422 = DIRECTION('',(0.,0.,1.));
#1423 = ADVANCED_FACE('',(#1424),#1442,.T.);
#1424 = FACE_BOUND('',#1425,.T.);
#1425 = EDGE_LOOP('',(#1426,#1434,#1435,#1436));
#1426 = ORIENTED_EDGE('',*,*,#1427,.F.);
#1427 = EDGE_CURVE('',#110,#1428,#1430,.T.);
#1428 = VERTEX_POINT('',#1429);
#1429 = CARTESIAN_POINT('',(35.407852172852,37.563037872314,16.));
#1430 = LINE('',#1431,#1432);
#1431 = CARTESIAN_POINT('',(35.407852172852,37.563037872314,0.));
#1432 = VECTOR('',#1433,1.);
#1433 = DIRECTION('',(0.,0.,1.));
#1434 = ORIENTED_EDGE('',*,*,#109,.F.);
#1435 = ORIENTED_EDGE('',*,*,#1232,.F.);
#1436 = ORIENTED_EDGE('',*,*,#1437,.F.);
#1437 = EDGE_CURVE('',#1428,#1233,#1438,.T.);
#1438 = LINE('',#1439,#1440);
#1439 = CARTESIAN_POINT('',(35.407852172852,37.563037872314,16.));
#1440 = VECTOR('',#1441,1.);
#1441 = DIRECTION('',(-7.34323466443E-02,0.997300200775,0.));
#1442 = PLANE('',#1443);
#1443 = AXIS2_PLACEMENT_3D('',#1444,#1445,#1446);
#1444 = CARTESIAN_POINT('',(35.353927612305,38.295398712158,8.));
#1445 = DIRECTION('',(0.997300200775,7.34323466443E-02,0.));
#1446 = DIRECTION('',(-7.34323466443E-02,0.997300200775,0.));
#1447 = ADVANCED_FACE('',(#1448),#1466,.T.);
#1448 = FACE_BOUND('',#1449,.T.);
#1449 = EDGE_LOOP('',(#1450,#1458,#1459,#1460));
#1450 = ORIENTED_EDGE('',*,*,#1451,.F.);
#1451 = EDGE_CURVE('',#118,#1452,#1454,.T.);
#1452 = VERTEX_POINT('',#1453);
#1453 = CARTESIAN_POINT('',(35.729080200195,36.129913330078,16.));
#1454 = LINE('',#1455,#1456);
#1455 = CARTESIAN_POINT('',(35.729080200195,36.129913330078,0.));
#1456 = VECTOR('',#1457,1.);
#1457 = DIRECTION('',(0.,0.,1.));
#1458 = ORIENTED_EDGE('',*,*,#117,.F.);
#1459 = ORIENTED_EDGE('',*,*,#1427,.T.);
#1460 = ORIENTED_EDGE('',*,*,#1461,.F.);
#1461 = EDGE_CURVE('',#1452,#1428,#1462,.T.);
#1462 = LINE('',#1463,#1464);
#1463 = CARTESIAN_POINT('',(35.729080200195,36.129913330078,16.));
#1464 = VECTOR('',#1465,1.);
#1465 = DIRECTION('',(-0.218718236653,0.975788057395,0.));
#1466 = PLANE('',#1467);
#1467 = AXIS2_PLACEMENT_3D('',#1468,#1469,#1470);
#1468 = CARTESIAN_POINT('',(35.568466186523,36.846475601196,8.));
#1469 = DIRECTION('',(0.975788057395,0.218718236653,0.));
#1470 = DIRECTION('',(-0.218718236653,0.975788057395,0.));
#1471 = ADVANCED_FACE('',(#1472),#1490,.T.);
#1472 = FACE_BOUND('',#1473,.T.);
#1473 = EDGE_LOOP('',(#1474,#1482,#1483,#1484));
#1474 = ORIENTED_EDGE('',*,*,#1475,.F.);
#1475 = EDGE_CURVE('',#126,#1476,#1478,.T.);
#1476 = VERTEX_POINT('',#1477);
#1477 = CARTESIAN_POINT('',(36.256755828857,34.759296417236,16.));
#1478 = LINE('',#1479,#1480);
#1479 = CARTESIAN_POINT('',(36.256755828857,34.759296417236,0.));
#1480 = VECTOR('',#1481,1.);
#1481 = DIRECTION('',(0.,0.,1.));
#1482 = ORIENTED_EDGE('',*,*,#125,.F.);
#1483 = ORIENTED_EDGE('',*,*,#1451,.T.);
#1484 = ORIENTED_EDGE('',*,*,#1485,.F.);
#1485 = EDGE_CURVE('',#1476,#1452,#1486,.T.);
#1486 = LINE('',#1487,#1488);
#1487 = CARTESIAN_POINT('',(36.256755828857,34.759296417236,16.));
#1488 = VECTOR('',#1489,1.);
#1489 = DIRECTION('',(-0.359284691405,0.933228005646,0.));
#1490 = PLANE('',#1491);
#1491 = AXIS2_PLACEMENT_3D('',#1492,#1493,#1494);
#1492 = CARTESIAN_POINT('',(35.992918014526,35.444604873657,8.));
#1493 = DIRECTION('',(0.933228005646,0.359284691405,0.));
#1494 = DIRECTION('',(-0.359284691405,0.933228005646,0.));
#1495 = ADVANCED_FACE('',(#1496),#1514,.T.);
#1496 = FACE_BOUND('',#1497,.T.);
#1497 = EDGE_LOOP('',(#1498,#1506,#1507,#1508));
#1498 = ORIENTED_EDGE('',*,*,#1499,.F.);
#1499 = EDGE_CURVE('',#134,#1500,#1502,.T.);
#1500 = VERTEX_POINT('',#1501);
#1501 = CARTESIAN_POINT('',(36.979496002197,33.480754852295,16.));
#1502 = LINE('',#1503,#1504);
#1503 = CARTESIAN_POINT('',(36.979496002197,33.480754852295,0.));
#1504 = VECTOR('',#1505,1.);
#1505 = DIRECTION('',(0.,0.,1.));
#1506 = ORIENTED_EDGE('',*,*,#133,.F.);
#1507 = ORIENTED_EDGE('',*,*,#1475,.T.);
#1508 = ORIENTED_EDGE('',*,*,#1509,.F.);
#1509 = EDGE_CURVE('',#1500,#1476,#1510,.T.);
#1510 = LINE('',#1511,#1512);
#1511 = CARTESIAN_POINT('',(36.979496002197,33.480754852295,16.));
#1512 = VECTOR('',#1513,1.);
#1513 = DIRECTION('',(-0.492101761,0.870537682597,0.));
#1514 = PLANE('',#1515);
#1515 = AXIS2_PLACEMENT_3D('',#1516,#1517,#1518);
#1516 = CARTESIAN_POINT('',(36.618125915527,34.120025634766,8.));
#1517 = DIRECTION('',(0.870537682597,0.492101761,0.));
#1518 = DIRECTION('',(-0.492101761,0.870537682597,0.));
#1519 = ADVANCED_FACE('',(#1520),#1538,.T.);
#1520 = FACE_BOUND('',#1521,.T.);
#1521 = EDGE_LOOP('',(#1522,#1523,#1531,#1537));
#1522 = ORIENTED_EDGE('',*,*,#1499,.T.);
#1523 = ORIENTED_EDGE('',*,*,#1524,.T.);
#1524 = EDGE_CURVE('',#1500,#1525,#1527,.T.);
#1525 = VERTEX_POINT('',#1526);
#1526 = CARTESIAN_POINT('',(37.620502471924,32.519248962402,16.));
#1527 = LINE('',#1528,#1529);
#1528 = CARTESIAN_POINT('',(36.979496002197,33.480754852295,16.));
#1529 = VECTOR('',#1530,1.);
#1530 = DIRECTION('',(0.554701719804,-0.832049278617,0.));
#1531 = ORIENTED_EDGE('',*,*,#1532,.T.);
#1532 = EDGE_CURVE('',#1525,#142,#1533,.T.);
#1533 = LINE('',#1534,#1535);
#1534 = CARTESIAN_POINT('',(37.620502471924,32.519248962402,16.));
#1535 = VECTOR('',#1536,1.);
#1536 = DIRECTION('',(0.,0.,-1.));
#1537 = ORIENTED_EDGE('',*,*,#141,.T.);
#1538 = PLANE('',#1539);
#1539 = AXIS2_PLACEMENT_3D('',#1540,#1541,#1542);
#1540 = CARTESIAN_POINT('',(37.299999237061,33.000001907349,8.));
#1541 = DIRECTION('',(0.832049278617,0.554701719804,0.));
#1542 = DIRECTION('',(-0.554701719804,0.832049278617,0.));
#1543 = ADVANCED_FACE('',(#1544),#1562,.T.);
#1544 = FACE_BOUND('',#1545,.T.);
#1545 = EDGE_LOOP('',(#1546,#1554,#1555,#1556));
#1546 = ORIENTED_EDGE('',*,*,#1547,.F.);
#1547 = EDGE_CURVE('',#150,#1548,#1550,.T.);
#1548 = VERTEX_POINT('',#1549);
#1549 = CARTESIAN_POINT('',(38.343242645264,31.240701675415,16.));
#1550 = LINE('',#1551,#1552);
#1551 = CARTESIAN_POINT('',(38.343242645264,31.240701675415,0.));
#1552 = VECTOR('',#1553,1.);
#1553 = DIRECTION('',(0.,0.,1.));
#1554 = ORIENTED_EDGE('',*,*,#149,.F.);
#1555 = ORIENTED_EDGE('',*,*,#1532,.F.);
#1556 = ORIENTED_EDGE('',*,*,#1557,.F.);
#1557 = EDGE_CURVE('',#1548,#1525,#1558,.T.);
#1558 = LINE('',#1559,#1560);
#1559 = CARTESIAN_POINT('',(38.343242645264,31.240701675415,16.));
#1560 = VECTOR('',#1561,1.);
#1561 = DIRECTION('',(-0.492100091965,0.870538626075,0.));
#1562 = PLANE('',#1563);
#1563 = AXIS2_PLACEMENT_3D('',#1564,#1565,#1566);
#1564 = CARTESIAN_POINT('',(37.981872558594,31.879975318909,8.));
#1565 = DIRECTION('',(0.870538626075,0.492100091965,0.));
#1566 = DIRECTION('',(-0.492100091965,0.870538626075,0.));
#1567 = ADVANCED_FACE('',(#1568),#1586,.T.);
#1568 = FACE_BOUND('',#1569,.T.);
#1569 = EDGE_LOOP('',(#1570,#1578,#1579,#1580));
#1570 = ORIENTED_EDGE('',*,*,#1571,.F.);
#1571 = EDGE_CURVE('',#158,#1572,#1574,.T.);
#1572 = VERTEX_POINT('',#1573);
#1573 = CARTESIAN_POINT('',(38.870918273926,29.870084762573,16.));
#1574 = LINE('',#1575,#1576);
#1575 = CARTESIAN_POINT('',(38.870918273926,29.870084762573,0.));
#1576 = VECTOR('',#1577,1.);
#1577 = DIRECTION('',(0.,0.,1.));
#1578 = ORIENTED_EDGE('',*,*,#157,.F.);
#1579 = ORIENTED_EDGE('',*,*,#1547,.T.);
#1580 = ORIENTED_EDGE('',*,*,#1581,.F.);
#1581 = EDGE_CURVE('',#1572,#1548,#1582,.T.);
#1582 = LINE('',#1583,#1584);
#1583 = CARTESIAN_POINT('',(38.870918273926,29.870084762573,16.));
#1584 = VECTOR('',#1585,1.);
#1585 = DIRECTION('',(-0.359284691405,0.933228005646,0.));
#1586 = PLANE('',#1587);
#1587 = AXIS2_PLACEMENT_3D('',#1588,#1589,#1590);
#1588 = CARTESIAN_POINT('',(38.607080459595,30.555393218994,8.));
#1589 = DIRECTION('',(0.933228005646,0.359284691405,0.));
#1590 = DIRECTION('',(-0.359284691405,0.933228005646,0.));
#1591 = ADVANCED_FACE('',(#1592),#1610,.T.);
#1592 = FACE_BOUND('',#1593,.T.);
#1593 = EDGE_LOOP('',(#1594,#1602,#1603,#1604));
#1594 = ORIENTED_EDGE('',*,*,#1595,.F.);
#1595 = EDGE_CURVE('',#166,#1596,#1598,.T.);
#1596 = VERTEX_POINT('',#1597);
#1597 = CARTESIAN_POINT('',(39.19214630127,28.436960220337,16.));
#1598 = LINE('',#1599,#1600);
#1599 = CARTESIAN_POINT('',(39.19214630127,28.436960220337,0.));
#1600 = VECTOR('',#1601,1.);
#1601 = DIRECTION('',(0.,0.,1.));
#1602 = ORIENTED_EDGE('',*,*,#165,.F.);
#1603 = ORIENTED_EDGE('',*,*,#1571,.T.);
#1604 = ORIENTED_EDGE('',*,*,#1605,.F.);
#1605 = EDGE_CURVE('',#1596,#1572,#1606,.T.);
#1606 = LINE('',#1607,#1608);
#1607 = CARTESIAN_POINT('',(39.19214630127,28.436960220337,16.));
#1608 = VECTOR('',#1609,1.);
#1609 = DIRECTION('',(-0.218718236653,0.975788057395,0.));
#1610 = PLANE('',#1611);
#1611 = AXIS2_PLACEMENT_3D('',#1612,#1613,#1614);
#1612 = CARTESIAN_POINT('',(39.031532287598,29.153522491455,8.));
#1613 = DIRECTION('',(0.975788057395,0.218718236653,0.));
#1614 = DIRECTION('',(-0.218718236653,0.975788057395,0.));
#1615 = ADVANCED_FACE('',(#1616),#1634,.T.);
#1616 = FACE_BOUND('',#1617,.T.);
#1617 = EDGE_LOOP('',(#1618,#1626,#1627,#1628));
#1618 = ORIENTED_EDGE('',*,*,#1619,.F.);
#1619 = EDGE_CURVE('',#174,#1620,#1622,.T.);
#1620 = VERTEX_POINT('',#1621);
#1621 = CARTESIAN_POINT('',(39.300003051758,26.972244262695,16.));
#1622 = LINE('',#1623,#1624);
#1623 = CARTESIAN_POINT('',(39.300003051758,26.972244262695,0.));
#1624 = VECTOR('',#1625,1.);
#1625 = DIRECTION('',(0.,0.,1.));
#1626 = ORIENTED_EDGE('',*,*,#173,.F.);
#1627 = ORIENTED_EDGE('',*,*,#1595,.T.);
#1628 = ORIENTED_EDGE('',*,*,#1629,.F.);
#1629 = EDGE_CURVE('',#1620,#1596,#1630,.T.);
#1630 = LINE('',#1631,#1632);
#1631 = CARTESIAN_POINT('',(39.300003051758,26.972244262695,16.));
#1632 = VECTOR('',#1633,1.);
#1633 = DIRECTION('',(-7.343779867774E-02,0.997299799321,0.));
#1634 = PLANE('',#1635);
#1635 = AXIS2_PLACEMENT_3D('',#1636,#1637,#1638);
#1636 = CARTESIAN_POINT('',(39.246074676514,27.704602241516,8.));
#1637 = DIRECTION('',(0.997299799321,7.343779867774E-02,0.));
#1638 = DIRECTION('',(-7.343779867774E-02,0.997299799321,0.));
#1639 = ADVANCED_FACE('',(#1640,#1818),#2116,.T.);
#1640 = FACE_BOUND('',#1641,.T.);
#1641 = EDGE_LOOP('',(#1642,#1643,#1651,#1659,#1667,#1675,#1683,#1691,
    #1699,#1707,#1715,#1723,#1731,#1739,#1747,#1755,#1763,#1771,#1779,
    #1787,#1795,#1803,#1811,#1817));
#1642 = ORIENTED_EDGE('',*,*,#1619,.T.);
#1643 = ORIENTED_EDGE('',*,*,#1644,.T.);
#1644 = EDGE_CURVE('',#1620,#1645,#1647,.T.);
#1645 = VERTEX_POINT('',#1646);
#1646 = CARTESIAN_POINT('',(39.300003051758,5.,16.));
#1647 = LINE('',#1648,#1649);
#1648 = CARTESIAN_POINT('',(39.300003051758,26.972244262695,16.));
#1649 = VECTOR('',#1650,1.);
#1650 = DIRECTION('',(0.,-1.,0.));
#1651 = ORIENTED_EDGE('',*,*,#1652,.T.);
#1652 = EDGE_CURVE('',#1645,#1653,#1655,.T.);
#1653 = VERTEX_POINT('',#1654);
#1654 = CARTESIAN_POINT('',(39.300003051758,4.217827796936,
    15.938442230225));
#1655 = LINE('',#1656,#1657);
#1656 = CARTESIAN_POINT('',(39.300003051758,5.,16.));
#1657 = VECTOR('',#1658,1.);
#1658 = DIRECTION('',(0.,-0.996917385337,-7.845844003567E-02));
#1659 = ORIENTED_EDGE('',*,*,#1660,.T.);
#1660 = EDGE_CURVE('',#1653,#1661,#1663,.T.);
#1661 = VERTEX_POINT('',#1662);
#1662 = CARTESIAN_POINT('',(39.300003051758,3.454915046692,
    15.755282402039));
#1663 = LINE('',#1664,#1665);
#1664 = CARTESIAN_POINT('',(39.300003051758,4.217827796936,
    15.938442230225));
#1665 = VECTOR('',#1666,1.);
#1666 = DIRECTION('',(0.,-0.972369723135,-0.233446185512));
#1667 = ORIENTED_EDGE('',*,*,#1668,.T.);
#1668 = EDGE_CURVE('',#1661,#1669,#1671,.T.);
#1669 = VERTEX_POINT('',#1670);
#1670 = CARTESIAN_POINT('',(39.300003051758,2.730047464371,
    15.455032348633));
#1671 = LINE('',#1672,#1673);
#1672 = CARTESIAN_POINT('',(39.300003051758,3.454915046692,
    15.755282402039));
#1673 = VECTOR('',#1674,1.);
#1674 = DIRECTION('',(0.,-0.92387950102,-0.382683508391));
#1675 = ORIENTED_EDGE('',*,*,#1676,.T.);
#1676 = EDGE_CURVE('',#1669,#1677,#1679,.T.);
#1677 = VERTEX_POINT('',#1678);
#1678 = CARTESIAN_POINT('',(39.300003051758,2.06107378006,
    15.045084953308));
#1679 = LINE('',#1680,#1681);
#1680 = CARTESIAN_POINT('',(39.300003051758,2.730047464371,
    15.455032348633));
#1681 = VECTOR('',#1682,1.);
#1682 = DIRECTION('',(0.,-0.852640281134,-0.522498374148));
#1683 = ORIENTED_EDGE('',*,*,#1684,.T.);
#1684 = EDGE_CURVE('',#1677,#1685,#1687,.T.);
#1685 = VERTEX_POINT('',#1686);
#1686 = CARTESIAN_POINT('',(39.300003051758,1.464466094971,
    14.535533905029));
#1687 = LINE('',#1688,#1689);
#1688 = CARTESIAN_POINT('',(39.300003051758,2.06107378006,
    15.045084953308));
#1689 = VECTOR('',#1690,1.);
#1690 = DIRECTION('',(0.,-0.760405998554,-0.649448009746));
#1691 = ORIENTED_EDGE('',*,*,#1692,.T.);
#1692 = EDGE_CURVE('',#1685,#1693,#1695,.T.);
#1693 = VERTEX_POINT('',#1694);
#1694 = CARTESIAN_POINT('',(39.300003051758,0.954914987087,
    13.938925743103));
#1695 = LINE('',#1696,#1697);
#1696 = CARTESIAN_POINT('',(39.300003051758,1.464466094971,
    14.535533905029));
#1697 = VECTOR('',#1698,1.);
#1698 = DIRECTION('',(0.,-0.649447753538,-0.760406217376));
#1699 = ORIENTED_EDGE('',*,*,#1700,.T.);
#1700 = EDGE_CURVE('',#1693,#1701,#1703,.T.);
#1701 = VERTEX_POINT('',#1702);
#1702 = CARTESIAN_POINT('',(39.300003051758,0.544967353344,
    13.269952774048));
#1703 = LINE('',#1704,#1705);
#1704 = CARTESIAN_POINT('',(39.300003051758,0.954914987087,
    13.938925743103));
#1705 = VECTOR('',#1706,1.);
#1706 = DIRECTION('',(0.,-0.522499001198,-0.852639896877));
#1707 = ORIENTED_EDGE('',*,*,#1708,.T.);
#1708 = EDGE_CURVE('',#1701,#1709,#1711,.T.);
#1709 = VERTEX_POINT('',#1710);
#1710 = CARTESIAN_POINT('',(39.300003051758,0.244717404246,
    12.545084953308));
#1711 = LINE('',#1712,#1713);
#1712 = CARTESIAN_POINT('',(39.300003051758,0.544967353344,
    13.269952774048));
#1713 = VECTOR('',#1714,1.);
#1714 = DIRECTION('',(0.,-0.382683287478,-0.923879592525));
#1715 = ORIENTED_EDGE('',*,*,#1716,.T.);
#1716 = EDGE_CURVE('',#1709,#1717,#1719,.T.);
#1717 = VERTEX_POINT('',#1718);
#1718 = CARTESIAN_POINT('',(39.300003051758,6.155829876661E-02,
    11.782172203064));
#1719 = LINE('',#1720,#1721);
#1720 = CARTESIAN_POINT('',(39.300003051758,0.244717404246,
    12.545084953308));
#1721 = VECTOR('',#1722,1.);
#1722 = DIRECTION('',(0.,-0.233445314585,-0.972369932226));
#1723 = ORIENTED_EDGE('',*,*,#1724,.T.);
#1724 = EDGE_CURVE('',#1717,#1725,#1727,.T.);
#1725 = VERTEX_POINT('',#1726);
#1726 = CARTESIAN_POINT('',(39.300003051758,0.,11.));
#1727 = LINE('',#1728,#1729);
#1728 = CARTESIAN_POINT('',(39.300003051758,6.155829876661E-02,
    11.782172203064));
#1729 = VECTOR('',#1730,1.);
#1730 = DIRECTION('',(0.,-7.845911011089E-02,-0.996917332601));
#1731 = ORIENTED_EDGE('',*,*,#1732,.F.);
#1732 = EDGE_CURVE('',#1733,#1725,#1735,.T.);
#1733 = VERTEX_POINT('',#1734);
#1734 = CARTESIAN_POINT('',(39.300003051758,0.,5.));
#1735 = LINE('',#1736,#1737);
#1736 = CARTESIAN_POINT('',(39.300003051758,3.1E-16,5.));
#1737 = VECTOR('',#1738,1.);
#1738 = DIRECTION('',(0.,0.,1.));
#1739 = ORIENTED_EDGE('',*,*,#1740,.T.);
#1740 = EDGE_CURVE('',#1733,#1741,#1743,.T.);
#1741 = VERTEX_POINT('',#1742);
#1742 = CARTESIAN_POINT('',(39.300003051758,6.155829876661E-02,
    4.217827796936));
#1743 = LINE('',#1744,#1745);
#1744 = CARTESIAN_POINT('',(39.300003051758,3.1E-16,5.));
#1745 = VECTOR('',#1746,1.);
#1746 = DIRECTION('',(0.,7.845911011089E-02,-0.996917332601));
#1747 = ORIENTED_EDGE('',*,*,#1748,.T.);
#1748 = EDGE_CURVE('',#1741,#1749,#1751,.T.);
#1749 = VERTEX_POINT('',#1750);
#1750 = CARTESIAN_POINT('',(39.300003051758,0.244717404246,
    3.454915046692));
#1751 = LINE('',#1752,#1753);
#1752 = CARTESIAN_POINT('',(39.300003051758,6.155829876661E-02,
    4.217827796936));
#1753 = VECTOR('',#1754,1.);
#1754 = DIRECTION('',(0.,0.233445314585,-0.972369932226));
#1755 = ORIENTED_EDGE('',*,*,#1756,.T.);
#1756 = EDGE_CURVE('',#1749,#1757,#1759,.T.);
#1757 = VERTEX_POINT('',#1758);
#1758 = CARTESIAN_POINT('',(39.300003051758,0.544967353344,
    2.730047464371));
#1759 = LINE('',#1760,#1761);
#1760 = CARTESIAN_POINT('',(39.300003051758,0.244717404246,
    3.454915046692));
#1761 = VECTOR('',#1762,1.);
#1762 = DIRECTION('',(0.,0.382683394915,-0.923879548024));
#1763 = ORIENTED_EDGE('',*,*,#1764,.T.);
#1764 = EDGE_CURVE('',#1757,#1765,#1767,.T.);
#1765 = VERTEX_POINT('',#1766);
#1766 = CARTESIAN_POINT('',(39.300003051758,0.954914987087,2.06107378006
    ));
#1767 = LINE('',#1768,#1769);
#1768 = CARTESIAN_POINT('',(39.300003051758,0.544967353344,
    2.730047464371));
#1769 = VECTOR('',#1770,1.);
#1770 = DIRECTION('',(0.,0.522498595064,-0.852640145757));
#1771 = ORIENTED_EDGE('',*,*,#1772,.T.);
#1772 = EDGE_CURVE('',#1765,#1773,#1775,.T.);
#1773 = VERTEX_POINT('',#1774);
#1774 = CARTESIAN_POINT('',(39.300003051758,1.464466094971,
    1.464466094971));
#1775 = LINE('',#1776,#1777);
#1776 = CARTESIAN_POINT('',(39.300003051758,0.954914987087,2.06107378006
    ));
#1777 = VECTOR('',#1778,1.);
#1778 = DIRECTION('',(0.,0.649448053673,-0.760405961037));
#1779 = ORIENTED_EDGE('',*,*,#1780,.T.);
#1780 = EDGE_CURVE('',#1773,#1781,#1783,.T.);
#1781 = VERTEX_POINT('',#1782);
#1782 = CARTESIAN_POINT('',(39.300003051758,2.06107378006,0.954914987087
    ));
#1783 = LINE('',#1784,#1785);
#1784 = CARTESIAN_POINT('',(39.300003051758,1.464466094971,
    1.464466094971));
#1785 = VECTOR('',#1786,1.);
#1786 = DIRECTION('',(0.,0.760405961037,-0.649448053673));
#1787 = ORIENTED_EDGE('',*,*,#1788,.T.);
#1788 = EDGE_CURVE('',#1781,#1789,#1791,.T.);
#1789 = VERTEX_POINT('',#1790);
#1790 = CARTESIAN_POINT('',(39.300003051758,2.730047464371,
    0.544967353344));
#1791 = LINE('',#1792,#1793);
#1792 = CARTESIAN_POINT('',(39.300003051758,2.06107378006,0.954914987087
    ));
#1793 = VECTOR('',#1794,1.);
#1794 = DIRECTION('',(0.,0.852640145757,-0.522498595064));
#1795 = ORIENTED_EDGE('',*,*,#1796,.T.);
#1796 = EDGE_CURVE('',#1789,#1797,#1799,.T.);
#1797 = VERTEX_POINT('',#1798);
#1798 = CARTESIAN_POINT('',(39.300003051758,3.454915046692,
    0.244717404246));
#1799 = LINE('',#1800,#1801);
#1800 = CARTESIAN_POINT('',(39.300003051758,2.730047464371,
    0.544967353344));
#1801 = VECTOR('',#1802,1.);
#1802 = DIRECTION('',(0.,0.923879548024,-0.382683394915));
#1803 = ORIENTED_EDGE('',*,*,#1804,.T.);
#1804 = EDGE_CURVE('',#1797,#1805,#1807,.T.);
#1805 = VERTEX_POINT('',#1806);
#1806 = CARTESIAN_POINT('',(39.300003051758,4.217827796936,
    6.155829876661E-02));
#1807 = LINE('',#1808,#1809);
#1808 = CARTESIAN_POINT('',(39.300003051758,3.454915046692,
    0.244717404246));
#1809 = VECTOR('',#1810,1.);
#1810 = DIRECTION('',(0.,0.972369932226,-0.233445314585));
#1811 = ORIENTED_EDGE('',*,*,#1812,.T.);
#1812 = EDGE_CURVE('',#1805,#182,#1813,.T.);
#1813 = LINE('',#1814,#1815);
#1814 = CARTESIAN_POINT('',(39.300003051758,4.217827796936,
    6.155829876661E-02));
#1815 = VECTOR('',#1816,1.);
#1816 = DIRECTION('',(0.,0.996917332601,-7.84591101109E-02));
#1817 = ORIENTED_EDGE('',*,*,#181,.T.);
#1818 = FACE_BOUND('',#1819,.T.);
#1819 = EDGE_LOOP('',(#1820,#1830,#1838,#1846,#1854,#1862,#1870,#1878,
    #1886,#1894,#1902,#1910,#1918,#1926,#1934,#1942,#1950,#1958,#1966,
    #1974,#1982,#1990,#1998,#2006,#2014,#2022,#2030,#2038,#2046,#2054,
    #2062,#2070,#2078,#2086,#2094,#2102,#2110));
#1820 = ORIENTED_EDGE('',*,*,#1821,.T.);
#1821 = EDGE_CURVE('',#1822,#1824,#1826,.T.);
#1822 = VERTEX_POINT('',#1823);
#1823 = CARTESIAN_POINT('',(39.300003051758,13.632164955139,
    6.893933773041));
#1824 = VERTEX_POINT('',#1825);
#1825 = CARTESIAN_POINT('',(39.300003051758,13.371417045593,
    6.042503356934));
#1826 = LINE('',#1827,#1828);
#1827 = CARTESIAN_POINT('',(39.300003051758,13.632164955139,
    6.893933773041));
#1828 = VECTOR('',#1829,1.);
#1829 = DIRECTION('',(0.,-0.292823053969,-0.956166648166));
#1830 = ORIENTED_EDGE('',*,*,#1831,.T.);
#1831 = EDGE_CURVE('',#1824,#1832,#1834,.T.);
#1832 = VERTEX_POINT('',#1833);
#1833 = CARTESIAN_POINT('',(39.300003051758,12.970527648926,
    5.247386455536));
#1834 = LINE('',#1835,#1836);
#1835 = CARTESIAN_POINT('',(39.300003051758,13.371417045593,
    6.042503356934));
#1836 = VECTOR('',#1837,1.);
#1837 = DIRECTION('',(0.,-0.450203646512,-0.892925907714));
#1838 = ORIENTED_EDGE('',*,*,#1839,.T.);
#1839 = EDGE_CURVE('',#1832,#1840,#1842,.T.);
#1840 = VERTEX_POINT('',#1841);
#1841 = CARTESIAN_POINT('',(39.300003051758,12.441029548645,
    4.531457424164));
#1842 = LINE('',#1843,#1844);
#1843 = CARTESIAN_POINT('',(39.300003051758,12.970527648926,
    5.247386455536));
#1844 = VECTOR('',#1845,1.);
#1845 = DIRECTION('',(0.,-0.594632995027,-0.803997264439));
#1846 = ORIENTED_EDGE('',*,*,#1847,.T.);
#1847 = EDGE_CURVE('',#1840,#1848,#1850,.T.);
#1848 = VERTEX_POINT('',#1849);
#1849 = CARTESIAN_POINT('',(39.300003051758,11.798154830933,
    3.915312290192));
#1850 = LINE('',#1851,#1852);
#1851 = CARTESIAN_POINT('',(39.300003051758,12.441029548645,
    4.531457424164));
#1852 = VECTOR('',#1853,1.);
#1853 = DIRECTION('',(0.,-0.72195630441,-0.691938649393));
#1854 = ORIENTED_EDGE('',*,*,#1855,.T.);
#1855 = EDGE_CURVE('',#1848,#1856,#1858,.T.);
#1856 = VERTEX_POINT('',#1857);
#1857 = CARTESIAN_POINT('',(39.300003051758,11.060398101807,
    3.416675806046));
#1858 = LINE('',#1859,#1860);
#1859 = CARTESIAN_POINT('',(39.300003051758,11.798154830933,
    3.915312290192));
#1860 = VECTOR('',#1861,1.);
#1861 = DIRECTION('',(0.,-0.828509666873,-0.559974760054));
#1862 = ORIENTED_EDGE('',*,*,#1863,.T.);
#1863 = EDGE_CURVE('',#1856,#1864,#1866,.T.);
#1864 = VERTEX_POINT('',#1865);
#1865 = CARTESIAN_POINT('',(39.300003051758,10.248984336853,
    3.049893379211));
#1866 = LINE('',#1867,#1868);
#1867 = CARTESIAN_POINT('',(39.300003051758,11.060398101807,
    3.416675806046));
#1868 = VECTOR('',#1869,1.);
#1869 = DIRECTION('',(0.,-0.911228372674,-0.411901508657));
#1870 = ORIENTED_EDGE('',*,*,#1871,.T.);
#1871 = EDGE_CURVE('',#1864,#1872,#1874,.T.);
#1872 = VERTEX_POINT('',#1873);
#1873 = CARTESIAN_POINT('',(39.300003051758,9.387254714966,
    2.825516462326));
#1874 = LINE('',#1875,#1876);
#1875 = CARTESIAN_POINT('',(39.300003051758,10.248984336853,
    3.049893379211));
#1876 = VECTOR('',#1877,1.);
#1877 = DIRECTION('',(0.,-0.967732953883,-0.251978034694));
#1878 = ORIENTED_EDGE('',*,*,#1879,.T.);
#1879 = EDGE_CURVE('',#1872,#1880,#1882,.T.);
#1880 = VERTEX_POINT('',#1881);
#1881 = CARTESIAN_POINT('',(39.300003051758,8.5,2.75));
#1882 = LINE('',#1883,#1884);
#1883 = CARTESIAN_POINT('',(39.300003051758,9.387254714966,
    2.825516462326));
#1884 = VECTOR('',#1885,1.);
#1885 = DIRECTION('',(0.,-0.996397492632,-8.480587642415E-02));
#1886 = ORIENTED_EDGE('',*,*,#1887,.T.);
#1887 = EDGE_CURVE('',#1880,#1888,#1890,.T.);
#1888 = VERTEX_POINT('',#1889);
#1889 = CARTESIAN_POINT('',(39.300003051758,7.612745761871,
    2.825516462326));
#1890 = LINE('',#1891,#1892);
#1891 = CARTESIAN_POINT('',(39.300003051758,8.5,2.75));
#1892 = VECTOR('',#1893,1.);
#1893 = DIRECTION('',(0.,-0.996397488781,8.480592167359E-02));
#1894 = ORIENTED_EDGE('',*,*,#1895,.T.);
#1895 = EDGE_CURVE('',#1888,#1896,#1898,.T.);
#1896 = VERTEX_POINT('',#1897);
#1897 = CARTESIAN_POINT('',(39.300003051758,6.751016139984,
    3.049893379211));
#1898 = LINE('',#1899,#1900);
#1899 = CARTESIAN_POINT('',(39.300003051758,7.612745761871,
    2.825516462326));
#1900 = VECTOR('',#1901,1.);
#1901 = DIRECTION('',(0.,-0.967732953883,0.251978034694));
#1902 = ORIENTED_EDGE('',*,*,#1903,.T.);
#1903 = EDGE_CURVE('',#1896,#1904,#1906,.T.);
#1904 = VERTEX_POINT('',#1905);
#1905 = CARTESIAN_POINT('',(39.300003051758,5.939601421356,
    3.416675806046));
#1906 = LINE('',#1907,#1908);
#1907 = CARTESIAN_POINT('',(39.300003051758,6.751016139984,
    3.049893379211));
#1908 = VECTOR('',#1909,1.);
#1909 = DIRECTION('',(0.,-0.911228554381,0.411901106676));
#1910 = ORIENTED_EDGE('',*,*,#1911,.T.);
#1911 = EDGE_CURVE('',#1904,#1912,#1914,.T.);
#1912 = VERTEX_POINT('',#1913);
#1913 = CARTESIAN_POINT('',(39.300003051758,5.201845169067,
    3.915312290192));
#1914 = LINE('',#1915,#1916);
#1915 = CARTESIAN_POINT('',(39.300003051758,5.939601421356,
    3.416675806046));
#1916 = VECTOR('',#1917,1.);
#1917 = DIRECTION('',(0.,-0.828509498957,0.559975008494));
#1918 = ORIENTED_EDGE('',*,*,#1919,.T.);
#1919 = EDGE_CURVE('',#1912,#1920,#1922,.T.);
#1920 = VERTEX_POINT('',#1921);
#1921 = CARTESIAN_POINT('',(39.300003051758,4.558970451355,
    4.531457424164));
#1922 = LINE('',#1923,#1924);
#1923 = CARTESIAN_POINT('',(39.300003051758,5.201845169067,
    3.915312290192));
#1924 = VECTOR('',#1925,1.);
#1925 = DIRECTION('',(0.,-0.72195630441,0.691938649393));
#1926 = ORIENTED_EDGE('',*,*,#1927,.T.);
#1927 = EDGE_CURVE('',#1920,#1928,#1930,.T.);
#1928 = VERTEX_POINT('',#1929);
#1929 = CARTESIAN_POINT('',(39.300003051758,4.029471874237,
    5.247386455536));
#1930 = LINE('',#1931,#1932);
#1931 = CARTESIAN_POINT('',(39.300003051758,4.558970451355,
    4.531457424164));
#1932 = VECTOR('',#1933,1.);
#1933 = DIRECTION('',(0.,-0.594633341176,0.803997008428));
#1934 = ORIENTED_EDGE('',*,*,#1935,.T.);
#1935 = EDGE_CURVE('',#1928,#1936,#1938,.T.);
#1936 = VERTEX_POINT('',#1937);
#1937 = CARTESIAN_POINT('',(39.300003051758,3.628582715988,
    6.042503356934));
#1938 = LINE('',#1939,#1940);
#1939 = CARTESIAN_POINT('',(39.300003051758,4.029471874237,
    5.247386455536));
#1940 = VECTOR('',#1941,1.);
#1941 = DIRECTION('',(0.,-0.450203433033,0.892926015348));
#1942 = ORIENTED_EDGE('',*,*,#1943,.T.);
#1943 = EDGE_CURVE('',#1936,#1944,#1946,.T.);
#1944 = VERTEX_POINT('',#1945);
#1945 = CARTESIAN_POINT('',(39.300003051758,3.367835044861,
    6.893933773041));
#1946 = LINE('',#1947,#1948);
#1947 = CARTESIAN_POINT('',(39.300003051758,3.628582715988,
    6.042503356934));
#1948 = VECTOR('',#1949,1.);
#1949 = DIRECTION('',(0.,-0.29282280918,0.956166723131));
#1950 = ORIENTED_EDGE('',*,*,#1951,.T.);
#1951 = EDGE_CURVE('',#1944,#1952,#1954,.T.);
#1952 = VERTEX_POINT('',#1953);
#1953 = CARTESIAN_POINT('',(39.300003051758,3.254730463028,
    7.777184009552));
#1954 = LINE('',#1955,#1956);
#1955 = CARTESIAN_POINT('',(39.300003051758,3.367835044861,
    6.893933773041));
#1956 = VECTOR('',#1957,1.);
#1957 = DIRECTION('',(0.,-0.127017780333,0.991900440306));
#1958 = ORIENTED_EDGE('',*,*,#1959,.T.);
#1959 = EDGE_CURVE('',#1952,#1960,#1962,.T.);
#1960 = VERTEX_POINT('',#1961);
#1961 = CARTESIAN_POINT('',(39.300003051758,3.292522668839,
    8.666843414307));
#1962 = LINE('',#1963,#1964);
#1963 = CARTESIAN_POINT('',(39.300003051758,3.254730463028,
    7.777184009552));
#1964 = VECTOR('',#1965,1.);
#1965 = DIRECTION('',(0.,4.244113383781E-02,0.999098969151));
#1966 = ORIENTED_EDGE('',*,*,#1967,.T.);
#1967 = EDGE_CURVE('',#1960,#1968,#1970,.T.);
#1968 = VERTEX_POINT('',#1969);
#1969 = CARTESIAN_POINT('',(39.300003051758,3.48012471199,9.53731918335)
  );
#1970 = LINE('',#1971,#1972);
#1971 = CARTESIAN_POINT('',(39.300003051758,3.292522668839,
    8.666843414307));
#1972 = VECTOR('',#1973,1.);
#1973 = DIRECTION('',(0.,0.210679446248,0.977555200962));
#1974 = ORIENTED_EDGE('',*,*,#1975,.T.);
#1975 = EDGE_CURVE('',#1968,#1976,#1978,.T.);
#1976 = VERTEX_POINT('',#1977);
#1977 = CARTESIAN_POINT('',(39.300003051758,3.81213927269,
    10.363569259644));
#1978 = LINE('',#1979,#1980);
#1979 = CARTESIAN_POINT('',(39.300003051758,3.48012471199,9.53731918335)
  );
#1980 = VECTOR('',#1981,1.);
#1981 = DIRECTION('',(0.,0.372856451274,0.927889037948));
#1982 = ORIENTED_EDGE('',*,*,#1983,.T.);
#1983 = EDGE_CURVE('',#1976,#1984,#1986,.T.);
#1984 = VERTEX_POINT('',#1985);
#1985 = CARTESIAN_POINT('',(39.300003051758,4.27901506424,
    11.121824264526));
#1986 = LINE('',#1987,#1988);
#1987 = CARTESIAN_POINT('',(39.300003051758,3.81213927269,
    10.363569259644));
#1988 = VECTOR('',#1989,1.);
#1989 = DIRECTION('',(0.,0.524307014225,0.851529303568));
#1990 = ORIENTED_EDGE('',*,*,#1991,.T.);
#1991 = EDGE_CURVE('',#1984,#1992,#1994,.T.);
#1992 = VERTEX_POINT('',#1993);
#1993 = CARTESIAN_POINT('',(39.300003051758,4.867321014404,
    11.79026889801));
#1994 = LINE('',#1995,#1996);
#1995 = CARTESIAN_POINT('',(39.300003051758,4.27901506424,
    11.121824264526));
#1996 = VECTOR('',#1997,1.);
#1997 = DIRECTION('',(0.,0.660675153728,0.750671926507));
#1998 = ORIENTED_EDGE('',*,*,#1999,.T.);
#1999 = EDGE_CURVE('',#1992,#2000,#2002,.T.);
#2000 = VERTEX_POINT('',#2001);
#2001 = CARTESIAN_POINT('',(39.300003051758,5.560132026672,
    12.349675178528));
#2002 = LINE('',#2003,#2004);
#2003 = CARTESIAN_POINT('',(39.300003051758,4.867321014404,
    11.79026889801));
#2004 = VECTOR('',#2005,1.);
#2005 = DIRECTION('',(0.,0.77803550374,0.628220307632));
#2006 = ORIENTED_EDGE('',*,*,#2007,.T.);
#2007 = EDGE_CURVE('',#2000,#2008,#2010,.T.);
#2008 = VERTEX_POINT('',#2009);
#2009 = CARTESIAN_POINT('',(39.300003051758,6.337518215179,
    12.783948898315));
#2010 = LINE('',#2011,#2012);
#2011 = CARTESIAN_POINT('',(39.300003051758,5.560132026672,
    12.349675178528));
#2012 = VECTOR('',#2013,1.);
#2013 = DIRECTION('',(0.,0.873014237583,0.487694721089));
#2014 = ORIENTED_EDGE('',*,*,#2015,.T.);
#2015 = EDGE_CURVE('',#2008,#2016,#2018,.T.);
#2016 = VERTEX_POINT('',#2017);
#2017 = CARTESIAN_POINT('',(39.300003051758,7.177114963531,
    13.080597877502));
#2018 = LINE('',#2019,#2020);
#2019 = CARTESIAN_POINT('',(39.300003051758,6.337518215179,
    12.783948898315));
#2020 = VECTOR('',#2021,1.);
#2021 = DIRECTION('',(0.,0.942877242208,0.333140370003));
#2022 = ORIENTED_EDGE('',*,*,#2023,.T.);
#2023 = EDGE_CURVE('',#2016,#2024,#2026,.T.);
#2024 = VERTEX_POINT('',#2025);
#2025 = CARTESIAN_POINT('',(39.300003051758,8.054768562317,
    13.231086730957));
#2026 = LINE('',#2027,#2028);
#2027 = CARTESIAN_POINT('',(39.300003051758,7.177114963531,
    13.080597877502));
#2028 = VECTOR('',#2029,1.);
#2029 = DIRECTION('',(0.,0.985615904627,0.169000853684));
#2030 = ORIENTED_EDGE('',*,*,#2031,.T.);
#2031 = EDGE_CURVE('',#2024,#2032,#2034,.T.);
#2032 = VERTEX_POINT('',#2033);
#2033 = CARTESIAN_POINT('',(39.300003051758,8.945231437683,
    13.231086730957));
#2034 = LINE('',#2035,#2036);
#2035 = CARTESIAN_POINT('',(39.300003051758,8.054768562317,
    13.231086730957));
#2036 = VECTOR('',#2037,1.);
#2037 = DIRECTION('',(0.,1.,0.));
#2038 = ORIENTED_EDGE('',*,*,#2039,.T.);
#2039 = EDGE_CURVE('',#2032,#2040,#2042,.T.);
#2040 = VERTEX_POINT('',#2041);
#2041 = CARTESIAN_POINT('',(39.300003051758,9.822884559631,
    13.080597877502));
#2042 = LINE('',#2043,#2044);
#2043 = CARTESIAN_POINT('',(39.300003051758,8.945231437683,
    13.231086730957));
#2044 = VECTOR('',#2045,1.);
#2045 = DIRECTION('',(0.,0.985615889333,-0.169000942882));
#2046 = ORIENTED_EDGE('',*,*,#2047,.T.);
#2047 = EDGE_CURVE('',#2040,#2048,#2050,.T.);
#2048 = VERTEX_POINT('',#2049);
#2049 = CARTESIAN_POINT('',(39.300003051758,10.662481307983,
    12.783948898315));
#2050 = LINE('',#2051,#2052);
#2051 = CARTESIAN_POINT('',(39.300003051758,9.822884559631,
    13.080597877502));
#2052 = VECTOR('',#2053,1.);
#2053 = DIRECTION('',(0.,0.942877242208,-0.333140370003));
#2054 = ORIENTED_EDGE('',*,*,#2055,.T.);
#2055 = EDGE_CURVE('',#2048,#2056,#2058,.T.);
#2056 = VERTEX_POINT('',#2057);
#2057 = CARTESIAN_POINT('',(39.300003051758,11.439867019653,
    12.349675178528));
#2058 = LINE('',#2059,#2060);
#2059 = CARTESIAN_POINT('',(39.300003051758,10.662481307983,
    12.783948898315));
#2060 = VECTOR('',#2061,1.);
#2061 = DIRECTION('',(0.,0.873014110217,-0.487694949084));
#2062 = ORIENTED_EDGE('',*,*,#2063,.T.);
#2063 = EDGE_CURVE('',#2056,#2064,#2066,.T.);
#2064 = VERTEX_POINT('',#2065);
#2065 = CARTESIAN_POINT('',(39.300003051758,12.132678985596,
    11.79026889801));
#2066 = LINE('',#2067,#2068);
#2067 = CARTESIAN_POINT('',(39.300003051758,11.439867019653,
    12.349675178528));
#2068 = VECTOR('',#2069,1.);
#2069 = DIRECTION('',(0.,0.778035926416,-0.628219784157));
#2070 = ORIENTED_EDGE('',*,*,#2071,.T.);
#2071 = EDGE_CURVE('',#2064,#2072,#2074,.T.);
#2072 = VERTEX_POINT('',#2073);
#2073 = CARTESIAN_POINT('',(39.300003051758,12.720985412598,
    11.121824264526));
#2074 = LINE('',#2075,#2076);
#2075 = CARTESIAN_POINT('',(39.300003051758,12.132678985596,
    11.79026889801));
#2076 = VECTOR('',#2077,1.);
#2077 = DIRECTION('',(0.,0.660675455484,-0.750671660929));
#2078 = ORIENTED_EDGE('',*,*,#2079,.T.);
#2079 = EDGE_CURVE('',#2072,#2080,#2082,.T.);
#2080 = VERTEX_POINT('',#2081);
#2081 = CARTESIAN_POINT('',(39.300003051758,13.187861442566,
    10.363569259644));
#2082 = LINE('',#2083,#2084);
#2083 = CARTESIAN_POINT('',(39.300003051758,12.720985412598,
    11.121824264526));
#2084 = VECTOR('',#2085,1.);
#2085 = DIRECTION('',(0.,0.524307208368,-0.851529184029));
#2086 = ORIENTED_EDGE('',*,*,#2087,.T.);
#2087 = EDGE_CURVE('',#2080,#2088,#2090,.T.);
#2088 = VERTEX_POINT('',#2089);
#2089 = CARTESIAN_POINT('',(39.300003051758,13.519875526428,
    9.53731918335));
#2090 = LINE('',#2091,#2092);
#2091 = CARTESIAN_POINT('',(39.300003051758,13.187861442566,
    10.363569259644));
#2092 = VECTOR('',#2093,1.);
#2093 = DIRECTION('',(0.,0.372855990225,-0.927889223212));
#2094 = ORIENTED_EDGE('',*,*,#2095,.T.);
#2095 = EDGE_CURVE('',#2088,#2096,#2098,.T.);
#2096 = VERTEX_POINT('',#2097);
#2097 = CARTESIAN_POINT('',(39.300003051758,13.70747756958,
    8.666843414307));
#2098 = LINE('',#2099,#2100);
#2099 = CARTESIAN_POINT('',(39.300003051758,13.519875526428,
    9.53731918335));
#2100 = VECTOR('',#2101,1.);
#2101 = DIRECTION('',(0.,0.210679446248,-0.977555200962));
#2102 = ORIENTED_EDGE('',*,*,#2103,.T.);
#2103 = EDGE_CURVE('',#2096,#2104,#2106,.T.);
#2104 = VERTEX_POINT('',#2105);
#2105 = CARTESIAN_POINT('',(39.300003051758,13.745269775391,
    7.777184009552));
#2106 = LINE('',#2107,#2108);
#2107 = CARTESIAN_POINT('',(39.300003051758,13.70747756958,
    8.666843414307));
#2108 = VECTOR('',#2109,1.);
#2109 = DIRECTION('',(0.,4.244113383781E-02,-0.999098969151));
#2110 = ORIENTED_EDGE('',*,*,#2111,.T.);
#2111 = EDGE_CURVE('',#2104,#1822,#2112,.T.);
#2112 = LINE('',#2113,#2114);
#2113 = CARTESIAN_POINT('',(39.300003051758,13.745269775391,
    7.777184009552));
#2114 = VECTOR('',#2115,1.);
#2115 = DIRECTION('',(0.,-0.127018043761,-0.991900406573));
#2116 = PLANE('',#2117);
#2117 = AXIS2_PLACEMENT_3D('',#2118,#2119,#2120);
#2118 = CARTESIAN_POINT('',(39.300003051758,14.242083347863,
    7.999999998171));
#2119 = DIRECTION('',(1.,0.,0.));
#2120 = DIRECTION('',(0.,0.,1.));
#2121 = ADVANCED_FACE('',(#2122),#2140,.T.);
#2122 = FACE_BOUND('',#2123,.T.);
#2123 = EDGE_LOOP('',(#2124,#2125,#2126,#2134));
#2124 = ORIENTED_EDGE('',*,*,#189,.F.);
#2125 = ORIENTED_EDGE('',*,*,#1812,.F.);
#2126 = ORIENTED_EDGE('',*,*,#2127,.T.);
#2127 = EDGE_CURVE('',#1805,#2128,#2130,.T.);
#2128 = VERTEX_POINT('',#2129);
#2129 = CARTESIAN_POINT('',(36.799999237061,4.217827796936,
    6.155829876661E-02));
#2130 = LINE('',#2131,#2132);
#2131 = CARTESIAN_POINT('',(39.300003051758,4.217827796936,
    6.155829876661E-02));
#2132 = VECTOR('',#2133,1.);
#2133 = DIRECTION('',(-1.,0.,0.));
#2134 = ORIENTED_EDGE('',*,*,#2135,.F.);
#2135 = EDGE_CURVE('',#190,#2128,#2136,.T.);
#2136 = LINE('',#2137,#2138);
#2137 = CARTESIAN_POINT('',(36.799999237061,5.,0.));
#2138 = VECTOR('',#2139,1.);
#2139 = DIRECTION('',(0.,-0.996917332601,7.84591101109E-02));
#2140 = PLANE('',#2141);
#2141 = AXIS2_PLACEMENT_3D('',#2142,#2143,#2144);
#2142 = CARTESIAN_POINT('',(38.050001144409,4.608913898468,
    3.077914938331E-02));
#2143 = DIRECTION('',(-0.,-7.845911011089E-02,-0.996917332601));
#2144 = DIRECTION('',(0.,-0.996917332601,7.845911011089E-02));
#2145 = ADVANCED_FACE('',(#2146,#2324),#2630,.T.);
#2146 = FACE_BOUND('',#2147,.T.);
#2147 = EDGE_LOOP('',(#2148,#2156,#2157,#2158,#2166,#2174,#2182,#2190,
    #2198,#2206,#2214,#2222,#2230,#2238,#2246,#2254,#2262,#2270,#2278,
    #2286,#2294,#2302,#2310,#2318));
#2148 = ORIENTED_EDGE('',*,*,#2149,.T.);
#2149 = EDGE_CURVE('',#2150,#198,#2152,.T.);
#2150 = VERTEX_POINT('',#2151);
#2151 = CARTESIAN_POINT('',(36.799999237061,26.215303421021,16.));
#2152 = LINE('',#2153,#2154);
#2153 = CARTESIAN_POINT('',(36.799999237061,26.215303421021,16.));
#2154 = VECTOR('',#2155,1.);
#2155 = DIRECTION('',(0.,0.,-1.));
#2156 = ORIENTED_EDGE('',*,*,#197,.T.);
#2157 = ORIENTED_EDGE('',*,*,#2135,.T.);
#2158 = ORIENTED_EDGE('',*,*,#2159,.T.);
#2159 = EDGE_CURVE('',#2128,#2160,#2162,.T.);
#2160 = VERTEX_POINT('',#2161);
#2161 = CARTESIAN_POINT('',(36.799999237061,3.454915046692,
    0.244717404246));
#2162 = LINE('',#2163,#2164);
#2163 = CARTESIAN_POINT('',(36.799999237061,4.217827796936,
    6.155829876661E-02));
#2164 = VECTOR('',#2165,1.);
#2165 = DIRECTION('',(0.,-0.972369932226,0.233445314585));
#2166 = ORIENTED_EDGE('',*,*,#2167,.T.);
#2167 = EDGE_CURVE('',#2160,#2168,#2170,.T.);
#2168 = VERTEX_POINT('',#2169);
#2169 = CARTESIAN_POINT('',(36.799999237061,2.730047464371,
    0.544967353344));
#2170 = LINE('',#2171,#2172);
#2171 = CARTESIAN_POINT('',(36.799999237061,3.454915046692,
    0.244717404246));
#2172 = VECTOR('',#2173,1.);
#2173 = DIRECTION('',(0.,-0.923879548024,0.382683394915));
#2174 = ORIENTED_EDGE('',*,*,#2175,.T.);
#2175 = EDGE_CURVE('',#2168,#2176,#2178,.T.);
#2176 = VERTEX_POINT('',#2177);
#2177 = CARTESIAN_POINT('',(36.799999237061,2.06107378006,0.954914987087
    ));
#2178 = LINE('',#2179,#2180);
#2179 = CARTESIAN_POINT('',(36.799999237061,2.730047464371,
    0.544967353344));
#2180 = VECTOR('',#2181,1.);
#2181 = DIRECTION('',(0.,-0.852640145757,0.522498595064));
#2182 = ORIENTED_EDGE('',*,*,#2183,.T.);
#2183 = EDGE_CURVE('',#2176,#2184,#2186,.T.);
#2184 = VERTEX_POINT('',#2185);
#2185 = CARTESIAN_POINT('',(36.799999237061,1.464466094971,
    1.464466094971));
#2186 = LINE('',#2187,#2188);
#2187 = CARTESIAN_POINT('',(36.799999237061,2.06107378006,0.954914987087
    ));
#2188 = VECTOR('',#2189,1.);
#2189 = DIRECTION('',(0.,-0.760405961037,0.649448053673));
#2190 = ORIENTED_EDGE('',*,*,#2191,.T.);
#2191 = EDGE_CURVE('',#2184,#2192,#2194,.T.);
#2192 = VERTEX_POINT('',#2193);
#2193 = CARTESIAN_POINT('',(36.799999237061,0.954914987087,2.06107378006
    ));
#2194 = LINE('',#2195,#2196);
#2195 = CARTESIAN_POINT('',(36.799999237061,1.464466094971,
    1.464466094971));
#2196 = VECTOR('',#2197,1.);
#2197 = DIRECTION('',(0.,-0.649448053673,0.760405961037));
#2198 = ORIENTED_EDGE('',*,*,#2199,.T.);
#2199 = EDGE_CURVE('',#2192,#2200,#2202,.T.);
#2200 = VERTEX_POINT('',#2201);
#2201 = CARTESIAN_POINT('',(36.799999237061,0.544967353344,
    2.730047464371));
#2202 = LINE('',#2203,#2204);
#2203 = CARTESIAN_POINT('',(36.799999237061,0.954914987087,2.06107378006
    ));
#2204 = VECTOR('',#2205,1.);
#2205 = DIRECTION('',(0.,-0.522498595064,0.852640145757));
#2206 = ORIENTED_EDGE('',*,*,#2207,.T.);
#2207 = EDGE_CURVE('',#2200,#2208,#2210,.T.);
#2208 = VERTEX_POINT('',#2209);
#2209 = CARTESIAN_POINT('',(36.799999237061,0.244717404246,
    3.454915046692));
#2210 = LINE('',#2211,#2212);
#2211 = CARTESIAN_POINT('',(36.799999237061,0.544967353344,
    2.730047464371));
#2212 = VECTOR('',#2213,1.);
#2213 = DIRECTION('',(0.,-0.382683394915,0.923879548024));
#2214 = ORIENTED_EDGE('',*,*,#2215,.T.);
#2215 = EDGE_CURVE('',#2208,#2216,#2218,.T.);
#2216 = VERTEX_POINT('',#2217);
#2217 = CARTESIAN_POINT('',(36.799999237061,6.155829876661E-02,
    4.217827796936));
#2218 = LINE('',#2219,#2220);
#2219 = CARTESIAN_POINT('',(36.799999237061,0.244717404246,
    3.454915046692));
#2220 = VECTOR('',#2221,1.);
#2221 = DIRECTION('',(0.,-0.233445314585,0.972369932226));
#2222 = ORIENTED_EDGE('',*,*,#2223,.T.);
#2223 = EDGE_CURVE('',#2216,#2224,#2226,.T.);
#2224 = VERTEX_POINT('',#2225);
#2225 = CARTESIAN_POINT('',(36.799999237061,0.,5.));
#2226 = LINE('',#2227,#2228);
#2227 = CARTESIAN_POINT('',(36.799999237061,6.155829876661E-02,
    4.217827796936));
#2228 = VECTOR('',#2229,1.);
#2229 = DIRECTION('',(0.,-7.845911011089E-02,0.996917332601));
#2230 = ORIENTED_EDGE('',*,*,#2231,.F.);
#2231 = EDGE_CURVE('',#2232,#2224,#2234,.T.);
#2232 = VERTEX_POINT('',#2233);
#2233 = CARTESIAN_POINT('',(36.799999237061,0.,11.));
#2234 = LINE('',#2235,#2236);
#2235 = CARTESIAN_POINT('',(36.799999237061,0.,11.));
#2236 = VECTOR('',#2237,1.);
#2237 = DIRECTION('',(0.,0.,-1.));
#2238 = ORIENTED_EDGE('',*,*,#2239,.T.);
#2239 = EDGE_CURVE('',#2232,#2240,#2242,.T.);
#2240 = VERTEX_POINT('',#2241);
#2241 = CARTESIAN_POINT('',(36.799999237061,6.155829876661E-02,
    11.782172203064));
#2242 = LINE('',#2243,#2244);
#2243 = CARTESIAN_POINT('',(36.799999237061,3.1E-16,11.));
#2244 = VECTOR('',#2245,1.);
#2245 = DIRECTION('',(0.,7.845911011089E-02,0.996917332601));
#2246 = ORIENTED_EDGE('',*,*,#2247,.T.);
#2247 = EDGE_CURVE('',#2240,#2248,#2250,.T.);
#2248 = VERTEX_POINT('',#2249);
#2249 = CARTESIAN_POINT('',(36.799999237061,0.244717404246,
    12.545084953308));
#2250 = LINE('',#2251,#2252);
#2251 = CARTESIAN_POINT('',(36.799999237061,6.155829876661E-02,
    11.782172203064));
#2252 = VECTOR('',#2253,1.);
#2253 = DIRECTION('',(0.,0.233445314585,0.972369932226));
#2254 = ORIENTED_EDGE('',*,*,#2255,.T.);
#2255 = EDGE_CURVE('',#2248,#2256,#2258,.T.);
#2256 = VERTEX_POINT('',#2257);
#2257 = CARTESIAN_POINT('',(36.799999237061,0.544967353344,
    13.269952774048));
#2258 = LINE('',#2259,#2260);
#2259 = CARTESIAN_POINT('',(36.799999237061,0.244717404246,
    12.545084953308));
#2260 = VECTOR('',#2261,1.);
#2261 = DIRECTION('',(0.,0.382683287478,0.923879592525));
#2262 = ORIENTED_EDGE('',*,*,#2263,.T.);
#2263 = EDGE_CURVE('',#2256,#2264,#2266,.T.);
#2264 = VERTEX_POINT('',#2265);
#2265 = CARTESIAN_POINT('',(36.799999237061,0.954914987087,
    13.938925743103));
#2266 = LINE('',#2267,#2268);
#2267 = CARTESIAN_POINT('',(36.799999237061,0.544967353344,
    13.269952774048));
#2268 = VECTOR('',#2269,1.);
#2269 = DIRECTION('',(0.,0.522499001198,0.852639896877));
#2270 = ORIENTED_EDGE('',*,*,#2271,.T.);
#2271 = EDGE_CURVE('',#2264,#2272,#2274,.T.);
#2272 = VERTEX_POINT('',#2273);
#2273 = CARTESIAN_POINT('',(36.799999237061,1.464466094971,
    14.535533905029));
#2274 = LINE('',#2275,#2276);
#2275 = CARTESIAN_POINT('',(36.799999237061,0.954914987087,
    13.938925743103));
#2276 = VECTOR('',#2277,1.);
#2277 = DIRECTION('',(0.,0.649447753538,0.760406217376));
#2278 = ORIENTED_EDGE('',*,*,#2279,.T.);
#2279 = EDGE_CURVE('',#2272,#2280,#2282,.T.);
#2280 = VERTEX_POINT('',#2281);
#2281 = CARTESIAN_POINT('',(36.799999237061,2.06107378006,
    15.045084953308));
#2282 = LINE('',#2283,#2284);
#2283 = CARTESIAN_POINT('',(36.799999237061,1.464466094971,
    14.535533905029));
#2284 = VECTOR('',#2285,1.);
#2285 = DIRECTION('',(0.,0.760405998554,0.649448009746));
#2286 = ORIENTED_EDGE('',*,*,#2287,.T.);
#2287 = EDGE_CURVE('',#2280,#2288,#2290,.T.);
#2288 = VERTEX_POINT('',#2289);
#2289 = CARTESIAN_POINT('',(36.799999237061,2.730047464371,
    15.455032348633));
#2290 = LINE('',#2291,#2292);
#2291 = CARTESIAN_POINT('',(36.799999237061,2.06107378006,
    15.045084953308));
#2292 = VECTOR('',#2293,1.);
#2293 = DIRECTION('',(0.,0.852640281134,0.522498374148));
#2294 = ORIENTED_EDGE('',*,*,#2295,.T.);
#2295 = EDGE_CURVE('',#2288,#2296,#2298,.T.);
#2296 = VERTEX_POINT('',#2297);
#2297 = CARTESIAN_POINT('',(36.799999237061,3.454915046692,
    15.755282402039));
#2298 = LINE('',#2299,#2300);
#2299 = CARTESIAN_POINT('',(36.799999237061,2.730047464371,
    15.455032348633));
#2300 = VECTOR('',#2301,1.);
#2301 = DIRECTION('',(0.,0.92387950102,0.382683508391));
#2302 = ORIENTED_EDGE('',*,*,#2303,.T.);
#2303 = EDGE_CURVE('',#2296,#2304,#2306,.T.);
#2304 = VERTEX_POINT('',#2305);
#2305 = CARTESIAN_POINT('',(36.799999237061,4.217827796936,
    15.938442230225));
#2306 = LINE('',#2307,#2308);
#2307 = CARTESIAN_POINT('',(36.799999237061,3.454915046692,
    15.755282402039));
#2308 = VECTOR('',#2309,1.);
#2309 = DIRECTION('',(0.,0.972369723135,0.233446185512));
#2310 = ORIENTED_EDGE('',*,*,#2311,.T.);
#2311 = EDGE_CURVE('',#2304,#2312,#2314,.T.);
#2312 = VERTEX_POINT('',#2313);
#2313 = CARTESIAN_POINT('',(36.799999237061,5.,16.));
#2314 = LINE('',#2315,#2316);
#2315 = CARTESIAN_POINT('',(36.799999237061,4.217827796936,
    15.938442230225));
#2316 = VECTOR('',#2317,1.);
#2317 = DIRECTION('',(0.,0.996917385337,7.845844003567E-02));
#2318 = ORIENTED_EDGE('',*,*,#2319,.T.);
#2319 = EDGE_CURVE('',#2312,#2150,#2320,.T.);
#2320 = LINE('',#2321,#2322);
#2321 = CARTESIAN_POINT('',(36.799999237061,5.,16.));
#2322 = VECTOR('',#2323,1.);
#2323 = DIRECTION('',(0.,1.,0.));
#2324 = FACE_BOUND('',#2325,.T.);
#2325 = EDGE_LOOP('',(#2326,#2336,#2344,#2352,#2360,#2368,#2376,#2384,
    #2392,#2400,#2408,#2416,#2424,#2432,#2440,#2448,#2456,#2464,#2472,
    #2480,#2488,#2496,#2504,#2512,#2520,#2528,#2536,#2544,#2552,#2560,
    #2568,#2576,#2584,#2592,#2600,#2608,#2616,#2624));
#2326 = ORIENTED_EDGE('',*,*,#2327,.T.);
#2327 = EDGE_CURVE('',#2328,#2330,#2332,.T.);
#2328 = VERTEX_POINT('',#2329);
#2329 = CARTESIAN_POINT('',(36.799999237061,13.519875526428,
    9.53731918335));
#2330 = VERTEX_POINT('',#2331);
#2331 = CARTESIAN_POINT('',(36.799999237061,13.187861442566,
    10.363569259644));
#2332 = LINE('',#2333,#2334);
#2333 = CARTESIAN_POINT('',(36.799999237061,13.519875526428,
    9.53731918335));
#2334 = VECTOR('',#2335,1.);
#2335 = DIRECTION('',(0.,-0.372855990225,0.927889223212));
#2336 = ORIENTED_EDGE('',*,*,#2337,.T.);
#2337 = EDGE_CURVE('',#2330,#2338,#2340,.T.);
#2338 = VERTEX_POINT('',#2339);
#2339 = CARTESIAN_POINT('',(36.799999237061,12.720985412598,
    11.121824264526));
#2340 = LINE('',#2341,#2342);
#2341 = CARTESIAN_POINT('',(36.799999237061,13.187861442566,
    10.363569259644));
#2342 = VECTOR('',#2343,1.);
#2343 = DIRECTION('',(0.,-0.524307208368,0.851529184029));
#2344 = ORIENTED_EDGE('',*,*,#2345,.T.);
#2345 = EDGE_CURVE('',#2338,#2346,#2348,.T.);
#2346 = VERTEX_POINT('',#2347);
#2347 = CARTESIAN_POINT('',(36.799999237061,12.132678985596,
    11.79026889801));
#2348 = LINE('',#2349,#2350);
#2349 = CARTESIAN_POINT('',(36.799999237061,12.720985412598,
    11.121824264526));
#2350 = VECTOR('',#2351,1.);
#2351 = DIRECTION('',(0.,-0.660675455484,0.750671660929));
#2352 = ORIENTED_EDGE('',*,*,#2353,.T.);
#2353 = EDGE_CURVE('',#2346,#2354,#2356,.T.);
#2354 = VERTEX_POINT('',#2355);
#2355 = CARTESIAN_POINT('',(36.799999237061,11.439867019653,
    12.349675178528));
#2356 = LINE('',#2357,#2358);
#2357 = CARTESIAN_POINT('',(36.799999237061,12.132678985596,
    11.79026889801));
#2358 = VECTOR('',#2359,1.);
#2359 = DIRECTION('',(0.,-0.778035926416,0.628219784157));
#2360 = ORIENTED_EDGE('',*,*,#2361,.T.);
#2361 = EDGE_CURVE('',#2354,#2362,#2364,.T.);
#2362 = VERTEX_POINT('',#2363);
#2363 = CARTESIAN_POINT('',(36.799999237061,10.662481307983,
    12.783948898315));
#2364 = LINE('',#2365,#2366);
#2365 = CARTESIAN_POINT('',(36.799999237061,11.439867019653,
    12.349675178528));
#2366 = VECTOR('',#2367,1.);
#2367 = DIRECTION('',(0.,-0.873014110217,0.487694949084));
#2368 = ORIENTED_EDGE('',*,*,#2369,.T.);
#2369 = EDGE_CURVE('',#2362,#2370,#2372,.T.);
#2370 = VERTEX_POINT('',#2371);
#2371 = CARTESIAN_POINT('',(36.799999237061,9.822884559631,
    13.080597877502));
#2372 = LINE('',#2373,#2374);
#2373 = CARTESIAN_POINT('',(36.799999237061,10.662481307983,
    12.783948898315));
#2374 = VECTOR('',#2375,1.);
#2375 = DIRECTION('',(0.,-0.942877242208,0.333140370003));
#2376 = ORIENTED_EDGE('',*,*,#2377,.T.);
#2377 = EDGE_CURVE('',#2370,#2378,#2380,.T.);
#2378 = VERTEX_POINT('',#2379);
#2379 = CARTESIAN_POINT('',(36.799999237061,8.945231437683,
    13.231086730957));
#2380 = LINE('',#2381,#2382);
#2381 = CARTESIAN_POINT('',(36.799999237061,9.822884559631,
    13.080597877502));
#2382 = VECTOR('',#2383,1.);
#2383 = DIRECTION('',(0.,-0.985615889333,0.169000942882));
#2384 = ORIENTED_EDGE('',*,*,#2385,.T.);
#2385 = EDGE_CURVE('',#2378,#2386,#2388,.T.);
#2386 = VERTEX_POINT('',#2387);
#2387 = CARTESIAN_POINT('',(36.799999237061,8.054768562317,
    13.231086730957));
#2388 = LINE('',#2389,#2390);
#2389 = CARTESIAN_POINT('',(36.799999237061,8.945231437683,
    13.231086730957));
#2390 = VECTOR('',#2391,1.);
#2391 = DIRECTION('',(0.,-1.,0.));
#2392 = ORIENTED_EDGE('',*,*,#2393,.T.);
#2393 = EDGE_CURVE('',#2386,#2394,#2396,.T.);
#2394 = VERTEX_POINT('',#2395);
#2395 = CARTESIAN_POINT('',(36.799999237061,7.177114963531,
    13.080597877502));
#2396 = LINE('',#2397,#2398);
#2397 = CARTESIAN_POINT('',(36.799999237061,8.054768562317,
    13.231086730957));
#2398 = VECTOR('',#2399,1.);
#2399 = DIRECTION('',(0.,-0.985615904627,-0.169000853684));
#2400 = ORIENTED_EDGE('',*,*,#2401,.T.);
#2401 = EDGE_CURVE('',#2394,#2402,#2404,.T.);
#2402 = VERTEX_POINT('',#2403);
#2403 = CARTESIAN_POINT('',(36.799999237061,6.337518215179,
    12.783948898315));
#2404 = LINE('',#2405,#2406);
#2405 = CARTESIAN_POINT('',(36.799999237061,7.177114963531,
    13.080597877502));
#2406 = VECTOR('',#2407,1.);
#2407 = DIRECTION('',(0.,-0.942877242208,-0.333140370003));
#2408 = ORIENTED_EDGE('',*,*,#2409,.T.);
#2409 = EDGE_CURVE('',#2402,#2410,#2412,.T.);
#2410 = VERTEX_POINT('',#2411);
#2411 = CARTESIAN_POINT('',(36.799999237061,5.560132026672,
    12.349675178528));
#2412 = LINE('',#2413,#2414);
#2413 = CARTESIAN_POINT('',(36.799999237061,6.337518215179,
    12.783948898315));
#2414 = VECTOR('',#2415,1.);
#2415 = DIRECTION('',(0.,-0.873014237583,-0.487694721089));
#2416 = ORIENTED_EDGE('',*,*,#2417,.T.);
#2417 = EDGE_CURVE('',#2410,#2418,#2420,.T.);
#2418 = VERTEX_POINT('',#2419);
#2419 = CARTESIAN_POINT('',(36.799999237061,4.867321014404,
    11.79026889801));
#2420 = LINE('',#2421,#2422);
#2421 = CARTESIAN_POINT('',(36.799999237061,5.560132026672,
    12.349675178528));
#2422 = VECTOR('',#2423,1.);
#2423 = DIRECTION('',(0.,-0.77803550374,-0.628220307632));
#2424 = ORIENTED_EDGE('',*,*,#2425,.T.);
#2425 = EDGE_CURVE('',#2418,#2426,#2428,.T.);
#2426 = VERTEX_POINT('',#2427);
#2427 = CARTESIAN_POINT('',(36.799999237061,4.27901506424,
    11.121824264526));
#2428 = LINE('',#2429,#2430);
#2429 = CARTESIAN_POINT('',(36.799999237061,4.867321014404,
    11.79026889801));
#2430 = VECTOR('',#2431,1.);
#2431 = DIRECTION('',(0.,-0.660675153728,-0.750671926507));
#2432 = ORIENTED_EDGE('',*,*,#2433,.T.);
#2433 = EDGE_CURVE('',#2426,#2434,#2436,.T.);
#2434 = VERTEX_POINT('',#2435);
#2435 = CARTESIAN_POINT('',(36.799999237061,3.81213927269,
    10.363569259644));
#2436 = LINE('',#2437,#2438);
#2437 = CARTESIAN_POINT('',(36.799999237061,4.27901506424,
    11.121824264526));
#2438 = VECTOR('',#2439,1.);
#2439 = DIRECTION('',(0.,-0.524307014225,-0.851529303568));
#2440 = ORIENTED_EDGE('',*,*,#2441,.T.);
#2441 = EDGE_CURVE('',#2434,#2442,#2444,.T.);
#2442 = VERTEX_POINT('',#2443);
#2443 = CARTESIAN_POINT('',(36.799999237061,3.48012471199,9.53731918335)
  );
#2444 = LINE('',#2445,#2446);
#2445 = CARTESIAN_POINT('',(36.799999237061,3.81213927269,
    10.363569259644));
#2446 = VECTOR('',#2447,1.);
#2447 = DIRECTION('',(0.,-0.372856451274,-0.927889037948));
#2448 = ORIENTED_EDGE('',*,*,#2449,.T.);
#2449 = EDGE_CURVE('',#2442,#2450,#2452,.T.);
#2450 = VERTEX_POINT('',#2451);
#2451 = CARTESIAN_POINT('',(36.799999237061,3.292522668839,
    8.666843414307));
#2452 = LINE('',#2453,#2454);
#2453 = CARTESIAN_POINT('',(36.799999237061,3.48012471199,9.53731918335)
  );
#2454 = VECTOR('',#2455,1.);
#2455 = DIRECTION('',(0.,-0.210679446248,-0.977555200962));
#2456 = ORIENTED_EDGE('',*,*,#2457,.T.);
#2457 = EDGE_CURVE('',#2450,#2458,#2460,.T.);
#2458 = VERTEX_POINT('',#2459);
#2459 = CARTESIAN_POINT('',(36.799999237061,3.254730463028,
    7.777184009552));
#2460 = LINE('',#2461,#2462);
#2461 = CARTESIAN_POINT('',(36.799999237061,3.292522668839,
    8.666843414307));
#2462 = VECTOR('',#2463,1.);
#2463 = DIRECTION('',(0.,-4.244113383781E-02,-0.999098969151));
#2464 = ORIENTED_EDGE('',*,*,#2465,.T.);
#2465 = EDGE_CURVE('',#2458,#2466,#2468,.T.);
#2466 = VERTEX_POINT('',#2467);
#2467 = CARTESIAN_POINT('',(36.799999237061,3.367835044861,
    6.893933773041));
#2468 = LINE('',#2469,#2470);
#2469 = CARTESIAN_POINT('',(36.799999237061,3.254730463028,
    7.777184009552));
#2470 = VECTOR('',#2471,1.);
#2471 = DIRECTION('',(0.,0.127017780333,-0.991900440306));
#2472 = ORIENTED_EDGE('',*,*,#2473,.T.);
#2473 = EDGE_CURVE('',#2466,#2474,#2476,.T.);
#2474 = VERTEX_POINT('',#2475);
#2475 = CARTESIAN_POINT('',(36.799999237061,3.628582715988,
    6.042503356934));
#2476 = LINE('',#2477,#2478);
#2477 = CARTESIAN_POINT('',(36.799999237061,3.367835044861,
    6.893933773041));
#2478 = VECTOR('',#2479,1.);
#2479 = DIRECTION('',(0.,0.29282280918,-0.956166723131));
#2480 = ORIENTED_EDGE('',*,*,#2481,.T.);
#2481 = EDGE_CURVE('',#2474,#2482,#2484,.T.);
#2482 = VERTEX_POINT('',#2483);
#2483 = CARTESIAN_POINT('',(36.799999237061,4.029471874237,
    5.247386455536));
#2484 = LINE('',#2485,#2486);
#2485 = CARTESIAN_POINT('',(36.799999237061,3.628582715988,
    6.042503356934));
#2486 = VECTOR('',#2487,1.);
#2487 = DIRECTION('',(0.,0.450203433033,-0.892926015348));
#2488 = ORIENTED_EDGE('',*,*,#2489,.T.);
#2489 = EDGE_CURVE('',#2482,#2490,#2492,.T.);
#2490 = VERTEX_POINT('',#2491);
#2491 = CARTESIAN_POINT('',(36.799999237061,4.558970451355,
    4.531457424164));
#2492 = LINE('',#2493,#2494);
#2493 = CARTESIAN_POINT('',(36.799999237061,4.029471874237,
    5.247386455536));
#2494 = VECTOR('',#2495,1.);
#2495 = DIRECTION('',(0.,0.594633341176,-0.803997008428));
#2496 = ORIENTED_EDGE('',*,*,#2497,.T.);
#2497 = EDGE_CURVE('',#2490,#2498,#2500,.T.);
#2498 = VERTEX_POINT('',#2499);
#2499 = CARTESIAN_POINT('',(36.799999237061,5.201845169067,
    3.915312290192));
#2500 = LINE('',#2501,#2502);
#2501 = CARTESIAN_POINT('',(36.799999237061,4.558970451355,
    4.531457424164));
#2502 = VECTOR('',#2503,1.);
#2503 = DIRECTION('',(0.,0.72195630441,-0.691938649393));
#2504 = ORIENTED_EDGE('',*,*,#2505,.T.);
#2505 = EDGE_CURVE('',#2498,#2506,#2508,.T.);
#2506 = VERTEX_POINT('',#2507);
#2507 = CARTESIAN_POINT('',(36.799999237061,5.939601421356,
    3.416675806046));
#2508 = LINE('',#2509,#2510);
#2509 = CARTESIAN_POINT('',(36.799999237061,5.201845169067,
    3.915312290192));
#2510 = VECTOR('',#2511,1.);
#2511 = DIRECTION('',(0.,0.828509498957,-0.559975008494));
#2512 = ORIENTED_EDGE('',*,*,#2513,.T.);
#2513 = EDGE_CURVE('',#2506,#2514,#2516,.T.);
#2514 = VERTEX_POINT('',#2515);
#2515 = CARTESIAN_POINT('',(36.799999237061,6.751016139984,
    3.049893379211));
#2516 = LINE('',#2517,#2518);
#2517 = CARTESIAN_POINT('',(36.799999237061,5.939601421356,
    3.416675806046));
#2518 = VECTOR('',#2519,1.);
#2519 = DIRECTION('',(0.,0.911228554381,-0.411901106676));
#2520 = ORIENTED_EDGE('',*,*,#2521,.T.);
#2521 = EDGE_CURVE('',#2514,#2522,#2524,.T.);
#2522 = VERTEX_POINT('',#2523);
#2523 = CARTESIAN_POINT('',(36.799999237061,7.612745761871,
    2.825516462326));
#2524 = LINE('',#2525,#2526);
#2525 = CARTESIAN_POINT('',(36.799999237061,6.751016139984,
    3.049893379211));
#2526 = VECTOR('',#2527,1.);
#2527 = DIRECTION('',(0.,0.967732953883,-0.251978034694));
#2528 = ORIENTED_EDGE('',*,*,#2529,.T.);
#2529 = EDGE_CURVE('',#2522,#2530,#2532,.T.);
#2530 = VERTEX_POINT('',#2531);
#2531 = CARTESIAN_POINT('',(36.799999237061,8.5,2.75));
#2532 = LINE('',#2533,#2534);
#2533 = CARTESIAN_POINT('',(36.799999237061,7.612745761871,
    2.825516462326));
#2534 = VECTOR('',#2535,1.);
#2535 = DIRECTION('',(0.,0.996397488781,-8.480592167359E-02));
#2536 = ORIENTED_EDGE('',*,*,#2537,.T.);
#2537 = EDGE_CURVE('',#2530,#2538,#2540,.T.);
#2538 = VERTEX_POINT('',#2539);
#2539 = CARTESIAN_POINT('',(36.799999237061,9.387254714966,
    2.825516462326));
#2540 = LINE('',#2541,#2542);
#2541 = CARTESIAN_POINT('',(36.799999237061,8.5,2.75));
#2542 = VECTOR('',#2543,1.);
#2543 = DIRECTION('',(0.,0.996397492632,8.480587642415E-02));
#2544 = ORIENTED_EDGE('',*,*,#2545,.T.);
#2545 = EDGE_CURVE('',#2538,#2546,#2548,.T.);
#2546 = VERTEX_POINT('',#2547);
#2547 = CARTESIAN_POINT('',(36.799999237061,10.248984336853,
    3.049893379211));
#2548 = LINE('',#2549,#2550);
#2549 = CARTESIAN_POINT('',(36.799999237061,9.387254714966,
    2.825516462326));
#2550 = VECTOR('',#2551,1.);
#2551 = DIRECTION('',(0.,0.967732953883,0.251978034694));
#2552 = ORIENTED_EDGE('',*,*,#2553,.T.);
#2553 = EDGE_CURVE('',#2546,#2554,#2556,.T.);
#2554 = VERTEX_POINT('',#2555);
#2555 = CARTESIAN_POINT('',(36.799999237061,11.060398101807,
    3.416675806046));
#2556 = LINE('',#2557,#2558);
#2557 = CARTESIAN_POINT('',(36.799999237061,10.248984336853,
    3.049893379211));
#2558 = VECTOR('',#2559,1.);
#2559 = DIRECTION('',(0.,0.911228372674,0.411901508657));
#2560 = ORIENTED_EDGE('',*,*,#2561,.T.);
#2561 = EDGE_CURVE('',#2554,#2562,#2564,.T.);
#2562 = VERTEX_POINT('',#2563);
#2563 = CARTESIAN_POINT('',(36.799999237061,11.798154830933,
    3.915312290192));
#2564 = LINE('',#2565,#2566);
#2565 = CARTESIAN_POINT('',(36.799999237061,11.060398101807,
    3.416675806046));
#2566 = VECTOR('',#2567,1.);
#2567 = DIRECTION('',(0.,0.828509666873,0.559974760054));
#2568 = ORIENTED_EDGE('',*,*,#2569,.T.);
#2569 = EDGE_CURVE('',#2562,#2570,#2572,.T.);
#2570 = VERTEX_POINT('',#2571);
#2571 = CARTESIAN_POINT('',(36.799999237061,12.441029548645,
    4.531457424164));
#2572 = LINE('',#2573,#2574);
#2573 = CARTESIAN_POINT('',(36.799999237061,11.798154830933,
    3.915312290192));
#2574 = VECTOR('',#2575,1.);
#2575 = DIRECTION('',(0.,0.72195630441,0.691938649393));
#2576 = ORIENTED_EDGE('',*,*,#2577,.T.);
#2577 = EDGE_CURVE('',#2570,#2578,#2580,.T.);
#2578 = VERTEX_POINT('',#2579);
#2579 = CARTESIAN_POINT('',(36.799999237061,12.970527648926,
    5.247386455536));
#2580 = LINE('',#2581,#2582);
#2581 = CARTESIAN_POINT('',(36.799999237061,12.441029548645,
    4.531457424164));
#2582 = VECTOR('',#2583,1.);
#2583 = DIRECTION('',(0.,0.594632995027,0.803997264439));
#2584 = ORIENTED_EDGE('',*,*,#2585,.T.);
#2585 = EDGE_CURVE('',#2578,#2586,#2588,.T.);
#2586 = VERTEX_POINT('',#2587);
#2587 = CARTESIAN_POINT('',(36.799999237061,13.371417045593,
    6.042503356934));
#2588 = LINE('',#2589,#2590);
#2589 = CARTESIAN_POINT('',(36.799999237061,12.970527648926,
    5.247386455536));
#2590 = VECTOR('',#2591,1.);
#2591 = DIRECTION('',(0.,0.450203646512,0.892925907714));
#2592 = ORIENTED_EDGE('',*,*,#2593,.T.);
#2593 = EDGE_CURVE('',#2586,#2594,#2596,.T.);
#2594 = VERTEX_POINT('',#2595);
#2595 = CARTESIAN_POINT('',(36.799999237061,13.632164955139,
    6.893933773041));
#2596 = LINE('',#2597,#2598);
#2597 = CARTESIAN_POINT('',(36.799999237061,13.371417045593,
    6.042503356934));
#2598 = VECTOR('',#2599,1.);
#2599 = DIRECTION('',(0.,0.292823053969,0.956166648166));
#2600 = ORIENTED_EDGE('',*,*,#2601,.T.);
#2601 = EDGE_CURVE('',#2594,#2602,#2604,.T.);
#2602 = VERTEX_POINT('',#2603);
#2603 = CARTESIAN_POINT('',(36.799999237061,13.745269775391,
    7.777184009552));
#2604 = LINE('',#2605,#2606);
#2605 = CARTESIAN_POINT('',(36.799999237061,13.632164955139,
    6.893933773041));
#2606 = VECTOR('',#2607,1.);
#2607 = DIRECTION('',(0.,0.127018043761,0.991900406573));
#2608 = ORIENTED_EDGE('',*,*,#2609,.T.);
#2609 = EDGE_CURVE('',#2602,#2610,#2612,.T.);
#2610 = VERTEX_POINT('',#2611);
#2611 = CARTESIAN_POINT('',(36.799999237061,13.75,8.));
#2612 = LINE('',#2613,#2614);
#2613 = CARTESIAN_POINT('',(36.799999237061,13.745269775391,
    7.777184009552));
#2614 = VECTOR('',#2615,1.);
#2615 = DIRECTION('',(0.,2.122450478082E-02,0.999774734826));
#2616 = ORIENTED_EDGE('',*,*,#2617,.T.);
#2617 = EDGE_CURVE('',#2610,#2618,#2620,.T.);
#2618 = VERTEX_POINT('',#2619);
#2619 = CARTESIAN_POINT('',(36.799999237061,13.70747756958,
    8.666843414307));
#2620 = LINE('',#2621,#2622);
#2621 = CARTESIAN_POINT('',(36.799999237061,13.75,8.));
#2622 = VECTOR('',#2623,1.);
#2623 = DIRECTION('',(0.,-6.363748966678E-02,0.997973080754));
#2624 = ORIENTED_EDGE('',*,*,#2625,.T.);
#2625 = EDGE_CURVE('',#2618,#2328,#2626,.T.);
#2626 = LINE('',#2627,#2628);
#2627 = CARTESIAN_POINT('',(36.799999237061,13.70747756958,
    8.666843414307));
#2628 = VECTOR('',#2629,1.);
#2629 = DIRECTION('',(0.,-0.210679446248,0.977555200962));
#2630 = PLANE('',#2631);
#2631 = AXIS2_PLACEMENT_3D('',#2632,#2633,#2634);
#2632 = CARTESIAN_POINT('',(36.799999237061,13.857546171351,
    7.999999998137));
#2633 = DIRECTION('',(-1.,-0.,-0.));
#2634 = DIRECTION('',(0.,0.,-1.));
#2635 = ADVANCED_FACE('',(#2636),#2654,.T.);
#2636 = FACE_BOUND('',#2637,.T.);
#2637 = EDGE_LOOP('',(#2638,#2639,#2647,#2653));
#2638 = ORIENTED_EDGE('',*,*,#2149,.F.);
#2639 = ORIENTED_EDGE('',*,*,#2640,.F.);
#2640 = EDGE_CURVE('',#2641,#2150,#2643,.T.);
#2641 = VERTEX_POINT('',#2642);
#2642 = CARTESIAN_POINT('',(36.700244903564,27.624267578125,16.));
#2643 = LINE('',#2644,#2645);
#2644 = CARTESIAN_POINT('',(36.700244903564,27.624267578125,16.));
#2645 = VECTOR('',#2646,1.);
#2646 = DIRECTION('',(7.062298524151E-02,-0.997503079672,0.));
#2647 = ORIENTED_EDGE('',*,*,#2648,.T.);
#2648 = EDGE_CURVE('',#2641,#206,#2649,.T.);
#2649 = LINE('',#2650,#2651);
#2650 = CARTESIAN_POINT('',(36.700244903564,27.624267578125,16.));
#2651 = VECTOR('',#2652,1.);
#2652 = DIRECTION('',(0.,0.,-1.));
#2653 = ORIENTED_EDGE('',*,*,#205,.F.);
#2654 = PLANE('',#2655);
#2655 = AXIS2_PLACEMENT_3D('',#2656,#2657,#2658);
#2656 = CARTESIAN_POINT('',(36.750122070312,26.919785499573,8.));
#2657 = DIRECTION('',(-0.997503079672,-7.062298524151E-02,-0.));
#2658 = DIRECTION('',(7.062298524151E-02,-0.997503079672,0.));
#2659 = ADVANCED_FACE('',(#2660),#2678,.T.);
#2660 = FACE_BOUND('',#2661,.T.);
#2661 = EDGE_LOOP('',(#2662,#2663,#2671,#2677));
#2662 = ORIENTED_EDGE('',*,*,#2648,.F.);
#2663 = ORIENTED_EDGE('',*,*,#2664,.F.);
#2664 = EDGE_CURVE('',#2665,#2641,#2667,.T.);
#2665 = VERTEX_POINT('',#2666);
#2666 = CARTESIAN_POINT('',(36.402961730957,29.005121231079,16.));
#2667 = LINE('',#2668,#2669);
#2668 = CARTESIAN_POINT('',(36.402961730957,29.005121231079,16.));
#2669 = VECTOR('',#2670,1.);
#2670 = DIRECTION('',(0.210467131435,-0.977600934219,0.));
#2671 = ORIENTED_EDGE('',*,*,#2672,.T.);
#2672 = EDGE_CURVE('',#2665,#214,#2673,.T.);
#2673 = LINE('',#2674,#2675);
#2674 = CARTESIAN_POINT('',(36.402961730957,29.005121231079,16.));
#2675 = VECTOR('',#2676,1.);
#2676 = DIRECTION('',(0.,0.,-1.));
#2677 = ORIENTED_EDGE('',*,*,#213,.F.);
#2678 = PLANE('',#2679);
#2679 = AXIS2_PLACEMENT_3D('',#2680,#2681,#2682);
#2680 = CARTESIAN_POINT('',(36.551603317261,28.314694404602,8.));
#2681 = DIRECTION('',(-0.977600934219,-0.210467131435,-0.));
#2682 = DIRECTION('',(0.210467131435,-0.977600934219,0.));
#2683 = ADVANCED_FACE('',(#2684),#2702,.T.);
#2684 = FACE_BOUND('',#2685,.T.);
#2685 = EDGE_LOOP('',(#2686,#2687,#2695,#2701));
#2686 = ORIENTED_EDGE('',*,*,#2672,.F.);
#2687 = ORIENTED_EDGE('',*,*,#2688,.F.);
#2688 = EDGE_CURVE('',#2689,#2665,#2691,.T.);
#2689 = VERTEX_POINT('',#2690);
#2690 = CARTESIAN_POINT('',(35.914093017578,30.330312728882,16.));
#2691 = LINE('',#2692,#2693);
#2692 = CARTESIAN_POINT('',(35.914093017578,30.330312728882,16.));
#2693 = VECTOR('',#2694,1.);
#2694 = DIRECTION('',(0.346104443679,-0.938195989155,0.));
#2695 = ORIENTED_EDGE('',*,*,#2696,.F.);
#2696 = EDGE_CURVE('',#222,#2689,#2697,.T.);
#2697 = LINE('',#2698,#2699);
#2698 = CARTESIAN_POINT('',(35.914093017578,30.330312728882,0.));
#2699 = VECTOR('',#2700,1.);
#2700 = DIRECTION('',(0.,0.,1.));
#2701 = ORIENTED_EDGE('',*,*,#221,.F.);
#2702 = PLANE('',#2703);
#2703 = AXIS2_PLACEMENT_3D('',#2704,#2705,#2706);
#2704 = CARTESIAN_POINT('',(36.158527374268,29.66771697998,8.));
#2705 = DIRECTION('',(-0.938195989155,-0.346104443679,-0.));
#2706 = DIRECTION('',(0.346104443679,-0.938195989155,0.));
#2707 = ADVANCED_FACE('',(#2708),#2726,.T.);
#2708 = FACE_BOUND('',#2709,.T.);
#2709 = EDGE_LOOP('',(#2710,#2711,#2719,#2725));
#2710 = ORIENTED_EDGE('',*,*,#2696,.T.);
#2711 = ORIENTED_EDGE('',*,*,#2712,.T.);
#2712 = EDGE_CURVE('',#2689,#2713,#2715,.T.);
#2713 = VERTEX_POINT('',#2714);
#2714 = CARTESIAN_POINT('',(34.702693939209,31.429790496826,16.));
#2715 = LINE('',#2716,#2717);
#2716 = CARTESIAN_POINT('',(35.914093017578,30.330312728882,16.));
#2717 = VECTOR('',#2718,1.);
#2718 = DIRECTION('',(-0.740485690296,0.67207212594,0.));
#2719 = ORIENTED_EDGE('',*,*,#2720,.T.);
#2720 = EDGE_CURVE('',#2713,#230,#2721,.T.);
#2721 = LINE('',#2722,#2723);
#2722 = CARTESIAN_POINT('',(34.702693939209,31.429790496826,16.));
#2723 = VECTOR('',#2724,1.);
#2724 = DIRECTION('',(0.,0.,-1.));
#2725 = ORIENTED_EDGE('',*,*,#229,.T.);
#2726 = PLANE('',#2727);
#2727 = AXIS2_PLACEMENT_3D('',#2728,#2729,#2730);
#2728 = CARTESIAN_POINT('',(35.308393478394,30.880051612854,8.));
#2729 = DIRECTION('',(-0.67207212594,-0.740485690296,-0.));
#2730 = DIRECTION('',(-0.740485690296,0.67207212594,0.));
#2731 = ADVANCED_FACE('',(#2732),#2750,.T.);
#2732 = FACE_BOUND('',#2733,.T.);
#2733 = EDGE_LOOP('',(#2734,#2735,#2743,#2749));
#2734 = ORIENTED_EDGE('',*,*,#2720,.F.);
#2735 = ORIENTED_EDGE('',*,*,#2736,.T.);
#2736 = EDGE_CURVE('',#2713,#2737,#2739,.T.);
#2737 = VERTEX_POINT('',#2738);
#2738 = CARTESIAN_POINT('',(33.328235626221,32.317039489746,16.));
#2739 = LINE('',#2740,#2741);
#2740 = CARTESIAN_POINT('',(34.702693939209,31.429790496826,16.));
#2741 = VECTOR('',#2742,1.);
#2742 = DIRECTION('',(-0.840156918687,0.54234338936,0.));
#2743 = ORIENTED_EDGE('',*,*,#2744,.T.);
#2744 = EDGE_CURVE('',#2737,#238,#2745,.T.);
#2745 = LINE('',#2746,#2747);
#2746 = CARTESIAN_POINT('',(33.328235626221,32.317039489746,16.));
#2747 = VECTOR('',#2748,1.);
#2748 = DIRECTION('',(0.,0.,-1.));
#2749 = ORIENTED_EDGE('',*,*,#237,.T.);
#2750 = PLANE('',#2751);
#2751 = AXIS2_PLACEMENT_3D('',#2752,#2753,#2754);
#2752 = CARTESIAN_POINT('',(34.015464782715,31.873414993286,8.));
#2753 = DIRECTION('',(-0.54234338936,-0.840156918687,-0.));
#2754 = DIRECTION('',(-0.840156918687,0.54234338936,0.));
#2755 = ADVANCED_FACE('',(#2756),#2767,.T.);
#2756 = FACE_BOUND('',#2757,.T.);
#2757 = EDGE_LOOP('',(#2758,#2759,#2765,#2766));
#2758 = ORIENTED_EDGE('',*,*,#2744,.F.);
#2759 = ORIENTED_EDGE('',*,*,#2760,.T.);
#2760 = EDGE_CURVE('',#2737,#844,#2761,.T.);
#2761 = LINE('',#2762,#2763);
#2762 = CARTESIAN_POINT('',(33.328235626221,32.317039489746,16.));
#2763 = VECTOR('',#2764,1.);
#2764 = DIRECTION('',(-0.917342464484,0.398098986252,0.));
#2765 = ORIENTED_EDGE('',*,*,#843,.T.);
#2766 = ORIENTED_EDGE('',*,*,#245,.T.);
#2767 = PLANE('',#2768);
#2768 = AXIS2_PLACEMENT_3D('',#2769,#2770,#2771);
#2769 = CARTESIAN_POINT('',(32.577870368958,32.64267539978,8.));
#2770 = DIRECTION('',(-0.398098986252,-0.917342464484,-0.));
#2771 = DIRECTION('',(-0.917342464484,0.398098986252,0.));
#2772 = ADVANCED_FACE('',(#2773),#2816,.T.);
#2773 = FACE_BOUND('',#2774,.T.);
#2774 = EDGE_LOOP('',(#2775,#2776,#2777,#2785,#2793,#2801,#2809,#2815));
#2775 = ORIENTED_EDGE('',*,*,#923,.T.);
#2776 = ORIENTED_EDGE('',*,*,#899,.T.);
#2777 = ORIENTED_EDGE('',*,*,#2778,.T.);
#2778 = EDGE_CURVE('',#892,#2779,#2781,.T.);
#2779 = VERTEX_POINT('',#2780);
#2780 = CARTESIAN_POINT('',(26.34991645813,33.5,13.));
#2781 = LINE('',#2782,#2783);
#2782 = CARTESIAN_POINT('',(26.34991645813,33.5,3.));
#2783 = VECTOR('',#2784,1.);
#2784 = DIRECTION('',(0.,0.,1.));
#2785 = ORIENTED_EDGE('',*,*,#2786,.T.);
#2786 = EDGE_CURVE('',#2779,#2787,#2789,.T.);
#2787 = VERTEX_POINT('',#2788);
#2788 = CARTESIAN_POINT('',(28.610202789307,33.5,13.));
#2789 = LINE('',#2790,#2791);
#2790 = CARTESIAN_POINT('',(26.34991645813,33.5,13.));
#2791 = VECTOR('',#2792,1.);
#2792 = DIRECTION('',(1.,0.,0.));
#2793 = ORIENTED_EDGE('',*,*,#2794,.T.);
#2794 = EDGE_CURVE('',#2787,#2795,#2797,.T.);
#2795 = VERTEX_POINT('',#2796);
#2796 = CARTESIAN_POINT('',(28.610202789307,33.5,16.));
#2797 = LINE('',#2798,#2799);
#2798 = CARTESIAN_POINT('',(28.610202789307,33.5,13.));
#2799 = VECTOR('',#2800,1.);
#2800 = DIRECTION('',(0.,0.,1.));
#2801 = ORIENTED_EDGE('',*,*,#2802,.T.);
#2802 = EDGE_CURVE('',#2795,#2803,#2805,.T.);
#2803 = VERTEX_POINT('',#2804);
#2804 = CARTESIAN_POINT('',(16.34496307373,33.5,16.));
#2805 = LINE('',#2806,#2807);
#2806 = CARTESIAN_POINT('',(28.610202789307,33.5,16.));
#2807 = VECTOR('',#2808,1.);
#2808 = DIRECTION('',(-1.,0.,0.));
#2809 = ORIENTED_EDGE('',*,*,#2810,.T.);
#2810 = EDGE_CURVE('',#2803,#261,#2811,.T.);
#2811 = LINE('',#2812,#2813);
#2812 = CARTESIAN_POINT('',(16.34496307373,33.5,16.));
#2813 = VECTOR('',#2814,1.);
#2814 = DIRECTION('',(0.,0.,-1.));
#2815 = ORIENTED_EDGE('',*,*,#260,.T.);
#2816 = PLANE('',#2817);
#2817 = AXIS2_PLACEMENT_3D('',#2818,#2819,#2820);
#2818 = CARTESIAN_POINT('',(22.47776632012,33.5,8.));
#2819 = DIRECTION('',(-0.,-1.,-0.));
#2820 = DIRECTION('',(0.,0.,-1.));
#2821 = ADVANCED_FACE('',(#2822),#2840,.T.);
#2822 = FACE_BOUND('',#2823,.T.);
#2823 = EDGE_LOOP('',(#2824,#2825,#2833,#2839));
#2824 = ORIENTED_EDGE('',*,*,#2810,.F.);
#2825 = ORIENTED_EDGE('',*,*,#2826,.F.);
#2826 = EDGE_CURVE('',#2827,#2803,#2829,.T.);
#2827 = VERTEX_POINT('',#2828);
#2828 = CARTESIAN_POINT('',(14.810153961182,33.381519317627,16.));
#2829 = LINE('',#2830,#2831);
#2830 = CARTESIAN_POINT('',(14.810153961182,33.381519317627,16.));
#2831 = VECTOR('',#2832,1.);
#2832 = DIRECTION('',(0.997033662154,7.696672353264E-02,0.));
#2833 = ORIENTED_EDGE('',*,*,#2834,.T.);
#2834 = EDGE_CURVE('',#2827,#269,#2835,.T.);
#2835 = LINE('',#2836,#2837);
#2836 = CARTESIAN_POINT('',(14.810153961182,33.381519317627,16.));
#2837 = VECTOR('',#2838,1.);
#2838 = DIRECTION('',(0.,0.,-1.));
#2839 = ORIENTED_EDGE('',*,*,#268,.F.);
#2840 = PLANE('',#2841);
#2841 = AXIS2_PLACEMENT_3D('',#2842,#2843,#2844);
#2842 = CARTESIAN_POINT('',(15.577558517456,33.440759658813,8.));
#2843 = DIRECTION('',(7.696672353264E-02,-0.997033662154,0.));
#2844 = DIRECTION('',(-0.997033662154,-7.696672353264E-02,0.));
#2845 = ADVANCED_FACE('',(#2846),#2864,.T.);
#2846 = FACE_BOUND('',#2847,.T.);
#2847 = EDGE_LOOP('',(#2848,#2849,#2857,#2863));
#2848 = ORIENTED_EDGE('',*,*,#2834,.F.);
#2849 = ORIENTED_EDGE('',*,*,#2850,.F.);
#2850 = EDGE_CURVE('',#2851,#2827,#2853,.T.);
#2851 = VERTEX_POINT('',#2852);
#2852 = CARTESIAN_POINT('',(14.300000190735,33.261458536669,16.));
#2853 = LINE('',#2854,#2855);
#2854 = CARTESIAN_POINT('',(13.311716079712,33.028873443604,16.));
#2855 = VECTOR('',#2856,1.);
#2856 = DIRECTION('',(0.973406702499,0.229083808964,0.));
#2857 = ORIENTED_EDGE('',*,*,#2858,.F.);
#2858 = EDGE_CURVE('',#277,#2851,#2859,.T.);
#2859 = LINE('',#2860,#2861);
#2860 = CARTESIAN_POINT('',(14.300000190735,33.261458536669,
    9.333333313465));
#2861 = VECTOR('',#2862,1.);
#2862 = DIRECTION('',(0.,0.,1.));
#2863 = ORIENTED_EDGE('',*,*,#276,.F.);
#2864 = PLANE('',#2865);
#2865 = AXIS2_PLACEMENT_3D('',#2866,#2867,#2868);
#2866 = CARTESIAN_POINT('',(14.060935020447,33.205196380615,8.));
#2867 = DIRECTION('',(0.229083808964,-0.973406702499,0.));
#2868 = DIRECTION('',(-0.973406702499,-0.229083808964,0.));
#2869 = ADVANCED_FACE('',(#2870),#2887,.T.);
#2870 = FACE_BOUND('',#2871,.T.);
#2871 = EDGE_LOOP('',(#2872,#2880,#2881,#2882));
#2872 = ORIENTED_EDGE('',*,*,#2873,.F.);
#2873 = EDGE_CURVE('',#285,#2874,#2876,.T.);
#2874 = VERTEX_POINT('',#2875);
#2875 = CARTESIAN_POINT('',(11.800000190735,33.261458536669,16.));
#2876 = LINE('',#2877,#2878);
#2877 = CARTESIAN_POINT('',(11.800000190735,33.261458536669,
    9.333333313465));
#2878 = VECTOR('',#2879,1.);
#2879 = DIRECTION('',(0.,0.,1.));
#2880 = ORIENTED_EDGE('',*,*,#284,.T.);
#2881 = ORIENTED_EDGE('',*,*,#2858,.T.);
#2882 = ORIENTED_EDGE('',*,*,#2883,.F.);
#2883 = EDGE_CURVE('',#2874,#2851,#2884,.T.);
#2884 = B_SPLINE_CURVE_WITH_KNOTS('',1,(#2885,#2886),.UNSPECIFIED.,.F.,
  .F.,(2,2),(0.,1.),.PIECEWISE_BEZIER_KNOTS.);
#2885 = CARTESIAN_POINT('',(11.800000190735,33.261458536669,16.));
#2886 = CARTESIAN_POINT('',(14.300000190735,33.261458536669,16.));
#2887 = PLANE('',#2888);
#2888 = AXIS2_PLACEMENT_3D('',#2889,#2890,#2891);
#2889 = CARTESIAN_POINT('',(14.300000190735,33.261458536669,
    9.333333313465));
#2890 = DIRECTION('',(0.,-1.,0.));
#2891 = DIRECTION('',(-0.,-0.,-1.));
#2892 = ADVANCED_FACE('',(#2893),#2911,.T.);
#2893 = FACE_BOUND('',#2894,.T.);
#2894 = EDGE_LOOP('',(#2895,#2896,#2904,#2910));
#2895 = ORIENTED_EDGE('',*,*,#2873,.T.);
#2896 = ORIENTED_EDGE('',*,*,#2897,.F.);
#2897 = EDGE_CURVE('',#2898,#2874,#2900,.T.);
#2898 = VERTEX_POINT('',#2899);
#2899 = CARTESIAN_POINT('',(10.811716079712,33.028873443604,16.));
#2900 = LINE('',#2901,#2902);
#2901 = CARTESIAN_POINT('',(10.811716079712,33.028873443604,16.));
#2902 = VECTOR('',#2903,1.);
#2903 = DIRECTION('',(0.973406702499,0.229083808964,0.));
#2904 = ORIENTED_EDGE('',*,*,#2905,.T.);
#2905 = EDGE_CURVE('',#2898,#292,#2906,.T.);
#2906 = LINE('',#2907,#2908);
#2907 = CARTESIAN_POINT('',(10.811716079712,33.028873443604,16.));
#2908 = VECTOR('',#2909,1.);
#2909 = DIRECTION('',(0.,0.,-1.));
#2910 = ORIENTED_EDGE('',*,*,#291,.F.);
#2911 = PLANE('',#2912);
#2912 = AXIS2_PLACEMENT_3D('',#2913,#2914,#2915);
#2913 = CARTESIAN_POINT('',(11.560935020447,33.205196380615,8.));
#2914 = DIRECTION('',(0.229083808964,-0.973406702499,0.));
#2915 = DIRECTION('',(-0.973406702499,-0.229083808964,0.));
#2916 = ADVANCED_FACE('',(#2917),#2935,.T.);
#2917 = FACE_BOUND('',#2918,.T.);
#2918 = EDGE_LOOP('',(#2919,#2920,#2928,#2934));
#2919 = ORIENTED_EDGE('',*,*,#2905,.F.);
#2920 = ORIENTED_EDGE('',*,*,#2921,.F.);
#2921 = EDGE_CURVE('',#2922,#2898,#2924,.T.);
#2922 = VERTEX_POINT('',#2923);
#2923 = CARTESIAN_POINT('',(9.38515663147,32.450428009033,16.));
#2924 = LINE('',#2925,#2926);
#2925 = CARTESIAN_POINT('',(9.38515663147,32.450428009033,16.));
#2926 = VECTOR('',#2927,1.);
#2927 = DIRECTION('',(0.926714267682,0.37576677085,0.));
#2928 = ORIENTED_EDGE('',*,*,#2929,.T.);
#2929 = EDGE_CURVE('',#2922,#300,#2930,.T.);
#2930 = LINE('',#2931,#2932);
#2931 = CARTESIAN_POINT('',(9.38515663147,32.450428009033,16.));
#2932 = VECTOR('',#2933,1.);
#2933 = DIRECTION('',(0.,0.,-1.));
#2934 = ORIENTED_EDGE('',*,*,#299,.F.);
#2935 = PLANE('',#2936);
#2936 = AXIS2_PLACEMENT_3D('',#2937,#2938,#2939);
#2937 = CARTESIAN_POINT('',(10.098436355591,32.739650726318,8.));
#2938 = DIRECTION('',(0.37576677085,-0.926714267682,0.));
#2939 = DIRECTION('',(-0.926714267682,-0.37576677085,0.));
#2940 = ADVANCED_FACE('',(#2941),#2959,.T.);
#2941 = FACE_BOUND('',#2942,.T.);
#2942 = EDGE_LOOP('',(#2943,#2944,#2952,#2958));
#2943 = ORIENTED_EDGE('',*,*,#2929,.F.);
#2944 = ORIENTED_EDGE('',*,*,#2945,.F.);
#2945 = EDGE_CURVE('',#2946,#2922,#2948,.T.);
#2946 = VERTEX_POINT('',#2947);
#2947 = CARTESIAN_POINT('',(8.0642786026,31.659881591797,16.));
#2948 = LINE('',#2949,#2950);
#2949 = CARTESIAN_POINT('',(8.0642786026,31.659881591797,16.));
#2950 = VECTOR('',#2951,1.);
#2951 = DIRECTION('',(0.858059974957,0.51354949068,0.));
#2952 = ORIENTED_EDGE('',*,*,#2953,.F.);
#2953 = EDGE_CURVE('',#308,#2946,#2954,.T.);
#2954 = LINE('',#2955,#2956);
#2955 = CARTESIAN_POINT('',(8.0642786026,31.659881591797,0.));
#2956 = VECTOR('',#2957,1.);
#2957 = DIRECTION('',(0.,0.,1.));
#2958 = ORIENTED_EDGE('',*,*,#307,.F.);
#2959 = PLANE('',#2960);
#2960 = AXIS2_PLACEMENT_3D('',#2961,#2962,#2963);
#2961 = CARTESIAN_POINT('',(8.724717617035,32.055154800415,8.));
#2962 = DIRECTION('',(0.51354949068,-0.858059974957,0.));
#2963 = DIRECTION('',(-0.858059974957,-0.51354949068,0.));
#2964 = ADVANCED_FACE('',(#2965),#2983,.T.);
#2965 = FACE_BOUND('',#2966,.T.);
#2966 = EDGE_LOOP('',(#2967,#2968,#2976,#2982));
#2967 = ORIENTED_EDGE('',*,*,#2953,.T.);
#2968 = ORIENTED_EDGE('',*,*,#2969,.F.);
#2969 = EDGE_CURVE('',#2970,#2946,#2972,.T.);
#2970 = VERTEX_POINT('',#2971);
#2971 = CARTESIAN_POINT('',(6.886798858643,30.640758514404,16.));
#2972 = LINE('',#2973,#2974);
#2973 = CARTESIAN_POINT('',(6.886798858643,30.640758514404,16.));
#2974 = VECTOR('',#2975,1.);
#2975 = DIRECTION('',(0.756120947527,0.654431900743,0.));
#2976 = ORIENTED_EDGE('',*,*,#2977,.T.);
#2977 = EDGE_CURVE('',#2970,#316,#2978,.T.);
#2978 = LINE('',#2979,#2980);
#2979 = CARTESIAN_POINT('',(6.886798858643,30.640758514404,16.));
#2980 = VECTOR('',#2981,1.);
#2981 = DIRECTION('',(0.,0.,-1.));
#2982 = ORIENTED_EDGE('',*,*,#315,.F.);
#2983 = PLANE('',#2984);
#2984 = AXIS2_PLACEMENT_3D('',#2985,#2986,#2987);
#2985 = CARTESIAN_POINT('',(7.475538730621,31.150320053101,8.));
#2986 = DIRECTION('',(0.654431900743,-0.756120947527,0.));
#2987 = DIRECTION('',(-0.756120947527,-0.654431900743,0.));
#2988 = ADVANCED_FACE('',(#2989),#3007,.T.);
#2989 = FACE_BOUND('',#2990,.T.);
#2990 = EDGE_LOOP('',(#2991,#2992,#3000,#3006));
#2991 = ORIENTED_EDGE('',*,*,#2977,.F.);
#2992 = ORIENTED_EDGE('',*,*,#2993,.F.);
#2993 = EDGE_CURVE('',#2994,#2970,#2996,.T.);
#2994 = VERTEX_POINT('',#2995);
#2995 = CARTESIAN_POINT('',(5.881820678711,29.451179504395,16.));
#2996 = LINE('',#2997,#2998);
#2997 = CARTESIAN_POINT('',(5.881820678711,29.451179504395,16.));
#2998 = VECTOR('',#2999,1.);
#2999 = DIRECTION('',(0.645347533473,0.76388910258,0.));
#3000 = ORIENTED_EDGE('',*,*,#3001,.T.);
#3001 = EDGE_CURVE('',#2994,#324,#3002,.T.);
#3002 = LINE('',#3003,#3004);
#3003 = CARTESIAN_POINT('',(5.881820678711,29.451179504395,16.));
#3004 = VECTOR('',#3005,1.);
#3005 = DIRECTION('',(0.,0.,-1.));
#3006 = ORIENTED_EDGE('',*,*,#323,.F.);
#3007 = PLANE('',#3008);
#3008 = AXIS2_PLACEMENT_3D('',#3009,#3010,#3011);
#3009 = CARTESIAN_POINT('',(6.384309768677,30.045969009399,8.));
#3010 = DIRECTION('',(0.76388910258,-0.645347533473,0.));
#3011 = DIRECTION('',(0.645347533473,0.76388910258,0.));
#3012 = ADVANCED_FACE('',(#3013),#3031,.T.);
#3013 = FACE_BOUND('',#3014,.T.);
#3014 = EDGE_LOOP('',(#3015,#3016,#3024,#3030));
#3015 = ORIENTED_EDGE('',*,*,#3001,.F.);
#3016 = ORIENTED_EDGE('',*,*,#3017,.F.);
#3017 = EDGE_CURVE('',#3018,#2994,#3020,.T.);
#3018 = VERTEX_POINT('',#3019);
#3019 = CARTESIAN_POINT('',(5.073712825775,28.120000839233,16.));
#3020 = LINE('',#3021,#3022);
#3021 = CARTESIAN_POINT('',(5.073712825775,28.120000839233,16.));
#3022 = VECTOR('',#3023,1.);
#3023 = DIRECTION('',(0.518927570397,0.854818212652,0.));
#3024 = ORIENTED_EDGE('',*,*,#3025,.T.);
#3025 = EDGE_CURVE('',#3018,#332,#3026,.T.);
#3026 = LINE('',#3027,#3028);
#3027 = CARTESIAN_POINT('',(5.073712825775,28.120000839233,16.));
#3028 = VECTOR('',#3029,1.);
#3029 = DIRECTION('',(0.,0.,-1.));
#3030 = ORIENTED_EDGE('',*,*,#331,.F.);
#3031 = PLANE('',#3032);
#3032 = AXIS2_PLACEMENT_3D('',#3033,#3034,#3035);
#3033 = CARTESIAN_POINT('',(5.477766752243,28.785590171814,8.));
#3034 = DIRECTION('',(0.854818212652,-0.518927570397,0.));
#3035 = DIRECTION('',(0.518927570397,0.854818212652,0.));
#3036 = ADVANCED_FACE('',(#3037),#3055,.T.);
#3037 = FACE_BOUND('',#3038,.T.);
#3038 = EDGE_LOOP('',(#3039,#3040,#3048,#3054));
#3039 = ORIENTED_EDGE('',*,*,#3025,.F.);
#3040 = ORIENTED_EDGE('',*,*,#3041,.F.);
#3041 = EDGE_CURVE('',#3042,#3018,#3044,.T.);
#3042 = VERTEX_POINT('',#3043);
#3043 = CARTESIAN_POINT('',(4.482075214386,26.679500579834,16.));
#3044 = LINE('',#3045,#3046);
#3045 = CARTESIAN_POINT('',(4.482075214386,26.679500579834,16.));
#3046 = VECTOR('',#3047,1.);
#3047 = DIRECTION('',(0.379920819013,0.925019011308,0.));
#3048 = ORIENTED_EDGE('',*,*,#3049,.T.);
#3049 = EDGE_CURVE('',#3042,#340,#3050,.T.);
#3050 = LINE('',#3051,#3052);
#3051 = CARTESIAN_POINT('',(4.482075214386,26.679500579834,16.));
#3052 = VECTOR('',#3053,1.);
#3053 = DIRECTION('',(0.,0.,-1.));
#3054 = ORIENTED_EDGE('',*,*,#339,.F.);
#3055 = PLANE('',#3056);
#3056 = AXIS2_PLACEMENT_3D('',#3057,#3058,#3059);
#3057 = CARTESIAN_POINT('',(4.777894020081,27.399750709534,8.));
#3058 = DIRECTION('',(0.925019011308,-0.379920819013,0.));
#3059 = DIRECTION('',(0.379920819013,0.925019011308,0.));
#3060 = ADVANCED_FACE('',(#3061),#3079,.T.);
#3061 = FACE_BOUND('',#3062,.T.);
#3062 = EDGE_LOOP('',(#3063,#3064,#3072,#3078));
#3063 = ORIENTED_EDGE('',*,*,#3049,.F.);
#3064 = ORIENTED_EDGE('',*,*,#3065,.F.);
#3065 = EDGE_CURVE('',#3066,#3042,#3068,.T.);
#3066 = VERTEX_POINT('',#3067);
#3067 = CARTESIAN_POINT('',(4.121253490448,25.164613723755,16.));
#3068 = LINE('',#3069,#3070);
#3069 = CARTESIAN_POINT('',(4.121253490448,25.164613723755,16.));
#3070 = VECTOR('',#3071,1.);
#3071 = DIRECTION('',(0.231702187714,0.972786768109,0.));
#3072 = ORIENTED_EDGE('',*,*,#3073,.T.);
#3073 = EDGE_CURVE('',#3066,#348,#3074,.T.);
#3074 = LINE('',#3075,#3076);
#3075 = CARTESIAN_POINT('',(4.121253490448,25.164613723755,16.));
#3076 = VECTOR('',#3077,1.);
#3077 = DIRECTION('',(0.,0.,-1.));
#3078 = ORIENTED_EDGE('',*,*,#347,.F.);
#3079 = PLANE('',#3080);
#3080 = AXIS2_PLACEMENT_3D('',#3081,#3082,#3083);
#3081 = CARTESIAN_POINT('',(4.301664352417,25.922057151794,8.));
#3082 = DIRECTION('',(0.972786768109,-0.231702187714,0.));
#3083 = DIRECTION('',(0.231702187714,0.972786768109,0.));
#3084 = ADVANCED_FACE('',(#3085),#3103,.T.);
#3085 = FACE_BOUND('',#3086,.T.);
#3086 = EDGE_LOOP('',(#3087,#3088,#3096,#3102));
#3087 = ORIENTED_EDGE('',*,*,#3073,.F.);
#3088 = ORIENTED_EDGE('',*,*,#3089,.F.);
#3089 = EDGE_CURVE('',#3090,#3066,#3092,.T.);
#3090 = VERTEX_POINT('',#3091);
#3091 = CARTESIAN_POINT('',(4.,23.612073898315,16.));
#3092 = LINE('',#3093,#3094);
#3093 = CARTESIAN_POINT('',(4.,23.612073898315,16.));
#3094 = VECTOR('',#3095,1.);
#3095 = DIRECTION('',(7.786297739399E-02,0.99696406994,0.));
#3096 = ORIENTED_EDGE('',*,*,#3097,.F.);
#3097 = EDGE_CURVE('',#356,#3090,#3098,.T.);
#3098 = LINE('',#3099,#3100);
#3099 = CARTESIAN_POINT('',(4.,23.612073898315,0.));
#3100 = VECTOR('',#3101,1.);
#3101 = DIRECTION('',(0.,0.,1.));
#3102 = ORIENTED_EDGE('',*,*,#355,.F.);
#3103 = PLANE('',#3104);
#3104 = AXIS2_PLACEMENT_3D('',#3105,#3106,#3107);
#3105 = CARTESIAN_POINT('',(4.060626745224,24.388343811035,8.));
#3106 = DIRECTION('',(0.99696406994,-7.786297739399E-02,0.));
#3107 = DIRECTION('',(7.786297739399E-02,0.99696406994,0.));
#3108 = ADVANCED_FACE('',(#3109,#3287),#3298,.T.);
#3109 = FACE_BOUND('',#3110,.T.);
#3110 = EDGE_LOOP('',(#3111,#3112,#3120,#3128,#3136,#3144,#3152,#3160,
    #3168,#3176,#3184,#3192,#3200,#3208,#3216,#3224,#3232,#3240,#3248,
    #3256,#3264,#3272,#3280,#3286));
#3111 = ORIENTED_EDGE('',*,*,#3097,.T.);
#3112 = ORIENTED_EDGE('',*,*,#3113,.T.);
#3113 = EDGE_CURVE('',#3090,#3114,#3116,.T.);
#3114 = VERTEX_POINT('',#3115);
#3115 = CARTESIAN_POINT('',(4.,5.,16.));
#3116 = LINE('',#3117,#3118);
#3117 = CARTESIAN_POINT('',(4.,23.612073898315,16.));
#3118 = VECTOR('',#3119,1.);
#3119 = DIRECTION('',(0.,-1.,0.));
#3120 = ORIENTED_EDGE('',*,*,#3121,.T.);
#3121 = EDGE_CURVE('',#3114,#3122,#3124,.T.);
#3122 = VERTEX_POINT('',#3123);
#3123 = CARTESIAN_POINT('',(4.,4.217827796936,15.938442230225));
#3124 = LINE('',#3125,#3126);
#3125 = CARTESIAN_POINT('',(4.,5.,16.));
#3126 = VECTOR('',#3127,1.);
#3127 = DIRECTION('',(0.,-0.996917385337,-7.845844003567E-02));
#3128 = ORIENTED_EDGE('',*,*,#3129,.T.);
#3129 = EDGE_CURVE('',#3122,#3130,#3132,.T.);
#3130 = VERTEX_POINT('',#3131);
#3131 = CARTESIAN_POINT('',(4.,3.454915046692,15.755282402039));
#3132 = LINE('',#3133,#3134);
#3133 = CARTESIAN_POINT('',(4.,4.217827796936,15.938442230225));
#3134 = VECTOR('',#3135,1.);
#3135 = DIRECTION('',(0.,-0.972369723135,-0.233446185512));
#3136 = ORIENTED_EDGE('',*,*,#3137,.T.);
#3137 = EDGE_CURVE('',#3130,#3138,#3140,.T.);
#3138 = VERTEX_POINT('',#3139);
#3139 = CARTESIAN_POINT('',(4.,2.730047464371,15.455032348633));
#3140 = LINE('',#3141,#3142);
#3141 = CARTESIAN_POINT('',(4.,3.454915046692,15.755282402039));
#3142 = VECTOR('',#3143,1.);
#3143 = DIRECTION('',(0.,-0.92387950102,-0.382683508391));
#3144 = ORIENTED_EDGE('',*,*,#3145,.T.);
#3145 = EDGE_CURVE('',#3138,#3146,#3148,.T.);
#3146 = VERTEX_POINT('',#3147);
#3147 = CARTESIAN_POINT('',(4.,2.06107378006,15.045084953308));
#3148 = LINE('',#3149,#3150);
#3149 = CARTESIAN_POINT('',(4.,2.730047464371,15.455032348633));
#3150 = VECTOR('',#3151,1.);
#3151 = DIRECTION('',(0.,-0.852640281134,-0.522498374148));
#3152 = ORIENTED_EDGE('',*,*,#3153,.T.);
#3153 = EDGE_CURVE('',#3146,#3154,#3156,.T.);
#3154 = VERTEX_POINT('',#3155);
#3155 = CARTESIAN_POINT('',(4.,1.464466094971,14.535533905029));
#3156 = LINE('',#3157,#3158);
#3157 = CARTESIAN_POINT('',(4.,2.06107378006,15.045084953308));
#3158 = VECTOR('',#3159,1.);
#3159 = DIRECTION('',(0.,-0.760405998554,-0.649448009746));
#3160 = ORIENTED_EDGE('',*,*,#3161,.T.);
#3161 = EDGE_CURVE('',#3154,#3162,#3164,.T.);
#3162 = VERTEX_POINT('',#3163);
#3163 = CARTESIAN_POINT('',(4.,0.954914987087,13.938925743103));
#3164 = LINE('',#3165,#3166);
#3165 = CARTESIAN_POINT('',(4.,1.464466094971,14.535533905029));
#3166 = VECTOR('',#3167,1.);
#3167 = DIRECTION('',(0.,-0.649447753538,-0.760406217376));
#3168 = ORIENTED_EDGE('',*,*,#3169,.T.);
#3169 = EDGE_CURVE('',#3162,#3170,#3172,.T.);
#3170 = VERTEX_POINT('',#3171);
#3171 = CARTESIAN_POINT('',(4.,0.544967353344,13.269952774048));
#3172 = LINE('',#3173,#3174);
#3173 = CARTESIAN_POINT('',(4.,0.954914987087,13.938925743103));
#3174 = VECTOR('',#3175,1.);
#3175 = DIRECTION('',(0.,-0.522499001198,-0.852639896877));
#3176 = ORIENTED_EDGE('',*,*,#3177,.T.);
#3177 = EDGE_CURVE('',#3170,#3178,#3180,.T.);
#3178 = VERTEX_POINT('',#3179);
#3179 = CARTESIAN_POINT('',(4.,0.244717404246,12.545084953308));
#3180 = LINE('',#3181,#3182);
#3181 = CARTESIAN_POINT('',(4.,0.544967353344,13.269952774048));
#3182 = VECTOR('',#3183,1.);
#3183 = DIRECTION('',(0.,-0.382683287478,-0.923879592525));
#3184 = ORIENTED_EDGE('',*,*,#3185,.T.);
#3185 = EDGE_CURVE('',#3178,#3186,#3188,.T.);
#3186 = VERTEX_POINT('',#3187);
#3187 = CARTESIAN_POINT('',(4.,6.155829876661E-02,11.782172203064));
#3188 = LINE('',#3189,#3190);
#3189 = CARTESIAN_POINT('',(4.,0.244717404246,12.545084953308));
#3190 = VECTOR('',#3191,1.);
#3191 = DIRECTION('',(0.,-0.233445314585,-0.972369932226));
#3192 = ORIENTED_EDGE('',*,*,#3193,.T.);
#3193 = EDGE_CURVE('',#3186,#3194,#3196,.T.);
#3194 = VERTEX_POINT('',#3195);
#3195 = CARTESIAN_POINT('',(4.,0.,11.));
#3196 = LINE('',#3197,#3198);
#3197 = CARTESIAN_POINT('',(4.,6.155829876661E-02,11.782172203064));
#3198 = VECTOR('',#3199,1.);
#3199 = DIRECTION('',(0.,-7.845911011089E-02,-0.996917332601));
#3200 = ORIENTED_EDGE('',*,*,#3201,.F.);
#3201 = EDGE_CURVE('',#3202,#3194,#3204,.T.);
#3202 = VERTEX_POINT('',#3203);
#3203 = CARTESIAN_POINT('',(4.,0.,5.));
#3204 = LINE('',#3205,#3206);
#3205 = CARTESIAN_POINT('',(4.,3.1E-16,5.));
#3206 = VECTOR('',#3207,1.);
#3207 = DIRECTION('',(0.,0.,1.));
#3208 = ORIENTED_EDGE('',*,*,#3209,.T.);
#3209 = EDGE_CURVE('',#3202,#3210,#3212,.T.);
#3210 = VERTEX_POINT('',#3211);
#3211 = CARTESIAN_POINT('',(4.,6.155829876661E-02,4.217827796936));
#3212 = LINE('',#3213,#3214);
#3213 = CARTESIAN_POINT('',(4.,3.1E-16,5.));
#3214 = VECTOR('',#3215,1.);
#3215 = DIRECTION('',(0.,7.845911011089E-02,-0.996917332601));
#3216 = ORIENTED_EDGE('',*,*,#3217,.T.);
#3217 = EDGE_CURVE('',#3210,#3218,#3220,.T.);
#3218 = VERTEX_POINT('',#3219);
#3219 = CARTESIAN_POINT('',(4.,0.244717404246,3.454915046692));
#3220 = LINE('',#3221,#3222);
#3221 = CARTESIAN_POINT('',(4.,6.155829876661E-02,4.217827796936));
#3222 = VECTOR('',#3223,1.);
#3223 = DIRECTION('',(0.,0.233445314585,-0.972369932226));
#3224 = ORIENTED_EDGE('',*,*,#3225,.T.);
#3225 = EDGE_CURVE('',#3218,#3226,#3228,.T.);
#3226 = VERTEX_POINT('',#3227);
#3227 = CARTESIAN_POINT('',(4.,0.544967353344,2.730047464371));
#3228 = LINE('',#3229,#3230);
#3229 = CARTESIAN_POINT('',(4.,0.244717404246,3.454915046692));
#3230 = VECTOR('',#3231,1.);
#3231 = DIRECTION('',(0.,0.382683394915,-0.923879548024));
#3232 = ORIENTED_EDGE('',*,*,#3233,.T.);
#3233 = EDGE_CURVE('',#3226,#3234,#3236,.T.);
#3234 = VERTEX_POINT('',#3235);
#3235 = CARTESIAN_POINT('',(4.,0.954914987087,2.06107378006));
#3236 = LINE('',#3237,#3238);
#3237 = CARTESIAN_POINT('',(4.,0.544967353344,2.730047464371));
#3238 = VECTOR('',#3239,1.);
#3239 = DIRECTION('',(0.,0.522498595064,-0.852640145757));
#3240 = ORIENTED_EDGE('',*,*,#3241,.T.);
#3241 = EDGE_CURVE('',#3234,#3242,#3244,.T.);
#3242 = VERTEX_POINT('',#3243);
#3243 = CARTESIAN_POINT('',(4.,1.464466094971,1.464466094971));
#3244 = LINE('',#3245,#3246);
#3245 = CARTESIAN_POINT('',(4.,0.954914987087,2.06107378006));
#3246 = VECTOR('',#3247,1.);
#3247 = DIRECTION('',(0.,0.649448053673,-0.760405961037));
#3248 = ORIENTED_EDGE('',*,*,#3249,.T.);
#3249 = EDGE_CURVE('',#3242,#3250,#3252,.T.);
#3250 = VERTEX_POINT('',#3251);
#3251 = CARTESIAN_POINT('',(4.,2.06107378006,0.954914987087));
#3252 = LINE('',#3253,#3254);
#3253 = CARTESIAN_POINT('',(4.,1.464466094971,1.464466094971));
#3254 = VECTOR('',#3255,1.);
#3255 = DIRECTION('',(0.,0.760405961037,-0.649448053673));
#3256 = ORIENTED_EDGE('',*,*,#3257,.T.);
#3257 = EDGE_CURVE('',#3250,#3258,#3260,.T.);
#3258 = VERTEX_POINT('',#3259);
#3259 = CARTESIAN_POINT('',(4.,2.730047464371,0.544967353344));
#3260 = LINE('',#3261,#3262);
#3261 = CARTESIAN_POINT('',(4.,2.06107378006,0.954914987087));
#3262 = VECTOR('',#3263,1.);
#3263 = DIRECTION('',(0.,0.852640145757,-0.522498595064));
#3264 = ORIENTED_EDGE('',*,*,#3265,.T.);
#3265 = EDGE_CURVE('',#3258,#3266,#3268,.T.);
#3266 = VERTEX_POINT('',#3267);
#3267 = CARTESIAN_POINT('',(4.,3.454915046692,0.244717404246));
#3268 = LINE('',#3269,#3270);
#3269 = CARTESIAN_POINT('',(4.,2.730047464371,0.544967353344));
#3270 = VECTOR('',#3271,1.);
#3271 = DIRECTION('',(0.,0.923879548024,-0.382683394915));
#3272 = ORIENTED_EDGE('',*,*,#3273,.T.);
#3273 = EDGE_CURVE('',#3266,#3274,#3276,.T.);
#3274 = VERTEX_POINT('',#3275);
#3275 = CARTESIAN_POINT('',(4.,4.217827796936,6.155829876661E-02));
#3276 = LINE('',#3277,#3278);
#3277 = CARTESIAN_POINT('',(4.,3.454915046692,0.244717404246));
#3278 = VECTOR('',#3279,1.);
#3279 = DIRECTION('',(0.,0.972369932226,-0.233445314585));
#3280 = ORIENTED_EDGE('',*,*,#3281,.T.);
#3281 = EDGE_CURVE('',#3274,#364,#3282,.T.);
#3282 = LINE('',#3283,#3284);
#3283 = CARTESIAN_POINT('',(4.,4.217827796936,6.155829876661E-02));
#3284 = VECTOR('',#3285,1.);
#3285 = DIRECTION('',(0.,0.996917332601,-7.84591101109E-02));
#3286 = ORIENTED_EDGE('',*,*,#363,.T.);
#3287 = FACE_BOUND('',#3288,.T.);
#3288 = EDGE_LOOP('',(#3289));
#3289 = ORIENTED_EDGE('',*,*,#3290,.T.);
#3290 = EDGE_CURVE('',#3291,#3291,#3293,.T.);
#3291 = VERTEX_POINT('',#3292);
#3292 = CARTESIAN_POINT('',(4.,4.749999624246,8.));
#3293 = CIRCLE('',#3294,3.75);
#3294 = AXIS2_PLACEMENT_3D('',#3295,#3296,#3297);
#3295 = CARTESIAN_POINT('',(4.,8.499999624246,8.));
#3296 = DIRECTION('',(-1.,0.,0.));
#3297 = DIRECTION('',(0.,-1.,0.));
#3298 = PLANE('',#3299);
#3299 = AXIS2_PLACEMENT_3D('',#3300,#3301,#3302);
#3300 = CARTESIAN_POINT('',(4.,12.533195308909,7.999999998007));
#3301 = DIRECTION('',(1.,0.,0.));
#3302 = DIRECTION('',(0.,0.,1.));
#3303 = ADVANCED_FACE('',(#3304),#3322,.T.);
#3304 = FACE_BOUND('',#3305,.T.);
#3305 = EDGE_LOOP('',(#3306,#3307,#3308,#3316));
#3306 = ORIENTED_EDGE('',*,*,#371,.F.);
#3307 = ORIENTED_EDGE('',*,*,#3281,.F.);
#3308 = ORIENTED_EDGE('',*,*,#3309,.T.);
#3309 = EDGE_CURVE('',#3274,#3310,#3312,.T.);
#3310 = VERTEX_POINT('',#3311);
#3311 = CARTESIAN_POINT('',(1.5,4.217827796936,6.155829876661E-02));
#3312 = LINE('',#3313,#3314);
#3313 = CARTESIAN_POINT('',(4.,4.217827796936,6.155829876661E-02));
#3314 = VECTOR('',#3315,1.);
#3315 = DIRECTION('',(-1.,0.,0.));
#3316 = ORIENTED_EDGE('',*,*,#3317,.F.);
#3317 = EDGE_CURVE('',#372,#3310,#3318,.T.);
#3318 = LINE('',#3319,#3320);
#3319 = CARTESIAN_POINT('',(1.5,5.,0.));
#3320 = VECTOR('',#3321,1.);
#3321 = DIRECTION('',(0.,-0.996917332601,7.84591101109E-02));
#3322 = PLANE('',#3323);
#3323 = AXIS2_PLACEMENT_3D('',#3324,#3325,#3326);
#3324 = CARTESIAN_POINT('',(2.75,4.608913898468,3.077914938331E-02));
#3325 = DIRECTION('',(-0.,-7.845911011089E-02,-0.996917332601));
#3326 = DIRECTION('',(0.,-0.996917332601,7.845911011089E-02));
#3327 = ADVANCED_FACE('',(#3328),#3353,.T.);
#3328 = FACE_BOUND('',#3329,.T.);
#3329 = EDGE_LOOP('',(#3330,#3338,#3339,#3347));
#3330 = ORIENTED_EDGE('',*,*,#3331,.F.);
#3331 = EDGE_CURVE('',#388,#3332,#3334,.T.);
#3332 = VERTEX_POINT('',#3333);
#3333 = CARTESIAN_POINT('',(1.475376844406,14.31286907196,4.75));
#3334 = LINE('',#3335,#3336);
#3335 = CARTESIAN_POINT('',(1.475376844406,14.31286907196,0.));
#3336 = VECTOR('',#3337,1.);
#3337 = DIRECTION('',(0.,0.,1.));
#3338 = ORIENTED_EDGE('',*,*,#387,.F.);
#3339 = ORIENTED_EDGE('',*,*,#3340,.F.);
#3340 = EDGE_CURVE('',#3341,#380,#3343,.T.);
#3341 = VERTEX_POINT('',#3342);
#3342 = CARTESIAN_POINT('',(1.5,14.,4.75));
#3343 = LINE('',#3344,#3345);
#3344 = CARTESIAN_POINT('',(1.5,14.,5.5));
#3345 = VECTOR('',#3346,1.);
#3346 = DIRECTION('',(0.,0.,-1.));
#3347 = ORIENTED_EDGE('',*,*,#3348,.T.);
#3348 = EDGE_CURVE('',#3341,#3332,#3349,.T.);
#3349 = LINE('',#3350,#3351);
#3350 = CARTESIAN_POINT('',(1.083206612717,19.295899616986,4.75));
#3351 = VECTOR('',#3352,1.);
#3352 = DIRECTION('',(-7.845854350215E-02,0.996917377194,0.));
#3353 = PLANE('',#3354);
#3354 = AXIS2_PLACEMENT_3D('',#3355,#3356,#3357);
#3355 = CARTESIAN_POINT('',(1.487688422203,14.15643453598,2.75));
#3356 = DIRECTION('',(-0.996917377194,-7.845854350215E-02,-0.));
#3357 = DIRECTION('',(7.845854350215E-02,-0.996917377194,0.));
#3358 = ADVANCED_FACE('',(#3359),#3377,.T.);
#3359 = FACE_BOUND('',#3360,.T.);
#3360 = EDGE_LOOP('',(#3361,#3369,#3370,#3371));
#3361 = ORIENTED_EDGE('',*,*,#3362,.F.);
#3362 = EDGE_CURVE('',#396,#3363,#3365,.T.);
#3363 = VERTEX_POINT('',#3364);
#3364 = CARTESIAN_POINT('',(1.402113199234,14.618033409119,4.75));
#3365 = LINE('',#3366,#3367);
#3366 = CARTESIAN_POINT('',(1.402113199234,14.618033409119,0.));
#3367 = VECTOR('',#3368,1.);
#3368 = DIRECTION('',(0.,0.,1.));
#3369 = ORIENTED_EDGE('',*,*,#395,.F.);
#3370 = ORIENTED_EDGE('',*,*,#3331,.T.);
#3371 = ORIENTED_EDGE('',*,*,#3372,.T.);
#3372 = EDGE_CURVE('',#3332,#3363,#3373,.T.);
#3373 = LINE('',#3374,#3375);
#3374 = CARTESIAN_POINT('',(0.301514324122,19.202347026215,4.75));
#3375 = VECTOR('',#3376,1.);
#3376 = DIRECTION('',(-0.233445875393,0.972369797588,0.));
#3377 = PLANE('',#3378);
#3378 = AXIS2_PLACEMENT_3D('',#3379,#3380,#3381);
#3379 = CARTESIAN_POINT('',(1.43874502182,14.46545124054,2.75));
#3380 = DIRECTION('',(-0.972369797588,-0.233445875393,-0.));
#3381 = DIRECTION('',(0.233445875393,-0.972369797588,0.));
#3382 = ADVANCED_FACE('',(#3383),#3401,.T.);
#3383 = FACE_BOUND('',#3384,.T.);
#3384 = EDGE_LOOP('',(#3385,#3393,#3394,#3395));
#3385 = ORIENTED_EDGE('',*,*,#3386,.F.);
#3386 = EDGE_CURVE('',#404,#3387,#3389,.T.);
#3387 = VERTEX_POINT('',#3388);
#3388 = CARTESIAN_POINT('',(1.282013177872,14.907980918884,4.75));
#3389 = LINE('',#3390,#3391);
#3390 = CARTESIAN_POINT('',(1.282013177872,14.907980918884,0.));
#3391 = VECTOR('',#3392,1.);
#3392 = DIRECTION('',(0.,0.,1.));
#3393 = ORIENTED_EDGE('',*,*,#403,.F.);
#3394 = ORIENTED_EDGE('',*,*,#3362,.T.);
#3395 = ORIENTED_EDGE('',*,*,#3396,.T.);
#3396 = EDGE_CURVE('',#3363,#3387,#3397,.T.);
#3397 = LINE('',#3398,#3399);
#3398 = CARTESIAN_POINT('',(-0.367643881374,18.890610987305,4.75));
#3399 = VECTOR('',#3400,1.);
#3400 = DIRECTION('',(-0.38268297121,0.923879723528,0.));
#3401 = PLANE('',#3402);
#3402 = AXIS2_PLACEMENT_3D('',#3403,#3404,#3405);
#3403 = CARTESIAN_POINT('',(1.342063188553,14.763007164001,2.75));
#3404 = DIRECTION('',(-0.923879723528,-0.38268297121,-0.));
#3405 = DIRECTION('',(0.38268297121,-0.923879723528,0.));
#3406 = ADVANCED_FACE('',(#3407),#3425,.T.);
#3407 = FACE_BOUND('',#3408,.T.);
#3408 = EDGE_LOOP('',(#3409,#3417,#3418,#3419));
#3409 = ORIENTED_EDGE('',*,*,#3410,.F.);
#3410 = EDGE_CURVE('',#412,#3411,#3413,.T.);
#3411 = VERTEX_POINT('',#3412);
#3412 = CARTESIAN_POINT('',(1.118034124374,15.175570487976,4.75));
#3413 = LINE('',#3414,#3415);
#3414 = CARTESIAN_POINT('',(1.118034124374,15.175570487976,0.));
#3415 = VECTOR('',#3416,1.);
#3416 = DIRECTION('',(0.,0.,1.));
#3417 = ORIENTED_EDGE('',*,*,#411,.F.);
#3418 = ORIENTED_EDGE('',*,*,#3386,.T.);
#3419 = ORIENTED_EDGE('',*,*,#3420,.T.);
#3420 = EDGE_CURVE('',#3387,#3411,#3421,.T.);
#3421 = LINE('',#3422,#3423);
#3422 = CARTESIAN_POINT('',(-0.865863505657,18.412998077781,4.75));
#3423 = VECTOR('',#3424,1.);
#3424 = DIRECTION('',(-0.522498459686,0.852640228716,0.));
#3425 = PLANE('',#3426);
#3426 = AXIS2_PLACEMENT_3D('',#3427,#3428,#3429);
#3427 = CARTESIAN_POINT('',(1.200023651123,15.04177570343,2.75));
#3428 = DIRECTION('',(-0.852640228716,-0.522498459686,-0.));
#3429 = DIRECTION('',(0.522498459686,-0.852640228716,0.));
#3430 = ADVANCED_FACE('',(#3431),#3449,.T.);
#3431 = FACE_BOUND('',#3432,.T.);
#3432 = EDGE_LOOP('',(#3433,#3441,#3442,#3443));
#3433 = ORIENTED_EDGE('',*,*,#3434,.F.);
#3434 = EDGE_CURVE('',#420,#3435,#3437,.T.);
#3435 = VERTEX_POINT('',#3436);
#3436 = CARTESIAN_POINT('',(0.914213657379,15.414214134216,4.75));
#3437 = LINE('',#3438,#3439);
#3438 = CARTESIAN_POINT('',(0.914213657379,15.414214134216,0.));
#3439 = VECTOR('',#3440,1.);
#3440 = DIRECTION('',(0.,0.,1.));
#3441 = ORIENTED_EDGE('',*,*,#419,.F.);
#3442 = ORIENTED_EDGE('',*,*,#3410,.T.);
#3443 = ORIENTED_EDGE('',*,*,#3444,.T.);
#3444 = EDGE_CURVE('',#3411,#3435,#3445,.T.);
#3445 = LINE('',#3446,#3447);
#3446 = CARTESIAN_POINT('',(-1.154774653035,17.836693690389,4.75));
#3447 = VECTOR('',#3448,1.);
#3448 = DIRECTION('',(-0.649447197195,0.760406692537,0.));
#3449 = PLANE('',#3450);
#3450 = AXIS2_PLACEMENT_3D('',#3451,#3452,#3453);
#3451 = CARTESIAN_POINT('',(1.016123890877,15.294892311096,2.75));
#3452 = DIRECTION('',(-0.760406692537,-0.649447197195,-0.));
#3453 = DIRECTION('',(0.649447197195,-0.760406692537,0.));
#3454 = ADVANCED_FACE('',(#3455),#3473,.T.);
#3455 = FACE_BOUND('',#3456,.T.);
#3456 = EDGE_LOOP('',(#3457,#3465,#3466,#3467));
#3457 = ORIENTED_EDGE('',*,*,#3458,.F.);
#3458 = EDGE_CURVE('',#428,#3459,#3461,.T.);
#3459 = VERTEX_POINT('',#3460);
#3460 = CARTESIAN_POINT('',(0.675570726395,15.618033409119,4.75));
#3461 = LINE('',#3462,#3463);
#3462 = CARTESIAN_POINT('',(0.675570726395,15.618033409119,0.));
#3463 = VECTOR('',#3464,1.);
#3464 = DIRECTION('',(0.,0.,1.));
#3465 = ORIENTED_EDGE('',*,*,#427,.F.);
#3466 = ORIENTED_EDGE('',*,*,#3434,.T.);
#3467 = ORIENTED_EDGE('',*,*,#3468,.T.);
#3468 = EDGE_CURVE('',#3435,#3459,#3469,.T.);
#3469 = LINE('',#3470,#3471);
#3470 = CARTESIAN_POINT('',(-1.219569860163,17.236628096154,4.75));
#3471 = VECTOR('',#3472,1.);
#3472 = DIRECTION('',(-0.760407607111,0.649446126362,0.));
#3473 = PLANE('',#3474);
#3474 = AXIS2_PLACEMENT_3D('',#3475,#3476,#3477);
#3475 = CARTESIAN_POINT('',(0.794892191887,15.516123771667,2.75));
#3476 = DIRECTION('',(-0.649446126362,-0.760407607111,-0.));
#3477 = DIRECTION('',(-0.760407607111,0.649446126362,0.));
#3478 = ADVANCED_FACE('',(#3479),#3497,.T.);
#3479 = FACE_BOUND('',#3480,.T.);
#3480 = EDGE_LOOP('',(#3481,#3489,#3490,#3491));
#3481 = ORIENTED_EDGE('',*,*,#3482,.F.);
#3482 = EDGE_CURVE('',#436,#3483,#3485,.T.);
#3483 = VERTEX_POINT('',#3484);
#3484 = CARTESIAN_POINT('',(0.407981157303,15.782013893127,4.75));
#3485 = LINE('',#3486,#3487);
#3486 = CARTESIAN_POINT('',(0.407981157303,15.782013893127,0.));
#3487 = VECTOR('',#3488,1.);
#3488 = DIRECTION('',(0.,0.,1.));
#3489 = ORIENTED_EDGE('',*,*,#435,.F.);
#3490 = ORIENTED_EDGE('',*,*,#3458,.T.);
#3491 = ORIENTED_EDGE('',*,*,#3492,.T.);
#3492 = EDGE_CURVE('',#3459,#3483,#3493,.T.);
#3493 = LINE('',#3494,#3495);
#3494 = CARTESIAN_POINT('',(-1.070130097523,16.687809286453,4.75));
#3495 = VECTOR('',#3496,1.);
#3496 = DIRECTION('',(-0.852638198047,0.522501773424,0.));
#3497 = PLANE('',#3498);
#3498 = AXIS2_PLACEMENT_3D('',#3499,#3500,#3501);
#3499 = CARTESIAN_POINT('',(0.541775941849,15.700023651123,2.75));
#3500 = DIRECTION('',(-0.522501773424,-0.852638198047,-0.));
#3501 = DIRECTION('',(-0.852638198047,0.522501773424,0.));
#3502 = ADVANCED_FACE('',(#3503),#3521,.T.);
#3503 = FACE_BOUND('',#3504,.T.);
#3504 = EDGE_LOOP('',(#3505,#3513,#3514,#3515));
#3505 = ORIENTED_EDGE('',*,*,#3506,.F.);
#3506 = EDGE_CURVE('',#444,#3507,#3509,.T.);
#3507 = VERTEX_POINT('',#3508);
#3508 = CARTESIAN_POINT('',(0.118034124374,15.902112960815,4.75));
#3509 = LINE('',#3510,#3511);
#3510 = CARTESIAN_POINT('',(0.118034124374,15.902112960815,0.));
#3511 = VECTOR('',#3512,1.);
#3512 = DIRECTION('',(0.,0.,1.));
#3513 = ORIENTED_EDGE('',*,*,#443,.F.);
#3514 = ORIENTED_EDGE('',*,*,#3482,.T.);
#3515 = ORIENTED_EDGE('',*,*,#3516,.T.);
#3516 = EDGE_CURVE('',#3483,#3507,#3517,.T.);
#3517 = LINE('',#3518,#3519);
#3518 = CARTESIAN_POINT('',(-0.739584729787,16.257347583416,4.75));
#3519 = VECTOR('',#3520,1.);
#3520 = DIRECTION('',(-0.923880575383,0.382680914641,0.));
#3521 = PLANE('',#3522);
#3522 = AXIS2_PLACEMENT_3D('',#3523,#3524,#3525);
#3523 = CARTESIAN_POINT('',(0.263007640839,15.842063426971,2.75));
#3524 = DIRECTION('',(-0.382680914641,-0.923880575383,-0.));
#3525 = DIRECTION('',(-0.923880575383,0.382680914641,0.));
#3526 = ADVANCED_FACE('',(#3527),#3545,.T.);
#3527 = FACE_BOUND('',#3528,.T.);
#3528 = EDGE_LOOP('',(#3529,#3537,#3538,#3539));
#3529 = ORIENTED_EDGE('',*,*,#3530,.F.);
#3530 = EDGE_CURVE('',#452,#3531,#3533,.T.);
#3531 = VERTEX_POINT('',#3532);
#3532 = CARTESIAN_POINT('',(-0.18713092804,15.97537612915,4.75));
#3533 = LINE('',#3534,#3535);
#3534 = CARTESIAN_POINT('',(-0.18713092804,15.97537612915,0.));
#3535 = VECTOR('',#3536,1.);
#3536 = DIRECTION('',(0.,0.,1.));
#3537 = ORIENTED_EDGE('',*,*,#451,.F.);
#3538 = ORIENTED_EDGE('',*,*,#3506,.T.);
#3539 = ORIENTED_EDGE('',*,*,#3540,.T.);
#3540 = EDGE_CURVE('',#3507,#3531,#3541,.T.);
#3541 = LINE('',#3542,#3543);
#3542 = CARTESIAN_POINT('',(-0.28076412817,15.997855324748,4.75));
#3543 = VECTOR('',#3544,1.);
#3544 = DIRECTION('',(-0.972370266682,0.233443921472,0.));
#3545 = PLANE('',#3546);
#3546 = AXIS2_PLACEMENT_3D('',#3547,#3548,#3549);
#3547 = CARTESIAN_POINT('',(-3.454840183258E-02,15.938744544983,2.75));
#3548 = DIRECTION('',(-0.233443921472,-0.972370266682,-0.));
#3549 = DIRECTION('',(-0.972370266682,0.233443921472,0.));
#3550 = ADVANCED_FACE('',(#3551),#3569,.T.);
#3551 = FACE_BOUND('',#3552,.T.);
#3552 = EDGE_LOOP('',(#3553,#3561,#3567,#3568));
#3553 = ORIENTED_EDGE('',*,*,#3554,.T.);
#3554 = EDGE_CURVE('',#3531,#3555,#3557,.T.);
#3555 = VERTEX_POINT('',#3556);
#3556 = CARTESIAN_POINT('',(-0.5,16.,4.75));
#3557 = LINE('',#3558,#3559);
#3558 = CARTESIAN_POINT('',(0.239630719228,15.941788521337,4.75));
#3559 = VECTOR('',#3560,1.);
#3560 = DIRECTION('',(-0.99691719893,7.84608085433E-02,0.));
#3561 = ORIENTED_EDGE('',*,*,#3562,.T.);
#3562 = EDGE_CURVE('',#3555,#460,#3563,.T.);
#3563 = LINE('',#3564,#3565);
#3564 = CARTESIAN_POINT('',(-0.5,16.,5.5));
#3565 = VECTOR('',#3566,1.);
#3566 = DIRECTION('',(0.,0.,-1.));
#3567 = ORIENTED_EDGE('',*,*,#459,.F.);
#3568 = ORIENTED_EDGE('',*,*,#3530,.T.);
#3569 = PLANE('',#3570);
#3570 = AXIS2_PLACEMENT_3D('',#3571,#3572,#3573);
#3571 = CARTESIAN_POINT('',(-0.34356546402,15.987688064575,2.75));
#3572 = DIRECTION('',(-7.84608085433E-02,-0.99691719893,-0.));
#3573 = DIRECTION('',(-0.99691719893,7.84608085433E-02,0.));
#3574 = ADVANCED_FACE('',(#3575),#3593,.T.);
#3575 = FACE_BOUND('',#3576,.T.);
#3576 = EDGE_LOOP('',(#3577,#3585,#3586,#3587));
#3577 = ORIENTED_EDGE('',*,*,#3578,.F.);
#3578 = EDGE_CURVE('',#468,#3579,#3581,.T.);
#3579 = VERTEX_POINT('',#3580);
#3580 = CARTESIAN_POINT('',(-0.812868595123,16.02462387085,4.75));
#3581 = LINE('',#3582,#3583);
#3582 = CARTESIAN_POINT('',(-0.812868595123,16.02462387085,8.7E-16));
#3583 = VECTOR('',#3584,1.);
#3584 = DIRECTION('',(0.,0.,1.));
#3585 = ORIENTED_EDGE('',*,*,#467,.F.);
#3586 = ORIENTED_EDGE('',*,*,#3562,.F.);
#3587 = ORIENTED_EDGE('',*,*,#3588,.T.);
#3588 = EDGE_CURVE('',#3555,#3579,#3589,.T.);
#3589 = LINE('',#3590,#3591);
#3590 = CARTESIAN_POINT('',(8.319578339477E-02,15.954100418277,4.75));
#3591 = VECTOR('',#3592,1.);
#3592 = DIRECTION('',(-0.996917189577,7.84609273878E-02,0.));
#3593 = PLANE('',#3594);
#3594 = AXIS2_PLACEMENT_3D('',#3595,#3596,#3597);
#3595 = CARTESIAN_POINT('',(-0.656434297562,16.012311935425,2.75));
#3596 = DIRECTION('',(-7.84609273878E-02,-0.996917189577,-0.));
#3597 = DIRECTION('',(-0.996917189577,7.84609273878E-02,0.));
#3598 = ADVANCED_FACE('',(#3599),#3617,.T.);
#3599 = FACE_BOUND('',#3600,.T.);
#3600 = EDGE_LOOP('',(#3601,#3609,#3610,#3611));
#3601 = ORIENTED_EDGE('',*,*,#3602,.F.);
#3602 = EDGE_CURVE('',#476,#3603,#3605,.T.);
#3603 = VERTEX_POINT('',#3604);
#3604 = CARTESIAN_POINT('',(-1.118033766747,16.097887039185,4.75));
#3605 = LINE('',#3606,#3607);
#3606 = CARTESIAN_POINT('',(-1.118033766747,16.097887039185,8.7E-16));
#3607 = VECTOR('',#3608,1.);
#3608 = DIRECTION('',(0.,0.,1.));
#3609 = ORIENTED_EDGE('',*,*,#475,.F.);
#3610 = ORIENTED_EDGE('',*,*,#3578,.T.);
#3611 = ORIENTED_EDGE('',*,*,#3612,.T.);
#3612 = EDGE_CURVE('',#3579,#3603,#3613,.T.);
#3613 = LINE('',#3614,#3615);
#3614 = CARTESIAN_POINT('',(-0.757675787309,16.011373341806,4.75));
#3615 = VECTOR('',#3616,1.);
#3616 = DIRECTION('',(-0.972370287382,0.23344383525,0.));
#3617 = PLANE('',#3618);
#3618 = AXIS2_PLACEMENT_3D('',#3619,#3620,#3621);
#3619 = CARTESIAN_POINT('',(-0.965451180935,16.061255455017,2.75));
#3620 = DIRECTION('',(-0.23344383525,-0.972370287382,-0.));
#3621 = DIRECTION('',(-0.972370287382,0.23344383525,0.));
#3622 = ADVANCED_FACE('',(#3623),#3641,.T.);
#3623 = FACE_BOUND('',#3624,.T.);
#3624 = EDGE_LOOP('',(#3625,#3633,#3634,#3635));
#3625 = ORIENTED_EDGE('',*,*,#3626,.F.);
#3626 = EDGE_CURVE('',#484,#3627,#3629,.T.);
#3627 = VERTEX_POINT('',#3628);
#3628 = CARTESIAN_POINT('',(-1.407980799675,16.217987060547,4.75));
#3629 = LINE('',#3630,#3631);
#3630 = CARTESIAN_POINT('',(-1.407980799675,16.217987060547,8.7E-16));
#3631 = VECTOR('',#3632,1.);
#3632 = DIRECTION('',(0.,0.,1.));
#3633 = ORIENTED_EDGE('',*,*,#483,.F.);
#3634 = ORIENTED_EDGE('',*,*,#3602,.T.);
#3635 = ORIENTED_EDGE('',*,*,#3636,.T.);
#3636 = EDGE_CURVE('',#3603,#3627,#3637,.T.);
#3637 = LINE('',#3638,#3639);
#3638 = CARTESIAN_POINT('',(-1.558502809173,16.280335332828,4.75));
#3639 = VECTOR('',#3640,1.);
#3640 = DIRECTION('',(-0.92387950102,0.382683508391,0.));
#3641 = PLANE('',#3642);
#3642 = AXIS2_PLACEMENT_3D('',#3643,#3644,#3645);
#3643 = CARTESIAN_POINT('',(-1.263007283211,16.157937049866,2.75));
#3644 = DIRECTION('',(-0.382683508391,-0.92387950102,-0.));
#3645 = DIRECTION('',(-0.92387950102,0.382683508391,0.));
#3646 = ADVANCED_FACE('',(#3647),#3665,.T.);
#3647 = FACE_BOUND('',#3648,.T.);
#3648 = EDGE_LOOP('',(#3649,#3657,#3658,#3659));
#3649 = ORIENTED_EDGE('',*,*,#3650,.F.);
#3650 = EDGE_CURVE('',#492,#3651,#3653,.T.);
#3651 = VERTEX_POINT('',#3652);
#3652 = CARTESIAN_POINT('',(-1.675570189953,16.381965637207,4.75));
#3653 = LINE('',#3654,#3655);
#3654 = CARTESIAN_POINT('',(-1.675570189953,16.381965637207,8.7E-16));
#3655 = VECTOR('',#3656,1.);
#3656 = DIRECTION('',(0.,0.,1.));
#3657 = ORIENTED_EDGE('',*,*,#491,.F.);
#3658 = ORIENTED_EDGE('',*,*,#3626,.T.);
#3659 = ORIENTED_EDGE('',*,*,#3660,.T.);
#3660 = EDGE_CURVE('',#3627,#3651,#3661,.T.);
#3661 = LINE('',#3662,#3663);
#3662 = CARTESIAN_POINT('',(-2.262662364202,16.741735279051,4.75));
#3663 = VECTOR('',#3664,1.);
#3664 = DIRECTION('',(-0.852640750056,0.522497608935,0.));
#3665 = PLANE('',#3666);
#3666 = AXIS2_PLACEMENT_3D('',#3667,#3668,#3669);
#3667 = CARTESIAN_POINT('',(-1.541775494814,16.299976348877,2.75));
#3668 = DIRECTION('',(-0.522497608935,-0.852640750056,-0.));
#3669 = DIRECTION('',(-0.852640750056,0.522497608935,0.));
#3670 = ADVANCED_FACE('',(#3671),#3689,.T.);
#3671 = FACE_BOUND('',#3672,.T.);
#3672 = EDGE_LOOP('',(#3673,#3681,#3682,#3683));
#3673 = ORIENTED_EDGE('',*,*,#3674,.F.);
#3674 = EDGE_CURVE('',#500,#3675,#3677,.T.);
#3675 = VERTEX_POINT('',#3676);
#3676 = CARTESIAN_POINT('',(-1.914213478565,16.585786819458,4.75));
#3677 = LINE('',#3678,#3679);
#3678 = CARTESIAN_POINT('',(-1.914213478565,16.585786819458,8.7E-16));
#3679 = VECTOR('',#3680,1.);
#3680 = DIRECTION('',(0.,0.,1.));
#3681 = ORIENTED_EDGE('',*,*,#499,.F.);
#3682 = ORIENTED_EDGE('',*,*,#3650,.T.);
#3683 = ORIENTED_EDGE('',*,*,#3684,.T.);
#3684 = EDGE_CURVE('',#3651,#3675,#3685,.T.);
#3685 = LINE('',#3686,#3687);
#3686 = CARTESIAN_POINT('',(-2.821671263449,17.360831111017,4.75));
#3687 = VECTOR('',#3688,1.);
#3688 = DIRECTION('',(-0.760405086397,0.649449077744,0.));
#3689 = PLANE('',#3690);
#3690 = AXIS2_PLACEMENT_3D('',#3691,#3692,#3693);
#3691 = CARTESIAN_POINT('',(-1.794891834259,16.483876228333,2.75));
#3692 = DIRECTION('',(-0.649449077744,-0.760405086397,-0.));
#3693 = DIRECTION('',(-0.760405086397,0.649449077744,0.));
#3694 = ADVANCED_FACE('',(#3695),#3713,.T.);
#3695 = FACE_BOUND('',#3696,.T.);
#3696 = EDGE_LOOP('',(#3697,#3705,#3706,#3707));
#3697 = ORIENTED_EDGE('',*,*,#3698,.F.);
#3698 = EDGE_CURVE('',#508,#3699,#3701,.T.);
#3699 = VERTEX_POINT('',#3700);
#3700 = CARTESIAN_POINT('',(-2.118033885956,16.824430465698,4.75));
#3701 = LINE('',#3702,#3703);
#3702 = CARTESIAN_POINT('',(-2.118033885956,16.824430465698,8.7E-16));
#3703 = VECTOR('',#3704,1.);
#3704 = DIRECTION('',(0.,0.,1.));
#3705 = ORIENTED_EDGE('',*,*,#507,.F.);
#3706 = ORIENTED_EDGE('',*,*,#3674,.T.);
#3707 = ORIENTED_EDGE('',*,*,#3708,.T.);
#3708 = EDGE_CURVE('',#3675,#3699,#3709,.T.);
#3709 = LINE('',#3710,#3711);
#3710 = CARTESIAN_POINT('',(-3.199335744862,18.090475517807,4.75));
#3711 = VECTOR('',#3712,1.);
#3712 = DIRECTION('',(-0.649447087379,0.760406786329,0.));
#3713 = PLANE('',#3714);
#3714 = AXIS2_PLACEMENT_3D('',#3715,#3716,#3717);
#3715 = CARTESIAN_POINT('',(-2.016123682261,16.705108642578,2.75));
#3716 = DIRECTION('',(-0.760406786329,-0.649447087379,-0.));
#3717 = DIRECTION('',(0.649447087379,-0.760406786329,0.));
#3718 = ADVANCED_FACE('',(#3719),#3737,.T.);
#3719 = FACE_BOUND('',#3720,.T.);
#3720 = EDGE_LOOP('',(#3721,#3729,#3730,#3731));
#3721 = ORIENTED_EDGE('',*,*,#3722,.F.);
#3722 = EDGE_CURVE('',#516,#3723,#3725,.T.);
#3723 = VERTEX_POINT('',#3724);
#3724 = CARTESIAN_POINT('',(-2.28201277554,17.09202003479,4.75));
#3725 = LINE('',#3726,#3727);
#3726 = CARTESIAN_POINT('',(-2.28201277554,17.09202003479,8.7E-16));
#3727 = VECTOR('',#3728,1.);
#3728 = DIRECTION('',(0.,0.,1.));
#3729 = ORIENTED_EDGE('',*,*,#515,.F.);
#3730 = ORIENTED_EDGE('',*,*,#3698,.T.);
#3731 = ORIENTED_EDGE('',*,*,#3732,.T.);
#3732 = EDGE_CURVE('',#3699,#3723,#3733,.T.);
#3733 = LINE('',#3734,#3735);
#3734 = CARTESIAN_POINT('',(-3.374903948659,18.875458615329,4.75));
#3735 = VECTOR('',#3736,1.);
#3736 = DIRECTION('',(-0.522498079986,0.852640461397,0.));
#3737 = PLANE('',#3738);
#3738 = AXIS2_PLACEMENT_3D('',#3739,#3740,#3741);
#3739 = CARTESIAN_POINT('',(-2.200023330748,16.958225250244,2.75));
#3740 = DIRECTION('',(-0.852640461397,-0.522498079986,-0.));
#3741 = DIRECTION('',(0.522498079986,-0.852640461397,0.));
#3742 = ADVANCED_FACE('',(#3743),#3761,.T.);
#3743 = FACE_BOUND('',#3744,.T.);
#3744 = EDGE_LOOP('',(#3745,#3753,#3754,#3755));
#3745 = ORIENTED_EDGE('',*,*,#3746,.F.);
#3746 = EDGE_CURVE('',#524,#3747,#3749,.T.);
#3747 = VERTEX_POINT('',#3748);
#3748 = CARTESIAN_POINT('',(-2.402112871408,17.381965637207,4.75));
#3749 = LINE('',#3750,#3751);
#3750 = CARTESIAN_POINT('',(-2.402112871408,17.381965637207,8.7E-16));
#3751 = VECTOR('',#3752,1.);
#3752 = DIRECTION('',(0.,0.,1.));
#3753 = ORIENTED_EDGE('',*,*,#523,.F.);
#3754 = ORIENTED_EDGE('',*,*,#3722,.T.);
#3755 = ORIENTED_EDGE('',*,*,#3756,.T.);
#3756 = EDGE_CURVE('',#3723,#3747,#3757,.T.);
#3757 = LINE('',#3758,#3759);
#3758 = CARTESIAN_POINT('',(-3.34466716557,19.657479829399,4.75));
#3759 = VECTOR('',#3760,1.);
#3760 = DIRECTION('',(-0.382685322582,0.923878749556,0.));
#3761 = PLANE('',#3762);
#3762 = AXIS2_PLACEMENT_3D('',#3763,#3764,#3765);
#3763 = CARTESIAN_POINT('',(-2.342062823474,17.236992835999,2.75));
#3764 = DIRECTION('',(-0.923878749556,-0.382685322582,-0.));
#3765 = DIRECTION('',(0.382685322582,-0.923878749556,0.));
#3766 = ADVANCED_FACE('',(#3767),#3785,.T.);
#3767 = FACE_BOUND('',#3768,.T.);
#3768 = EDGE_LOOP('',(#3769,#3777,#3778,#3779));
#3769 = ORIENTED_EDGE('',*,*,#3770,.F.);
#3770 = EDGE_CURVE('',#532,#3771,#3773,.T.);
#3771 = VERTEX_POINT('',#3772);
#3772 = CARTESIAN_POINT('',(-2.475376296788,17.687129974365,4.75));
#3773 = LINE('',#3774,#3775);
#3774 = CARTESIAN_POINT('',(-2.475376296788,17.687129974365,8.7E-16));
#3775 = VECTOR('',#3776,1.);
#3776 = DIRECTION('',(0.,0.,1.));
#3777 = ORIENTED_EDGE('',*,*,#531,.F.);
#3778 = ORIENTED_EDGE('',*,*,#3746,.T.);
#3779 = ORIENTED_EDGE('',*,*,#3780,.T.);
#3780 = EDGE_CURVE('',#3747,#3771,#3781,.T.);
#3781 = LINE('',#3782,#3783);
#3782 = CARTESIAN_POINT('',(-3.121982156877,20.380439052845,4.75));
#3783 = VECTOR('',#3784,1.);
#3784 = DIRECTION('',(-0.233445213218,0.972369956563,0.));
#3785 = PLANE('',#3786);
#3786 = AXIS2_PLACEMENT_3D('',#3787,#3788,#3789);
#3787 = CARTESIAN_POINT('',(-2.438744584098,17.534547805786,2.75));
#3788 = DIRECTION('',(-0.972369956563,-0.233445213218,-0.));
#3789 = DIRECTION('',(0.233445213218,-0.972369956563,0.));
#3790 = ADVANCED_FACE('',(#3791),#3809,.T.);
#3791 = FACE_BOUND('',#3792,.T.);
#3792 = EDGE_LOOP('',(#3793,#3801,#3802,#3803));
#3793 = ORIENTED_EDGE('',*,*,#3794,.F.);
#3794 = EDGE_CURVE('',#540,#3795,#3797,.T.);
#3795 = VERTEX_POINT('',#3796);
#3796 = CARTESIAN_POINT('',(-2.5,18.,4.75));
#3797 = LINE('',#3798,#3799);
#3798 = CARTESIAN_POINT('',(-2.5,18.,8.6E-16));
#3799 = VECTOR('',#3800,1.);
#3800 = DIRECTION('',(0.,0.,1.));
#3801 = ORIENTED_EDGE('',*,*,#539,.F.);
#3802 = ORIENTED_EDGE('',*,*,#3770,.T.);
#3803 = ORIENTED_EDGE('',*,*,#3804,.T.);
#3804 = EDGE_CURVE('',#3771,#3795,#3805,.T.);
#3805 = LINE('',#3806,#3807);
#3806 = CARTESIAN_POINT('',(-2.735741164573,20.99533922942,4.75));
#3807 = VECTOR('',#3808,1.);
#3808 = DIRECTION('',(-7.846003998807E-02,0.996917259418,0.));
#3809 = PLANE('',#3810);
#3810 = AXIS2_PLACEMENT_3D('',#3811,#3812,#3813);
#3811 = CARTESIAN_POINT('',(-2.487688148394,17.843564987183,2.75));
#3812 = DIRECTION('',(-0.996917259418,-7.846003998807E-02,-0.));
#3813 = DIRECTION('',(7.846003998807E-02,-0.996917259418,0.));
#3814 = ADVANCED_FACE('',(#3815),#3833,.T.);
#3815 = FACE_BOUND('',#3816,.T.);
#3816 = EDGE_LOOP('',(#3817,#3818,#3819,#3827));
#3817 = ORIENTED_EDGE('',*,*,#547,.F.);
#3818 = ORIENTED_EDGE('',*,*,#3794,.T.);
#3819 = ORIENTED_EDGE('',*,*,#3820,.T.);
#3820 = EDGE_CURVE('',#3795,#3821,#3823,.T.);
#3821 = VERTEX_POINT('',#3822);
#3822 = CARTESIAN_POINT('',(-2.5,20.5,4.75));
#3823 = LINE('',#3824,#3825);
#3824 = CARTESIAN_POINT('',(-2.5,21.875,4.75));
#3825 = VECTOR('',#3826,1.);
#3826 = DIRECTION('',(0.,1.,0.));
#3827 = ORIENTED_EDGE('',*,*,#3828,.T.);
#3828 = EDGE_CURVE('',#3821,#548,#3829,.T.);
#3829 = LINE('',#3830,#3831);
#3830 = CARTESIAN_POINT('',(-2.5,20.5,5.5));
#3831 = VECTOR('',#3832,1.);
#3832 = DIRECTION('',(0.,0.,-1.));
#3833 = PLANE('',#3834);
#3834 = AXIS2_PLACEMENT_3D('',#3835,#3836,#3837);
#3835 = CARTESIAN_POINT('',(-2.5,19.25,2.75));
#3836 = DIRECTION('',(-1.,-0.,-0.));
#3837 = DIRECTION('',(0.,0.,-1.));
#3838 = ADVANCED_FACE('',(#3839),#3857,.T.);
#3839 = FACE_BOUND('',#3840,.T.);
#3840 = EDGE_LOOP('',(#3841,#3842,#3850,#3856));
#3841 = ORIENTED_EDGE('',*,*,#3828,.F.);
#3842 = ORIENTED_EDGE('',*,*,#3843,.T.);
#3843 = EDGE_CURVE('',#3821,#3844,#3846,.T.);
#3844 = VERTEX_POINT('',#3845);
#3845 = CARTESIAN_POINT('',(-2.475376296788,20.812870025635,4.75));
#3846 = LINE('',#3847,#3848);
#3847 = CARTESIAN_POINT('',(-2.32509578237,22.722341886736,4.75));
#3848 = VECTOR('',#3849,1.);
#3849 = DIRECTION('',(7.846003998807E-02,0.996917259418,0.));
#3850 = ORIENTED_EDGE('',*,*,#3851,.T.);
#3851 = EDGE_CURVE('',#3844,#556,#3852,.T.);
#3852 = LINE('',#3853,#3854);
#3853 = CARTESIAN_POINT('',(-2.475376296788,20.812870025635,5.5));
#3854 = VECTOR('',#3855,1.);
#3855 = DIRECTION('',(0.,0.,-1.));
#3856 = ORIENTED_EDGE('',*,*,#555,.F.);
#3857 = PLANE('',#3858);
#3858 = AXIS2_PLACEMENT_3D('',#3859,#3860,#3861);
#3859 = CARTESIAN_POINT('',(-2.487688148394,20.656435012817,2.75));
#3860 = DIRECTION('',(-0.996917259418,7.846003998807E-02,0.));
#3861 = DIRECTION('',(-7.846003998807E-02,-0.996917259418,0.));
#3862 = ADVANCED_FACE('',(#3863),#3881,.T.);
#3863 = FACE_BOUND('',#3864,.T.);
#3864 = EDGE_LOOP('',(#3865,#3866,#3874,#3880));
#3865 = ORIENTED_EDGE('',*,*,#3851,.F.);
#3866 = ORIENTED_EDGE('',*,*,#3867,.T.);
#3867 = EDGE_CURVE('',#3844,#3868,#3870,.T.);
#3868 = VERTEX_POINT('',#3869);
#3869 = CARTESIAN_POINT('',(-2.402112871408,21.118034362793,4.75));
#3870 = LINE('',#3871,#3872);
#3871 = CARTESIAN_POINT('',(-1.930257819736,23.083453442389,4.75));
#3872 = VECTOR('',#3873,1.);
#3873 = DIRECTION('',(0.233445213218,0.972369956563,0.));
#3874 = ORIENTED_EDGE('',*,*,#3875,.T.);
#3875 = EDGE_CURVE('',#3868,#564,#3876,.T.);
#3876 = LINE('',#3877,#3878);
#3877 = CARTESIAN_POINT('',(-2.402112871408,21.118034362793,5.5));
#3878 = VECTOR('',#3879,1.);
#3879 = DIRECTION('',(0.,0.,-1.));
#3880 = ORIENTED_EDGE('',*,*,#563,.F.);
#3881 = PLANE('',#3882);
#3882 = AXIS2_PLACEMENT_3D('',#3883,#3884,#3885);
#3883 = CARTESIAN_POINT('',(-2.438744584098,20.965452194214,2.75));
#3884 = DIRECTION('',(-0.972369956563,0.233445213218,0.));
#3885 = DIRECTION('',(-0.233445213218,-0.972369956563,0.));
#3886 = ADVANCED_FACE('',(#3887),#3905,.T.);
#3887 = FACE_BOUND('',#3888,.T.);
#3888 = EDGE_LOOP('',(#3889,#3890,#3898,#3904));
#3889 = ORIENTED_EDGE('',*,*,#3875,.F.);
#3890 = ORIENTED_EDGE('',*,*,#3891,.T.);
#3891 = EDGE_CURVE('',#3868,#3892,#3894,.T.);
#3892 = VERTEX_POINT('',#3893);
#3893 = CARTESIAN_POINT('',(-2.28201277554,21.40797996521,4.75));
#3894 = LINE('',#3895,#3896);
#3895 = CARTESIAN_POINT('',(-1.488504269744,23.323667875974,4.75));
#3896 = VECTOR('',#3897,1.);
#3897 = DIRECTION('',(0.382685322582,0.923878749556,0.));
#3898 = ORIENTED_EDGE('',*,*,#3899,.T.);
#3899 = EDGE_CURVE('',#3892,#572,#3900,.T.);
#3900 = LINE('',#3901,#3902);
#3901 = CARTESIAN_POINT('',(-2.28201277554,21.40797996521,5.5));
#3902 = VECTOR('',#3903,1.);
#3903 = DIRECTION('',(0.,0.,-1.));
#3904 = ORIENTED_EDGE('',*,*,#571,.F.);
#3905 = PLANE('',#3906);
#3906 = AXIS2_PLACEMENT_3D('',#3907,#3908,#3909);
#3907 = CARTESIAN_POINT('',(-2.342062823474,21.263007164001,2.75));
#3908 = DIRECTION('',(-0.923878749556,0.382685322582,0.));
#3909 = DIRECTION('',(-0.382685322582,-0.923878749556,0.));
#3910 = ADVANCED_FACE('',(#3911),#3929,.T.);
#3911 = FACE_BOUND('',#3912,.T.);
#3912 = EDGE_LOOP('',(#3913,#3914,#3922,#3928));
#3913 = ORIENTED_EDGE('',*,*,#3899,.F.);
#3914 = ORIENTED_EDGE('',*,*,#3915,.T.);
#3915 = EDGE_CURVE('',#3892,#3916,#3918,.T.);
#3916 = VERTEX_POINT('',#3917);
#3917 = CARTESIAN_POINT('',(-2.118033885956,21.675569534302,4.75));
#3918 = LINE('',#3919,#3920);
#3919 = CARTESIAN_POINT('',(-1.036013177669,23.441269105829,4.75));
#3920 = VECTOR('',#3921,1.);
#3921 = DIRECTION('',(0.522498079986,0.852640461397,0.));
#3922 = ORIENTED_EDGE('',*,*,#3923,.T.);
#3923 = EDGE_CURVE('',#3916,#580,#3924,.T.);
#3924 = LINE('',#3925,#3926);
#3925 = CARTESIAN_POINT('',(-2.118033885956,21.675569534302,5.5));
#3926 = VECTOR('',#3927,1.);
#3927 = DIRECTION('',(0.,0.,-1.));
#3928 = ORIENTED_EDGE('',*,*,#579,.F.);
#3929 = PLANE('',#3930);
#3930 = AXIS2_PLACEMENT_3D('',#3931,#3932,#3933);
#3931 = CARTESIAN_POINT('',(-2.200023330748,21.541774749756,2.75));
#3932 = DIRECTION('',(-0.852640461397,0.522498079986,0.));
#3933 = DIRECTION('',(-0.522498079986,-0.852640461397,0.));
#3934 = ADVANCED_FACE('',(#3935),#3953,.T.);
#3935 = FACE_BOUND('',#3936,.T.);
#3936 = EDGE_LOOP('',(#3937,#3938,#3946,#3952));
#3937 = ORIENTED_EDGE('',*,*,#3923,.F.);
#3938 = ORIENTED_EDGE('',*,*,#3939,.T.);
#3939 = EDGE_CURVE('',#3916,#3940,#3942,.T.);
#3940 = VERTEX_POINT('',#3941);
#3941 = CARTESIAN_POINT('',(-1.914213478565,21.914213180542,4.75));
#3942 = LINE('',#3943,#3944);
#3943 = CARTESIAN_POINT('',(-0.606654888688,23.445171505843,4.75));
#3944 = VECTOR('',#3945,1.);
#3945 = DIRECTION('',(0.649447087379,0.760406786329,0.));
#3946 = ORIENTED_EDGE('',*,*,#3947,.T.);
#3947 = EDGE_CURVE('',#3940,#588,#3948,.T.);
#3948 = LINE('',#3949,#3950);
#3949 = CARTESIAN_POINT('',(-1.914213478565,21.914213180542,5.5));
#3950 = VECTOR('',#3951,1.);
#3951 = DIRECTION('',(0.,0.,-1.));
#3952 = ORIENTED_EDGE('',*,*,#587,.F.);
#3953 = PLANE('',#3954);
#3954 = AXIS2_PLACEMENT_3D('',#3955,#3956,#3957);
#3955 = CARTESIAN_POINT('',(-2.016123682261,21.794891357422,2.75));
#3956 = DIRECTION('',(-0.760406786329,0.649447087379,0.));
#3957 = DIRECTION('',(-0.649447087379,-0.760406786329,0.));
#3958 = ADVANCED_FACE('',(#3959),#3977,.T.);
#3959 = FACE_BOUND('',#3960,.T.);
#3960 = EDGE_LOOP('',(#3961,#3962,#3970,#3976));
#3961 = ORIENTED_EDGE('',*,*,#3947,.F.);
#3962 = ORIENTED_EDGE('',*,*,#3963,.T.);
#3963 = EDGE_CURVE('',#3940,#3964,#3966,.T.);
#3964 = VERTEX_POINT('',#3965);
#3965 = CARTESIAN_POINT('',(-1.675570189953,22.118034362793,4.75));
#3966 = LINE('',#3967,#3968);
#3967 = CARTESIAN_POINT('',(-0.228988257571,23.353535438039,4.75));
#3968 = VECTOR('',#3969,1.);
#3969 = DIRECTION('',(0.760405086397,0.649449077744,0.));
#3970 = ORIENTED_EDGE('',*,*,#3971,.T.);
#3971 = EDGE_CURVE('',#3964,#596,#3972,.T.);
#3972 = LINE('',#3973,#3974);
#3973 = CARTESIAN_POINT('',(-1.675570189953,22.118034362793,5.5));
#3974 = VECTOR('',#3975,1.);
#3975 = DIRECTION('',(0.,0.,-1.));
#3976 = ORIENTED_EDGE('',*,*,#595,.F.);
#3977 = PLANE('',#3978);
#3978 = AXIS2_PLACEMENT_3D('',#3979,#3980,#3981);
#3979 = CARTESIAN_POINT('',(-1.794891834259,22.016123771667,2.75));
#3980 = DIRECTION('',(-0.649449077744,0.760405086397,0.));
#3981 = DIRECTION('',(0.760405086397,0.649449077744,0.));
#3982 = ADVANCED_FACE('',(#3983),#4001,.T.);
#3983 = FACE_BOUND('',#3984,.T.);
#3984 = EDGE_LOOP('',(#3985,#3986,#3994,#4000));
#3985 = ORIENTED_EDGE('',*,*,#3971,.F.);
#3986 = ORIENTED_EDGE('',*,*,#3987,.T.);
#3987 = EDGE_CURVE('',#3964,#3988,#3990,.T.);
#3988 = VERTEX_POINT('',#3989);
#3989 = CARTESIAN_POINT('',(-1.407980799675,22.282012939453,4.75));
#3990 = LINE('',#3991,#3992);
#3991 = CARTESIAN_POINT('',(7.622709002188E-02,23.191534415501,4.75));
#3992 = VECTOR('',#3993,1.);
#3993 = DIRECTION('',(0.852640750056,0.522497608935,0.));
#3994 = ORIENTED_EDGE('',*,*,#3995,.T.);
#3995 = EDGE_CURVE('',#3988,#604,#3996,.T.);
#3996 = LINE('',#3997,#3998);
#3997 = CARTESIAN_POINT('',(-1.407980799675,22.282012939453,5.5));
#3998 = VECTOR('',#3999,1.);
#3999 = DIRECTION('',(0.,0.,-1.));
#4000 = ORIENTED_EDGE('',*,*,#603,.F.);
#4001 = PLANE('',#4002);
#4002 = AXIS2_PLACEMENT_3D('',#4003,#4004,#4005);
#4003 = CARTESIAN_POINT('',(-1.541775494814,22.200023651123,2.75));
#4004 = DIRECTION('',(-0.522497608935,0.852640750056,0.));
#4005 = DIRECTION('',(0.852640750056,0.522497608935,0.));
#4006 = ADVANCED_FACE('',(#4007),#4025,.T.);
#4007 = FACE_BOUND('',#4008,.T.);
#4008 = EDGE_LOOP('',(#4009,#4010,#4018,#4024));
#4009 = ORIENTED_EDGE('',*,*,#3995,.F.);
#4010 = ORIENTED_EDGE('',*,*,#4011,.T.);
#4011 = EDGE_CURVE('',#3988,#4012,#4014,.T.);
#4012 = VERTEX_POINT('',#4013);
#4013 = CARTESIAN_POINT('',(-1.118033766747,22.402112960815,4.75));
#4014 = LINE('',#4015,#4016);
#4015 = CARTESIAN_POINT('',(0.297652796928,22.988509672044,4.75));
#4016 = VECTOR('',#4017,1.);
#4017 = DIRECTION('',(0.92387950102,0.382683508391,0.));
#4018 = ORIENTED_EDGE('',*,*,#4019,.T.);
#4019 = EDGE_CURVE('',#4012,#612,#4020,.T.);
#4020 = LINE('',#4021,#4022);
#4021 = CARTESIAN_POINT('',(-1.118033766747,22.402112960815,5.5));
#4022 = VECTOR('',#4023,1.);
#4023 = DIRECTION('',(0.,0.,-1.));
#4024 = ORIENTED_EDGE('',*,*,#611,.F.);
#4025 = PLANE('',#4026);
#4026 = AXIS2_PLACEMENT_3D('',#4027,#4028,#4029);
#4027 = CARTESIAN_POINT('',(-1.263007283211,22.342062950134,2.75));
#4028 = DIRECTION('',(-0.382683508391,0.92387950102,0.));
#4029 = DIRECTION('',(0.92387950102,0.382683508391,0.));
#4030 = ADVANCED_FACE('',(#4031),#4049,.T.);
#4031 = FACE_BOUND('',#4032,.T.);
#4032 = EDGE_LOOP('',(#4033,#4034,#4042,#4048));
#4033 = ORIENTED_EDGE('',*,*,#4019,.F.);
#4034 = ORIENTED_EDGE('',*,*,#4035,.T.);
#4035 = EDGE_CURVE('',#4012,#4036,#4038,.T.);
#4036 = VERTEX_POINT('',#4037);
#4037 = CARTESIAN_POINT('',(-0.812868595123,22.47537612915,4.75));
#4038 = LINE('',#4039,#4040);
#4039 = CARTESIAN_POINT('',(0.434041920831,22.774730785329,4.75));
#4040 = VECTOR('',#4041,1.);
#4041 = DIRECTION('',(0.972370287382,0.23344383525,0.));
#4042 = ORIENTED_EDGE('',*,*,#4043,.T.);
#4043 = EDGE_CURVE('',#4036,#620,#4044,.T.);
#4044 = LINE('',#4045,#4046);
#4045 = CARTESIAN_POINT('',(-0.812868595123,22.47537612915,5.5));
#4046 = VECTOR('',#4047,1.);
#4047 = DIRECTION('',(0.,0.,-1.));
#4048 = ORIENTED_EDGE('',*,*,#619,.F.);
#4049 = PLANE('',#4050);
#4050 = AXIS2_PLACEMENT_3D('',#4051,#4052,#4053);
#4051 = CARTESIAN_POINT('',(-0.965451180935,22.438744544983,2.75));
#4052 = DIRECTION('',(-0.23344383525,0.972370287382,0.));
#4053 = DIRECTION('',(0.972370287382,0.23344383525,0.));
#4054 = ADVANCED_FACE('',(#4055),#4073,.T.);
#4055 = FACE_BOUND('',#4056,.T.);
#4056 = EDGE_LOOP('',(#4057,#4058,#4066,#4072));
#4057 = ORIENTED_EDGE('',*,*,#4043,.F.);
#4058 = ORIENTED_EDGE('',*,*,#4059,.T.);
#4059 = EDGE_CURVE('',#4036,#4060,#4062,.T.);
#4060 = VERTEX_POINT('',#4061);
#4061 = CARTESIAN_POINT('',(-0.5,22.5,4.75));
#4062 = LINE('',#4063,#4064);
#4063 = CARTESIAN_POINT('',(0.493845781316,22.578219196637,4.75));
#4064 = VECTOR('',#4065,1.);
#4065 = DIRECTION('',(0.996917189577,7.84609273878E-02,0.));
#4066 = ORIENTED_EDGE('',*,*,#4067,.F.);
#4067 = EDGE_CURVE('',#628,#4060,#4068,.T.);
#4068 = LINE('',#4069,#4070);
#4069 = CARTESIAN_POINT('',(-0.5,22.5,8.6E-16));
#4070 = VECTOR('',#4071,1.);
#4071 = DIRECTION('',(0.,0.,1.));
#4072 = ORIENTED_EDGE('',*,*,#627,.F.);
#4073 = PLANE('',#4074);
#4074 = AXIS2_PLACEMENT_3D('',#4075,#4076,#4077);
#4075 = CARTESIAN_POINT('',(-0.656434297562,22.487688064575,2.75));
#4076 = DIRECTION('',(-7.84609273878E-02,0.996917189577,0.));
#4077 = DIRECTION('',(0.996917189577,7.84609273878E-02,0.));
#4078 = ADVANCED_FACE('',(#4079),#4097,.T.);
#4079 = FACE_BOUND('',#4080,.T.);
#4080 = EDGE_LOOP('',(#4081,#4082,#4083,#4091));
#4081 = ORIENTED_EDGE('',*,*,#635,.F.);
#4082 = ORIENTED_EDGE('',*,*,#4067,.T.);
#4083 = ORIENTED_EDGE('',*,*,#4084,.T.);
#4084 = EDGE_CURVE('',#4060,#4085,#4087,.T.);
#4085 = VERTEX_POINT('',#4086);
#4086 = CARTESIAN_POINT('',(-0.18713092804,22.52462387085,4.75));
#4087 = LINE('',#4088,#4089);
#4088 = CARTESIAN_POINT('',(0.650280098992,22.590530995668,4.75));
#4089 = VECTOR('',#4090,1.);
#4090 = DIRECTION('',(0.99691719893,7.84608085433E-02,0.));
#4091 = ORIENTED_EDGE('',*,*,#4092,.T.);
#4092 = EDGE_CURVE('',#4085,#636,#4093,.T.);
#4093 = LINE('',#4094,#4095);
#4094 = CARTESIAN_POINT('',(-0.18713092804,22.52462387085,5.5));
#4095 = VECTOR('',#4096,1.);
#4096 = DIRECTION('',(0.,0.,-1.));
#4097 = PLANE('',#4098);
#4098 = AXIS2_PLACEMENT_3D('',#4099,#4100,#4101);
#4099 = CARTESIAN_POINT('',(-0.34356546402,22.512311935425,2.75));
#4100 = DIRECTION('',(-7.84608085433E-02,0.99691719893,0.));
#4101 = DIRECTION('',(0.99691719893,7.84608085433E-02,0.));
#4102 = ADVANCED_FACE('',(#4103),#4121,.T.);
#4103 = FACE_BOUND('',#4104,.T.);
#4104 = EDGE_LOOP('',(#4105,#4106,#4114,#4120));
#4105 = ORIENTED_EDGE('',*,*,#4092,.F.);
#4106 = ORIENTED_EDGE('',*,*,#4107,.T.);
#4107 = EDGE_CURVE('',#4085,#4108,#4110,.T.);
#4108 = VERTEX_POINT('',#4109);
#4109 = CARTESIAN_POINT('',(0.118034124374,22.597887039185,4.75));
#4110 = LINE('',#4111,#4112);
#4111 = CARTESIAN_POINT('',(0.910953994762,22.788249013732,4.75));
#4112 = VECTOR('',#4113,1.);
#4113 = DIRECTION('',(0.972370266682,0.233443921472,0.));
#4114 = ORIENTED_EDGE('',*,*,#4115,.T.);
#4115 = EDGE_CURVE('',#4108,#644,#4116,.T.);
#4116 = LINE('',#4117,#4118);
#4117 = CARTESIAN_POINT('',(0.118034124374,22.597887039185,5.5));
#4118 = VECTOR('',#4119,1.);
#4119 = DIRECTION('',(0.,0.,-1.));
#4120 = ORIENTED_EDGE('',*,*,#643,.F.);
#4121 = PLANE('',#4122);
#4122 = AXIS2_PLACEMENT_3D('',#4123,#4124,#4125);
#4123 = CARTESIAN_POINT('',(-3.454840183258E-02,22.561255455017,2.75));
#4124 = DIRECTION('',(-0.233443921472,0.972370266682,0.));
#4125 = DIRECTION('',(0.972370266682,0.233443921472,0.));
#4126 = ADVANCED_FACE('',(#4127),#4145,.T.);
#4127 = FACE_BOUND('',#4128,.T.);
#4128 = EDGE_LOOP('',(#4129,#4130,#4138,#4144));
#4129 = ORIENTED_EDGE('',*,*,#4115,.F.);
#4130 = ORIENTED_EDGE('',*,*,#4131,.T.);
#4131 = EDGE_CURVE('',#4108,#4132,#4134,.T.);
#4132 = VERTEX_POINT('',#4133);
#4133 = CARTESIAN_POINT('',(0.407981157303,22.717987060547,4.75));
#4134 = LINE('',#4135,#4136);
#4135 = CARTESIAN_POINT('',(1.116560970446,23.011490497488,4.75));
#4136 = VECTOR('',#4137,1.);
#4137 = DIRECTION('',(0.92387950102,0.382683508391,0.));
#4138 = ORIENTED_EDGE('',*,*,#4139,.T.);
#4139 = EDGE_CURVE('',#4132,#652,#4140,.T.);
#4140 = LINE('',#4141,#4142);
#4141 = CARTESIAN_POINT('',(0.407981157303,22.717987060547,5.5));
#4142 = VECTOR('',#4143,1.);
#4143 = DIRECTION('',(0.,0.,-1.));
#4144 = ORIENTED_EDGE('',*,*,#651,.F.);
#4145 = PLANE('',#4146);
#4146 = AXIS2_PLACEMENT_3D('',#4147,#4148,#4149);
#4147 = CARTESIAN_POINT('',(0.263007640839,22.657937049866,2.75));
#4148 = DIRECTION('',(-0.382683508391,0.92387950102,0.));
#4149 = DIRECTION('',(0.92387950102,0.382683508391,0.));
#4150 = ADVANCED_FACE('',(#4151),#4169,.T.);
#4151 = FACE_BOUND('',#4152,.T.);
#4152 = EDGE_LOOP('',(#4153,#4154,#4162,#4168));
#4153 = ORIENTED_EDGE('',*,*,#4139,.F.);
#4154 = ORIENTED_EDGE('',*,*,#4155,.T.);
#4155 = EDGE_CURVE('',#4132,#4156,#4158,.T.);
#4156 = VERTEX_POINT('',#4157);
#4157 = CARTESIAN_POINT('',(0.675570726395,22.881965637207,4.75));
#4158 = LINE('',#4159,#4160);
#4159 = CARTESIAN_POINT('',(1.268771210404,23.245478203755,4.75));
#4160 = VECTOR('',#4161,1.);
#4161 = DIRECTION('',(0.852640905605,0.522497355102,0.));
#4162 = ORIENTED_EDGE('',*,*,#4163,.T.);
#4163 = EDGE_CURVE('',#4156,#660,#4164,.T.);
#4164 = LINE('',#4165,#4166);
#4165 = CARTESIAN_POINT('',(0.675570726395,22.881965637207,5.5));
#4166 = VECTOR('',#4167,1.);
#4167 = DIRECTION('',(0.,0.,-1.));
#4168 = ORIENTED_EDGE('',*,*,#659,.F.);
#4169 = PLANE('',#4170);
#4170 = AXIS2_PLACEMENT_3D('',#4171,#4172,#4173);
#4171 = CARTESIAN_POINT('',(0.541775941849,22.799976348877,2.75));
#4172 = DIRECTION('',(-0.522497355102,0.852640905605,0.));
#4173 = DIRECTION('',(0.852640905605,0.522497355102,0.));
#4174 = ADVANCED_FACE('',(#4175),#4193,.T.);
#4175 = FACE_BOUND('',#4176,.T.);
#4176 = EDGE_LOOP('',(#4177,#4178,#4186,#4192));
#4177 = ORIENTED_EDGE('',*,*,#4163,.F.);
#4178 = ORIENTED_EDGE('',*,*,#4179,.T.);
#4179 = EDGE_CURVE('',#4156,#4180,#4182,.T.);
#4180 = VERTEX_POINT('',#4181);
#4181 = CARTESIAN_POINT('',(0.914213657379,23.085786819458,4.75));
#4182 = LINE('',#4183,#4184);
#4183 = CARTESIAN_POINT('',(1.373108896844,23.47772204189,4.75));
#4184 = VECTOR('',#4185,1.);
#4185 = DIRECTION('',(0.760404605759,0.649449640496,0.));
#4186 = ORIENTED_EDGE('',*,*,#4187,.T.);
#4187 = EDGE_CURVE('',#4180,#668,#4188,.T.);
#4188 = LINE('',#4189,#4190);
#4189 = CARTESIAN_POINT('',(0.914213657379,23.085786819458,5.5));
#4190 = VECTOR('',#4191,1.);
#4191 = DIRECTION('',(0.,0.,-1.));
#4192 = ORIENTED_EDGE('',*,*,#667,.F.);
#4193 = PLANE('',#4194);
#4194 = AXIS2_PLACEMENT_3D('',#4195,#4196,#4197);
#4195 = CARTESIAN_POINT('',(0.794892191887,22.983876228333,2.75));
#4196 = DIRECTION('',(-0.649449640496,0.760404605759,0.));
#4197 = DIRECTION('',(0.760404605759,0.649449640496,0.));
#4198 = ADVANCED_FACE('',(#4199),#4217,.T.);
#4199 = FACE_BOUND('',#4200,.T.);
#4200 = EDGE_LOOP('',(#4201,#4202,#4210,#4216));
#4201 = ORIENTED_EDGE('',*,*,#4187,.F.);
#4202 = ORIENTED_EDGE('',*,*,#4203,.T.);
#4203 = EDGE_CURVE('',#4180,#4204,#4206,.T.);
#4204 = VERTEX_POINT('',#4205);
#4205 = CARTESIAN_POINT('',(1.118034124374,23.324430465698,4.75));
#4206 = LINE('',#4207,#4208);
#4207 = CARTESIAN_POINT('',(1.437906086265,23.698953262358,4.75));
#4208 = VECTOR('',#4209,1.);
#4209 = DIRECTION('',(0.649447197195,0.760406692537,0.));
#4210 = ORIENTED_EDGE('',*,*,#4211,.T.);
#4211 = EDGE_CURVE('',#4204,#676,#4212,.T.);
#4212 = LINE('',#4213,#4214);
#4213 = CARTESIAN_POINT('',(1.118034124374,23.324430465698,5.5));
#4214 = VECTOR('',#4215,1.);
#4215 = DIRECTION('',(0.,0.,-1.));
#4216 = ORIENTED_EDGE('',*,*,#675,.F.);
#4217 = PLANE('',#4218);
#4218 = AXIS2_PLACEMENT_3D('',#4219,#4220,#4221);
#4219 = CARTESIAN_POINT('',(1.016123890877,23.205108642578,2.75));
#4220 = DIRECTION('',(-0.760406692537,0.649447197195,0.));
#4221 = DIRECTION('',(-0.649447197195,-0.760406692537,0.));
#4222 = ADVANCED_FACE('',(#4223),#4241,.T.);
#4223 = FACE_BOUND('',#4224,.T.);
#4224 = EDGE_LOOP('',(#4225,#4226,#4234,#4240));
#4225 = ORIENTED_EDGE('',*,*,#4211,.F.);
#4226 = ORIENTED_EDGE('',*,*,#4227,.T.);
#4227 = EDGE_CURVE('',#4204,#4228,#4230,.T.);
#4228 = VERTEX_POINT('',#4229);
#4229 = CARTESIAN_POINT('',(1.282013177872,23.59202003479,4.75));
#4230 = LINE('',#4231,#4232);
#4231 = CARTESIAN_POINT('',(1.473028114308,23.903728167268,4.75));
#4232 = VECTOR('',#4233,1.);
#4233 = DIRECTION('',(0.522498459686,0.852640228716,0.));
#4234 = ORIENTED_EDGE('',*,*,#4235,.T.);
#4235 = EDGE_CURVE('',#4228,#684,#4236,.T.);
#4236 = LINE('',#4237,#4238);
#4237 = CARTESIAN_POINT('',(1.282013177872,23.59202003479,5.5));
#4238 = VECTOR('',#4239,1.);
#4239 = DIRECTION('',(0.,0.,-1.));
#4240 = ORIENTED_EDGE('',*,*,#683,.F.);
#4241 = PLANE('',#4242);
#4242 = AXIS2_PLACEMENT_3D('',#4243,#4244,#4245);
#4243 = CARTESIAN_POINT('',(1.200023651123,23.458225250244,2.75));
#4244 = DIRECTION('',(-0.852640228716,0.522498459686,0.));
#4245 = DIRECTION('',(-0.522498459686,-0.852640228716,0.));
#4246 = ADVANCED_FACE('',(#4247),#4265,.T.);
#4247 = FACE_BOUND('',#4248,.T.);
#4248 = EDGE_LOOP('',(#4249,#4250,#4258,#4264));
#4249 = ORIENTED_EDGE('',*,*,#4235,.F.);
#4250 = ORIENTED_EDGE('',*,*,#4251,.T.);
#4251 = EDGE_CURVE('',#4228,#4252,#4254,.T.);
#4252 = VERTEX_POINT('',#4253);
#4253 = CARTESIAN_POINT('',(1.402113199234,23.881965637207,4.75));
#4254 = LINE('',#4255,#4256);
#4255 = CARTESIAN_POINT('',(1.488510323514,24.090545668771,4.75));
#4256 = VECTOR('',#4257,1.);
#4257 = DIRECTION('',(0.382685119945,0.923878833491,0.));
#4258 = ORIENTED_EDGE('',*,*,#4259,.T.);
#4259 = EDGE_CURVE('',#4252,#692,#4260,.T.);
#4260 = LINE('',#4261,#4262);
#4261 = CARTESIAN_POINT('',(1.402113199234,23.881965637207,5.5));
#4262 = VECTOR('',#4263,1.);
#4263 = DIRECTION('',(0.,0.,-1.));
#4264 = ORIENTED_EDGE('',*,*,#691,.F.);
#4265 = PLANE('',#4266);
#4266 = AXIS2_PLACEMENT_3D('',#4267,#4268,#4269);
#4267 = CARTESIAN_POINT('',(1.342063188553,23.736992835999,2.75));
#4268 = DIRECTION('',(-0.923878833491,0.382685119945,0.));
#4269 = DIRECTION('',(-0.382685119945,-0.923878833491,0.));
#4270 = ADVANCED_FACE('',(#4271),#4289,.T.);
#4271 = FACE_BOUND('',#4272,.T.);
#4272 = EDGE_LOOP('',(#4273,#4274,#4282,#4288));
#4273 = ORIENTED_EDGE('',*,*,#4259,.F.);
#4274 = ORIENTED_EDGE('',*,*,#4275,.T.);
#4275 = EDGE_CURVE('',#4252,#4276,#4278,.T.);
#4276 = VERTEX_POINT('',#4277);
#4277 = CARTESIAN_POINT('',(1.475376844406,24.187129974365,4.75));
#4278 = LINE('',#4279,#4280);
#4279 = CARTESIAN_POINT('',(1.493241955031,24.261543343088,4.75));
#4280 = VECTOR('',#4281,1.);
#4281 = DIRECTION('',(0.233445875393,0.972369797588,0.));
#4282 = ORIENTED_EDGE('',*,*,#4283,.T.);
#4283 = EDGE_CURVE('',#4276,#700,#4284,.T.);
#4284 = LINE('',#4285,#4286);
#4285 = CARTESIAN_POINT('',(1.475376844406,24.187129974365,5.5));
#4286 = VECTOR('',#4287,1.);
#4287 = DIRECTION('',(0.,0.,-1.));
#4288 = ORIENTED_EDGE('',*,*,#699,.F.);
#4289 = PLANE('',#4290);
#4290 = AXIS2_PLACEMENT_3D('',#4291,#4292,#4293);
#4291 = CARTESIAN_POINT('',(1.43874502182,24.034547805786,2.75));
#4292 = DIRECTION('',(-0.972369797588,0.233445875393,0.));
#4293 = DIRECTION('',(-0.233445875393,-0.972369797588,0.));
#4294 = ADVANCED_FACE('',(#4295),#4313,.T.);
#4295 = FACE_BOUND('',#4296,.T.);
#4296 = EDGE_LOOP('',(#4297,#4298,#4306,#4312));
#4297 = ORIENTED_EDGE('',*,*,#4283,.F.);
#4298 = ORIENTED_EDGE('',*,*,#4299,.T.);
#4299 = EDGE_CURVE('',#4276,#4300,#4302,.T.);
#4300 = VERTEX_POINT('',#4301);
#4301 = CARTESIAN_POINT('',(1.5,24.5,4.75));
#4302 = LINE('',#4303,#4304);
#4303 = CARTESIAN_POINT('',(1.493844211102,24.421782493591,4.75));
#4304 = VECTOR('',#4305,1.);
#4305 = DIRECTION('',(7.845830582101E-02,0.9969173959,0.));
#4306 = ORIENTED_EDGE('',*,*,#4307,.F.);
#4307 = EDGE_CURVE('',#708,#4300,#4308,.T.);
#4308 = LINE('',#4309,#4310);
#4309 = CARTESIAN_POINT('',(1.5,24.5,0.));
#4310 = VECTOR('',#4311,1.);
#4311 = DIRECTION('',(0.,0.,1.));
#4312 = ORIENTED_EDGE('',*,*,#707,.F.);
#4313 = PLANE('',#4314);
#4314 = AXIS2_PLACEMENT_3D('',#4315,#4316,#4317);
#4315 = CARTESIAN_POINT('',(1.487688422203,24.343564987183,2.75));
#4316 = DIRECTION('',(-0.9969173959,7.845830582101E-02,0.));
#4317 = DIRECTION('',(-7.845830582101E-02,-0.9969173959,0.));
#4318 = ADVANCED_FACE('',(#4319),#4344,.T.);
#4319 = FACE_BOUND('',#4320,.T.);
#4320 = EDGE_LOOP('',(#4321,#4329,#4330,#4338));
#4321 = ORIENTED_EDGE('',*,*,#4322,.F.);
#4322 = EDGE_CURVE('',#724,#4323,#4325,.T.);
#4323 = VERTEX_POINT('',#4324);
#4324 = CARTESIAN_POINT('',(1.62374162674,26.457944869995,16.));
#4325 = LINE('',#4326,#4327);
#4326 = CARTESIAN_POINT('',(1.62374162674,26.457944869995,0.));
#4327 = VECTOR('',#4328,1.);
#4328 = DIRECTION('',(0.,0.,1.));
#4329 = ORIENTED_EDGE('',*,*,#723,.F.);
#4330 = ORIENTED_EDGE('',*,*,#4331,.F.);
#4331 = EDGE_CURVE('',#4332,#716,#4334,.T.);
#4332 = VERTEX_POINT('',#4333);
#4333 = CARTESIAN_POINT('',(1.5,24.88966178894,16.));
#4334 = LINE('',#4335,#4336);
#4335 = CARTESIAN_POINT('',(1.5,24.88966178894,16.));
#4336 = VECTOR('',#4337,1.);
#4337 = DIRECTION('',(0.,0.,-1.));
#4338 = ORIENTED_EDGE('',*,*,#4339,.F.);
#4339 = EDGE_CURVE('',#4323,#4332,#4340,.T.);
#4340 = LINE('',#4341,#4342);
#4341 = CARTESIAN_POINT('',(1.62374162674,26.457944869995,16.));
#4342 = VECTOR('',#4343,1.);
#4343 = DIRECTION('',(-7.865814098204E-02,-0.996901648538,0.));
#4344 = PLANE('',#4345);
#4345 = AXIS2_PLACEMENT_3D('',#4346,#4347,#4348);
#4346 = CARTESIAN_POINT('',(1.56187081337,25.673803329468,8.));
#4347 = DIRECTION('',(-0.996901648538,7.865814098204E-02,0.));
#4348 = DIRECTION('',(-7.865814098204E-02,-0.996901648538,0.));
#4349 = ADVANCED_FACE('',(#4350),#4368,.T.);
#4350 = FACE_BOUND('',#4351,.T.);
#4351 = EDGE_LOOP('',(#4352,#4360,#4361,#4362));
#4352 = ORIENTED_EDGE('',*,*,#4353,.F.);
#4353 = EDGE_CURVE('',#732,#4354,#4356,.T.);
#4354 = VERTEX_POINT('',#4355);
#4355 = CARTESIAN_POINT('',(1.991903781891,27.987419128418,16.));
#4356 = LINE('',#4357,#4358);
#4357 = CARTESIAN_POINT('',(1.991903781891,27.987419128418,0.));
#4358 = VECTOR('',#4359,1.);
#4359 = DIRECTION('',(0.,0.,1.));
#4360 = ORIENTED_EDGE('',*,*,#731,.F.);
#4361 = ORIENTED_EDGE('',*,*,#4322,.T.);
#4362 = ORIENTED_EDGE('',*,*,#4363,.F.);
#4363 = EDGE_CURVE('',#4354,#4323,#4364,.T.);
#4364 = LINE('',#4365,#4366);
#4365 = CARTESIAN_POINT('',(1.991903781891,27.987419128418,16.));
#4366 = VECTOR('',#4367,1.);
#4367 = DIRECTION('',(-0.234027034529,-0.972230089593,0.));
#4368 = PLANE('',#4369);
#4369 = AXIS2_PLACEMENT_3D('',#4370,#4371,#4372);
#4370 = CARTESIAN_POINT('',(1.807822704315,27.222681999207,8.));
#4371 = DIRECTION('',(-0.972230089593,0.234027034529,0.));
#4372 = DIRECTION('',(-0.234027034529,-0.972230089593,0.));
#4373 = ADVANCED_FACE('',(#4374),#4392,.T.);
#4374 = FACE_BOUND('',#4375,.T.);
#4375 = EDGE_LOOP('',(#4376,#4384,#4385,#4386));
#4376 = ORIENTED_EDGE('',*,*,#4377,.F.);
#4377 = EDGE_CURVE('',#740,#4378,#4380,.T.);
#4378 = VERTEX_POINT('',#4379);
#4379 = CARTESIAN_POINT('',(2.595374584198,29.440225601196,16.));
#4380 = LINE('',#4381,#4382);
#4381 = CARTESIAN_POINT('',(2.595374584198,29.440225601196,0.));
#4382 = VECTOR('',#4383,1.);
#4383 = DIRECTION('',(0.,0.,1.));
#4384 = ORIENTED_EDGE('',*,*,#739,.F.);
#4385 = ORIENTED_EDGE('',*,*,#4353,.T.);
#4386 = ORIENTED_EDGE('',*,*,#4387,.F.);
#4387 = EDGE_CURVE('',#4378,#4354,#4388,.T.);
#4388 = LINE('',#4389,#4390);
#4389 = CARTESIAN_POINT('',(2.595374584198,29.440225601196,16.));
#4390 = VECTOR('',#4391,1.);
#4391 = DIRECTION('',(-0.38360488861,-0.923497314254,0.));
#4392 = PLANE('',#4393);
#4393 = AXIS2_PLACEMENT_3D('',#4394,#4395,#4396);
#4394 = CARTESIAN_POINT('',(2.293639183044,28.713822364807,8.));
#4395 = DIRECTION('',(-0.923497314254,0.38360488861,0.));
#4396 = DIRECTION('',(-0.38360488861,-0.923497314254,0.));
#4397 = ADVANCED_FACE('',(#4398),#4416,.T.);
#4398 = FACE_BOUND('',#4399,.T.);
#4399 = EDGE_LOOP('',(#4400,#4408,#4409,#4410));
#4400 = ORIENTED_EDGE('',*,*,#4401,.F.);
#4401 = EDGE_CURVE('',#748,#4402,#4404,.T.);
#4402 = VERTEX_POINT('',#4403);
#4403 = CARTESIAN_POINT('',(3.41922044754,30.780416488647,16.));
#4404 = LINE('',#4405,#4406);
#4405 = CARTESIAN_POINT('',(3.41922044754,30.780416488647,0.));
#4406 = VECTOR('',#4407,1.);
#4407 = DIRECTION('',(0.,0.,1.));
#4408 = ORIENTED_EDGE('',*,*,#747,.F.);
#4409 = ORIENTED_EDGE('',*,*,#4377,.T.);
#4410 = ORIENTED_EDGE('',*,*,#4411,.F.);
#4411 = EDGE_CURVE('',#4402,#4378,#4412,.T.);
#4412 = LINE('',#4413,#4414);
#4413 = CARTESIAN_POINT('',(3.41922044754,30.780416488647,16.));
#4414 = VECTOR('',#4415,1.);
#4415 = DIRECTION('',(-0.523688409099,-0.851909883835,0.));
#4416 = PLANE('',#4417);
#4417 = AXIS2_PLACEMENT_3D('',#4418,#4419,#4420);
#4418 = CARTESIAN_POINT('',(3.007297515869,30.110321044922,8.));
#4419 = DIRECTION('',(-0.851909883835,0.523688409099,0.));
#4420 = DIRECTION('',(-0.523688409099,-0.851909883835,0.));
#4421 = ADVANCED_FACE('',(#4422),#4440,.T.);
#4422 = FACE_BOUND('',#4423,.T.);
#4423 = EDGE_LOOP('',(#4424,#4432,#4433,#4434));
#4424 = ORIENTED_EDGE('',*,*,#4425,.F.);
#4425 = EDGE_CURVE('',#756,#4426,#4428,.T.);
#4426 = VERTEX_POINT('',#4427);
#4427 = CARTESIAN_POINT('',(4.443051815033,31.97481918335,16.));
#4428 = LINE('',#4429,#4430);
#4429 = CARTESIAN_POINT('',(4.443051815033,31.97481918335,0.));
#4430 = VECTOR('',#4431,1.);
#4431 = DIRECTION('',(0.,0.,1.));
#4432 = ORIENTED_EDGE('',*,*,#755,.F.);
#4433 = ORIENTED_EDGE('',*,*,#4401,.T.);
#4434 = ORIENTED_EDGE('',*,*,#4435,.F.);
#4435 = EDGE_CURVE('',#4426,#4402,#4436,.T.);
#4436 = LINE('',#4437,#4438);
#4437 = CARTESIAN_POINT('',(4.443051815033,31.97481918335,16.));
#4438 = VECTOR('',#4439,1.);
#4439 = DIRECTION('',(-0.650812490924,-0.759238501169,0.));
#4440 = PLANE('',#4441);
#4441 = AXIS2_PLACEMENT_3D('',#4442,#4443,#4444);
#4442 = CARTESIAN_POINT('',(3.931136131287,31.377617835999,8.));
#4443 = DIRECTION('',(-0.759238501169,0.650812490924,0.));
#4444 = DIRECTION('',(-0.650812490924,-0.759238501169,0.));
#4445 = ADVANCED_FACE('',(#4446),#4464,.T.);
#4446 = FACE_BOUND('',#4447,.T.);
#4447 = EDGE_LOOP('',(#4448,#4456,#4457,#4458));
#4448 = ORIENTED_EDGE('',*,*,#4449,.F.);
#4449 = EDGE_CURVE('',#764,#4450,#4452,.T.);
#4450 = VERTEX_POINT('',#4451);
#4451 = CARTESIAN_POINT('',(5.641530990601,32.993873596191,16.));
#4452 = LINE('',#4453,#4454);
#4453 = CARTESIAN_POINT('',(5.641530990601,32.993873596191,-6.94E-15));
#4454 = VECTOR('',#4455,1.);
#4455 = DIRECTION('',(0.,0.,1.));
#4456 = ORIENTED_EDGE('',*,*,#763,.F.);
#4457 = ORIENTED_EDGE('',*,*,#4425,.T.);
#4458 = ORIENTED_EDGE('',*,*,#4459,.F.);
#4459 = EDGE_CURVE('',#4450,#4426,#4460,.T.);
#4460 = LINE('',#4461,#4462);
#4461 = CARTESIAN_POINT('',(5.641530990601,32.993873596191,16.));
#4462 = VECTOR('',#4463,1.);
#4463 = DIRECTION('',(-0.761830424223,-0.647776508318,0.));
#4464 = PLANE('',#4465);
#4465 = AXIS2_PLACEMENT_3D('',#4466,#4467,#4468);
#4466 = CARTESIAN_POINT('',(5.042291402817,32.484346389771,8.));
#4467 = DIRECTION('',(-0.647776508318,0.761830424223,0.));
#4468 = DIRECTION('',(0.761830424223,0.647776508318,0.));
#4469 = ADVANCED_FACE('',(#4470),#4488,.T.);
#4470 = FACE_BOUND('',#4471,.T.);
#4471 = EDGE_LOOP('',(#4472,#4480,#4481,#4482));
#4472 = ORIENTED_EDGE('',*,*,#4473,.T.);
#4473 = EDGE_CURVE('',#4474,#772,#4476,.T.);
#4474 = VERTEX_POINT('',#4475);
#4475 = CARTESIAN_POINT('',(7.307085037231,34.197891235352,16.));
#4476 = LINE('',#4477,#4478);
#4477 = CARTESIAN_POINT('',(7.307085037231,34.197891235352,16.));
#4478 = VECTOR('',#4479,1.);
#4479 = DIRECTION('',(0.,0.,-1.));
#4480 = ORIENTED_EDGE('',*,*,#771,.T.);
#4481 = ORIENTED_EDGE('',*,*,#4449,.T.);
#4482 = ORIENTED_EDGE('',*,*,#4483,.T.);
#4483 = EDGE_CURVE('',#4450,#4474,#4484,.T.);
#4484 = LINE('',#4485,#4486);
#4485 = CARTESIAN_POINT('',(5.641530990601,32.993873596191,16.));
#4486 = VECTOR('',#4487,1.);
#4487 = DIRECTION('',(0.810421062554,0.58584784831,0.));
#4488 = PLANE('',#4489);
#4489 = AXIS2_PLACEMENT_3D('',#4490,#4491,#4492);
#4490 = CARTESIAN_POINT('',(6.474308013916,33.595882415771,8.));
#4491 = DIRECTION('',(-0.58584784831,0.810421062554,0.));
#4492 = DIRECTION('',(0.810421062554,0.58584784831,0.));
#4493 = ADVANCED_FACE('',(#4494),#4512,.T.);
#4494 = FACE_BOUND('',#4495,.T.);
#4495 = EDGE_LOOP('',(#4496,#4504,#4505,#4506));
#4496 = ORIENTED_EDGE('',*,*,#4497,.F.);
#4497 = EDGE_CURVE('',#780,#4498,#4500,.T.);
#4498 = VERTEX_POINT('',#4499);
#4499 = CARTESIAN_POINT('',(8.699709892273,35.041091918945,16.));
#4500 = LINE('',#4501,#4502);
#4501 = CARTESIAN_POINT('',(8.699709892273,35.041091918945,0.));
#4502 = VECTOR('',#4503,1.);
#4503 = DIRECTION('',(0.,0.,1.));
#4504 = ORIENTED_EDGE('',*,*,#779,.F.);
#4505 = ORIENTED_EDGE('',*,*,#4473,.F.);
#4506 = ORIENTED_EDGE('',*,*,#4507,.F.);
#4507 = EDGE_CURVE('',#4498,#4474,#4508,.T.);
#4508 = LINE('',#4509,#4510);
#4509 = CARTESIAN_POINT('',(8.699709892273,35.041091918945,16.));
#4510 = VECTOR('',#4511,1.);
#4511 = DIRECTION('',(-0.855419481722,-0.517935816768,0.));
#4512 = PLANE('',#4513);
#4513 = AXIS2_PLACEMENT_3D('',#4514,#4515,#4516);
#4514 = CARTESIAN_POINT('',(8.003397464752,34.619491577148,8.));
#4515 = DIRECTION('',(-0.517935816768,0.855419481722,0.));
#4516 = DIRECTION('',(0.855419481722,0.517935816768,0.));
#4517 = ADVANCED_FACE('',(#4518),#4536,.T.);
#4518 = FACE_BOUND('',#4519,.T.);
#4519 = EDGE_LOOP('',(#4520,#4528,#4529,#4530));
#4520 = ORIENTED_EDGE('',*,*,#4521,.F.);
#4521 = EDGE_CURVE('',#788,#4522,#4524,.T.);
#4522 = VERTEX_POINT('',#4523);
#4523 = CARTESIAN_POINT('',(10.210698127747,35.647148132324,16.));
#4524 = LINE('',#4525,#4526);
#4525 = CARTESIAN_POINT('',(10.210698127747,35.647148132324,0.));
#4526 = VECTOR('',#4527,1.);
#4527 = DIRECTION('',(0.,0.,1.));
#4528 = ORIENTED_EDGE('',*,*,#787,.F.);
#4529 = ORIENTED_EDGE('',*,*,#4497,.T.);
#4530 = ORIENTED_EDGE('',*,*,#4531,.F.);
#4531 = EDGE_CURVE('',#4522,#4498,#4532,.T.);
#4532 = LINE('',#4533,#4534);
#4533 = CARTESIAN_POINT('',(10.210698127747,35.647148132324,16.));
#4534 = VECTOR('',#4535,1.);
#4535 = DIRECTION('',(-0.928124474485,-0.372270009352,0.));
#4536 = PLANE('',#4537);
#4537 = AXIS2_PLACEMENT_3D('',#4538,#4539,#4540);
#4538 = CARTESIAN_POINT('',(9.45520401001,35.344120025635,8.));
#4539 = DIRECTION('',(-0.372270009352,0.928124474485,0.));
#4540 = DIRECTION('',(0.928124474485,0.372270009352,0.));
#4541 = ADVANCED_FACE('',(#4542),#4553,.T.);
#4542 = FACE_BOUND('',#4543,.T.);
#4543 = EDGE_LOOP('',(#4544,#4545,#4546,#4547));
#4544 = ORIENTED_EDGE('',*,*,#938,.F.);
#4545 = ORIENTED_EDGE('',*,*,#795,.F.);
#4546 = ORIENTED_EDGE('',*,*,#4521,.T.);
#4547 = ORIENTED_EDGE('',*,*,#4548,.F.);
#4548 = EDGE_CURVE('',#939,#4522,#4549,.T.);
#4549 = LINE('',#4550,#4551);
#4550 = CARTESIAN_POINT('',(11.800000190735,36.,16.));
#4551 = VECTOR('',#4552,1.);
#4552 = DIRECTION('',(-0.97622949439,-0.21673941562,0.));
#4553 = PLANE('',#4554);
#4554 = AXIS2_PLACEMENT_3D('',#4555,#4556,#4557);
#4555 = CARTESIAN_POINT('',(11.005349159241,35.823574066162,8.));
#4556 = DIRECTION('',(-0.21673941562,0.97622949439,0.));
#4557 = DIRECTION('',(0.97622949439,0.21673941562,0.));
#4558 = ADVANCED_FACE('',(#4559,#4616),#4627,.T.);
#4559 = FACE_BOUND('',#4560,.T.);
#4560 = EDGE_LOOP('',(#4561,#4562,#4570,#4578,#4586,#4594,#4602,#4610));
#4561 = ORIENTED_EDGE('',*,*,#803,.F.);
#4562 = ORIENTED_EDGE('',*,*,#4563,.T.);
#4563 = EDGE_CURVE('',#804,#4564,#4566,.T.);
#4564 = VERTEX_POINT('',#4565);
#4565 = CARTESIAN_POINT('',(17.300001144409,65.,1.550000071526));
#4566 = LINE('',#4567,#4568);
#4567 = CARTESIAN_POINT('',(17.300001144409,65.,-1.388E-14));
#4568 = VECTOR('',#4569,1.);
#4569 = DIRECTION('',(0.,0.,1.));
#4570 = ORIENTED_EDGE('',*,*,#4571,.T.);
#4571 = EDGE_CURVE('',#4564,#4572,#4574,.T.);
#4572 = VERTEX_POINT('',#4573);
#4573 = CARTESIAN_POINT('',(17.300001144409,40.950000762939,
    1.550000071526));
#4574 = LINE('',#4575,#4576);
#4575 = CARTESIAN_POINT('',(17.300001144409,65.,1.550000071526));
#4576 = VECTOR('',#4577,1.);
#4577 = DIRECTION('',(0.,-1.,0.));
#4578 = ORIENTED_EDGE('',*,*,#4579,.T.);
#4579 = EDGE_CURVE('',#4572,#4580,#4582,.T.);
#4580 = VERTEX_POINT('',#4581);
#4581 = CARTESIAN_POINT('',(17.300001144409,40.950000762939,
    14.449999809265));
#4582 = LINE('',#4583,#4584);
#4583 = CARTESIAN_POINT('',(17.300001144409,40.950000762939,
    1.550000071526));
#4584 = VECTOR('',#4585,1.);
#4585 = DIRECTION('',(0.,0.,1.));
#4586 = ORIENTED_EDGE('',*,*,#4587,.T.);
#4587 = EDGE_CURVE('',#4580,#4588,#4590,.T.);
#4588 = VERTEX_POINT('',#4589);
#4589 = CARTESIAN_POINT('',(17.300001144409,65.,14.449999809265));
#4590 = LINE('',#4591,#4592);
#4591 = CARTESIAN_POINT('',(17.300001144409,40.950000762939,
    14.449999809265));
#4592 = VECTOR('',#4593,1.);
#4593 = DIRECTION('',(0.,1.,0.));
#4594 = ORIENTED_EDGE('',*,*,#4595,.F.);
#4595 = EDGE_CURVE('',#4596,#4588,#4598,.T.);
#4596 = VERTEX_POINT('',#4597);
#4597 = CARTESIAN_POINT('',(17.300001144409,65.,16.));
#4598 = LINE('',#4599,#4600);
#4599 = CARTESIAN_POINT('',(17.300001144409,65.,16.));
#4600 = VECTOR('',#4601,1.);
#4601 = DIRECTION('',(0.,0.,-1.));
#4602 = ORIENTED_EDGE('',*,*,#4603,.F.);
#4603 = EDGE_CURVE('',#4604,#4596,#4606,.T.);
#4604 = VERTEX_POINT('',#4605);
#4605 = CARTESIAN_POINT('',(17.300001144409,36.,16.));
#4606 = LINE('',#4607,#4608);
#4607 = CARTESIAN_POINT('',(17.300001144409,36.,16.));
#4608 = VECTOR('',#4609,1.);
#4609 = DIRECTION('',(0.,1.,0.));
#4610 = ORIENTED_EDGE('',*,*,#4611,.T.);
#4611 = EDGE_CURVE('',#4604,#806,#4612,.T.);
#4612 = LINE('',#4613,#4614);
#4613 = CARTESIAN_POINT('',(17.300001144409,36.,16.));
#4614 = VECTOR('',#4615,1.);
#4615 = DIRECTION('',(0.,0.,-1.));
#4616 = FACE_BOUND('',#4617,.T.);
#4617 = EDGE_LOOP('',(#4618));
#4618 = ORIENTED_EDGE('',*,*,#4619,.T.);
#4619 = EDGE_CURVE('',#4620,#4620,#4622,.T.);
#4620 = VERTEX_POINT('',#4621);
#4621 = CARTESIAN_POINT('',(17.300001144409,38.399999767158,
    7.99999899977));
#4622 = CIRCLE('',#4623,0.85);
#4623 = AXIS2_PLACEMENT_3D('',#4624,#4625,#4626);
#4624 = CARTESIAN_POINT('',(17.300001144409,39.249999767158,
    7.99999899977));
#4625 = DIRECTION('',(-1.,0.,0.));
#4626 = DIRECTION('',(0.,-1.,0.));
#4627 = PLANE('',#4628);
#4628 = AXIS2_PLACEMENT_3D('',#4629,#4630,#4631);
#4629 = CARTESIAN_POINT('',(17.300001144409,49.115514327363,
    7.99999997924));
#4630 = DIRECTION('',(1.,0.,0.));
#4631 = DIRECTION('',(0.,0.,1.));
#4632 = ADVANCED_FACE('',(#4633,#4651),#4676,.T.);
#4633 = FACE_BOUND('',#4634,.T.);
#4634 = EDGE_LOOP('',(#4635,#4643,#4644,#4645));
#4635 = ORIENTED_EDGE('',*,*,#4636,.F.);
#4636 = EDGE_CURVE('',#814,#4637,#4639,.T.);
#4637 = VERTEX_POINT('',#4638);
#4638 = CARTESIAN_POINT('',(32.799999237061,36.,16.));
#4639 = LINE('',#4640,#4641);
#4640 = CARTESIAN_POINT('',(32.799999237061,36.,-1.388E-14));
#4641 = VECTOR('',#4642,1.);
#4642 = DIRECTION('',(0.,0.,1.));
#4643 = ORIENTED_EDGE('',*,*,#813,.T.);
#4644 = ORIENTED_EDGE('',*,*,#4611,.F.);
#4645 = ORIENTED_EDGE('',*,*,#4646,.T.);
#4646 = EDGE_CURVE('',#4604,#4637,#4647,.T.);
#4647 = LINE('',#4648,#4649);
#4648 = CARTESIAN_POINT('',(17.300001144409,36.,16.));
#4649 = VECTOR('',#4650,1.);
#4650 = DIRECTION('',(1.,0.,0.));
#4651 = FACE_BOUND('',#4652,.T.);
#4652 = EDGE_LOOP('',(#4653,#4654,#4662,#4670));
#4653 = ORIENTED_EDGE('',*,*,#883,.T.);
#4654 = ORIENTED_EDGE('',*,*,#4655,.T.);
#4655 = EDGE_CURVE('',#876,#4656,#4658,.T.);
#4656 = VERTEX_POINT('',#4657);
#4657 = CARTESIAN_POINT('',(31.34991645813,36.,13.));
#4658 = LINE('',#4659,#4660);
#4659 = CARTESIAN_POINT('',(31.34991645813,36.,3.));
#4660 = VECTOR('',#4661,1.);
#4661 = DIRECTION('',(0.,0.,1.));
#4662 = ORIENTED_EDGE('',*,*,#4663,.T.);
#4663 = EDGE_CURVE('',#4656,#4664,#4666,.T.);
#4664 = VERTEX_POINT('',#4665);
#4665 = CARTESIAN_POINT('',(26.34991645813,36.,13.));
#4666 = LINE('',#4667,#4668);
#4667 = CARTESIAN_POINT('',(31.34991645813,36.,13.));
#4668 = VECTOR('',#4669,1.);
#4669 = DIRECTION('',(-1.,0.,0.));
#4670 = ORIENTED_EDGE('',*,*,#4671,.T.);
#4671 = EDGE_CURVE('',#4664,#884,#4672,.T.);
#4672 = LINE('',#4673,#4674);
#4673 = CARTESIAN_POINT('',(26.34991645813,36.,13.));
#4674 = VECTOR('',#4675,1.);
#4675 = DIRECTION('',(0.,0.,-1.));
#4676 = PLANE('',#4677);
#4677 = AXIS2_PLACEMENT_3D('',#4678,#4679,#4680);
#4678 = CARTESIAN_POINT('',(25.050000190735,36.,8.));
#4679 = DIRECTION('',(0.,1.,0.));
#4680 = DIRECTION('',(0.,0.,1.));
#4681 = ADVANCED_FACE('',(#4682),#4732,.T.);
#4682 = FACE_BOUND('',#4683,.T.);
#4683 = EDGE_LOOP('',(#4684,#4685,#4693,#4701,#4709,#4717,#4725,#4731));
#4684 = ORIENTED_EDGE('',*,*,#4636,.T.);
#4685 = ORIENTED_EDGE('',*,*,#4686,.F.);
#4686 = EDGE_CURVE('',#4687,#4637,#4689,.T.);
#4687 = VERTEX_POINT('',#4688);
#4688 = CARTESIAN_POINT('',(32.799999237061,65.,16.));
#4689 = LINE('',#4690,#4691);
#4690 = CARTESIAN_POINT('',(32.799999237061,65.,16.));
#4691 = VECTOR('',#4692,1.);
#4692 = DIRECTION('',(0.,-1.,0.));
#4693 = ORIENTED_EDGE('',*,*,#4694,.T.);
#4694 = EDGE_CURVE('',#4687,#4695,#4697,.T.);
#4695 = VERTEX_POINT('',#4696);
#4696 = CARTESIAN_POINT('',(32.799999237061,65.,14.449999809265));
#4697 = LINE('',#4698,#4699);
#4698 = CARTESIAN_POINT('',(32.799999237061,65.,16.));
#4699 = VECTOR('',#4700,1.);
#4700 = DIRECTION('',(0.,0.,-1.));
#4701 = ORIENTED_EDGE('',*,*,#4702,.T.);
#4702 = EDGE_CURVE('',#4695,#4703,#4705,.T.);
#4703 = VERTEX_POINT('',#4704);
#4704 = CARTESIAN_POINT('',(32.799999237061,65.049995422363,
    14.449999809265));
#4705 = LINE('',#4706,#4707);
#4706 = CARTESIAN_POINT('',(32.799999237061,65.,14.449999809265));
#4707 = VECTOR('',#4708,1.);
#4708 = DIRECTION('',(0.,1.,0.));
#4709 = ORIENTED_EDGE('',*,*,#4710,.T.);
#4710 = EDGE_CURVE('',#4703,#4711,#4713,.T.);
#4711 = VERTEX_POINT('',#4712);
#4712 = CARTESIAN_POINT('',(32.799999237061,65.049995422363,
    1.550000071526));
#4713 = LINE('',#4714,#4715);
#4714 = CARTESIAN_POINT('',(32.799999237061,65.049995422363,
    14.449999809265));
#4715 = VECTOR('',#4716,1.);
#4716 = DIRECTION('',(0.,0.,-1.));
#4717 = ORIENTED_EDGE('',*,*,#4718,.T.);
#4718 = EDGE_CURVE('',#4711,#4719,#4721,.T.);
#4719 = VERTEX_POINT('',#4720);
#4720 = CARTESIAN_POINT('',(32.799999237061,65.,1.550000071526));
#4721 = LINE('',#4722,#4723);
#4722 = CARTESIAN_POINT('',(32.799999237061,65.049995422363,
    1.550000071526));
#4723 = VECTOR('',#4724,1.);
#4724 = DIRECTION('',(0.,-1.,0.));
#4725 = ORIENTED_EDGE('',*,*,#4726,.T.);
#4726 = EDGE_CURVE('',#4719,#822,#4727,.T.);
#4727 = LINE('',#4728,#4729);
#4728 = CARTESIAN_POINT('',(32.799999237061,65.,1.550000071526));
#4729 = VECTOR('',#4730,1.);
#4730 = DIRECTION('',(0.,0.,-1.));
#4731 = ORIENTED_EDGE('',*,*,#821,.F.);
#4732 = PLANE('',#4733);
#4733 = AXIS2_PLACEMENT_3D('',#4734,#4735,#4736);
#4734 = CARTESIAN_POINT('',(32.799999237061,50.523277557595,
    7.999999999934));
#4735 = DIRECTION('',(-1.,-0.,-0.));
#4736 = DIRECTION('',(0.,0.,-1.));
#4737 = ADVANCED_FACE('',(#4738),#4749,.T.);
#4738 = FACE_BOUND('',#4739,.T.);
#4739 = EDGE_LOOP('',(#4740,#4741,#4742,#4743));
#4740 = ORIENTED_EDGE('',*,*,#4563,.F.);
#4741 = ORIENTED_EDGE('',*,*,#829,.T.);
#4742 = ORIENTED_EDGE('',*,*,#4726,.F.);
#4743 = ORIENTED_EDGE('',*,*,#4744,.T.);
#4744 = EDGE_CURVE('',#4719,#4564,#4745,.T.);
#4745 = LINE('',#4746,#4747);
#4746 = CARTESIAN_POINT('',(32.799999237061,65.,1.550000071526));
#4747 = VECTOR('',#4748,1.);
#4748 = DIRECTION('',(-1.,0.,0.));
#4749 = PLANE('',#4750);
#4750 = AXIS2_PLACEMENT_3D('',#4751,#4752,#4753);
#4751 = CARTESIAN_POINT('',(25.050000190735,65.,0.775000035763));
#4752 = DIRECTION('',(-0.,-1.,-0.));
#4753 = DIRECTION('',(0.,0.,-1.));
#4754 = ADVANCED_FACE('',(#4755),#4772,.T.);
#4755 = FACE_BOUND('',#4756,.T.);
#4756 = EDGE_LOOP('',(#4757,#4765,#4771));
#4757 = ORIENTED_EDGE('',*,*,#4758,.T.);
#4758 = EDGE_CURVE('',#844,#4759,#4761,.T.);
#4759 = VERTEX_POINT('',#4760);
#4760 = CARTESIAN_POINT('',(30.240673065186,33.366184234619,13.));
#4761 = LINE('',#4762,#4763);
#4762 = CARTESIAN_POINT('',(31.827505111694,32.968311309814,16.));
#4763 = VECTOR('',#4764,1.);
#4764 = DIRECTION('',(-0.464384396082,0.116437009392,-0.87794621448));
#4765 = ORIENTED_EDGE('',*,*,#4766,.T.);
#4766 = EDGE_CURVE('',#4759,#852,#4767,.T.);
#4767 = LINE('',#4768,#4769);
#4768 = CARTESIAN_POINT('',(30.240673065186,33.366184234619,13.));
#4769 = VECTOR('',#4770,1.);
#4770 = DIRECTION('',(0.975755307315,-0.218864296418,0.));
#4771 = ORIENTED_EDGE('',*,*,#851,.T.);
#4772 = PLANE('',#4773);
#4773 = AXIS2_PLACEMENT_3D('',#4774,#4775,#4776);
#4774 = CARTESIAN_POINT('',(31.220438714515,33.128587916429,
    14.275491871142));
#4775 = DIRECTION('',(-0.218843933742,-0.975664525083,
    -1.364064365887E-02));
#4776 = DIRECTION('',(-0.975755307315,0.218864296418,5.817507696561E-19)
  );
#4777 = ADVANCED_FACE('',(#4778),#4789,.T.);
#4778 = FACE_BOUND('',#4779,.T.);
#4779 = EDGE_LOOP('',(#4780,#4781,#4782,#4788));
#4780 = ORIENTED_EDGE('',*,*,#875,.F.);
#4781 = ORIENTED_EDGE('',*,*,#859,.F.);
#4782 = ORIENTED_EDGE('',*,*,#4783,.T.);
#4783 = EDGE_CURVE('',#852,#4656,#4784,.T.);
#4784 = LINE('',#4785,#4786);
#4785 = CARTESIAN_POINT('',(31.34991645813,33.117378234863,13.));
#4786 = VECTOR('',#4787,1.);
#4787 = DIRECTION('',(0.,1.,0.));
#4788 = ORIENTED_EDGE('',*,*,#4655,.F.);
#4789 = PLANE('',#4790);
#4790 = AXIS2_PLACEMENT_3D('',#4791,#4792,#4793);
#4791 = CARTESIAN_POINT('',(31.34991645813,34.558689117432,8.));
#4792 = DIRECTION('',(-1.,-0.,-0.));
#4793 = DIRECTION('',(0.,0.,-1.));
#4794 = ADVANCED_FACE('',(#4795),#4806,.T.);
#4795 = FACE_BOUND('',#4796,.T.);
#4796 = EDGE_LOOP('',(#4797,#4803,#4804,#4805));
#4797 = ORIENTED_EDGE('',*,*,#4798,.T.);
#4798 = EDGE_CURVE('',#4664,#2779,#4799,.T.);
#4799 = LINE('',#4800,#4801);
#4800 = CARTESIAN_POINT('',(26.34991645813,36.,13.));
#4801 = VECTOR('',#4802,1.);
#4802 = DIRECTION('',(0.,-1.,0.));
#4803 = ORIENTED_EDGE('',*,*,#2778,.F.);
#4804 = ORIENTED_EDGE('',*,*,#891,.T.);
#4805 = ORIENTED_EDGE('',*,*,#4671,.F.);
#4806 = PLANE('',#4807);
#4807 = AXIS2_PLACEMENT_3D('',#4808,#4809,#4810);
#4808 = CARTESIAN_POINT('',(26.34991645813,34.75,8.));
#4809 = DIRECTION('',(1.,0.,0.));
#4810 = DIRECTION('',(0.,0.,1.));
#4811 = ADVANCED_FACE('',(#4812,#5234),#5245,.T.);
#4812 = FACE_BOUND('',#4813,.T.);
#4813 = EDGE_LOOP('',(#4814,#4815,#4816,#4817,#4818,#4826,#4832,#4833,
    #4834,#4835,#4836,#4837,#4838,#4839,#4845,#4846,#4847,#4848,#4849,
    #4850,#4851,#4852,#4853,#4854,#4855,#4856,#4862,#4863,#4864,#4865,
    #4866,#4867,#4868,#4869,#4870,#4871,#4872,#4873,#4874,#4882,#4890,
    #4898,#4906,#4914,#4922,#4930,#4938,#4946,#4954,#4962,#4970,#4978,
    #4986,#4994,#5002,#5010,#5018,#5026,#5034,#5042,#5050,#5058,#5066,
    #5074,#5082,#5090,#5098,#5106,#5114,#5122,#5130,#5138,#5146,#5154,
    #5162,#5170,#5178,#5186,#5194,#5202,#5210,#5218,#5224,#5225,#5226,
    #5227,#5228,#5229,#5230,#5231,#5232,#5233));
#4814 = ORIENTED_EDGE('',*,*,#2883,.T.);
#4815 = ORIENTED_EDGE('',*,*,#2850,.T.);
#4816 = ORIENTED_EDGE('',*,*,#2826,.T.);
#4817 = ORIENTED_EDGE('',*,*,#2802,.F.);
#4818 = ORIENTED_EDGE('',*,*,#4819,.F.);
#4819 = EDGE_CURVE('',#4820,#2795,#4822,.T.);
#4820 = VERTEX_POINT('',#4821);
#4821 = CARTESIAN_POINT('',(30.240673065186,33.366184234619,16.));
#4822 = LINE('',#4823,#4824);
#4823 = CARTESIAN_POINT('',(30.240673065186,33.366184234619,16.));
#4824 = VECTOR('',#4825,1.);
#4825 = DIRECTION('',(-0.996649022179,8.179686173492E-02,0.));
#4826 = ORIENTED_EDGE('',*,*,#4827,.F.);
#4827 = EDGE_CURVE('',#844,#4820,#4828,.T.);
#4828 = LINE('',#4829,#4830);
#4829 = CARTESIAN_POINT('',(31.827505111694,32.968311309814,16.));
#4830 = VECTOR('',#4831,1.);
#4831 = DIRECTION('',(-0.969974722653,0.243205751193,0.));
#4832 = ORIENTED_EDGE('',*,*,#2760,.F.);
#4833 = ORIENTED_EDGE('',*,*,#2736,.F.);
#4834 = ORIENTED_EDGE('',*,*,#2712,.F.);
#4835 = ORIENTED_EDGE('',*,*,#2688,.T.);
#4836 = ORIENTED_EDGE('',*,*,#2664,.T.);
#4837 = ORIENTED_EDGE('',*,*,#2640,.T.);
#4838 = ORIENTED_EDGE('',*,*,#2319,.F.);
#4839 = ORIENTED_EDGE('',*,*,#4840,.T.);
#4840 = EDGE_CURVE('',#2312,#1645,#4841,.T.);
#4841 = LINE('',#4842,#4843);
#4842 = CARTESIAN_POINT('',(36.799999237061,5.,16.));
#4843 = VECTOR('',#4844,1.);
#4844 = DIRECTION('',(1.,0.,0.));
#4845 = ORIENTED_EDGE('',*,*,#1644,.F.);
#4846 = ORIENTED_EDGE('',*,*,#1629,.T.);
#4847 = ORIENTED_EDGE('',*,*,#1605,.T.);
#4848 = ORIENTED_EDGE('',*,*,#1581,.T.);
#4849 = ORIENTED_EDGE('',*,*,#1557,.T.);
#4850 = ORIENTED_EDGE('',*,*,#1524,.F.);
#4851 = ORIENTED_EDGE('',*,*,#1509,.T.);
#4852 = ORIENTED_EDGE('',*,*,#1485,.T.);
#4853 = ORIENTED_EDGE('',*,*,#1461,.T.);
#4854 = ORIENTED_EDGE('',*,*,#1437,.T.);
#4855 = ORIENTED_EDGE('',*,*,#1402,.F.);
#4856 = ORIENTED_EDGE('',*,*,#4857,.T.);
#4857 = EDGE_CURVE('',#1395,#969,#4858,.T.);
#4858 = LINE('',#4859,#4860);
#4859 = CARTESIAN_POINT('',(35.300003051758,68.,16.));
#4860 = VECTOR('',#4861,1.);
#4861 = DIRECTION('',(-1.,0.,0.));
#4862 = ORIENTED_EDGE('',*,*,#968,.T.);
#4863 = ORIENTED_EDGE('',*,*,#946,.F.);
#4864 = ORIENTED_EDGE('',*,*,#4548,.T.);
#4865 = ORIENTED_EDGE('',*,*,#4531,.T.);
#4866 = ORIENTED_EDGE('',*,*,#4507,.T.);
#4867 = ORIENTED_EDGE('',*,*,#4483,.F.);
#4868 = ORIENTED_EDGE('',*,*,#4459,.T.);
#4869 = ORIENTED_EDGE('',*,*,#4435,.T.);
#4870 = ORIENTED_EDGE('',*,*,#4411,.T.);
#4871 = ORIENTED_EDGE('',*,*,#4387,.T.);
#4872 = ORIENTED_EDGE('',*,*,#4363,.T.);
#4873 = ORIENTED_EDGE('',*,*,#4339,.T.);
#4874 = ORIENTED_EDGE('',*,*,#4875,.F.);
#4875 = EDGE_CURVE('',#4876,#4332,#4878,.T.);
#4876 = VERTEX_POINT('',#4877);
#4877 = CARTESIAN_POINT('',(1.5,24.5,16.));
#4878 = LINE('',#4879,#4880);
#4879 = CARTESIAN_POINT('',(1.5,24.5,16.));
#4880 = VECTOR('',#4881,1.);
#4881 = DIRECTION('',(0.,1.,0.));
#4882 = ORIENTED_EDGE('',*,*,#4883,.T.);
#4883 = EDGE_CURVE('',#4876,#4884,#4886,.T.);
#4884 = VERTEX_POINT('',#4885);
#4885 = CARTESIAN_POINT('',(1.475376844406,24.187129974365,16.));
#4886 = LINE('',#4887,#4888);
#4887 = CARTESIAN_POINT('',(1.5,24.5,16.));
#4888 = VECTOR('',#4889,1.);
#4889 = DIRECTION('',(-7.845830582101E-02,-0.9969173959,0.));
#4890 = ORIENTED_EDGE('',*,*,#4891,.T.);
#4891 = EDGE_CURVE('',#4884,#4892,#4894,.T.);
#4892 = VERTEX_POINT('',#4893);
#4893 = CARTESIAN_POINT('',(1.402113199234,23.881965637207,16.));
#4894 = LINE('',#4895,#4896);
#4895 = CARTESIAN_POINT('',(1.475376844406,24.187129974365,16.));
#4896 = VECTOR('',#4897,1.);
#4897 = DIRECTION('',(-0.233445875393,-0.972369797588,0.));
#4898 = ORIENTED_EDGE('',*,*,#4899,.T.);
#4899 = EDGE_CURVE('',#4892,#4900,#4902,.T.);
#4900 = VERTEX_POINT('',#4901);
#4901 = CARTESIAN_POINT('',(1.282013177872,23.59202003479,16.));
#4902 = LINE('',#4903,#4904);
#4903 = CARTESIAN_POINT('',(1.402113199234,23.881965637207,16.));
#4904 = VECTOR('',#4905,1.);
#4905 = DIRECTION('',(-0.382685119945,-0.923878833491,0.));
#4906 = ORIENTED_EDGE('',*,*,#4907,.T.);
#4907 = EDGE_CURVE('',#4900,#4908,#4910,.T.);
#4908 = VERTEX_POINT('',#4909);
#4909 = CARTESIAN_POINT('',(1.118034124374,23.324430465698,16.));
#4910 = LINE('',#4911,#4912);
#4911 = CARTESIAN_POINT('',(1.282013177872,23.59202003479,16.));
#4912 = VECTOR('',#4913,1.);
#4913 = DIRECTION('',(-0.522498459686,-0.852640228716,0.));
#4914 = ORIENTED_EDGE('',*,*,#4915,.T.);
#4915 = EDGE_CURVE('',#4908,#4916,#4918,.T.);
#4916 = VERTEX_POINT('',#4917);
#4917 = CARTESIAN_POINT('',(0.914213657379,23.085786819458,16.));
#4918 = LINE('',#4919,#4920);
#4919 = CARTESIAN_POINT('',(1.118034124374,23.324430465698,16.));
#4920 = VECTOR('',#4921,1.);
#4921 = DIRECTION('',(-0.649447197195,-0.760406692537,0.));
#4922 = ORIENTED_EDGE('',*,*,#4923,.T.);
#4923 = EDGE_CURVE('',#4916,#4924,#4926,.T.);
#4924 = VERTEX_POINT('',#4925);
#4925 = CARTESIAN_POINT('',(0.675570726395,22.881965637207,16.));
#4926 = LINE('',#4927,#4928);
#4927 = CARTESIAN_POINT('',(0.914213657379,23.085786819458,16.));
#4928 = VECTOR('',#4929,1.);
#4929 = DIRECTION('',(-0.760404605759,-0.649449640496,0.));
#4930 = ORIENTED_EDGE('',*,*,#4931,.T.);
#4931 = EDGE_CURVE('',#4924,#4932,#4934,.T.);
#4932 = VERTEX_POINT('',#4933);
#4933 = CARTESIAN_POINT('',(0.407981157303,22.717987060547,16.));
#4934 = LINE('',#4935,#4936);
#4935 = CARTESIAN_POINT('',(0.675570726395,22.881965637207,16.));
#4936 = VECTOR('',#4937,1.);
#4937 = DIRECTION('',(-0.852640905605,-0.522497355102,0.));
#4938 = ORIENTED_EDGE('',*,*,#4939,.T.);
#4939 = EDGE_CURVE('',#4932,#4940,#4942,.T.);
#4940 = VERTEX_POINT('',#4941);
#4941 = CARTESIAN_POINT('',(0.118034124374,22.597887039185,16.));
#4942 = LINE('',#4943,#4944);
#4943 = CARTESIAN_POINT('',(0.407981157303,22.717987060547,16.));
#4944 = VECTOR('',#4945,1.);
#4945 = DIRECTION('',(-0.92387950102,-0.382683508391,0.));
#4946 = ORIENTED_EDGE('',*,*,#4947,.T.);
#4947 = EDGE_CURVE('',#4940,#4948,#4950,.T.);
#4948 = VERTEX_POINT('',#4949);
#4949 = CARTESIAN_POINT('',(-0.18713092804,22.52462387085,16.));
#4950 = LINE('',#4951,#4952);
#4951 = CARTESIAN_POINT('',(0.118034124374,22.597887039185,16.));
#4952 = VECTOR('',#4953,1.);
#4953 = DIRECTION('',(-0.972370266682,-0.233443921472,0.));
#4954 = ORIENTED_EDGE('',*,*,#4955,.T.);
#4955 = EDGE_CURVE('',#4948,#4956,#4958,.T.);
#4956 = VERTEX_POINT('',#4957);
#4957 = CARTESIAN_POINT('',(-0.5,22.5,16.));
#4958 = LINE('',#4959,#4960);
#4959 = CARTESIAN_POINT('',(-0.18713092804,22.52462387085,16.));
#4960 = VECTOR('',#4961,1.);
#4961 = DIRECTION('',(-0.99691719893,-7.84608085433E-02,0.));
#4962 = ORIENTED_EDGE('',*,*,#4963,.T.);
#4963 = EDGE_CURVE('',#4956,#4964,#4966,.T.);
#4964 = VERTEX_POINT('',#4965);
#4965 = CARTESIAN_POINT('',(-0.812868595123,22.47537612915,16.));
#4966 = LINE('',#4967,#4968);
#4967 = CARTESIAN_POINT('',(-0.5,22.5,16.));
#4968 = VECTOR('',#4969,1.);
#4969 = DIRECTION('',(-0.996917189577,-7.84609273878E-02,0.));
#4970 = ORIENTED_EDGE('',*,*,#4971,.T.);
#4971 = EDGE_CURVE('',#4964,#4972,#4974,.T.);
#4972 = VERTEX_POINT('',#4973);
#4973 = CARTESIAN_POINT('',(-1.118033766747,22.402112960815,16.));
#4974 = LINE('',#4975,#4976);
#4975 = CARTESIAN_POINT('',(-0.812868595123,22.47537612915,16.));
#4976 = VECTOR('',#4977,1.);
#4977 = DIRECTION('',(-0.972370287382,-0.23344383525,0.));
#4978 = ORIENTED_EDGE('',*,*,#4979,.T.);
#4979 = EDGE_CURVE('',#4972,#4980,#4982,.T.);
#4980 = VERTEX_POINT('',#4981);
#4981 = CARTESIAN_POINT('',(-1.407980799675,22.282012939453,16.));
#4982 = LINE('',#4983,#4984);
#4983 = CARTESIAN_POINT('',(-1.118033766747,22.402112960815,16.));
#4984 = VECTOR('',#4985,1.);
#4985 = DIRECTION('',(-0.92387950102,-0.382683508391,0.));
#4986 = ORIENTED_EDGE('',*,*,#4987,.T.);
#4987 = EDGE_CURVE('',#4980,#4988,#4990,.T.);
#4988 = VERTEX_POINT('',#4989);
#4989 = CARTESIAN_POINT('',(-1.675570189953,22.118034362793,16.));
#4990 = LINE('',#4991,#4992);
#4991 = CARTESIAN_POINT('',(-1.407980799675,22.282012939453,16.));
#4992 = VECTOR('',#4993,1.);
#4993 = DIRECTION('',(-0.852640750056,-0.522497608935,0.));
#4994 = ORIENTED_EDGE('',*,*,#4995,.T.);
#4995 = EDGE_CURVE('',#4988,#4996,#4998,.T.);
#4996 = VERTEX_POINT('',#4997);
#4997 = CARTESIAN_POINT('',(-1.914213478565,21.914213180542,16.));
#4998 = LINE('',#4999,#5000);
#4999 = CARTESIAN_POINT('',(-1.675570189953,22.118034362793,16.));
#5000 = VECTOR('',#5001,1.);
#5001 = DIRECTION('',(-0.760405086397,-0.649449077744,0.));
#5002 = ORIENTED_EDGE('',*,*,#5003,.T.);
#5003 = EDGE_CURVE('',#4996,#5004,#5006,.T.);
#5004 = VERTEX_POINT('',#5005);
#5005 = CARTESIAN_POINT('',(-2.118033885956,21.675569534302,16.));
#5006 = LINE('',#5007,#5008);
#5007 = CARTESIAN_POINT('',(-1.914213478565,21.914213180542,16.));
#5008 = VECTOR('',#5009,1.);
#5009 = DIRECTION('',(-0.649447087379,-0.760406786329,0.));
#5010 = ORIENTED_EDGE('',*,*,#5011,.T.);
#5011 = EDGE_CURVE('',#5004,#5012,#5014,.T.);
#5012 = VERTEX_POINT('',#5013);
#5013 = CARTESIAN_POINT('',(-2.28201277554,21.40797996521,16.));
#5014 = LINE('',#5015,#5016);
#5015 = CARTESIAN_POINT('',(-2.118033885956,21.675569534302,16.));
#5016 = VECTOR('',#5017,1.);
#5017 = DIRECTION('',(-0.522498079986,-0.852640461397,0.));
#5018 = ORIENTED_EDGE('',*,*,#5019,.T.);
#5019 = EDGE_CURVE('',#5012,#5020,#5022,.T.);
#5020 = VERTEX_POINT('',#5021);
#5021 = CARTESIAN_POINT('',(-2.402112871408,21.118034362793,16.));
#5022 = LINE('',#5023,#5024);
#5023 = CARTESIAN_POINT('',(-2.28201277554,21.40797996521,16.));
#5024 = VECTOR('',#5025,1.);
#5025 = DIRECTION('',(-0.382685322582,-0.923878749556,0.));
#5026 = ORIENTED_EDGE('',*,*,#5027,.T.);
#5027 = EDGE_CURVE('',#5020,#5028,#5030,.T.);
#5028 = VERTEX_POINT('',#5029);
#5029 = CARTESIAN_POINT('',(-2.475376296788,20.812870025635,16.));
#5030 = LINE('',#5031,#5032);
#5031 = CARTESIAN_POINT('',(-2.402112871408,21.118034362793,16.));
#5032 = VECTOR('',#5033,1.);
#5033 = DIRECTION('',(-0.233445213218,-0.972369956563,0.));
#5034 = ORIENTED_EDGE('',*,*,#5035,.T.);
#5035 = EDGE_CURVE('',#5028,#5036,#5038,.T.);
#5036 = VERTEX_POINT('',#5037);
#5037 = CARTESIAN_POINT('',(-2.5,20.5,16.));
#5038 = LINE('',#5039,#5040);
#5039 = CARTESIAN_POINT('',(-2.475376296788,20.812870025635,16.));
#5040 = VECTOR('',#5041,1.);
#5041 = DIRECTION('',(-7.846003998807E-02,-0.996917259418,0.));
#5042 = ORIENTED_EDGE('',*,*,#5043,.T.);
#5043 = EDGE_CURVE('',#5036,#5044,#5046,.T.);
#5044 = VERTEX_POINT('',#5045);
#5045 = CARTESIAN_POINT('',(-2.5,18.,16.));
#5046 = LINE('',#5047,#5048);
#5047 = CARTESIAN_POINT('',(-2.5,20.5,16.));
#5048 = VECTOR('',#5049,1.);
#5049 = DIRECTION('',(0.,-1.,0.));
#5050 = ORIENTED_EDGE('',*,*,#5051,.T.);
#5051 = EDGE_CURVE('',#5044,#5052,#5054,.T.);
#5052 = VERTEX_POINT('',#5053);
#5053 = CARTESIAN_POINT('',(-2.475376296788,17.687129974365,16.));
#5054 = LINE('',#5055,#5056);
#5055 = CARTESIAN_POINT('',(-2.5,18.,16.));
#5056 = VECTOR('',#5057,1.);
#5057 = DIRECTION('',(7.846003998807E-02,-0.996917259418,0.));
#5058 = ORIENTED_EDGE('',*,*,#5059,.T.);
#5059 = EDGE_CURVE('',#5052,#5060,#5062,.T.);
#5060 = VERTEX_POINT('',#5061);
#5061 = CARTESIAN_POINT('',(-2.402112871408,17.381965637207,16.));
#5062 = LINE('',#5063,#5064);
#5063 = CARTESIAN_POINT('',(-2.475376296788,17.687129974365,16.));
#5064 = VECTOR('',#5065,1.);
#5065 = DIRECTION('',(0.233445213218,-0.972369956563,0.));
#5066 = ORIENTED_EDGE('',*,*,#5067,.T.);
#5067 = EDGE_CURVE('',#5060,#5068,#5070,.T.);
#5068 = VERTEX_POINT('',#5069);
#5069 = CARTESIAN_POINT('',(-2.28201277554,17.09202003479,16.));
#5070 = LINE('',#5071,#5072);
#5071 = CARTESIAN_POINT('',(-2.402112871408,17.381965637207,16.));
#5072 = VECTOR('',#5073,1.);
#5073 = DIRECTION('',(0.382685322582,-0.923878749556,0.));
#5074 = ORIENTED_EDGE('',*,*,#5075,.T.);
#5075 = EDGE_CURVE('',#5068,#5076,#5078,.T.);
#5076 = VERTEX_POINT('',#5077);
#5077 = CARTESIAN_POINT('',(-2.118033885956,16.824430465698,16.));
#5078 = LINE('',#5079,#5080);
#5079 = CARTESIAN_POINT('',(-2.28201277554,17.09202003479,16.));
#5080 = VECTOR('',#5081,1.);
#5081 = DIRECTION('',(0.522498079986,-0.852640461397,0.));
#5082 = ORIENTED_EDGE('',*,*,#5083,.T.);
#5083 = EDGE_CURVE('',#5076,#5084,#5086,.T.);
#5084 = VERTEX_POINT('',#5085);
#5085 = CARTESIAN_POINT('',(-1.914213478565,16.585786819458,16.));
#5086 = LINE('',#5087,#5088);
#5087 = CARTESIAN_POINT('',(-2.118033885956,16.824430465698,16.));
#5088 = VECTOR('',#5089,1.);
#5089 = DIRECTION('',(0.649447087379,-0.760406786329,0.));
#5090 = ORIENTED_EDGE('',*,*,#5091,.T.);
#5091 = EDGE_CURVE('',#5084,#5092,#5094,.T.);
#5092 = VERTEX_POINT('',#5093);
#5093 = CARTESIAN_POINT('',(-1.675570189953,16.381965637207,16.));
#5094 = LINE('',#5095,#5096);
#5095 = CARTESIAN_POINT('',(-1.914213478565,16.585786819458,16.));
#5096 = VECTOR('',#5097,1.);
#5097 = DIRECTION('',(0.760405086397,-0.649449077744,0.));
#5098 = ORIENTED_EDGE('',*,*,#5099,.T.);
#5099 = EDGE_CURVE('',#5092,#5100,#5102,.T.);
#5100 = VERTEX_POINT('',#5101);
#5101 = CARTESIAN_POINT('',(-1.407980799675,16.217987060547,16.));
#5102 = LINE('',#5103,#5104);
#5103 = CARTESIAN_POINT('',(-1.675570189953,16.381965637207,16.));
#5104 = VECTOR('',#5105,1.);
#5105 = DIRECTION('',(0.852640750056,-0.522497608935,0.));
#5106 = ORIENTED_EDGE('',*,*,#5107,.T.);
#5107 = EDGE_CURVE('',#5100,#5108,#5110,.T.);
#5108 = VERTEX_POINT('',#5109);
#5109 = CARTESIAN_POINT('',(-1.118033766747,16.097887039185,16.));
#5110 = LINE('',#5111,#5112);
#5111 = CARTESIAN_POINT('',(-1.407980799675,16.217987060547,16.));
#5112 = VECTOR('',#5113,1.);
#5113 = DIRECTION('',(0.92387950102,-0.382683508391,0.));
#5114 = ORIENTED_EDGE('',*,*,#5115,.T.);
#5115 = EDGE_CURVE('',#5108,#5116,#5118,.T.);
#5116 = VERTEX_POINT('',#5117);
#5117 = CARTESIAN_POINT('',(-0.812868595123,16.02462387085,16.));
#5118 = LINE('',#5119,#5120);
#5119 = CARTESIAN_POINT('',(-1.118033766747,16.097887039185,16.));
#5120 = VECTOR('',#5121,1.);
#5121 = DIRECTION('',(0.972370287382,-0.23344383525,0.));
#5122 = ORIENTED_EDGE('',*,*,#5123,.T.);
#5123 = EDGE_CURVE('',#5116,#5124,#5126,.T.);
#5124 = VERTEX_POINT('',#5125);
#5125 = CARTESIAN_POINT('',(-0.5,16.,16.));
#5126 = LINE('',#5127,#5128);
#5127 = CARTESIAN_POINT('',(-0.812868595123,16.02462387085,16.));
#5128 = VECTOR('',#5129,1.);
#5129 = DIRECTION('',(0.996917189577,-7.84609273878E-02,0.));
#5130 = ORIENTED_EDGE('',*,*,#5131,.T.);
#5131 = EDGE_CURVE('',#5124,#5132,#5134,.T.);
#5132 = VERTEX_POINT('',#5133);
#5133 = CARTESIAN_POINT('',(-0.18713092804,15.97537612915,16.));
#5134 = LINE('',#5135,#5136);
#5135 = CARTESIAN_POINT('',(-0.5,16.,16.));
#5136 = VECTOR('',#5137,1.);
#5137 = DIRECTION('',(0.99691719893,-7.84608085433E-02,0.));
#5138 = ORIENTED_EDGE('',*,*,#5139,.T.);
#5139 = EDGE_CURVE('',#5132,#5140,#5142,.T.);
#5140 = VERTEX_POINT('',#5141);
#5141 = CARTESIAN_POINT('',(0.118034124374,15.902112960815,16.));
#5142 = LINE('',#5143,#5144);
#5143 = CARTESIAN_POINT('',(-0.18713092804,15.97537612915,16.));
#5144 = VECTOR('',#5145,1.);
#5145 = DIRECTION('',(0.972370266682,-0.233443921472,0.));
#5146 = ORIENTED_EDGE('',*,*,#5147,.T.);
#5147 = EDGE_CURVE('',#5140,#5148,#5150,.T.);
#5148 = VERTEX_POINT('',#5149);
#5149 = CARTESIAN_POINT('',(0.407981157303,15.782013893127,16.));
#5150 = LINE('',#5151,#5152);
#5151 = CARTESIAN_POINT('',(0.118034124374,15.902112960815,16.));
#5152 = VECTOR('',#5153,1.);
#5153 = DIRECTION('',(0.923880575383,-0.382680914641,0.));
#5154 = ORIENTED_EDGE('',*,*,#5155,.T.);
#5155 = EDGE_CURVE('',#5148,#5156,#5158,.T.);
#5156 = VERTEX_POINT('',#5157);
#5157 = CARTESIAN_POINT('',(0.675570726395,15.618033409119,16.));
#5158 = LINE('',#5159,#5160);
#5159 = CARTESIAN_POINT('',(0.407981157303,15.782013893127,16.));
#5160 = VECTOR('',#5161,1.);
#5161 = DIRECTION('',(0.852638198047,-0.522501773424,0.));
#5162 = ORIENTED_EDGE('',*,*,#5163,.T.);
#5163 = EDGE_CURVE('',#5156,#5164,#5166,.T.);
#5164 = VERTEX_POINT('',#5165);
#5165 = CARTESIAN_POINT('',(0.914213657379,15.414214134216,16.));
#5166 = LINE('',#5167,#5168);
#5167 = CARTESIAN_POINT('',(0.675570726395,15.618033409119,16.));
#5168 = VECTOR('',#5169,1.);
#5169 = DIRECTION('',(0.760407607111,-0.649446126362,0.));
#5170 = ORIENTED_EDGE('',*,*,#5171,.T.);
#5171 = EDGE_CURVE('',#5164,#5172,#5174,.T.);
#5172 = VERTEX_POINT('',#5173);
#5173 = CARTESIAN_POINT('',(1.118034124374,15.175570487976,16.));
#5174 = LINE('',#5175,#5176);
#5175 = CARTESIAN_POINT('',(0.914213657379,15.414214134216,16.));
#5176 = VECTOR('',#5177,1.);
#5177 = DIRECTION('',(0.649447197195,-0.760406692537,0.));
#5178 = ORIENTED_EDGE('',*,*,#5179,.T.);
#5179 = EDGE_CURVE('',#5172,#5180,#5182,.T.);
#5180 = VERTEX_POINT('',#5181);
#5181 = CARTESIAN_POINT('',(1.282013177872,14.907980918884,16.));
#5182 = LINE('',#5183,#5184);
#5183 = CARTESIAN_POINT('',(1.118034124374,15.175570487976,16.));
#5184 = VECTOR('',#5185,1.);
#5185 = DIRECTION('',(0.522498459686,-0.852640228716,0.));
#5186 = ORIENTED_EDGE('',*,*,#5187,.T.);
#5187 = EDGE_CURVE('',#5180,#5188,#5190,.T.);
#5188 = VERTEX_POINT('',#5189);
#5189 = CARTESIAN_POINT('',(1.402113199234,14.618033409119,16.));
#5190 = LINE('',#5191,#5192);
#5191 = CARTESIAN_POINT('',(1.282013177872,14.907980918884,16.));
#5192 = VECTOR('',#5193,1.);
#5193 = DIRECTION('',(0.38268297121,-0.923879723528,0.));
#5194 = ORIENTED_EDGE('',*,*,#5195,.T.);
#5195 = EDGE_CURVE('',#5188,#5196,#5198,.T.);
#5196 = VERTEX_POINT('',#5197);
#5197 = CARTESIAN_POINT('',(1.475376844406,14.31286907196,16.));
#5198 = LINE('',#5199,#5200);
#5199 = CARTESIAN_POINT('',(1.402113199234,14.618033409119,16.));
#5200 = VECTOR('',#5201,1.);
#5201 = DIRECTION('',(0.233445875393,-0.972369797588,0.));
#5202 = ORIENTED_EDGE('',*,*,#5203,.T.);
#5203 = EDGE_CURVE('',#5196,#5204,#5206,.T.);
#5204 = VERTEX_POINT('',#5205);
#5205 = CARTESIAN_POINT('',(1.5,14.,16.));
#5206 = LINE('',#5207,#5208);
#5207 = CARTESIAN_POINT('',(1.475376844406,14.31286907196,16.));
#5208 = VECTOR('',#5209,1.);
#5209 = DIRECTION('',(7.845854350215E-02,-0.996917377194,0.));
#5210 = ORIENTED_EDGE('',*,*,#5211,.F.);
#5211 = EDGE_CURVE('',#5212,#5204,#5214,.T.);
#5212 = VERTEX_POINT('',#5213);
#5213 = CARTESIAN_POINT('',(1.5,5.,16.));
#5214 = LINE('',#5215,#5216);
#5215 = CARTESIAN_POINT('',(1.5,5.,16.));
#5216 = VECTOR('',#5217,1.);
#5217 = DIRECTION('',(0.,1.,0.));
#5218 = ORIENTED_EDGE('',*,*,#5219,.T.);
#5219 = EDGE_CURVE('',#5212,#3114,#5220,.T.);
#5220 = LINE('',#5221,#5222);
#5221 = CARTESIAN_POINT('',(1.5,5.,16.));
#5222 = VECTOR('',#5223,1.);
#5223 = DIRECTION('',(1.,0.,0.));
#5224 = ORIENTED_EDGE('',*,*,#3113,.F.);
#5225 = ORIENTED_EDGE('',*,*,#3089,.T.);
#5226 = ORIENTED_EDGE('',*,*,#3065,.T.);
#5227 = ORIENTED_EDGE('',*,*,#3041,.T.);
#5228 = ORIENTED_EDGE('',*,*,#3017,.T.);
#5229 = ORIENTED_EDGE('',*,*,#2993,.T.);
#5230 = ORIENTED_EDGE('',*,*,#2969,.T.);
#5231 = ORIENTED_EDGE('',*,*,#2945,.T.);
#5232 = ORIENTED_EDGE('',*,*,#2921,.T.);
#5233 = ORIENTED_EDGE('',*,*,#2897,.T.);
#5234 = FACE_BOUND('',#5235,.T.);
#5235 = EDGE_LOOP('',(#5236,#5237,#5238,#5244));
#5236 = ORIENTED_EDGE('',*,*,#4646,.F.);
#5237 = ORIENTED_EDGE('',*,*,#4603,.T.);
#5238 = ORIENTED_EDGE('',*,*,#5239,.T.);
#5239 = EDGE_CURVE('',#4596,#4687,#5240,.T.);
#5240 = LINE('',#5241,#5242);
#5241 = CARTESIAN_POINT('',(17.300001144409,65.,16.));
#5242 = VECTOR('',#5243,1.);
#5243 = DIRECTION('',(1.,0.,0.));
#5244 = ORIENTED_EDGE('',*,*,#4686,.T.);
#5245 = PLANE('',#5246);
#5246 = AXIS2_PLACEMENT_3D('',#5247,#5248,#5249);
#5247 = CARTESIAN_POINT('',(21.30124130651,33.820692910684,16.));
#5248 = DIRECTION('',(0.,0.,1.));
#5249 = DIRECTION('',(1.,0.,0.));
#5250 = ADVANCED_FACE('',(#5251),#5262,.T.);
#5251 = FACE_BOUND('',#5252,.T.);
#5252 = EDGE_LOOP('',(#5253,#5259,#5260,#5261));
#5253 = ORIENTED_EDGE('',*,*,#5254,.F.);
#5254 = EDGE_CURVE('',#977,#1387,#5255,.T.);
#5255 = LINE('',#5256,#5257);
#5256 = CARTESIAN_POINT('',(14.300000190735,68.312866210938,
    15.97537612915));
#5257 = VECTOR('',#5258,1.);
#5258 = DIRECTION('',(1.,0.,0.));
#5259 = ORIENTED_EDGE('',*,*,#976,.F.);
#5260 = ORIENTED_EDGE('',*,*,#4857,.F.);
#5261 = ORIENTED_EDGE('',*,*,#1394,.F.);
#5262 = PLANE('',#5263);
#5263 = AXIS2_PLACEMENT_3D('',#5264,#5265,#5266);
#5264 = CARTESIAN_POINT('',(24.800001621246,68.156433105469,
    15.987688064575));
#5265 = DIRECTION('',(0.,7.846152161566E-02,0.996917142809));
#5266 = DIRECTION('',(0.,0.996917142809,-7.846152161566E-02));
#5267 = ADVANCED_FACE('',(#5268),#5279,.T.);
#5268 = FACE_BOUND('',#5269,.T.);
#5269 = EDGE_LOOP('',(#5270,#5276,#5277,#5278));
#5270 = ORIENTED_EDGE('',*,*,#5271,.F.);
#5271 = EDGE_CURVE('',#985,#1379,#5272,.T.);
#5272 = LINE('',#5273,#5274);
#5273 = CARTESIAN_POINT('',(14.300000190735,68.618034362793,
    15.902112960815));
#5274 = VECTOR('',#5275,1.);
#5275 = DIRECTION('',(1.,0.,0.));
#5276 = ORIENTED_EDGE('',*,*,#984,.F.);
#5277 = ORIENTED_EDGE('',*,*,#5254,.T.);
#5278 = ORIENTED_EDGE('',*,*,#1386,.F.);
#5279 = PLANE('',#5280);
#5280 = AXIS2_PLACEMENT_3D('',#5281,#5282,#5283);
#5281 = CARTESIAN_POINT('',(24.800001621246,68.465450286865,
    15.938744544983));
#5282 = DIRECTION('',(0.,0.233441679705,0.972370804877));
#5283 = DIRECTION('',(0.,0.972370804877,-0.233441679705));
#5284 = ADVANCED_FACE('',(#5285),#5296,.T.);
#5285 = FACE_BOUND('',#5286,.T.);
#5286 = EDGE_LOOP('',(#5287,#5293,#5294,#5295));
#5287 = ORIENTED_EDGE('',*,*,#5288,.F.);
#5288 = EDGE_CURVE('',#993,#1371,#5289,.T.);
#5289 = LINE('',#5290,#5291);
#5290 = CARTESIAN_POINT('',(14.300000190735,68.907981872559,
    15.782013893127));
#5291 = VECTOR('',#5292,1.);
#5292 = DIRECTION('',(1.,0.,0.));
#5293 = ORIENTED_EDGE('',*,*,#992,.F.);
#5294 = ORIENTED_EDGE('',*,*,#5271,.T.);
#5295 = ORIENTED_EDGE('',*,*,#1378,.F.);
#5296 = PLANE('',#5297);
#5297 = AXIS2_PLACEMENT_3D('',#5298,#5299,#5300);
#5298 = CARTESIAN_POINT('',(24.800001621246,68.763008117676,
    15.842063426971));
#5299 = DIRECTION('',(0.,0.382680377462,0.923880797888));
#5300 = DIRECTION('',(0.,0.923880797888,-0.382680377462));
#5301 = ADVANCED_FACE('',(#5302),#5313,.T.);
#5302 = FACE_BOUND('',#5303,.T.);
#5303 = EDGE_LOOP('',(#5304,#5310,#5311,#5312));
#5304 = ORIENTED_EDGE('',*,*,#5305,.F.);
#5305 = EDGE_CURVE('',#1001,#1363,#5306,.T.);
#5306 = LINE('',#5307,#5308);
#5307 = CARTESIAN_POINT('',(14.300000190735,69.175567626953,
    15.618033409119));
#5308 = VECTOR('',#5309,1.);
#5309 = DIRECTION('',(1.,0.,0.));
#5310 = ORIENTED_EDGE('',*,*,#1000,.F.);
#5311 = ORIENTED_EDGE('',*,*,#5288,.T.);
#5312 = ORIENTED_EDGE('',*,*,#1370,.F.);
#5313 = PLANE('',#5314);
#5314 = AXIS2_PLACEMENT_3D('',#5315,#5316,#5317);
#5315 = CARTESIAN_POINT('',(24.800001621246,69.041774749756,
    15.700023651123));
#5316 = DIRECTION('',(0.,0.522507188591,0.852634879577));
#5317 = DIRECTION('',(0.,0.852634879577,-0.522507188591));
#5318 = ADVANCED_FACE('',(#5319),#5330,.T.);
#5319 = FACE_BOUND('',#5320,.T.);
#5320 = EDGE_LOOP('',(#5321,#5322,#5323,#5329));
#5321 = ORIENTED_EDGE('',*,*,#1210,.F.);
#5322 = ORIENTED_EDGE('',*,*,#1128,.F.);
#5323 = ORIENTED_EDGE('',*,*,#5324,.T.);
#5324 = EDGE_CURVE('',#1121,#1243,#5325,.T.);
#5325 = LINE('',#5326,#5327);
#5326 = CARTESIAN_POINT('',(14.300000190735,68.618034362793,
    9.788696467876E-02));
#5327 = VECTOR('',#5328,1.);
#5328 = DIRECTION('',(1.,0.,0.));
#5329 = ORIENTED_EDGE('',*,*,#1242,.F.);
#5330 = PLANE('',#5331);
#5331 = AXIS2_PLACEMENT_3D('',#5332,#5333,#5334);
#5332 = CARTESIAN_POINT('',(24.800001621246,68.465450286865,
    6.12551420927E-02));
#5333 = DIRECTION('',(0.,0.233443116274,-0.972370459992));
#5334 = DIRECTION('',(0.,-0.972370459992,-0.233443116274));
#5335 = ADVANCED_FACE('',(#5336),#5347,.T.);
#5336 = FACE_BOUND('',#5337,.T.);
#5337 = EDGE_LOOP('',(#5338,#5344,#5345,#5346));
#5338 = ORIENTED_EDGE('',*,*,#5339,.F.);
#5339 = EDGE_CURVE('',#1009,#1355,#5340,.T.);
#5340 = LINE('',#5341,#5342);
#5341 = CARTESIAN_POINT('',(14.300000190735,69.414215087891,
    15.414214134216));
#5342 = VECTOR('',#5343,1.);
#5343 = DIRECTION('',(1.,0.,0.));
#5344 = ORIENTED_EDGE('',*,*,#1008,.F.);
#5345 = ORIENTED_EDGE('',*,*,#5305,.T.);
#5346 = ORIENTED_EDGE('',*,*,#1362,.F.);
#5347 = PLANE('',#5348);
#5348 = AXIS2_PLACEMENT_3D('',#5349,#5350,#5351);
#5349 = CARTESIAN_POINT('',(24.800001621246,69.294891357422,
    15.516123771667));
#5350 = DIRECTION('',(0.,0.649438998191,0.760413695056));
#5351 = DIRECTION('',(0.,0.760413695056,-0.649438998191));
#5352 = ADVANCED_FACE('',(#5353),#5364,.T.);
#5353 = FACE_BOUND('',#5354,.T.);
#5354 = EDGE_LOOP('',(#5355,#5356,#5357,#5363));
#5355 = ORIENTED_EDGE('',*,*,#5324,.F.);
#5356 = ORIENTED_EDGE('',*,*,#1120,.F.);
#5357 = ORIENTED_EDGE('',*,*,#5358,.T.);
#5358 = EDGE_CURVE('',#1113,#1251,#5359,.T.);
#5359 = LINE('',#5360,#5361);
#5360 = CARTESIAN_POINT('',(14.300000190735,68.907981872559,
    0.217986941338));
#5361 = VECTOR('',#5362,1.);
#5362 = DIRECTION('',(1.,0.,0.));
#5363 = ORIENTED_EDGE('',*,*,#1250,.F.);
#5364 = PLANE('',#5365);
#5365 = AXIS2_PLACEMENT_3D('',#5366,#5367,#5368);
#5366 = CARTESIAN_POINT('',(24.800001621246,68.763008117676,
    0.157936953008));
#5367 = DIRECTION('',(0.,0.382682849628,-0.923879773889));
#5368 = DIRECTION('',(0.,-0.923879773889,-0.382682849628));
#5369 = ADVANCED_FACE('',(#5370),#5381,.T.);
#5370 = FACE_BOUND('',#5371,.T.);
#5371 = EDGE_LOOP('',(#5372,#5378,#5379,#5380));
#5372 = ORIENTED_EDGE('',*,*,#5373,.F.);
#5373 = EDGE_CURVE('',#1017,#1347,#5374,.T.);
#5374 = LINE('',#5375,#5376);
#5375 = CARTESIAN_POINT('',(14.300000190735,69.618034362793,
    15.175570487976));
#5376 = VECTOR('',#5377,1.);
#5377 = DIRECTION('',(1.,0.,0.));
#5378 = ORIENTED_EDGE('',*,*,#1016,.F.);
#5379 = ORIENTED_EDGE('',*,*,#5339,.T.);
#5380 = ORIENTED_EDGE('',*,*,#1354,.F.);
#5381 = PLANE('',#5382);
#5382 = AXIS2_PLACEMENT_3D('',#5383,#5384,#5385);
#5383 = CARTESIAN_POINT('',(24.800001621246,69.516124725342,
    15.294892311096));
#5384 = DIRECTION('',(0.,0.760408568379,0.649445000855));
#5385 = DIRECTION('',(0.,-0.649445000855,0.760408568379));
#5386 = ADVANCED_FACE('',(#5387),#5398,.T.);
#5387 = FACE_BOUND('',#5388,.T.);
#5388 = EDGE_LOOP('',(#5389,#5390,#5391,#5397));
#5389 = ORIENTED_EDGE('',*,*,#5358,.F.);
#5390 = ORIENTED_EDGE('',*,*,#1112,.F.);
#5391 = ORIENTED_EDGE('',*,*,#5392,.T.);
#5392 = EDGE_CURVE('',#1105,#1259,#5393,.T.);
#5393 = LINE('',#5394,#5395);
#5394 = CARTESIAN_POINT('',(14.300000190735,69.175567626953,
    0.381965994835));
#5395 = VECTOR('',#5396,1.);
#5396 = DIRECTION('',(1.,0.,0.));
#5397 = ORIENTED_EDGE('',*,*,#1258,.F.);
#5398 = PLANE('',#5399);
#5399 = AXIS2_PLACEMENT_3D('',#5400,#5401,#5402);
#5400 = CARTESIAN_POINT('',(24.800001621246,69.041774749756,
    0.299976468086));
#5401 = DIRECTION('',(0.,0.522503874845,-0.85263691028));
#5402 = DIRECTION('',(0.,-0.85263691028,-0.522503874845));
#5403 = ADVANCED_FACE('',(#5404),#5415,.T.);
#5404 = FACE_BOUND('',#5405,.T.);
#5405 = EDGE_LOOP('',(#5406,#5412,#5413,#5414));
#5406 = ORIENTED_EDGE('',*,*,#5407,.F.);
#5407 = EDGE_CURVE('',#1025,#1339,#5408,.T.);
#5408 = LINE('',#5409,#5410);
#5409 = CARTESIAN_POINT('',(14.300000190735,69.782012939453,
    14.907980918884));
#5410 = VECTOR('',#5411,1.);
#5411 = DIRECTION('',(1.,0.,0.));
#5412 = ORIENTED_EDGE('',*,*,#1024,.F.);
#5413 = ORIENTED_EDGE('',*,*,#5373,.T.);
#5414 = ORIENTED_EDGE('',*,*,#1346,.F.);
#5415 = PLANE('',#5416);
#5416 = AXIS2_PLACEMENT_3D('',#5417,#5418,#5419);
#5417 = CARTESIAN_POINT('',(24.800001621246,69.700023651123,
    15.04177570343));
#5418 = DIRECTION('',(0.,0.852640905605,0.522497355102));
#5419 = DIRECTION('',(0.,-0.522497355102,0.852640905605));
#5420 = ADVANCED_FACE('',(#5421),#5432,.T.);
#5421 = FACE_BOUND('',#5422,.T.);
#5422 = EDGE_LOOP('',(#5423,#5424,#5425,#5431));
#5423 = ORIENTED_EDGE('',*,*,#5392,.F.);
#5424 = ORIENTED_EDGE('',*,*,#1104,.F.);
#5425 = ORIENTED_EDGE('',*,*,#5426,.T.);
#5426 = EDGE_CURVE('',#1097,#1267,#5427,.T.);
#5427 = LINE('',#5428,#5429);
#5428 = CARTESIAN_POINT('',(14.300000190735,69.414215087891,
    0.585786402225));
#5429 = VECTOR('',#5430,1.);
#5430 = DIRECTION('',(1.,0.,0.));
#5431 = ORIENTED_EDGE('',*,*,#1266,.F.);
#5432 = PLANE('',#5433);
#5433 = AXIS2_PLACEMENT_3D('',#5434,#5435,#5436);
#5434 = CARTESIAN_POINT('',(24.800001621246,69.294891357422,
    0.48387619853));
#5435 = DIRECTION('',(0.,0.649441084724,-0.760411913027));
#5436 = DIRECTION('',(0.,-0.760411913027,-0.649441084724));
#5437 = ADVANCED_FACE('',(#5438),#5449,.T.);
#5438 = FACE_BOUND('',#5439,.T.);
#5439 = EDGE_LOOP('',(#5440,#5446,#5447,#5448));
#5440 = ORIENTED_EDGE('',*,*,#5441,.F.);
#5441 = EDGE_CURVE('',#1033,#1331,#5442,.T.);
#5442 = LINE('',#5443,#5444);
#5443 = CARTESIAN_POINT('',(14.300000190735,69.902114868164,
    14.618033409119));
#5444 = VECTOR('',#5445,1.);
#5445 = DIRECTION('',(1.,0.,0.));
#5446 = ORIENTED_EDGE('',*,*,#1032,.F.);
#5447 = ORIENTED_EDGE('',*,*,#5407,.T.);
#5448 = ORIENTED_EDGE('',*,*,#1338,.F.);
#5449 = PLANE('',#5450);
#5450 = AXIS2_PLACEMENT_3D('',#5451,#5452,#5453);
#5451 = CARTESIAN_POINT('',(24.800001621246,69.842063903809,
    14.763007164001));
#5452 = DIRECTION('',(0.,0.923877574794,0.382688158678));
#5453 = DIRECTION('',(0.,-0.382688158678,0.923877574794));
#5454 = ADVANCED_FACE('',(#5455),#5466,.T.);
#5455 = FACE_BOUND('',#5456,.T.);
#5456 = EDGE_LOOP('',(#5457,#5458,#5459,#5465));
#5457 = ORIENTED_EDGE('',*,*,#5426,.F.);
#5458 = ORIENTED_EDGE('',*,*,#1096,.F.);
#5459 = ORIENTED_EDGE('',*,*,#5460,.T.);
#5460 = EDGE_CURVE('',#1089,#1275,#5461,.T.);
#5461 = LINE('',#5462,#5463);
#5462 = CARTESIAN_POINT('',(14.300000190735,69.618034362793,
    0.824429512024));
#5463 = VECTOR('',#5464,1.);
#5464 = DIRECTION('',(1.,0.,0.));
#5465 = ORIENTED_EDGE('',*,*,#1274,.F.);
#5466 = PLANE('',#5467);
#5467 = AXIS2_PLACEMENT_3D('',#5468,#5469,#5470);
#5468 = CARTESIAN_POINT('',(24.800001621246,69.516124725342,
    0.705107957125));
#5469 = DIRECTION('',(0.,0.760407847429,-0.649445844985));
#5470 = DIRECTION('',(0.,0.649445844985,0.760407847429));
#5471 = ADVANCED_FACE('',(#5472),#5483,.T.);
#5472 = FACE_BOUND('',#5473,.T.);
#5473 = EDGE_LOOP('',(#5474,#5480,#5481,#5482));
#5474 = ORIENTED_EDGE('',*,*,#5475,.F.);
#5475 = EDGE_CURVE('',#1041,#1323,#5476,.T.);
#5476 = LINE('',#5477,#5478);
#5477 = CARTESIAN_POINT('',(14.300000190735,69.975372314453,
    14.31286907196));
#5478 = VECTOR('',#5479,1.);
#5479 = DIRECTION('',(1.,0.,0.));
#5480 = ORIENTED_EDGE('',*,*,#1040,.F.);
#5481 = ORIENTED_EDGE('',*,*,#5441,.T.);
#5482 = ORIENTED_EDGE('',*,*,#1330,.F.);
#5483 = PLANE('',#5484);
#5484 = AXIS2_PLACEMENT_3D('',#5485,#5486,#5487);
#5485 = CARTESIAN_POINT('',(24.800001621246,69.938743591309,
    14.46545124054));
#5486 = DIRECTION('',(0.,0.97237428105,0.233427199686));
#5487 = DIRECTION('',(0.,-0.233427199686,0.97237428105));
#5488 = ADVANCED_FACE('',(#5489),#5500,.T.);
#5489 = FACE_BOUND('',#5490,.T.);
#5490 = EDGE_LOOP('',(#5491,#5492,#5493,#5499));
#5491 = ORIENTED_EDGE('',*,*,#5460,.F.);
#5492 = ORIENTED_EDGE('',*,*,#1088,.F.);
#5493 = ORIENTED_EDGE('',*,*,#5494,.T.);
#5494 = EDGE_CURVE('',#1081,#1283,#5495,.T.);
#5495 = LINE('',#5496,#5497);
#5496 = CARTESIAN_POINT('',(14.300000190735,69.782012939453,
    1.092019081116));
#5497 = VECTOR('',#5498,1.);
#5498 = DIRECTION('',(1.,0.,0.));
#5499 = ORIENTED_EDGE('',*,*,#1282,.F.);
#5500 = PLANE('',#5501);
#5501 = AXIS2_PLACEMENT_3D('',#5502,#5503,#5504);
#5502 = CARTESIAN_POINT('',(24.800001621246,69.700023651123,
    0.95822429657));
#5503 = DIRECTION('',(0.,0.852640905605,-0.522497355102));
#5504 = DIRECTION('',(0.,0.522497355102,0.852640905605));
#5505 = ADVANCED_FACE('',(#5506),#5517,.T.);
#5506 = FACE_BOUND('',#5507,.T.);
#5507 = EDGE_LOOP('',(#5508,#5514,#5515,#5516));
#5508 = ORIENTED_EDGE('',*,*,#5509,.F.);
#5509 = EDGE_CURVE('',#1049,#1315,#5510,.T.);
#5510 = LINE('',#5511,#5512);
#5511 = CARTESIAN_POINT('',(14.300000190735,70.,14.));
#5512 = VECTOR('',#5513,1.);
#5513 = DIRECTION('',(1.,0.,0.));
#5514 = ORIENTED_EDGE('',*,*,#1048,.F.);
#5515 = ORIENTED_EDGE('',*,*,#5475,.T.);
#5516 = ORIENTED_EDGE('',*,*,#1322,.F.);
#5517 = PLANE('',#5518);
#5518 = AXIS2_PLACEMENT_3D('',#5519,#5520,#5521);
#5519 = CARTESIAN_POINT('',(24.800001621246,69.987686157227,
    14.15643453598));
#5520 = DIRECTION('',(0.,0.996916248103,7.84728887423E-02));
#5521 = DIRECTION('',(0.,-7.84728887423E-02,0.996916248103));
#5522 = ADVANCED_FACE('',(#5523),#5534,.T.);
#5523 = FACE_BOUND('',#5524,.T.);
#5524 = EDGE_LOOP('',(#5525,#5526,#5527,#5533));
#5525 = ORIENTED_EDGE('',*,*,#5494,.F.);
#5526 = ORIENTED_EDGE('',*,*,#1080,.F.);
#5527 = ORIENTED_EDGE('',*,*,#5528,.T.);
#5528 = EDGE_CURVE('',#1073,#1291,#5529,.T.);
#5529 = LINE('',#5530,#5531);
#5530 = CARTESIAN_POINT('',(14.300000190735,69.902114868164,
    1.381965994835));
#5531 = VECTOR('',#5532,1.);
#5532 = DIRECTION('',(1.,0.,0.));
#5533 = ORIENTED_EDGE('',*,*,#1290,.F.);
#5534 = PLANE('',#5535);
#5535 = AXIS2_PLACEMENT_3D('',#5536,#5537,#5538);
#5536 = CARTESIAN_POINT('',(24.800001621246,69.842063903809,
    1.236992537975));
#5537 = DIRECTION('',(0.,0.923877296652,-0.382688830162));
#5538 = DIRECTION('',(0.,0.382688830162,0.923877296652));
#5539 = ADVANCED_FACE('',(#5540,#5551),#5585,.T.);
#5540 = FACE_BOUND('',#5541,.T.);
#5541 = EDGE_LOOP('',(#5542,#5543,#5544,#5550));
#5542 = ORIENTED_EDGE('',*,*,#5509,.T.);
#5543 = ORIENTED_EDGE('',*,*,#1314,.F.);
#5544 = ORIENTED_EDGE('',*,*,#5545,.T.);
#5545 = EDGE_CURVE('',#1307,#1057,#5546,.T.);
#5546 = LINE('',#5547,#5548);
#5547 = CARTESIAN_POINT('',(35.300003051758,70.,2.));
#5548 = VECTOR('',#5549,1.);
#5549 = DIRECTION('',(-1.,0.,0.));
#5550 = ORIENTED_EDGE('',*,*,#1056,.F.);
#5551 = FACE_BOUND('',#5552,.T.);
#5552 = EDGE_LOOP('',(#5553,#5563,#5571,#5579));
#5553 = ORIENTED_EDGE('',*,*,#5554,.T.);
#5554 = EDGE_CURVE('',#5555,#5557,#5559,.T.);
#5555 = VERTEX_POINT('',#5556);
#5556 = CARTESIAN_POINT('',(32.299999237061,70.,13.));
#5557 = VERTEX_POINT('',#5558);
#5558 = CARTESIAN_POINT('',(28.300001144409,70.,13.));
#5559 = LINE('',#5560,#5561);
#5560 = CARTESIAN_POINT('',(32.299999237061,70.,13.));
#5561 = VECTOR('',#5562,1.);
#5562 = DIRECTION('',(-1.,0.,0.));
#5563 = ORIENTED_EDGE('',*,*,#5564,.T.);
#5564 = EDGE_CURVE('',#5557,#5565,#5567,.T.);
#5565 = VERTEX_POINT('',#5566);
#5566 = CARTESIAN_POINT('',(28.300001144409,70.,3.));
#5567 = LINE('',#5568,#5569);
#5568 = CARTESIAN_POINT('',(28.300001144409,70.,13.));
#5569 = VECTOR('',#5570,1.);
#5570 = DIRECTION('',(0.,0.,-1.));
#5571 = ORIENTED_EDGE('',*,*,#5572,.T.);
#5572 = EDGE_CURVE('',#5565,#5573,#5575,.T.);
#5573 = VERTEX_POINT('',#5574);
#5574 = CARTESIAN_POINT('',(32.299999237061,70.,3.));
#5575 = LINE('',#5576,#5577);
#5576 = CARTESIAN_POINT('',(28.300001144409,70.,3.));
#5577 = VECTOR('',#5578,1.);
#5578 = DIRECTION('',(1.,0.,0.));
#5579 = ORIENTED_EDGE('',*,*,#5580,.T.);
#5580 = EDGE_CURVE('',#5573,#5555,#5581,.T.);
#5581 = LINE('',#5582,#5583);
#5582 = CARTESIAN_POINT('',(32.299999237061,70.,3.));
#5583 = VECTOR('',#5584,1.);
#5584 = DIRECTION('',(0.,0.,1.));
#5585 = PLANE('',#5586);
#5586 = AXIS2_PLACEMENT_3D('',#5587,#5588,#5589);
#5587 = CARTESIAN_POINT('',(24.800001621246,70.,8.));
#5588 = DIRECTION('',(0.,1.,0.));
#5589 = DIRECTION('',(0.,0.,1.));
#5590 = ADVANCED_FACE('',(#5591),#5602,.T.);
#5591 = FACE_BOUND('',#5592,.T.);
#5592 = EDGE_LOOP('',(#5593,#5594,#5595,#5601));
#5593 = ORIENTED_EDGE('',*,*,#5528,.F.);
#5594 = ORIENTED_EDGE('',*,*,#1072,.F.);
#5595 = ORIENTED_EDGE('',*,*,#5596,.T.);
#5596 = EDGE_CURVE('',#1065,#1299,#5597,.T.);
#5597 = LINE('',#5598,#5599);
#5598 = CARTESIAN_POINT('',(14.300000190735,69.975372314453,
    1.687131166458));
#5599 = VECTOR('',#5600,1.);
#5600 = DIRECTION('',(1.,0.,0.));
#5601 = ORIENTED_EDGE('',*,*,#1298,.F.);
#5602 = PLANE('',#5603);
#5603 = AXIS2_PLACEMENT_3D('',#5604,#5605,#5606);
#5604 = CARTESIAN_POINT('',(24.800001621246,69.938743591309,
    1.534548580647));
#5605 = DIRECTION('',(0.,0.97237442593,-0.233426596166));
#5606 = DIRECTION('',(0.,0.233426596166,0.97237442593));
#5607 = ADVANCED_FACE('',(#5608),#5614,.T.);
#5608 = FACE_BOUND('',#5609,.T.);
#5609 = EDGE_LOOP('',(#5610,#5611,#5612,#5613));
#5610 = ORIENTED_EDGE('',*,*,#5596,.F.);
#5611 = ORIENTED_EDGE('',*,*,#1064,.F.);
#5612 = ORIENTED_EDGE('',*,*,#5545,.F.);
#5613 = ORIENTED_EDGE('',*,*,#1306,.F.);
#5614 = PLANE('',#5615);
#5615 = AXIS2_PLACEMENT_3D('',#5616,#5617,#5618);
#5616 = CARTESIAN_POINT('',(24.800001621246,69.987686157227,
    1.843565583229));
#5617 = DIRECTION('',(0.,0.996916243425,-7.847294817354E-02));
#5618 = DIRECTION('',(0.,7.847294817354E-02,0.996916243425));
#5619 = ADVANCED_FACE('',(#5620),#5639,.F.);
#5620 = FACE_BOUND('',#5621,.F.);
#5621 = EDGE_LOOP('',(#5622,#5630,#5631,#5632));
#5622 = ORIENTED_EDGE('',*,*,#5623,.F.);
#5623 = EDGE_CURVE('',#1147,#5624,#5626,.T.);
#5624 = VERTEX_POINT('',#5625);
#5625 = CARTESIAN_POINT('',(28.300001144409,65.899999677662,
    7.999998364761));
#5626 = LINE('',#5627,#5628);
#5627 = CARTESIAN_POINT('',(14.300000190735,65.899999677662,
    7.999998364761));
#5628 = VECTOR('',#5629,1.);
#5629 = DIRECTION('',(1.,0.,0.));
#5630 = ORIENTED_EDGE('',*,*,#1146,.F.);
#5631 = ORIENTED_EDGE('',*,*,#5623,.T.);
#5632 = ORIENTED_EDGE('',*,*,#5633,.T.);
#5633 = EDGE_CURVE('',#5624,#5624,#5634,.T.);
#5634 = CIRCLE('',#5635,0.85);
#5635 = AXIS2_PLACEMENT_3D('',#5636,#5637,#5638);
#5636 = CARTESIAN_POINT('',(28.300001144409,66.749999677662,
    7.999998364761));
#5637 = DIRECTION('',(-1.,0.,0.));
#5638 = DIRECTION('',(0.,-1.,0.));
#5639 = CYLINDRICAL_SURFACE('',#5640,0.85);
#5640 = AXIS2_PLACEMENT_3D('',#5641,#5642,#5643);
#5641 = CARTESIAN_POINT('',(14.300000190735,66.749999677662,
    7.999998364761));
#5642 = DIRECTION('',(-1.,0.,0.));
#5643 = DIRECTION('',(0.,-1.,0.));
#5644 = ADVANCED_FACE('',(#5645),#5661,.T.);
#5645 = FACE_BOUND('',#5646,.T.);
#5646 = EDGE_LOOP('',(#5647,#5653,#5654,#5660));
#5647 = ORIENTED_EDGE('',*,*,#5648,.F.);
#5648 = EDGE_CURVE('',#1160,#4572,#5649,.T.);
#5649 = LINE('',#5650,#5651);
#5650 = CARTESIAN_POINT('',(14.300000190735,40.950000762939,
    1.550000071526));
#5651 = VECTOR('',#5652,1.);
#5652 = DIRECTION('',(1.,0.,0.));
#5653 = ORIENTED_EDGE('',*,*,#1157,.F.);
#5654 = ORIENTED_EDGE('',*,*,#5655,.F.);
#5655 = EDGE_CURVE('',#4580,#1158,#5656,.T.);
#5656 = LINE('',#5657,#5658);
#5657 = CARTESIAN_POINT('',(17.300001144409,40.950000762939,
    14.449999809265));
#5658 = VECTOR('',#5659,1.);
#5659 = DIRECTION('',(-1.,0.,0.));
#5660 = ORIENTED_EDGE('',*,*,#4579,.F.);
#5661 = PLANE('',#5662);
#5662 = AXIS2_PLACEMENT_3D('',#5663,#5664,#5665);
#5663 = CARTESIAN_POINT('',(15.800000667572,40.950000762939,
    7.999999940395));
#5664 = DIRECTION('',(0.,1.,0.));
#5665 = DIRECTION('',(0.,0.,1.));
#5666 = ADVANCED_FACE('',(#5667),#5685,.T.);
#5667 = FACE_BOUND('',#5668,.T.);
#5668 = EDGE_LOOP('',(#5669,#5670,#5676,#5677,#5678,#5679));
#5669 = ORIENTED_EDGE('',*,*,#4702,.F.);
#5670 = ORIENTED_EDGE('',*,*,#5671,.F.);
#5671 = EDGE_CURVE('',#4588,#4695,#5672,.T.);
#5672 = LINE('',#5673,#5674);
#5673 = CARTESIAN_POINT('',(17.300001144409,65.,14.449999809265));
#5674 = VECTOR('',#5675,1.);
#5675 = DIRECTION('',(1.,0.,0.));
#5676 = ORIENTED_EDGE('',*,*,#4587,.F.);
#5677 = ORIENTED_EDGE('',*,*,#5655,.T.);
#5678 = ORIENTED_EDGE('',*,*,#1183,.F.);
#5679 = ORIENTED_EDGE('',*,*,#5680,.F.);
#5680 = EDGE_CURVE('',#4703,#1176,#5681,.T.);
#5681 = LINE('',#5682,#5683);
#5682 = CARTESIAN_POINT('',(32.799999237061,65.049995422363,
    14.449999809265));
#5683 = VECTOR('',#5684,1.);
#5684 = DIRECTION('',(-1.,0.,0.));
#5685 = PLANE('',#5686);
#5686 = AXIS2_PLACEMENT_3D('',#5687,#5688,#5689);
#5687 = CARTESIAN_POINT('',(19.174706317406,57.375291489143,
    14.449999809265));
#5688 = DIRECTION('',(-0.,-0.,-1.));
#5689 = DIRECTION('',(-1.,0.,0.));
#5690 = ADVANCED_FACE('',(#5691),#5704,.T.);
#5691 = FACE_BOUND('',#5692,.T.);
#5692 = EDGE_LOOP('',(#5693,#5694,#5695,#5701,#5702,#5703));
#5693 = ORIENTED_EDGE('',*,*,#4744,.F.);
#5694 = ORIENTED_EDGE('',*,*,#4718,.F.);
#5695 = ORIENTED_EDGE('',*,*,#5696,.T.);
#5696 = EDGE_CURVE('',#4711,#1168,#5697,.T.);
#5697 = LINE('',#5698,#5699);
#5698 = CARTESIAN_POINT('',(32.799999237061,65.049995422363,
    1.550000071526));
#5699 = VECTOR('',#5700,1.);
#5700 = DIRECTION('',(-1.,0.,0.));
#5701 = ORIENTED_EDGE('',*,*,#1167,.F.);
#5702 = ORIENTED_EDGE('',*,*,#5648,.T.);
#5703 = ORIENTED_EDGE('',*,*,#4571,.F.);
#5704 = PLANE('',#5705);
#5705 = AXIS2_PLACEMENT_3D('',#5706,#5707,#5708);
#5706 = CARTESIAN_POINT('',(19.174706317406,57.375291489143,
    1.550000071526));
#5707 = DIRECTION('',(0.,0.,1.));
#5708 = DIRECTION('',(1.,0.,0.));
#5709 = ADVANCED_FACE('',(#5710,#5716),#5750,.T.);
#5710 = FACE_BOUND('',#5711,.T.);
#5711 = EDGE_LOOP('',(#5712,#5713,#5714,#5715));
#5712 = ORIENTED_EDGE('',*,*,#5696,.F.);
#5713 = ORIENTED_EDGE('',*,*,#4710,.F.);
#5714 = ORIENTED_EDGE('',*,*,#5680,.T.);
#5715 = ORIENTED_EDGE('',*,*,#1175,.F.);
#5716 = FACE_BOUND('',#5717,.T.);
#5717 = EDGE_LOOP('',(#5718,#5728,#5736,#5744));
#5718 = ORIENTED_EDGE('',*,*,#5719,.T.);
#5719 = EDGE_CURVE('',#5720,#5722,#5724,.T.);
#5720 = VERTEX_POINT('',#5721);
#5721 = CARTESIAN_POINT('',(32.299999237061,65.049995422363,3.));
#5722 = VERTEX_POINT('',#5723);
#5723 = CARTESIAN_POINT('',(28.300001144409,65.049995422363,3.));
#5724 = LINE('',#5725,#5726);
#5725 = CARTESIAN_POINT('',(32.299999237061,65.049995422363,3.));
#5726 = VECTOR('',#5727,1.);
#5727 = DIRECTION('',(-1.,0.,0.));
#5728 = ORIENTED_EDGE('',*,*,#5729,.T.);
#5729 = EDGE_CURVE('',#5722,#5730,#5732,.T.);
#5730 = VERTEX_POINT('',#5731);
#5731 = CARTESIAN_POINT('',(28.300001144409,65.049995422363,13.));
#5732 = LINE('',#5733,#5734);
#5733 = CARTESIAN_POINT('',(28.300001144409,65.049995422363,3.));
#5734 = VECTOR('',#5735,1.);
#5735 = DIRECTION('',(0.,0.,1.));
#5736 = ORIENTED_EDGE('',*,*,#5737,.T.);
#5737 = EDGE_CURVE('',#5730,#5738,#5740,.T.);
#5738 = VERTEX_POINT('',#5739);
#5739 = CARTESIAN_POINT('',(32.299999237061,65.049995422363,13.));
#5740 = LINE('',#5741,#5742);
#5741 = CARTESIAN_POINT('',(28.300001144409,65.049995422363,13.));
#5742 = VECTOR('',#5743,1.);
#5743 = DIRECTION('',(1.,0.,0.));
#5744 = ORIENTED_EDGE('',*,*,#5745,.T.);
#5745 = EDGE_CURVE('',#5738,#5720,#5746,.T.);
#5746 = LINE('',#5747,#5748);
#5747 = CARTESIAN_POINT('',(32.299999237061,65.049995422363,13.));
#5748 = VECTOR('',#5749,1.);
#5749 = DIRECTION('',(0.,0.,-1.));
#5750 = PLANE('',#5751);
#5751 = AXIS2_PLACEMENT_3D('',#5752,#5753,#5754);
#5752 = CARTESIAN_POINT('',(23.549999713898,65.049995422363,
    7.999999940395));
#5753 = DIRECTION('',(-0.,-1.,-0.));
#5754 = DIRECTION('',(0.,0.,-1.));
#5755 = ADVANCED_FACE('',(#5756),#5767,.F.);
#5756 = FACE_BOUND('',#5757,.F.);
#5757 = EDGE_LOOP('',(#5758,#5764,#5765,#5766));
#5758 = ORIENTED_EDGE('',*,*,#5759,.F.);
#5759 = EDGE_CURVE('',#1192,#4620,#5760,.T.);
#5760 = LINE('',#5761,#5762);
#5761 = CARTESIAN_POINT('',(14.300000190735,38.399999767158,
    7.99999899977));
#5762 = VECTOR('',#5763,1.);
#5763 = DIRECTION('',(1.,0.,0.));
#5764 = ORIENTED_EDGE('',*,*,#1191,.F.);
#5765 = ORIENTED_EDGE('',*,*,#5759,.T.);
#5766 = ORIENTED_EDGE('',*,*,#4619,.T.);
#5767 = CYLINDRICAL_SURFACE('',#5768,0.85);
#5768 = AXIS2_PLACEMENT_3D('',#5769,#5770,#5771);
#5769 = CARTESIAN_POINT('',(14.300000190735,39.249999767158,
    7.99999899977));
#5770 = DIRECTION('',(-1.,0.,0.));
#5771 = DIRECTION('',(0.,-1.,0.));
#5772 = ADVANCED_FACE('',(#5773),#6449,.T.);
#5773 = FACE_BOUND('',#5774,.T.);
#5774 = EDGE_LOOP('',(#5775,#5786,#5792,#5793,#5794,#5803,#5812,#5821,
    #5830,#5839,#5848,#5857,#5866,#5875,#5884,#5893,#5902,#5911,#5920,
    #5929,#5938,#5947,#5956,#5965,#5974,#5983,#5992,#6001,#6010,#6019,
    #6028,#6037,#6046,#6055,#6064,#6073,#6082,#6091,#6100,#6109,#6118,
    #6127,#6136,#6145,#6154,#6163,#6172,#6181,#6190,#6199,#6208,#6217,
    #6226,#6235,#6244,#6253,#6262,#6271,#6280,#6289,#6298,#6307,#6316,
    #6325,#6334,#6343,#6352,#6361,#6370,#6379,#6388,#6397,#6406,#6415,
    #6424,#6433,#6442));
#5775 = ORIENTED_EDGE('',*,*,#5776,.F.);
#5776 = EDGE_CURVE('',#5777,#5779,#5781,.T.);
#5777 = VERTEX_POINT('',#5778);
#5778 = CARTESIAN_POINT('',(39.285623509055,63.299997851436,
    8.000003511081));
#5779 = VERTEX_POINT('',#5780);
#5780 = CARTESIAN_POINT('',(39.288617508016,63.295853235232,
    8.195229767604));
#5781 = ELLIPSE('',#5782,4.731638188594,4.6);
#5782 = AXIS2_PLACEMENT_3D('',#5783,#5784,#5785);
#5783 = CARTESIAN_POINT('',(40.392956989462,58.699997851436,
    8.000003511081));
#5784 = DIRECTION('',(0.972179151628,0.23402750512,-9.941025423545E-03)
  );
#5785 = DIRECTION('',(0.234238547509,-0.971303245365,4.125904026196E-02)
  );
#5786 = ORIENTED_EDGE('',*,*,#5787,.T.);
#5787 = EDGE_CURVE('',#5777,#1411,#5788,.T.);
#5788 = LINE('',#5789,#5790);
#5789 = CARTESIAN_POINT('',(39.300003051758,63.299997851436,
    8.000003511081));
#5790 = VECTOR('',#5791,1.);
#5791 = DIRECTION('',(-1.,-0.,-0.));
#5792 = ORIENTED_EDGE('',*,*,#1410,.T.);
#5793 = ORIENTED_EDGE('',*,*,#5787,.F.);
#5794 = ORIENTED_EDGE('',*,*,#5795,.F.);
#5795 = EDGE_CURVE('',#5796,#5777,#5798,.T.);
#5796 = VERTEX_POINT('',#5797);
#5797 = CARTESIAN_POINT('',(39.2846258576,63.295597355115,7.79884386854)
  );
#5798 = ELLIPSE('',#5799,4.731638188594,4.6);
#5799 = AXIS2_PLACEMENT_3D('',#5800,#5801,#5802);
#5800 = CARTESIAN_POINT('',(40.392956989462,58.699997851436,
    8.000003511081));
#5801 = DIRECTION('',(0.972179151628,0.23402750512,-9.941025423545E-03)
  );
#5802 = DIRECTION('',(0.234238547509,-0.971303245365,4.125904026196E-02)
  );
#5803 = ORIENTED_EDGE('',*,*,#5804,.F.);
#5804 = EDGE_CURVE('',#5805,#5796,#5807,.T.);
#5805 = VERTEX_POINT('',#5806);
#5806 = CARTESIAN_POINT('',(39.288617940538,63.26273945253,
    7.415718408025));
#5807 = ELLIPSE('',#5808,4.731638739673,4.6);
#5808 = AXIS2_PLACEMENT_3D('',#5809,#5810,#5811);
#5809 = CARTESIAN_POINT('',(40.3929593418,58.699997851436,8.000003511081
    ));
#5810 = DIRECTION('',(0.972179038402,0.234027976678,-9.940997142092E-03)
  );
#5811 = DIRECTION('',(0.234239017442,-0.971303140743,4.125883530384E-02)
  );
#5812 = ORIENTED_EDGE('',*,*,#5813,.F.);
#5813 = EDGE_CURVE('',#5814,#5805,#5816,.T.);
#5814 = VERTEX_POINT('',#5815);
#5815 = CARTESIAN_POINT('',(39.284626374484,63.195502490975,
    7.025099394828));
#5816 = ELLIPSE('',#5817,4.731638318024,4.6);
#5817 = AXIS2_PLACEMENT_3D('',#5818,#5819,#5820);
#5818 = CARTESIAN_POINT('',(40.392958064498,58.699997851436,
    8.000003511081));
#5819 = DIRECTION('',(0.972179125035,0.228981348548,-4.934866627497E-02)
  );
#5820 = DIRECTION('',(0.234238657881,-0.950359300614,0.20481565099));
#5821 = ORIENTED_EDGE('',*,*,#5822,.F.);
#5822 = EDGE_CURVE('',#5823,#5814,#5825,.T.);
#5823 = VERTEX_POINT('',#5824);
#5824 = CARTESIAN_POINT('',(39.288617473477,63.098363948991,
    6.653015882377));
#5825 = ELLIPSE('',#5826,4.73161720555,4.6);
#5826 = AXIS2_PLACEMENT_3D('',#5827,#5828,#5829);
#5827 = CARTESIAN_POINT('',(40.392867940022,58.699997851436,
    8.000003511081));
#5828 = DIRECTION('',(0.972183462898,0.228963358525,-4.934668094894E-02)
  );
#5829 = DIRECTION('',(0.234220653375,-0.950361923936,0.20482406857));
#5830 = ORIENTED_EDGE('',*,*,#5831,.F.);
#5831 = EDGE_CURVE('',#5832,#5823,#5834,.T.);
#5832 = VERTEX_POINT('',#5833);
#5833 = CARTESIAN_POINT('',(39.284625760523,62.966069199531,
    6.279353850934));
#5834 = ELLIPSE('',#5835,4.73161759775,4.6);
#5835 = AXIS2_PLACEMENT_3D('',#5836,#5837,#5838);
#5836 = CARTESIAN_POINT('',(40.392868988096,58.699997851436,
    8.000003511081));
#5837 = DIRECTION('',(0.972183382315,0.217330868471,-8.733135038959E-02)
  );
#5838 = DIRECTION('',(0.234220987854,-0.902077395914,0.362487104088));
#5839 = ORIENTED_EDGE('',*,*,#5840,.F.);
#5840 = EDGE_CURVE('',#5841,#5832,#5843,.T.);
#5841 = VERTEX_POINT('',#5842);
#5842 = CARTESIAN_POINT('',(39.288617856748,62.80745585936,
    5.929064421407));
#5843 = ELLIPSE('',#5844,4.731632484907,4.6);
#5844 = AXIS2_PLACEMENT_3D('',#5845,#5846,#5847);
#5845 = CARTESIAN_POINT('',(40.392932538654,58.699997851436,
    8.000003511081));
#5846 = DIRECTION('',(0.97218032353,0.217343134974,-8.73348740286E-02));
#5847 = DIRECTION('',(0.234233683619,-0.902076575883,0.362480941155));
#5848 = ORIENTED_EDGE('',*,*,#5849,.F.);
#5849 = EDGE_CURVE('',#5850,#5841,#5852,.T.);
#5850 = VERTEX_POINT('',#5851);
#5851 = CARTESIAN_POINT('',(39.28462672294,62.613937399266,
    5.583171449076));
#5852 = ELLIPSE('',#5853,4.731631412195,4.6);
#5853 = AXIS2_PLACEMENT_3D('',#5854,#5855,#5856);
#5854 = CARTESIAN_POINT('',(40.3929289306,58.699997851436,8.000003511081
    ));
#5855 = DIRECTION('',(0.972180543933,0.199456784399,-0.122808717746));
#5856 = DIRECTION('',(0.234232768838,-0.827843201065,0.509716239151));
#5857 = ORIENTED_EDGE('',*,*,#5858,.F.);
#5858 = EDGE_CURVE('',#5859,#5850,#5861,.T.);
#5859 = VERTEX_POINT('',#5860);
#5860 = CARTESIAN_POINT('',(39.288617701936,62.398383495131,
    5.264689337076));
#5861 = ELLIPSE('',#5862,4.731603502424,4.6);
#5862 = AXIS2_PLACEMENT_3D('',#5863,#5864,#5865);
#5863 = CARTESIAN_POINT('',(40.392809785487,58.699997851436,
    8.000003511081));
#5864 = DIRECTION('',(0.972186278424,0.199435234171,-0.122798320083));
#5865 = DIRECTION('',(0.234208966618,-0.827842763219,0.509727887546));
#5866 = ORIENTED_EDGE('',*,*,#5867,.F.);
#5867 = EDGE_CURVE('',#5868,#5859,#5870,.T.);
#5868 = VERTEX_POINT('',#5869);
#5869 = CARTESIAN_POINT('',(39.28462605404,62.149172470999,
    4.956453865722));
#5870 = ELLIPSE('',#5871,4.731605795875,4.6);
#5871 = AXIS2_PLACEMENT_3D('',#5872,#5873,#5874);
#5872 = CARTESIAN_POINT('',(40.392818898381,58.699997851436,
    8.000003511081));
#5873 = DIRECTION('',(0.972185807197,0.175815123733,-0.154737838139));
#5874 = DIRECTION('',(0.234210922642,-0.729790763193,0.642301086464));
#5875 = ORIENTED_EDGE('',*,*,#5876,.F.);
#5876 = EDGE_CURVE('',#5877,#5868,#5879,.T.);
#5877 = VERTEX_POINT('',#5878);
#5878 = CARTESIAN_POINT('',(39.288618036747,61.882916461492,
    4.679005299434));
#5879 = ELLIPSE('',#5880,4.731624456357,4.6);
#5880 = AXIS2_PLACEMENT_3D('',#5881,#5882,#5883);
#5881 = CARTESIAN_POINT('',(40.392898559476,58.699997851436,
    8.000003511081));
#5882 = DIRECTION('',(0.972181973111,0.175828150227,-0.154747125163));
#5883 = DIRECTION('',(0.234226836973,-0.729792368052,0.642293459701));
#5884 = ORIENTED_EDGE('',*,*,#5885,.F.);
#5885 = EDGE_CURVE('',#5886,#5877,#5888,.T.);
#5886 = VERTEX_POINT('',#5887);
#5887 = CARTESIAN_POINT('',(39.284626167721,61.58520114335,
    4.417322676241));
#5888 = ELLIPSE('',#5889,4.731623951121,4.6);
#5889 = AXIS2_PLACEMENT_3D('',#5890,#5891,#5892);
#5890 = CARTESIAN_POINT('',(40.392896526386,58.699997851436,
    8.000003511081));
#5891 = DIRECTION('',(0.972182076919,0.147145268551,-0.182236876786));
#5892 = DIRECTION('',(0.234226406106,-0.610742380274,0.756393902421));
#5893 = ORIENTED_EDGE('',*,*,#5894,.F.);
#5894 = EDGE_CURVE('',#5895,#5886,#5897,.T.);
#5895 = VERTEX_POINT('',#5896);
#5896 = CARTESIAN_POINT('',(39.288617918893,61.275881574974,
    4.188858926731));
#5897 = ELLIPSE('',#5898,4.731630497275,4.6);
#5898 = AXIS2_PLACEMENT_3D('',#5899,#5900,#5901);
#5899 = CARTESIAN_POINT('',(40.392924470519,58.699997851436,
    8.000003511081));
#5900 = DIRECTION('',(0.972180731917,0.147149221732,-0.182240859946));
#5901 = DIRECTION('',(0.234231988614,-0.610743387062,0.756391360784));
#5902 = ORIENTED_EDGE('',*,*,#5903,.F.);
#5903 = EDGE_CURVE('',#5904,#5895,#5906,.T.);
#5904 = VERTEX_POINT('',#5905);
#5905 = CARTESIAN_POINT('',(39.284626487035,60.938238140835,
    3.981262364041));
#5906 = ELLIPSE('',#5907,4.731628397585,4.6);
#5907 = AXIS2_PLACEMENT_3D('',#5908,#5909,#5910);
#5908 = CARTESIAN_POINT('',(40.392915826524,58.699997851436,
    8.000003511081));
#5909 = DIRECTION('',(0.972181163328,0.114233475434,-0.204485937806));
#5910 = DIRECTION('',(0.234230198032,-0.474130295631,0.848726503118));
#5911 = ORIENTED_EDGE('',*,*,#5912,.F.);
#5912 = EDGE_CURVE('',#5913,#5904,#5915,.T.);
#5913 = VERTEX_POINT('',#5914);
#5914 = CARTESIAN_POINT('',(39.288618026166,60.59474433293,
    3.808352789603));
#5915 = ELLIPSE('',#5916,4.731619842429,4.6);
#5916 = AXIS2_PLACEMENT_3D('',#5917,#5918,#5919);
#5917 = CARTESIAN_POINT('',(40.392879305973,58.699997851436,
    8.000003511081));
#5918 = DIRECTION('',(0.972182921111,0.114229263011,-0.20447993391));
#5919 = DIRECTION('',(0.234222902167,-0.474128437324,0.8487295547));
#5920 = ORIENTED_EDGE('',*,*,#5921,.F.);
#5921 = EDGE_CURVE('',#5922,#5913,#5924,.T.);
#5922 = VERTEX_POINT('',#5923);
#5923 = CARTESIAN_POINT('',(39.284626497759,60.226874159946,
    3.660804421558));
#5924 = ELLIPSE('',#5925,4.731620355686,4.6);
#5925 = AXIS2_PLACEMENT_3D('',#5926,#5927,#5928);
#5926 = CARTESIAN_POINT('',(40.392881506916,58.699997851436,
    8.000003511081));
#5927 = DIRECTION('',(0.972182815655,7.802930153472E-02,-0.2208438386));
#5928 = DIRECTION('',(0.234223339883,-0.323873556357,0.916648976734));
#5929 = ORIENTED_EDGE('',*,*,#5930,.F.);
#5930 = EDGE_CURVE('',#5931,#5922,#5933,.T.);
#5931 = VERTEX_POINT('',#5932);
#5932 = CARTESIAN_POINT('',(39.288617994355,59.859099391832,
    3.548432595207));
#5933 = ELLIPSE('',#5934,4.731617919869,4.6);
#5934 = AXIS2_PLACEMENT_3D('',#5935,#5936,#5937);
#5935 = CARTESIAN_POINT('',(40.392871108624,58.699997851436,
    8.000003511081));
#5936 = DIRECTION('',(0.97218331613,7.802840830122E-02,-0.220841951032)
  );
#5937 = DIRECTION('',(0.234221262566,-0.323872887985,0.916649743681));
#5938 = ORIENTED_EDGE('',*,*,#5939,.F.);
#5939 = EDGE_CURVE('',#5940,#5931,#5942,.T.);
#5940 = VERTEX_POINT('',#5941);
#5941 = CARTESIAN_POINT('',(39.28462630901,59.471575086935,3.46517511635
    ));
#5942 = ELLIPSE('',#5943,4.731619205778,4.6);
#5943 = AXIS2_PLACEMENT_3D('',#5944,#5945,#5946);
#5944 = CARTESIAN_POINT('',(40.392876408268,58.699997851436,
    8.000003511081));
#5945 = DIRECTION('',(0.972183051921,3.95836221952E-02,-0.230853309294)
  );
#5946 = DIRECTION('',(0.234222359219,-0.164299116276,0.958199189539));
#5947 = ORIENTED_EDGE('',*,*,#5948,.F.);
#5948 = EDGE_CURVE('',#5949,#5940,#5951,.T.);
#5949 = VERTEX_POINT('',#5950);
#5950 = CARTESIAN_POINT('',(39.288617898051,59.090107574612,
    3.416575274064));
#5951 = ELLIPSE('',#5952,4.731621751822,4.6);
#5952 = AXIS2_PLACEMENT_3D('',#5953,#5954,#5955);
#5953 = CARTESIAN_POINT('',(40.392887277054,58.699997851436,
    8.000003511081));
#5954 = DIRECTION('',(0.972182528798,3.958420897748E-02,-0.230855411677)
  );
#5955 = DIRECTION('',(0.234224530527,-0.164299940307,0.958198517487));
#5956 = ORIENTED_EDGE('',*,*,#5957,.F.);
#5957 = EDGE_CURVE('',#5958,#5949,#5960,.T.);
#5958 = VERTEX_POINT('',#5959);
#5959 = CARTESIAN_POINT('',(39.288617779504,58.309893909389,
    3.416574782018));
#5960 = ELLIPSE('',#5961,4.731621615276,4.6);
#5961 = AXIS2_PLACEMENT_3D('',#5962,#5963,#5964);
#5962 = CARTESIAN_POINT('',(40.392886623837,58.699997851436,
    8.000003511081));
#5963 = DIRECTION('',(0.972182556853,0.,-0.234224414079));
#5964 = DIRECTION('',(0.234224414079,0.,0.972182556853));
#5965 = ORIENTED_EDGE('',*,*,#5966,.F.);
#5966 = EDGE_CURVE('',#5967,#5958,#5969,.T.);
#5967 = VERTEX_POINT('',#5968);
#5968 = CARTESIAN_POINT('',(39.284626164057,57.916762972344,
    3.467174027836));
#5969 = ELLIPSE('',#5970,4.731621730783,4.6);
#5970 = AXIS2_PLACEMENT_3D('',#5971,#5972,#5973);
#5971 = CARTESIAN_POINT('',(40.392887039957,58.699997851436,
    8.000003511081));
#5972 = DIRECTION('',(0.97218253312,-3.958398611442E-02,-0.230855431686)
  );
#5973 = DIRECTION('',(0.234224512585,0.164299028599,0.958198678201));
#5974 = ORIENTED_EDGE('',*,*,#5975,.F.);
#5975 = EDGE_CURVE('',#5976,#5967,#5978,.T.);
#5976 = VERTEX_POINT('',#5977);
#5977 = CARTESIAN_POINT('',(39.288617807002,57.540899211677,
    3.548431839939));
#5978 = ELLIPSE('',#5979,4.731621404527,4.6);
#5979 = AXIS2_PLACEMENT_3D('',#5980,#5981,#5982);
#5980 = CARTESIAN_POINT('',(40.392885647212,58.699997851436,
    8.000003511081));
#5981 = DIRECTION('',(0.972182600155,-3.95839672618E-02,-0.230855152623)
  );
#5982 = DIRECTION('',(0.23422423435,0.164299156848,0.958198724223));
#5983 = ORIENTED_EDGE('',*,*,#5984,.F.);
#5984 = EDGE_CURVE('',#5985,#5976,#5987,.T.);
#5985 = VERTEX_POINT('',#5986);
#5986 = CARTESIAN_POINT('',(39.284626100746,57.16197428175,
    3.664743023049));
#5987 = ELLIPSE('',#5988,4.731622279564,4.6);
#5988 = AXIS2_PLACEMENT_3D('',#5989,#5990,#5991);
#5989 = CARTESIAN_POINT('',(40.392889320775,58.699997851436,
    8.000003511081));
#5990 = DIRECTION('',(0.972182420365,-7.802984812134E-02,-0.220845385587
    ));
#5991 = DIRECTION('',(0.234224980591,0.32387342467,0.916648604024));
#5992 = ORIENTED_EDGE('',*,*,#5993,.F.);
#5993 = EDGE_CURVE('',#5994,#5985,#5996,.T.);
#5994 = VERTEX_POINT('',#5995);
#5995 = CARTESIAN_POINT('',(39.288617450389,56.805256204977,
    3.808350604032));
#5996 = ELLIPSE('',#5997,4.731620339655,4.6);
#5997 = AXIS2_PLACEMENT_3D('',#5998,#5999,#6000);
#5998 = CARTESIAN_POINT('',(40.392881039539,58.699997851436,
    8.000003511081));
#5999 = DIRECTION('',(0.972182818949,-7.802945721115E-02,-0.220843769096
    ));
#6000 = DIRECTION('',(0.234223326211,0.32387422252,0.916648744856));
#6001 = ORIENTED_EDGE('',*,*,#6002,.F.);
#6002 = EDGE_CURVE('',#6003,#5994,#6005,.T.);
#6003 = VERTEX_POINT('',#6004);
#6004 = CARTESIAN_POINT('',(39.284625731878,56.451423333985,
    3.987035452465));
#6005 = ELLIPSE('',#6006,4.731619861051,4.6);
#6006 = AXIS2_PLACEMENT_3D('',#6007,#6008,#6009);
#6007 = CARTESIAN_POINT('',(40.392878621771,58.699997851436,
    8.000003511081));
#6008 = DIRECTION('',(0.972182917285,-0.114229443133,-0.204479851478));
#6009 = DIRECTION('',(0.234222918049,0.474129150941,0.848729151667));
#6010 = ORIENTED_EDGE('',*,*,#6011,.F.);
#6011 = EDGE_CURVE('',#6012,#6003,#6014,.T.);
#6012 = VERTEX_POINT('',#6013);
#6013 = CARTESIAN_POINT('',(39.288617282514,56.124117377477,
    4.188856730402));
#6014 = ELLIPSE('',#6015,4.731622115031,4.6);
#6015 = AXIS2_PLACEMENT_3D('',#6016,#6017,#6018);
#6016 = CARTESIAN_POINT('',(40.392888243747,58.699997851436,
    8.000003511081));
#6017 = DIRECTION('',(0.972182454171,-0.114230208216,-0.204481625907));
#6018 = DIRECTION('',(0.234224840276,0.474128209599,0.848729147054));
#6019 = ORIENTED_EDGE('',*,*,#6020,.F.);
#6020 = EDGE_CURVE('',#6021,#6012,#6023,.T.);
#6021 = VERTEX_POINT('',#6022);
#6022 = CARTESIAN_POINT('',(39.284625527389,55.805565351772,
    4.424774776456));
#6023 = ELLIPSE('',#6024,4.731622326317,4.6);
#6024 = AXIS2_PLACEMENT_3D('',#6025,#6026,#6027);
#6025 = CARTESIAN_POINT('',(40.3928889399,58.699997851436,8.000003511081
    ));
#6026 = DIRECTION('',(0.972182410759,-0.147144951254,-0.182235352035));
#6027 = DIRECTION('',(0.234225020463,0.610744886086,0.756392308203));
#6028 = ORIENTED_EDGE('',*,*,#6029,.F.);
#6029 = EDGE_CURVE('',#6030,#6021,#6032,.T.);
#6030 = VERTEX_POINT('',#6031);
#6031 = CARTESIAN_POINT('',(39.288617069503,55.517082276485,
    4.679002390525));
#6032 = ELLIPSE('',#6033,4.731623897038,4.6);
#6033 = AXIS2_PLACEMENT_3D('',#6034,#6035,#6036);
#6034 = CARTESIAN_POINT('',(40.392895645068,58.699997851436,
    8.000003511081));
#6035 = DIRECTION('',(0.972182088031,-0.147145685714,-0.182236480671));
#6036 = DIRECTION('',(0.234226359984,0.610744239001,0.75639241589));
#6037 = ORIENTED_EDGE('',*,*,#6038,.F.);
#6038 = EDGE_CURVE('',#6039,#6030,#6041,.T.);
#6039 = VERTEX_POINT('',#6040);
#6040 = CARTESIAN_POINT('',(39.284625662602,55.242985541148,
    4.965359234313));
#6041 = ELLIPSE('',#6042,4.731624302128,4.6);
#6042 = AXIS2_PLACEMENT_3D('',#6043,#6044,#6045);
#6043 = CARTESIAN_POINT('',(40.392897506254,58.699997851436,
    8.000003511081));
#6044 = DIRECTION('',(0.972182004799,-0.175826971411,-0.154748265479));
#6045 = DIRECTION('',(0.234226705447,0.729787908848,0.642298574306));
#6046 = ORIENTED_EDGE('',*,*,#6047,.F.);
#6047 = EDGE_CURVE('',#6048,#6039,#6050,.T.);
#6048 = VERTEX_POINT('',#6049);
#6049 = CARTESIAN_POINT('',(39.288617104145,55.001613302898,
    5.264687856328));
#6050 = ELLIPSE('',#6051,4.731615500504,4.6);
#6051 = AXIS2_PLACEMENT_3D('',#6052,#6053,#6054);
#6052 = CARTESIAN_POINT('',(40.392859933026,58.699997851436,
    8.000003511081));
#6053 = DIRECTION('',(0.972183813226,-0.175821846139,-0.154742727523));
#6054 = DIRECTION('',(0.234219199258,0.729791380765,0.642297366692));
#6055 = ORIENTED_EDGE('',*,*,#6056,.F.);
#6056 = EDGE_CURVE('',#6057,#6048,#6059,.T.);
#6057 = VERTEX_POINT('',#6058);
#6058 = CARTESIAN_POINT('',(39.284625340469,54.779847298093,
    5.593258896644));
#6059 = ELLIPSE('',#6060,4.731614732925,4.6);
#6060 = AXIS2_PLACEMENT_3D('',#6061,#6062,#6063);
#6061 = CARTESIAN_POINT('',(40.392856332753,58.699997851436,
    8.000003511081));
#6062 = DIRECTION('',(0.972183970937,-0.199444166749,-0.122802080611));
#6063 = DIRECTION('',(0.234218544639,0.827844021956,0.50972144222));
#6064 = ORIENTED_EDGE('',*,*,#6065,.F.);
#6065 = EDGE_CURVE('',#6066,#6057,#6068,.T.);
#6066 = VERTEX_POINT('',#6067);
#6067 = CARTESIAN_POINT('',(39.288616841998,54.592540803013,
    5.929062518353));
#6068 = ELLIPSE('',#6069,4.731620457404,4.6);
#6069 = AXIS2_PLACEMENT_3D('',#6070,#6071,#6072);
#6070 = CARTESIAN_POINT('',(40.39288077017,58.699997851436,
    8.000003511081));
#6071 = DIRECTION('',(0.972182794755,-0.199448060976,-0.1228050673));
#6072 = DIRECTION('',(0.234223426629,0.827841929047,0.509722598018));
#6073 = ORIENTED_EDGE('',*,*,#6074,.F.);
#6074 = EDGE_CURVE('',#6075,#6066,#6077,.T.);
#6075 = VERTEX_POINT('',#6076);
#6076 = CARTESIAN_POINT('',(39.284624990957,54.42948784394,
    6.290399967602));
#6077 = ELLIPSE('',#6078,4.731620373155,4.6);
#6078 = AXIS2_PLACEMENT_3D('',#6079,#6080,#6081);
#6079 = CARTESIAN_POINT('',(40.39288005942,58.699997851436,
    8.000003511081));
#6080 = DIRECTION('',(0.972182812065,-0.217333456274,-8.733125848534E-02
    ));
#6081 = DIRECTION('',(0.23422335478,0.90207849202,0.362482846918));
#6082 = ORIENTED_EDGE('',*,*,#6083,.F.);
#6083 = EDGE_CURVE('',#6084,#6075,#6086,.T.);
#6084 = VERTEX_POINT('',#6085);
#6085 = CARTESIAN_POINT('',(39.28861613691,54.301632253169,
    6.653014252036));
#6086 = ELLIPSE('',#6087,4.731617474737,4.6);
#6087 = AXIS2_PLACEMENT_3D('',#6088,#6089,#6090);
#6088 = CARTESIAN_POINT('',(40.39286768633,58.699997851436,
    8.000003511081));
#6089 = DIRECTION('',(0.972183407589,-0.217331257354,-8.733010125111E-02
    ));
#6090 = DIRECTION('',(0.234220882945,0.902079437552,0.362482091058));
#6091 = ORIENTED_EDGE('',*,*,#6092,.F.);
#6092 = EDGE_CURVE('',#6093,#6084,#6095,.T.);
#6093 = VERTEX_POINT('',#6094);
#6094 = CARTESIAN_POINT('',(39.284624734541,54.201988498305,
    7.036721693986));
#6095 = ELLIPSE('',#6096,4.731617275623,4.6);
#6096 = AXIS2_PLACEMENT_3D('',#6097,#6098,#6099);
#6097 = CARTESIAN_POINT('',(40.392866568598,58.699997851436,
    8.000003511081));
#6098 = DIRECTION('',(0.972183448501,-0.228963573471,-4.934596726089E-02
    ));
#6099 = DIRECTION('',(0.234220713135,0.950362559564,0.204821050962));
#6100 = ORIENTED_EDGE('',*,*,#6101,.F.);
#6101 = EDGE_CURVE('',#6102,#6093,#6104,.T.);
#6102 = VERTEX_POINT('',#6103);
#6103 = CARTESIAN_POINT('',(39.288616813282,54.137256326721,
    7.415717811585));
#6104 = ELLIPSE('',#6105,4.731625756873,4.6);
#6105 = AXIS2_PLACEMENT_3D('',#6106,#6107,#6108);
#6106 = CARTESIAN_POINT('',(40.392902773934,58.699997851436,
    8.000003511081));
#6107 = DIRECTION('',(0.972181705901,-0.228970487512,-4.934821740373E-02
    ));
#6108 = DIRECTION('',(0.234227946053,0.950360206376,0.204823698398));
#6109 = ORIENTED_EDGE('',*,*,#6110,.F.);
#6110 = EDGE_CURVE('',#6111,#6102,#6113,.T.);
#6111 = VERTEX_POINT('',#6112);
#6112 = CARTESIAN_POINT('',(39.284624943237,54.103893191397,
    7.810736625544));
#6113 = ELLIPSE('',#6114,4.731625718812,4.6);
#6114 = AXIS2_PLACEMENT_3D('',#6115,#6116,#6117);
#6115 = CARTESIAN_POINT('',(40.392902832656,58.699997851436,
    8.000003511081));
#6116 = DIRECTION('',(0.972181713721,-0.234016880786,-9.940574122872E-03
    ));
#6117 = DIRECTION('',(0.234227913595,0.97130580515,4.125914899653E-02));
#6118 = ORIENTED_EDGE('',*,*,#6119,.F.);
#6119 = EDGE_CURVE('',#6120,#6111,#6122,.T.);
#6120 = VERTEX_POINT('',#6121);
#6121 = CARTESIAN_POINT('',(39.288616372602,54.104142476167,
    8.19522996833));
#6122 = ELLIPSE('',#6123,4.731625167815,4.6);
#6123 = AXIS2_PLACEMENT_3D('',#6124,#6125,#6126);
#6124 = CARTESIAN_POINT('',(40.392900480557,58.699997851436,
    8.000003511081));
#6125 = DIRECTION('',(0.972181826931,-0.234016413369,-9.94050595801E-03)
  );
#6126 = DIRECTION('',(0.234227443706,0.97130592676,4.125895364775E-02));
#6127 = ORIENTED_EDGE('',*,*,#6128,.F.);
#6128 = EDGE_CURVE('',#6129,#6120,#6131,.T.);
#6129 = VERTEX_POINT('',#6130);
#6130 = CARTESIAN_POINT('',(39.284624946842,54.138017783837,
    8.590205055327));
#6131 = ELLIPSE('',#6132,4.731625210493,4.6);
#6132 = AXIS2_PLACEMENT_3D('',#6133,#6134,#6135);
#6133 = CARTESIAN_POINT('',(40.392900659532,58.699997851436,
    8.000003511081));
#6134 = DIRECTION('',(0.972181818162,-0.23233042789,2.975037329017E-02)
  );
#6135 = DIRECTION('',(0.234227480101,0.964307935615,-0.123481548723));
#6136 = ORIENTED_EDGE('',*,*,#6137,.F.);
#6137 = EDGE_CURVE('',#6138,#6129,#6140,.T.);
#6138 = VERTEX_POINT('',#6139);
#6139 = CARTESIAN_POINT('',(39.288616253179,54.203243203891,
    8.96912560854));
#6140 = ELLIPSE('',#6141,4.731613967975,4.6);
#6141 = AXIS2_PLACEMENT_3D('',#6142,#6143,#6144);
#6142 = CARTESIAN_POINT('',(40.392852666356,58.699997851436,
    8.000003511081));
#6143 = DIRECTION('',(0.972184128108,-0.23232079261,2.975013236622E-02)
  );
#6144 = DIRECTION('',(0.23421789226,0.964309707621,-0.123485896899));
#6145 = ORIENTED_EDGE('',*,*,#6146,.F.);
#6146 = EDGE_CURVE('',#6147,#6138,#6149,.T.);
#6147 = VERTEX_POINT('',#6148);
#6148 = CARTESIAN_POINT('',(39.284624387267,54.303389399144,
    9.352717123504));
#6149 = ELLIPSE('',#6150,4.731614210288,4.6);
#6150 = AXIS2_PLACEMENT_3D('',#6151,#6152,#6153);
#6151 = CARTESIAN_POINT('',(40.392853137145,58.699997851436,
    8.000003511081));
#6152 = DIRECTION('',(0.972184078321,-0.223951308324,6.858519781245E-02)
  );
#6153 = DIRECTION('',(0.234218098914,0.929569052439,-0.284680977392));
#6154 = ORIENTED_EDGE('',*,*,#6155,.F.);
#6155 = EDGE_CURVE('',#6156,#6147,#6158,.T.);
#6156 = VERTEX_POINT('',#6157);
#6157 = CARTESIAN_POINT('',(39.288615951455,54.431707492388,
    9.715141234663));
#6158 = ELLIPSE('',#6159,4.731623668362,4.6);
#6159 = AXIS2_PLACEMENT_3D('',#6160,#6161,#6162);
#6160 = CARTESIAN_POINT('',(40.392893512799,58.699997851436,
    8.000003511081));
#6161 = DIRECTION('',(0.972182135016,-0.223959263434,6.858676751499E-02)
  );
#6162 = DIRECTION('',(0.234226164969,0.929568201361,-0.28467712002));
#6163 = ORIENTED_EDGE('',*,*,#6164,.F.);
#6164 = EDGE_CURVE('',#6165,#6156,#6167,.T.);
#6165 = VERTEX_POINT('',#6166);
#6166 = CARTESIAN_POINT('',(39.284624563165,54.595237012084,
    10.076283466126));
#6167 = ELLIPSE('',#6168,4.731623740855,4.6);
#6168 = AXIS2_PLACEMENT_3D('',#6169,#6170,#6171);
#6169 = CARTESIAN_POINT('',(40.39289399624,58.699997851436,
    8.000003511081));
#6170 = DIRECTION('',(0.972182120121,-0.209146959471,0.105448919677));
#6171 = DIRECTION('',(0.234226226791,0.868087819458,-0.437677521004));
#6172 = ORIENTED_EDGE('',*,*,#6173,.F.);
#6173 = EDGE_CURVE('',#6174,#6165,#6176,.T.);
#6174 = VERTEX_POINT('',#6175);
#6175 = CARTESIAN_POINT('',(39.288615822327,54.782963565244,
    10.411816605164));
#6176 = ELLIPSE('',#6177,4.731611395524,4.6);
#6177 = AXIS2_PLACEMENT_3D('',#6178,#6179,#6180);
#6178 = CARTESIAN_POINT('',(40.392841294892,58.699997851436,
    8.000003511081));
#6179 = DIRECTION('',(0.972184656659,-0.209137071464,0.105445145441));
#6180 = DIRECTION('',(0.234215698358,0.868088063442,-0.437682671296));
#6181 = ORIENTED_EDGE('',*,*,#6182,.F.);
#6182 = EDGE_CURVE('',#6183,#6174,#6185,.T.);
#6183 = VERTEX_POINT('',#6184);
#6184 = CARTESIAN_POINT('',(39.284624236568,55.005182847934,
    10.740138925599));
#6185 = ELLIPSE('',#6186,4.731613160547,4.6);
#6186 = AXIS2_PLACEMENT_3D('',#6187,#6188,#6189);
#6187 = CARTESIAN_POINT('',(40.392848498512,58.699997851436,
    8.000003511081));
#6188 = DIRECTION('',(0.972184294007,-0.188309777049,0.139273566602));
#6189 = DIRECTION('',(0.234217203651,0.781632624763,-0.578094059319));
#6190 = ORIENTED_EDGE('',*,*,#6191,.F.);
#6191 = EDGE_CURVE('',#6192,#6183,#6194,.T.);
#6192 = VERTEX_POINT('',#6193);
#6193 = CARTESIAN_POINT('',(39.288615946179,55.246904804323,
    11.039106735385));
#6194 = ELLIPSE('',#6195,4.731621038168,4.6);
#6195 = AXIS2_PLACEMENT_3D('',#6196,#6197,#6198);
#6196 = CARTESIAN_POINT('',(40.392882127569,58.699997851436,
    8.000003511081));
#6197 = DIRECTION('',(0.972182675429,-0.188315588877,0.139277006654));
#6198 = DIRECTION('',(0.234223921914,0.781633026737,-0.578090793836));
#6199 = ORIENTED_EDGE('',*,*,#6200,.F.);
#6200 = EDGE_CURVE('',#6201,#6192,#6203,.T.);
#6201 = VERTEX_POINT('',#6202);
#6202 = CARTESIAN_POINT('',(39.284624476682,55.521406646873,
    11.325143801997));
#6203 = ELLIPSE('',#6204,4.731621142893,4.6);
#6204 = AXIS2_PLACEMENT_3D('',#6205,#6206,#6207);
#6205 = CARTESIAN_POINT('',(40.392882818755,58.699997851436,
    8.000003511081));
#6206 = DIRECTION('',(0.972182653911,-0.162068912161,0.169099246436));
#6207 = DIRECTION('',(0.234224011225,0.672691857326,-0.701872337148));
#6208 = ORIENTED_EDGE('',*,*,#6209,.F.);
#6209 = EDGE_CURVE('',#6210,#6201,#6212,.T.);
#6210 = VERTEX_POINT('',#6211);
#6211 = CARTESIAN_POINT('',(39.288615702698,55.810186544989,
    11.578968530905));
#6212 = ELLIPSE('',#6213,4.731611413318,4.6);
#6213 = AXIS2_PLACEMENT_3D('',#6214,#6215,#6216);
#6214 = CARTESIAN_POINT('',(40.392841283691,58.699997851436,
    8.000003511081));
#6215 = DIRECTION('',(0.972184653003,-0.162062555304,0.169093845643));
#6216 = DIRECTION('',(0.234215713534,0.67269068636,-0.701876228418));
#6217 = ORIENTED_EDGE('',*,*,#6218,.F.);
#6218 = EDGE_CURVE('',#6219,#6210,#6221,.T.);
#6219 = VERTEX_POINT('',#6220);
#6220 = CARTESIAN_POINT('',(39.284624237729,56.129089148383,
    11.814505895477));
#6221 = ELLIPSE('',#6222,4.731613150048,4.6);
#6222 = AXIS2_PLACEMENT_3D('',#6223,#6224,#6225);
#6223 = CARTESIAN_POINT('',(40.392848453115,58.699997851436,
    8.000003511081));
#6224 = DIRECTION('',(0.972184296164,-0.13115565736,0.194051250537));
#6225 = DIRECTION('',(0.234217194698,0.544398418751,-0.805464255798));
#6226 = ORIENTED_EDGE('',*,*,#6227,.F.);
#6227 = EDGE_CURVE('',#6228,#6219,#6230,.T.);
#6228 = VERTEX_POINT('',#6229);
#6229 = CARTESIAN_POINT('',(39.288615893577,56.456601872535,
    12.015868857659));
#6230 = ELLIPSE('',#6231,4.73161753536,4.6);
#6231 = AXIS2_PLACEMENT_3D('',#6232,#6233,#6234);
#6232 = CARTESIAN_POINT('',(40.392867173847,58.699997851436,
    8.000003511081));
#6233 = DIRECTION('',(0.972183395134,-0.131158069933,0.194054133989));
#6234 = DIRECTION('',(0.234220934646,0.544399235357,-0.805462616336));
#6235 = ORIENTED_EDGE('',*,*,#6236,.F.);
#6236 = EDGE_CURVE('',#6237,#6228,#6239,.T.);
#6237 = VERTEX_POINT('',#6238);
#6238 = CARTESIAN_POINT('',(39.284624282051,56.810722097345,
    12.194122861434));
#6239 = ELLIPSE('',#6240,4.731618298243,4.6);
#6240 = AXIS2_PLACEMENT_3D('',#6241,#6242,#6243);
#6241 = CARTESIAN_POINT('',(40.39287047909,58.699997851436,
    8.000003511081));
#6242 = DIRECTION('',(0.972183238388,-9.647594091372E-02,0.213429482085)
  );
#6243 = DIRECTION('',(0.234221585252,0.400442566226,-0.885881482003));
#6244 = ORIENTED_EDGE('',*,*,#6245,.F.);
#6245 = EDGE_CURVE('',#6246,#6237,#6248,.T.);
#6246 = VERTEX_POINT('',#6247);
#6247 = CARTESIAN_POINT('',(39.288616120006,57.167555010281,
    12.337239836045));
#6248 = ELLIPSE('',#6249,4.73162629653,4.6);
#6249 = AXIS2_PLACEMENT_3D('',#6250,#6251,#6252);
#6250 = CARTESIAN_POINT('',(40.392904622615,58.699997851436,
    8.000003511081));
#6251 = DIRECTION('',(0.97218159502,-9.647938895902E-02,0.213435408989)
  );
#6252 = DIRECTION('',(0.234228406271,0.40044453932,-0.885878786643));
#6253 = ORIENTED_EDGE('',*,*,#6254,.F.);
#6254 = EDGE_CURVE('',#6255,#6246,#6257,.T.);
#6255 = VERTEX_POINT('',#6256);
#6256 = CARTESIAN_POINT('',(39.284624576897,57.546693885553,
    12.453079971493));
#6257 = ELLIPSE('',#6258,4.731625162102,4.6);
#6258 = AXIS2_PLACEMENT_3D('',#6259,#6260,#6261);
#6259 = CARTESIAN_POINT('',(40.392900079953,58.699997851436,
    8.000003511081));
#6260 = DIRECTION('',(0.972181828105,-5.902039456063E-02,0.226669552716)
  );
#6261 = DIRECTION('',(0.234227438833,0.244969399679,-0.940812149219));
#6262 = ORIENTED_EDGE('',*,*,#6263,.F.);
#6263 = EDGE_CURVE('',#6264,#6255,#6266,.T.);
#6264 = VERTEX_POINT('',#6265);
#6265 = CARTESIAN_POINT('',(39.28861605334,57.922595081835,
    12.533836870812));
#6266 = ELLIPSE('',#6267,4.731619692616,4.6);
#6267 = AXIS2_PLACEMENT_3D('',#6268,#6269,#6270);
#6268 = CARTESIAN_POINT('',(40.392876731517,58.699997851436,
    8.000003511081));
#6269 = DIRECTION('',(0.972182951892,-5.901875555805E-02,0.226665159524)
  );
#6270 = DIRECTION('',(0.234222774404,0.244967758329,-0.940813737851));
#6271 = ORIENTED_EDGE('',*,*,#6272,.F.);
#6272 = EDGE_CURVE('',#6273,#6264,#6275,.T.);
#6273 = VERTEX_POINT('',#6274);
#6274 = CARTESIAN_POINT('',(39.284624492983,58.315862048503,
    12.583936285992));
#6275 = ELLIPSE('',#6276,4.731619898495,4.6);
#6276 = AXIS2_PLACEMENT_3D('',#6277,#6278,#6279);
#6277 = CARTESIAN_POINT('',(40.392877523703,58.699997851436,
    8.000003511081));
#6278 = DIRECTION('',(0.972182909592,-1.986343511427E-02,0.233379164116)
  );
#6279 = DIRECTION('',(0.234222949981,8.244662679471E-02,-0.968680630255)
  );
#6280 = ORIENTED_EDGE('',*,*,#6281,.F.);
#6281 = EDGE_CURVE('',#6282,#6273,#6284,.T.);
#6282 = VERTEX_POINT('',#6283);
#6283 = CARTESIAN_POINT('',(39.288616203828,58.700000762939,
    12.60000351108));
#6284 = ELLIPSE('',#6285,4.731622248251,4.6);
#6285 = AXIS2_PLACEMENT_3D('',#6286,#6287,#6288);
#6286 = CARTESIAN_POINT('',(40.392887554517,58.699997851436,
    8.000003511081));
#6287 = DIRECTION('',(0.972182426799,-1.986381015775E-02,0.233381143346)
  );
#6288 = DIRECTION('',(0.234224953887,8.244743715028E-02,-0.968680076746)
  );
#6289 = ORIENTED_EDGE('',*,*,#6290,.F.);
#6290 = EDGE_CURVE('',#6291,#6282,#6293,.T.);
#6291 = VERTEX_POINT('',#6292);
#6292 = CARTESIAN_POINT('',(39.28462469224,59.096069309636,
    12.582920420648));
#6293 = ELLIPSE('',#6294,4.731622228834,4.6);
#6294 = AXIS2_PLACEMENT_3D('',#6295,#6296,#6297);
#6295 = CARTESIAN_POINT('',(40.392887673493,58.699997851436,
    8.000003511081));
#6296 = DIRECTION('',(0.972182430788,1.986360365258E-02,0.233381144304)
  );
#6297 = DIRECTION('',(0.234224937329,-8.244658618947E-02,-0.968680153177
    ));
#6298 = ORIENTED_EDGE('',*,*,#6299,.F.);
#6299 = EDGE_CURVE('',#6300,#6291,#6302,.T.);
#6300 = VERTEX_POINT('',#6301);
#6301 = CARTESIAN_POINT('',(39.288616289579,59.477406277727,
    12.533835900873));
#6302 = ELLIPSE('',#6303,4.731619879078,4.6);
#6303 = AXIS2_PLACEMENT_3D('',#6304,#6305,#6306);
#6304 = CARTESIAN_POINT('',(40.392877642674,58.699997851436,
    8.000003511081));
#6305 = DIRECTION('',(0.972182913581,1.986363880909E-02,0.23337913016));
#6306 = DIRECTION('',(0.234222933422,-8.24474784326E-02,-0.968680561774)
  );
#6307 = ORIENTED_EDGE('',*,*,#6308,.F.);
#6308 = EDGE_CURVE('',#6309,#6300,#6311,.T.);
#6309 = VERTEX_POINT('',#6310);
#6310 = CARTESIAN_POINT('',(39.284624736743,59.864887393334,
    12.450063325867));
#6311 = ELLIPSE('',#6312,4.731619737808,4.6);
#6312 = AXIS2_PLACEMENT_3D('',#6313,#6314,#6315);
#6313 = CARTESIAN_POINT('',(40.39287708501,58.699997851436,
    8.000003511081));
#6314 = DIRECTION('',(0.972182942607,5.901922893394E-02,0.226665076092)
  );
#6315 = DIRECTION('',(0.234222812945,-0.244969680511,-0.940813227759));
#6316 = ORIENTED_EDGE('',*,*,#6317,.F.);
#6317 = EDGE_CURVE('',#6318,#6309,#6320,.T.);
#6318 = VERTEX_POINT('',#6319);
#6319 = CARTESIAN_POINT('',(39.288616367736,60.23244344645,
    12.337238863044));
#6320 = ELLIPSE('',#6321,4.731621897483,4.6);
#6321 = AXIS2_PLACEMENT_3D('',#6322,#6323,#6324);
#6322 = CARTESIAN_POINT('',(40.392886304403,58.699997851436,
    8.000003511081));
#6323 = DIRECTION('',(0.972182498869,5.901950994259E-02,0.226666906138)
  );
#6324 = DIRECTION('',(0.234224654749,-0.244968808769,-0.94081299621));
#6325 = ORIENTED_EDGE('',*,*,#6326,.F.);
#6326 = EDGE_CURVE('',#6327,#6318,#6329,.T.);
#6327 = VERTEX_POINT('',#6328);
#6328 = CARTESIAN_POINT('',(39.284624756034,60.600192432351,
    12.189187268648));
#6329 = ELLIPSE('',#6330,4.731620908652,4.6);
#6330 = AXIS2_PLACEMENT_3D('',#6331,#6332,#6333);
#6331 = CARTESIAN_POINT('',(40.392882104088,58.699997851436,
    8.000003511081));
#6332 = DIRECTION('',(0.972182702039,9.647728268715E-02,0.21343131865));
#6333 = DIRECTION('',(0.234223811461,-0.400444108493,-0.885880196256));
#6334 = ORIENTED_EDGE('',*,*,#6335,.F.);
#6335 = EDGE_CURVE('',#6336,#6327,#6338,.T.);
#6336 = VERTEX_POINT('',#6337);
#6337 = CARTESIAN_POINT('',(39.28861644777,60.943397438121,
    12.015866842229));
#6338 = ELLIPSE('',#6339,4.731623642436,4.6);
#6339 = AXIS2_PLACEMENT_3D('',#6340,#6341,#6342);
#6340 = CARTESIAN_POINT('',(40.39289377422,58.699997851436,
    8.000003511081));
#6341 = DIRECTION('',(0.972182140343,9.647802477165E-02,0.213433541728)
  );
#6342 = DIRECTION('',(0.234226142859,-0.400442971369,-0.885880093852));
#6343 = ORIENTED_EDGE('',*,*,#6344,.F.);
#6344 = EDGE_CURVE('',#6345,#6336,#6347,.T.);
#6345 = VERTEX_POINT('',#6346);
#6346 = CARTESIAN_POINT('',(39.284624909259,61.280830991417,
    11.807798188263));
#6347 = ELLIPSE('',#6348,4.731624793586,4.6);
#6348 = AXIS2_PLACEMENT_3D('',#6349,#6350,#6351);
#6349 = CARTESIAN_POINT('',(40.392898843391,58.699997851436,
    8.000003511081));
#6350 = DIRECTION('',(0.972181903822,0.13116121783,0.194059477527));
#6351 = DIRECTION('',(0.234227124562,-0.544397079101,-0.80546227372));
#6352 = ORIENTED_EDGE('',*,*,#6353,.F.);
#6353 = EDGE_CURVE('',#6354,#6345,#6356,.T.);
#6354 = VERTEX_POINT('',#6355);
#6355 = CARTESIAN_POINT('',(39.288616416561,61.589812023297,
    11.578966217244));
#6356 = ELLIPSE('',#6357,4.731620407906,4.6);
#6357 = AXIS2_PLACEMENT_3D('',#6358,#6359,#6360);
#6358 = CARTESIAN_POINT('',(40.392880121573,58.699997851436,
    8.000003511081));
#6359 = DIRECTION('',(0.972182804925,0.131159441745,0.194056163645));
#6360 = DIRECTION('',(0.234223384417,-0.544398904855,-0.805462127344));
#6361 = ORIENTED_EDGE('',*,*,#6362,.F.);
#6362 = EDGE_CURVE('',#6363,#6354,#6365,.T.);
#6363 = VERTEX_POINT('',#6364);
#6364 = CARTESIAN_POINT('',(39.284625098867,61.887223073818,
    11.316868805574));
#6365 = ELLIPSE('',#6366,4.731620432771,4.6);
#6366 = AXIS2_PLACEMENT_3D('',#6367,#6368,#6369);
#6367 = CARTESIAN_POINT('',(40.39288041483,58.699997851436,
    8.000003511081));
#6368 = DIRECTION('',(0.972182799816,0.162067927742,0.169099351088));
#6369 = DIRECTION('',(0.234223405622,-0.67268961159,-0.701874691606));
#6370 = ORIENTED_EDGE('',*,*,#6371,.F.);
#6371 = EDGE_CURVE('',#6372,#6363,#6374,.T.);
#6372 = VERTEX_POINT('',#6373);
#6373 = CARTESIAN_POINT('',(39.28861650438,62.153092250613,
    11.039105199142));
#6374 = ELLIPSE('',#6375,4.731612135168,4.6);
#6375 = AXIS2_PLACEMENT_3D('',#6376,#6377,#6378);
#6376 = CARTESIAN_POINT('',(40.392844992769,58.699997851436,
    8.000003511081));
#6377 = DIRECTION('',(0.972184504687,0.162063556063,0.169093739217));
#6378 = DIRECTION('',(0.234216329162,-0.672692969539,-0.701873834736));
#6379 = ORIENTED_EDGE('',*,*,#6380,.F.);
#6380 = EDGE_CURVE('',#6381,#6372,#6383,.T.);
#6381 = VERTEX_POINT('',#6382);
#6382 = CARTESIAN_POINT('',(39.284625262627,62.401926599512,
    10.730520594742));
#6383 = ELLIPSE('',#6384,4.731610500533,4.6);
#6384 = AXIS2_PLACEMENT_3D('',#6385,#6386,#6387);
#6385 = CARTESIAN_POINT('',(40.392838176138,58.699997851436,
    8.000003511081));
#6386 = DIRECTION('',(0.972184840549,0.188307953112,0.139272217622));
#6387 = DIRECTION('',(0.234214935064,-0.781633064181,-0.578094384311));
#6388 = ORIENTED_EDGE('',*,*,#6389,.F.);
#6389 = EDGE_CURVE('',#6390,#6381,#6392,.T.);
#6390 = VERTEX_POINT('',#6391);
#6391 = CARTESIAN_POINT('',(39.288616455505,62.617032989099,
    10.411815222287));
#6392 = ELLIPSE('',#6393,4.731602623796,4.6);
#6393 = AXIS2_PLACEMENT_3D('',#6394,#6395,#6396);
#6394 = CARTESIAN_POINT('',(40.392804549539,58.699997851436,
    8.000003511081));
#6395 = DIRECTION('',(0.972186458953,0.18830296236,0.139267668162));
#6396 = DIRECTION('',(0.234208217253,-0.781636068683,-0.57809304364));
#6397 = ORIENTED_EDGE('',*,*,#6398,.F.);
#6398 = EDGE_CURVE('',#6399,#6390,#6401,.T.);
#6399 = VERTEX_POINT('',#6400);
#6400 = CARTESIAN_POINT('',(39.284624967372,62.8101425043,
    10.065605344092));
#6401 = ELLIPSE('',#6402,4.731599867895,4.6);
#6402 = AXIS2_PLACEMENT_3D('',#6403,#6404,#6405);
#6403 = CARTESIAN_POINT('',(40.39279248557,58.699997851436,
    8.000003511081));
#6404 = DIRECTION('',(0.972187025199,0.209128779465,0.105439753577));
#6405 = DIRECTION('',(0.234205866782,-0.868092199335,-0.437679729276));
#6406 = ORIENTED_EDGE('',*,*,#6407,.F.);
#6407 = EDGE_CURVE('',#6408,#6399,#6410,.T.);
#6408 = VERTEX_POINT('',#6409);
#6409 = CARTESIAN_POINT('',(39.288617248526,62.968289020003,
    9.715139220096));
#6410 = ELLIPSE('',#6411,4.7316239398,4.6);
#6411 = AXIS2_PLACEMENT_3D('',#6412,#6413,#6414);
#6412 = CARTESIAN_POINT('',(40.392895248973,58.699997851436,
    8.000003511081));
#6413 = DIRECTION('',(0.972182079245,0.209146161499,0.105450879205));
#6414 = DIRECTION('',(0.234226396452,-0.868083842095,-0.437685318806));
#6415 = ORIENTED_EDGE('',*,*,#6416,.F.);
#6416 = EDGE_CURVE('',#6417,#6408,#6419,.T.);
#6417 = VERTEX_POINT('',#6418);
#6418 = CARTESIAN_POINT('',(39.284626047552,63.100097175677,
    9.34131851391));
#6419 = ELLIPSE('',#6420,4.73162359021,4.6);
#6420 = AXIS2_PLACEMENT_3D('',#6421,#6422,#6423);
#6421 = CARTESIAN_POINT('',(40.39289485424,58.699997851436,
    8.000003511081));
#6422 = DIRECTION('',(0.972182151073,0.223958957081,6.85875402482E-02));
#6423 = DIRECTION('',(0.23422609832,-0.929567209671,-0.284680413044));
#6424 = ORIENTED_EDGE('',*,*,#6425,.F.);
#6425 = EDGE_CURVE('',#6426,#6417,#6428,.T.);
#6426 = VERTEX_POINT('',#6427);
#6427 = CARTESIAN_POINT('',(39.288617619626,63.196752757435,
    8.969124409305));
#6428 = ELLIPSE('',#6429,4.731614132132,4.6);
#6429 = AXIS2_PLACEMENT_3D('',#6430,#6431,#6432);
#6430 = CARTESIAN_POINT('',(40.392854478518,58.699997851436,
    8.000003511081));
#6431 = DIRECTION('',(0.97218409438,0.223951487208,6.858438607204E-02));
#6432 = DIRECTION('',(0.234218032259,-0.929570074839,-0.284677693766));
#6433 = ORIENTED_EDGE('',*,*,#6434,.F.);
#6434 = EDGE_CURVE('',#6435,#6426,#6437,.T.);
#6435 = VERTEX_POINT('',#6436);
#6436 = CARTESIAN_POINT('',(39.284625475184,63.263492048746,
    8.578381165489));
#6437 = ELLIPSE('',#6438,4.731614166758,4.6);
#6438 = AXIS2_PLACEMENT_3D('',#6439,#6440,#6441);
#6439 = CARTESIAN_POINT('',(40.392854057845,58.699997851436,
    8.000003511081));
#6440 = DIRECTION('',(0.972184087265,0.232321228442,2.9748063532E-02));
#6441 = DIRECTION('',(0.23421806179,-0.964310778165,-0.123477215086));
#6442 = ORIENTED_EDGE('',*,*,#6443,.F.);
#6443 = EDGE_CURVE('',#5779,#6435,#6444,.T.);
#6444 = ELLIPSE('',#6445,4.73163822585,4.6);
#6445 = AXIS2_PLACEMENT_3D('',#6446,#6447,#6448);
#6446 = CARTESIAN_POINT('',(40.392956761299,58.699997851436,
    8.000003511081));
#6447 = DIRECTION('',(0.972179143974,0.23234131207,2.975276001154E-02));
#6448 = DIRECTION('',(0.234238579279,-0.964304763857,-0.123485263819));
#6449 = CYLINDRICAL_SURFACE('',#6450,4.6);
#6450 = AXIS2_PLACEMENT_3D('',#6451,#6452,#6453);
#6451 = CARTESIAN_POINT('',(39.300003051758,58.699997851436,
    8.000003511081));
#6452 = DIRECTION('',(1.,0.,0.));
#6453 = DIRECTION('',(0.,1.,0.));
#6454 = ADVANCED_FACE('',(#6455),#6466,.T.);
#6455 = FACE_BOUND('',#6456,.T.);
#6456 = EDGE_LOOP('',(#6457,#6458,#6459,#6465));
#6457 = ORIENTED_EDGE('',*,*,#4840,.F.);
#6458 = ORIENTED_EDGE('',*,*,#2311,.F.);
#6459 = ORIENTED_EDGE('',*,*,#6460,.T.);
#6460 = EDGE_CURVE('',#2304,#1653,#6461,.T.);
#6461 = LINE('',#6462,#6463);
#6462 = CARTESIAN_POINT('',(36.799999237061,4.217827796936,
    15.938442230225));
#6463 = VECTOR('',#6464,1.);
#6464 = DIRECTION('',(1.,0.,0.));
#6465 = ORIENTED_EDGE('',*,*,#1652,.F.);
#6466 = PLANE('',#6467);
#6467 = AXIS2_PLACEMENT_3D('',#6468,#6469,#6470);
#6468 = CARTESIAN_POINT('',(38.050001144409,4.608913898468,
    15.969221115112));
#6469 = DIRECTION('',(0.,-7.845844003567E-02,0.996917385337));
#6470 = DIRECTION('',(0.,0.996917385337,7.845844003567E-02));
#6471 = ADVANCED_FACE('',(#6472),#6483,.T.);
#6472 = FACE_BOUND('',#6473,.T.);
#6473 = EDGE_LOOP('',(#6474,#6475,#6476,#6482));
#6474 = ORIENTED_EDGE('',*,*,#6460,.F.);
#6475 = ORIENTED_EDGE('',*,*,#2303,.F.);
#6476 = ORIENTED_EDGE('',*,*,#6477,.T.);
#6477 = EDGE_CURVE('',#2296,#1661,#6478,.T.);
#6478 = LINE('',#6479,#6480);
#6479 = CARTESIAN_POINT('',(36.799999237061,3.454915046692,
    15.755282402039));
#6480 = VECTOR('',#6481,1.);
#6481 = DIRECTION('',(1.,0.,0.));
#6482 = ORIENTED_EDGE('',*,*,#1660,.F.);
#6483 = PLANE('',#6484);
#6484 = AXIS2_PLACEMENT_3D('',#6485,#6486,#6487);
#6485 = CARTESIAN_POINT('',(38.050001144409,3.836371421814,
    15.846862316132));
#6486 = DIRECTION('',(0.,-0.233446185512,0.972369723135));
#6487 = DIRECTION('',(0.,0.972369723135,0.233446185512));
#6488 = ADVANCED_FACE('',(#6489),#6500,.T.);
#6489 = FACE_BOUND('',#6490,.T.);
#6490 = EDGE_LOOP('',(#6491,#6492,#6493,#6499));
#6491 = ORIENTED_EDGE('',*,*,#6477,.F.);
#6492 = ORIENTED_EDGE('',*,*,#2295,.F.);
#6493 = ORIENTED_EDGE('',*,*,#6494,.T.);
#6494 = EDGE_CURVE('',#2288,#1669,#6495,.T.);
#6495 = LINE('',#6496,#6497);
#6496 = CARTESIAN_POINT('',(36.799999237061,2.730047464371,
    15.455032348633));
#6497 = VECTOR('',#6498,1.);
#6498 = DIRECTION('',(1.,0.,0.));
#6499 = ORIENTED_EDGE('',*,*,#1668,.F.);
#6500 = PLANE('',#6501);
#6501 = AXIS2_PLACEMENT_3D('',#6502,#6503,#6504);
#6502 = CARTESIAN_POINT('',(38.050001144409,3.092481255531,
    15.605157375336));
#6503 = DIRECTION('',(0.,-0.382683508391,0.92387950102));
#6504 = DIRECTION('',(0.,0.92387950102,0.382683508391));
#6505 = ADVANCED_FACE('',(#6506),#6517,.T.);
#6506 = FACE_BOUND('',#6507,.T.);
#6507 = EDGE_LOOP('',(#6508,#6509,#6510,#6516));
#6508 = ORIENTED_EDGE('',*,*,#6494,.F.);
#6509 = ORIENTED_EDGE('',*,*,#2287,.F.);
#6510 = ORIENTED_EDGE('',*,*,#6511,.T.);
#6511 = EDGE_CURVE('',#2280,#1677,#6512,.T.);
#6512 = LINE('',#6513,#6514);
#6513 = CARTESIAN_POINT('',(36.799999237061,2.06107378006,
    15.045084953308));
#6514 = VECTOR('',#6515,1.);
#6515 = DIRECTION('',(1.,0.,0.));
#6516 = ORIENTED_EDGE('',*,*,#1676,.F.);
#6517 = PLANE('',#6518);
#6518 = AXIS2_PLACEMENT_3D('',#6519,#6520,#6521);
#6519 = CARTESIAN_POINT('',(38.050001144409,2.395560622215,
    15.25005865097));
#6520 = DIRECTION('',(0.,-0.522498374148,0.852640281134));
#6521 = DIRECTION('',(0.,0.852640281134,0.522498374148));
#6522 = ADVANCED_FACE('',(#6523),#6534,.T.);
#6523 = FACE_BOUND('',#6524,.T.);
#6524 = EDGE_LOOP('',(#6525,#6526,#6527,#6533));
#6525 = ORIENTED_EDGE('',*,*,#6511,.F.);
#6526 = ORIENTED_EDGE('',*,*,#2279,.F.);
#6527 = ORIENTED_EDGE('',*,*,#6528,.T.);
#6528 = EDGE_CURVE('',#2272,#1685,#6529,.T.);
#6529 = LINE('',#6530,#6531);
#6530 = CARTESIAN_POINT('',(36.799999237061,1.464466094971,
    14.535533905029));
#6531 = VECTOR('',#6532,1.);
#6532 = DIRECTION('',(1.,0.,0.));
#6533 = ORIENTED_EDGE('',*,*,#1684,.F.);
#6534 = PLANE('',#6535);
#6535 = AXIS2_PLACEMENT_3D('',#6536,#6537,#6538);
#6536 = CARTESIAN_POINT('',(38.050001144409,1.762769937515,
    14.790309429169));
#6537 = DIRECTION('',(0.,-0.649448009746,0.760405998554));
#6538 = DIRECTION('',(0.,0.760405998554,0.649448009746));
#6539 = ADVANCED_FACE('',(#6540),#6551,.T.);
#6540 = FACE_BOUND('',#6541,.T.);
#6541 = EDGE_LOOP('',(#6542,#6543,#6544,#6550));
#6542 = ORIENTED_EDGE('',*,*,#6528,.F.);
#6543 = ORIENTED_EDGE('',*,*,#2271,.F.);
#6544 = ORIENTED_EDGE('',*,*,#6545,.T.);
#6545 = EDGE_CURVE('',#2264,#1693,#6546,.T.);
#6546 = LINE('',#6547,#6548);
#6547 = CARTESIAN_POINT('',(36.799999237061,0.954914987087,
    13.938925743103));
#6548 = VECTOR('',#6549,1.);
#6549 = DIRECTION('',(1.,0.,0.));
#6550 = ORIENTED_EDGE('',*,*,#1692,.F.);
#6551 = PLANE('',#6552);
#6552 = AXIS2_PLACEMENT_3D('',#6553,#6554,#6555);
#6553 = CARTESIAN_POINT('',(38.050001144409,1.209690541029,
    14.237229824066));
#6554 = DIRECTION('',(0.,-0.760406217376,0.649447753538));
#6555 = DIRECTION('',(0.,-0.649447753538,-0.760406217376));
#6556 = ADVANCED_FACE('',(#6557),#6568,.T.);
#6557 = FACE_BOUND('',#6558,.T.);
#6558 = EDGE_LOOP('',(#6559,#6560,#6561,#6567));
#6559 = ORIENTED_EDGE('',*,*,#6545,.F.);
#6560 = ORIENTED_EDGE('',*,*,#2263,.F.);
#6561 = ORIENTED_EDGE('',*,*,#6562,.T.);
#6562 = EDGE_CURVE('',#2256,#1701,#6563,.T.);
#6563 = LINE('',#6564,#6565);
#6564 = CARTESIAN_POINT('',(36.799999237061,0.544967353344,
    13.269952774048));
#6565 = VECTOR('',#6566,1.);
#6566 = DIRECTION('',(1.,0.,0.));
#6567 = ORIENTED_EDGE('',*,*,#1700,.F.);
#6568 = PLANE('',#6569);
#6569 = AXIS2_PLACEMENT_3D('',#6570,#6571,#6572);
#6570 = CARTESIAN_POINT('',(38.050001144409,0.749941170216,
    13.604439258575));
#6571 = DIRECTION('',(0.,-0.852639896877,0.522499001198));
#6572 = DIRECTION('',(0.,-0.522499001198,-0.852639896877));
#6573 = ADVANCED_FACE('',(#6574),#6585,.T.);
#6574 = FACE_BOUND('',#6575,.T.);
#6575 = EDGE_LOOP('',(#6576,#6577,#6578,#6584));
#6576 = ORIENTED_EDGE('',*,*,#6562,.F.);
#6577 = ORIENTED_EDGE('',*,*,#2255,.F.);
#6578 = ORIENTED_EDGE('',*,*,#6579,.T.);
#6579 = EDGE_CURVE('',#2248,#1709,#6580,.T.);
#6580 = LINE('',#6581,#6582);
#6581 = CARTESIAN_POINT('',(36.799999237061,0.244717404246,
    12.545084953308));
#6582 = VECTOR('',#6583,1.);
#6583 = DIRECTION('',(1.,0.,0.));
#6584 = ORIENTED_EDGE('',*,*,#1708,.F.);
#6585 = PLANE('',#6586);
#6586 = AXIS2_PLACEMENT_3D('',#6587,#6588,#6589);
#6587 = CARTESIAN_POINT('',(38.050001144409,0.394842378795,
    12.907518863678));
#6588 = DIRECTION('',(0.,-0.923879592525,0.382683287478));
#6589 = DIRECTION('',(0.,-0.382683287478,-0.923879592525));
#6590 = ADVANCED_FACE('',(#6591),#6602,.T.);
#6591 = FACE_BOUND('',#6592,.T.);
#6592 = EDGE_LOOP('',(#6593,#6594,#6595,#6601));
#6593 = ORIENTED_EDGE('',*,*,#6579,.F.);
#6594 = ORIENTED_EDGE('',*,*,#2247,.F.);
#6595 = ORIENTED_EDGE('',*,*,#6596,.T.);
#6596 = EDGE_CURVE('',#2240,#1717,#6597,.T.);
#6597 = LINE('',#6598,#6599);
#6598 = CARTESIAN_POINT('',(36.799999237061,6.155829876661E-02,
    11.782172203064));
#6599 = VECTOR('',#6600,1.);
#6600 = DIRECTION('',(1.,0.,0.));
#6601 = ORIENTED_EDGE('',*,*,#1716,.F.);
#6602 = PLANE('',#6603);
#6603 = AXIS2_PLACEMENT_3D('',#6604,#6605,#6606);
#6604 = CARTESIAN_POINT('',(38.050001144409,0.153137851506,
    12.163628578186));
#6605 = DIRECTION('',(0.,-0.972369932226,0.233445314585));
#6606 = DIRECTION('',(0.,-0.233445314585,-0.972369932226));
#6607 = ADVANCED_FACE('',(#6608),#6619,.T.);
#6608 = FACE_BOUND('',#6609,.T.);
#6609 = EDGE_LOOP('',(#6610,#6611,#6612,#6618));
#6610 = ORIENTED_EDGE('',*,*,#6596,.F.);
#6611 = ORIENTED_EDGE('',*,*,#2239,.F.);
#6612 = ORIENTED_EDGE('',*,*,#6613,.F.);
#6613 = EDGE_CURVE('',#1725,#2232,#6614,.T.);
#6614 = LINE('',#6615,#6616);
#6615 = CARTESIAN_POINT('',(39.300003051758,3.1E-16,11.));
#6616 = VECTOR('',#6617,1.);
#6617 = DIRECTION('',(-1.,-1.2E-16,0.));
#6618 = ORIENTED_EDGE('',*,*,#1724,.F.);
#6619 = PLANE('',#6620);
#6620 = AXIS2_PLACEMENT_3D('',#6621,#6622,#6623);
#6621 = CARTESIAN_POINT('',(38.050001144409,3.077914938331E-02,
    11.391086101532));
#6622 = DIRECTION('',(0.,-0.996917332601,7.845911011089E-02));
#6623 = DIRECTION('',(0.,-7.845911011089E-02,-0.996917332601));
#6624 = ADVANCED_FACE('',(#6625),#6636,.T.);
#6625 = FACE_BOUND('',#6626,.T.);
#6626 = EDGE_LOOP('',(#6627,#6633,#6634,#6635));
#6627 = ORIENTED_EDGE('',*,*,#6628,.T.);
#6628 = EDGE_CURVE('',#2224,#1733,#6629,.T.);
#6629 = LINE('',#6630,#6631);
#6630 = CARTESIAN_POINT('',(36.799999237061,0.,5.));
#6631 = VECTOR('',#6632,1.);
#6632 = DIRECTION('',(1.,1.2E-16,0.));
#6633 = ORIENTED_EDGE('',*,*,#1732,.T.);
#6634 = ORIENTED_EDGE('',*,*,#6613,.T.);
#6635 = ORIENTED_EDGE('',*,*,#2231,.T.);
#6636 = PLANE('',#6637);
#6637 = AXIS2_PLACEMENT_3D('',#6638,#6639,#6640);
#6638 = CARTESIAN_POINT('',(38.050001144409,1.5E-16,8.));
#6639 = DIRECTION('',(-0.,-1.,-0.));
#6640 = DIRECTION('',(0.,0.,-1.));
#6641 = ADVANCED_FACE('',(#6642),#6653,.T.);
#6642 = FACE_BOUND('',#6643,.T.);
#6643 = EDGE_LOOP('',(#6644,#6650,#6651,#6652));
#6644 = ORIENTED_EDGE('',*,*,#6645,.F.);
#6645 = EDGE_CURVE('',#1741,#2216,#6646,.T.);
#6646 = LINE('',#6647,#6648);
#6647 = CARTESIAN_POINT('',(39.300003051758,6.155829876661E-02,
    4.217827796936));
#6648 = VECTOR('',#6649,1.);
#6649 = DIRECTION('',(-1.,0.,0.));
#6650 = ORIENTED_EDGE('',*,*,#1740,.F.);
#6651 = ORIENTED_EDGE('',*,*,#6628,.F.);
#6652 = ORIENTED_EDGE('',*,*,#2223,.F.);
#6653 = PLANE('',#6654);
#6654 = AXIS2_PLACEMENT_3D('',#6655,#6656,#6657);
#6655 = CARTESIAN_POINT('',(38.050001144409,3.077914938331E-02,
    4.608913898468));
#6656 = DIRECTION('',(-0.,-0.996917332601,-7.845911011089E-02));
#6657 = DIRECTION('',(0.,7.845911011089E-02,-0.996917332601));
#6658 = ADVANCED_FACE('',(#6659),#6670,.T.);
#6659 = FACE_BOUND('',#6660,.T.);
#6660 = EDGE_LOOP('',(#6661,#6667,#6668,#6669));
#6661 = ORIENTED_EDGE('',*,*,#6662,.F.);
#6662 = EDGE_CURVE('',#1749,#2208,#6663,.T.);
#6663 = LINE('',#6664,#6665);
#6664 = CARTESIAN_POINT('',(39.300003051758,0.244717404246,
    3.454915046692));
#6665 = VECTOR('',#6666,1.);
#6666 = DIRECTION('',(-1.,0.,0.));
#6667 = ORIENTED_EDGE('',*,*,#1748,.F.);
#6668 = ORIENTED_EDGE('',*,*,#6645,.T.);
#6669 = ORIENTED_EDGE('',*,*,#2215,.F.);
#6670 = PLANE('',#6671);
#6671 = AXIS2_PLACEMENT_3D('',#6672,#6673,#6674);
#6672 = CARTESIAN_POINT('',(38.050001144409,0.153137851506,
    3.836371421814));
#6673 = DIRECTION('',(-0.,-0.972369932226,-0.233445314585));
#6674 = DIRECTION('',(0.,0.233445314585,-0.972369932226));
#6675 = ADVANCED_FACE('',(#6676),#6687,.T.);
#6676 = FACE_BOUND('',#6677,.T.);
#6677 = EDGE_LOOP('',(#6678,#6684,#6685,#6686));
#6678 = ORIENTED_EDGE('',*,*,#6679,.F.);
#6679 = EDGE_CURVE('',#1757,#2200,#6680,.T.);
#6680 = LINE('',#6681,#6682);
#6681 = CARTESIAN_POINT('',(39.300003051758,0.544967353344,
    2.730047464371));
#6682 = VECTOR('',#6683,1.);
#6683 = DIRECTION('',(-1.,0.,0.));
#6684 = ORIENTED_EDGE('',*,*,#1756,.F.);
#6685 = ORIENTED_EDGE('',*,*,#6662,.T.);
#6686 = ORIENTED_EDGE('',*,*,#2207,.F.);
#6687 = PLANE('',#6688);
#6688 = AXIS2_PLACEMENT_3D('',#6689,#6690,#6691);
#6689 = CARTESIAN_POINT('',(38.050001144409,0.394842378795,
    3.092481255531));
#6690 = DIRECTION('',(-0.,-0.923879548024,-0.382683394915));
#6691 = DIRECTION('',(0.,0.382683394915,-0.923879548024));
#6692 = ADVANCED_FACE('',(#6693),#6704,.T.);
#6693 = FACE_BOUND('',#6694,.T.);
#6694 = EDGE_LOOP('',(#6695,#6701,#6702,#6703));
#6695 = ORIENTED_EDGE('',*,*,#6696,.F.);
#6696 = EDGE_CURVE('',#1765,#2192,#6697,.T.);
#6697 = LINE('',#6698,#6699);
#6698 = CARTESIAN_POINT('',(39.300003051758,0.954914987087,2.06107378006
    ));
#6699 = VECTOR('',#6700,1.);
#6700 = DIRECTION('',(-1.,0.,0.));
#6701 = ORIENTED_EDGE('',*,*,#1764,.F.);
#6702 = ORIENTED_EDGE('',*,*,#6679,.T.);
#6703 = ORIENTED_EDGE('',*,*,#2199,.F.);
#6704 = PLANE('',#6705);
#6705 = AXIS2_PLACEMENT_3D('',#6706,#6707,#6708);
#6706 = CARTESIAN_POINT('',(38.050001144409,0.749941170216,
    2.395560622215));
#6707 = DIRECTION('',(-0.,-0.852640145757,-0.522498595064));
#6708 = DIRECTION('',(0.,0.522498595064,-0.852640145757));
#6709 = ADVANCED_FACE('',(#6710),#6721,.T.);
#6710 = FACE_BOUND('',#6711,.T.);
#6711 = EDGE_LOOP('',(#6712,#6718,#6719,#6720));
#6712 = ORIENTED_EDGE('',*,*,#6713,.F.);
#6713 = EDGE_CURVE('',#1773,#2184,#6714,.T.);
#6714 = LINE('',#6715,#6716);
#6715 = CARTESIAN_POINT('',(39.300003051758,1.464466094971,
    1.464466094971));
#6716 = VECTOR('',#6717,1.);
#6717 = DIRECTION('',(-1.,0.,0.));
#6718 = ORIENTED_EDGE('',*,*,#1772,.F.);
#6719 = ORIENTED_EDGE('',*,*,#6696,.T.);
#6720 = ORIENTED_EDGE('',*,*,#2191,.F.);
#6721 = PLANE('',#6722);
#6722 = AXIS2_PLACEMENT_3D('',#6723,#6724,#6725);
#6723 = CARTESIAN_POINT('',(38.050001144409,1.209690541029,
    1.762769937515));
#6724 = DIRECTION('',(-0.,-0.760405961037,-0.649448053673));
#6725 = DIRECTION('',(0.,0.649448053673,-0.760405961037));
#6726 = ADVANCED_FACE('',(#6727),#6738,.T.);
#6727 = FACE_BOUND('',#6728,.T.);
#6728 = EDGE_LOOP('',(#6729,#6735,#6736,#6737));
#6729 = ORIENTED_EDGE('',*,*,#6730,.F.);
#6730 = EDGE_CURVE('',#1781,#2176,#6731,.T.);
#6731 = LINE('',#6732,#6733);
#6732 = CARTESIAN_POINT('',(39.300003051758,2.06107378006,0.954914987087
    ));
#6733 = VECTOR('',#6734,1.);
#6734 = DIRECTION('',(-1.,0.,0.));
#6735 = ORIENTED_EDGE('',*,*,#1780,.F.);
#6736 = ORIENTED_EDGE('',*,*,#6713,.T.);
#6737 = ORIENTED_EDGE('',*,*,#2183,.F.);
#6738 = PLANE('',#6739);
#6739 = AXIS2_PLACEMENT_3D('',#6740,#6741,#6742);
#6740 = CARTESIAN_POINT('',(38.050001144409,1.762769937515,
    1.209690541029));
#6741 = DIRECTION('',(-0.,-0.649448053673,-0.760405961037));
#6742 = DIRECTION('',(0.,-0.760405961037,0.649448053673));
#6743 = ADVANCED_FACE('',(#6744),#6755,.T.);
#6744 = FACE_BOUND('',#6745,.T.);
#6745 = EDGE_LOOP('',(#6746,#6752,#6753,#6754));
#6746 = ORIENTED_EDGE('',*,*,#6747,.F.);
#6747 = EDGE_CURVE('',#1789,#2168,#6748,.T.);
#6748 = LINE('',#6749,#6750);
#6749 = CARTESIAN_POINT('',(39.300003051758,2.730047464371,
    0.544967353344));
#6750 = VECTOR('',#6751,1.);
#6751 = DIRECTION('',(-1.,0.,0.));
#6752 = ORIENTED_EDGE('',*,*,#1788,.F.);
#6753 = ORIENTED_EDGE('',*,*,#6730,.T.);
#6754 = ORIENTED_EDGE('',*,*,#2175,.F.);
#6755 = PLANE('',#6756);
#6756 = AXIS2_PLACEMENT_3D('',#6757,#6758,#6759);
#6757 = CARTESIAN_POINT('',(38.050001144409,2.395560622215,
    0.749941170216));
#6758 = DIRECTION('',(-0.,-0.522498595064,-0.852640145757));
#6759 = DIRECTION('',(0.,-0.852640145757,0.522498595064));
#6760 = ADVANCED_FACE('',(#6761),#6772,.T.);
#6761 = FACE_BOUND('',#6762,.T.);
#6762 = EDGE_LOOP('',(#6763,#6769,#6770,#6771));
#6763 = ORIENTED_EDGE('',*,*,#6764,.F.);
#6764 = EDGE_CURVE('',#1797,#2160,#6765,.T.);
#6765 = LINE('',#6766,#6767);
#6766 = CARTESIAN_POINT('',(39.300003051758,3.454915046692,
    0.244717404246));
#6767 = VECTOR('',#6768,1.);
#6768 = DIRECTION('',(-1.,0.,0.));
#6769 = ORIENTED_EDGE('',*,*,#1796,.F.);
#6770 = ORIENTED_EDGE('',*,*,#6747,.T.);
#6771 = ORIENTED_EDGE('',*,*,#2167,.F.);
#6772 = PLANE('',#6773);
#6773 = AXIS2_PLACEMENT_3D('',#6774,#6775,#6776);
#6774 = CARTESIAN_POINT('',(38.050001144409,3.092481255531,
    0.394842378795));
#6775 = DIRECTION('',(-0.,-0.382683394915,-0.923879548024));
#6776 = DIRECTION('',(0.,-0.923879548024,0.382683394915));
#6777 = ADVANCED_FACE('',(#6778),#6784,.T.);
#6778 = FACE_BOUND('',#6779,.T.);
#6779 = EDGE_LOOP('',(#6780,#6781,#6782,#6783));
#6780 = ORIENTED_EDGE('',*,*,#2127,.F.);
#6781 = ORIENTED_EDGE('',*,*,#1804,.F.);
#6782 = ORIENTED_EDGE('',*,*,#6764,.T.);
#6783 = ORIENTED_EDGE('',*,*,#2159,.F.);
#6784 = PLANE('',#6785);
#6785 = AXIS2_PLACEMENT_3D('',#6786,#6787,#6788);
#6786 = CARTESIAN_POINT('',(38.050001144409,3.836371421814,
    0.153137851506));
#6787 = DIRECTION('',(-0.,-0.233445314585,-0.972369932226));
#6788 = DIRECTION('',(0.,-0.972369932226,0.233445314585));
#6789 = ADVANCED_FACE('',(#6790),#6806,.T.);
#6790 = FACE_BOUND('',#6791,.T.);
#6791 = EDGE_LOOP('',(#6792,#6798,#6799,#6805));
#6792 = ORIENTED_EDGE('',*,*,#6793,.F.);
#6793 = EDGE_CURVE('',#2594,#1822,#6794,.T.);
#6794 = LINE('',#6795,#6796);
#6795 = CARTESIAN_POINT('',(36.799999237061,13.632164955139,
    6.893933773041));
#6796 = VECTOR('',#6797,1.);
#6797 = DIRECTION('',(1.,0.,0.));
#6798 = ORIENTED_EDGE('',*,*,#2593,.F.);
#6799 = ORIENTED_EDGE('',*,*,#6800,.T.);
#6800 = EDGE_CURVE('',#2586,#1824,#6801,.T.);
#6801 = LINE('',#6802,#6803);
#6802 = CARTESIAN_POINT('',(36.799999237061,13.371417045593,
    6.042503356934));
#6803 = VECTOR('',#6804,1.);
#6804 = DIRECTION('',(1.,0.,0.));
#6805 = ORIENTED_EDGE('',*,*,#1821,.F.);
#6806 = PLANE('',#6807);
#6807 = AXIS2_PLACEMENT_3D('',#6808,#6809,#6810);
#6808 = CARTESIAN_POINT('',(38.050001144409,13.501791000366,
    6.468218564987));
#6809 = DIRECTION('',(0.,-0.956166648166,0.292823053969));
#6810 = DIRECTION('',(0.,-0.292823053969,-0.956166648166));
#6811 = ADVANCED_FACE('',(#6812),#6823,.T.);
#6812 = FACE_BOUND('',#6813,.T.);
#6813 = EDGE_LOOP('',(#6814,#6815,#6816,#6822));
#6814 = ORIENTED_EDGE('',*,*,#6800,.F.);
#6815 = ORIENTED_EDGE('',*,*,#2585,.F.);
#6816 = ORIENTED_EDGE('',*,*,#6817,.T.);
#6817 = EDGE_CURVE('',#2578,#1832,#6818,.T.);
#6818 = LINE('',#6819,#6820);
#6819 = CARTESIAN_POINT('',(36.799999237061,12.970527648926,
    5.247386455536));
#6820 = VECTOR('',#6821,1.);
#6821 = DIRECTION('',(1.,0.,0.));
#6822 = ORIENTED_EDGE('',*,*,#1831,.F.);
#6823 = PLANE('',#6824);
#6824 = AXIS2_PLACEMENT_3D('',#6825,#6826,#6827);
#6825 = CARTESIAN_POINT('',(38.050001144409,13.17097234726,
    5.644944906235));
#6826 = DIRECTION('',(0.,-0.892925907714,0.450203646512));
#6827 = DIRECTION('',(0.,-0.450203646512,-0.892925907714));
#6828 = ADVANCED_FACE('',(#6829),#6840,.T.);
#6829 = FACE_BOUND('',#6830,.T.);
#6830 = EDGE_LOOP('',(#6831,#6832,#6833,#6839));
#6831 = ORIENTED_EDGE('',*,*,#6817,.F.);
#6832 = ORIENTED_EDGE('',*,*,#2577,.F.);
#6833 = ORIENTED_EDGE('',*,*,#6834,.T.);
#6834 = EDGE_CURVE('',#2570,#1840,#6835,.T.);
#6835 = LINE('',#6836,#6837);
#6836 = CARTESIAN_POINT('',(36.799999237061,12.441029548645,
    4.531457424164));
#6837 = VECTOR('',#6838,1.);
#6838 = DIRECTION('',(1.,0.,0.));
#6839 = ORIENTED_EDGE('',*,*,#1839,.F.);
#6840 = PLANE('',#6841);
#6841 = AXIS2_PLACEMENT_3D('',#6842,#6843,#6844);
#6842 = CARTESIAN_POINT('',(38.050001144409,12.705778598785,
    4.88942193985));
#6843 = DIRECTION('',(0.,-0.803997264439,0.594632995027));
#6844 = DIRECTION('',(0.,-0.594632995027,-0.803997264439));
#6845 = ADVANCED_FACE('',(#6846),#6857,.T.);
#6846 = FACE_BOUND('',#6847,.T.);
#6847 = EDGE_LOOP('',(#6848,#6849,#6850,#6856));
#6848 = ORIENTED_EDGE('',*,*,#6834,.F.);
#6849 = ORIENTED_EDGE('',*,*,#2569,.F.);
#6850 = ORIENTED_EDGE('',*,*,#6851,.T.);
#6851 = EDGE_CURVE('',#2562,#1848,#6852,.T.);
#6852 = LINE('',#6853,#6854);
#6853 = CARTESIAN_POINT('',(36.799999237061,11.798154830933,
    3.915312290192));
#6854 = VECTOR('',#6855,1.);
#6855 = DIRECTION('',(1.,0.,0.));
#6856 = ORIENTED_EDGE('',*,*,#1847,.F.);
#6857 = PLANE('',#6858);
#6858 = AXIS2_PLACEMENT_3D('',#6859,#6860,#6861);
#6859 = CARTESIAN_POINT('',(38.050001144409,12.119592189789,
    4.223384857178));
#6860 = DIRECTION('',(0.,-0.691938649393,0.72195630441));
#6861 = DIRECTION('',(0.,0.72195630441,0.691938649393));
#6862 = ADVANCED_FACE('',(#6863),#6874,.T.);
#6863 = FACE_BOUND('',#6864,.T.);
#6864 = EDGE_LOOP('',(#6865,#6866,#6867,#6873));
#6865 = ORIENTED_EDGE('',*,*,#6851,.F.);
#6866 = ORIENTED_EDGE('',*,*,#2561,.F.);
#6867 = ORIENTED_EDGE('',*,*,#6868,.T.);
#6868 = EDGE_CURVE('',#2554,#1856,#6869,.T.);
#6869 = LINE('',#6870,#6871);
#6870 = CARTESIAN_POINT('',(36.799999237061,11.060398101807,
    3.416675806046));
#6871 = VECTOR('',#6872,1.);
#6872 = DIRECTION('',(1.,0.,0.));
#6873 = ORIENTED_EDGE('',*,*,#1855,.F.);
#6874 = PLANE('',#6875);
#6875 = AXIS2_PLACEMENT_3D('',#6876,#6877,#6878);
#6876 = CARTESIAN_POINT('',(38.050001144409,11.42927646637,
    3.665994048119));
#6877 = DIRECTION('',(0.,-0.559974760054,0.828509666873));
#6878 = DIRECTION('',(0.,0.828509666873,0.559974760054));
#6879 = ADVANCED_FACE('',(#6880),#6891,.T.);
#6880 = FACE_BOUND('',#6881,.T.);
#6881 = EDGE_LOOP('',(#6882,#6883,#6884,#6890));
#6882 = ORIENTED_EDGE('',*,*,#6868,.F.);
#6883 = ORIENTED_EDGE('',*,*,#2553,.F.);
#6884 = ORIENTED_EDGE('',*,*,#6885,.T.);
#6885 = EDGE_CURVE('',#2546,#1864,#6886,.T.);
#6886 = LINE('',#6887,#6888);
#6887 = CARTESIAN_POINT('',(36.799999237061,10.248984336853,
    3.049893379211));
#6888 = VECTOR('',#6889,1.);
#6889 = DIRECTION('',(1.,0.,0.));
#6890 = ORIENTED_EDGE('',*,*,#1863,.F.);
#6891 = PLANE('',#6892);
#6892 = AXIS2_PLACEMENT_3D('',#6893,#6894,#6895);
#6893 = CARTESIAN_POINT('',(38.050001144409,10.65469121933,
    3.233284592628));
#6894 = DIRECTION('',(0.,-0.411901508657,0.911228372674));
#6895 = DIRECTION('',(0.,0.911228372674,0.411901508657));
#6896 = ADVANCED_FACE('',(#6897),#6908,.T.);
#6897 = FACE_BOUND('',#6898,.T.);
#6898 = EDGE_LOOP('',(#6899,#6900,#6901,#6907));
#6899 = ORIENTED_EDGE('',*,*,#6885,.F.);
#6900 = ORIENTED_EDGE('',*,*,#2545,.F.);
#6901 = ORIENTED_EDGE('',*,*,#6902,.T.);
#6902 = EDGE_CURVE('',#2538,#1872,#6903,.T.);
#6903 = LINE('',#6904,#6905);
#6904 = CARTESIAN_POINT('',(36.799999237061,9.387254714966,
    2.825516462326));
#6905 = VECTOR('',#6906,1.);
#6906 = DIRECTION('',(1.,0.,0.));
#6907 = ORIENTED_EDGE('',*,*,#1871,.F.);
#6908 = PLANE('',#6909);
#6909 = AXIS2_PLACEMENT_3D('',#6910,#6911,#6912);
#6910 = CARTESIAN_POINT('',(38.050001144409,9.818119525909,
    2.937704920769));
#6911 = DIRECTION('',(0.,-0.251978034694,0.967732953883));
#6912 = DIRECTION('',(0.,0.967732953883,0.251978034694));
#6913 = ADVANCED_FACE('',(#6914),#6925,.T.);
#6914 = FACE_BOUND('',#6915,.T.);
#6915 = EDGE_LOOP('',(#6916,#6917,#6918,#6924));
#6916 = ORIENTED_EDGE('',*,*,#6902,.F.);
#6917 = ORIENTED_EDGE('',*,*,#2537,.F.);
#6918 = ORIENTED_EDGE('',*,*,#6919,.T.);
#6919 = EDGE_CURVE('',#2530,#1880,#6920,.T.);
#6920 = LINE('',#6921,#6922);
#6921 = CARTESIAN_POINT('',(36.799999237061,8.5,2.75));
#6922 = VECTOR('',#6923,1.);
#6923 = DIRECTION('',(1.,0.,0.));
#6924 = ORIENTED_EDGE('',*,*,#1879,.F.);
#6925 = PLANE('',#6926);
#6926 = AXIS2_PLACEMENT_3D('',#6927,#6928,#6929);
#6927 = CARTESIAN_POINT('',(38.050001144409,8.943627357483,
    2.787758231163));
#6928 = DIRECTION('',(0.,-8.480587642415E-02,0.996397492632));
#6929 = DIRECTION('',(0.,0.996397492632,8.480587642415E-02));
#6930 = ADVANCED_FACE('',(#6931),#6942,.T.);
#6931 = FACE_BOUND('',#6932,.T.);
#6932 = EDGE_LOOP('',(#6933,#6934,#6935,#6941));
#6933 = ORIENTED_EDGE('',*,*,#6919,.F.);
#6934 = ORIENTED_EDGE('',*,*,#2529,.F.);
#6935 = ORIENTED_EDGE('',*,*,#6936,.T.);
#6936 = EDGE_CURVE('',#2522,#1888,#6937,.T.);
#6937 = LINE('',#6938,#6939);
#6938 = CARTESIAN_POINT('',(36.799999237061,7.612745761871,
    2.825516462326));
#6939 = VECTOR('',#6940,1.);
#6940 = DIRECTION('',(1.,0.,0.));
#6941 = ORIENTED_EDGE('',*,*,#1887,.F.);
#6942 = PLANE('',#6943);
#6943 = AXIS2_PLACEMENT_3D('',#6944,#6945,#6946);
#6944 = CARTESIAN_POINT('',(38.050001144409,8.056372880936,
    2.787758231163));
#6945 = DIRECTION('',(0.,8.480592167359E-02,0.996397488781));
#6946 = DIRECTION('',(0.,0.996397488781,-8.480592167359E-02));
#6947 = ADVANCED_FACE('',(#6948),#6959,.T.);
#6948 = FACE_BOUND('',#6949,.T.);
#6949 = EDGE_LOOP('',(#6950,#6951,#6952,#6958));
#6950 = ORIENTED_EDGE('',*,*,#6936,.F.);
#6951 = ORIENTED_EDGE('',*,*,#2521,.F.);
#6952 = ORIENTED_EDGE('',*,*,#6953,.T.);
#6953 = EDGE_CURVE('',#2514,#1896,#6954,.T.);
#6954 = LINE('',#6955,#6956);
#6955 = CARTESIAN_POINT('',(36.799999237061,6.751016139984,
    3.049893379211));
#6956 = VECTOR('',#6957,1.);
#6957 = DIRECTION('',(1.,0.,0.));
#6958 = ORIENTED_EDGE('',*,*,#1895,.F.);
#6959 = PLANE('',#6960);
#6960 = AXIS2_PLACEMENT_3D('',#6961,#6962,#6963);
#6961 = CARTESIAN_POINT('',(38.050001144409,7.181880950928,
    2.937704920769));
#6962 = DIRECTION('',(0.,0.251978034694,0.967732953883));
#6963 = DIRECTION('',(0.,0.967732953883,-0.251978034694));
#6964 = ADVANCED_FACE('',(#6965),#6976,.T.);
#6965 = FACE_BOUND('',#6966,.T.);
#6966 = EDGE_LOOP('',(#6967,#6968,#6969,#6975));
#6967 = ORIENTED_EDGE('',*,*,#6953,.F.);
#6968 = ORIENTED_EDGE('',*,*,#2513,.F.);
#6969 = ORIENTED_EDGE('',*,*,#6970,.T.);
#6970 = EDGE_CURVE('',#2506,#1904,#6971,.T.);
#6971 = LINE('',#6972,#6973);
#6972 = CARTESIAN_POINT('',(36.799999237061,5.939601421356,
    3.416675806046));
#6973 = VECTOR('',#6974,1.);
#6974 = DIRECTION('',(1.,0.,0.));
#6975 = ORIENTED_EDGE('',*,*,#1903,.F.);
#6976 = PLANE('',#6977);
#6977 = AXIS2_PLACEMENT_3D('',#6978,#6979,#6980);
#6978 = CARTESIAN_POINT('',(38.050001144409,6.34530878067,3.233284592628
    ));
#6979 = DIRECTION('',(0.,0.411901106676,0.911228554381));
#6980 = DIRECTION('',(0.,0.911228554381,-0.411901106676));
#6981 = ADVANCED_FACE('',(#6982),#6993,.T.);
#6982 = FACE_BOUND('',#6983,.T.);
#6983 = EDGE_LOOP('',(#6984,#6985,#6986,#6992));
#6984 = ORIENTED_EDGE('',*,*,#6970,.F.);
#6985 = ORIENTED_EDGE('',*,*,#2505,.F.);
#6986 = ORIENTED_EDGE('',*,*,#6987,.T.);
#6987 = EDGE_CURVE('',#2498,#1912,#6988,.T.);
#6988 = LINE('',#6989,#6990);
#6989 = CARTESIAN_POINT('',(36.799999237061,5.201845169067,
    3.915312290192));
#6990 = VECTOR('',#6991,1.);
#6991 = DIRECTION('',(1.,0.,0.));
#6992 = ORIENTED_EDGE('',*,*,#1911,.F.);
#6993 = PLANE('',#6994);
#6994 = AXIS2_PLACEMENT_3D('',#6995,#6996,#6997);
#6995 = CARTESIAN_POINT('',(38.050001144409,5.570723295212,
    3.665994048119));
#6996 = DIRECTION('',(0.,0.559975008494,0.828509498957));
#6997 = DIRECTION('',(0.,0.828509498957,-0.559975008494));
#6998 = ADVANCED_FACE('',(#6999),#7010,.T.);
#6999 = FACE_BOUND('',#7000,.T.);
#7000 = EDGE_LOOP('',(#7001,#7002,#7003,#7009));
#7001 = ORIENTED_EDGE('',*,*,#6987,.F.);
#7002 = ORIENTED_EDGE('',*,*,#2497,.F.);
#7003 = ORIENTED_EDGE('',*,*,#7004,.T.);
#7004 = EDGE_CURVE('',#2490,#1920,#7005,.T.);
#7005 = LINE('',#7006,#7007);
#7006 = CARTESIAN_POINT('',(36.799999237061,4.558970451355,
    4.531457424164));
#7007 = VECTOR('',#7008,1.);
#7008 = DIRECTION('',(1.,0.,0.));
#7009 = ORIENTED_EDGE('',*,*,#1919,.F.);
#7010 = PLANE('',#7011);
#7011 = AXIS2_PLACEMENT_3D('',#7012,#7013,#7014);
#7012 = CARTESIAN_POINT('',(38.050001144409,4.880407810211,
    4.223384857178));
#7013 = DIRECTION('',(0.,0.691938649393,0.72195630441));
#7014 = DIRECTION('',(0.,0.72195630441,-0.691938649393));
#7015 = ADVANCED_FACE('',(#7016),#7027,.T.);
#7016 = FACE_BOUND('',#7017,.T.);
#7017 = EDGE_LOOP('',(#7018,#7019,#7020,#7026));
#7018 = ORIENTED_EDGE('',*,*,#7004,.F.);
#7019 = ORIENTED_EDGE('',*,*,#2489,.F.);
#7020 = ORIENTED_EDGE('',*,*,#7021,.T.);
#7021 = EDGE_CURVE('',#2482,#1928,#7022,.T.);
#7022 = LINE('',#7023,#7024);
#7023 = CARTESIAN_POINT('',(36.799999237061,4.029471874237,
    5.247386455536));
#7024 = VECTOR('',#7025,1.);
#7025 = DIRECTION('',(1.,0.,0.));
#7026 = ORIENTED_EDGE('',*,*,#1927,.F.);
#7027 = PLANE('',#7028);
#7028 = AXIS2_PLACEMENT_3D('',#7029,#7030,#7031);
#7029 = CARTESIAN_POINT('',(38.050001144409,4.294221162796,4.88942193985
    ));
#7030 = DIRECTION('',(0.,0.803997008428,0.594633341176));
#7031 = DIRECTION('',(0.,-0.594633341176,0.803997008428));
#7032 = ADVANCED_FACE('',(#7033),#7044,.T.);
#7033 = FACE_BOUND('',#7034,.T.);
#7034 = EDGE_LOOP('',(#7035,#7036,#7037,#7043));
#7035 = ORIENTED_EDGE('',*,*,#7021,.F.);
#7036 = ORIENTED_EDGE('',*,*,#2481,.F.);
#7037 = ORIENTED_EDGE('',*,*,#7038,.T.);
#7038 = EDGE_CURVE('',#2474,#1936,#7039,.T.);
#7039 = LINE('',#7040,#7041);
#7040 = CARTESIAN_POINT('',(36.799999237061,3.628582715988,
    6.042503356934));
#7041 = VECTOR('',#7042,1.);
#7042 = DIRECTION('',(1.,0.,0.));
#7043 = ORIENTED_EDGE('',*,*,#1935,.F.);
#7044 = PLANE('',#7045);
#7045 = AXIS2_PLACEMENT_3D('',#7046,#7047,#7048);
#7046 = CARTESIAN_POINT('',(38.050001144409,3.829027295113,
    5.644944906235));
#7047 = DIRECTION('',(0.,0.892926015348,0.450203433033));
#7048 = DIRECTION('',(0.,-0.450203433033,0.892926015348));
#7049 = ADVANCED_FACE('',(#7050),#7061,.T.);
#7050 = FACE_BOUND('',#7051,.T.);
#7051 = EDGE_LOOP('',(#7052,#7053,#7054,#7060));
#7052 = ORIENTED_EDGE('',*,*,#7038,.F.);
#7053 = ORIENTED_EDGE('',*,*,#2473,.F.);
#7054 = ORIENTED_EDGE('',*,*,#7055,.T.);
#7055 = EDGE_CURVE('',#2466,#1944,#7056,.T.);
#7056 = LINE('',#7057,#7058);
#7057 = CARTESIAN_POINT('',(36.799999237061,3.367835044861,
    6.893933773041));
#7058 = VECTOR('',#7059,1.);
#7059 = DIRECTION('',(1.,0.,0.));
#7060 = ORIENTED_EDGE('',*,*,#1943,.F.);
#7061 = PLANE('',#7062);
#7062 = AXIS2_PLACEMENT_3D('',#7063,#7064,#7065);
#7063 = CARTESIAN_POINT('',(38.050001144409,3.498208880424,
    6.468218564987));
#7064 = DIRECTION('',(0.,0.956166723131,0.29282280918));
#7065 = DIRECTION('',(0.,-0.29282280918,0.956166723131));
#7066 = ADVANCED_FACE('',(#7067),#7078,.T.);
#7067 = FACE_BOUND('',#7068,.T.);
#7068 = EDGE_LOOP('',(#7069,#7070,#7071,#7077));
#7069 = ORIENTED_EDGE('',*,*,#7055,.F.);
#7070 = ORIENTED_EDGE('',*,*,#2465,.F.);
#7071 = ORIENTED_EDGE('',*,*,#7072,.T.);
#7072 = EDGE_CURVE('',#2458,#1952,#7073,.T.);
#7073 = LINE('',#7074,#7075);
#7074 = CARTESIAN_POINT('',(36.799999237061,3.254730463028,
    7.777184009552));
#7075 = VECTOR('',#7076,1.);
#7076 = DIRECTION('',(1.,0.,0.));
#7077 = ORIENTED_EDGE('',*,*,#1951,.F.);
#7078 = PLANE('',#7079);
#7079 = AXIS2_PLACEMENT_3D('',#7080,#7081,#7082);
#7080 = CARTESIAN_POINT('',(38.050001144409,3.311282753944,
    7.335558891296));
#7081 = DIRECTION('',(0.,0.991900440306,0.127017780333));
#7082 = DIRECTION('',(0.,-0.127017780333,0.991900440306));
#7083 = ADVANCED_FACE('',(#7084),#7095,.T.);
#7084 = FACE_BOUND('',#7085,.T.);
#7085 = EDGE_LOOP('',(#7086,#7087,#7088,#7094));
#7086 = ORIENTED_EDGE('',*,*,#7072,.F.);
#7087 = ORIENTED_EDGE('',*,*,#2457,.F.);
#7088 = ORIENTED_EDGE('',*,*,#7089,.T.);
#7089 = EDGE_CURVE('',#2450,#1960,#7090,.T.);
#7090 = LINE('',#7091,#7092);
#7091 = CARTESIAN_POINT('',(36.799999237061,3.292522668839,
    8.666843414307));
#7092 = VECTOR('',#7093,1.);
#7093 = DIRECTION('',(1.,0.,0.));
#7094 = ORIENTED_EDGE('',*,*,#1959,.F.);
#7095 = PLANE('',#7096);
#7096 = AXIS2_PLACEMENT_3D('',#7097,#7098,#7099);
#7097 = CARTESIAN_POINT('',(38.050001144409,3.273626565933,
    8.222013711929));
#7098 = DIRECTION('',(0.,0.999098969151,-4.244113383781E-02));
#7099 = DIRECTION('',(0.,4.244113383781E-02,0.999098969151));
#7100 = ADVANCED_FACE('',(#7101),#7112,.T.);
#7101 = FACE_BOUND('',#7102,.T.);
#7102 = EDGE_LOOP('',(#7103,#7104,#7105,#7111));
#7103 = ORIENTED_EDGE('',*,*,#7089,.F.);
#7104 = ORIENTED_EDGE('',*,*,#2449,.F.);
#7105 = ORIENTED_EDGE('',*,*,#7106,.T.);
#7106 = EDGE_CURVE('',#2442,#1968,#7107,.T.);
#7107 = LINE('',#7108,#7109);
#7108 = CARTESIAN_POINT('',(36.799999237061,3.48012471199,9.53731918335)
  );
#7109 = VECTOR('',#7110,1.);
#7110 = DIRECTION('',(1.,0.,0.));
#7111 = ORIENTED_EDGE('',*,*,#1967,.F.);
#7112 = PLANE('',#7113);
#7113 = AXIS2_PLACEMENT_3D('',#7114,#7115,#7116);
#7114 = CARTESIAN_POINT('',(38.050001144409,3.386323690414,
    9.102081298828));
#7115 = DIRECTION('',(0.,0.977555200962,-0.210679446248));
#7116 = DIRECTION('',(0.,0.210679446248,0.977555200962));
#7117 = ADVANCED_FACE('',(#7118),#7129,.T.);
#7118 = FACE_BOUND('',#7119,.T.);
#7119 = EDGE_LOOP('',(#7120,#7121,#7122,#7128));
#7120 = ORIENTED_EDGE('',*,*,#7106,.F.);
#7121 = ORIENTED_EDGE('',*,*,#2441,.F.);
#7122 = ORIENTED_EDGE('',*,*,#7123,.T.);
#7123 = EDGE_CURVE('',#2434,#1976,#7124,.T.);
#7124 = LINE('',#7125,#7126);
#7125 = CARTESIAN_POINT('',(36.799999237061,3.81213927269,
    10.363569259644));
#7126 = VECTOR('',#7127,1.);
#7127 = DIRECTION('',(1.,0.,0.));
#7128 = ORIENTED_EDGE('',*,*,#1975,.F.);
#7129 = PLANE('',#7130);
#7130 = AXIS2_PLACEMENT_3D('',#7131,#7132,#7133);
#7131 = CARTESIAN_POINT('',(38.050001144409,3.64613199234,9.950444221497
    ));
#7132 = DIRECTION('',(0.,0.927889037948,-0.372856451274));
#7133 = DIRECTION('',(0.,0.372856451274,0.927889037948));
#7134 = ADVANCED_FACE('',(#7135),#7146,.T.);
#7135 = FACE_BOUND('',#7136,.T.);
#7136 = EDGE_LOOP('',(#7137,#7138,#7139,#7145));
#7137 = ORIENTED_EDGE('',*,*,#7123,.F.);
#7138 = ORIENTED_EDGE('',*,*,#2433,.F.);
#7139 = ORIENTED_EDGE('',*,*,#7140,.T.);
#7140 = EDGE_CURVE('',#2426,#1984,#7141,.T.);
#7141 = LINE('',#7142,#7143);
#7142 = CARTESIAN_POINT('',(36.799999237061,4.27901506424,
    11.121824264526));
#7143 = VECTOR('',#7144,1.);
#7144 = DIRECTION('',(1.,0.,0.));
#7145 = ORIENTED_EDGE('',*,*,#1983,.F.);
#7146 = PLANE('',#7147);
#7147 = AXIS2_PLACEMENT_3D('',#7148,#7149,#7150);
#7148 = CARTESIAN_POINT('',(38.050001144409,4.045577168465,
    10.742696762085));
#7149 = DIRECTION('',(0.,0.851529303568,-0.524307014225));
#7150 = DIRECTION('',(0.,0.524307014225,0.851529303568));
#7151 = ADVANCED_FACE('',(#7152),#7163,.T.);
#7152 = FACE_BOUND('',#7153,.T.);
#7153 = EDGE_LOOP('',(#7154,#7155,#7156,#7162));
#7154 = ORIENTED_EDGE('',*,*,#7140,.F.);
#7155 = ORIENTED_EDGE('',*,*,#2425,.F.);
#7156 = ORIENTED_EDGE('',*,*,#7157,.T.);
#7157 = EDGE_CURVE('',#2418,#1992,#7158,.T.);
#7158 = LINE('',#7159,#7160);
#7159 = CARTESIAN_POINT('',(36.799999237061,4.867321014404,
    11.79026889801));
#7160 = VECTOR('',#7161,1.);
#7161 = DIRECTION('',(1.,0.,0.));
#7162 = ORIENTED_EDGE('',*,*,#1991,.F.);
#7163 = PLANE('',#7164);
#7164 = AXIS2_PLACEMENT_3D('',#7165,#7166,#7167);
#7165 = CARTESIAN_POINT('',(38.050001144409,4.573168039322,
    11.456046581268));
#7166 = DIRECTION('',(0.,0.750671926507,-0.660675153728));
#7167 = DIRECTION('',(0.,0.660675153728,0.750671926507));
#7168 = ADVANCED_FACE('',(#7169),#7180,.T.);
#7169 = FACE_BOUND('',#7170,.T.);
#7170 = EDGE_LOOP('',(#7171,#7172,#7173,#7179));
#7171 = ORIENTED_EDGE('',*,*,#7157,.F.);
#7172 = ORIENTED_EDGE('',*,*,#2417,.F.);
#7173 = ORIENTED_EDGE('',*,*,#7174,.T.);
#7174 = EDGE_CURVE('',#2410,#2000,#7175,.T.);
#7175 = LINE('',#7176,#7177);
#7176 = CARTESIAN_POINT('',(36.799999237061,5.560132026672,
    12.349675178528));
#7177 = VECTOR('',#7178,1.);
#7178 = DIRECTION('',(1.,0.,0.));
#7179 = ORIENTED_EDGE('',*,*,#1999,.F.);
#7180 = PLANE('',#7181);
#7181 = AXIS2_PLACEMENT_3D('',#7182,#7183,#7184);
#7182 = CARTESIAN_POINT('',(38.050001144409,5.213726520538,
    12.069972038269));
#7183 = DIRECTION('',(0.,0.628220307632,-0.77803550374));
#7184 = DIRECTION('',(0.,-0.77803550374,-0.628220307632));
#7185 = ADVANCED_FACE('',(#7186),#7197,.T.);
#7186 = FACE_BOUND('',#7187,.T.);
#7187 = EDGE_LOOP('',(#7188,#7189,#7190,#7196));
#7188 = ORIENTED_EDGE('',*,*,#7174,.F.);
#7189 = ORIENTED_EDGE('',*,*,#2409,.F.);
#7190 = ORIENTED_EDGE('',*,*,#7191,.T.);
#7191 = EDGE_CURVE('',#2402,#2008,#7192,.T.);
#7192 = LINE('',#7193,#7194);
#7193 = CARTESIAN_POINT('',(36.799999237061,6.337518215179,
    12.783948898315));
#7194 = VECTOR('',#7195,1.);
#7195 = DIRECTION('',(1.,0.,0.));
#7196 = ORIENTED_EDGE('',*,*,#2007,.F.);
#7197 = PLANE('',#7198);
#7198 = AXIS2_PLACEMENT_3D('',#7199,#7200,#7201);
#7199 = CARTESIAN_POINT('',(38.050001144409,5.948825120926,
    12.566812038422));
#7200 = DIRECTION('',(0.,0.487694721089,-0.873014237583));
#7201 = DIRECTION('',(0.,-0.873014237583,-0.487694721089));
#7202 = ADVANCED_FACE('',(#7203),#7214,.T.);
#7203 = FACE_BOUND('',#7204,.T.);
#7204 = EDGE_LOOP('',(#7205,#7206,#7207,#7213));
#7205 = ORIENTED_EDGE('',*,*,#7191,.F.);
#7206 = ORIENTED_EDGE('',*,*,#2401,.F.);
#7207 = ORIENTED_EDGE('',*,*,#7208,.T.);
#7208 = EDGE_CURVE('',#2394,#2016,#7209,.T.);
#7209 = LINE('',#7210,#7211);
#7210 = CARTESIAN_POINT('',(36.799999237061,7.177114963531,
    13.080597877502));
#7211 = VECTOR('',#7212,1.);
#7212 = DIRECTION('',(1.,0.,0.));
#7213 = ORIENTED_EDGE('',*,*,#2015,.F.);
#7214 = PLANE('',#7215);
#7215 = AXIS2_PLACEMENT_3D('',#7216,#7217,#7218);
#7216 = CARTESIAN_POINT('',(38.050001144409,6.757316589355,
    12.932273387909));
#7217 = DIRECTION('',(0.,0.333140370003,-0.942877242208));
#7218 = DIRECTION('',(0.,-0.942877242208,-0.333140370003));
#7219 = ADVANCED_FACE('',(#7220),#7231,.T.);
#7220 = FACE_BOUND('',#7221,.T.);
#7221 = EDGE_LOOP('',(#7222,#7223,#7224,#7230));
#7222 = ORIENTED_EDGE('',*,*,#7208,.F.);
#7223 = ORIENTED_EDGE('',*,*,#2393,.F.);
#7224 = ORIENTED_EDGE('',*,*,#7225,.T.);
#7225 = EDGE_CURVE('',#2386,#2024,#7226,.T.);
#7226 = LINE('',#7227,#7228);
#7227 = CARTESIAN_POINT('',(36.799999237061,8.054768562317,
    13.231086730957));
#7228 = VECTOR('',#7229,1.);
#7229 = DIRECTION('',(1.,0.,0.));
#7230 = ORIENTED_EDGE('',*,*,#2023,.F.);
#7231 = PLANE('',#7232);
#7232 = AXIS2_PLACEMENT_3D('',#7233,#7234,#7235);
#7233 = CARTESIAN_POINT('',(38.050001144409,7.615941762924,
    13.15584230423));
#7234 = DIRECTION('',(0.,0.169000853684,-0.985615904627));
#7235 = DIRECTION('',(0.,-0.985615904627,-0.169000853684));
#7236 = ADVANCED_FACE('',(#7237),#7248,.T.);
#7237 = FACE_BOUND('',#7238,.T.);
#7238 = EDGE_LOOP('',(#7239,#7240,#7241,#7247));
#7239 = ORIENTED_EDGE('',*,*,#7225,.F.);
#7240 = ORIENTED_EDGE('',*,*,#2385,.F.);
#7241 = ORIENTED_EDGE('',*,*,#7242,.T.);
#7242 = EDGE_CURVE('',#2378,#2032,#7243,.T.);
#7243 = LINE('',#7244,#7245);
#7244 = CARTESIAN_POINT('',(36.799999237061,8.945231437683,
    13.231086730957));
#7245 = VECTOR('',#7246,1.);
#7246 = DIRECTION('',(1.,0.,0.));
#7247 = ORIENTED_EDGE('',*,*,#2031,.F.);
#7248 = PLANE('',#7249);
#7249 = AXIS2_PLACEMENT_3D('',#7250,#7251,#7252);
#7250 = CARTESIAN_POINT('',(38.050001144409,8.5,13.231086730957));
#7251 = DIRECTION('',(-0.,-0.,-1.));
#7252 = DIRECTION('',(-1.,0.,0.));
#7253 = ADVANCED_FACE('',(#7254),#7265,.T.);
#7254 = FACE_BOUND('',#7255,.T.);
#7255 = EDGE_LOOP('',(#7256,#7257,#7258,#7264));
#7256 = ORIENTED_EDGE('',*,*,#7242,.F.);
#7257 = ORIENTED_EDGE('',*,*,#2377,.F.);
#7258 = ORIENTED_EDGE('',*,*,#7259,.T.);
#7259 = EDGE_CURVE('',#2370,#2040,#7260,.T.);
#7260 = LINE('',#7261,#7262);
#7261 = CARTESIAN_POINT('',(36.799999237061,9.822884559631,
    13.080597877502));
#7262 = VECTOR('',#7263,1.);
#7263 = DIRECTION('',(1.,0.,0.));
#7264 = ORIENTED_EDGE('',*,*,#2039,.F.);
#7265 = PLANE('',#7266);
#7266 = AXIS2_PLACEMENT_3D('',#7267,#7268,#7269);
#7267 = CARTESIAN_POINT('',(38.050001144409,9.384057998657,
    13.15584230423));
#7268 = DIRECTION('',(-0.,-0.169000942882,-0.985615889333));
#7269 = DIRECTION('',(0.,-0.985615889333,0.169000942882));
#7270 = ADVANCED_FACE('',(#7271),#7282,.T.);
#7271 = FACE_BOUND('',#7272,.T.);
#7272 = EDGE_LOOP('',(#7273,#7274,#7275,#7281));
#7273 = ORIENTED_EDGE('',*,*,#7259,.F.);
#7274 = ORIENTED_EDGE('',*,*,#2369,.F.);
#7275 = ORIENTED_EDGE('',*,*,#7276,.T.);
#7276 = EDGE_CURVE('',#2362,#2048,#7277,.T.);
#7277 = LINE('',#7278,#7279);
#7278 = CARTESIAN_POINT('',(36.799999237061,10.662481307983,
    12.783948898315));
#7279 = VECTOR('',#7280,1.);
#7280 = DIRECTION('',(1.,0.,0.));
#7281 = ORIENTED_EDGE('',*,*,#2047,.F.);
#7282 = PLANE('',#7283);
#7283 = AXIS2_PLACEMENT_3D('',#7284,#7285,#7286);
#7284 = CARTESIAN_POINT('',(38.050001144409,10.242682933807,
    12.932273387909));
#7285 = DIRECTION('',(-0.,-0.333140370003,-0.942877242208));
#7286 = DIRECTION('',(0.,-0.942877242208,0.333140370003));
#7287 = ADVANCED_FACE('',(#7288),#7299,.T.);
#7288 = FACE_BOUND('',#7289,.T.);
#7289 = EDGE_LOOP('',(#7290,#7291,#7292,#7298));
#7290 = ORIENTED_EDGE('',*,*,#7276,.F.);
#7291 = ORIENTED_EDGE('',*,*,#2361,.F.);
#7292 = ORIENTED_EDGE('',*,*,#7293,.T.);
#7293 = EDGE_CURVE('',#2354,#2056,#7294,.T.);
#7294 = LINE('',#7295,#7296);
#7295 = CARTESIAN_POINT('',(36.799999237061,11.439867019653,
    12.349675178528));
#7296 = VECTOR('',#7297,1.);
#7297 = DIRECTION('',(1.,0.,0.));
#7298 = ORIENTED_EDGE('',*,*,#2055,.F.);
#7299 = PLANE('',#7300);
#7300 = AXIS2_PLACEMENT_3D('',#7301,#7302,#7303);
#7301 = CARTESIAN_POINT('',(38.050001144409,11.051174163818,
    12.566812038422));
#7302 = DIRECTION('',(-0.,-0.487694949084,-0.873014110217));
#7303 = DIRECTION('',(0.,-0.873014110217,0.487694949084));
#7304 = ADVANCED_FACE('',(#7305),#7316,.T.);
#7305 = FACE_BOUND('',#7306,.T.);
#7306 = EDGE_LOOP('',(#7307,#7308,#7309,#7315));
#7307 = ORIENTED_EDGE('',*,*,#7293,.F.);
#7308 = ORIENTED_EDGE('',*,*,#2353,.F.);
#7309 = ORIENTED_EDGE('',*,*,#7310,.T.);
#7310 = EDGE_CURVE('',#2346,#2064,#7311,.T.);
#7311 = LINE('',#7312,#7313);
#7312 = CARTESIAN_POINT('',(36.799999237061,12.132678985596,
    11.79026889801));
#7313 = VECTOR('',#7314,1.);
#7314 = DIRECTION('',(1.,0.,0.));
#7315 = ORIENTED_EDGE('',*,*,#2063,.F.);
#7316 = PLANE('',#7317);
#7317 = AXIS2_PLACEMENT_3D('',#7318,#7319,#7320);
#7318 = CARTESIAN_POINT('',(38.050001144409,11.786273002625,
    12.069972038269));
#7319 = DIRECTION('',(-0.,-0.628219784157,-0.778035926416));
#7320 = DIRECTION('',(0.,-0.778035926416,0.628219784157));
#7321 = ADVANCED_FACE('',(#7322),#7333,.T.);
#7322 = FACE_BOUND('',#7323,.T.);
#7323 = EDGE_LOOP('',(#7324,#7325,#7326,#7332));
#7324 = ORIENTED_EDGE('',*,*,#7310,.F.);
#7325 = ORIENTED_EDGE('',*,*,#2345,.F.);
#7326 = ORIENTED_EDGE('',*,*,#7327,.T.);
#7327 = EDGE_CURVE('',#2338,#2072,#7328,.T.);
#7328 = LINE('',#7329,#7330);
#7329 = CARTESIAN_POINT('',(36.799999237061,12.720985412598,
    11.121824264526));
#7330 = VECTOR('',#7331,1.);
#7331 = DIRECTION('',(1.,0.,0.));
#7332 = ORIENTED_EDGE('',*,*,#2071,.F.);
#7333 = PLANE('',#7334);
#7334 = AXIS2_PLACEMENT_3D('',#7335,#7336,#7337);
#7335 = CARTESIAN_POINT('',(38.050001144409,12.426832199097,
    11.456046581268));
#7336 = DIRECTION('',(-0.,-0.750671660929,-0.660675455484));
#7337 = DIRECTION('',(0.,0.660675455484,-0.750671660929));
#7338 = ADVANCED_FACE('',(#7339),#7350,.T.);
#7339 = FACE_BOUND('',#7340,.T.);
#7340 = EDGE_LOOP('',(#7341,#7342,#7343,#7349));
#7341 = ORIENTED_EDGE('',*,*,#7327,.F.);
#7342 = ORIENTED_EDGE('',*,*,#2337,.F.);
#7343 = ORIENTED_EDGE('',*,*,#7344,.T.);
#7344 = EDGE_CURVE('',#2330,#2080,#7345,.T.);
#7345 = LINE('',#7346,#7347);
#7346 = CARTESIAN_POINT('',(36.799999237061,13.187861442566,
    10.363569259644));
#7347 = VECTOR('',#7348,1.);
#7348 = DIRECTION('',(1.,0.,0.));
#7349 = ORIENTED_EDGE('',*,*,#2079,.F.);
#7350 = PLANE('',#7351);
#7351 = AXIS2_PLACEMENT_3D('',#7352,#7353,#7354);
#7352 = CARTESIAN_POINT('',(38.050001144409,12.954423427582,
    10.742696762085));
#7353 = DIRECTION('',(-0.,-0.851529184029,-0.524307208368));
#7354 = DIRECTION('',(0.,0.524307208368,-0.851529184029));
#7355 = ADVANCED_FACE('',(#7356),#7367,.T.);
#7356 = FACE_BOUND('',#7357,.T.);
#7357 = EDGE_LOOP('',(#7358,#7359,#7360,#7366));
#7358 = ORIENTED_EDGE('',*,*,#7344,.F.);
#7359 = ORIENTED_EDGE('',*,*,#2327,.F.);
#7360 = ORIENTED_EDGE('',*,*,#7361,.T.);
#7361 = EDGE_CURVE('',#2328,#2088,#7362,.T.);
#7362 = LINE('',#7363,#7364);
#7363 = CARTESIAN_POINT('',(36.799999237061,13.519875526428,
    9.53731918335));
#7364 = VECTOR('',#7365,1.);
#7365 = DIRECTION('',(1.,0.,0.));
#7366 = ORIENTED_EDGE('',*,*,#2087,.F.);
#7367 = PLANE('',#7368);
#7368 = AXIS2_PLACEMENT_3D('',#7369,#7370,#7371);
#7369 = CARTESIAN_POINT('',(38.050001144409,13.353868484497,
    9.950444221497));
#7370 = DIRECTION('',(-0.,-0.927889223212,-0.372855990225));
#7371 = DIRECTION('',(0.,0.372855990225,-0.927889223212));
#7372 = ADVANCED_FACE('',(#7373),#7384,.T.);
#7373 = FACE_BOUND('',#7374,.T.);
#7374 = EDGE_LOOP('',(#7375,#7376,#7377,#7383));
#7375 = ORIENTED_EDGE('',*,*,#7361,.F.);
#7376 = ORIENTED_EDGE('',*,*,#2625,.F.);
#7377 = ORIENTED_EDGE('',*,*,#7378,.T.);
#7378 = EDGE_CURVE('',#2618,#2096,#7379,.T.);
#7379 = LINE('',#7380,#7381);
#7380 = CARTESIAN_POINT('',(36.799999237061,13.70747756958,
    8.666843414307));
#7381 = VECTOR('',#7382,1.);
#7382 = DIRECTION('',(1.,0.,0.));
#7383 = ORIENTED_EDGE('',*,*,#2095,.F.);
#7384 = PLANE('',#7385);
#7385 = AXIS2_PLACEMENT_3D('',#7386,#7387,#7388);
#7386 = CARTESIAN_POINT('',(38.050001144409,13.613676548004,
    9.102081298828));
#7387 = DIRECTION('',(-0.,-0.977555200962,-0.210679446248));
#7388 = DIRECTION('',(0.,0.210679446248,-0.977555200962));
#7389 = ADVANCED_FACE('',(#7390),#7405,.T.);
#7390 = FACE_BOUND('',#7391,.T.);
#7391 = EDGE_LOOP('',(#7392,#7393,#7399));
#7392 = ORIENTED_EDGE('',*,*,#2103,.F.);
#7393 = ORIENTED_EDGE('',*,*,#7394,.F.);
#7394 = EDGE_CURVE('',#2610,#2096,#7395,.T.);
#7395 = LINE('',#7396,#7397);
#7396 = CARTESIAN_POINT('',(36.799999237061,13.75,8.));
#7397 = VECTOR('',#7398,1.);
#7398 = DIRECTION('',(0.966087573151,-1.643213157011E-02,0.257691261114)
  );
#7399 = ORIENTED_EDGE('',*,*,#7400,.F.);
#7400 = EDGE_CURVE('',#2104,#2610,#7401,.T.);
#7401 = LINE('',#7402,#7403);
#7402 = CARTESIAN_POINT('',(39.300003051758,13.745269775391,
    7.777184009552));
#7403 = VECTOR('',#7404,1.);
#7404 = DIRECTION('',(-0.996049992586,1.884613199148E-03,
    8.877421079482E-02));
#7405 = PLANE('',#7406);
#7406 = AXIS2_PLACEMENT_3D('',#7407,#7408,#7409);
#7407 = CARTESIAN_POINT('',(38.235881688071,13.736307348779,
    8.130405332846));
#7408 = DIRECTION('',(-5.672910380086E-03,-0.999082892564,
    -4.24404509139E-02));
#7409 = DIRECTION('',(-3.798605892628E-20,4.244113383781E-02,
    -0.999098969151));
#7410 = ADVANCED_FACE('',(#7411),#7422,.T.);
#7411 = FACE_BOUND('',#7412,.T.);
#7412 = EDGE_LOOP('',(#7413,#7419,#7420,#7421));
#7413 = ORIENTED_EDGE('',*,*,#7414,.F.);
#7414 = EDGE_CURVE('',#2602,#2104,#7415,.T.);
#7415 = LINE('',#7416,#7417);
#7416 = CARTESIAN_POINT('',(36.799999237061,13.745269775391,
    7.777184009552));
#7417 = VECTOR('',#7418,1.);
#7418 = DIRECTION('',(1.,0.,0.));
#7419 = ORIENTED_EDGE('',*,*,#2601,.F.);
#7420 = ORIENTED_EDGE('',*,*,#6793,.T.);
#7421 = ORIENTED_EDGE('',*,*,#2111,.F.);
#7422 = PLANE('',#7423);
#7423 = AXIS2_PLACEMENT_3D('',#7424,#7425,#7426);
#7424 = CARTESIAN_POINT('',(38.050001144409,13.688717365265,
    7.335558891296));
#7425 = DIRECTION('',(0.,-0.991900406573,0.127018043761));
#7426 = DIRECTION('',(0.,-0.127018043761,-0.991900406573));
#7427 = ADVANCED_FACE('',(#7428),#7433,.T.);
#7428 = FACE_BOUND('',#7429,.T.);
#7429 = EDGE_LOOP('',(#7430,#7431,#7432));
#7430 = ORIENTED_EDGE('',*,*,#7400,.T.);
#7431 = ORIENTED_EDGE('',*,*,#2609,.F.);
#7432 = ORIENTED_EDGE('',*,*,#7414,.T.);
#7433 = PLANE('',#7434);
#7434 = AXIS2_PLACEMENT_3D('',#7435,#7436,#7437);
#7435 = CARTESIAN_POINT('',(37.996763144486,13.746504937511,
    7.83536599752));
#7436 = DIRECTION('',(0.,-0.999774734826,2.122450478082E-02));
#7437 = DIRECTION('',(0.,-2.122450478082E-02,-0.999774734826));
#7438 = ADVANCED_FACE('',(#7439),#7444,.T.);
#7439 = FACE_BOUND('',#7440,.T.);
#7440 = EDGE_LOOP('',(#7441,#7442,#7443));
#7441 = ORIENTED_EDGE('',*,*,#7394,.T.);
#7442 = ORIENTED_EDGE('',*,*,#7378,.F.);
#7443 = ORIENTED_EDGE('',*,*,#2617,.F.);
#7444 = PLANE('',#7445);
#7445 = AXIS2_PLACEMENT_3D('',#7446,#7447,#7448);
#7446 = CARTESIAN_POINT('',(37.904891009609,13.719504340086,
    8.478237715428));
#7447 = DIRECTION('',(-0.,-0.997973080754,-6.363748966678E-02));
#7448 = DIRECTION('',(0.,6.363748966678E-02,-0.997973080754));
#7449 = ADVANCED_FACE('',(#7450),#7463,.T.);
#7450 = FACE_BOUND('',#7451,.T.);
#7451 = EDGE_LOOP('',(#7452,#7453,#7454,#7460,#7461,#7462));
#7452 = ORIENTED_EDGE('',*,*,#4783,.F.);
#7453 = ORIENTED_EDGE('',*,*,#4766,.F.);
#7454 = ORIENTED_EDGE('',*,*,#7455,.F.);
#7455 = EDGE_CURVE('',#2787,#4759,#7456,.T.);
#7456 = LINE('',#7457,#7458);
#7457 = CARTESIAN_POINT('',(28.610202789307,33.5,13.));
#7458 = VECTOR('',#7459,1.);
#7459 = DIRECTION('',(0.996649022179,-8.179686173492E-02,0.));
#7460 = ORIENTED_EDGE('',*,*,#2786,.F.);
#7461 = ORIENTED_EDGE('',*,*,#4798,.F.);
#7462 = ORIENTED_EDGE('',*,*,#4663,.F.);
#7463 = PLANE('',#7464);
#7464 = AXIS2_PLACEMENT_3D('',#7465,#7466,#7467);
#7465 = CARTESIAN_POINT('',(28.915650044077,34.685404424082,13.));
#7466 = DIRECTION('',(-0.,-0.,-1.));
#7467 = DIRECTION('',(-1.,0.,0.));
#7468 = ADVANCED_FACE('',(#7469),#7480,.T.);
#7469 = FACE_BOUND('',#7470,.T.);
#7470 = EDGE_LOOP('',(#7471,#7477,#7478,#7479));
#7471 = ORIENTED_EDGE('',*,*,#7472,.F.);
#7472 = EDGE_CURVE('',#4820,#4759,#7473,.T.);
#7473 = LINE('',#7474,#7475);
#7474 = CARTESIAN_POINT('',(30.240673065186,33.366184234619,16.));
#7475 = VECTOR('',#7476,1.);
#7476 = DIRECTION('',(0.,0.,-1.));
#7477 = ORIENTED_EDGE('',*,*,#4819,.T.);
#7478 = ORIENTED_EDGE('',*,*,#2794,.F.);
#7479 = ORIENTED_EDGE('',*,*,#7455,.T.);
#7480 = PLANE('',#7481);
#7481 = AXIS2_PLACEMENT_3D('',#7482,#7483,#7484);
#7482 = CARTESIAN_POINT('',(29.425437927246,33.43309211731,14.5));
#7483 = DIRECTION('',(-8.179686173492E-02,-0.996649022179,-0.));
#7484 = DIRECTION('',(-0.996649022179,8.179686173492E-02,0.));
#7485 = ADVANCED_FACE('',(#7486),#7504,.T.);
#7486 = FACE_BOUND('',#7487,.T.);
#7487 = EDGE_LOOP('',(#7488,#7489,#7497,#7503));
#7488 = ORIENTED_EDGE('',*,*,#5219,.F.);
#7489 = ORIENTED_EDGE('',*,*,#7490,.F.);
#7490 = EDGE_CURVE('',#7491,#5212,#7493,.T.);
#7491 = VERTEX_POINT('',#7492);
#7492 = CARTESIAN_POINT('',(1.5,4.217827796936,15.938442230225));
#7493 = LINE('',#7494,#7495);
#7494 = CARTESIAN_POINT('',(1.5,4.217827796936,15.938442230225));
#7495 = VECTOR('',#7496,1.);
#7496 = DIRECTION('',(0.,0.996917385337,7.845844003567E-02));
#7497 = ORIENTED_EDGE('',*,*,#7498,.T.);
#7498 = EDGE_CURVE('',#7491,#3122,#7499,.T.);
#7499 = LINE('',#7500,#7501);
#7500 = CARTESIAN_POINT('',(1.5,4.217827796936,15.938442230225));
#7501 = VECTOR('',#7502,1.);
#7502 = DIRECTION('',(1.,0.,0.));
#7503 = ORIENTED_EDGE('',*,*,#3121,.F.);
#7504 = PLANE('',#7505);
#7505 = AXIS2_PLACEMENT_3D('',#7506,#7507,#7508);
#7506 = CARTESIAN_POINT('',(2.75,4.608913898468,15.969221115112));
#7507 = DIRECTION('',(0.,-7.845844003567E-02,0.996917385337));
#7508 = DIRECTION('',(0.,0.996917385337,7.845844003567E-02));
#7509 = ADVANCED_FACE('',(#7510),#7528,.T.);
#7510 = FACE_BOUND('',#7511,.T.);
#7511 = EDGE_LOOP('',(#7512,#7513,#7514,#7522));
#7512 = ORIENTED_EDGE('',*,*,#3309,.F.);
#7513 = ORIENTED_EDGE('',*,*,#3273,.F.);
#7514 = ORIENTED_EDGE('',*,*,#7515,.T.);
#7515 = EDGE_CURVE('',#3266,#7516,#7518,.T.);
#7516 = VERTEX_POINT('',#7517);
#7517 = CARTESIAN_POINT('',(1.5,3.454915046692,0.244717404246));
#7518 = LINE('',#7519,#7520);
#7519 = CARTESIAN_POINT('',(4.,3.454915046692,0.244717404246));
#7520 = VECTOR('',#7521,1.);
#7521 = DIRECTION('',(-1.,0.,0.));
#7522 = ORIENTED_EDGE('',*,*,#7523,.F.);
#7523 = EDGE_CURVE('',#3310,#7516,#7524,.T.);
#7524 = LINE('',#7525,#7526);
#7525 = CARTESIAN_POINT('',(1.5,4.217827796936,6.155829876661E-02));
#7526 = VECTOR('',#7527,1.);
#7527 = DIRECTION('',(0.,-0.972369932226,0.233445314585));
#7528 = PLANE('',#7529);
#7529 = AXIS2_PLACEMENT_3D('',#7530,#7531,#7532);
#7530 = CARTESIAN_POINT('',(2.75,3.836371421814,0.153137851506));
#7531 = DIRECTION('',(-0.,-0.233445314585,-0.972369932226));
#7532 = DIRECTION('',(0.,-0.972369932226,0.233445314585));
#7533 = ADVANCED_FACE('',(#7534),#7552,.T.);
#7534 = FACE_BOUND('',#7535,.T.);
#7535 = EDGE_LOOP('',(#7536,#7537,#7545,#7551));
#7536 = ORIENTED_EDGE('',*,*,#7498,.F.);
#7537 = ORIENTED_EDGE('',*,*,#7538,.F.);
#7538 = EDGE_CURVE('',#7539,#7491,#7541,.T.);
#7539 = VERTEX_POINT('',#7540);
#7540 = CARTESIAN_POINT('',(1.5,3.454915046692,15.755282402039));
#7541 = LINE('',#7542,#7543);
#7542 = CARTESIAN_POINT('',(1.5,3.454915046692,15.755282402039));
#7543 = VECTOR('',#7544,1.);
#7544 = DIRECTION('',(0.,0.972369723135,0.233446185512));
#7545 = ORIENTED_EDGE('',*,*,#7546,.T.);
#7546 = EDGE_CURVE('',#7539,#3130,#7547,.T.);
#7547 = LINE('',#7548,#7549);
#7548 = CARTESIAN_POINT('',(1.5,3.454915046692,15.755282402039));
#7549 = VECTOR('',#7550,1.);
#7550 = DIRECTION('',(1.,0.,0.));
#7551 = ORIENTED_EDGE('',*,*,#3129,.F.);
#7552 = PLANE('',#7553);
#7553 = AXIS2_PLACEMENT_3D('',#7554,#7555,#7556);
#7554 = CARTESIAN_POINT('',(2.75,3.836371421814,15.846862316132));
#7555 = DIRECTION('',(0.,-0.233446185512,0.972369723135));
#7556 = DIRECTION('',(0.,0.972369723135,0.233446185512));
#7557 = ADVANCED_FACE('',(#7558),#7576,.T.);
#7558 = FACE_BOUND('',#7559,.T.);
#7559 = EDGE_LOOP('',(#7560,#7561,#7562,#7570));
#7560 = ORIENTED_EDGE('',*,*,#7515,.F.);
#7561 = ORIENTED_EDGE('',*,*,#3265,.F.);
#7562 = ORIENTED_EDGE('',*,*,#7563,.T.);
#7563 = EDGE_CURVE('',#3258,#7564,#7566,.T.);
#7564 = VERTEX_POINT('',#7565);
#7565 = CARTESIAN_POINT('',(1.5,2.730047464371,0.544967353344));
#7566 = LINE('',#7567,#7568);
#7567 = CARTESIAN_POINT('',(4.,2.730047464371,0.544967353344));
#7568 = VECTOR('',#7569,1.);
#7569 = DIRECTION('',(-1.,0.,0.));
#7570 = ORIENTED_EDGE('',*,*,#7571,.F.);
#7571 = EDGE_CURVE('',#7516,#7564,#7572,.T.);
#7572 = LINE('',#7573,#7574);
#7573 = CARTESIAN_POINT('',(1.5,3.454915046692,0.244717404246));
#7574 = VECTOR('',#7575,1.);
#7575 = DIRECTION('',(0.,-0.923879548024,0.382683394915));
#7576 = PLANE('',#7577);
#7577 = AXIS2_PLACEMENT_3D('',#7578,#7579,#7580);
#7578 = CARTESIAN_POINT('',(2.75,3.092481255531,0.394842378795));
#7579 = DIRECTION('',(-0.,-0.382683394915,-0.923879548024));
#7580 = DIRECTION('',(0.,-0.923879548024,0.382683394915));
#7581 = ADVANCED_FACE('',(#7582),#7600,.T.);
#7582 = FACE_BOUND('',#7583,.T.);
#7583 = EDGE_LOOP('',(#7584,#7585,#7593,#7599));
#7584 = ORIENTED_EDGE('',*,*,#7546,.F.);
#7585 = ORIENTED_EDGE('',*,*,#7586,.F.);
#7586 = EDGE_CURVE('',#7587,#7539,#7589,.T.);
#7587 = VERTEX_POINT('',#7588);
#7588 = CARTESIAN_POINT('',(1.5,2.730047464371,15.455032348633));
#7589 = LINE('',#7590,#7591);
#7590 = CARTESIAN_POINT('',(1.5,2.730047464371,15.455032348633));
#7591 = VECTOR('',#7592,1.);
#7592 = DIRECTION('',(0.,0.92387950102,0.382683508391));
#7593 = ORIENTED_EDGE('',*,*,#7594,.T.);
#7594 = EDGE_CURVE('',#7587,#3138,#7595,.T.);
#7595 = LINE('',#7596,#7597);
#7596 = CARTESIAN_POINT('',(1.5,2.730047464371,15.455032348633));
#7597 = VECTOR('',#7598,1.);
#7598 = DIRECTION('',(1.,0.,0.));
#7599 = ORIENTED_EDGE('',*,*,#3137,.F.);
#7600 = PLANE('',#7601);
#7601 = AXIS2_PLACEMENT_3D('',#7602,#7603,#7604);
#7602 = CARTESIAN_POINT('',(2.75,3.092481255531,15.605157375336));
#7603 = DIRECTION('',(0.,-0.382683508391,0.92387950102));
#7604 = DIRECTION('',(0.,0.92387950102,0.382683508391));
#7605 = ADVANCED_FACE('',(#7606),#7624,.T.);
#7606 = FACE_BOUND('',#7607,.T.);
#7607 = EDGE_LOOP('',(#7608,#7609,#7610,#7618));
#7608 = ORIENTED_EDGE('',*,*,#7563,.F.);
#7609 = ORIENTED_EDGE('',*,*,#3257,.F.);
#7610 = ORIENTED_EDGE('',*,*,#7611,.T.);
#7611 = EDGE_CURVE('',#3250,#7612,#7614,.T.);
#7612 = VERTEX_POINT('',#7613);
#7613 = CARTESIAN_POINT('',(1.5,2.06107378006,0.954914987087));
#7614 = LINE('',#7615,#7616);
#7615 = CARTESIAN_POINT('',(4.,2.06107378006,0.954914987087));
#7616 = VECTOR('',#7617,1.);
#7617 = DIRECTION('',(-1.,0.,0.));
#7618 = ORIENTED_EDGE('',*,*,#7619,.F.);
#7619 = EDGE_CURVE('',#7564,#7612,#7620,.T.);
#7620 = LINE('',#7621,#7622);
#7621 = CARTESIAN_POINT('',(1.5,2.730047464371,0.544967353344));
#7622 = VECTOR('',#7623,1.);
#7623 = DIRECTION('',(0.,-0.852640145757,0.522498595064));
#7624 = PLANE('',#7625);
#7625 = AXIS2_PLACEMENT_3D('',#7626,#7627,#7628);
#7626 = CARTESIAN_POINT('',(2.75,2.395560622215,0.749941170216));
#7627 = DIRECTION('',(-0.,-0.522498595064,-0.852640145757));
#7628 = DIRECTION('',(0.,-0.852640145757,0.522498595064));
#7629 = ADVANCED_FACE('',(#7630),#7648,.T.);
#7630 = FACE_BOUND('',#7631,.T.);
#7631 = EDGE_LOOP('',(#7632,#7633,#7641,#7647));
#7632 = ORIENTED_EDGE('',*,*,#7594,.F.);
#7633 = ORIENTED_EDGE('',*,*,#7634,.F.);
#7634 = EDGE_CURVE('',#7635,#7587,#7637,.T.);
#7635 = VERTEX_POINT('',#7636);
#7636 = CARTESIAN_POINT('',(1.5,2.06107378006,15.045084953308));
#7637 = LINE('',#7638,#7639);
#7638 = CARTESIAN_POINT('',(1.5,2.06107378006,15.045084953308));
#7639 = VECTOR('',#7640,1.);
#7640 = DIRECTION('',(0.,0.852640281134,0.522498374148));
#7641 = ORIENTED_EDGE('',*,*,#7642,.T.);
#7642 = EDGE_CURVE('',#7635,#3146,#7643,.T.);
#7643 = LINE('',#7644,#7645);
#7644 = CARTESIAN_POINT('',(1.5,2.06107378006,15.045084953308));
#7645 = VECTOR('',#7646,1.);
#7646 = DIRECTION('',(1.,0.,0.));
#7647 = ORIENTED_EDGE('',*,*,#3145,.F.);
#7648 = PLANE('',#7649);
#7649 = AXIS2_PLACEMENT_3D('',#7650,#7651,#7652);
#7650 = CARTESIAN_POINT('',(2.75,2.395560622215,15.25005865097));
#7651 = DIRECTION('',(0.,-0.522498374148,0.852640281134));
#7652 = DIRECTION('',(0.,0.852640281134,0.522498374148));
#7653 = ADVANCED_FACE('',(#7654),#7672,.T.);
#7654 = FACE_BOUND('',#7655,.T.);
#7655 = EDGE_LOOP('',(#7656,#7657,#7658,#7666));
#7656 = ORIENTED_EDGE('',*,*,#7611,.F.);
#7657 = ORIENTED_EDGE('',*,*,#3249,.F.);
#7658 = ORIENTED_EDGE('',*,*,#7659,.T.);
#7659 = EDGE_CURVE('',#3242,#7660,#7662,.T.);
#7660 = VERTEX_POINT('',#7661);
#7661 = CARTESIAN_POINT('',(1.5,1.464466094971,1.464466094971));
#7662 = LINE('',#7663,#7664);
#7663 = CARTESIAN_POINT('',(4.,1.464466094971,1.464466094971));
#7664 = VECTOR('',#7665,1.);
#7665 = DIRECTION('',(-1.,0.,0.));
#7666 = ORIENTED_EDGE('',*,*,#7667,.F.);
#7667 = EDGE_CURVE('',#7612,#7660,#7668,.T.);
#7668 = LINE('',#7669,#7670);
#7669 = CARTESIAN_POINT('',(1.5,2.06107378006,0.954914987087));
#7670 = VECTOR('',#7671,1.);
#7671 = DIRECTION('',(0.,-0.760405961037,0.649448053673));
#7672 = PLANE('',#7673);
#7673 = AXIS2_PLACEMENT_3D('',#7674,#7675,#7676);
#7674 = CARTESIAN_POINT('',(2.75,1.762769937515,1.209690541029));
#7675 = DIRECTION('',(-0.,-0.649448053673,-0.760405961037));
#7676 = DIRECTION('',(0.,-0.760405961037,0.649448053673));
#7677 = ADVANCED_FACE('',(#7678),#7696,.T.);
#7678 = FACE_BOUND('',#7679,.T.);
#7679 = EDGE_LOOP('',(#7680,#7681,#7689,#7695));
#7680 = ORIENTED_EDGE('',*,*,#7642,.F.);
#7681 = ORIENTED_EDGE('',*,*,#7682,.F.);
#7682 = EDGE_CURVE('',#7683,#7635,#7685,.T.);
#7683 = VERTEX_POINT('',#7684);
#7684 = CARTESIAN_POINT('',(1.5,1.464466094971,14.535533905029));
#7685 = LINE('',#7686,#7687);
#7686 = CARTESIAN_POINT('',(1.5,1.464466094971,14.535533905029));
#7687 = VECTOR('',#7688,1.);
#7688 = DIRECTION('',(0.,0.760405998554,0.649448009746));
#7689 = ORIENTED_EDGE('',*,*,#7690,.T.);
#7690 = EDGE_CURVE('',#7683,#3154,#7691,.T.);
#7691 = LINE('',#7692,#7693);
#7692 = CARTESIAN_POINT('',(1.5,1.464466094971,14.535533905029));
#7693 = VECTOR('',#7694,1.);
#7694 = DIRECTION('',(1.,0.,0.));
#7695 = ORIENTED_EDGE('',*,*,#3153,.F.);
#7696 = PLANE('',#7697);
#7697 = AXIS2_PLACEMENT_3D('',#7698,#7699,#7700);
#7698 = CARTESIAN_POINT('',(2.75,1.762769937515,14.790309429169));
#7699 = DIRECTION('',(0.,-0.649448009746,0.760405998554));
#7700 = DIRECTION('',(0.,0.760405998554,0.649448009746));
#7701 = ADVANCED_FACE('',(#7702),#7720,.T.);
#7702 = FACE_BOUND('',#7703,.T.);
#7703 = EDGE_LOOP('',(#7704,#7705,#7706,#7714));
#7704 = ORIENTED_EDGE('',*,*,#7659,.F.);
#7705 = ORIENTED_EDGE('',*,*,#3241,.F.);
#7706 = ORIENTED_EDGE('',*,*,#7707,.T.);
#7707 = EDGE_CURVE('',#3234,#7708,#7710,.T.);
#7708 = VERTEX_POINT('',#7709);
#7709 = CARTESIAN_POINT('',(1.5,0.954914987087,2.06107378006));
#7710 = LINE('',#7711,#7712);
#7711 = CARTESIAN_POINT('',(4.,0.954914987087,2.06107378006));
#7712 = VECTOR('',#7713,1.);
#7713 = DIRECTION('',(-1.,0.,0.));
#7714 = ORIENTED_EDGE('',*,*,#7715,.F.);
#7715 = EDGE_CURVE('',#7660,#7708,#7716,.T.);
#7716 = LINE('',#7717,#7718);
#7717 = CARTESIAN_POINT('',(1.5,1.464466094971,1.464466094971));
#7718 = VECTOR('',#7719,1.);
#7719 = DIRECTION('',(0.,-0.649448053673,0.760405961037));
#7720 = PLANE('',#7721);
#7721 = AXIS2_PLACEMENT_3D('',#7722,#7723,#7724);
#7722 = CARTESIAN_POINT('',(2.75,1.209690541029,1.762769937515));
#7723 = DIRECTION('',(-0.,-0.760405961037,-0.649448053673));
#7724 = DIRECTION('',(0.,0.649448053673,-0.760405961037));
#7725 = ADVANCED_FACE('',(#7726),#7744,.T.);
#7726 = FACE_BOUND('',#7727,.T.);
#7727 = EDGE_LOOP('',(#7728,#7729,#7737,#7743));
#7728 = ORIENTED_EDGE('',*,*,#7690,.F.);
#7729 = ORIENTED_EDGE('',*,*,#7730,.F.);
#7730 = EDGE_CURVE('',#7731,#7683,#7733,.T.);
#7731 = VERTEX_POINT('',#7732);
#7732 = CARTESIAN_POINT('',(1.5,0.954914987087,13.938925743103));
#7733 = LINE('',#7734,#7735);
#7734 = CARTESIAN_POINT('',(1.5,0.954914987087,13.938925743103));
#7735 = VECTOR('',#7736,1.);
#7736 = DIRECTION('',(0.,0.649447753538,0.760406217376));
#7737 = ORIENTED_EDGE('',*,*,#7738,.T.);
#7738 = EDGE_CURVE('',#7731,#3162,#7739,.T.);
#7739 = LINE('',#7740,#7741);
#7740 = CARTESIAN_POINT('',(1.5,0.954914987087,13.938925743103));
#7741 = VECTOR('',#7742,1.);
#7742 = DIRECTION('',(1.,0.,0.));
#7743 = ORIENTED_EDGE('',*,*,#3161,.F.);
#7744 = PLANE('',#7745);
#7745 = AXIS2_PLACEMENT_3D('',#7746,#7747,#7748);
#7746 = CARTESIAN_POINT('',(2.75,1.209690541029,14.237229824066));
#7747 = DIRECTION('',(0.,-0.760406217376,0.649447753538));
#7748 = DIRECTION('',(0.,-0.649447753538,-0.760406217376));
#7749 = ADVANCED_FACE('',(#7750),#7768,.T.);
#7750 = FACE_BOUND('',#7751,.T.);
#7751 = EDGE_LOOP('',(#7752,#7753,#7754,#7762));
#7752 = ORIENTED_EDGE('',*,*,#7707,.F.);
#7753 = ORIENTED_EDGE('',*,*,#3233,.F.);
#7754 = ORIENTED_EDGE('',*,*,#7755,.T.);
#7755 = EDGE_CURVE('',#3226,#7756,#7758,.T.);
#7756 = VERTEX_POINT('',#7757);
#7757 = CARTESIAN_POINT('',(1.5,0.544967353344,2.730047464371));
#7758 = LINE('',#7759,#7760);
#7759 = CARTESIAN_POINT('',(4.,0.544967353344,2.730047464371));
#7760 = VECTOR('',#7761,1.);
#7761 = DIRECTION('',(-1.,0.,0.));
#7762 = ORIENTED_EDGE('',*,*,#7763,.F.);
#7763 = EDGE_CURVE('',#7708,#7756,#7764,.T.);
#7764 = LINE('',#7765,#7766);
#7765 = CARTESIAN_POINT('',(1.5,0.954914987087,2.06107378006));
#7766 = VECTOR('',#7767,1.);
#7767 = DIRECTION('',(0.,-0.522498595064,0.852640145757));
#7768 = PLANE('',#7769);
#7769 = AXIS2_PLACEMENT_3D('',#7770,#7771,#7772);
#7770 = CARTESIAN_POINT('',(2.75,0.749941170216,2.395560622215));
#7771 = DIRECTION('',(-0.,-0.852640145757,-0.522498595064));
#7772 = DIRECTION('',(0.,0.522498595064,-0.852640145757));
#7773 = ADVANCED_FACE('',(#7774),#7792,.T.);
#7774 = FACE_BOUND('',#7775,.T.);
#7775 = EDGE_LOOP('',(#7776,#7777,#7785,#7791));
#7776 = ORIENTED_EDGE('',*,*,#7738,.F.);
#7777 = ORIENTED_EDGE('',*,*,#7778,.F.);
#7778 = EDGE_CURVE('',#7779,#7731,#7781,.T.);
#7779 = VERTEX_POINT('',#7780);
#7780 = CARTESIAN_POINT('',(1.5,0.544967353344,13.269952774048));
#7781 = LINE('',#7782,#7783);
#7782 = CARTESIAN_POINT('',(1.5,0.544967353344,13.269952774048));
#7783 = VECTOR('',#7784,1.);
#7784 = DIRECTION('',(0.,0.522499001198,0.852639896877));
#7785 = ORIENTED_EDGE('',*,*,#7786,.T.);
#7786 = EDGE_CURVE('',#7779,#3170,#7787,.T.);
#7787 = LINE('',#7788,#7789);
#7788 = CARTESIAN_POINT('',(1.5,0.544967353344,13.269952774048));
#7789 = VECTOR('',#7790,1.);
#7790 = DIRECTION('',(1.,0.,0.));
#7791 = ORIENTED_EDGE('',*,*,#3169,.F.);
#7792 = PLANE('',#7793);
#7793 = AXIS2_PLACEMENT_3D('',#7794,#7795,#7796);
#7794 = CARTESIAN_POINT('',(2.75,0.749941170216,13.604439258575));
#7795 = DIRECTION('',(0.,-0.852639896877,0.522499001198));
#7796 = DIRECTION('',(0.,-0.522499001198,-0.852639896877));
#7797 = ADVANCED_FACE('',(#7798),#7816,.T.);
#7798 = FACE_BOUND('',#7799,.T.);
#7799 = EDGE_LOOP('',(#7800,#7801,#7802,#7810));
#7800 = ORIENTED_EDGE('',*,*,#7755,.F.);
#7801 = ORIENTED_EDGE('',*,*,#3225,.F.);
#7802 = ORIENTED_EDGE('',*,*,#7803,.T.);
#7803 = EDGE_CURVE('',#3218,#7804,#7806,.T.);
#7804 = VERTEX_POINT('',#7805);
#7805 = CARTESIAN_POINT('',(1.5,0.244717404246,3.454915046692));
#7806 = LINE('',#7807,#7808);
#7807 = CARTESIAN_POINT('',(4.,0.244717404246,3.454915046692));
#7808 = VECTOR('',#7809,1.);
#7809 = DIRECTION('',(-1.,0.,0.));
#7810 = ORIENTED_EDGE('',*,*,#7811,.F.);
#7811 = EDGE_CURVE('',#7756,#7804,#7812,.T.);
#7812 = LINE('',#7813,#7814);
#7813 = CARTESIAN_POINT('',(1.5,0.544967353344,2.730047464371));
#7814 = VECTOR('',#7815,1.);
#7815 = DIRECTION('',(0.,-0.382683394915,0.923879548024));
#7816 = PLANE('',#7817);
#7817 = AXIS2_PLACEMENT_3D('',#7818,#7819,#7820);
#7818 = CARTESIAN_POINT('',(2.75,0.394842378795,3.092481255531));
#7819 = DIRECTION('',(-0.,-0.923879548024,-0.382683394915));
#7820 = DIRECTION('',(0.,0.382683394915,-0.923879548024));
#7821 = ADVANCED_FACE('',(#7822),#7840,.T.);
#7822 = FACE_BOUND('',#7823,.T.);
#7823 = EDGE_LOOP('',(#7824,#7825,#7833,#7839));
#7824 = ORIENTED_EDGE('',*,*,#7786,.F.);
#7825 = ORIENTED_EDGE('',*,*,#7826,.F.);
#7826 = EDGE_CURVE('',#7827,#7779,#7829,.T.);
#7827 = VERTEX_POINT('',#7828);
#7828 = CARTESIAN_POINT('',(1.5,0.244717404246,12.545084953308));
#7829 = LINE('',#7830,#7831);
#7830 = CARTESIAN_POINT('',(1.5,0.244717404246,12.545084953308));
#7831 = VECTOR('',#7832,1.);
#7832 = DIRECTION('',(0.,0.382683287478,0.923879592525));
#7833 = ORIENTED_EDGE('',*,*,#7834,.T.);
#7834 = EDGE_CURVE('',#7827,#3178,#7835,.T.);
#7835 = LINE('',#7836,#7837);
#7836 = CARTESIAN_POINT('',(1.5,0.244717404246,12.545084953308));
#7837 = VECTOR('',#7838,1.);
#7838 = DIRECTION('',(1.,0.,0.));
#7839 = ORIENTED_EDGE('',*,*,#3177,.F.);
#7840 = PLANE('',#7841);
#7841 = AXIS2_PLACEMENT_3D('',#7842,#7843,#7844);
#7842 = CARTESIAN_POINT('',(2.75,0.394842378795,12.907518863678));
#7843 = DIRECTION('',(0.,-0.923879592525,0.382683287478));
#7844 = DIRECTION('',(0.,-0.382683287478,-0.923879592525));
#7845 = ADVANCED_FACE('',(#7846),#7864,.T.);
#7846 = FACE_BOUND('',#7847,.T.);
#7847 = EDGE_LOOP('',(#7848,#7849,#7850,#7858));
#7848 = ORIENTED_EDGE('',*,*,#7803,.F.);
#7849 = ORIENTED_EDGE('',*,*,#3217,.F.);
#7850 = ORIENTED_EDGE('',*,*,#7851,.T.);
#7851 = EDGE_CURVE('',#3210,#7852,#7854,.T.);
#7852 = VERTEX_POINT('',#7853);
#7853 = CARTESIAN_POINT('',(1.5,6.155829876661E-02,4.217827796936));
#7854 = LINE('',#7855,#7856);
#7855 = CARTESIAN_POINT('',(4.,6.155829876661E-02,4.217827796936));
#7856 = VECTOR('',#7857,1.);
#7857 = DIRECTION('',(-1.,0.,0.));
#7858 = ORIENTED_EDGE('',*,*,#7859,.F.);
#7859 = EDGE_CURVE('',#7804,#7852,#7860,.T.);
#7860 = LINE('',#7861,#7862);
#7861 = CARTESIAN_POINT('',(1.5,0.244717404246,3.454915046692));
#7862 = VECTOR('',#7863,1.);
#7863 = DIRECTION('',(0.,-0.233445314585,0.972369932226));
#7864 = PLANE('',#7865);
#7865 = AXIS2_PLACEMENT_3D('',#7866,#7867,#7868);
#7866 = CARTESIAN_POINT('',(2.75,0.153137851506,3.836371421814));
#7867 = DIRECTION('',(-0.,-0.972369932226,-0.233445314585));
#7868 = DIRECTION('',(0.,0.233445314585,-0.972369932226));
#7869 = ADVANCED_FACE('',(#7870),#7888,.T.);
#7870 = FACE_BOUND('',#7871,.T.);
#7871 = EDGE_LOOP('',(#7872,#7873,#7881,#7887));
#7872 = ORIENTED_EDGE('',*,*,#7834,.F.);
#7873 = ORIENTED_EDGE('',*,*,#7874,.F.);
#7874 = EDGE_CURVE('',#7875,#7827,#7877,.T.);
#7875 = VERTEX_POINT('',#7876);
#7876 = CARTESIAN_POINT('',(1.5,6.155829876661E-02,11.782172203064));
#7877 = LINE('',#7878,#7879);
#7878 = CARTESIAN_POINT('',(1.5,6.155829876661E-02,11.782172203064));
#7879 = VECTOR('',#7880,1.);
#7880 = DIRECTION('',(0.,0.233445314585,0.972369932226));
#7881 = ORIENTED_EDGE('',*,*,#7882,.T.);
#7882 = EDGE_CURVE('',#7875,#3186,#7883,.T.);
#7883 = LINE('',#7884,#7885);
#7884 = CARTESIAN_POINT('',(1.5,6.155829876661E-02,11.782172203064));
#7885 = VECTOR('',#7886,1.);
#7886 = DIRECTION('',(1.,0.,0.));
#7887 = ORIENTED_EDGE('',*,*,#3185,.F.);
#7888 = PLANE('',#7889);
#7889 = AXIS2_PLACEMENT_3D('',#7890,#7891,#7892);
#7890 = CARTESIAN_POINT('',(2.75,0.153137851506,12.163628578186));
#7891 = DIRECTION('',(0.,-0.972369932226,0.233445314585));
#7892 = DIRECTION('',(0.,-0.233445314585,-0.972369932226));
#7893 = ADVANCED_FACE('',(#7894),#7912,.T.);
#7894 = FACE_BOUND('',#7895,.T.);
#7895 = EDGE_LOOP('',(#7896,#7897,#7898,#7906));
#7896 = ORIENTED_EDGE('',*,*,#7851,.F.);
#7897 = ORIENTED_EDGE('',*,*,#3209,.F.);
#7898 = ORIENTED_EDGE('',*,*,#7899,.F.);
#7899 = EDGE_CURVE('',#7900,#3202,#7902,.T.);
#7900 = VERTEX_POINT('',#7901);
#7901 = CARTESIAN_POINT('',(1.5,0.,5.));
#7902 = LINE('',#7903,#7904);
#7903 = CARTESIAN_POINT('',(1.5,3.1E-16,5.));
#7904 = VECTOR('',#7905,1.);
#7905 = DIRECTION('',(1.,0.,0.));
#7906 = ORIENTED_EDGE('',*,*,#7907,.F.);
#7907 = EDGE_CURVE('',#7852,#7900,#7908,.T.);
#7908 = LINE('',#7909,#7910);
#7909 = CARTESIAN_POINT('',(1.5,6.155829876661E-02,4.217827796936));
#7910 = VECTOR('',#7911,1.);
#7911 = DIRECTION('',(0.,-7.845911011089E-02,0.996917332601));
#7912 = PLANE('',#7913);
#7913 = AXIS2_PLACEMENT_3D('',#7914,#7915,#7916);
#7914 = CARTESIAN_POINT('',(2.75,3.077914938331E-02,4.608913898468));
#7915 = DIRECTION('',(-0.,-0.996917332601,-7.845911011089E-02));
#7916 = DIRECTION('',(0.,7.845911011089E-02,-0.996917332601));
#7917 = ADVANCED_FACE('',(#7918),#7936,.T.);
#7918 = FACE_BOUND('',#7919,.T.);
#7919 = EDGE_LOOP('',(#7920,#7921,#7929,#7935));
#7920 = ORIENTED_EDGE('',*,*,#7882,.F.);
#7921 = ORIENTED_EDGE('',*,*,#7922,.F.);
#7922 = EDGE_CURVE('',#7923,#7875,#7925,.T.);
#7923 = VERTEX_POINT('',#7924);
#7924 = CARTESIAN_POINT('',(1.5,0.,11.));
#7925 = LINE('',#7926,#7927);
#7926 = CARTESIAN_POINT('',(1.5,3.1E-16,11.));
#7927 = VECTOR('',#7928,1.);
#7928 = DIRECTION('',(0.,7.845911011089E-02,0.996917332601));
#7929 = ORIENTED_EDGE('',*,*,#7930,.F.);
#7930 = EDGE_CURVE('',#3194,#7923,#7931,.T.);
#7931 = LINE('',#7932,#7933);
#7932 = CARTESIAN_POINT('',(4.,3.1E-16,11.));
#7933 = VECTOR('',#7934,1.);
#7934 = DIRECTION('',(-1.,0.,0.));
#7935 = ORIENTED_EDGE('',*,*,#3193,.F.);
#7936 = PLANE('',#7937);
#7937 = AXIS2_PLACEMENT_3D('',#7938,#7939,#7940);
#7938 = CARTESIAN_POINT('',(2.75,3.077914938331E-02,11.391086101532));
#7939 = DIRECTION('',(0.,-0.996917332601,7.845911011089E-02));
#7940 = DIRECTION('',(0.,-7.845911011089E-02,-0.996917332601));
#7941 = ADVANCED_FACE('',(#7942),#7953,.T.);
#7942 = FACE_BOUND('',#7943,.T.);
#7943 = EDGE_LOOP('',(#7944,#7945,#7946,#7947));
#7944 = ORIENTED_EDGE('',*,*,#7899,.T.);
#7945 = ORIENTED_EDGE('',*,*,#3201,.T.);
#7946 = ORIENTED_EDGE('',*,*,#7930,.T.);
#7947 = ORIENTED_EDGE('',*,*,#7948,.F.);
#7948 = EDGE_CURVE('',#7900,#7923,#7949,.T.);
#7949 = LINE('',#7950,#7951);
#7950 = CARTESIAN_POINT('',(1.5,3.1E-16,5.));
#7951 = VECTOR('',#7952,1.);
#7952 = DIRECTION('',(0.,0.,1.));
#7953 = PLANE('',#7954);
#7954 = AXIS2_PLACEMENT_3D('',#7955,#7956,#7957);
#7955 = CARTESIAN_POINT('',(2.75,3.1E-16,8.));
#7956 = DIRECTION('',(-0.,-1.,-0.));
#7957 = DIRECTION('',(0.,0.,-1.));
#7958 = ADVANCED_FACE('',(#7959),#7978,.F.);
#7959 = FACE_BOUND('',#7960,.F.);
#7960 = EDGE_LOOP('',(#7961,#7970,#7976,#7977));
#7961 = ORIENTED_EDGE('',*,*,#7962,.F.);
#7962 = EDGE_CURVE('',#7963,#7963,#7965,.T.);
#7963 = VERTEX_POINT('',#7964);
#7964 = CARTESIAN_POINT('',(1.5,4.749999624246,8.));
#7965 = CIRCLE('',#7966,3.75);
#7966 = AXIS2_PLACEMENT_3D('',#7967,#7968,#7969);
#7967 = CARTESIAN_POINT('',(1.5,8.499999624246,8.));
#7968 = DIRECTION('',(-1.,0.,0.));
#7969 = DIRECTION('',(0.,-1.,0.));
#7970 = ORIENTED_EDGE('',*,*,#7971,.T.);
#7971 = EDGE_CURVE('',#7963,#3291,#7972,.T.);
#7972 = LINE('',#7973,#7974);
#7973 = CARTESIAN_POINT('',(1.5,4.749999624246,8.));
#7974 = VECTOR('',#7975,1.);
#7975 = DIRECTION('',(1.,0.,0.));
#7976 = ORIENTED_EDGE('',*,*,#3290,.T.);
#7977 = ORIENTED_EDGE('',*,*,#7971,.F.);
#7978 = CYLINDRICAL_SURFACE('',#7979,3.75);
#7979 = AXIS2_PLACEMENT_3D('',#7980,#7981,#7982);
#7980 = CARTESIAN_POINT('',(1.5,8.499999624246,8.));
#7981 = DIRECTION('',(-1.,0.,0.));
#7982 = DIRECTION('',(0.,-1.,0.));
#7983 = ADVANCED_FACE('',(#7984),#8009,.T.);
#7984 = FACE_BOUND('',#7985,.T.);
#7985 = EDGE_LOOP('',(#7986,#7994,#8002,#8008));
#7986 = ORIENTED_EDGE('',*,*,#7987,.F.);
#7987 = EDGE_CURVE('',#7988,#5196,#7990,.T.);
#7988 = VERTEX_POINT('',#7989);
#7989 = CARTESIAN_POINT('',(1.475376844406,14.31286907196,11.25));
#7990 = LINE('',#7991,#7992);
#7991 = CARTESIAN_POINT('',(1.475376844406,14.31286907196,10.5));
#7992 = VECTOR('',#7993,1.);
#7993 = DIRECTION('',(0.,0.,1.));
#7994 = ORIENTED_EDGE('',*,*,#7995,.T.);
#7995 = EDGE_CURVE('',#7988,#7996,#7998,.T.);
#7996 = VERTEX_POINT('',#7997);
#7997 = CARTESIAN_POINT('',(1.5,14.,11.25));
#7998 = LINE('',#7999,#8000);
#7999 = CARTESIAN_POINT('',(1.493844211102,14.07821726799,11.25));
#8000 = VECTOR('',#8001,1.);
#8001 = DIRECTION('',(7.845854350215E-02,-0.996917377194,0.));
#8002 = ORIENTED_EDGE('',*,*,#8003,.F.);
#8003 = EDGE_CURVE('',#5204,#7996,#8004,.T.);
#8004 = LINE('',#8005,#8006);
#8005 = CARTESIAN_POINT('',(1.5,14.,16.));
#8006 = VECTOR('',#8007,1.);
#8007 = DIRECTION('',(0.,0.,-1.));
#8008 = ORIENTED_EDGE('',*,*,#5203,.F.);
#8009 = PLANE('',#8010);
#8010 = AXIS2_PLACEMENT_3D('',#8011,#8012,#8013);
#8011 = CARTESIAN_POINT('',(1.487688422203,14.15643453598,13.25));
#8012 = DIRECTION('',(-0.996917377194,-7.845854350215E-02,-0.));
#8013 = DIRECTION('',(7.845854350215E-02,-0.996917377194,0.));
#8014 = ADVANCED_FACE('',(#8015),#8064,.T.);
#8015 = FACE_BOUND('',#8016,.T.);
#8016 = EDGE_LOOP('',(#8017,#8023,#8024,#8025,#8026,#8027,#8028,#8029,
    #8030,#8031,#8032,#8033,#8034,#8035,#8036,#8037,#8038,#8039,#8040,
    #8041,#8042,#8043,#8044,#8045,#8046,#8047,#8048,#8049,#8050,#8051,
    #8052,#8053,#8054,#8055,#8056,#8057,#8058,#8059,#8060,#8061,#8062,
    #8063));
#8017 = ORIENTED_EDGE('',*,*,#8018,.F.);
#8018 = EDGE_CURVE('',#4300,#3341,#8019,.T.);
#8019 = LINE('',#8020,#8021);
#8020 = CARTESIAN_POINT('',(1.5,24.5,4.75));
#8021 = VECTOR('',#8022,1.);
#8022 = DIRECTION('',(0.,-1.,0.));
#8023 = ORIENTED_EDGE('',*,*,#4299,.F.);
#8024 = ORIENTED_EDGE('',*,*,#4275,.F.);
#8025 = ORIENTED_EDGE('',*,*,#4251,.F.);
#8026 = ORIENTED_EDGE('',*,*,#4227,.F.);
#8027 = ORIENTED_EDGE('',*,*,#4203,.F.);
#8028 = ORIENTED_EDGE('',*,*,#4179,.F.);
#8029 = ORIENTED_EDGE('',*,*,#4155,.F.);
#8030 = ORIENTED_EDGE('',*,*,#4131,.F.);
#8031 = ORIENTED_EDGE('',*,*,#4107,.F.);
#8032 = ORIENTED_EDGE('',*,*,#4084,.F.);
#8033 = ORIENTED_EDGE('',*,*,#4059,.F.);
#8034 = ORIENTED_EDGE('',*,*,#4035,.F.);
#8035 = ORIENTED_EDGE('',*,*,#4011,.F.);
#8036 = ORIENTED_EDGE('',*,*,#3987,.F.);
#8037 = ORIENTED_EDGE('',*,*,#3963,.F.);
#8038 = ORIENTED_EDGE('',*,*,#3939,.F.);
#8039 = ORIENTED_EDGE('',*,*,#3915,.F.);
#8040 = ORIENTED_EDGE('',*,*,#3891,.F.);
#8041 = ORIENTED_EDGE('',*,*,#3867,.F.);
#8042 = ORIENTED_EDGE('',*,*,#3843,.F.);
#8043 = ORIENTED_EDGE('',*,*,#3820,.F.);
#8044 = ORIENTED_EDGE('',*,*,#3804,.F.);
#8045 = ORIENTED_EDGE('',*,*,#3780,.F.);
#8046 = ORIENTED_EDGE('',*,*,#3756,.F.);
#8047 = ORIENTED_EDGE('',*,*,#3732,.F.);
#8048 = ORIENTED_EDGE('',*,*,#3708,.F.);
#8049 = ORIENTED_EDGE('',*,*,#3684,.F.);
#8050 = ORIENTED_EDGE('',*,*,#3660,.F.);
#8051 = ORIENTED_EDGE('',*,*,#3636,.F.);
#8052 = ORIENTED_EDGE('',*,*,#3612,.F.);
#8053 = ORIENTED_EDGE('',*,*,#3588,.F.);
#8054 = ORIENTED_EDGE('',*,*,#3554,.F.);
#8055 = ORIENTED_EDGE('',*,*,#3540,.F.);
#8056 = ORIENTED_EDGE('',*,*,#3516,.F.);
#8057 = ORIENTED_EDGE('',*,*,#3492,.F.);
#8058 = ORIENTED_EDGE('',*,*,#3468,.F.);
#8059 = ORIENTED_EDGE('',*,*,#3444,.F.);
#8060 = ORIENTED_EDGE('',*,*,#3420,.F.);
#8061 = ORIENTED_EDGE('',*,*,#3396,.F.);
#8062 = ORIENTED_EDGE('',*,*,#3372,.F.);
#8063 = ORIENTED_EDGE('',*,*,#3348,.F.);
#8064 = PLANE('',#8065);
#8065 = AXIS2_PLACEMENT_3D('',#8066,#8067,#8068);
#8066 = CARTESIAN_POINT('',(1.5,24.5,4.75));
#8067 = DIRECTION('',(0.,0.,1.));
#8068 = DIRECTION('',(0.,-1.,0.));
#8069 = ADVANCED_FACE('',(#8070),#8095,.T.);
#8070 = FACE_BOUND('',#8071,.T.);
#8071 = EDGE_LOOP('',(#8072,#8080,#8081,#8089));
#8072 = ORIENTED_EDGE('',*,*,#8073,.F.);
#8073 = EDGE_CURVE('',#4884,#8074,#8076,.T.);
#8074 = VERTEX_POINT('',#8075);
#8075 = CARTESIAN_POINT('',(1.475376844406,24.187129974365,11.25));
#8076 = LINE('',#8077,#8078);
#8077 = CARTESIAN_POINT('',(1.475376844406,24.187129974365,16.));
#8078 = VECTOR('',#8079,1.);
#8079 = DIRECTION('',(0.,0.,-1.));
#8080 = ORIENTED_EDGE('',*,*,#4883,.F.);
#8081 = ORIENTED_EDGE('',*,*,#8082,.F.);
#8082 = EDGE_CURVE('',#8083,#4876,#8085,.T.);
#8083 = VERTEX_POINT('',#8084);
#8084 = CARTESIAN_POINT('',(1.5,24.5,11.25));
#8085 = LINE('',#8086,#8087);
#8086 = CARTESIAN_POINT('',(1.5,24.5,10.5));
#8087 = VECTOR('',#8088,1.);
#8088 = DIRECTION('',(0.,0.,1.));
#8089 = ORIENTED_EDGE('',*,*,#8090,.T.);
#8090 = EDGE_CURVE('',#8083,#8074,#8091,.T.);
#8091 = LINE('',#8092,#8093);
#8092 = CARTESIAN_POINT('',(1.083207848991,19.204099948791,11.25));
#8093 = VECTOR('',#8094,1.);
#8094 = DIRECTION('',(-7.845830582101E-02,-0.9969173959,-0.));
#8095 = PLANE('',#8096);
#8096 = AXIS2_PLACEMENT_3D('',#8097,#8098,#8099);
#8097 = CARTESIAN_POINT('',(1.487688422203,24.343564987183,13.25));
#8098 = DIRECTION('',(-0.9969173959,7.845830582101E-02,0.));
#8099 = DIRECTION('',(-7.845830582101E-02,-0.9969173959,0.));
#8100 = ADVANCED_FACE('',(#8101),#8107,.T.);
#8101 = FACE_BOUND('',#8102,.T.);
#8102 = EDGE_LOOP('',(#8103,#8104,#8105,#8106));
#8103 = ORIENTED_EDGE('',*,*,#4694,.F.);
#8104 = ORIENTED_EDGE('',*,*,#5239,.F.);
#8105 = ORIENTED_EDGE('',*,*,#4595,.T.);
#8106 = ORIENTED_EDGE('',*,*,#5671,.T.);
#8107 = PLANE('',#8108);
#8108 = AXIS2_PLACEMENT_3D('',#8109,#8110,#8111);
#8109 = CARTESIAN_POINT('',(25.050000190735,65.,15.224999904633));
#8110 = DIRECTION('',(-0.,-1.,-0.));
#8111 = DIRECTION('',(0.,0.,-1.));
#8112 = ADVANCED_FACE('',(#8113),#8118,.T.);
#8113 = FACE_BOUND('',#8114,.T.);
#8114 = EDGE_LOOP('',(#8115,#8116,#8117));
#8115 = ORIENTED_EDGE('',*,*,#4758,.F.);
#8116 = ORIENTED_EDGE('',*,*,#4827,.T.);
#8117 = ORIENTED_EDGE('',*,*,#7472,.T.);
#8118 = PLANE('',#8119);
#8119 = AXIS2_PLACEMENT_3D('',#8120,#8121,#8122);
#8120 = CARTESIAN_POINT('',(30.738516902225,33.241357801995,
    14.804721534811));
#8121 = DIRECTION('',(-0.243205751193,-0.969974722653,-0.));
#8122 = DIRECTION('',(-0.969974722653,0.243205751193,0.));
#8123 = ADVANCED_FACE('',(#8124),#8142,.T.);
#8124 = FACE_BOUND('',#8125,.T.);
#8125 = EDGE_LOOP('',(#8126,#8134,#8135,#8136));
#8126 = ORIENTED_EDGE('',*,*,#8127,.F.);
#8127 = EDGE_CURVE('',#4892,#8128,#8130,.T.);
#8128 = VERTEX_POINT('',#8129);
#8129 = CARTESIAN_POINT('',(1.402113199234,23.881965637207,11.25));
#8130 = LINE('',#8131,#8132);
#8131 = CARTESIAN_POINT('',(1.402113199234,23.881965637207,16.));
#8132 = VECTOR('',#8133,1.);
#8133 = DIRECTION('',(0.,0.,-1.));
#8134 = ORIENTED_EDGE('',*,*,#4891,.F.);
#8135 = ORIENTED_EDGE('',*,*,#8073,.T.);
#8136 = ORIENTED_EDGE('',*,*,#8137,.T.);
#8137 = EDGE_CURVE('',#8074,#8128,#8138,.T.);
#8138 = LINE('',#8139,#8140);
#8139 = CARTESIAN_POINT('',(0.301514432362,19.297652470962,11.25));
#8140 = VECTOR('',#8141,1.);
#8141 = DIRECTION('',(-0.233445875393,-0.972369797588,-0.));
#8142 = PLANE('',#8143);
#8143 = AXIS2_PLACEMENT_3D('',#8144,#8145,#8146);
#8144 = CARTESIAN_POINT('',(1.43874502182,24.034547805786,13.25));
#8145 = DIRECTION('',(-0.972369797588,0.233445875393,0.));
#8146 = DIRECTION('',(-0.233445875393,-0.972369797588,0.));
#8147 = ADVANCED_FACE('',(#8148),#8166,.T.);
#8148 = FACE_BOUND('',#8149,.T.);
#8149 = EDGE_LOOP('',(#8150,#8158,#8159,#8160));
#8150 = ORIENTED_EDGE('',*,*,#8151,.F.);
#8151 = EDGE_CURVE('',#4900,#8152,#8154,.T.);
#8152 = VERTEX_POINT('',#8153);
#8153 = CARTESIAN_POINT('',(1.282013177872,23.59202003479,11.25));
#8154 = LINE('',#8155,#8156);
#8155 = CARTESIAN_POINT('',(1.282013177872,23.59202003479,16.));
#8156 = VECTOR('',#8157,1.);
#8157 = DIRECTION('',(0.,0.,-1.));
#8158 = ORIENTED_EDGE('',*,*,#4899,.F.);
#8159 = ORIENTED_EDGE('',*,*,#8127,.T.);
#8160 = ORIENTED_EDGE('',*,*,#8161,.T.);
#8161 = EDGE_CURVE('',#8128,#8152,#8162,.T.);
#8162 = LINE('',#8163,#8164);
#8163 = CARTESIAN_POINT('',(-0.367651758083,19.609397149164,11.25));
#8164 = VECTOR('',#8165,1.);
#8165 = DIRECTION('',(-0.382685119945,-0.923878833491,-0.));
#8166 = PLANE('',#8167);
#8167 = AXIS2_PLACEMENT_3D('',#8168,#8169,#8170);
#8168 = CARTESIAN_POINT('',(1.342063188553,23.736992835999,13.25));
#8169 = DIRECTION('',(-0.923878833491,0.382685119945,0.));
#8170 = DIRECTION('',(-0.382685119945,-0.923878833491,0.));
#8171 = ADVANCED_FACE('',(#8172),#8190,.T.);
#8172 = FACE_BOUND('',#8173,.T.);
#8173 = EDGE_LOOP('',(#8174,#8182,#8183,#8184));
#8174 = ORIENTED_EDGE('',*,*,#8175,.F.);
#8175 = EDGE_CURVE('',#4908,#8176,#8178,.T.);
#8176 = VERTEX_POINT('',#8177);
#8177 = CARTESIAN_POINT('',(1.118034124374,23.324430465698,11.25));
#8178 = LINE('',#8179,#8180);
#8179 = CARTESIAN_POINT('',(1.118034124374,23.324430465698,16.));
#8180 = VECTOR('',#8181,1.);
#8181 = DIRECTION('',(0.,0.,-1.));
#8182 = ORIENTED_EDGE('',*,*,#4907,.F.);
#8183 = ORIENTED_EDGE('',*,*,#8151,.T.);
#8184 = ORIENTED_EDGE('',*,*,#8185,.T.);
#8185 = EDGE_CURVE('',#8152,#8176,#8186,.T.);
#8186 = LINE('',#8187,#8188);
#8187 = CARTESIAN_POINT('',(-0.865863718089,20.087002529235,11.25));
#8188 = VECTOR('',#8189,1.);
#8189 = DIRECTION('',(-0.522498459686,-0.852640228716,-0.));
#8190 = PLANE('',#8191);
#8191 = AXIS2_PLACEMENT_3D('',#8192,#8193,#8194);
#8192 = CARTESIAN_POINT('',(1.200023651123,23.458225250244,13.25));
#8193 = DIRECTION('',(-0.852640228716,0.522498459686,0.));
#8194 = DIRECTION('',(-0.522498459686,-0.852640228716,0.));
#8195 = ADVANCED_FACE('',(#8196),#8214,.T.);
#8196 = FACE_BOUND('',#8197,.T.);
#8197 = EDGE_LOOP('',(#8198,#8206,#8207,#8208));
#8198 = ORIENTED_EDGE('',*,*,#8199,.F.);
#8199 = EDGE_CURVE('',#4916,#8200,#8202,.T.);
#8200 = VERTEX_POINT('',#8201);
#8201 = CARTESIAN_POINT('',(0.914213657379,23.085786819458,11.25));
#8202 = LINE('',#8203,#8204);
#8203 = CARTESIAN_POINT('',(0.914213657379,23.085786819458,16.));
#8204 = VECTOR('',#8205,1.);
#8205 = DIRECTION('',(0.,0.,-1.));
#8206 = ORIENTED_EDGE('',*,*,#4915,.F.);
#8207 = ORIENTED_EDGE('',*,*,#8175,.T.);
#8208 = ORIENTED_EDGE('',*,*,#8209,.T.);
#8209 = EDGE_CURVE('',#8176,#8200,#8210,.T.);
#8210 = LINE('',#8211,#8212);
#8211 = CARTESIAN_POINT('',(-1.154774888518,20.663306987569,11.25));
#8212 = VECTOR('',#8213,1.);
#8213 = DIRECTION('',(-0.649447197195,-0.760406692537,-0.));
#8214 = PLANE('',#8215);
#8215 = AXIS2_PLACEMENT_3D('',#8216,#8217,#8218);
#8216 = CARTESIAN_POINT('',(1.016123890877,23.205108642578,13.25));
#8217 = DIRECTION('',(-0.760406692537,0.649447197195,0.));
#8218 = DIRECTION('',(-0.649447197195,-0.760406692537,0.));
#8219 = ADVANCED_FACE('',(#8220),#8238,.T.);
#8220 = FACE_BOUND('',#8221,.T.);
#8221 = EDGE_LOOP('',(#8222,#8230,#8231,#8232));
#8222 = ORIENTED_EDGE('',*,*,#8223,.F.);
#8223 = EDGE_CURVE('',#4924,#8224,#8226,.T.);
#8224 = VERTEX_POINT('',#8225);
#8225 = CARTESIAN_POINT('',(0.675570726395,22.881965637207,11.25));
#8226 = LINE('',#8227,#8228);
#8227 = CARTESIAN_POINT('',(0.675570726395,22.881965637207,16.));
#8228 = VECTOR('',#8229,1.);
#8229 = DIRECTION('',(0.,0.,-1.));
#8230 = ORIENTED_EDGE('',*,*,#4923,.F.);
#8231 = ORIENTED_EDGE('',*,*,#8199,.T.);
#8232 = ORIENTED_EDGE('',*,*,#8233,.T.);
#8233 = EDGE_CURVE('',#8200,#8224,#8234,.T.);
#8234 = LINE('',#8235,#8236);
#8235 = CARTESIAN_POINT('',(-1.219574716825,21.263351655301,11.25));
#8236 = VECTOR('',#8237,1.);
#8237 = DIRECTION('',(-0.760404605759,-0.649449640496,-0.));
#8238 = PLANE('',#8239);
#8239 = AXIS2_PLACEMENT_3D('',#8240,#8241,#8242);
#8240 = CARTESIAN_POINT('',(0.794892191887,22.983876228333,13.25));
#8241 = DIRECTION('',(-0.649449640496,0.760404605759,0.));
#8242 = DIRECTION('',(0.760404605759,0.649449640496,0.));
#8243 = ADVANCED_FACE('',(#8244),#8262,.T.);
#8244 = FACE_BOUND('',#8245,.T.);
#8245 = EDGE_LOOP('',(#8246,#8254,#8255,#8256));
#8246 = ORIENTED_EDGE('',*,*,#8247,.F.);
#8247 = EDGE_CURVE('',#4932,#8248,#8250,.T.);
#8248 = VERTEX_POINT('',#8249);
#8249 = CARTESIAN_POINT('',(0.407981157303,22.717987060547,11.25));
#8250 = LINE('',#8251,#8252);
#8251 = CARTESIAN_POINT('',(0.407981157303,22.717987060547,16.));
#8252 = VECTOR('',#8253,1.);
#8253 = DIRECTION('',(0.,0.,-1.));
#8254 = ORIENTED_EDGE('',*,*,#4931,.F.);
#8255 = ORIENTED_EDGE('',*,*,#8223,.T.);
#8256 = ORIENTED_EDGE('',*,*,#8257,.T.);
#8257 = EDGE_CURVE('',#8224,#8248,#8258,.T.);
#8258 = LINE('',#8259,#8260);
#8259 = CARTESIAN_POINT('',(-1.070117534256,21.812209901789,11.25));
#8260 = VECTOR('',#8261,1.);
#8261 = DIRECTION('',(-0.852640905605,-0.522497355102,-0.));
#8262 = PLANE('',#8263);
#8263 = AXIS2_PLACEMENT_3D('',#8264,#8265,#8266);
#8264 = CARTESIAN_POINT('',(0.541775941849,22.799976348877,13.25));
#8265 = DIRECTION('',(-0.522497355102,0.852640905605,0.));
#8266 = DIRECTION('',(0.852640905605,0.522497355102,0.));
#8267 = ADVANCED_FACE('',(#8268),#8286,.T.);
#8268 = FACE_BOUND('',#8269,.T.);
#8269 = EDGE_LOOP('',(#8270,#8278,#8279,#8280));
#8270 = ORIENTED_EDGE('',*,*,#8271,.F.);
#8271 = EDGE_CURVE('',#4940,#8272,#8274,.T.);
#8272 = VERTEX_POINT('',#8273);
#8273 = CARTESIAN_POINT('',(0.118034124374,22.597887039185,11.25));
#8274 = LINE('',#8275,#8276);
#8275 = CARTESIAN_POINT('',(0.118034124374,22.597887039185,16.));
#8276 = VECTOR('',#8277,1.);
#8277 = DIRECTION('',(0.,0.,-1.));
#8278 = ORIENTED_EDGE('',*,*,#4939,.F.);
#8279 = ORIENTED_EDGE('',*,*,#8247,.T.);
#8280 = ORIENTED_EDGE('',*,*,#8281,.T.);
#8281 = EDGE_CURVE('',#8248,#8272,#8282,.T.);
#8282 = LINE('',#8283,#8284);
#8283 = CARTESIAN_POINT('',(-0.739594635656,22.242645492616,11.25));
#8284 = VECTOR('',#8285,1.);
#8285 = DIRECTION('',(-0.92387950102,-0.382683508391,-0.));
#8286 = PLANE('',#8287);
#8287 = AXIS2_PLACEMENT_3D('',#8288,#8289,#8290);
#8288 = CARTESIAN_POINT('',(0.263007640839,22.657937049866,13.25));
#8289 = DIRECTION('',(-0.382683508391,0.92387950102,0.));
#8290 = DIRECTION('',(0.92387950102,0.382683508391,0.));
#8291 = ADVANCED_FACE('',(#8292),#8310,.T.);
#8292 = FACE_BOUND('',#8293,.T.);
#8293 = EDGE_LOOP('',(#8294,#8302,#8303,#8304));
#8294 = ORIENTED_EDGE('',*,*,#8295,.F.);
#8295 = EDGE_CURVE('',#4948,#8296,#8298,.T.);
#8296 = VERTEX_POINT('',#8297);
#8297 = CARTESIAN_POINT('',(-0.18713092804,22.52462387085,11.25));
#8298 = LINE('',#8299,#8300);
#8299 = CARTESIAN_POINT('',(-0.18713092804,22.52462387085,16.));
#8300 = VECTOR('',#8301,1.);
#8301 = DIRECTION('',(0.,0.,-1.));
#8302 = ORIENTED_EDGE('',*,*,#4947,.F.);
#8303 = ORIENTED_EDGE('',*,*,#8271,.T.);
#8304 = ORIENTED_EDGE('',*,*,#8305,.T.);
#8305 = EDGE_CURVE('',#8272,#8296,#8306,.T.);
#8306 = LINE('',#8307,#8308);
#8307 = CARTESIAN_POINT('',(-0.28076412817,22.502144675252,11.25));
#8308 = VECTOR('',#8309,1.);
#8309 = DIRECTION('',(-0.972370266682,-0.233443921472,-0.));
#8310 = PLANE('',#8311);
#8311 = AXIS2_PLACEMENT_3D('',#8312,#8313,#8314);
#8312 = CARTESIAN_POINT('',(-3.454840183258E-02,22.561255455017,13.25));
#8313 = DIRECTION('',(-0.233443921472,0.972370266682,0.));
#8314 = DIRECTION('',(0.972370266682,0.233443921472,0.));
#8315 = ADVANCED_FACE('',(#8316),#8334,.T.);
#8316 = FACE_BOUND('',#8317,.T.);
#8317 = EDGE_LOOP('',(#8318,#8326,#8332,#8333));
#8318 = ORIENTED_EDGE('',*,*,#8319,.T.);
#8319 = EDGE_CURVE('',#8296,#8320,#8322,.T.);
#8320 = VERTEX_POINT('',#8321);
#8321 = CARTESIAN_POINT('',(-0.5,22.5,11.25));
#8322 = LINE('',#8323,#8324);
#8323 = CARTESIAN_POINT('',(0.239630719228,22.558211478663,11.25));
#8324 = VECTOR('',#8325,1.);
#8325 = DIRECTION('',(-0.99691719893,-7.84608085433E-02,-0.));
#8326 = ORIENTED_EDGE('',*,*,#8327,.T.);
#8327 = EDGE_CURVE('',#8320,#4956,#8328,.T.);
#8328 = LINE('',#8329,#8330);
#8329 = CARTESIAN_POINT('',(-0.5,22.5,10.5));
#8330 = VECTOR('',#8331,1.);
#8331 = DIRECTION('',(0.,0.,1.));
#8332 = ORIENTED_EDGE('',*,*,#4955,.F.);
#8333 = ORIENTED_EDGE('',*,*,#8295,.T.);
#8334 = PLANE('',#8335);
#8335 = AXIS2_PLACEMENT_3D('',#8336,#8337,#8338);
#8336 = CARTESIAN_POINT('',(-0.34356546402,22.512311935425,13.25));
#8337 = DIRECTION('',(-7.84608085433E-02,0.99691719893,0.));
#8338 = DIRECTION('',(0.99691719893,7.84608085433E-02,0.));
#8339 = ADVANCED_FACE('',(#8340),#8358,.T.);
#8340 = FACE_BOUND('',#8341,.T.);
#8341 = EDGE_LOOP('',(#8342,#8350,#8351,#8352));
#8342 = ORIENTED_EDGE('',*,*,#8343,.F.);
#8343 = EDGE_CURVE('',#4964,#8344,#8346,.T.);
#8344 = VERTEX_POINT('',#8345);
#8345 = CARTESIAN_POINT('',(-0.812868595123,22.47537612915,11.25));
#8346 = LINE('',#8347,#8348);
#8347 = CARTESIAN_POINT('',(-0.812868595123,22.47537612915,16.));
#8348 = VECTOR('',#8349,1.);
#8349 = DIRECTION('',(0.,0.,-1.));
#8350 = ORIENTED_EDGE('',*,*,#4963,.F.);
#8351 = ORIENTED_EDGE('',*,*,#8327,.F.);
#8352 = ORIENTED_EDGE('',*,*,#8353,.T.);
#8353 = EDGE_CURVE('',#8320,#8344,#8354,.T.);
#8354 = LINE('',#8355,#8356);
#8355 = CARTESIAN_POINT('',(8.319578339477E-02,22.545899581723,11.25));
#8356 = VECTOR('',#8357,1.);
#8357 = DIRECTION('',(-0.996917189577,-7.84609273878E-02,-0.));
#8358 = PLANE('',#8359);
#8359 = AXIS2_PLACEMENT_3D('',#8360,#8361,#8362);
#8360 = CARTESIAN_POINT('',(-0.656434297562,22.487688064575,13.25));
#8361 = DIRECTION('',(-7.84609273878E-02,0.996917189577,0.));
#8362 = DIRECTION('',(0.996917189577,7.84609273878E-02,0.));
#8363 = ADVANCED_FACE('',(#8364),#8382,.T.);
#8364 = FACE_BOUND('',#8365,.T.);
#8365 = EDGE_LOOP('',(#8366,#8374,#8375,#8376));
#8366 = ORIENTED_EDGE('',*,*,#8367,.F.);
#8367 = EDGE_CURVE('',#4972,#8368,#8370,.T.);
#8368 = VERTEX_POINT('',#8369);
#8369 = CARTESIAN_POINT('',(-1.118033766747,22.402112960815,11.25));
#8370 = LINE('',#8371,#8372);
#8371 = CARTESIAN_POINT('',(-1.118033766747,22.402112960815,16.));
#8372 = VECTOR('',#8373,1.);
#8373 = DIRECTION('',(0.,0.,-1.));
#8374 = ORIENTED_EDGE('',*,*,#4971,.F.);
#8375 = ORIENTED_EDGE('',*,*,#8343,.T.);
#8376 = ORIENTED_EDGE('',*,*,#8377,.T.);
#8377 = EDGE_CURVE('',#8344,#8368,#8378,.T.);
#8378 = LINE('',#8379,#8380);
#8379 = CARTESIAN_POINT('',(-0.757675787309,22.488626658194,11.25));
#8380 = VECTOR('',#8381,1.);
#8381 = DIRECTION('',(-0.972370287382,-0.23344383525,-0.));
#8382 = PLANE('',#8383);
#8383 = AXIS2_PLACEMENT_3D('',#8384,#8385,#8386);
#8384 = CARTESIAN_POINT('',(-0.965451180935,22.438744544983,13.25));
#8385 = DIRECTION('',(-0.23344383525,0.972370287382,0.));
#8386 = DIRECTION('',(0.972370287382,0.23344383525,0.));
#8387 = ADVANCED_FACE('',(#8388),#8406,.T.);
#8388 = FACE_BOUND('',#8389,.T.);
#8389 = EDGE_LOOP('',(#8390,#8398,#8399,#8400));
#8390 = ORIENTED_EDGE('',*,*,#8391,.F.);
#8391 = EDGE_CURVE('',#4980,#8392,#8394,.T.);
#8392 = VERTEX_POINT('',#8393);
#8393 = CARTESIAN_POINT('',(-1.407980799675,22.282012939453,11.25));
#8394 = LINE('',#8395,#8396);
#8395 = CARTESIAN_POINT('',(-1.407980799675,22.282012939453,16.));
#8396 = VECTOR('',#8397,1.);
#8397 = DIRECTION('',(0.,0.,-1.));
#8398 = ORIENTED_EDGE('',*,*,#4979,.F.);
#8399 = ORIENTED_EDGE('',*,*,#8367,.T.);
#8400 = ORIENTED_EDGE('',*,*,#8401,.T.);
#8401 = EDGE_CURVE('',#8368,#8392,#8402,.T.);
#8402 = LINE('',#8403,#8404);
#8403 = CARTESIAN_POINT('',(-1.558502809173,22.219664667172,11.25));
#8404 = VECTOR('',#8405,1.);
#8405 = DIRECTION('',(-0.92387950102,-0.382683508391,-0.));
#8406 = PLANE('',#8407);
#8407 = AXIS2_PLACEMENT_3D('',#8408,#8409,#8410);
#8408 = CARTESIAN_POINT('',(-1.263007283211,22.342062950134,13.25));
#8409 = DIRECTION('',(-0.382683508391,0.92387950102,0.));
#8410 = DIRECTION('',(0.92387950102,0.382683508391,0.));
#8411 = ADVANCED_FACE('',(#8412),#8430,.T.);
#8412 = FACE_BOUND('',#8413,.T.);
#8413 = EDGE_LOOP('',(#8414,#8422,#8423,#8424));
#8414 = ORIENTED_EDGE('',*,*,#8415,.F.);
#8415 = EDGE_CURVE('',#4988,#8416,#8418,.T.);
#8416 = VERTEX_POINT('',#8417);
#8417 = CARTESIAN_POINT('',(-1.675570189953,22.118034362793,11.25));
#8418 = LINE('',#8419,#8420);
#8419 = CARTESIAN_POINT('',(-1.675570189953,22.118034362793,16.));
#8420 = VECTOR('',#8421,1.);
#8421 = DIRECTION('',(0.,0.,-1.));
#8422 = ORIENTED_EDGE('',*,*,#4987,.F.);
#8423 = ORIENTED_EDGE('',*,*,#8391,.T.);
#8424 = ORIENTED_EDGE('',*,*,#8425,.T.);
#8425 = EDGE_CURVE('',#8392,#8416,#8426,.T.);
#8426 = LINE('',#8427,#8428);
#8427 = CARTESIAN_POINT('',(-2.262662364202,21.758264720949,11.25));
#8428 = VECTOR('',#8429,1.);
#8429 = DIRECTION('',(-0.852640750056,-0.522497608935,-0.));
#8430 = PLANE('',#8431);
#8431 = AXIS2_PLACEMENT_3D('',#8432,#8433,#8434);
#8432 = CARTESIAN_POINT('',(-1.541775494814,22.200023651123,13.25));
#8433 = DIRECTION('',(-0.522497608935,0.852640750056,0.));
#8434 = DIRECTION('',(0.852640750056,0.522497608935,0.));
#8435 = ADVANCED_FACE('',(#8436),#8454,.T.);
#8436 = FACE_BOUND('',#8437,.T.);
#8437 = EDGE_LOOP('',(#8438,#8446,#8447,#8448));
#8438 = ORIENTED_EDGE('',*,*,#8439,.F.);
#8439 = EDGE_CURVE('',#4996,#8440,#8442,.T.);
#8440 = VERTEX_POINT('',#8441);
#8441 = CARTESIAN_POINT('',(-1.914213478565,21.914213180542,11.25));
#8442 = LINE('',#8443,#8444);
#8443 = CARTESIAN_POINT('',(-1.914213478565,21.914213180542,16.));
#8444 = VECTOR('',#8445,1.);
#8445 = DIRECTION('',(0.,0.,-1.));
#8446 = ORIENTED_EDGE('',*,*,#4995,.F.);
#8447 = ORIENTED_EDGE('',*,*,#8415,.T.);
#8448 = ORIENTED_EDGE('',*,*,#8449,.T.);
#8449 = EDGE_CURVE('',#8416,#8440,#8450,.T.);
#8450 = LINE('',#8451,#8452);
#8451 = CARTESIAN_POINT('',(-2.821671263449,21.139168888983,11.25));
#8452 = VECTOR('',#8453,1.);
#8453 = DIRECTION('',(-0.760405086397,-0.649449077744,-0.));
#8454 = PLANE('',#8455);
#8455 = AXIS2_PLACEMENT_3D('',#8456,#8457,#8458);
#8456 = CARTESIAN_POINT('',(-1.794891834259,22.016123771667,13.25));
#8457 = DIRECTION('',(-0.649449077744,0.760405086397,0.));
#8458 = DIRECTION('',(0.760405086397,0.649449077744,0.));
#8459 = ADVANCED_FACE('',(#8460),#8478,.T.);
#8460 = FACE_BOUND('',#8461,.T.);
#8461 = EDGE_LOOP('',(#8462,#8470,#8471,#8472));
#8462 = ORIENTED_EDGE('',*,*,#8463,.F.);
#8463 = EDGE_CURVE('',#5004,#8464,#8466,.T.);
#8464 = VERTEX_POINT('',#8465);
#8465 = CARTESIAN_POINT('',(-2.118033885956,21.675569534302,11.25));
#8466 = LINE('',#8467,#8468);
#8467 = CARTESIAN_POINT('',(-2.118033885956,21.675569534302,16.));
#8468 = VECTOR('',#8469,1.);
#8469 = DIRECTION('',(0.,0.,-1.));
#8470 = ORIENTED_EDGE('',*,*,#5003,.F.);
#8471 = ORIENTED_EDGE('',*,*,#8439,.T.);
#8472 = ORIENTED_EDGE('',*,*,#8473,.T.);
#8473 = EDGE_CURVE('',#8440,#8464,#8474,.T.);
#8474 = LINE('',#8475,#8476);
#8475 = CARTESIAN_POINT('',(-3.199335744862,20.409524482193,11.25));
#8476 = VECTOR('',#8477,1.);
#8477 = DIRECTION('',(-0.649447087379,-0.760406786329,-0.));
#8478 = PLANE('',#8479);
#8479 = AXIS2_PLACEMENT_3D('',#8480,#8481,#8482);
#8480 = CARTESIAN_POINT('',(-2.016123682261,21.794891357422,13.25));
#8481 = DIRECTION('',(-0.760406786329,0.649447087379,0.));
#8482 = DIRECTION('',(-0.649447087379,-0.760406786329,0.));
#8483 = ADVANCED_FACE('',(#8484),#8502,.T.);
#8484 = FACE_BOUND('',#8485,.T.);
#8485 = EDGE_LOOP('',(#8486,#8494,#8495,#8496));
#8486 = ORIENTED_EDGE('',*,*,#8487,.F.);
#8487 = EDGE_CURVE('',#5012,#8488,#8490,.T.);
#8488 = VERTEX_POINT('',#8489);
#8489 = CARTESIAN_POINT('',(-2.28201277554,21.40797996521,11.25));
#8490 = LINE('',#8491,#8492);
#8491 = CARTESIAN_POINT('',(-2.28201277554,21.40797996521,16.));
#8492 = VECTOR('',#8493,1.);
#8493 = DIRECTION('',(0.,0.,-1.));
#8494 = ORIENTED_EDGE('',*,*,#5011,.F.);
#8495 = ORIENTED_EDGE('',*,*,#8463,.T.);
#8496 = ORIENTED_EDGE('',*,*,#8497,.T.);
#8497 = EDGE_CURVE('',#8464,#8488,#8498,.T.);
#8498 = LINE('',#8499,#8500);
#8499 = CARTESIAN_POINT('',(-3.374903948659,19.624541384671,11.25));
#8500 = VECTOR('',#8501,1.);
#8501 = DIRECTION('',(-0.522498079986,-0.852640461397,-0.));
#8502 = PLANE('',#8503);
#8503 = AXIS2_PLACEMENT_3D('',#8504,#8505,#8506);
#8504 = CARTESIAN_POINT('',(-2.200023330748,21.541774749756,13.25));
#8505 = DIRECTION('',(-0.852640461397,0.522498079986,0.));
#8506 = DIRECTION('',(-0.522498079986,-0.852640461397,0.));
#8507 = ADVANCED_FACE('',(#8508),#8526,.T.);
#8508 = FACE_BOUND('',#8509,.T.);
#8509 = EDGE_LOOP('',(#8510,#8518,#8519,#8520));
#8510 = ORIENTED_EDGE('',*,*,#8511,.F.);
#8511 = EDGE_CURVE('',#5020,#8512,#8514,.T.);
#8512 = VERTEX_POINT('',#8513);
#8513 = CARTESIAN_POINT('',(-2.402112871408,21.118034362793,11.25));
#8514 = LINE('',#8515,#8516);
#8515 = CARTESIAN_POINT('',(-2.402112871408,21.118034362793,16.));
#8516 = VECTOR('',#8517,1.);
#8517 = DIRECTION('',(0.,0.,-1.));
#8518 = ORIENTED_EDGE('',*,*,#5019,.F.);
#8519 = ORIENTED_EDGE('',*,*,#8487,.T.);
#8520 = ORIENTED_EDGE('',*,*,#8521,.T.);
#8521 = EDGE_CURVE('',#8488,#8512,#8522,.T.);
#8522 = LINE('',#8523,#8524);
#8523 = CARTESIAN_POINT('',(-3.34466716557,18.842520170601,11.25));
#8524 = VECTOR('',#8525,1.);
#8525 = DIRECTION('',(-0.382685322582,-0.923878749556,-0.));
#8526 = PLANE('',#8527);
#8527 = AXIS2_PLACEMENT_3D('',#8528,#8529,#8530);
#8528 = CARTESIAN_POINT('',(-2.342062823474,21.263007164001,13.25));
#8529 = DIRECTION('',(-0.923878749556,0.382685322582,0.));
#8530 = DIRECTION('',(-0.382685322582,-0.923878749556,0.));
#8531 = ADVANCED_FACE('',(#8532),#8550,.T.);
#8532 = FACE_BOUND('',#8533,.T.);
#8533 = EDGE_LOOP('',(#8534,#8542,#8543,#8544));
#8534 = ORIENTED_EDGE('',*,*,#8535,.F.);
#8535 = EDGE_CURVE('',#5028,#8536,#8538,.T.);
#8536 = VERTEX_POINT('',#8537);
#8537 = CARTESIAN_POINT('',(-2.475376296788,20.812870025635,11.25));
#8538 = LINE('',#8539,#8540);
#8539 = CARTESIAN_POINT('',(-2.475376296788,20.812870025635,16.));
#8540 = VECTOR('',#8541,1.);
#8541 = DIRECTION('',(0.,0.,-1.));
#8542 = ORIENTED_EDGE('',*,*,#5027,.F.);
#8543 = ORIENTED_EDGE('',*,*,#8511,.T.);
#8544 = ORIENTED_EDGE('',*,*,#8545,.T.);
#8545 = EDGE_CURVE('',#8512,#8536,#8546,.T.);
#8546 = LINE('',#8547,#8548);
#8547 = CARTESIAN_POINT('',(-3.121982156877,18.119560947155,11.25));
#8548 = VECTOR('',#8549,1.);
#8549 = DIRECTION('',(-0.233445213218,-0.972369956563,-0.));
#8550 = PLANE('',#8551);
#8551 = AXIS2_PLACEMENT_3D('',#8552,#8553,#8554);
#8552 = CARTESIAN_POINT('',(-2.438744584098,20.965452194214,13.25));
#8553 = DIRECTION('',(-0.972369956563,0.233445213218,0.));
#8554 = DIRECTION('',(-0.233445213218,-0.972369956563,0.));
#8555 = ADVANCED_FACE('',(#8556),#8574,.T.);
#8556 = FACE_BOUND('',#8557,.T.);
#8557 = EDGE_LOOP('',(#8558,#8566,#8567,#8568));
#8558 = ORIENTED_EDGE('',*,*,#8559,.F.);
#8559 = EDGE_CURVE('',#5036,#8560,#8562,.T.);
#8560 = VERTEX_POINT('',#8561);
#8561 = CARTESIAN_POINT('',(-2.5,20.5,11.25));
#8562 = LINE('',#8563,#8564);
#8563 = CARTESIAN_POINT('',(-2.5,20.5,16.));
#8564 = VECTOR('',#8565,1.);
#8565 = DIRECTION('',(0.,0.,-1.));
#8566 = ORIENTED_EDGE('',*,*,#5035,.F.);
#8567 = ORIENTED_EDGE('',*,*,#8535,.T.);
#8568 = ORIENTED_EDGE('',*,*,#8569,.T.);
#8569 = EDGE_CURVE('',#8536,#8560,#8570,.T.);
#8570 = LINE('',#8571,#8572);
#8571 = CARTESIAN_POINT('',(-2.735741164573,17.50466077058,11.25));
#8572 = VECTOR('',#8573,1.);
#8573 = DIRECTION('',(-7.846003998807E-02,-0.996917259418,-0.));
#8574 = PLANE('',#8575);
#8575 = AXIS2_PLACEMENT_3D('',#8576,#8577,#8578);
#8576 = CARTESIAN_POINT('',(-2.487688148394,20.656435012817,13.25));
#8577 = DIRECTION('',(-0.996917259418,7.846003998807E-02,0.));
#8578 = DIRECTION('',(-7.846003998807E-02,-0.996917259418,0.));
#8579 = ADVANCED_FACE('',(#8580),#8598,.T.);
#8580 = FACE_BOUND('',#8581,.T.);
#8581 = EDGE_LOOP('',(#8582,#8590,#8596,#8597));
#8582 = ORIENTED_EDGE('',*,*,#8583,.T.);
#8583 = EDGE_CURVE('',#8560,#8584,#8586,.T.);
#8584 = VERTEX_POINT('',#8585);
#8585 = CARTESIAN_POINT('',(-2.5,18.,11.25));
#8586 = LINE('',#8587,#8588);
#8587 = CARTESIAN_POINT('',(-2.5,16.625,11.25));
#8588 = VECTOR('',#8589,1.);
#8589 = DIRECTION('',(0.,-1.,0.));
#8590 = ORIENTED_EDGE('',*,*,#8591,.T.);
#8591 = EDGE_CURVE('',#8584,#5044,#8592,.T.);
#8592 = LINE('',#8593,#8594);
#8593 = CARTESIAN_POINT('',(-2.5,18.,10.5));
#8594 = VECTOR('',#8595,1.);
#8595 = DIRECTION('',(0.,0.,1.));
#8596 = ORIENTED_EDGE('',*,*,#5043,.F.);
#8597 = ORIENTED_EDGE('',*,*,#8559,.T.);
#8598 = PLANE('',#8599);
#8599 = AXIS2_PLACEMENT_3D('',#8600,#8601,#8602);
#8600 = CARTESIAN_POINT('',(-2.5,19.25,13.25));
#8601 = DIRECTION('',(-1.,-0.,-0.));
#8602 = DIRECTION('',(0.,0.,-1.));
#8603 = ADVANCED_FACE('',(#8604),#8622,.T.);
#8604 = FACE_BOUND('',#8605,.T.);
#8605 = EDGE_LOOP('',(#8606,#8607,#8615,#8621));
#8606 = ORIENTED_EDGE('',*,*,#8591,.F.);
#8607 = ORIENTED_EDGE('',*,*,#8608,.T.);
#8608 = EDGE_CURVE('',#8584,#8609,#8611,.T.);
#8609 = VERTEX_POINT('',#8610);
#8610 = CARTESIAN_POINT('',(-2.475376296788,17.687129974365,11.25));
#8611 = LINE('',#8612,#8613);
#8612 = CARTESIAN_POINT('',(-2.32509578237,15.777658113264,11.25));
#8613 = VECTOR('',#8614,1.);
#8614 = DIRECTION('',(7.846003998807E-02,-0.996917259418,0.));
#8615 = ORIENTED_EDGE('',*,*,#8616,.T.);
#8616 = EDGE_CURVE('',#8609,#5052,#8617,.T.);
#8617 = LINE('',#8618,#8619);
#8618 = CARTESIAN_POINT('',(-2.475376296788,17.687129974365,10.5));
#8619 = VECTOR('',#8620,1.);
#8620 = DIRECTION('',(0.,0.,1.));
#8621 = ORIENTED_EDGE('',*,*,#5051,.F.);
#8622 = PLANE('',#8623);
#8623 = AXIS2_PLACEMENT_3D('',#8624,#8625,#8626);
#8624 = CARTESIAN_POINT('',(-2.487688148394,17.843564987183,13.25));
#8625 = DIRECTION('',(-0.996917259418,-7.846003998807E-02,-0.));
#8626 = DIRECTION('',(7.846003998807E-02,-0.996917259418,0.));
#8627 = ADVANCED_FACE('',(#8628),#8646,.T.);
#8628 = FACE_BOUND('',#8629,.T.);
#8629 = EDGE_LOOP('',(#8630,#8631,#8639,#8645));
#8630 = ORIENTED_EDGE('',*,*,#8616,.F.);
#8631 = ORIENTED_EDGE('',*,*,#8632,.T.);
#8632 = EDGE_CURVE('',#8609,#8633,#8635,.T.);
#8633 = VERTEX_POINT('',#8634);
#8634 = CARTESIAN_POINT('',(-2.402112871408,17.381965637207,11.25));
#8635 = LINE('',#8636,#8637);
#8636 = CARTESIAN_POINT('',(-1.930257819736,15.416546557611,11.25));
#8637 = VECTOR('',#8638,1.);
#8638 = DIRECTION('',(0.233445213218,-0.972369956563,0.));
#8639 = ORIENTED_EDGE('',*,*,#8640,.T.);
#8640 = EDGE_CURVE('',#8633,#5060,#8641,.T.);
#8641 = LINE('',#8642,#8643);
#8642 = CARTESIAN_POINT('',(-2.402112871408,17.381965637207,10.5));
#8643 = VECTOR('',#8644,1.);
#8644 = DIRECTION('',(0.,0.,1.));
#8645 = ORIENTED_EDGE('',*,*,#5059,.F.);
#8646 = PLANE('',#8647);
#8647 = AXIS2_PLACEMENT_3D('',#8648,#8649,#8650);
#8648 = CARTESIAN_POINT('',(-2.438744584098,17.534547805786,13.25));
#8649 = DIRECTION('',(-0.972369956563,-0.233445213218,-0.));
#8650 = DIRECTION('',(0.233445213218,-0.972369956563,0.));
#8651 = ADVANCED_FACE('',(#8652),#8670,.T.);
#8652 = FACE_BOUND('',#8653,.T.);
#8653 = EDGE_LOOP('',(#8654,#8655,#8663,#8669));
#8654 = ORIENTED_EDGE('',*,*,#8640,.F.);
#8655 = ORIENTED_EDGE('',*,*,#8656,.T.);
#8656 = EDGE_CURVE('',#8633,#8657,#8659,.T.);
#8657 = VERTEX_POINT('',#8658);
#8658 = CARTESIAN_POINT('',(-2.28201277554,17.09202003479,11.25));
#8659 = LINE('',#8660,#8661);
#8660 = CARTESIAN_POINT('',(-1.488504269744,15.176332124026,11.25));
#8661 = VECTOR('',#8662,1.);
#8662 = DIRECTION('',(0.382685322582,-0.923878749556,0.));
#8663 = ORIENTED_EDGE('',*,*,#8664,.T.);
#8664 = EDGE_CURVE('',#8657,#5068,#8665,.T.);
#8665 = LINE('',#8666,#8667);
#8666 = CARTESIAN_POINT('',(-2.28201277554,17.09202003479,10.5));
#8667 = VECTOR('',#8668,1.);
#8668 = DIRECTION('',(0.,0.,1.));
#8669 = ORIENTED_EDGE('',*,*,#5067,.F.);
#8670 = PLANE('',#8671);
#8671 = AXIS2_PLACEMENT_3D('',#8672,#8673,#8674);
#8672 = CARTESIAN_POINT('',(-2.342062823474,17.236992835999,13.25));
#8673 = DIRECTION('',(-0.923878749556,-0.382685322582,-0.));
#8674 = DIRECTION('',(0.382685322582,-0.923878749556,0.));
#8675 = ADVANCED_FACE('',(#8676),#8694,.T.);
#8676 = FACE_BOUND('',#8677,.T.);
#8677 = EDGE_LOOP('',(#8678,#8679,#8687,#8693));
#8678 = ORIENTED_EDGE('',*,*,#8664,.F.);
#8679 = ORIENTED_EDGE('',*,*,#8680,.T.);
#8680 = EDGE_CURVE('',#8657,#8681,#8683,.T.);
#8681 = VERTEX_POINT('',#8682);
#8682 = CARTESIAN_POINT('',(-2.118033885956,16.824430465698,11.25));
#8683 = LINE('',#8684,#8685);
#8684 = CARTESIAN_POINT('',(-1.036013177669,15.058730894171,11.25));
#8685 = VECTOR('',#8686,1.);
#8686 = DIRECTION('',(0.522498079986,-0.852640461397,0.));
#8687 = ORIENTED_EDGE('',*,*,#8688,.T.);
#8688 = EDGE_CURVE('',#8681,#5076,#8689,.T.);
#8689 = LINE('',#8690,#8691);
#8690 = CARTESIAN_POINT('',(-2.118033885956,16.824430465698,10.5));
#8691 = VECTOR('',#8692,1.);
#8692 = DIRECTION('',(0.,0.,1.));
#8693 = ORIENTED_EDGE('',*,*,#5075,.F.);
#8694 = PLANE('',#8695);
#8695 = AXIS2_PLACEMENT_3D('',#8696,#8697,#8698);
#8696 = CARTESIAN_POINT('',(-2.200023330748,16.958225250244,13.25));
#8697 = DIRECTION('',(-0.852640461397,-0.522498079986,-0.));
#8698 = DIRECTION('',(0.522498079986,-0.852640461397,0.));
#8699 = ADVANCED_FACE('',(#8700),#8718,.T.);
#8700 = FACE_BOUND('',#8701,.T.);
#8701 = EDGE_LOOP('',(#8702,#8703,#8711,#8717));
#8702 = ORIENTED_EDGE('',*,*,#8688,.F.);
#8703 = ORIENTED_EDGE('',*,*,#8704,.T.);
#8704 = EDGE_CURVE('',#8681,#8705,#8707,.T.);
#8705 = VERTEX_POINT('',#8706);
#8706 = CARTESIAN_POINT('',(-1.914213478565,16.585786819458,11.25));
#8707 = LINE('',#8708,#8709);
#8708 = CARTESIAN_POINT('',(-0.606654888688,15.054828494157,11.25));
#8709 = VECTOR('',#8710,1.);
#8710 = DIRECTION('',(0.649447087379,-0.760406786329,0.));
#8711 = ORIENTED_EDGE('',*,*,#8712,.T.);
#8712 = EDGE_CURVE('',#8705,#5084,#8713,.T.);
#8713 = LINE('',#8714,#8715);
#8714 = CARTESIAN_POINT('',(-1.914213478565,16.585786819458,10.5));
#8715 = VECTOR('',#8716,1.);
#8716 = DIRECTION('',(0.,0.,1.));
#8717 = ORIENTED_EDGE('',*,*,#5083,.F.);
#8718 = PLANE('',#8719);
#8719 = AXIS2_PLACEMENT_3D('',#8720,#8721,#8722);
#8720 = CARTESIAN_POINT('',(-2.016123682261,16.705108642578,13.25));
#8721 = DIRECTION('',(-0.760406786329,-0.649447087379,-0.));
#8722 = DIRECTION('',(0.649447087379,-0.760406786329,0.));
#8723 = ADVANCED_FACE('',(#8724),#8742,.T.);
#8724 = FACE_BOUND('',#8725,.T.);
#8725 = EDGE_LOOP('',(#8726,#8727,#8735,#8741));
#8726 = ORIENTED_EDGE('',*,*,#8712,.F.);
#8727 = ORIENTED_EDGE('',*,*,#8728,.T.);
#8728 = EDGE_CURVE('',#8705,#8729,#8731,.T.);
#8729 = VERTEX_POINT('',#8730);
#8730 = CARTESIAN_POINT('',(-1.675570189953,16.381965637207,11.25));
#8731 = LINE('',#8732,#8733);
#8732 = CARTESIAN_POINT('',(-0.228988257571,15.146464561961,11.25));
#8733 = VECTOR('',#8734,1.);
#8734 = DIRECTION('',(0.760405086397,-0.649449077744,0.));
#8735 = ORIENTED_EDGE('',*,*,#8736,.T.);
#8736 = EDGE_CURVE('',#8729,#5092,#8737,.T.);
#8737 = LINE('',#8738,#8739);
#8738 = CARTESIAN_POINT('',(-1.675570189953,16.381965637207,10.5));
#8739 = VECTOR('',#8740,1.);
#8740 = DIRECTION('',(0.,0.,1.));
#8741 = ORIENTED_EDGE('',*,*,#5091,.F.);
#8742 = PLANE('',#8743);
#8743 = AXIS2_PLACEMENT_3D('',#8744,#8745,#8746);
#8744 = CARTESIAN_POINT('',(-1.794891834259,16.483876228333,13.25));
#8745 = DIRECTION('',(-0.649449077744,-0.760405086397,-0.));
#8746 = DIRECTION('',(-0.760405086397,0.649449077744,0.));
#8747 = ADVANCED_FACE('',(#8748),#8766,.T.);
#8748 = FACE_BOUND('',#8749,.T.);
#8749 = EDGE_LOOP('',(#8750,#8751,#8759,#8765));
#8750 = ORIENTED_EDGE('',*,*,#8736,.F.);
#8751 = ORIENTED_EDGE('',*,*,#8752,.T.);
#8752 = EDGE_CURVE('',#8729,#8753,#8755,.T.);
#8753 = VERTEX_POINT('',#8754);
#8754 = CARTESIAN_POINT('',(-1.407980799675,16.217987060547,11.25));
#8755 = LINE('',#8756,#8757);
#8756 = CARTESIAN_POINT('',(7.622709002188E-02,15.308465584499,11.25));
#8757 = VECTOR('',#8758,1.);
#8758 = DIRECTION('',(0.852640750056,-0.522497608935,0.));
#8759 = ORIENTED_EDGE('',*,*,#8760,.T.);
#8760 = EDGE_CURVE('',#8753,#5100,#8761,.T.);
#8761 = LINE('',#8762,#8763);
#8762 = CARTESIAN_POINT('',(-1.407980799675,16.217987060547,10.5));
#8763 = VECTOR('',#8764,1.);
#8764 = DIRECTION('',(0.,0.,1.));
#8765 = ORIENTED_EDGE('',*,*,#5099,.F.);
#8766 = PLANE('',#8767);
#8767 = AXIS2_PLACEMENT_3D('',#8768,#8769,#8770);
#8768 = CARTESIAN_POINT('',(-1.541775494814,16.299976348877,13.25));
#8769 = DIRECTION('',(-0.522497608935,-0.852640750056,-0.));
#8770 = DIRECTION('',(-0.852640750056,0.522497608935,0.));
#8771 = ADVANCED_FACE('',(#8772),#8790,.T.);
#8772 = FACE_BOUND('',#8773,.T.);
#8773 = EDGE_LOOP('',(#8774,#8775,#8783,#8789));
#8774 = ORIENTED_EDGE('',*,*,#8760,.F.);
#8775 = ORIENTED_EDGE('',*,*,#8776,.T.);
#8776 = EDGE_CURVE('',#8753,#8777,#8779,.T.);
#8777 = VERTEX_POINT('',#8778);
#8778 = CARTESIAN_POINT('',(-1.118033766747,16.097887039185,11.25));
#8779 = LINE('',#8780,#8781);
#8780 = CARTESIAN_POINT('',(0.297652796928,15.511490327956,11.25));
#8781 = VECTOR('',#8782,1.);
#8782 = DIRECTION('',(0.92387950102,-0.382683508391,0.));
#8783 = ORIENTED_EDGE('',*,*,#8784,.T.);
#8784 = EDGE_CURVE('',#8777,#5108,#8785,.T.);
#8785 = LINE('',#8786,#8787);
#8786 = CARTESIAN_POINT('',(-1.118033766747,16.097887039185,10.5));
#8787 = VECTOR('',#8788,1.);
#8788 = DIRECTION('',(0.,0.,1.));
#8789 = ORIENTED_EDGE('',*,*,#5107,.F.);
#8790 = PLANE('',#8791);
#8791 = AXIS2_PLACEMENT_3D('',#8792,#8793,#8794);
#8792 = CARTESIAN_POINT('',(-1.263007283211,16.157937049866,13.25));
#8793 = DIRECTION('',(-0.382683508391,-0.92387950102,-0.));
#8794 = DIRECTION('',(-0.92387950102,0.382683508391,0.));
#8795 = ADVANCED_FACE('',(#8796),#8814,.T.);
#8796 = FACE_BOUND('',#8797,.T.);
#8797 = EDGE_LOOP('',(#8798,#8799,#8807,#8813));
#8798 = ORIENTED_EDGE('',*,*,#8784,.F.);
#8799 = ORIENTED_EDGE('',*,*,#8800,.T.);
#8800 = EDGE_CURVE('',#8777,#8801,#8803,.T.);
#8801 = VERTEX_POINT('',#8802);
#8802 = CARTESIAN_POINT('',(-0.812868595123,16.02462387085,11.25));
#8803 = LINE('',#8804,#8805);
#8804 = CARTESIAN_POINT('',(0.434041920831,15.725269214671,11.25));
#8805 = VECTOR('',#8806,1.);
#8806 = DIRECTION('',(0.972370287382,-0.23344383525,0.));
#8807 = ORIENTED_EDGE('',*,*,#8808,.T.);
#8808 = EDGE_CURVE('',#8801,#5116,#8809,.T.);
#8809 = LINE('',#8810,#8811);
#8810 = CARTESIAN_POINT('',(-0.812868595123,16.02462387085,10.5));
#8811 = VECTOR('',#8812,1.);
#8812 = DIRECTION('',(0.,0.,1.));
#8813 = ORIENTED_EDGE('',*,*,#5115,.F.);
#8814 = PLANE('',#8815);
#8815 = AXIS2_PLACEMENT_3D('',#8816,#8817,#8818);
#8816 = CARTESIAN_POINT('',(-0.965451180935,16.061255455017,13.25));
#8817 = DIRECTION('',(-0.23344383525,-0.972370287382,-0.));
#8818 = DIRECTION('',(-0.972370287382,0.23344383525,0.));
#8819 = ADVANCED_FACE('',(#8820),#8838,.T.);
#8820 = FACE_BOUND('',#8821,.T.);
#8821 = EDGE_LOOP('',(#8822,#8823,#8831,#8837));
#8822 = ORIENTED_EDGE('',*,*,#8808,.F.);
#8823 = ORIENTED_EDGE('',*,*,#8824,.T.);
#8824 = EDGE_CURVE('',#8801,#8825,#8827,.T.);
#8825 = VERTEX_POINT('',#8826);
#8826 = CARTESIAN_POINT('',(-0.5,16.,11.25));
#8827 = LINE('',#8828,#8829);
#8828 = CARTESIAN_POINT('',(0.493845781316,15.921780803363,11.25));
#8829 = VECTOR('',#8830,1.);
#8830 = DIRECTION('',(0.996917189577,-7.84609273878E-02,0.));
#8831 = ORIENTED_EDGE('',*,*,#8832,.F.);
#8832 = EDGE_CURVE('',#5124,#8825,#8833,.T.);
#8833 = LINE('',#8834,#8835);
#8834 = CARTESIAN_POINT('',(-0.5,16.,16.));
#8835 = VECTOR('',#8836,1.);
#8836 = DIRECTION('',(0.,0.,-1.));
#8837 = ORIENTED_EDGE('',*,*,#5123,.F.);
#8838 = PLANE('',#8839);
#8839 = AXIS2_PLACEMENT_3D('',#8840,#8841,#8842);
#8840 = CARTESIAN_POINT('',(-0.656434297562,16.012311935425,13.25));
#8841 = DIRECTION('',(-7.84609273878E-02,-0.996917189577,-0.));
#8842 = DIRECTION('',(-0.996917189577,7.84609273878E-02,0.));
#8843 = ADVANCED_FACE('',(#8844),#8862,.T.);
#8844 = FACE_BOUND('',#8845,.T.);
#8845 = EDGE_LOOP('',(#8846,#8847,#8848,#8856));
#8846 = ORIENTED_EDGE('',*,*,#5131,.F.);
#8847 = ORIENTED_EDGE('',*,*,#8832,.T.);
#8848 = ORIENTED_EDGE('',*,*,#8849,.T.);
#8849 = EDGE_CURVE('',#8825,#8850,#8852,.T.);
#8850 = VERTEX_POINT('',#8851);
#8851 = CARTESIAN_POINT('',(-0.18713092804,15.97537612915,11.25));
#8852 = LINE('',#8853,#8854);
#8853 = CARTESIAN_POINT('',(0.650280098992,15.909469004332,11.25));
#8854 = VECTOR('',#8855,1.);
#8855 = DIRECTION('',(0.99691719893,-7.84608085433E-02,0.));
#8856 = ORIENTED_EDGE('',*,*,#8857,.T.);
#8857 = EDGE_CURVE('',#8850,#5132,#8858,.T.);
#8858 = LINE('',#8859,#8860);
#8859 = CARTESIAN_POINT('',(-0.18713092804,15.97537612915,10.5));
#8860 = VECTOR('',#8861,1.);
#8861 = DIRECTION('',(0.,0.,1.));
#8862 = PLANE('',#8863);
#8863 = AXIS2_PLACEMENT_3D('',#8864,#8865,#8866);
#8864 = CARTESIAN_POINT('',(-0.34356546402,15.987688064575,13.25));
#8865 = DIRECTION('',(-7.84608085433E-02,-0.99691719893,-0.));
#8866 = DIRECTION('',(-0.99691719893,7.84608085433E-02,0.));
#8867 = ADVANCED_FACE('',(#8868),#8886,.T.);
#8868 = FACE_BOUND('',#8869,.T.);
#8869 = EDGE_LOOP('',(#8870,#8871,#8879,#8885));
#8870 = ORIENTED_EDGE('',*,*,#8857,.F.);
#8871 = ORIENTED_EDGE('',*,*,#8872,.T.);
#8872 = EDGE_CURVE('',#8850,#8873,#8875,.T.);
#8873 = VERTEX_POINT('',#8874);
#8874 = CARTESIAN_POINT('',(0.118034124374,15.902112960815,11.25));
#8875 = LINE('',#8876,#8877);
#8876 = CARTESIAN_POINT('',(0.910953994762,15.711750986268,11.25));
#8877 = VECTOR('',#8878,1.);
#8878 = DIRECTION('',(0.972370266682,-0.233443921472,0.));
#8879 = ORIENTED_EDGE('',*,*,#8880,.T.);
#8880 = EDGE_CURVE('',#8873,#5140,#8881,.T.);
#8881 = LINE('',#8882,#8883);
#8882 = CARTESIAN_POINT('',(0.118034124374,15.902112960815,10.5));
#8883 = VECTOR('',#8884,1.);
#8884 = DIRECTION('',(0.,0.,1.));
#8885 = ORIENTED_EDGE('',*,*,#5139,.F.);
#8886 = PLANE('',#8887);
#8887 = AXIS2_PLACEMENT_3D('',#8888,#8889,#8890);
#8888 = CARTESIAN_POINT('',(-3.454840183258E-02,15.938744544983,13.25));
#8889 = DIRECTION('',(-0.233443921472,-0.972370266682,-0.));
#8890 = DIRECTION('',(-0.972370266682,0.233443921472,0.));
#8891 = ADVANCED_FACE('',(#8892),#8910,.T.);
#8892 = FACE_BOUND('',#8893,.T.);
#8893 = EDGE_LOOP('',(#8894,#8895,#8903,#8909));
#8894 = ORIENTED_EDGE('',*,*,#8880,.F.);
#8895 = ORIENTED_EDGE('',*,*,#8896,.T.);
#8896 = EDGE_CURVE('',#8873,#8897,#8899,.T.);
#8897 = VERTEX_POINT('',#8898);
#8898 = CARTESIAN_POINT('',(0.407981157303,15.782013893127,11.25));
#8899 = LINE('',#8900,#8901);
#8900 = CARTESIAN_POINT('',(1.116560454147,15.488513000656,11.25));
#8901 = VECTOR('',#8902,1.);
#8902 = DIRECTION('',(0.923880575383,-0.382680914641,0.));
#8903 = ORIENTED_EDGE('',*,*,#8904,.T.);
#8904 = EDGE_CURVE('',#8897,#5148,#8905,.T.);
#8905 = LINE('',#8906,#8907);
#8906 = CARTESIAN_POINT('',(0.407981157303,15.782013893127,10.5));
#8907 = VECTOR('',#8908,1.);
#8908 = DIRECTION('',(0.,0.,1.));
#8909 = ORIENTED_EDGE('',*,*,#5147,.F.);
#8910 = PLANE('',#8911);
#8911 = AXIS2_PLACEMENT_3D('',#8912,#8913,#8914);
#8912 = CARTESIAN_POINT('',(0.263007640839,15.842063426971,13.25));
#8913 = DIRECTION('',(-0.382680914641,-0.923880575383,-0.));
#8914 = DIRECTION('',(-0.923880575383,0.382680914641,0.));
#8915 = ADVANCED_FACE('',(#8916),#8934,.T.);
#8916 = FACE_BOUND('',#8917,.T.);
#8917 = EDGE_LOOP('',(#8918,#8919,#8927,#8933));
#8918 = ORIENTED_EDGE('',*,*,#8904,.F.);
#8919 = ORIENTED_EDGE('',*,*,#8920,.T.);
#8920 = EDGE_CURVE('',#8897,#8921,#8923,.T.);
#8921 = VERTEX_POINT('',#8922);
#8922 = CARTESIAN_POINT('',(0.675570726395,15.618033409119,11.25));
#8923 = LINE('',#8924,#8925);
#8924 = CARTESIAN_POINT('',(1.268770997961,15.25451674449,11.25));
#8925 = VECTOR('',#8926,1.);
#8926 = DIRECTION('',(0.852638198047,-0.522501773424,0.));
#8927 = ORIENTED_EDGE('',*,*,#8928,.T.);
#8928 = EDGE_CURVE('',#8921,#5156,#8929,.T.);
#8929 = LINE('',#8930,#8931);
#8930 = CARTESIAN_POINT('',(0.675570726395,15.618033409119,10.5));
#8931 = VECTOR('',#8932,1.);
#8932 = DIRECTION('',(0.,0.,1.));
#8933 = ORIENTED_EDGE('',*,*,#5155,.F.);
#8934 = PLANE('',#8935);
#8935 = AXIS2_PLACEMENT_3D('',#8936,#8937,#8938);
#8936 = CARTESIAN_POINT('',(0.541775941849,15.700023651123,13.25));
#8937 = DIRECTION('',(-0.522501773424,-0.852638198047,-0.));
#8938 = DIRECTION('',(-0.852638198047,0.522501773424,0.));
#8939 = ADVANCED_FACE('',(#8940),#8958,.T.);
#8940 = FACE_BOUND('',#8941,.T.);
#8941 = EDGE_LOOP('',(#8942,#8943,#8951,#8957));
#8942 = ORIENTED_EDGE('',*,*,#8928,.F.);
#8943 = ORIENTED_EDGE('',*,*,#8944,.T.);
#8944 = EDGE_CURVE('',#8921,#8945,#8947,.T.);
#8945 = VERTEX_POINT('',#8946);
#8946 = CARTESIAN_POINT('',(0.914213657379,15.414214134216,11.25));
#8947 = LINE('',#8948,#8949);
#8948 = CARTESIAN_POINT('',(1.373109958036,15.022281673157,11.25));
#8949 = VECTOR('',#8950,1.);
#8950 = DIRECTION('',(0.760407607111,-0.649446126362,0.));
#8951 = ORIENTED_EDGE('',*,*,#8952,.T.);
#8952 = EDGE_CURVE('',#8945,#5164,#8953,.T.);
#8953 = LINE('',#8954,#8955);
#8954 = CARTESIAN_POINT('',(0.914213657379,15.414214134216,10.5));
#8955 = VECTOR('',#8956,1.);
#8956 = DIRECTION('',(0.,0.,1.));
#8957 = ORIENTED_EDGE('',*,*,#5163,.F.);
#8958 = PLANE('',#8959);
#8959 = AXIS2_PLACEMENT_3D('',#8960,#8961,#8962);
#8960 = CARTESIAN_POINT('',(0.794892191887,15.516123771667,13.25));
#8961 = DIRECTION('',(-0.649446126362,-0.760407607111,-0.));
#8962 = DIRECTION('',(-0.760407607111,0.649446126362,0.));
#8963 = ADVANCED_FACE('',(#8964),#8982,.T.);
#8964 = FACE_BOUND('',#8965,.T.);
#8965 = EDGE_LOOP('',(#8966,#8967,#8975,#8981));
#8966 = ORIENTED_EDGE('',*,*,#8952,.F.);
#8967 = ORIENTED_EDGE('',*,*,#8968,.T.);
#8968 = EDGE_CURVE('',#8945,#8969,#8971,.T.);
#8969 = VERTEX_POINT('',#8970);
#8970 = CARTESIAN_POINT('',(1.118034124374,15.175570487976,11.25));
#8971 = LINE('',#8972,#8973);
#8972 = CARTESIAN_POINT('',(1.437906321748,14.8010474156,11.25));
#8973 = VECTOR('',#8974,1.);
#8974 = DIRECTION('',(0.649447197195,-0.760406692537,0.));
#8975 = ORIENTED_EDGE('',*,*,#8976,.T.);
#8976 = EDGE_CURVE('',#8969,#5172,#8977,.T.);
#8977 = LINE('',#8978,#8979);
#8978 = CARTESIAN_POINT('',(1.118034124374,15.175570487976,10.5));
#8979 = VECTOR('',#8980,1.);
#8980 = DIRECTION('',(0.,0.,1.));
#8981 = ORIENTED_EDGE('',*,*,#5171,.F.);
#8982 = PLANE('',#8983);
#8983 = AXIS2_PLACEMENT_3D('',#8984,#8985,#8986);
#8984 = CARTESIAN_POINT('',(1.016123890877,15.294892311096,13.25));
#8985 = DIRECTION('',(-0.760406692537,-0.649447197195,-0.));
#8986 = DIRECTION('',(0.649447197195,-0.760406692537,0.));
#8987 = ADVANCED_FACE('',(#8988),#9006,.T.);
#8988 = FACE_BOUND('',#8989,.T.);
#8989 = EDGE_LOOP('',(#8990,#8991,#8999,#9005));
#8990 = ORIENTED_EDGE('',*,*,#8976,.F.);
#8991 = ORIENTED_EDGE('',*,*,#8992,.T.);
#8992 = EDGE_CURVE('',#8969,#8993,#8995,.T.);
#8993 = VERTEX_POINT('',#8994);
#8994 = CARTESIAN_POINT('',(1.282013177872,14.907980918884,11.25));
#8995 = LINE('',#8996,#8997);
#8996 = CARTESIAN_POINT('',(1.473028326741,14.596272439748,11.25));
#8997 = VECTOR('',#8998,1.);
#8998 = DIRECTION('',(0.522498459686,-0.852640228716,0.));
#8999 = ORIENTED_EDGE('',*,*,#9000,.T.);
#9000 = EDGE_CURVE('',#8993,#5180,#9001,.T.);
#9001 = LINE('',#9002,#9003);
#9002 = CARTESIAN_POINT('',(1.282013177872,14.907980918884,10.5));
#9003 = VECTOR('',#9004,1.);
#9004 = DIRECTION('',(0.,0.,1.));
#9005 = ORIENTED_EDGE('',*,*,#5179,.F.);
#9006 = PLANE('',#9007);
#9007 = AXIS2_PLACEMENT_3D('',#9008,#9009,#9010);
#9008 = CARTESIAN_POINT('',(1.200023651123,15.04177570343,13.25));
#9009 = DIRECTION('',(-0.852640228716,-0.522498459686,-0.));
#9010 = DIRECTION('',(0.522498459686,-0.852640228716,0.));
#9011 = ADVANCED_FACE('',(#9012),#9030,.T.);
#9012 = FACE_BOUND('',#9013,.T.);
#9013 = EDGE_LOOP('',(#9014,#9015,#9023,#9029));
#9014 = ORIENTED_EDGE('',*,*,#9000,.F.);
#9015 = ORIENTED_EDGE('',*,*,#9016,.T.);
#9016 = EDGE_CURVE('',#8993,#9017,#9019,.T.);
#9017 = VERTEX_POINT('',#9018);
#9018 = CARTESIAN_POINT('',(1.402113199234,14.618033409119,11.25));
#9019 = LINE('',#9020,#9021);
#9020 = CARTESIAN_POINT('',(1.488509566236,14.409453833687,11.25));
#9021 = VECTOR('',#9022,1.);
#9022 = DIRECTION('',(0.38268297121,-0.923879723528,0.));
#9023 = ORIENTED_EDGE('',*,*,#9024,.T.);
#9024 = EDGE_CURVE('',#9017,#5188,#9025,.T.);
#9025 = LINE('',#9026,#9027);
#9026 = CARTESIAN_POINT('',(1.402113199234,14.618033409119,10.5));
#9027 = VECTOR('',#9028,1.);
#9028 = DIRECTION('',(0.,0.,1.));
#9029 = ORIENTED_EDGE('',*,*,#5187,.F.);
#9030 = PLANE('',#9031);
#9031 = AXIS2_PLACEMENT_3D('',#9032,#9033,#9034);
#9032 = CARTESIAN_POINT('',(1.342063188553,14.763007164001,13.25));
#9033 = DIRECTION('',(-0.923879723528,-0.38268297121,-0.));
#9034 = DIRECTION('',(0.38268297121,-0.923879723528,0.));
#9035 = ADVANCED_FACE('',(#9036),#9047,.T.);
#9036 = FACE_BOUND('',#9037,.T.);
#9037 = EDGE_LOOP('',(#9038,#9039,#9045,#9046));
#9038 = ORIENTED_EDGE('',*,*,#9024,.F.);
#9039 = ORIENTED_EDGE('',*,*,#9040,.T.);
#9040 = EDGE_CURVE('',#9017,#7988,#9041,.T.);
#9041 = LINE('',#9042,#9043);
#9042 = CARTESIAN_POINT('',(1.493241846791,14.238456154089,11.25));
#9043 = VECTOR('',#9044,1.);
#9044 = DIRECTION('',(0.233445875393,-0.972369797588,0.));
#9045 = ORIENTED_EDGE('',*,*,#7987,.T.);
#9046 = ORIENTED_EDGE('',*,*,#5195,.F.);
#9047 = PLANE('',#9048);
#9048 = AXIS2_PLACEMENT_3D('',#9049,#9050,#9051);
#9049 = CARTESIAN_POINT('',(1.43874502182,14.46545124054,13.25));
#9050 = DIRECTION('',(-0.972369797588,-0.233445875393,-0.));
#9051 = DIRECTION('',(0.233445875393,-0.972369797588,0.));
#9052 = ADVANCED_FACE('',(#9053),#9069,.T.);
#9053 = FACE_BOUND('',#9054,.T.);
#9054 = EDGE_LOOP('',(#9055,#9056,#9062,#9063));
#9055 = ORIENTED_EDGE('',*,*,#5554,.F.);
#9056 = ORIENTED_EDGE('',*,*,#9057,.F.);
#9057 = EDGE_CURVE('',#5738,#5555,#9058,.T.);
#9058 = LINE('',#9059,#9060);
#9059 = CARTESIAN_POINT('',(32.299999237061,65.049995422363,13.));
#9060 = VECTOR('',#9061,1.);
#9061 = DIRECTION('',(0.,1.,0.));
#9062 = ORIENTED_EDGE('',*,*,#5737,.F.);
#9063 = ORIENTED_EDGE('',*,*,#9064,.F.);
#9064 = EDGE_CURVE('',#5557,#5730,#9065,.T.);
#9065 = LINE('',#9066,#9067);
#9066 = CARTESIAN_POINT('',(28.300001144409,70.,13.));
#9067 = VECTOR('',#9068,1.);
#9068 = DIRECTION('',(0.,-1.,0.));
#9069 = PLANE('',#9070);
#9070 = AXIS2_PLACEMENT_3D('',#9071,#9072,#9073);
#9071 = CARTESIAN_POINT('',(30.300000190735,67.524997711182,13.));
#9072 = DIRECTION('',(-0.,-0.,-1.));
#9073 = DIRECTION('',(-1.,0.,0.));
#9074 = ADVANCED_FACE('',(#9075,#9086),#9089,.T.);
#9075 = FACE_BOUND('',#9076,.T.);
#9076 = EDGE_LOOP('',(#9077,#9083,#9084,#9085));
#9077 = ORIENTED_EDGE('',*,*,#9078,.T.);
#9078 = EDGE_CURVE('',#5722,#5565,#9079,.T.);
#9079 = LINE('',#9080,#9081);
#9080 = CARTESIAN_POINT('',(28.300001144409,65.049995422363,3.));
#9081 = VECTOR('',#9082,1.);
#9082 = DIRECTION('',(0.,1.,0.));
#9083 = ORIENTED_EDGE('',*,*,#5564,.F.);
#9084 = ORIENTED_EDGE('',*,*,#9064,.T.);
#9085 = ORIENTED_EDGE('',*,*,#5729,.F.);
#9086 = FACE_BOUND('',#9087,.T.);
#9087 = EDGE_LOOP('',(#9088));
#9088 = ORIENTED_EDGE('',*,*,#5633,.T.);
#9089 = PLANE('',#9090);
#9090 = AXIS2_PLACEMENT_3D('',#9091,#9092,#9093);
#9091 = CARTESIAN_POINT('',(28.300001144409,67.524997711182,8.));
#9092 = DIRECTION('',(1.,0.,0.));
#9093 = DIRECTION('',(0.,0.,1.));
#9094 = ADVANCED_FACE('',(#9095),#9106,.T.);
#9095 = FACE_BOUND('',#9096,.T.);
#9096 = EDGE_LOOP('',(#9097,#9098,#9099,#9100));
#9097 = ORIENTED_EDGE('',*,*,#5572,.F.);
#9098 = ORIENTED_EDGE('',*,*,#9078,.F.);
#9099 = ORIENTED_EDGE('',*,*,#5719,.F.);
#9100 = ORIENTED_EDGE('',*,*,#9101,.T.);
#9101 = EDGE_CURVE('',#5720,#5573,#9102,.T.);
#9102 = LINE('',#9103,#9104);
#9103 = CARTESIAN_POINT('',(32.299999237061,65.049995422363,3.));
#9104 = VECTOR('',#9105,1.);
#9105 = DIRECTION('',(0.,1.,0.));
#9106 = PLANE('',#9107);
#9107 = AXIS2_PLACEMENT_3D('',#9108,#9109,#9110);
#9108 = CARTESIAN_POINT('',(30.300000190735,67.524997711182,3.));
#9109 = DIRECTION('',(0.,0.,1.));
#9110 = DIRECTION('',(1.,0.,0.));
#9111 = ADVANCED_FACE('',(#9112,#9118),#9424,.T.);
#9112 = FACE_BOUND('',#9113,.T.);
#9113 = EDGE_LOOP('',(#9114,#9115,#9116,#9117));
#9114 = ORIENTED_EDGE('',*,*,#9057,.T.);
#9115 = ORIENTED_EDGE('',*,*,#5580,.F.);
#9116 = ORIENTED_EDGE('',*,*,#9101,.F.);
#9117 = ORIENTED_EDGE('',*,*,#5745,.F.);
#9118 = FACE_BOUND('',#9119,.T.);
#9119 = EDGE_LOOP('',(#9120,#9130,#9138,#9146,#9154,#9162,#9170,#9178,
    #9186,#9194,#9202,#9210,#9218,#9226,#9234,#9242,#9250,#9258,#9266,
    #9274,#9282,#9290,#9298,#9306,#9314,#9322,#9330,#9338,#9346,#9354,
    #9362,#9370,#9378,#9386,#9394,#9402,#9410,#9418));
#9120 = ORIENTED_EDGE('',*,*,#9121,.T.);
#9121 = EDGE_CURVE('',#9122,#9124,#9126,.T.);
#9122 = VERTEX_POINT('',#9123);
#9123 = CARTESIAN_POINT('',(32.299999237061,66.042839050293,
    8.249855041504));
#9124 = VERTEX_POINT('',#9125);
#9125 = CARTESIAN_POINT('',(32.299999237061,66.010787963867,
    8.126750946045));
#9126 = LINE('',#9127,#9128);
#9127 = CARTESIAN_POINT('',(32.299999237061,66.042839050293,
    8.249855041504));
#9128 = VECTOR('',#9129,1.);
#9129 = DIRECTION('',(0.,-0.251957985164,-0.967738174153));
#9130 = ORIENTED_EDGE('',*,*,#9131,.T.);
#9131 = EDGE_CURVE('',#9124,#9132,#9134,.T.);
#9132 = VERTEX_POINT('',#9133);
#9133 = CARTESIAN_POINT('',(32.299999237061,66.,8.));
#9134 = LINE('',#9135,#9136);
#9135 = CARTESIAN_POINT('',(32.299999237061,66.010787963867,
    8.126750946045));
#9136 = VECTOR('',#9137,1.);
#9137 = DIRECTION('',(0.,-8.480489796479E-02,-0.996397575911));
#9138 = ORIENTED_EDGE('',*,*,#9139,.T.);
#9139 = EDGE_CURVE('',#9132,#9140,#9142,.T.);
#9140 = VERTEX_POINT('',#9141);
#9141 = CARTESIAN_POINT('',(32.299999237061,66.010787963867,
    7.873249053955));
#9142 = LINE('',#9143,#9144);
#9143 = CARTESIAN_POINT('',(32.299999237061,66.,8.));
#9144 = VECTOR('',#9145,1.);
#9145 = DIRECTION('',(0.,8.480489796479E-02,-0.996397575911));
#9146 = ORIENTED_EDGE('',*,*,#9147,.T.);
#9147 = EDGE_CURVE('',#9140,#9148,#9150,.T.);
#9148 = VERTEX_POINT('',#9149);
#9149 = CARTESIAN_POINT('',(32.299999237061,66.042839050293,
    7.750144958496));
#9150 = LINE('',#9151,#9152);
#9151 = CARTESIAN_POINT('',(32.299999237061,66.010787963867,
    7.873249053955));
#9152 = VECTOR('',#9153,1.);
#9153 = DIRECTION('',(0.,0.251957985164,-0.967738174153));
#9154 = ORIENTED_EDGE('',*,*,#9155,.T.);
#9155 = EDGE_CURVE('',#9148,#9156,#9158,.T.);
#9156 = VERTEX_POINT('',#9157);
#9157 = CARTESIAN_POINT('',(32.299999237061,66.095237731934,
    7.63422870636));
#9158 = LINE('',#9159,#9160);
#9159 = CARTESIAN_POINT('',(32.299999237061,66.042839050293,
    7.750144958496));
#9160 = VECTOR('',#9161,1.);
#9161 = DIRECTION('',(0.,0.411909289828,-0.91122485532));
#9162 = ORIENTED_EDGE('',*,*,#9163,.T.);
#9163 = EDGE_CURVE('',#9156,#9164,#9166,.T.);
#9164 = VERTEX_POINT('',#9165);
#9165 = CARTESIAN_POINT('',(32.299999237061,66.166473388672,
    7.528834819794));
#9166 = LINE('',#9167,#9168);
#9167 = CARTESIAN_POINT('',(32.299999237061,66.095237731934,
    7.63422870636));
#9168 = VECTOR('',#9169,1.);
#9169 = DIRECTION('',(0.,0.559984619888,-0.828503002704));
#9170 = ORIENTED_EDGE('',*,*,#9171,.T.);
#9171 = EDGE_CURVE('',#9164,#9172,#9174,.T.);
#9172 = VERTEX_POINT('',#9173);
#9173 = CARTESIAN_POINT('',(32.299999237061,66.254493713379,
    7.436995983124));
#9174 = LINE('',#9175,#9176);
#9175 = CARTESIAN_POINT('',(32.299999237061,66.166473388672,
    7.528834819794));
#9176 = VECTOR('',#9177,1.);
#9177 = DIRECTION('',(0.,0.691938579763,-0.721956371144));
#9178 = ORIENTED_EDGE('',*,*,#9179,.T.);
#9179 = EDGE_CURVE('',#9172,#9180,#9182,.T.);
#9180 = VERTEX_POINT('',#9181);
#9181 = CARTESIAN_POINT('',(32.299999237061,66.356773376465,
    7.361353397369));
#9182 = LINE('',#9183,#9184);
#9183 = CARTESIAN_POINT('',(32.299999237061,66.254493713379,
    7.436995983124));
#9184 = VECTOR('',#9185,1.);
#9185 = DIRECTION('',(0.,0.804008624669,-0.594617634668));
#9186 = ORIENTED_EDGE('',*,*,#9187,.T.);
#9187 = EDGE_CURVE('',#9180,#9188,#9190,.T.);
#9188 = VERTEX_POINT('',#9189);
#9189 = CARTESIAN_POINT('',(32.299999237061,66.470352172852,
    7.304082870483));
#9190 = LINE('',#9191,#9192);
#9191 = CARTESIAN_POINT('',(32.299999237061,66.356773376465,
    7.361353397369));
#9192 = VECTOR('',#9193,1.);
#9193 = DIRECTION('',(0.,0.892909099229,-0.450236982615));
#9194 = ORIENTED_EDGE('',*,*,#9195,.T.);
#9195 = EDGE_CURVE('',#9188,#9196,#9198,.T.);
#9196 = VERTEX_POINT('',#9197);
#9197 = CARTESIAN_POINT('',(32.299999237061,66.591995239258,
    7.266833305359));
#9198 = LINE('',#9199,#9200);
#9199 = CARTESIAN_POINT('',(32.299999237061,66.470352172852,
    7.304082870483));
#9200 = VECTOR('',#9201,1.);
#9201 = DIRECTION('',(0.,0.956173788702,-0.292799736679));
#9202 = ORIENTED_EDGE('',*,*,#9203,.T.);
#9203 = EDGE_CURVE('',#9196,#9204,#9206,.T.);
#9204 = VERTEX_POINT('',#9205);
#9205 = CARTESIAN_POINT('',(32.299999237061,66.718170166016,
    7.25067615509));
#9206 = LINE('',#9207,#9208);
#9207 = CARTESIAN_POINT('',(32.299999237061,66.591995239258,
    7.266833305359));
#9208 = VECTOR('',#9209,1.);
#9209 = DIRECTION('',(0.,0.991900614713,-0.127016418358));
#9210 = ORIENTED_EDGE('',*,*,#9211,.T.);
#9211 = EDGE_CURVE('',#9204,#9212,#9214,.T.);
#9212 = VERTEX_POINT('',#9213);
#9213 = CARTESIAN_POINT('',(32.299999237061,66.75,7.25));
#9214 = LINE('',#9215,#9216);
#9215 = CARTESIAN_POINT('',(32.299999237061,66.718170166016,
    7.25067615509));
#9216 = VECTOR('',#9217,1.);
#9217 = DIRECTION('',(0.,0.999774447862,-2.123801784319E-02));
#9218 = ORIENTED_EDGE('',*,*,#9219,.T.);
#9219 = EDGE_CURVE('',#9212,#9220,#9222,.T.);
#9220 = VERTEX_POINT('',#9221);
#9221 = CARTESIAN_POINT('',(32.299999237061,66.845260620117,
    7.256074905396));
#9222 = LINE('',#9223,#9224);
#9223 = CARTESIAN_POINT('',(32.299999237061,66.75,7.25));
#9224 = VECTOR('',#9225,1.);
#9225 = DIRECTION('',(0.,0.997972783853,6.364214553445E-02));
#9226 = ORIENTED_EDGE('',*,*,#9227,.T.);
#9227 = EDGE_CURVE('',#9220,#9228,#9230,.T.);
#9228 = VERTEX_POINT('',#9229);
#9229 = CARTESIAN_POINT('',(32.299999237061,66.969619750977,
    7.282875061035));
#9230 = LINE('',#9231,#9232);
#9231 = CARTESIAN_POINT('',(32.299999237061,66.845260620117,
    7.256074905396));
#9232 = VECTOR('',#9233,1.);
#9233 = DIRECTION('',(0.,0.977557322863,0.210669600361));
#9234 = ORIENTED_EDGE('',*,*,#9235,.T.);
#9235 = EDGE_CURVE('',#9228,#9236,#9238,.T.);
#9236 = VERTEX_POINT('',#9237);
#9237 = CARTESIAN_POINT('',(32.299999237061,67.087646484375,
    7.330305576324));
#9238 = LINE('',#9239,#9240);
#9239 = CARTESIAN_POINT('',(32.299999237061,66.969619750977,
    7.282875061035));
#9240 = VECTOR('',#9241,1.);
#9241 = DIRECTION('',(0.,0.92787958076,0.372879985531));
#9242 = ORIENTED_EDGE('',*,*,#9243,.T.);
#9243 = EDGE_CURVE('',#9236,#9244,#9246,.T.);
#9244 = VERTEX_POINT('',#9245);
#9245 = CARTESIAN_POINT('',(32.299999237061,67.195976257324,
    7.397002220154));
#9246 = LINE('',#9247,#9248);
#9247 = CARTESIAN_POINT('',(32.299999237061,67.087646484375,
    7.330305576324));
#9248 = VECTOR('',#9249,1.);
#9249 = DIRECTION('',(0.,0.851545430798,0.524280821017));
#9250 = ORIENTED_EDGE('',*,*,#9251,.T.);
#9251 = EDGE_CURVE('',#9244,#9252,#9254,.T.);
#9252 = VERTEX_POINT('',#9253);
#9253 = CARTESIAN_POINT('',(32.299999237061,67.291465759277,
    7.481046199799));
#9254 = LINE('',#9255,#9256);
#9255 = CARTESIAN_POINT('',(32.299999237061,67.195976257324,
    7.397002220154));
#9256 = VECTOR('',#9257,1.);
#9257 = DIRECTION('',(0.,0.750661981897,0.660686452816));
#9258 = ORIENTED_EDGE('',*,*,#9259,.T.);
#9259 = EDGE_CURVE('',#9252,#9260,#9262,.T.);
#9260 = VERTEX_POINT('',#9261);
#9261 = CARTESIAN_POINT('',(32.299999237061,67.371383666992,
    7.580018997192));
#9262 = LINE('',#9263,#9264);
#9263 = CARTESIAN_POINT('',(32.299999237061,67.291465759277,
    7.481046199799));
#9264 = VECTOR('',#9265,1.);
#9265 = DIRECTION('',(0.,0.628234058803,0.778024400234));
#9266 = ORIENTED_EDGE('',*,*,#9267,.T.);
#9267 = EDGE_CURVE('',#9260,#9268,#9270,.T.);
#9268 = VERTEX_POINT('',#9269);
#9269 = CARTESIAN_POINT('',(32.299999237061,67.43342590332,
    7.691074371338));
#9270 = LINE('',#9271,#9272);
#9271 = CARTESIAN_POINT('',(32.299999237061,67.371383666992,
    7.580018997192));
#9272 = VECTOR('',#9273,1.);
#9273 = DIRECTION('',(0.,0.487712810684,0.873004131889));
#9274 = ORIENTED_EDGE('',*,*,#9275,.T.);
#9275 = EDGE_CURVE('',#9268,#9276,#9278,.T.);
#9276 = VERTEX_POINT('',#9277);
#9277 = CARTESIAN_POINT('',(32.299999237061,67.475799560547,
    7.811016559601));
#9278 = LINE('',#9279,#9280);
#9279 = CARTESIAN_POINT('',(32.299999237061,67.43342590332,
    7.691074371338));
#9280 = VECTOR('',#9281,1.);
#9281 = DIRECTION('',(0.,0.333107549516,0.942888837804));
#9282 = ORIENTED_EDGE('',*,*,#9283,.T.);
#9283 = EDGE_CURVE('',#9276,#9284,#9286,.T.);
#9284 = VERTEX_POINT('',#9285);
#9285 = CARTESIAN_POINT('',(32.299999237061,67.497299194336,
    7.936395645142));
#9286 = LINE('',#9287,#9288);
#9287 = CARTESIAN_POINT('',(32.299999237061,67.475799560547,
    7.811016559601));
#9288 = VECTOR('',#9289,1.);
#9289 = DIRECTION('',(0.,0.169010217255,0.985614299036));
#9290 = ORIENTED_EDGE('',*,*,#9291,.T.);
#9291 = EDGE_CURVE('',#9284,#9292,#9294,.T.);
#9292 = VERTEX_POINT('',#9293);
#9293 = CARTESIAN_POINT('',(32.299999237061,67.497299194336,
    8.063604354858));
#9294 = LINE('',#9295,#9296);
#9295 = CARTESIAN_POINT('',(32.299999237061,67.497299194336,
    7.936395645142));
#9296 = VECTOR('',#9297,1.);
#9297 = DIRECTION('',(0.,0.,1.));
#9298 = ORIENTED_EDGE('',*,*,#9299,.T.);
#9299 = EDGE_CURVE('',#9292,#9300,#9302,.T.);
#9300 = VERTEX_POINT('',#9301);
#9301 = CARTESIAN_POINT('',(32.299999237061,67.475799560547,
    8.188982963562));
#9302 = LINE('',#9303,#9304);
#9303 = CARTESIAN_POINT('',(32.299999237061,67.497299194336,
    8.063604354858));
#9304 = VECTOR('',#9305,1.);
#9305 = DIRECTION('',(0.,-0.169010841671,0.985614191962));
#9306 = ORIENTED_EDGE('',*,*,#9307,.T.);
#9307 = EDGE_CURVE('',#9300,#9308,#9310,.T.);
#9308 = VERTEX_POINT('',#9309);
#9309 = CARTESIAN_POINT('',(32.299999237061,67.43342590332,
    8.308925628662));
#9310 = LINE('',#9311,#9312);
#9311 = CARTESIAN_POINT('',(32.299999237061,67.475799560547,
    8.188982963562));
#9312 = VECTOR('',#9313,1.);
#9313 = DIRECTION('',(0.,-0.333106372175,0.942889253739));
#9314 = ORIENTED_EDGE('',*,*,#9315,.T.);
#9315 = EDGE_CURVE('',#9308,#9316,#9318,.T.);
#9316 = VERTEX_POINT('',#9317);
#9317 = CARTESIAN_POINT('',(32.299999237061,67.371383666992,
    8.419981002808));
#9318 = LINE('',#9319,#9320);
#9319 = CARTESIAN_POINT('',(32.299999237061,67.43342590332,
    8.308925628662));
#9320 = VECTOR('',#9321,1.);
#9321 = DIRECTION('',(0.,-0.487712810684,0.873004131889));
#9322 = ORIENTED_EDGE('',*,*,#9323,.T.);
#9323 = EDGE_CURVE('',#9316,#9324,#9326,.T.);
#9324 = VERTEX_POINT('',#9325);
#9325 = CARTESIAN_POINT('',(32.299999237061,67.291465759277,
    8.518954277039));
#9326 = LINE('',#9327,#9328);
#9327 = CARTESIAN_POINT('',(32.299999237061,67.371383666992,
    8.419981002808));
#9328 = VECTOR('',#9329,1.);
#9329 = DIRECTION('',(0.,-0.628232226652,0.778025879644));
#9330 = ORIENTED_EDGE('',*,*,#9331,.T.);
#9331 = EDGE_CURVE('',#9324,#9332,#9334,.T.);
#9332 = VERTEX_POINT('',#9333);
#9333 = CARTESIAN_POINT('',(32.299999237061,67.195976257324,
    8.602997779846));
#9334 = LINE('',#9335,#9336);
#9335 = CARTESIAN_POINT('',(32.299999237061,67.291465759277,
    8.518954277039));
#9336 = VECTOR('',#9337,1.);
#9337 = DIRECTION('',(0.,-0.750663840981,0.660684340547));
#9338 = ORIENTED_EDGE('',*,*,#9339,.T.);
#9339 = EDGE_CURVE('',#9332,#9340,#9342,.T.);
#9340 = VERTEX_POINT('',#9341);
#9341 = CARTESIAN_POINT('',(32.299999237061,67.087646484375,
    8.669693946838));
#9342 = LINE('',#9343,#9344);
#9343 = CARTESIAN_POINT('',(32.299999237061,67.195976257324,
    8.602997779846));
#9344 = VECTOR('',#9345,1.);
#9345 = DIRECTION('',(0.,-0.851547104205,0.524278103033));
#9346 = ORIENTED_EDGE('',*,*,#9347,.T.);
#9347 = EDGE_CURVE('',#9340,#9348,#9350,.T.);
#9348 = VERTEX_POINT('',#9349);
#9349 = CARTESIAN_POINT('',(32.299999237061,66.969619750977,
    8.717124938965));
#9350 = LINE('',#9351,#9352);
#9351 = CARTESIAN_POINT('',(32.299999237061,67.087646484375,
    8.669693946838));
#9352 = VECTOR('',#9353,1.);
#9353 = DIRECTION('',(0.,-0.92787828375,0.372883213011));
#9354 = ORIENTED_EDGE('',*,*,#9355,.T.);
#9355 = EDGE_CURVE('',#9348,#9356,#9358,.T.);
#9356 = VERTEX_POINT('',#9357);
#9357 = CARTESIAN_POINT('',(32.299999237061,66.845260620117,
    8.743925094604));
#9358 = LINE('',#9359,#9360);
#9359 = CARTESIAN_POINT('',(32.299999237061,66.969619750977,
    8.717124938965));
#9360 = VECTOR('',#9361,1.);
#9361 = DIRECTION('',(0.,-0.977557322863,0.210669600361));
#9362 = ORIENTED_EDGE('',*,*,#9363,.T.);
#9363 = EDGE_CURVE('',#9356,#9364,#9366,.T.);
#9364 = VERTEX_POINT('',#9365);
#9365 = CARTESIAN_POINT('',(32.299999237061,66.718170166016,
    8.74932384491));
#9366 = LINE('',#9367,#9368);
#9367 = CARTESIAN_POINT('',(32.299999237061,66.845260620117,
    8.743925094604));
#9368 = VECTOR('',#9369,1.);
#9369 = DIRECTION('',(0.,-0.999098961513,4.244131364153E-02));
#9370 = ORIENTED_EDGE('',*,*,#9371,.T.);
#9371 = EDGE_CURVE('',#9364,#9372,#9374,.T.);
#9372 = VERTEX_POINT('',#9373);
#9373 = CARTESIAN_POINT('',(32.299999237061,66.591995239258,
    8.733166694641));
#9374 = LINE('',#9375,#9376);
#9375 = CARTESIAN_POINT('',(32.299999237061,66.718170166016,
    8.74932384491));
#9376 = VECTOR('',#9377,1.);
#9377 = DIRECTION('',(0.,-0.991900614713,-0.127016418358));
#9378 = ORIENTED_EDGE('',*,*,#9379,.T.);
#9379 = EDGE_CURVE('',#9372,#9380,#9382,.T.);
#9380 = VERTEX_POINT('',#9381);
#9381 = CARTESIAN_POINT('',(32.299999237061,66.470352172852,
    8.695917129517));
#9382 = LINE('',#9383,#9384);
#9383 = CARTESIAN_POINT('',(32.299999237061,66.591995239258,
    8.733166694641));
#9384 = VECTOR('',#9385,1.);
#9385 = DIRECTION('',(0.,-0.956173788702,-0.292799736679));
#9386 = ORIENTED_EDGE('',*,*,#9387,.T.);
#9387 = EDGE_CURVE('',#9380,#9388,#9390,.T.);
#9388 = VERTEX_POINT('',#9389);
#9389 = CARTESIAN_POINT('',(32.299999237061,66.356773376465,
    8.638646125793));
#9390 = LINE('',#9391,#9392);
#9391 = CARTESIAN_POINT('',(32.299999237061,66.470352172852,
    8.695917129517));
#9392 = VECTOR('',#9393,1.);
#9393 = DIRECTION('',(0.,-0.892907592174,-0.450239971391));
#9394 = ORIENTED_EDGE('',*,*,#9395,.T.);
#9395 = EDGE_CURVE('',#9388,#9396,#9398,.T.);
#9396 = VERTEX_POINT('',#9397);
#9397 = CARTESIAN_POINT('',(32.299999237061,66.254493713379,
    8.563004493713));
#9398 = LINE('',#9399,#9400);
#9399 = CARTESIAN_POINT('',(32.299999237061,66.356773376465,
    8.638646125793));
#9400 = VECTOR('',#9401,1.);
#9401 = DIRECTION('',(0.,-0.804012208687,-0.594612788529));
#9402 = ORIENTED_EDGE('',*,*,#9403,.T.);
#9403 = EDGE_CURVE('',#9396,#9404,#9406,.T.);
#9404 = VERTEX_POINT('',#9405);
#9405 = CARTESIAN_POINT('',(32.299999237061,66.166473388672,
    8.471164703369));
#9406 = LINE('',#9407,#9408);
#9407 = CARTESIAN_POINT('',(32.299999237061,66.254493713379,
    8.563004493713));
#9408 = VECTOR('',#9409,1.);
#9409 = DIRECTION('',(0.,-0.691934834676,-0.721959960498));
#9410 = ORIENTED_EDGE('',*,*,#9411,.T.);
#9411 = EDGE_CURVE('',#9404,#9412,#9414,.T.);
#9412 = VERTEX_POINT('',#9413);
#9413 = CARTESIAN_POINT('',(32.299999237061,66.095237731934,
    8.365770339966));
#9414 = LINE('',#9415,#9416);
#9415 = CARTESIAN_POINT('',(32.299999237061,66.166473388672,
    8.471164703369));
#9416 = VECTOR('',#9417,1.);
#9417 = DIRECTION('',(0.,-0.559982880814,-0.82850417814));
#9418 = ORIENTED_EDGE('',*,*,#9419,.T.);
#9419 = EDGE_CURVE('',#9412,#9122,#9420,.T.);
#9420 = LINE('',#9421,#9422);
#9421 = CARTESIAN_POINT('',(32.299999237061,66.095237731934,
    8.365770339966));
#9422 = VECTOR('',#9423,1.);
#9423 = DIRECTION('',(0.,-0.411912103744,-0.911223583315));
#9424 = PLANE('',#9425);
#9425 = AXIS2_PLACEMENT_3D('',#9426,#9427,#9428);
#9426 = CARTESIAN_POINT('',(32.299999237061,67.524997711182,8.));
#9427 = DIRECTION('',(-1.,-0.,-0.));
#9428 = DIRECTION('',(0.,0.,-1.));
#9429 = ADVANCED_FACE('',(#9430),#9448,.T.);
#9430 = FACE_BOUND('',#9431,.T.);
#9431 = EDGE_LOOP('',(#9432,#9433,#9441,#9447));
#9432 = ORIENTED_EDGE('',*,*,#5776,.T.);
#9433 = ORIENTED_EDGE('',*,*,#9434,.F.);
#9434 = EDGE_CURVE('',#9435,#5779,#9437,.T.);
#9435 = VERTEX_POINT('',#9436);
#9436 = CARTESIAN_POINT('',(39.293846130371,63.27409362793,
    8.194305419922));
#9437 = LINE('',#9438,#9439);
#9438 = CARTESIAN_POINT('',(39.293846130371,63.27409362793,
    8.194305419922));
#9439 = VECTOR('',#9440,1.);
#9440 = DIRECTION('',(-0.233440782063,0.971494860574,4.126908222784E-02)
  );
#9441 = ORIENTED_EDGE('',*,*,#9442,.T.);
#9442 = EDGE_CURVE('',#9435,#5796,#9443,.T.);
#9443 = LINE('',#9444,#9445);
#9444 = CARTESIAN_POINT('',(39.293846130371,63.27409362793,
    8.194305419922));
#9445 = VECTOR('',#9446,1.);
#9446 = DIRECTION('',(-2.327452000243E-02,5.428135814772E-02,
    -0.998254391864));
#9447 = ORIENTED_EDGE('',*,*,#5795,.T.);
#9448 = PLANE('',#9449);
#9449 = AXIS2_PLACEMENT_3D('',#9450,#9451,#9452);
#9450 = CARTESIAN_POINT('',(39.280320304337,63.31442513252,
    7.821019513858));
#9451 = DIRECTION('',(0.972179151628,0.23402750512,-9.941025423545E-03)
  );
#9452 = DIRECTION('',(-0.234039069743,0.972227192499,2.526995687269E-19)
  );
#9453 = ADVANCED_FACE('',(#9454),#9472,.T.);
#9454 = FACE_BOUND('',#9455,.T.);
#9455 = EDGE_LOOP('',(#9456,#9464,#9465,#9466));
#9456 = ORIENTED_EDGE('',*,*,#9457,.T.);
#9457 = EDGE_CURVE('',#9458,#9435,#9460,.T.);
#9458 = VERTEX_POINT('',#9459);
#9459 = CARTESIAN_POINT('',(39.293846130371,63.17546081543,
    8.964535713196));
#9460 = LINE('',#9461,#9462);
#9461 = CARTESIAN_POINT('',(39.293846130371,63.17546081543,
    8.964535713196));
#9462 = VECTOR('',#9463,1.);
#9463 = DIRECTION('',(0.,0.127019042308,-0.991900278703));
#9464 = ORIENTED_EDGE('',*,*,#9434,.T.);
#9465 = ORIENTED_EDGE('',*,*,#6443,.T.);
#9466 = ORIENTED_EDGE('',*,*,#9467,.F.);
#9467 = EDGE_CURVE('',#9458,#6435,#9468,.T.);
#9468 = LINE('',#9469,#9470);
#9469 = CARTESIAN_POINT('',(39.293846130371,63.17546081543,
    8.964535713196));
#9470 = VECTOR('',#9471,1.);
#9471 = DIRECTION('',(-2.327455169936E-02,0.222206280294,-0.974721839419
    ));
#9472 = PLANE('',#9473);
#9473 = AXIS2_PLACEMENT_3D('',#9474,#9475,#9476);
#9474 = CARTESIAN_POINT('',(39.289019857322,63.247218918326,
    8.561871564641));
#9475 = DIRECTION('',(0.972179143974,0.23234131207,2.975276001154E-02));
#9476 = DIRECTION('',(-0.232444217766,0.97260972935,-8.959230073836E-19)
  );
#9477 = ADVANCED_FACE('',(#9478),#9488,.T.);
#9478 = FACE_BOUND('',#9479,.T.);
#9479 = EDGE_LOOP('',(#9480,#9481,#9487));
#9480 = ORIENTED_EDGE('',*,*,#6434,.T.);
#9481 = ORIENTED_EDGE('',*,*,#9482,.F.);
#9482 = EDGE_CURVE('',#9458,#6426,#9483,.T.);
#9483 = LINE('',#9484,#9485);
#9484 = CARTESIAN_POINT('',(39.293846130371,63.17546081543,
    8.964535713196));
#9485 = VECTOR('',#9486,1.);
#9486 = DIRECTION('',(-0.233420251944,0.950551832069,0.204856536465));
#9487 = ORIENTED_EDGE('',*,*,#9467,.T.);
#9488 = PLANE('',#9489);
#9489 = AXIS2_PLACEMENT_3D('',#9490,#9491,#9492);
#9490 = CARTESIAN_POINT('',(39.280320321833,63.278299222355,
    8.603437613893));
#9491 = DIRECTION('',(0.972184087265,0.232321228442,2.9748063532E-02));
#9492 = DIRECTION('',(-0.232424092739,0.972614538815,-4.011026845923E-19
    ));
#9493 = ADVANCED_FACE('',(#9494),#9512,.T.);
#9494 = FACE_BOUND('',#9495,.T.);
#9495 = EDGE_LOOP('',(#9496,#9504,#9505,#9506));
#9496 = ORIENTED_EDGE('',*,*,#9497,.T.);
#9497 = EDGE_CURVE('',#9498,#9458,#9500,.T.);
#9498 = VERTEX_POINT('',#9499);
#9499 = CARTESIAN_POINT('',(39.293846130371,62.948078155518,
    9.70701789856));
#9500 = LINE('',#9501,#9502);
#9501 = CARTESIAN_POINT('',(39.293846130371,62.948078155518,
    9.70701789856));
#9502 = VECTOR('',#9503,1.);
#9503 = DIRECTION('',(0.,0.292822825853,-0.956166718025));
#9504 = ORIENTED_EDGE('',*,*,#9482,.T.);
#9505 = ORIENTED_EDGE('',*,*,#6425,.T.);
#9506 = ORIENTED_EDGE('',*,*,#9507,.F.);
#9507 = EDGE_CURVE('',#9498,#6417,#9508,.T.);
#9508 = LINE('',#9509,#9510);
#9509 = CARTESIAN_POINT('',(39.293846130371,62.948078155518,
    9.70701789856));
#9510 = VECTOR('',#9511,1.);
#9511 = DIRECTION('',(-2.327451731396E-02,0.383745936584,-0.923145358543
    ));
#9512 = PLANE('',#9513);
#9513 = AXIS2_PLACEMENT_3D('',#9514,#9515,#9516);
#9514 = CARTESIAN_POINT('',(39.28901983517,63.086856537055,
    9.322271762886));
#9515 = DIRECTION('',(0.97218409438,0.223951487208,6.858438607204E-02));
#9516 = DIRECTION('',(-0.224480066215,0.974478681076,-2.006943992398E-19
    ));
#9517 = ADVANCED_FACE('',(#9518),#9528,.T.);
#9518 = FACE_BOUND('',#9519,.T.);
#9519 = EDGE_LOOP('',(#9520,#9521,#9527));
#9520 = ORIENTED_EDGE('',*,*,#6416,.T.);
#9521 = ORIENTED_EDGE('',*,*,#9522,.F.);
#9522 = EDGE_CURVE('',#9498,#6408,#9523,.T.);
#9523 = LINE('',#9524,#9525);
#9524 = CARTESIAN_POINT('',(39.293846130371,62.948078155518,
    9.70701789856));
#9525 = VECTOR('',#9526,1.);
#9526 = DIRECTION('',(-0.233428477417,0.902256249827,0.362553176208));
#9527 = ORIENTED_EDGE('',*,*,#9507,.T.);
#9528 = PLANE('',#9529);
#9529 = AXIS2_PLACEMENT_3D('',#9530,#9531,#9532);
#9530 = CARTESIAN_POINT('',(39.28032031664,63.110465591399,
    9.368493350056));
#9531 = DIRECTION('',(0.972182151073,0.223958957081,6.85875402482E-02));
#9532 = DIRECTION('',(-0.224487602512,0.974476944991,-1.087857597075E-18
    ));
#9533 = ADVANCED_FACE('',(#9534),#9552,.T.);
#9534 = FACE_BOUND('',#9535,.T.);
#9535 = EDGE_LOOP('',(#9536,#9544,#9545,#9546));
#9536 = ORIENTED_EDGE('',*,*,#9537,.T.);
#9537 = EDGE_CURVE('',#9538,#9498,#9540,.T.);
#9538 = VERTEX_POINT('',#9539);
#9539 = CARTESIAN_POINT('',(39.293846130371,62.598480224609,
    10.400393486023));
#9540 = LINE('',#9541,#9542);
#9541 = CARTESIAN_POINT('',(39.293846130371,62.598480224609,
    10.400393486023));
#9542 = VECTOR('',#9543,1.);
#9543 = DIRECTION('',(0.,0.450209202731,-0.892923106307));
#9544 = ORIENTED_EDGE('',*,*,#9522,.T.);
#9545 = ORIENTED_EDGE('',*,*,#6407,.T.);
#9546 = ORIENTED_EDGE('',*,*,#9547,.F.);
#9547 = EDGE_CURVE('',#9538,#6399,#9548,.T.);
#9548 = LINE('',#9549,#9550);
#9549 = CARTESIAN_POINT('',(39.293846130371,62.598480224609,
    10.400393486023));
#9550 = VECTOR('',#9551,1.);
#9551 = DIRECTION('',(-2.327441015074E-02,0.534240064035,-0.845012340627
    ));
#9552 = PLANE('',#9553);
#9553 = AXIS2_PLACEMENT_3D('',#9554,#9555,#9556);
#9554 = CARTESIAN_POINT('',(39.289019843788,62.800286844524,
    10.044634948233));
#9555 = DIRECTION('',(0.972182079245,0.209146161499,0.105450879205));
#9556 = DIRECTION('',(-0.210318791183,0.977632858529,2.535094189233E-17)
  );
#9557 = ADVANCED_FACE('',(#9558),#9568,.T.);
#9558 = FACE_BOUND('',#9559,.T.);
#9559 = EDGE_LOOP('',(#9560,#9561,#9567));
#9560 = ORIENTED_EDGE('',*,*,#6398,.T.);
#9561 = ORIENTED_EDGE('',*,*,#9562,.F.);
#9562 = EDGE_CURVE('',#9538,#6390,#9563,.T.);
#9563 = LINE('',#9564,#9565);
#9564 = CARTESIAN_POINT('',(39.293846130371,62.598480224609,
    10.400393486023));
#9565 = VECTOR('',#9566,1.);
#9566 = DIRECTION('',(-0.23340934133,0.828041637478,0.509771641015));
#9567 = ORIENTED_EDGE('',*,*,#9547,.T.);
#9568 = PLANE('',#9569);
#9569 = AXIS2_PLACEMENT_3D('',#9570,#9571,#9572);
#9570 = CARTESIAN_POINT('',(39.2803203451,62.815745707536,
    10.094181917593));
#9571 = DIRECTION('',(0.972187025199,0.209128779465,0.105439753577));
#9572 = DIRECTION('',(-0.210301062205,0.977636672407,-1.45142632617E-19)
  );
#9573 = ADVANCED_FACE('',(#9574),#9592,.T.);
#9574 = FACE_BOUND('',#9575,.T.);
#9575 = EDGE_LOOP('',(#9576,#9584,#9585,#9586));
#9576 = ORIENTED_EDGE('',*,*,#9577,.T.);
#9577 = EDGE_CURVE('',#9578,#9538,#9580,.T.);
#9578 = VERTEX_POINT('',#9579);
#9579 = CARTESIAN_POINT('',(39.293846130371,62.136737823486,
    11.024712562561));
#9580 = LINE('',#9581,#9582);
#9581 = CARTESIAN_POINT('',(39.293846130371,62.136737823486,
    11.024712562561));
#9582 = VECTOR('',#9583,1.);
#9583 = DIRECTION('',(0.,0.594631861323,-0.803998102921));
#9584 = ORIENTED_EDGE('',*,*,#9562,.T.);
#9585 = ORIENTED_EDGE('',*,*,#6389,.T.);
#9586 = ORIENTED_EDGE('',*,*,#9587,.F.);
#9587 = EDGE_CURVE('',#9578,#6381,#9588,.T.);
#9588 = LINE('',#9589,#9590);
#9589 = CARTESIAN_POINT('',(39.293846130371,62.136737823486,
    11.024712562561));
#9590 = VECTOR('',#9591,1.);
#9591 = DIRECTION('',(-2.327440817046E-02,0.66936344681,-0.742570453222)
  );
#9592 = PLANE('',#9593);
#9593 = AXIS2_PLACEMENT_3D('',#9594,#9595,#9596);
#9594 = CARTESIAN_POINT('',(39.28901981138,62.395764116098,
    10.708175803955));
#9595 = DIRECTION('',(0.972186458953,0.18830296236,0.139267668162));
#9596 = DIRECTION('',(-0.190156076379,0.981753872728,6.762232411634E-19)
  );
#9597 = ADVANCED_FACE('',(#9598),#9608,.T.);
#9598 = FACE_BOUND('',#9599,.T.);
#9599 = EDGE_LOOP('',(#9600,#9601,#9607));
#9600 = ORIENTED_EDGE('',*,*,#6380,.T.);
#9601 = ORIENTED_EDGE('',*,*,#9602,.F.);
#9602 = EDGE_CURVE('',#9578,#6372,#9603,.T.);
#9603 = LINE('',#9604,#9605);
#9604 = CARTESIAN_POINT('',(39.293846130371,62.136737823486,
    11.024712562561));
#9605 = VECTOR('',#9606,1.);
#9606 = DIRECTION('',(-0.233417939611,0.729959788652,0.642397674668));
#9607 = ORIENTED_EDGE('',*,*,#9587,.T.);
#9608 = PLANE('',#9609);
#9609 = AXIS2_PLACEMENT_3D('',#9610,#9611,#9612);
#9610 = CARTESIAN_POINT('',(39.280320332117,62.402627720161,
    10.759623036395));
#9611 = DIRECTION('',(0.972184840549,0.188307953112,0.139272217622));
#9612 = DIRECTION('',(-0.190161239116,0.981752872742,-9.130994419451E-18
    ));
#9613 = ADVANCED_FACE('',(#9614),#9632,.T.);
#9614 = FACE_BOUND('',#9615,.T.);
#9615 = EDGE_LOOP('',(#9616,#9624,#9625,#9626));
#9616 = ORIENTED_EDGE('',*,*,#9617,.T.);
#9617 = EDGE_CURVE('',#9618,#9578,#9620,.T.);
#9618 = VERTEX_POINT('',#9619);
#9619 = CARTESIAN_POINT('',(39.293846130371,61.576126098633,
    11.562016487122));
#9620 = LINE('',#9621,#9622);
#9621 = CARTESIAN_POINT('',(39.293846130371,61.576126098633,
    11.562016487122));
#9622 = VECTOR('',#9623,1.);
#9623 = DIRECTION('',(0.,0.721955381259,-0.69193961259));
#9624 = ORIENTED_EDGE('',*,*,#9602,.T.);
#9625 = ORIENTED_EDGE('',*,*,#6371,.T.);
#9626 = ORIENTED_EDGE('',*,*,#9627,.F.);
#9627 = EDGE_CURVE('',#9618,#6363,#9628,.T.);
#9628 = LINE('',#9629,#9630);
#9629 = CARTESIAN_POINT('',(39.293846130371,61.576126098633,
    11.562016487122));
#9630 = VECTOR('',#9631,1.);
#9631 = DIRECTION('',(-2.327447187546E-02,0.785228615294,-0.618768390177
    ));
#9632 = PLANE('',#9633);
#9633 = AXIS2_PLACEMENT_3D('',#9634,#9635,#9636);
#9634 = CARTESIAN_POINT('',(39.289019825933,61.88492037829,
    11.293808800229));
#9635 = DIRECTION('',(0.972184504687,0.162063556063,0.169093739217));
#9636 = DIRECTION('',(-0.171359050698,-2.580096072214E-18,0.985208645792
    ));
#9637 = ADVANCED_FACE('',(#9638),#9648,.T.);
#9638 = FACE_BOUND('',#9639,.T.);
#9639 = EDGE_LOOP('',(#9640,#9641,#9647));
#9640 = ORIENTED_EDGE('',*,*,#6362,.T.);
#9641 = ORIENTED_EDGE('',*,*,#9642,.F.);
#9642 = EDGE_CURVE('',#9618,#6354,#9643,.T.);
#9643 = LINE('',#9644,#9645);
#9644 = CARTESIAN_POINT('',(39.293846130371,61.576126098633,
    11.562016487122));
#9645 = VECTOR('',#9646,1.);
#9646 = DIRECTION('',(-0.233425688978,0.610864477467,0.756542819604));
#9647 = ORIENTED_EDGE('',*,*,#9627,.T.);
#9648 = PLANE('',#9649);
#9649 = AXIS2_PLACEMENT_3D('',#9650,#9651,#9652);
#9650 = CARTESIAN_POINT('',(39.28032031751,61.882989753518,
    11.345675065382));
#9651 = DIRECTION('',(0.972182799816,0.162067927742,0.169099351088));
#9652 = DIRECTION('',(-0.171364862436,2.393769040907E-17,0.985207634929)
  );
#9653 = ADVANCED_FACE('',(#9654),#9672,.T.);
#9654 = FACE_BOUND('',#9655,.T.);
#9655 = EDGE_LOOP('',(#9656,#9664,#9665,#9666));
#9656 = ORIENTED_EDGE('',*,*,#9657,.T.);
#9657 = EDGE_CURVE('',#9658,#9618,#9660,.T.);
#9658 = VERTEX_POINT('',#9659);
#9659 = CARTESIAN_POINT('',(39.293846130371,60.932773590088,
    11.996848106384));
#9660 = LINE('',#9661,#9662);
#9661 = CARTESIAN_POINT('',(39.293846130371,60.932773590088,
    11.996848106384));
#9662 = VECTOR('',#9663,1.);
#9663 = DIRECTION('',(0.,0.828508921638,-0.559975862664));
#9664 = ORIENTED_EDGE('',*,*,#9642,.T.);
#9665 = ORIENTED_EDGE('',*,*,#6353,.T.);
#9666 = ORIENTED_EDGE('',*,*,#9667,.F.);
#9667 = EDGE_CURVE('',#9658,#6345,#9668,.T.);
#9668 = LINE('',#9669,#9670);
#9669 = CARTESIAN_POINT('',(39.293846130371,60.932773590088,
    11.996848106384));
#9670 = VECTOR('',#9671,1.);
#9671 = DIRECTION('',(-2.327457116659E-02,0.878504772746,-0.477166279822
    ));
#9672 = PLANE('',#9673);
#9673 = AXIS2_PLACEMENT_3D('',#9674,#9675,#9676);
#9674 = CARTESIAN_POINT('',(39.28901984161,61.282451865355,
    11.784684928181));
#9675 = DIRECTION('',(0.972182804925,0.131159441745,0.194056163645));
#9676 = DIRECTION('',(-0.195747167296,-1.07955505193E-18,0.980654397072)
  );
#9677 = ADVANCED_FACE('',(#9678),#9688,.T.);
#9678 = FACE_BOUND('',#9679,.T.);
#9679 = EDGE_LOOP('',(#9680,#9681,#9687));
#9680 = ORIENTED_EDGE('',*,*,#6344,.T.);
#9681 = ORIENTED_EDGE('',*,*,#9682,.F.);
#9682 = EDGE_CURVE('',#9658,#6336,#9683,.T.);
#9683 = LINE('',#9684,#9685);
#9684 = CARTESIAN_POINT('',(39.293846130371,60.932773590088,
    11.996848106384));
#9685 = VECTOR('',#9686,1.);
#9686 = DIRECTION('',(-0.233428888662,0.474199531581,0.848908568802));
#9687 = ORIENTED_EDGE('',*,*,#9667,.T.);
#9688 = PLANE('',#9689);
#9689 = AXIS2_PLACEMENT_3D('',#9690,#9691,#9692);
#9690 = CARTESIAN_POINT('',(39.280320309535,61.271782827232,
    11.835478476064));
#9691 = DIRECTION('',(0.972181903822,0.13116121783,0.194059477527));
#9692 = DIRECTION('',(-0.195750556453,-9.871248367049E-19,0.98065372056)
  );
#9693 = ADVANCED_FACE('',(#9694),#9712,.T.);
#9694 = FACE_BOUND('',#9695,.T.);
#9695 = EDGE_LOOP('',(#9696,#9704,#9705,#9706));
#9696 = ORIENTED_EDGE('',*,*,#9697,.T.);
#9697 = EDGE_CURVE('',#9698,#9658,#9700,.T.);
#9698 = VERTEX_POINT('',#9699);
#9699 = CARTESIAN_POINT('',(39.293846130371,60.225185394287,
    12.316698074341));
#9700 = LINE('',#9701,#9702);
#9701 = CARTESIAN_POINT('',(39.293846130371,60.225185394287,
    12.316698074341));
#9702 = VECTOR('',#9703,1.);
#9703 = DIRECTION('',(0.,0.911228520964,-0.411901180603));
#9704 = ORIENTED_EDGE('',*,*,#9682,.T.);
#9705 = ORIENTED_EDGE('',*,*,#6335,.T.);
#9706 = ORIENTED_EDGE('',*,*,#9707,.F.);
#9707 = EDGE_CURVE('',#9698,#6327,#9708,.T.);
#9708 = LINE('',#9709,#9710);
#9709 = CARTESIAN_POINT('',(39.293846130371,60.225185394287,
    12.316698074341));
#9710 = VECTOR('',#9711,1.);
#9711 = DIRECTION('',(-2.327455306253E-02,0.946509802872,-0.321834566582
    ));
#9712 = PLANE('',#9713);
#9713 = AXIS2_PLACEMENT_3D('',#9714,#9715,#9716);
#9714 = CARTESIAN_POINT('',(39.289019850535,60.605690239688,
    12.166682605452));
#9715 = DIRECTION('',(0.972182140343,9.647802477165E-02,0.213433541728)
  );
#9716 = DIRECTION('',(-0.214433851028,9.633434083674E-19,0.976738513387)
  );
#9717 = ADVANCED_FACE('',(#9718),#9728,.T.);
#9718 = FACE_BOUND('',#9719,.T.);
#9719 = EDGE_LOOP('',(#9720,#9721,#9727));
#9720 = ORIENTED_EDGE('',*,*,#6326,.T.);
#9721 = ORIENTED_EDGE('',*,*,#9722,.F.);
#9722 = EDGE_CURVE('',#9698,#6318,#9723,.T.);
#9723 = LINE('',#9724,#9725);
#9724 = CARTESIAN_POINT('',(39.293846130371,60.225185394287,
    12.316698074341));
#9725 = VECTOR('',#9726,1.);
#9726 = DIRECTION('',(-0.233426485369,0.323957648826,0.916822511556));
#9727 = ORIENTED_EDGE('',*,*,#9707,.T.);
#9728 = PLANE('',#9729);
#9729 = AXIS2_PLACEMENT_3D('',#9730,#9731,#9732);
#9730 = CARTESIAN_POINT('',(39.280320322156,60.586590969219,
    12.214942290902));
#9731 = DIRECTION('',(0.972182702039,9.647728268715E-02,0.21343131865));
#9732 = DIRECTION('',(-0.214431602034,-2.024554813101E-18,0.97673900713)
  );
#9733 = ADVANCED_FACE('',(#9734),#9752,.T.);
#9734 = FACE_BOUND('',#9735,.T.);
#9735 = EDGE_LOOP('',(#9736,#9744,#9745,#9746));
#9736 = ORIENTED_EDGE('',*,*,#9737,.T.);
#9737 = EDGE_CURVE('',#9738,#9698,#9740,.T.);
#9738 = VERTEX_POINT('',#9739);
#9739 = CARTESIAN_POINT('',(39.293846130371,59.473724365234,
    12.512363433838));
#9740 = LINE('',#9741,#9742);
#9741 = CARTESIAN_POINT('',(39.293846130371,59.473724365234,
    12.512363433838));
#9742 = VECTOR('',#9743,1.);
#9743 = DIRECTION('',(0.,0.967732907458,-0.251978212993));
#9744 = ORIENTED_EDGE('',*,*,#9722,.T.);
#9745 = ORIENTED_EDGE('',*,*,#6317,.T.);
#9746 = ORIENTED_EDGE('',*,*,#9747,.F.);
#9747 = EDGE_CURVE('',#9738,#6309,#9748,.T.);
#9748 = LINE('',#9749,#9750);
#9749 = CARTESIAN_POINT('',(39.293846130371,59.473724365234,
    12.512363433838));
#9750 = VECTOR('',#9751,1.);
#9751 = DIRECTION('',(-2.327456214914E-02,0.987285498838,-0.157243882364
    ));
#9752 = PLANE('',#9753);
#9753 = AXIS2_PLACEMENT_3D('',#9754,#9755,#9756);
#9754 = CARTESIAN_POINT('',(39.289019837014,59.874107853149,
    12.42881176045));
#9755 = DIRECTION('',(0.972182498869,5.901950994259E-02,0.226666906138)
  );
#9756 = DIRECTION('',(-0.227062715188,1.762786877489E-18,0.973880138093)
  );
#9757 = ADVANCED_FACE('',(#9758),#9768,.T.);
#9758 = FACE_BOUND('',#9759,.T.);
#9759 = EDGE_LOOP('',(#9760,#9761,#9767));
#9760 = ORIENTED_EDGE('',*,*,#6308,.T.);
#9761 = ORIENTED_EDGE('',*,*,#9762,.T.);
#9762 = EDGE_CURVE('',#6300,#9738,#9763,.T.);
#9763 = LINE('',#9764,#9765);
#9764 = CARTESIAN_POINT('',(39.275531768799,59.486618041992,
    12.587557792664));
#9765 = VECTOR('',#9766,1.);
#9766 = DIRECTION('',(0.233425133868,-0.164335961773,-0.958387394818));
#9767 = ORIENTED_EDGE('',*,*,#9747,.T.);
#9768 = PLANE('',#9769);
#9769 = AXIS2_PLACEMENT_3D('',#9770,#9771,#9772);
#9770 = CARTESIAN_POINT('',(39.28032031925,59.847127701928,12.4731495668
    ));
#9771 = DIRECTION('',(0.972182942607,5.901922893394E-02,0.226665076092)
  );
#9772 = DIRECTION('',(-0.227060878167,-6.287156898362E-19,0.973880566397
    ));
#9773 = ADVANCED_FACE('',(#9774),#9792,.T.);
#9774 = FACE_BOUND('',#9775,.T.);
#9775 = EDGE_LOOP('',(#9776,#9777,#9778,#9786));
#9776 = ORIENTED_EDGE('',*,*,#9762,.F.);
#9777 = ORIENTED_EDGE('',*,*,#6299,.T.);
#9778 = ORIENTED_EDGE('',*,*,#9779,.F.);
#9779 = EDGE_CURVE('',#9780,#6291,#9782,.T.);
#9780 = VERTEX_POINT('',#9781);
#9781 = CARTESIAN_POINT('',(39.293846130371,58.700000762939,
    12.578217506409));
#9782 = LINE('',#9783,#9784);
#9783 = CARTESIAN_POINT('',(39.293846130371,58.700000762939,
    12.578217506409));
#9784 = VECTOR('',#9785,1.);
#9785 = DIRECTION('',(-2.327448217733E-02,0.99965864327,
    1.186993743203E-02));
#9786 = ORIENTED_EDGE('',*,*,#9787,.T.);
#9787 = EDGE_CURVE('',#9780,#9738,#9788,.T.);
#9788 = LINE('',#9789,#9790);
#9789 = CARTESIAN_POINT('',(39.293846130371,58.700000762939,
    12.578217506409));
#9790 = VECTOR('',#9791,1.);
#9791 = DIRECTION('',(0.,0.996397435341,-8.480654955033E-02));
#9792 = PLANE('',#9793);
#9793 = AXIS2_PLACEMENT_3D('',#9794,#9795,#9796);
#9794 = CARTESIAN_POINT('',(39.289019840723,59.108747190172,
    12.563532581238));
#9795 = DIRECTION('',(0.972182913581,1.986363880909E-02,0.23337913016));
#9796 = DIRECTION('',(-0.233425185308,-1.724981749938E-19,0.972374764617
    ));
#9797 = ADVANCED_FACE('',(#9798),#9808,.T.);
#9798 = FACE_BOUND('',#9799,.T.);
#9799 = EDGE_LOOP('',(#9800,#9801,#9807));
#9800 = ORIENTED_EDGE('',*,*,#6290,.T.);
#9801 = ORIENTED_EDGE('',*,*,#9802,.F.);
#9802 = EDGE_CURVE('',#9780,#6282,#9803,.T.);
#9803 = LINE('',#9804,#9805);
#9804 = CARTESIAN_POINT('',(39.293846130371,58.700000762939,
    12.578217506409));
#9805 = VECTOR('',#9806,1.);
#9806 = DIRECTION('',(-0.233427199686,0.,0.97237428105));
#9807 = ORIENTED_EDGE('',*,*,#9779,.T.);
#9808 = PLANE('',#9809);
#9809 = AXIS2_PLACEMENT_3D('',#9810,#9811,#9812);
#9810 = CARTESIAN_POINT('',(39.280320316051,59.074661637422,
    12.602672969364));
#9811 = DIRECTION('',(0.972182430788,1.986360365258E-02,0.233381144304)
  );
#9812 = DIRECTION('',(-0.233427199686,4.086312642846E-19,0.97237428105)
  );
#9813 = ADVANCED_FACE('',(#9814),#9832,.T.);
#9814 = FACE_BOUND('',#9815,.T.);
#9815 = EDGE_LOOP('',(#9816,#9824,#9825,#9826));
#9816 = ORIENTED_EDGE('',*,*,#9817,.T.);
#9817 = EDGE_CURVE('',#9818,#9780,#9820,.T.);
#9818 = VERTEX_POINT('',#9819);
#9819 = CARTESIAN_POINT('',(39.293846130371,57.926277160645,
    12.512363433838));
#9820 = LINE('',#9821,#9822);
#9821 = CARTESIAN_POINT('',(39.293846130371,57.926277160645,
    12.512363433838));
#9822 = VECTOR('',#9823,1.);
#9823 = DIRECTION('',(0.,0.996397435341,8.480654955033E-02));
#9824 = ORIENTED_EDGE('',*,*,#9802,.T.);
#9825 = ORIENTED_EDGE('',*,*,#6281,.T.);
#9826 = ORIENTED_EDGE('',*,*,#9827,.F.);
#9827 = EDGE_CURVE('',#9818,#6273,#9828,.T.);
#9828 = LINE('',#9829,#9830);
#9829 = CARTESIAN_POINT('',(39.293846130371,57.926277160645,
    12.512363433838));
#9830 = VECTOR('',#9831,1.);
#9831 = DIRECTION('',(-2.327449206849E-02,0.983273360295,0.18064273291)
  );
#9832 = PLANE('',#9833);
#9833 = AXIS2_PLACEMENT_3D('',#9834,#9835,#9836);
#9834 = CARTESIAN_POINT('',(39.289019843436,58.331625631435,
    12.566968515609));
#9835 = DIRECTION('',(0.972182426799,-1.986381015775E-02,0.233381143346)
  );
#9836 = DIRECTION('',(-0.233427199686,6.769610877955E-19,0.97237428105)
  );
#9837 = ADVANCED_FACE('',(#9838),#9848,.T.);
#9838 = FACE_BOUND('',#9839,.T.);
#9839 = EDGE_LOOP('',(#9840,#9841,#9847));
#9840 = ORIENTED_EDGE('',*,*,#6272,.T.);
#9841 = ORIENTED_EDGE('',*,*,#9842,.F.);
#9842 = EDGE_CURVE('',#9818,#6264,#9843,.T.);
#9843 = LINE('',#9844,#9845);
#9844 = CARTESIAN_POINT('',(39.293846130371,57.926277160645,
    12.512363433838));
#9845 = VECTOR('',#9846,1.);
#9846 = DIRECTION('',(-0.233425133868,-0.164335961773,0.958387394818));
#9847 = ORIENTED_EDGE('',*,*,#9827,.T.);
#9848 = PLANE('',#9849);
#9849 = AXIS2_PLACEMENT_3D('',#9850,#9851,#9852);
#9850 = CARTESIAN_POINT('',(39.280320317002,58.291415431079,
    12.599785398074));
#9851 = DIRECTION('',(0.972182909592,-1.986343511427E-02,0.233379164116)
  );
#9852 = DIRECTION('',(-0.233425218326,9.011557443276E-21,0.972374756691)
  );
#9853 = ADVANCED_FACE('',(#9854),#9872,.T.);
#9854 = FACE_BOUND('',#9855,.T.);
#9855 = EDGE_LOOP('',(#9856,#9864,#9865,#9866));
#9856 = ORIENTED_EDGE('',*,*,#9857,.T.);
#9857 = EDGE_CURVE('',#9858,#9818,#9860,.T.);
#9858 = VERTEX_POINT('',#9859);
#9859 = CARTESIAN_POINT('',(39.293846130371,57.174812316895,
    12.316698074341));
#9860 = LINE('',#9861,#9862);
#9861 = CARTESIAN_POINT('',(39.293846130371,57.174812316895,
    12.316698074341));
#9862 = VECTOR('',#9863,1.);
#9863 = DIRECTION('',(0.,0.96773321937,0.251977015079));
#9864 = ORIENTED_EDGE('',*,*,#9842,.T.);
#9865 = ORIENTED_EDGE('',*,*,#6263,.T.);
#9866 = ORIENTED_EDGE('',*,*,#9867,.F.);
#9867 = EDGE_CURVE('',#9858,#6255,#9868,.T.);
#9868 = LINE('',#9869,#9870);
#9869 = CARTESIAN_POINT('',(39.293846130371,57.174812316895,
    12.316698074341));
#9870 = VECTOR('',#9871,1.);
#9871 = DIRECTION('',(-2.3274512792E-02,0.93860132695,0.344217730663));
#9872 = PLANE('',#9873);
#9873 = AXIS2_PLACEMENT_3D('',#9874,#9875,#9876);
#9874 = CARTESIAN_POINT('',(39.289019842265,57.565101937313,
    12.439021429107));
#9875 = DIRECTION('',(0.972182951892,-5.901875555805E-02,0.226665159524)
  );
#9876 = DIRECTION('',(-0.227060955379,7.648500279715E-19,0.973880548395)
  );
#9877 = ADVANCED_FACE('',(#9878),#9888,.T.);
#9878 = FACE_BOUND('',#9879,.T.);
#9879 = EDGE_LOOP('',(#9880,#9881,#9887));
#9880 = ORIENTED_EDGE('',*,*,#6254,.T.);
#9881 = ORIENTED_EDGE('',*,*,#9882,.F.);
#9882 = EDGE_CURVE('',#9858,#6246,#9883,.T.);
#9883 = LINE('',#9884,#9885);
#9884 = CARTESIAN_POINT('',(39.293846130371,57.174812316895,
    12.316698074341));
#9885 = VECTOR('',#9886,1.);
#9886 = DIRECTION('',(-0.233430161868,-0.323914130049,0.916836951636));
#9887 = ORIENTED_EDGE('',*,*,#9867,.T.);
#9888 = PLANE('',#9889);
#9889 = AXIS2_PLACEMENT_3D('',#9890,#9891,#9892);
#9890 = CARTESIAN_POINT('',(39.280320319194,57.519924813381,
    12.464570707193));
#9891 = DIRECTION('',(0.972181828105,-5.902039456063E-02,0.226669552716)
  );
#9892 = DIRECTION('',(-0.227065378283,1.674611813421E-18,0.973879517181)
  );
#9893 = ADVANCED_FACE('',(#9894),#9912,.T.);
#9894 = FACE_BOUND('',#9895,.T.);
#9895 = EDGE_LOOP('',(#9896,#9904,#9905,#9906));
#9896 = ORIENTED_EDGE('',*,*,#9897,.T.);
#9897 = EDGE_CURVE('',#9898,#9858,#9900,.T.);
#9898 = VERTEX_POINT('',#9899);
#9899 = CARTESIAN_POINT('',(39.293846130371,56.467227935791,
    11.996848106384));
#9900 = LINE('',#9901,#9902);
#9901 = CARTESIAN_POINT('',(39.293846130371,56.467227935791,
    11.996848106384));
#9902 = VECTOR('',#9903,1.);
#9903 = DIRECTION('',(0.,0.911227687482,0.411903024467));
#9904 = ORIENTED_EDGE('',*,*,#9882,.T.);
#9905 = ORIENTED_EDGE('',*,*,#6245,.T.);
#9906 = ORIENTED_EDGE('',*,*,#9907,.F.);
#9907 = EDGE_CURVE('',#9898,#6237,#9908,.T.);
#9908 = LINE('',#9909,#9910);
#9909 = CARTESIAN_POINT('',(39.293846130371,56.467227935791,
    11.996848106384));
#9910 = VECTOR('',#9911,1.);
#9911 = DIRECTION('',(-2.327454156936E-02,0.866926982967,0.497891455961)
  );
#9912 = PLANE('',#9913);
#9913 = AXIS2_PLACEMENT_3D('',#9914,#9915,#9916);
#9914 = CARTESIAN_POINT('',(39.28901984042,56.831229278883,
    12.183371315503));
#9915 = DIRECTION('',(0.97218159502,-9.647938895902E-02,0.213435408989)
  );
#9916 = DIRECTION('',(-0.214435755528,3.332392962201E-18,0.97673809527)
  );
#9917 = ADVANCED_FACE('',(#9918),#9928,.T.);
#9918 = FACE_BOUND('',#9919,.T.);
#9919 = EDGE_LOOP('',(#9920,#9921,#9927));
#9920 = ORIENTED_EDGE('',*,*,#6236,.T.);
#9921 = ORIENTED_EDGE('',*,*,#9922,.F.);
#9922 = EDGE_CURVE('',#9898,#6228,#9923,.T.);
#9923 = LINE('',#9924,#9925);
#9924 = CARTESIAN_POINT('',(39.293846130371,56.467227935791,
    11.996848106384));
#9925 = VECTOR('',#9926,1.);
#9926 = DIRECTION('',(-0.233423506635,-0.474237218021,0.848888996037));
#9927 = ORIENTED_EDGE('',*,*,#9907,.T.);
#9928 = PLANE('',#9929);
#9929 = AXIS2_PLACEMENT_3D('',#9930,#9931,#9932);
#9930 = CARTESIAN_POINT('',(39.280320315766,56.782383700923,
    12.20091794151));
#9931 = DIRECTION('',(0.972183238388,-9.647594091372E-02,0.213429482085)
  );
#9932 = DIRECTION('',(-0.214429728843,-1.731490911892E-18,0.976739418365
    ));
#9933 = ADVANCED_FACE('',(#9934),#9952,.T.);
#9934 = FACE_BOUND('',#9935,.T.);
#9935 = EDGE_LOOP('',(#9936,#9944,#9945,#9946));
#9936 = ORIENTED_EDGE('',*,*,#9937,.T.);
#9937 = EDGE_CURVE('',#9938,#9898,#9940,.T.);
#9938 = VERTEX_POINT('',#9939);
#9939 = CARTESIAN_POINT('',(39.293846130371,55.823875427246,
    11.562016487122));
#9940 = LINE('',#9941,#9942);
#9941 = CARTESIAN_POINT('',(39.293846130371,55.823875427246,
    11.562016487122));
#9942 = VECTOR('',#9943,1.);
#9943 = DIRECTION('',(0.,0.828508921638,0.559975862664));
#9944 = ORIENTED_EDGE('',*,*,#9922,.T.);
#9945 = ORIENTED_EDGE('',*,*,#6227,.T.);
#9946 = ORIENTED_EDGE('',*,*,#9947,.F.);
#9947 = EDGE_CURVE('',#9938,#6219,#9948,.T.);
#9948 = LINE('',#9949,#9950);
#9949 = CARTESIAN_POINT('',(39.293846130371,55.823875427246,
    11.562016487122));
#9950 = VECTOR('',#9951,1.);
#9951 = DIRECTION('',(-2.327459785606E-02,0.770311138416,0.637243315483)
  );
#9952 = PLANE('',#9953);
#9953 = AXIS2_PLACEMENT_3D('',#9954,#9955,#9956);
#9954 = CARTESIAN_POINT('',(39.289019842055,56.151118291002,
    11.807373691278));
#9955 = DIRECTION('',(0.972183395134,-0.131158069933,0.194054133989));
#9956 = DIRECTION('',(-0.195745084117,4.827064599755E-18,0.98065481289)
  );
#9957 = ADVANCED_FACE('',(#9958),#9968,.T.);
#9958 = FACE_BOUND('',#9959,.T.);
#9959 = EDGE_LOOP('',(#9960,#9961,#9967));
#9960 = ORIENTED_EDGE('',*,*,#6218,.T.);
#9961 = ORIENTED_EDGE('',*,*,#9962,.F.);
#9962 = EDGE_CURVE('',#9938,#6210,#9963,.T.);
#9963 = LINE('',#9964,#9965);
#9964 = CARTESIAN_POINT('',(39.293846130371,55.823875427246,
    11.562016487122));
#9965 = VECTOR('',#9966,1.);
#9966 = DIRECTION('',(-0.233418756182,-0.610894953433,0.756520350111));
#9967 = ORIENTED_EDGE('',*,*,#9947,.T.);
#9968 = PLANE('',#9969);
#9969 = AXIS2_PLACEMENT_3D('',#9970,#9971,#9972);
#9970 = CARTESIAN_POINT('',(39.280320316144,56.10000770017,
    11.816412652161));
#9971 = DIRECTION('',(0.972184296164,-0.13115565736,0.194051250537));
#9972 = DIRECTION('',(-0.195742112517,3.004288482134E-18,0.980655406036)
  );
#9973 = ADVANCED_FACE('',(#9974),#9992,.T.);
#9974 = FACE_BOUND('',#9975,.T.);
#9975 = EDGE_LOOP('',(#9976,#9984,#9985,#9986));
#9976 = ORIENTED_EDGE('',*,*,#9977,.T.);
#9977 = EDGE_CURVE('',#9978,#9938,#9980,.T.);
#9978 = VERTEX_POINT('',#9979);
#9979 = CARTESIAN_POINT('',(39.293846130371,55.263259887695,
    11.024712562561));
#9980 = LINE('',#9981,#9982);
#9981 = CARTESIAN_POINT('',(39.293846130371,55.263259887695,
    11.024712562561));
#9982 = VECTOR('',#9983,1.);
#9983 = DIRECTION('',(0.,0.721957733287,0.691937158525));
#9984 = ORIENTED_EDGE('',*,*,#9962,.T.);
#9985 = ORIENTED_EDGE('',*,*,#6209,.T.);
#9986 = ORIENTED_EDGE('',*,*,#9987,.F.);
#9987 = EDGE_CURVE('',#9978,#6201,#9988,.T.);
#9988 = LINE('',#9989,#9990);
#9989 = CARTESIAN_POINT('',(39.293846130371,55.263259887695,
    11.024712562561));
#9990 = VECTOR('',#9991,1.);
#9991 = DIRECTION('',(-2.327456128995E-02,0.651537432553,0.758259367749)
  );
#9992 = PLANE('',#9993);
#9993 = AXIS2_PLACEMENT_3D('',#9994,#9995,#9996);
#9994 = CARTESIAN_POINT('',(39.289019842727,55.544331807846,
    11.321845058375));
#9995 = DIRECTION('',(0.972184653003,-0.162062555304,0.169093845643));
#9996 = DIRECTION('',(-0.171359130007,4.131430861564E-19,0.985208631998)
  );
#9997 = ADVANCED_FACE('',(#9998),#10008,.T.);
#9998 = FACE_BOUND('',#9999,.T.);
#9999 = EDGE_LOOP('',(#10000,#10001,#10007));
#10000 = ORIENTED_EDGE('',*,*,#6200,.T.);
#10001 = ORIENTED_EDGE('',*,*,#10002,.F.);
#10002 = EDGE_CURVE('',#9978,#6192,#10003,.T.);
#10003 = LINE('',#10004,#10005);
#10004 = CARTESIAN_POINT('',(39.293846130371,55.263259887695,
    11.024712562561));
#10005 = VECTOR('',#10006,1.);
#10006 = DIRECTION('',(-0.233426223692,-0.729937074837,0.642420473577));
#10007 = ORIENTED_EDGE('',*,*,#9987,.T.);
#10008 = PLANE('',#10009);
#10009 = AXIS2_PLACEMENT_3D('',#10010,#10011,#10012);
#10010 = CARTESIAN_POINT('',(39.280320317024,55.492429279617,
    11.322116579582));
#10011 = DIRECTION('',(0.972182653911,-0.162068912161,0.169099246436));
#10012 = DIRECTION('',(-0.17136478446,-5.098213542445E-19,0.985207648492
    ));
#10013 = ADVANCED_FACE('',(#10014),#10032,.T.);
#10014 = FACE_BOUND('',#10015,.T.);
#10015 = EDGE_LOOP('',(#10016,#10024,#10025,#10026));
#10016 = ORIENTED_EDGE('',*,*,#10017,.T.);
#10017 = EDGE_CURVE('',#10018,#9978,#10020,.T.);
#10018 = VERTEX_POINT('',#10019);
#10019 = CARTESIAN_POINT('',(39.293846130371,54.801517486572,
    10.400393486023));
#10020 = LINE('',#10021,#10022);
#10021 = CARTESIAN_POINT('',(39.293846130371,54.801517486572,
    10.400393486023));
#10022 = VECTOR('',#10023,1.);
#10023 = DIRECTION('',(0.,0.594631861323,0.803998102921));
#10024 = ORIENTED_EDGE('',*,*,#10002,.T.);
#10025 = ORIENTED_EDGE('',*,*,#6191,.T.);
#10026 = ORIENTED_EDGE('',*,*,#10027,.F.);
#10027 = EDGE_CURVE('',#10018,#6183,#10028,.T.);
#10028 = LINE('',#10029,#10030);
#10029 = CARTESIAN_POINT('',(39.293846130371,54.801517486572,
    10.400393486023));
#10030 = VECTOR('',#10031,1.);
#10031 = DIRECTION('',(-2.327458401349E-02,0.51401877587,0.857463113954)
  );
#10032 = PLANE('',#10033);
#10033 = AXIS2_PLACEMENT_3D('',#10034,#10035,#10036);
#10034 = CARTESIAN_POINT('',(39.289019842031,55.02832915971,
    10.740752665479));
#10035 = DIRECTION('',(0.972182675429,-0.188315588877,0.139277006654));
#10036 = DIRECTION('',(0.19016907938,0.981751354085,2.683333650635E-18)
  );
#10037 = ADVANCED_FACE('',(#10038),#10048,.T.);
#10038 = FACE_BOUND('',#10039,.T.);
#10039 = EDGE_LOOP('',(#10040,#10041,#10047));
#10040 = ORIENTED_EDGE('',*,*,#6182,.T.);
#10041 = ORIENTED_EDGE('',*,*,#10042,.F.);
#10042 = EDGE_CURVE('',#10018,#6174,#10043,.T.);
#10043 = LINE('',#10044,#10045);
#10044 = CARTESIAN_POINT('',(39.293846130371,54.801517486572,
    10.400393486023));
#10045 = VECTOR('',#10046,1.);
#10046 = DIRECTION('',(-0.233418737923,-0.828026354002,0.509792163401));
#10047 = ORIENTED_EDGE('',*,*,#10027,.T.);
#10048 = PLANE('',#10049);
#10049 = AXIS2_PLACEMENT_3D('',#10050,#10051,#10052);
#10050 = CARTESIAN_POINT('',(39.280320315714,54.977127336948,
    10.732248535565));
#10051 = DIRECTION('',(0.972184294007,-0.188309777049,0.139273566602));
#10052 = DIRECTION('',(0.190163117437,0.981752508918,-4.907884498325E-19
    ));
#10053 = ADVANCED_FACE('',(#10054),#10072,.T.);
#10054 = FACE_BOUND('',#10055,.T.);
#10055 = EDGE_LOOP('',(#10056,#10064,#10065,#10066));
#10056 = ORIENTED_EDGE('',*,*,#10057,.T.);
#10057 = EDGE_CURVE('',#10058,#10018,#10060,.T.);
#10058 = VERTEX_POINT('',#10059);
#10059 = CARTESIAN_POINT('',(39.293846130371,54.451923370361,
    9.70701789856));
#10060 = LINE('',#10061,#10062);
#10061 = CARTESIAN_POINT('',(39.293846130371,54.451923370361,
    9.70701789856));
#10062 = VECTOR('',#10063,1.);
#10063 = DIRECTION('',(0.,0.450205285897,0.892925081152));
#10064 = ORIENTED_EDGE('',*,*,#10042,.T.);
#10065 = ORIENTED_EDGE('',*,*,#6173,.T.);
#10066 = ORIENTED_EDGE('',*,*,#10067,.F.);
#10067 = EDGE_CURVE('',#10058,#6165,#10068,.T.);
#10068 = LINE('',#10069,#10070);
#10069 = CARTESIAN_POINT('',(39.293846130371,54.451923370361,
    9.70701789856));
#10070 = VECTOR('',#10071,1.);
#10071 = DIRECTION('',(-2.327455215287E-02,0.361713009744,0.931998923714
    ));
#10072 = PLANE('',#10073);
#10073 = AXIS2_PLACEMENT_3D('',#10074,#10075,#10076);
#10074 = CARTESIAN_POINT('',(39.289019842768,54.617952913306,
    10.080813913343));
#10075 = DIRECTION('',(0.972184656659,-0.209137071464,0.105445145441));
#10076 = DIRECTION('',(0.210309521596,0.977634852655,9.460164947903E-19)
  );
#10077 = ADVANCED_FACE('',(#10078),#10088,.T.);
#10078 = FACE_BOUND('',#10079,.T.);
#10079 = EDGE_LOOP('',(#10080,#10081,#10087));
#10080 = ORIENTED_EDGE('',*,*,#6164,.T.);
#10081 = ORIENTED_EDGE('',*,*,#10082,.F.);
#10082 = EDGE_CURVE('',#10058,#6156,#10083,.T.);
#10083 = LINE('',#10084,#10085);
#10084 = CARTESIAN_POINT('',(39.293846130371,54.451923370361,
    9.70701789856));
#10085 = VECTOR('',#10086,1.);
#10086 = DIRECTION('',(-0.233428477417,-0.902256249827,0.362553176208));
#10087 = ORIENTED_EDGE('',*,*,#10067,.T.);
#10088 = PLANE('',#10089);
#10089 = AXIS2_PLACEMENT_3D('',#10090,#10091,#10092);
#10090 = CARTESIAN_POINT('',(39.280320315444,54.568925016467,
    10.06377920141));
#10091 = DIRECTION('',(0.972182120121,-0.209146959471,0.105448919677));
#10092 = DIRECTION('',(0.210319549681,0.977632695352,1.200343744663E-17)
  );
#10093 = ADVANCED_FACE('',(#10094),#10112,.T.);
#10094 = FACE_BOUND('',#10095,.T.);
#10095 = EDGE_LOOP('',(#10096,#10104,#10105,#10106));
#10096 = ORIENTED_EDGE('',*,*,#10097,.T.);
#10097 = EDGE_CURVE('',#10098,#10058,#10100,.T.);
#10098 = VERTEX_POINT('',#10099);
#10099 = CARTESIAN_POINT('',(39.293846130371,54.224540710449,
    8.964535713196));
#10100 = LINE('',#10101,#10102);
#10101 = CARTESIAN_POINT('',(39.293846130371,54.224540710449,
    8.964535713196));
#10102 = VECTOR('',#10103,1.);
#10103 = DIRECTION('',(0.,0.292822825853,0.956166718025));
#10104 = ORIENTED_EDGE('',*,*,#10082,.T.);
#10105 = ORIENTED_EDGE('',*,*,#6155,.T.);
#10106 = ORIENTED_EDGE('',*,*,#10107,.F.);
#10107 = EDGE_CURVE('',#10098,#6147,#10108,.T.);
#10108 = LINE('',#10109,#10110);
#10109 = CARTESIAN_POINT('',(39.293846130371,54.224540710449,
    8.964535713196));
#10110 = VECTOR('',#10111,1.);
#10111 = DIRECTION('',(-2.327454635696E-02,0.19900440074,0.979722176935)
  );
#10112 = PLANE('',#10113);
#10113 = AXIS2_PLACEMENT_3D('',#10114,#10115,#10116);
#10114 = CARTESIAN_POINT('',(39.289019845053,54.325010170152,
    9.361012986324));
#10115 = DIRECTION('',(0.972182135016,-0.223959263434,6.858676751499E-02
    ));
#10116 = DIRECTION('',(0.224487897634,0.974476877004,2.391207571571E-19)
  );
#10117 = ADVANCED_FACE('',(#10118),#10128,.T.);
#10118 = FACE_BOUND('',#10119,.T.);
#10119 = EDGE_LOOP('',(#10120,#10121,#10127));
#10120 = ORIENTED_EDGE('',*,*,#6146,.T.);
#10121 = ORIENTED_EDGE('',*,*,#10122,.F.);
#10122 = EDGE_CURVE('',#10098,#6138,#10123,.T.);
#10123 = LINE('',#10124,#10125);
#10124 = CARTESIAN_POINT('',(39.293846130371,54.224540710449,
    8.964535713196));
#10125 = VECTOR('',#10126,1.);
#10126 = DIRECTION('',(-0.233420251944,-0.950551832069,0.204856536465));
#10127 = ORIENTED_EDGE('',*,*,#10107,.T.);
#10128 = PLANE('',#10129);
#10129 = AXIS2_PLACEMENT_3D('',#10130,#10131,#10132);
#10130 = CARTESIAN_POINT('',(39.280320321347,54.279566655716,
    9.335938135676));
#10131 = DIRECTION('',(0.972184078321,-0.223951308324,6.858519781245E-02
    ));
#10132 = DIRECTION('',(0.224479899465,0.974478719489,-2.367378690591E-18
    ));
#10133 = ADVANCED_FACE('',(#10134),#10152,.T.);
#10134 = FACE_BOUND('',#10135,.T.);
#10135 = EDGE_LOOP('',(#10136,#10144,#10145,#10146));
#10136 = ORIENTED_EDGE('',*,*,#10137,.T.);
#10137 = EDGE_CURVE('',#10138,#10098,#10140,.T.);
#10138 = VERTEX_POINT('',#10139);
#10139 = CARTESIAN_POINT('',(39.293846130371,54.125907897949,
    8.194305419922));
#10140 = LINE('',#10141,#10142);
#10141 = CARTESIAN_POINT('',(39.293846130371,54.125907897949,
    8.194305419922));
#10142 = VECTOR('',#10143,1.);
#10143 = DIRECTION('',(0.,0.127019042308,0.991900278703));
#10144 = ORIENTED_EDGE('',*,*,#10122,.T.);
#10145 = ORIENTED_EDGE('',*,*,#6137,.T.);
#10146 = ORIENTED_EDGE('',*,*,#10147,.F.);
#10147 = EDGE_CURVE('',#10138,#6129,#10148,.T.);
#10148 = LINE('',#10149,#10150);
#10149 = CARTESIAN_POINT('',(39.293846130371,54.125907897949,
    8.194305419922));
#10150 = VECTOR('',#10151,1.);
#10151 = DIRECTION('',(-2.327452495554E-02,3.05656904488E-02,
    0.999261745018));
#10152 = PLANE('',#10153);
#10153 = AXIS2_PLACEMENT_3D('',#10154,#10155,#10156);
#10154 = CARTESIAN_POINT('',(39.289019836735,54.157927017072,
    8.602060015903));
#10155 = DIRECTION('',(0.972184128108,-0.23232079261,2.975013236622E-02)
  );
#10156 = DIRECTION('',(0.232423671032,0.97261463959,-5.229817914239E-19)
  );
#10157 = ADVANCED_FACE('',(#10158),#10168,.T.);
#10158 = FACE_BOUND('',#10159,.T.);
#10159 = EDGE_LOOP('',(#10160,#10161,#10167));
#10160 = ORIENTED_EDGE('',*,*,#6128,.T.);
#10161 = ORIENTED_EDGE('',*,*,#10162,.F.);
#10162 = EDGE_CURVE('',#10138,#6120,#10163,.T.);
#10163 = LINE('',#10164,#10165);
#10164 = CARTESIAN_POINT('',(39.293846130371,54.125907897949,
    8.194305419922));
#10165 = VECTOR('',#10166,1.);
#10166 = DIRECTION('',(-0.233429755444,-0.971497592904,
    4.126713287508E-02));
#10167 = ORIENTED_EDGE('',*,*,#10147,.T.);
#10168 = PLANE('',#10169);
#10169 = AXIS2_PLACEMENT_3D('',#10170,#10171,#10172);
#10170 = CARTESIAN_POINT('',(39.280320314385,54.117375082885,
    8.569666081588));
#10171 = DIRECTION('',(0.972181818162,-0.23233042789,2.975037329017E-02)
  );
#10172 = DIRECTION('',(0.232433312246,0.972612335599,-8.83365310804E-19)
  );
#10173 = ADVANCED_FACE('',(#10174),#10192,.T.);
#10174 = FACE_BOUND('',#10175,.T.);
#10175 = EDGE_LOOP('',(#10176,#10184,#10185,#10186));
#10176 = ORIENTED_EDGE('',*,*,#10177,.T.);
#10177 = EDGE_CURVE('',#10178,#10138,#10180,.T.);
#10178 = VERTEX_POINT('',#10179);
#10179 = CARTESIAN_POINT('',(39.293846130371,54.158863067627,
    7.418484687805));
#10180 = LINE('',#10181,#10182);
#10181 = CARTESIAN_POINT('',(39.293846130371,54.158863067627,
    7.418484687805));
#10182 = VECTOR('',#10183,1.);
#10183 = DIRECTION('',(0.,-4.243954423422E-02,0.999099036675));
#10184 = ORIENTED_EDGE('',*,*,#10162,.T.);
#10185 = ORIENTED_EDGE('',*,*,#6119,.T.);
#10186 = ORIENTED_EDGE('',*,*,#10187,.F.);
#10187 = EDGE_CURVE('',#10178,#6111,#10188,.T.);
#10188 = LINE('',#10189,#10190);
#10189 = CARTESIAN_POINT('',(39.293846130371,54.158863067627,
    7.418484687805));
#10190 = VECTOR('',#10191,1.);
#10191 = DIRECTION('',(-2.327452668876E-02,-0.138745460078,
    0.990054540778));
#10192 = PLANE('',#10193);
#10193 = AXIS2_PLACEMENT_3D('',#10194,#10195,#10196);
#10194 = CARTESIAN_POINT('',(39.28901984667,54.121511861567,
    7.825784878385));
#10195 = DIRECTION('',(0.972181826931,-0.234016413369,-9.94050595801E-03
    ));
#10196 = DIRECTION('',(0.234027976235,0.972229862913,-1.121402977682E-19
    ));
#10197 = ADVANCED_FACE('',(#10198),#10208,.T.);
#10198 = FACE_BOUND('',#10199,.T.);
#10199 = EDGE_LOOP('',(#10200,#10201,#10207));
#10200 = ORIENTED_EDGE('',*,*,#6110,.T.);
#10201 = ORIENTED_EDGE('',*,*,#10202,.F.);
#10202 = EDGE_CURVE('',#10178,#6102,#10203,.T.);
#10203 = LINE('',#10204,#10205);
#10204 = CARTESIAN_POINT('',(39.293846130371,54.158863067627,
    7.418484687805));
#10205 = VECTOR('',#10206,1.);
#10206 = DIRECTION('',(-0.233430113721,-0.964497639216,-0.123509861774)
  );
#10207 = ORIENTED_EDGE('',*,*,#10187,.T.);
#10208 = PLANE('',#10209);
#10209 = AXIS2_PLACEMENT_3D('',#10210,#10211,#10212);
#10210 = CARTESIAN_POINT('',(39.280320313205,54.087018468747,
    7.787004330074));
#10211 = DIRECTION('',(0.972181713721,-0.234016880786,
    -9.940574122872E-03));
#10212 = DIRECTION('',(0.234028443834,0.972229750356,1.120511907932E-19)
  );
#10213 = ADVANCED_FACE('',(#10214),#10232,.T.);
#10214 = FACE_BOUND('',#10215,.T.);
#10215 = EDGE_LOOP('',(#10216,#10224,#10225,#10226));
#10216 = ORIENTED_EDGE('',*,*,#10217,.T.);
#10217 = EDGE_CURVE('',#10218,#10178,#10220,.T.);
#10218 = VERTEX_POINT('',#10219);
#10219 = CARTESIAN_POINT('',(39.293846130371,54.322463989258,
    6.659393787384));
#10220 = LINE('',#10221,#10222);
#10221 = CARTESIAN_POINT('',(39.293846130371,54.322463989258,
    6.659393787384));
#10222 = VECTOR('',#10223,1.);
#10223 = DIRECTION('',(0.,-0.210684584121,0.977554093651));
#10224 = ORIENTED_EDGE('',*,*,#10202,.T.);
#10225 = ORIENTED_EDGE('',*,*,#6101,.T.);
#10226 = ORIENTED_EDGE('',*,*,#10227,.F.);
#10227 = EDGE_CURVE('',#10218,#6093,#10228,.T.);
#10228 = LINE('',#10229,#10230);
#10229 = CARTESIAN_POINT('',(39.293846130371,54.322463989258,
    6.659393787384));
#10230 = VECTOR('',#10231,1.);
#10231 = DIRECTION('',(-2.327450283621E-02,-0.3040762166,0.952363350836)
  );
#10232 = PLANE('',#10233);
#10233 = AXIS2_PLACEMENT_3D('',#10234,#10235,#10236);
#10234 = CARTESIAN_POINT('',(39.289019845627,54.216813164045,
    7.054522451497));
#10235 = DIRECTION('',(0.972181705901,-0.228970487512,
    -4.934821740373E-02));
#10236 = DIRECTION('',(0.229249797553,0.97336762342,9.920504793623E-19)
  );
#10237 = ADVANCED_FACE('',(#10238),#10248,.T.);
#10238 = FACE_BOUND('',#10239,.T.);
#10239 = EDGE_LOOP('',(#10240,#10241,#10247));
#10240 = ORIENTED_EDGE('',*,*,#6092,.T.);
#10241 = ORIENTED_EDGE('',*,*,#10242,.F.);
#10242 = EDGE_CURVE('',#10218,#6084,#10243,.T.);
#10243 = LINE('',#10244,#10245);
#10244 = CARTESIAN_POINT('',(39.293846130371,54.322463989258,
    6.659393787384));
#10245 = VECTOR('',#10246,1.);
#10246 = DIRECTION('',(-0.233423118455,-0.929754279154,-0.284729043419)
  );
#10247 = ORIENTED_EDGE('',*,*,#10227,.T.);
#10248 = PLANE('',#10249);
#10249 = AXIS2_PLACEMENT_3D('',#10250,#10251,#10252);
#10250 = CARTESIAN_POINT('',(39.280320321447,54.189369653587,
    7.010469834757));
#10251 = DIRECTION('',(0.972183448501,-0.228963573471,
    -4.934596726089E-02));
#10252 = DIRECTION('',(0.229242849561,0.973369259801,-3.569612207382E-19
    ));
#10253 = ADVANCED_FACE('',(#10254),#10272,.T.);
#10254 = FACE_BOUND('',#10255,.T.);
#10255 = EDGE_LOOP('',(#10256,#10264,#10265,#10266));
#10256 = ORIENTED_EDGE('',*,*,#10257,.T.);
#10257 = EDGE_CURVE('',#10258,#10218,#10260,.T.);
#10258 = VERTEX_POINT('',#10259);
#10259 = CARTESIAN_POINT('',(39.293846130371,54.611991882324,
    5.938869476318));
#10260 = LINE('',#10261,#10262);
#10261 = CARTESIAN_POINT('',(39.293846130371,54.611991882324,
    5.938869476318));
#10262 = VECTOR('',#10263,1.);
#10263 = DIRECTION('',(0.,-0.372853607897,0.927890180505));
#10264 = ORIENTED_EDGE('',*,*,#10242,.T.);
#10265 = ORIENTED_EDGE('',*,*,#6083,.T.);
#10266 = ORIENTED_EDGE('',*,*,#10267,.F.);
#10267 = EDGE_CURVE('',#10258,#6075,#10268,.T.);
#10268 = LINE('',#10269,#10270);
#10269 = CARTESIAN_POINT('',(39.293846130371,54.611991882324,
    5.938869476318));
#10270 = VECTOR('',#10271,1.);
#10271 = DIRECTION('',(-2.327454417617E-02,-0.460647877976,
    0.887277762659));
#10272 = PLANE('',#10273);
#10273 = AXIS2_PLACEMENT_3D('',#10274,#10275,#10276);
#10274 = CARTESIAN_POINT('',(39.289019838242,54.441086338244,
    6.31046043053));
#10275 = DIRECTION('',(0.972183407589,-0.217331257354,
    -8.733010125111E-02));
#10276 = DIRECTION('',(0.218164771501,0.975911949141,-9.356609087997E-19
    ));
#10277 = ADVANCED_FACE('',(#10278),#10288,.T.);
#10278 = FACE_BOUND('',#10279,.T.);
#10279 = EDGE_LOOP('',(#10280,#10281,#10287));
#10280 = ORIENTED_EDGE('',*,*,#6074,.T.);
#10281 = ORIENTED_EDGE('',*,*,#10282,.F.);
#10282 = EDGE_CURVE('',#10258,#6066,#10283,.T.);
#10283 = LINE('',#10284,#10285);
#10284 = CARTESIAN_POINT('',(39.293846130371,54.611991882324,
    5.938869476318));
#10285 = VECTOR('',#10286,1.);
#10286 = DIRECTION('',(-0.233425633246,-0.868259728912,-0.437764225232)
  );
#10287 = ORIENTED_EDGE('',*,*,#10267,.T.);
#10288 = PLANE('',#10289);
#10289 = AXIS2_PLACEMENT_3D('',#10290,#10291,#10292);
#10290 = CARTESIAN_POINT('',(39.280320318156,54.421482051102,
    6.262403093135));
#10291 = DIRECTION('',(0.972182812065,-0.217333456274,
    -8.733125848534E-02));
#10292 = DIRECTION('',(0.218167001072,0.975911450718,1.084006997864E-18)
  );
#10293 = ADVANCED_FACE('',(#10294),#10312,.T.);
#10294 = FACE_BOUND('',#10295,.T.);
#10295 = EDGE_LOOP('',(#10296,#10304,#10305,#10306));
#10296 = ORIENTED_EDGE('',*,*,#10297,.T.);
#10297 = EDGE_CURVE('',#10298,#10258,#10300,.T.);
#10298 = VERTEX_POINT('',#10299);
#10299 = CARTESIAN_POINT('',(39.293846130371,55.01912689209,
    5.277640342712));
#10300 = LINE('',#10301,#10302);
#10301 = CARTESIAN_POINT('',(39.293846130371,55.01912689209,
    5.277640342712));
#10302 = VECTOR('',#10303,1.);
#10303 = DIRECTION('',(0.,-0.524307363562,0.851529088473));
#10304 = ORIENTED_EDGE('',*,*,#10282,.T.);
#10305 = ORIENTED_EDGE('',*,*,#6065,.T.);
#10306 = ORIENTED_EDGE('',*,*,#10307,.F.);
#10307 = EDGE_CURVE('',#10298,#6057,#10308,.T.);
#10308 = LINE('',#10309,#10310);
#10309 = CARTESIAN_POINT('',(39.293846130371,55.01912689209,
    5.277640342712));
#10310 = VECTOR('',#10311,1.);
#10311 = DIRECTION('',(-2.327452357967E-02,-0.603974129285,
    0.796664011806));
#10312 = PLANE('',#10313);
#10313 = AXIS2_PLACEMENT_3D('',#10314,#10315,#10316);
#10314 = CARTESIAN_POINT('',(39.289019840905,54.787879518019,
    5.615002682017));
#10315 = DIRECTION('',(0.972182794755,-0.199448060976,-0.1228050673));
#10316 = DIRECTION('',(0.200969235016,0.979597553374,-1.273720459048E-17
    ));
#10317 = ADVANCED_FACE('',(#10318),#10328,.T.);
#10318 = FACE_BOUND('',#10319,.T.);
#10319 = EDGE_LOOP('',(#10320,#10321,#10327));
#10320 = ORIENTED_EDGE('',*,*,#6056,.T.);
#10321 = ORIENTED_EDGE('',*,*,#10322,.F.);
#10322 = EDGE_CURVE('',#10298,#6048,#10323,.T.);
#10323 = LINE('',#10324,#10325);
#10324 = CARTESIAN_POINT('',(39.293846130371,55.01912689209,
    5.277640342712));
#10325 = VECTOR('',#10326,1.);
#10326 = DIRECTION('',(-0.233421127372,-0.781797902134,-0.578192543635)
  );
#10327 = ORIENTED_EDGE('',*,*,#10307,.T.);
#10328 = PLANE('',#10329);
#10329 = AXIS2_PLACEMENT_3D('',#10330,#10331,#10332);
#10330 = CARTESIAN_POINT('',(39.280320325443,54.776678822793,
    5.564323452971));
#10331 = DIRECTION('',(0.972183970937,-0.199444166749,-0.122802080611));
#10332 = DIRECTION('',(0.20096523625,0.979598373732,-6.111502417741E-19)
  );
#10333 = ADVANCED_FACE('',(#10334),#10352,.T.);
#10334 = FACE_BOUND('',#10335,.T.);
#10335 = EDGE_LOOP('',(#10336,#10344,#10345,#10346));
#10336 = ORIENTED_EDGE('',*,*,#10337,.T.);
#10337 = EDGE_CURVE('',#10338,#10298,#10340,.T.);
#10338 = VERTEX_POINT('',#10339);
#10339 = CARTESIAN_POINT('',(39.293846130371,55.532154083252,
    4.694728374481));
#10340 = LINE('',#10341,#10342);
#10341 = CARTESIAN_POINT('',(39.293846130371,55.532154083252,
    4.694728374481));
#10342 = VECTOR('',#10343,1.);
#10343 = DIRECTION('',(0.,-0.660674820907,0.750672219427));
#10344 = ORIENTED_EDGE('',*,*,#10322,.T.);
#10345 = ORIENTED_EDGE('',*,*,#6047,.T.);
#10346 = ORIENTED_EDGE('',*,*,#10347,.F.);
#10347 = EDGE_CURVE('',#10338,#6039,#10348,.T.);
#10348 = LINE('',#10349,#10350);
#10349 = CARTESIAN_POINT('',(39.293846130371,55.532154083252,
    4.694728374481));
#10350 = VECTOR('',#10351,1.);
#10351 = DIRECTION('',(-2.327447369175E-02,-0.729924532461,
    0.683131375202));
#10352 = PLANE('',#10353);
#10353 = AXIS2_PLACEMENT_3D('',#10354,#10355,#10356);
#10354 = CARTESIAN_POINT('',(39.289019833177,55.247217633075,
    4.988157380286));
#10355 = DIRECTION('',(0.972183813226,-0.175821846139,-0.154742727523));
#10356 = DIRECTION('',(0.177965475758,0.984036731752,8.902196262754E-18)
  );
#10357 = ADVANCED_FACE('',(#10358),#10368,.T.);
#10358 = FACE_BOUND('',#10359,.T.);
#10359 = EDGE_LOOP('',(#10360,#10361,#10367));
#10360 = ORIENTED_EDGE('',*,*,#6038,.T.);
#10361 = ORIENTED_EDGE('',*,*,#10362,.F.);
#10362 = EDGE_CURVE('',#10338,#6030,#10363,.T.);
#10363 = LINE('',#10364,#10365);
#10364 = CARTESIAN_POINT('',(39.293846130371,55.532154083252,
    4.694728374481));
#10365 = VECTOR('',#10366,1.);
#10366 = DIRECTION('',(-0.2334288178,-0.672815659388,-0.70201857205));
#10367 = ORIENTED_EDGE('',*,*,#10347,.T.);
#10368 = PLANE('',#10369);
#10369 = AXIS2_PLACEMENT_3D('',#10370,#10371,#10372);
#10370 = CARTESIAN_POINT('',(39.280320312811,55.244743151255,
    4.936314521995));
#10371 = DIRECTION('',(0.972182004799,-0.175826971411,-0.154748265479));
#10372 = DIRECTION('',(0.177970819776,0.984035765259,3.226089659389E-18)
  );
#10373 = ADVANCED_FACE('',(#10374),#10392,.T.);
#10374 = FACE_BOUND('',#10375,.T.);
#10375 = EDGE_LOOP('',(#10376,#10384,#10385,#10386));
#10376 = ORIENTED_EDGE('',*,*,#10377,.T.);
#10377 = EDGE_CURVE('',#10378,#10338,#10380,.T.);
#10378 = VERTEX_POINT('',#10379);
#10379 = CARTESIAN_POINT('',(39.293846130371,56.13631439209,
    4.206902980804));
#10380 = LINE('',#10381,#10382);
#10381 = CARTESIAN_POINT('',(39.293846130371,56.13631439209,
    4.206902980804));
#10382 = VECTOR('',#10383,1.);
#10383 = DIRECTION('',(0.,-0.778035745775,0.628220007877));
#10384 = ORIENTED_EDGE('',*,*,#10362,.T.);
#10385 = ORIENTED_EDGE('',*,*,#6029,.T.);
#10386 = ORIENTED_EDGE('',*,*,#10387,.F.);
#10387 = EDGE_CURVE('',#10378,#6021,#10388,.T.);
#10388 = LINE('',#10389,#10390);
#10389 = CARTESIAN_POINT('',(39.293846130371,56.13631439209,
    4.206902980804));
#10390 = VECTOR('',#10391,1.);
#10391 = DIRECTION('',(-2.327455240326E-02,-0.834873368492,
    0.549949773883));
#10392 = PLANE('',#10393);
#10393 = AXIS2_PLACEMENT_3D('',#10394,#10395,#10396);
#10394 = CARTESIAN_POINT('',(39.289019847075,55.805888157272,
    4.447956630254));
#10395 = DIRECTION('',(0.972182088031,-0.147145685714,-0.182236480671));
#10396 = DIRECTION('',(0.184241985986,-2.584236450875E-18,0.982880913743
    ));
#10397 = ADVANCED_FACE('',(#10398),#10408,.T.);
#10398 = FACE_BOUND('',#10399,.T.);
#10399 = EDGE_LOOP('',(#10400,#10401,#10407));
#10400 = ORIENTED_EDGE('',*,*,#6020,.T.);
#10401 = ORIENTED_EDGE('',*,*,#10402,.F.);
#10402 = EDGE_CURVE('',#10378,#6012,#10403,.T.);
#10403 = LINE('',#10404,#10405);
#10404 = CARTESIAN_POINT('',(39.293846130371,56.13631439209,
    4.206902980804));
#10405 = VECTOR('',#10406,1.);
#10406 = DIRECTION('',(-0.233427179523,-0.544501350444,-0.805624001147)
  );
#10407 = ORIENTED_EDGE('',*,*,#10387,.T.);
#10408 = PLANE('',#10409);
#10409 = AXIS2_PLACEMENT_3D('',#10410,#10411,#10412);
#10410 = CARTESIAN_POINT('',(39.280320315489,55.812210981043,
    4.396441513888));
#10411 = DIRECTION('',(0.972182410759,-0.147144951254,-0.182235352035));
#10412 = DIRECTION('',(0.184240824578,1.391666726855E-18,0.982881131449)
  );
#10413 = ADVANCED_FACE('',(#10414),#10432,.T.);
#10414 = FACE_BOUND('',#10415,.T.);
#10415 = EDGE_LOOP('',(#10416,#10424,#10425,#10426));
#10416 = ORIENTED_EDGE('',*,*,#10417,.T.);
#10417 = EDGE_CURVE('',#10418,#10378,#10420,.T.);
#10418 = VERTEX_POINT('',#10419);
#10419 = CARTESIAN_POINT('',(39.293846130371,56.814228057861,
    3.828197956085));
#10420 = LINE('',#10421,#10422);
#10421 = CARTESIAN_POINT('',(39.293846130371,56.814228057861,
    3.828197956085));
#10422 = VECTOR('',#10423,1.);
#10423 = DIRECTION('',(0.,-0.873014261277,0.487694678674));
#10424 = ORIENTED_EDGE('',*,*,#10402,.T.);
#10425 = ORIENTED_EDGE('',*,*,#6011,.T.);
#10426 = ORIENTED_EDGE('',*,*,#10427,.F.);
#10427 = EDGE_CURVE('',#10418,#6003,#10428,.T.);
#10428 = LINE('',#10429,#10430);
#10429 = CARTESIAN_POINT('',(39.293846130371,56.814228057861,
    3.828197956085));
#10430 = VECTOR('',#10431,1.);
#10431 = DIRECTION('',(-2.32745132174E-02,-0.915806767736,0.400944212084
    ));
#10432 = PLANE('',#10433);
#10433 = AXIS2_PLACEMENT_3D('',#10434,#10435,#10436);
#10434 = CARTESIAN_POINT('',(39.289019844287,56.447815758382,
    4.00994202452));
#10435 = DIRECTION('',(0.972182454171,-0.114230208216,-0.204481625907));
#10436 = DIRECTION('',(0.205828918879,-5.923731258297E-19,0.978587991012
    ));
#10437 = ADVANCED_FACE('',(#10438),#10448,.T.);
#10438 = FACE_BOUND('',#10439,.T.);
#10439 = EDGE_LOOP('',(#10440,#10441,#10447));
#10440 = ORIENTED_EDGE('',*,*,#6002,.T.);
#10441 = ORIENTED_EDGE('',*,*,#10442,.F.);
#10442 = EDGE_CURVE('',#10418,#5994,#10443,.T.);
#10443 = LINE('',#10444,#10445);
#10444 = CARTESIAN_POINT('',(39.293846130371,56.814228057861,
    3.828197956085));
#10445 = VECTOR('',#10446,1.);
#10446 = DIRECTION('',(-0.233425394885,-0.400532889619,-0.886050782606)
  );
#10447 = ORIENTED_EDGE('',*,*,#10427,.T.);
#10448 = PLANE('',#10449);
#10449 = AXIS2_PLACEMENT_3D('',#10450,#10451,#10452);
#10450 = CARTESIAN_POINT('',(39.280320320416,56.462753456378,
    3.960236327726));
#10451 = DIRECTION('',(0.972182917285,-0.114229443133,-0.204479851478));
#10452 = DIRECTION('',(0.205827114533,-1.784654242906E-18,0.978588370523
    ));
#10453 = ADVANCED_FACE('',(#10454),#10472,.T.);
#10454 = FACE_BOUND('',#10455,.T.);
#10455 = EDGE_LOOP('',(#10456,#10464,#10465,#10466));
#10456 = ORIENTED_EDGE('',*,*,#10457,.T.);
#10457 = EDGE_CURVE('',#10458,#10418,#10460,.T.);
#10458 = VERTEX_POINT('',#10459);
#10459 = CARTESIAN_POINT('',(39.293846130371,57.54638671875,
    3.569508552551));
#10460 = LINE('',#10461,#10462);
#10461 = CARTESIAN_POINT('',(39.293846130371,57.54638671875,
    3.569508552551));
#10462 = VECTOR('',#10463,1.);
#10463 = DIRECTION('',(0.,-0.94287692293,0.333141273645));
#10464 = ORIENTED_EDGE('',*,*,#10442,.T.);
#10465 = ORIENTED_EDGE('',*,*,#5993,.T.);
#10466 = ORIENTED_EDGE('',*,*,#10467,.F.);
#10467 = EDGE_CURVE('',#10458,#5985,#10468,.T.);
#10468 = LINE('',#10469,#10470);
#10469 = CARTESIAN_POINT('',(39.293846130371,57.54638671875,
    3.569508552551));
#10470 = VECTOR('',#10471,1.);
#10471 = DIRECTION('',(-2.327462755104E-02,-0.970393443504,0.24040560833
    ));
#10472 = PLANE('',#10473);
#10473 = AXIS2_PLACEMENT_3D('',#10474,#10475,#10476);
#10474 = CARTESIAN_POINT('',(39.289019837907,57.154532199945,
    3.686714289897));
#10475 = DIRECTION('',(0.972182818949,-7.802945721115E-02,
    -0.220843769096));
#10476 = DIRECTION('',(0.22151916911,2.100898159619E-18,0.975156017116)
  );
#10477 = ADVANCED_FACE('',(#10478),#10488,.T.);
#10478 = FACE_BOUND('',#10479,.T.);
#10479 = EDGE_LOOP('',(#10480,#10481,#10487));
#10480 = ORIENTED_EDGE('',*,*,#5984,.T.);
#10481 = ORIENTED_EDGE('',*,*,#10482,.F.);
#10482 = EDGE_CURVE('',#10458,#5976,#10483,.T.);
#10483 = LINE('',#10484,#10485);
#10484 = CARTESIAN_POINT('',(39.293846130371,57.54638671875,
    3.569508552551));
#10485 = VECTOR('',#10486,1.);
#10486 = DIRECTION('',(-0.233426853234,-0.244998523942,-0.941003521489)
  );
#10487 = ORIENTED_EDGE('',*,*,#10467,.T.);
#10488 = PLANE('',#10489);
#10489 = AXIS2_PLACEMENT_3D('',#10490,#10491,#10492);
#10490 = CARTESIAN_POINT('',(39.280320313082,57.17765560732,
    3.640247956008));
#10491 = DIRECTION('',(0.972182420365,-7.802984812134E-02,
    -0.220845385587));
#10492 = DIRECTION('',(0.221520797343,-1.599314748108E-18,0.97515564724)
  );
#10493 = ADVANCED_FACE('',(#10494),#10512,.T.);
#10494 = FACE_BOUND('',#10495,.T.);
#10495 = EDGE_LOOP('',(#10496,#10504,#10505,#10506));
#10496 = ORIENTED_EDGE('',*,*,#10497,.T.);
#10497 = EDGE_CURVE('',#10498,#10458,#10500,.T.);
#10498 = VERTEX_POINT('',#10499);
#10499 = CARTESIAN_POINT('',(39.293846130371,58.311740875244,
    3.438275814056));
#10500 = LINE('',#10501,#10502);
#10501 = CARTESIAN_POINT('',(39.293846130371,58.311740875244,
    3.438275814056));
#10502 = VECTOR('',#10503,1.);
#10503 = DIRECTION('',(0.,-0.985615998549,0.169000305932));
#10504 = ORIENTED_EDGE('',*,*,#10482,.T.);
#10505 = ORIENTED_EDGE('',*,*,#5975,.T.);
#10506 = ORIENTED_EDGE('',*,*,#10507,.F.);
#10507 = EDGE_CURVE('',#10498,#5967,#10508,.T.);
#10508 = LINE('',#10509,#10510);
#10509 = CARTESIAN_POINT('',(39.293846130371,58.311740875244,
    3.438275814056));
#10510 = VECTOR('',#10511,1.);
#10511 = DIRECTION('',(-2.327445859027E-02,-0.997064038154,
    7.294932074679E-02));
#10512 = PLANE('',#10513);
#10513 = AXIS2_PLACEMENT_3D('',#10514,#10515,#10516);
#10514 = CARTESIAN_POINT('',(39.289019847799,57.90571157938,
    3.487571756928));
#10515 = DIRECTION('',(0.972182600155,-3.95839672618E-02,-0.230855152623
    ));
#10516 = DIRECTION('',(0.231036227813,-1.29290246605E-18,0.972945148216)
  );
#10517 = ADVANCED_FACE('',(#10518),#10528,.T.);
#10518 = FACE_BOUND('',#10519,.T.);
#10519 = EDGE_LOOP('',(#10520,#10521,#10527));
#10520 = ORIENTED_EDGE('',*,*,#5966,.T.);
#10521 = ORIENTED_EDGE('',*,*,#10522,.F.);
#10522 = EDGE_CURVE('',#10498,#5958,#10523,.T.);
#10523 = LINE('',#10524,#10525);
#10524 = CARTESIAN_POINT('',(39.293846130371,58.311740875244,
    3.438275814056));
#10525 = VECTOR('',#10526,1.);
#10526 = DIRECTION('',(-0.23342672844,-8.2460264827E-02,-0.968871646388)
  );
#10527 = ORIENTED_EDGE('',*,*,#10507,.T.);
#10528 = PLANE('',#10529);
#10529 = AXIS2_PLACEMENT_3D('',#10530,#10531,#10532);
#10530 = CARTESIAN_POINT('',(39.280320315697,57.936355430946,
    3.445681710595));
#10531 = DIRECTION('',(0.97218253312,-3.958398611442E-02,-0.230855431686
    ));
#10532 = DIRECTION('',(0.231036507268,2.242644535862E-19,0.972945081857)
  );
#10533 = ADVANCED_FACE('',(#10534),#10552,.T.);
#10534 = FACE_BOUND('',#10535,.T.);
#10535 = EDGE_LOOP('',(#10536,#10537,#10545,#10551));
#10536 = ORIENTED_EDGE('',*,*,#5957,.T.);
#10537 = ORIENTED_EDGE('',*,*,#10538,.F.);
#10538 = EDGE_CURVE('',#10539,#5949,#10541,.T.);
#10539 = VERTEX_POINT('',#10540);
#10540 = CARTESIAN_POINT('',(39.293846130371,59.088260650635,
    3.438275814056));
#10541 = LINE('',#10542,#10543);
#10542 = CARTESIAN_POINT('',(39.293846130371,59.088260650635,
    3.438275814056));
#10543 = VECTOR('',#10544,1.);
#10544 = DIRECTION('',(-0.23342672844,8.2460264827E-02,-0.968871646388)
  );
#10545 = ORIENTED_EDGE('',*,*,#10546,.T.);
#10546 = EDGE_CURVE('',#10539,#10498,#10547,.T.);
#10547 = LINE('',#10548,#10549);
#10548 = CARTESIAN_POINT('',(39.293846130371,59.088260650635,
    3.438275814056));
#10549 = VECTOR('',#10550,1.);
#10550 = DIRECTION('',(0.,-1.,0.));
#10551 = ORIENTED_EDGE('',*,*,#10522,.T.);
#10552 = PLANE('',#10553);
#10553 = AXIS2_PLACEMENT_3D('',#10554,#10555,#10556);
#10554 = CARTESIAN_POINT('',(39.284620176495,58.700000762939,
    3.399982148283));
#10555 = DIRECTION('',(0.972182556853,0.,-0.234224414079));
#10556 = DIRECTION('',(0.234224414079,0.,0.972182556853));
#10557 = ADVANCED_FACE('',(#10558),#10576,.T.);
#10558 = FACE_BOUND('',#10559,.T.);
#10559 = EDGE_LOOP('',(#10560,#10568,#10569,#10570));
#10560 = ORIENTED_EDGE('',*,*,#10561,.T.);
#10561 = EDGE_CURVE('',#10562,#10539,#10564,.T.);
#10562 = VERTEX_POINT('',#10563);
#10563 = CARTESIAN_POINT('',(39.293846130371,59.853610992432,
    3.569508552551));
#10564 = LINE('',#10565,#10566);
#10565 = CARTESIAN_POINT('',(39.293846130371,59.853610992432,
    3.569508552551));
#10566 = VECTOR('',#10567,1.);
#10567 = DIRECTION('',(0.,-0.98561585824,-0.169001124213));
#10568 = ORIENTED_EDGE('',*,*,#10538,.T.);
#10569 = ORIENTED_EDGE('',*,*,#5948,.T.);
#10570 = ORIENTED_EDGE('',*,*,#10571,.F.);
#10571 = EDGE_CURVE('',#10562,#5940,#10572,.T.);
#10572 = LINE('',#10573,#10574);
#10573 = CARTESIAN_POINT('',(39.293846130371,59.853610992432,
    3.569508552551));
#10574 = VECTOR('',#10575,1.);
#10575 = DIRECTION('',(-2.327451939493E-02,-0.964411537252,
    -0.263379352952));
#10576 = PLANE('',#10577);
#10577 = AXIS2_PLACEMENT_3D('',#10578,#10579,#10580);
#10578 = CARTESIAN_POINT('',(39.289019842059,59.454354090227,
    3.480724401123));
#10579 = DIRECTION('',(0.972182528798,3.958420897748E-02,-0.230855411677
    ));
#10580 = DIRECTION('',(0.231036489284,7.598217023195E-19,0.972945086127)
  );
#10581 = ADVANCED_FACE('',(#10582),#10592,.T.);
#10582 = FACE_BOUND('',#10583,.T.);
#10583 = EDGE_LOOP('',(#10584,#10585,#10591));
#10584 = ORIENTED_EDGE('',*,*,#5939,.T.);
#10585 = ORIENTED_EDGE('',*,*,#10586,.F.);
#10586 = EDGE_CURVE('',#10562,#5931,#10587,.T.);
#10587 = LINE('',#10588,#10589);
#10588 = CARTESIAN_POINT('',(39.293846130371,59.853610992432,
    3.569508552551));
#10589 = VECTOR('',#10590,1.);
#10590 = DIRECTION('',(-0.233424072441,0.245044225182,-0.940992311398));
#10591 = ORIENTED_EDGE('',*,*,#10571,.T.);
#10592 = PLANE('',#10593);
#10593 = AXIS2_PLACEMENT_3D('',#10594,#10595,#10596);
#10594 = CARTESIAN_POINT('',(39.280320312627,59.497203047202,
    3.451435788903));
#10595 = DIRECTION('',(0.972183051921,3.95836221952E-02,-0.230853309294)
  );
#10596 = DIRECTION('',(0.231034379878,1.487037317496E-19,0.972945587027)
  );
#10597 = ADVANCED_FACE('',(#10598),#10616,.T.);
#10598 = FACE_BOUND('',#10599,.T.);
#10599 = EDGE_LOOP('',(#10600,#10608,#10609,#10610));
#10600 = ORIENTED_EDGE('',*,*,#10601,.T.);
#10601 = EDGE_CURVE('',#10602,#10562,#10604,.T.);
#10602 = VERTEX_POINT('',#10603);
#10603 = CARTESIAN_POINT('',(39.293846130371,60.585773468018,
    3.828197956085));
#10604 = LINE('',#10605,#10606);
#10605 = CARTESIAN_POINT('',(39.293846130371,60.585773468018,
    3.828197956085));
#10606 = VECTOR('',#10607,1.);
#10607 = DIRECTION('',(0.,-0.94287746814,-0.333139730554));
#10608 = ORIENTED_EDGE('',*,*,#10586,.T.);
#10609 = ORIENTED_EDGE('',*,*,#5930,.T.);
#10610 = ORIENTED_EDGE('',*,*,#10611,.F.);
#10611 = EDGE_CURVE('',#10602,#5922,#10612,.T.);
#10612 = LINE('',#10613,#10614);
#10613 = CARTESIAN_POINT('',(39.293846130371,60.585773468018,
    3.828197956085));
#10614 = VECTOR('',#10615,1.);
#10615 = DIRECTION('',(-2.32746060733E-02,-0.906027427255,
    -0.422578506048));
#10616 = PLANE('',#10617);
#10617 = AXIS2_PLACEMENT_3D('',#10618,#10619,#10620);
#10618 = CARTESIAN_POINT('',(39.289019845392,60.207264845253,
    3.673216264707));
#10619 = DIRECTION('',(0.97218331613,7.802840830122E-02,-0.220841951032)
  );
#10620 = DIRECTION('',(0.221517327245,-1.26487557556E-17,0.975156435517)
  );
#10621 = ADVANCED_FACE('',(#10622),#10632,.T.);
#10622 = FACE_BOUND('',#10623,.T.);
#10623 = EDGE_LOOP('',(#10624,#10625,#10631));
#10624 = ORIENTED_EDGE('',*,*,#5921,.T.);
#10625 = ORIENTED_EDGE('',*,*,#10626,.F.);
#10626 = EDGE_CURVE('',#10602,#5913,#10627,.T.);
#10627 = LINE('',#10628,#10629);
#10628 = CARTESIAN_POINT('',(39.293846130371,60.585773468018,
    3.828197956085));
#10629 = VECTOR('',#10630,1.);
#10630 = DIRECTION('',(-0.233425394885,0.400532889619,-0.886050782606));
#10631 = ORIENTED_EDGE('',*,*,#10611,.T.);
#10632 = PLANE('',#10633);
#10633 = AXIS2_PLACEMENT_3D('',#10634,#10635,#10636);
#10634 = CARTESIAN_POINT('',(39.280320316293,60.254447629805,
    3.651590412954));
#10635 = DIRECTION('',(0.972182815655,7.802930153472E-02,-0.2208438386)
  );
#10636 = DIRECTION('',(0.22151923612,-3.698715109506E-19,0.975156001894)
  );
#10637 = ADVANCED_FACE('',(#10638),#10656,.T.);
#10638 = FACE_BOUND('',#10639,.T.);
#10639 = EDGE_LOOP('',(#10640,#10648,#10649,#10650));
#10640 = ORIENTED_EDGE('',*,*,#10641,.T.);
#10641 = EDGE_CURVE('',#10642,#10602,#10644,.T.);
#10642 = VERTEX_POINT('',#10643);
#10643 = CARTESIAN_POINT('',(39.293846130371,61.263687133789,
    4.206902980804));
#10644 = LINE('',#10645,#10646);
#10645 = CARTESIAN_POINT('',(39.293846130371,61.263687133789,
    4.206902980804));
#10646 = VECTOR('',#10647,1.);
#10647 = DIRECTION('',(0.,-0.873014261277,-0.487694678674));
#10648 = ORIENTED_EDGE('',*,*,#10626,.T.);
#10649 = ORIENTED_EDGE('',*,*,#5912,.T.);
#10650 = ORIENTED_EDGE('',*,*,#10651,.F.);
#10651 = EDGE_CURVE('',#10642,#5904,#10652,.T.);
#10652 = LINE('',#10653,#10654);
#10653 = CARTESIAN_POINT('',(39.293846130371,61.263687133789,
    4.206902980804));
#10654 = VECTOR('',#10655,1.);
#10655 = DIRECTION('',(-2.327452736104E-02,-0.82157966579,
    -0.569618424155));
#10656 = PLANE('',#10657);
#10657 = AXIS2_PLACEMENT_3D('',#10658,#10659,#10660);
#10658 = CARTESIAN_POINT('',(39.289019843966,60.916814083734,
    3.990182028121));
#10659 = DIRECTION('',(0.972182921111,0.114229263011,-0.20447993391));
#10660 = DIRECTION('',(0.205827193216,5.238324958015E-19,0.978588353974)
  );
#10661 = ADVANCED_FACE('',(#10662),#10672,.T.);
#10662 = FACE_BOUND('',#10663,.T.);
#10663 = EDGE_LOOP('',(#10664,#10665,#10671));
#10664 = ORIENTED_EDGE('',*,*,#5903,.T.);
#10665 = ORIENTED_EDGE('',*,*,#10666,.F.);
#10666 = EDGE_CURVE('',#10642,#5895,#10667,.T.);
#10667 = LINE('',#10668,#10669);
#10668 = CARTESIAN_POINT('',(39.293846130371,61.263687133789,
    4.206902980804));
#10669 = VECTOR('',#10670,1.);
#10670 = DIRECTION('',(-0.233433359231,0.544467143652,-0.805645329088));
#10671 = ORIENTED_EDGE('',*,*,#10651,.T.);
#10672 = PLANE('',#10673);
#10673 = AXIS2_PLACEMENT_3D('',#10674,#10675,#10676);
#10674 = CARTESIAN_POINT('',(39.280320321724,60.966970703887,
    3.976840777524));
#10675 = DIRECTION('',(0.972181163328,0.114233475434,-0.204485937806));
#10676 = DIRECTION('',(0.205833337026,5.067323779813E-19,0.978587061722)
  );
#10677 = ADVANCED_FACE('',(#10678),#10696,.T.);
#10678 = FACE_BOUND('',#10679,.T.);
#10679 = EDGE_LOOP('',(#10680,#10688,#10689,#10690));
#10680 = ORIENTED_EDGE('',*,*,#10681,.T.);
#10681 = EDGE_CURVE('',#10682,#10642,#10684,.T.);
#10682 = VERTEX_POINT('',#10683);
#10683 = CARTESIAN_POINT('',(39.293846130371,61.867847442627,
    4.694728374481));
#10684 = LINE('',#10685,#10686);
#10685 = CARTESIAN_POINT('',(39.293846130371,61.867847442627,
    4.694728374481));
#10686 = VECTOR('',#10687,1.);
#10687 = DIRECTION('',(0.,-0.778035745775,-0.628220007877));
#10688 = ORIENTED_EDGE('',*,*,#10666,.T.);
#10689 = ORIENTED_EDGE('',*,*,#5894,.T.);
#10690 = ORIENTED_EDGE('',*,*,#10691,.F.);
#10691 = EDGE_CURVE('',#10682,#5886,#10692,.T.);
#10692 = LINE('',#10693,#10694);
#10693 = CARTESIAN_POINT('',(39.293846130371,61.867847442627,
    4.694728374481));
#10694 = VECTOR('',#10695,1.);
#10695 = DIRECTION('',(-2.327443441125E-02,-0.713498850701,
    -0.700269727142));
#10696 = PLANE('',#10697);
#10697 = AXIS2_PLACEMENT_3D('',#10698,#10699,#10700);
#10698 = CARTESIAN_POINT('',(39.289019840579,61.562589371439,
    4.422503399466));
#10699 = DIRECTION('',(0.972180731917,0.147149221732,-0.182240859946));
#10700 = DIRECTION('',(0.184246511443,8.118296056478E-20,0.982880065431)
  );
#10701 = ADVANCED_FACE('',(#10702),#10712,.T.);
#10702 = FACE_BOUND('',#10703,.T.);
#10703 = EDGE_LOOP('',(#10704,#10705,#10711));
#10704 = ORIENTED_EDGE('',*,*,#5885,.T.);
#10705 = ORIENTED_EDGE('',*,*,#10706,.F.);
#10706 = EDGE_CURVE('',#10682,#5877,#10707,.T.);
#10707 = LINE('',#10708,#10709);
#10708 = CARTESIAN_POINT('',(39.293846130371,61.867847442627,
    4.694728374481));
#10709 = VECTOR('',#10710,1.);
#10710 = DIRECTION('',(-0.2334288178,0.672815659388,-0.70201857205));
#10711 = ORIENTED_EDGE('',*,*,#10691,.T.);
#10712 = PLANE('',#10713);
#10713 = AXIS2_PLACEMENT_3D('',#10714,#10715,#10716);
#10714 = CARTESIAN_POINT('',(39.280320315979,61.614278573577,
    4.417830446078));
#10715 = DIRECTION('',(0.972182076919,0.147145268551,-0.182236876786));
#10716 = DIRECTION('',(0.184242374901,-1.339650016537E-17,0.98288084084)
  );
#10717 = ADVANCED_FACE('',(#10718),#10736,.T.);
#10718 = FACE_BOUND('',#10719,.T.);
#10719 = EDGE_LOOP('',(#10720,#10728,#10729,#10730));
#10720 = ORIENTED_EDGE('',*,*,#10721,.T.);
#10721 = EDGE_CURVE('',#10722,#10682,#10724,.T.);
#10722 = VERTEX_POINT('',#10723);
#10723 = CARTESIAN_POINT('',(39.293846130371,62.380870819092,
    5.277640342712));
#10724 = LINE('',#10725,#10726);
#10725 = CARTESIAN_POINT('',(39.293846130371,62.380870819092,
    5.277640342712));
#10726 = VECTOR('',#10727,1.);
#10727 = DIRECTION('',(0.,-0.660672052626,-0.750674655812));
#10728 = ORIENTED_EDGE('',*,*,#10706,.T.);
#10729 = ORIENTED_EDGE('',*,*,#5876,.T.);
#10730 = ORIENTED_EDGE('',*,*,#10731,.F.);
#10731 = EDGE_CURVE('',#10722,#5868,#10732,.T.);
#10732 = LINE('',#10733,#10734);
#10733 = CARTESIAN_POINT('',(39.293846130371,62.380870819092,
    5.277640342712));
#10734 = VECTOR('',#10735,1.);
#10735 = DIRECTION('',(-2.327457101584E-02,-0.584884491547,
    -0.810782600881));
#10736 = PLANE('',#10737);
#10737 = AXIS2_PLACEMENT_3D('',#10738,#10739,#10740);
#10738 = CARTESIAN_POINT('',(39.289019841266,62.126012327723,
    4.957742132523));
#10739 = DIRECTION('',(0.972181973111,0.175828150227,-0.154747125163));
#10740 = DIRECTION('',(-0.17797198079,0.984035555279,-4.547615062433E-19
    ));
#10741 = ADVANCED_FACE('',(#10742),#10752,.T.);
#10742 = FACE_BOUND('',#10743,.T.);
#10743 = EDGE_LOOP('',(#10744,#10745,#10751));
#10744 = ORIENTED_EDGE('',*,*,#5867,.T.);
#10745 = ORIENTED_EDGE('',*,*,#10746,.F.);
#10746 = EDGE_CURVE('',#10722,#5859,#10747,.T.);
#10747 = LINE('',#10748,#10749);
#10748 = CARTESIAN_POINT('',(39.293846130371,62.380870819092,
    5.277640342712));
#10749 = VECTOR('',#10750,1.);
#10750 = DIRECTION('',(-0.233412255161,0.781816803842,-0.578170566849));
#10751 = ORIENTED_EDGE('',*,*,#10731,.T.);
#10752 = PLANE('',#10753);
#10753 = AXIS2_PLACEMENT_3D('',#10754,#10755,#10756);
#10754 = CARTESIAN_POINT('',(39.280320318822,62.177751278372,
    4.96187343146));
#10755 = DIRECTION('',(0.972185807197,0.175815123733,-0.154737838139));
#10756 = DIRECTION('',(-0.177958533448,0.984037987261,2.580574205845E-19
    ));
#10757 = ADVANCED_FACE('',(#10758),#10776,.T.);
#10758 = FACE_BOUND('',#10759,.T.);
#10759 = EDGE_LOOP('',(#10760,#10768,#10769,#10770));
#10760 = ORIENTED_EDGE('',*,*,#10761,.T.);
#10761 = EDGE_CURVE('',#10762,#10722,#10764,.T.);
#10762 = VERTEX_POINT('',#10763);
#10763 = CARTESIAN_POINT('',(39.293846130371,62.788009643555,
    5.938869476318));
#10764 = LINE('',#10765,#10766);
#10765 = CARTESIAN_POINT('',(39.293846130371,62.788009643555,
    5.938869476318));
#10766 = VECTOR('',#10767,1.);
#10767 = DIRECTION('',(0.,-0.524310925652,-0.851526895196));
#10768 = ORIENTED_EDGE('',*,*,#10746,.T.);
#10769 = ORIENTED_EDGE('',*,*,#5858,.T.);
#10770 = ORIENTED_EDGE('',*,*,#10771,.F.);
#10771 = EDGE_CURVE('',#10762,#5850,#10772,.T.);
#10772 = LINE('',#10773,#10774);
#10773 = CARTESIAN_POINT('',(39.293846130371,62.788009643555,
    5.938869476318));
#10774 = VECTOR('',#10775,1.);
#10775 = DIRECTION('',(-2.327456270155E-02,-0.439448564834,
    -0.897966176198));
#10776 = PLANE('',#10777);
#10777 = AXIS2_PLACEMENT_3D('',#10778,#10779,#10780);
#10778 = CARTESIAN_POINT('',(39.289019838411,62.590877527531,
    5.580500204565));
#10779 = DIRECTION('',(0.972186278424,0.199435234171,-0.122798320083));
#10780 = DIRECTION('',(-0.200956141326,0.979600239518,4.582656321431E-18
    ));
#10781 = ADVANCED_FACE('',(#10782),#10792,.T.);
#10782 = FACE_BOUND('',#10783,.T.);
#10783 = EDGE_LOOP('',(#10784,#10785,#10791));
#10784 = ORIENTED_EDGE('',*,*,#5849,.T.);
#10785 = ORIENTED_EDGE('',*,*,#10786,.F.);
#10786 = EDGE_CURVE('',#10762,#5841,#10787,.T.);
#10787 = LINE('',#10788,#10789);
#10788 = CARTESIAN_POINT('',(39.293846130371,62.788009643555,
    5.938869476318));
#10789 = VECTOR('',#10790,1.);
#10790 = DIRECTION('',(-0.233435487651,0.868247761503,-0.437782706089));
#10791 = ORIENTED_EDGE('',*,*,#10771,.T.);
#10792 = PLANE('',#10793);
#10793 = AXIS2_PLACEMENT_3D('',#10794,#10795,#10796);
#10794 = CARTESIAN_POINT('',(39.280320314997,62.6411732146,5.5933153717)
  );
#10795 = DIRECTION('',(0.972180543933,0.199456784399,-0.122808717746));
#10796 = DIRECTION('',(-0.20097811645,0.979595731263,1.420157522221E-17)
  );
#10797 = ADVANCED_FACE('',(#10798),#10816,.T.);
#10798 = FACE_BOUND('',#10799,.T.);
#10799 = EDGE_LOOP('',(#10800,#10808,#10809,#10810));
#10800 = ORIENTED_EDGE('',*,*,#10801,.T.);
#10801 = EDGE_CURVE('',#10802,#10762,#10804,.T.);
#10802 = VERTEX_POINT('',#10803);
#10803 = CARTESIAN_POINT('',(39.293846130371,63.077537536621,
    6.659393787384));
#10804 = LINE('',#10805,#10806);
#10805 = CARTESIAN_POINT('',(39.293846130371,63.077537536621,
    6.659393787384));
#10806 = VECTOR('',#10807,1.);
#10807 = DIRECTION('',(0.,-0.372853607897,-0.927890180505));
#10808 = ORIENTED_EDGE('',*,*,#10786,.T.);
#10809 = ORIENTED_EDGE('',*,*,#5840,.T.);
#10810 = ORIENTED_EDGE('',*,*,#10811,.F.);
#10811 = EDGE_CURVE('',#10802,#5832,#10812,.T.);
#10812 = LINE('',#10813,#10814);
#10813 = CARTESIAN_POINT('',(39.293846130371,63.077537536621,
    6.659393787384));
#10814 = VECTOR('',#10815,1.);
#10815 = DIRECTION('',(-2.327452062141E-02,-0.281373974461,
    -0.959315893325));
#10816 = PLANE('',#10817);
#10817 = AXIS2_PLACEMENT_3D('',#10818,#10819,#10820);
#10818 = CARTESIAN_POINT('',(39.289019847107,62.94380712616,
    6.272865442879));
#10819 = DIRECTION('',(0.97218032353,0.217343134974,-8.73348740286E-02)
  );
#10820 = DIRECTION('',(-0.218176786313,0.975909263156,4.15120483563E-19)
  );
#10821 = ADVANCED_FACE('',(#10822),#10832,.T.);
#10822 = FACE_BOUND('',#10823,.T.);
#10823 = EDGE_LOOP('',(#10824,#10825,#10831));
#10824 = ORIENTED_EDGE('',*,*,#5831,.T.);
#10825 = ORIENTED_EDGE('',*,*,#10826,.F.);
#10826 = EDGE_CURVE('',#10802,#5823,#10827,.T.);
#10827 = LINE('',#10828,#10829);
#10828 = CARTESIAN_POINT('',(39.293846130371,63.077537536621,
    6.659393787384));
#10829 = VECTOR('',#10830,1.);
#10830 = DIRECTION('',(-0.233423118455,0.929754279154,-0.284729043419));
#10831 = ORIENTED_EDGE('',*,*,#10811,.T.);
#10832 = PLANE('',#10833);
#10833 = AXIS2_PLACEMENT_3D('',#10834,#10835,#10836);
#10834 = CARTESIAN_POINT('',(39.280320318374,62.991212173895,
    6.293995387315));
#10835 = DIRECTION('',(0.972183382315,0.217330868471,-8.733135038959E-02
    ));
#10836 = DIRECTION('',(-0.218164405108,0.975912031048,2.852152412898E-18
    ));
#10837 = ADVANCED_FACE('',(#10838),#10856,.T.);
#10838 = FACE_BOUND('',#10839,.T.);
#10839 = EDGE_LOOP('',(#10840,#10848,#10849,#10850));
#10840 = ORIENTED_EDGE('',*,*,#10841,.T.);
#10841 = EDGE_CURVE('',#10842,#10802,#10844,.T.);
#10842 = VERTEX_POINT('',#10843);
#10843 = CARTESIAN_POINT('',(39.293846130371,63.241138458252,
    7.418484687805));
#10844 = LINE('',#10845,#10846);
#10845 = CARTESIAN_POINT('',(39.293846130371,63.241138458252,
    7.418484687805));
#10846 = VECTOR('',#10847,1.);
#10847 = DIRECTION('',(0.,-0.210684584121,-0.977554093651));
#10848 = ORIENTED_EDGE('',*,*,#10826,.T.);
#10849 = ORIENTED_EDGE('',*,*,#5822,.T.);
#10850 = ORIENTED_EDGE('',*,*,#10851,.F.);
#10851 = EDGE_CURVE('',#10842,#5814,#10852,.T.);
#10852 = LINE('',#10853,#10854);
#10853 = CARTESIAN_POINT('',(39.293846130371,63.241138458252,
    7.418484687805));
#10854 = VECTOR('',#10855,1.);
#10855 = DIRECTION('',(-2.327452245229E-02,-0.115204280682,
    -0.993069116586));
#10856 = PLANE('',#10857);
#10857 = AXIS2_PLACEMENT_3D('',#10858,#10859,#10860);
#10858 = CARTESIAN_POINT('',(39.289019841174,63.174652722746,
    7.014914772727));
#10859 = DIRECTION('',(0.972183462898,0.228963358525,-4.934668094894E-02
    ));
#10860 = DIRECTION('',(-0.229242642446,0.973369308579,2.705811055494E-19
    ));
#10861 = ADVANCED_FACE('',(#10862),#10872,.T.);
#10862 = FACE_BOUND('',#10863,.T.);
#10863 = EDGE_LOOP('',(#10864,#10865,#10871));
#10864 = ORIENTED_EDGE('',*,*,#5813,.T.);
#10865 = ORIENTED_EDGE('',*,*,#10866,.F.);
#10866 = EDGE_CURVE('',#10842,#5805,#10867,.T.);
#10867 = LINE('',#10868,#10869);
#10868 = CARTESIAN_POINT('',(39.293846130371,63.241138458252,
    7.418484687805));
#10869 = VECTOR('',#10870,1.);
#10870 = DIRECTION('',(-0.233441060915,0.964494247929,-0.123515654028));
#10871 = ORIENTED_EDGE('',*,*,#10851,.T.);
#10872 = PLANE('',#10873);
#10873 = AXIS2_PLACEMENT_3D('',#10874,#10875,#10876);
#10874 = CARTESIAN_POINT('',(39.280320306101,63.21780451585,
    7.043751934151));
#10875 = DIRECTION('',(0.972179125035,0.228981348548,-4.934866627497E-02
    ));
#10876 = DIRECTION('',(-0.229260676929,0.97336506102,1.135365857551E-19)
  );
#10877 = ADVANCED_FACE('',(#10878),#10889,.T.);
#10878 = FACE_BOUND('',#10879,.T.);
#10879 = EDGE_LOOP('',(#10880,#10886,#10887,#10888));
#10880 = ORIENTED_EDGE('',*,*,#10881,.T.);
#10881 = EDGE_CURVE('',#9435,#10842,#10882,.T.);
#10882 = LINE('',#10883,#10884);
#10883 = CARTESIAN_POINT('',(39.293846130371,63.27409362793,
    8.194305419922));
#10884 = VECTOR('',#10885,1.);
#10885 = DIRECTION('',(0.,-4.243954423422E-02,-0.999099036675));
#10886 = ORIENTED_EDGE('',*,*,#10866,.T.);
#10887 = ORIENTED_EDGE('',*,*,#5804,.T.);
#10888 = ORIENTED_EDGE('',*,*,#9442,.F.);
#10889 = PLANE('',#10890);
#10890 = AXIS2_PLACEMENT_3D('',#10891,#10892,#10893);
#10891 = CARTESIAN_POINT('',(39.289019856096,63.276769109227,
    7.785305683692));
#10892 = DIRECTION('',(0.972179038402,0.234027976678,-9.940997142092E-03
    ));
#10893 = DIRECTION('',(-0.234039541258,0.972227078993,
    -4.711570695363E-19));
#10894 = ADVANCED_FACE('',(#10895),#10944,.T.);
#10895 = FACE_BOUND('',#10896,.T.);
#10896 = EDGE_LOOP('',(#10897,#10903,#10904,#10905,#10906,#10907,#10908,
    #10909,#10910,#10911,#10912,#10913,#10914,#10915,#10916,#10917,
    #10918,#10919,#10920,#10921,#10922,#10923,#10924,#10925,#10926,
    #10927,#10928,#10929,#10930,#10931,#10932,#10933,#10934,#10935,
    #10936,#10937,#10938,#10939,#10940,#10941,#10942,#10943));
#10897 = ORIENTED_EDGE('',*,*,#10898,.F.);
#10898 = EDGE_CURVE('',#7996,#8083,#10899,.T.);
#10899 = LINE('',#10900,#10901);
#10900 = CARTESIAN_POINT('',(1.5,14.,11.25));
#10901 = VECTOR('',#10902,1.);
#10902 = DIRECTION('',(0.,1.,0.));
#10903 = ORIENTED_EDGE('',*,*,#7995,.F.);
#10904 = ORIENTED_EDGE('',*,*,#9040,.F.);
#10905 = ORIENTED_EDGE('',*,*,#9016,.F.);
#10906 = ORIENTED_EDGE('',*,*,#8992,.F.);
#10907 = ORIENTED_EDGE('',*,*,#8968,.F.);
#10908 = ORIENTED_EDGE('',*,*,#8944,.F.);
#10909 = ORIENTED_EDGE('',*,*,#8920,.F.);
#10910 = ORIENTED_EDGE('',*,*,#8896,.F.);
#10911 = ORIENTED_EDGE('',*,*,#8872,.F.);
#10912 = ORIENTED_EDGE('',*,*,#8849,.F.);
#10913 = ORIENTED_EDGE('',*,*,#8824,.F.);
#10914 = ORIENTED_EDGE('',*,*,#8800,.F.);
#10915 = ORIENTED_EDGE('',*,*,#8776,.F.);
#10916 = ORIENTED_EDGE('',*,*,#8752,.F.);
#10917 = ORIENTED_EDGE('',*,*,#8728,.F.);
#10918 = ORIENTED_EDGE('',*,*,#8704,.F.);
#10919 = ORIENTED_EDGE('',*,*,#8680,.F.);
#10920 = ORIENTED_EDGE('',*,*,#8656,.F.);
#10921 = ORIENTED_EDGE('',*,*,#8632,.F.);
#10922 = ORIENTED_EDGE('',*,*,#8608,.F.);
#10923 = ORIENTED_EDGE('',*,*,#8583,.F.);
#10924 = ORIENTED_EDGE('',*,*,#8569,.F.);
#10925 = ORIENTED_EDGE('',*,*,#8545,.F.);
#10926 = ORIENTED_EDGE('',*,*,#8521,.F.);
#10927 = ORIENTED_EDGE('',*,*,#8497,.F.);
#10928 = ORIENTED_EDGE('',*,*,#8473,.F.);
#10929 = ORIENTED_EDGE('',*,*,#8449,.F.);
#10930 = ORIENTED_EDGE('',*,*,#8425,.F.);
#10931 = ORIENTED_EDGE('',*,*,#8401,.F.);
#10932 = ORIENTED_EDGE('',*,*,#8377,.F.);
#10933 = ORIENTED_EDGE('',*,*,#8353,.F.);
#10934 = ORIENTED_EDGE('',*,*,#8319,.F.);
#10935 = ORIENTED_EDGE('',*,*,#8305,.F.);
#10936 = ORIENTED_EDGE('',*,*,#8281,.F.);
#10937 = ORIENTED_EDGE('',*,*,#8257,.F.);
#10938 = ORIENTED_EDGE('',*,*,#8233,.F.);
#10939 = ORIENTED_EDGE('',*,*,#8209,.F.);
#10940 = ORIENTED_EDGE('',*,*,#8185,.F.);
#10941 = ORIENTED_EDGE('',*,*,#8161,.F.);
#10942 = ORIENTED_EDGE('',*,*,#8137,.F.);
#10943 = ORIENTED_EDGE('',*,*,#8090,.F.);
#10944 = PLANE('',#10945);
#10945 = AXIS2_PLACEMENT_3D('',#10946,#10947,#10948);
#10946 = CARTESIAN_POINT('',(1.5,14.,11.25));
#10947 = DIRECTION('',(0.,0.,-1.));
#10948 = DIRECTION('',(0.,1.,0.));
#10949 = ADVANCED_FACE('',(#10950),#10975,.T.);
#10950 = FACE_BOUND('',#10951,.T.);
#10951 = EDGE_LOOP('',(#10952,#10960,#10961,#10969));
#10952 = ORIENTED_EDGE('',*,*,#10953,.F.);
#10953 = EDGE_CURVE('',#9124,#10954,#10956,.T.);
#10954 = VERTEX_POINT('',#10955);
#10955 = CARTESIAN_POINT('',(32.799999237061,66.010787963867,
    8.126750946045));
#10956 = LINE('',#10957,#10958);
#10957 = CARTESIAN_POINT('',(32.299999237061,66.010787963867,
    8.126750946045));
#10958 = VECTOR('',#10959,1.);
#10959 = DIRECTION('',(1.,0.,0.));
#10960 = ORIENTED_EDGE('',*,*,#9121,.F.);
#10961 = ORIENTED_EDGE('',*,*,#10962,.T.);
#10962 = EDGE_CURVE('',#9122,#10963,#10965,.T.);
#10963 = VERTEX_POINT('',#10964);
#10964 = CARTESIAN_POINT('',(32.799999237061,66.042839050293,
    8.249855041504));
#10965 = LINE('',#10966,#10967);
#10966 = CARTESIAN_POINT('',(32.299999237061,66.042839050293,
    8.249855041504));
#10967 = VECTOR('',#10968,1.);
#10968 = DIRECTION('',(1.,0.,0.));
#10969 = ORIENTED_EDGE('',*,*,#10970,.F.);
#10970 = EDGE_CURVE('',#10954,#10963,#10971,.T.);
#10971 = LINE('',#10972,#10973);
#10972 = CARTESIAN_POINT('',(32.799999237061,66.010787963867,
    8.126750946045));
#10973 = VECTOR('',#10974,1.);
#10974 = DIRECTION('',(0.,0.251957985164,0.967738174153));
#10975 = PLANE('',#10976);
#10976 = AXIS2_PLACEMENT_3D('',#10977,#10978,#10979);
#10977 = CARTESIAN_POINT('',(32.549999237061,66.02681350708,
    8.188302993774));
#10978 = DIRECTION('',(0.,0.967738174153,-0.251957985164));
#10979 = DIRECTION('',(0.,0.251957985164,0.967738174153));
#10980 = ADVANCED_FACE('',(#10981),#10999,.T.);
#10981 = FACE_BOUND('',#10982,.T.);
#10982 = EDGE_LOOP('',(#10983,#10991,#10992,#10993));
#10983 = ORIENTED_EDGE('',*,*,#10984,.F.);
#10984 = EDGE_CURVE('',#9132,#10985,#10987,.T.);
#10985 = VERTEX_POINT('',#10986);
#10986 = CARTESIAN_POINT('',(32.799999237061,66.,8.));
#10987 = LINE('',#10988,#10989);
#10988 = CARTESIAN_POINT('',(32.299999237061,66.,8.));
#10989 = VECTOR('',#10990,1.);
#10990 = DIRECTION('',(1.,0.,0.));
#10991 = ORIENTED_EDGE('',*,*,#9131,.F.);
#10992 = ORIENTED_EDGE('',*,*,#10953,.T.);
#10993 = ORIENTED_EDGE('',*,*,#10994,.F.);
#10994 = EDGE_CURVE('',#10985,#10954,#10995,.T.);
#10995 = LINE('',#10996,#10997);
#10996 = CARTESIAN_POINT('',(32.799999237061,66.,8.));
#10997 = VECTOR('',#10998,1.);
#10998 = DIRECTION('',(0.,8.480489796479E-02,0.996397575911));
#10999 = PLANE('',#11000);
#11000 = AXIS2_PLACEMENT_3D('',#11001,#11002,#11003);
#11001 = CARTESIAN_POINT('',(32.549999237061,66.005393981934,
    8.063375473022));
#11002 = DIRECTION('',(0.,0.996397575911,-8.480489796479E-02));
#11003 = DIRECTION('',(0.,8.480489796479E-02,0.996397575911));
#11004 = ADVANCED_FACE('',(#11005),#11023,.T.);
#11005 = FACE_BOUND('',#11006,.T.);
#11006 = EDGE_LOOP('',(#11007,#11015,#11016,#11017));
#11007 = ORIENTED_EDGE('',*,*,#11008,.F.);
#11008 = EDGE_CURVE('',#9140,#11009,#11011,.T.);
#11009 = VERTEX_POINT('',#11010);
#11010 = CARTESIAN_POINT('',(32.799999237061,66.010787963867,
    7.873249053955));
#11011 = LINE('',#11012,#11013);
#11012 = CARTESIAN_POINT('',(32.299999237061,66.010787963867,
    7.873249053955));
#11013 = VECTOR('',#11014,1.);
#11014 = DIRECTION('',(1.,0.,0.));
#11015 = ORIENTED_EDGE('',*,*,#9139,.F.);
#11016 = ORIENTED_EDGE('',*,*,#10984,.T.);
#11017 = ORIENTED_EDGE('',*,*,#11018,.F.);
#11018 = EDGE_CURVE('',#11009,#10985,#11019,.T.);
#11019 = LINE('',#11020,#11021);
#11020 = CARTESIAN_POINT('',(32.799999237061,66.010787963867,
    7.873249053955));
#11021 = VECTOR('',#11022,1.);
#11022 = DIRECTION('',(0.,-8.480489796479E-02,0.996397575911));
#11023 = PLANE('',#11024);
#11024 = AXIS2_PLACEMENT_3D('',#11025,#11026,#11027);
#11025 = CARTESIAN_POINT('',(32.549999237061,66.005393981934,
    7.936624526978));
#11026 = DIRECTION('',(0.,0.996397575911,8.480489796479E-02));
#11027 = DIRECTION('',(0.,-8.480489796479E-02,0.996397575911));
#11028 = ADVANCED_FACE('',(#11029),#11047,.T.);
#11029 = FACE_BOUND('',#11030,.T.);
#11030 = EDGE_LOOP('',(#11031,#11039,#11040,#11041));
#11031 = ORIENTED_EDGE('',*,*,#11032,.F.);
#11032 = EDGE_CURVE('',#9148,#11033,#11035,.T.);
#11033 = VERTEX_POINT('',#11034);
#11034 = CARTESIAN_POINT('',(32.799999237061,66.042839050293,
    7.750144958496));
#11035 = LINE('',#11036,#11037);
#11036 = CARTESIAN_POINT('',(32.299999237061,66.042839050293,
    7.750144958496));
#11037 = VECTOR('',#11038,1.);
#11038 = DIRECTION('',(1.,0.,0.));
#11039 = ORIENTED_EDGE('',*,*,#9147,.F.);
#11040 = ORIENTED_EDGE('',*,*,#11008,.T.);
#11041 = ORIENTED_EDGE('',*,*,#11042,.F.);
#11042 = EDGE_CURVE('',#11033,#11009,#11043,.T.);
#11043 = LINE('',#11044,#11045);
#11044 = CARTESIAN_POINT('',(32.799999237061,66.042839050293,
    7.750144958496));
#11045 = VECTOR('',#11046,1.);
#11046 = DIRECTION('',(0.,-0.251957985164,0.967738174153));
#11047 = PLANE('',#11048);
#11048 = AXIS2_PLACEMENT_3D('',#11049,#11050,#11051);
#11049 = CARTESIAN_POINT('',(32.549999237061,66.02681350708,
    7.811697006226));
#11050 = DIRECTION('',(0.,0.967738174153,0.251957985164));
#11051 = DIRECTION('',(0.,-0.251957985164,0.967738174153));
#11052 = ADVANCED_FACE('',(#11053),#11071,.T.);
#11053 = FACE_BOUND('',#11054,.T.);
#11054 = EDGE_LOOP('',(#11055,#11063,#11064,#11065));
#11055 = ORIENTED_EDGE('',*,*,#11056,.F.);
#11056 = EDGE_CURVE('',#9156,#11057,#11059,.T.);
#11057 = VERTEX_POINT('',#11058);
#11058 = CARTESIAN_POINT('',(32.799999237061,66.095237731934,
    7.63422870636));
#11059 = LINE('',#11060,#11061);
#11060 = CARTESIAN_POINT('',(32.299999237061,66.095237731934,
    7.63422870636));
#11061 = VECTOR('',#11062,1.);
#11062 = DIRECTION('',(1.,0.,0.));
#11063 = ORIENTED_EDGE('',*,*,#9155,.F.);
#11064 = ORIENTED_EDGE('',*,*,#11032,.T.);
#11065 = ORIENTED_EDGE('',*,*,#11066,.F.);
#11066 = EDGE_CURVE('',#11057,#11033,#11067,.T.);
#11067 = LINE('',#11068,#11069);
#11068 = CARTESIAN_POINT('',(32.799999237061,66.095237731934,
    7.63422870636));
#11069 = VECTOR('',#11070,1.);
#11070 = DIRECTION('',(0.,-0.411909289828,0.91122485532));
#11071 = PLANE('',#11072);
#11072 = AXIS2_PLACEMENT_3D('',#11073,#11074,#11075);
#11073 = CARTESIAN_POINT('',(32.549999237061,66.069038391113,
    7.692186832428));
#11074 = DIRECTION('',(0.,0.91122485532,0.411909289828));
#11075 = DIRECTION('',(0.,-0.411909289828,0.91122485532));
#11076 = ADVANCED_FACE('',(#11077),#11095,.T.);
#11077 = FACE_BOUND('',#11078,.T.);
#11078 = EDGE_LOOP('',(#11079,#11087,#11088,#11089));
#11079 = ORIENTED_EDGE('',*,*,#11080,.F.);
#11080 = EDGE_CURVE('',#9164,#11081,#11083,.T.);
#11081 = VERTEX_POINT('',#11082);
#11082 = CARTESIAN_POINT('',(32.799999237061,66.166473388672,
    7.528834819794));
#11083 = LINE('',#11084,#11085);
#11084 = CARTESIAN_POINT('',(32.299999237061,66.166473388672,
    7.528834819794));
#11085 = VECTOR('',#11086,1.);
#11086 = DIRECTION('',(1.,0.,0.));
#11087 = ORIENTED_EDGE('',*,*,#9163,.F.);
#11088 = ORIENTED_EDGE('',*,*,#11056,.T.);
#11089 = ORIENTED_EDGE('',*,*,#11090,.F.);
#11090 = EDGE_CURVE('',#11081,#11057,#11091,.T.);
#11091 = LINE('',#11092,#11093);
#11092 = CARTESIAN_POINT('',(32.799999237061,66.166473388672,
    7.528834819794));
#11093 = VECTOR('',#11094,1.);
#11094 = DIRECTION('',(0.,-0.559984619888,0.828503002704));
#11095 = PLANE('',#11096);
#11096 = AXIS2_PLACEMENT_3D('',#11097,#11098,#11099);
#11097 = CARTESIAN_POINT('',(32.549999237061,66.130855560303,
    7.581531763077));
#11098 = DIRECTION('',(0.,0.828503002704,0.559984619888));
#11099 = DIRECTION('',(0.,-0.559984619888,0.828503002704));
#11100 = ADVANCED_FACE('',(#11101),#11119,.T.);
#11101 = FACE_BOUND('',#11102,.T.);
#11102 = EDGE_LOOP('',(#11103,#11111,#11112,#11113));
#11103 = ORIENTED_EDGE('',*,*,#11104,.F.);
#11104 = EDGE_CURVE('',#9172,#11105,#11107,.T.);
#11105 = VERTEX_POINT('',#11106);
#11106 = CARTESIAN_POINT('',(32.799999237061,66.254493713379,
    7.436995983124));
#11107 = LINE('',#11108,#11109);
#11108 = CARTESIAN_POINT('',(32.299999237061,66.254493713379,
    7.436995983124));
#11109 = VECTOR('',#11110,1.);
#11110 = DIRECTION('',(1.,0.,0.));
#11111 = ORIENTED_EDGE('',*,*,#9171,.F.);
#11112 = ORIENTED_EDGE('',*,*,#11080,.T.);
#11113 = ORIENTED_EDGE('',*,*,#11114,.F.);
#11114 = EDGE_CURVE('',#11105,#11081,#11115,.T.);
#11115 = LINE('',#11116,#11117);
#11116 = CARTESIAN_POINT('',(32.799999237061,66.254493713379,
    7.436995983124));
#11117 = VECTOR('',#11118,1.);
#11118 = DIRECTION('',(0.,-0.691938579763,0.721956371144));
#11119 = PLANE('',#11120);
#11120 = AXIS2_PLACEMENT_3D('',#11121,#11122,#11123);
#11121 = CARTESIAN_POINT('',(32.549999237061,66.210483551025,
    7.482915401459));
#11122 = DIRECTION('',(0.,0.721956371144,0.691938579763));
#11123 = DIRECTION('',(0.,-0.691938579763,0.721956371144));
#11124 = ADVANCED_FACE('',(#11125),#11143,.T.);
#11125 = FACE_BOUND('',#11126,.T.);
#11126 = EDGE_LOOP('',(#11127,#11135,#11136,#11137));
#11127 = ORIENTED_EDGE('',*,*,#11128,.F.);
#11128 = EDGE_CURVE('',#9180,#11129,#11131,.T.);
#11129 = VERTEX_POINT('',#11130);
#11130 = CARTESIAN_POINT('',(32.799999237061,66.356773376465,
    7.361353397369));
#11131 = LINE('',#11132,#11133);
#11132 = CARTESIAN_POINT('',(32.299999237061,66.356773376465,
    7.361353397369));
#11133 = VECTOR('',#11134,1.);
#11134 = DIRECTION('',(1.,0.,0.));
#11135 = ORIENTED_EDGE('',*,*,#9179,.F.);
#11136 = ORIENTED_EDGE('',*,*,#11104,.T.);
#11137 = ORIENTED_EDGE('',*,*,#11138,.F.);
#11138 = EDGE_CURVE('',#11129,#11105,#11139,.T.);
#11139 = LINE('',#11140,#11141);
#11140 = CARTESIAN_POINT('',(32.799999237061,66.356773376465,
    7.361353397369));
#11141 = VECTOR('',#11142,1.);
#11142 = DIRECTION('',(0.,-0.804008624669,0.594617634668));
#11143 = PLANE('',#11144);
#11144 = AXIS2_PLACEMENT_3D('',#11145,#11146,#11147);
#11145 = CARTESIAN_POINT('',(32.549999237061,66.305633544922,
    7.399174690247));
#11146 = DIRECTION('',(0.,0.594617634668,0.804008624669));
#11147 = DIRECTION('',(0.,0.804008624669,-0.594617634668));
#11148 = ADVANCED_FACE('',(#11149),#11167,.T.);
#11149 = FACE_BOUND('',#11150,.T.);
#11150 = EDGE_LOOP('',(#11151,#11159,#11160,#11161));
#11151 = ORIENTED_EDGE('',*,*,#11152,.F.);
#11152 = EDGE_CURVE('',#9188,#11153,#11155,.T.);
#11153 = VERTEX_POINT('',#11154);
#11154 = CARTESIAN_POINT('',(32.799999237061,66.470352172852,
    7.304082870483));
#11155 = LINE('',#11156,#11157);
#11156 = CARTESIAN_POINT('',(32.299999237061,66.470352172852,
    7.304082870483));
#11157 = VECTOR('',#11158,1.);
#11158 = DIRECTION('',(1.,0.,0.));
#11159 = ORIENTED_EDGE('',*,*,#9187,.F.);
#11160 = ORIENTED_EDGE('',*,*,#11128,.T.);
#11161 = ORIENTED_EDGE('',*,*,#11162,.F.);
#11162 = EDGE_CURVE('',#11153,#11129,#11163,.T.);
#11163 = LINE('',#11164,#11165);
#11164 = CARTESIAN_POINT('',(32.799999237061,66.470352172852,
    7.304082870483));
#11165 = VECTOR('',#11166,1.);
#11166 = DIRECTION('',(0.,-0.892909099229,0.450236982615));
#11167 = PLANE('',#11168);
#11168 = AXIS2_PLACEMENT_3D('',#11169,#11170,#11171);
#11169 = CARTESIAN_POINT('',(32.549999237061,66.413562774658,
    7.332718133926));
#11170 = DIRECTION('',(0.,0.450236982615,0.892909099229));
#11171 = DIRECTION('',(0.,0.892909099229,-0.450236982615));
#11172 = ADVANCED_FACE('',(#11173),#11191,.T.);
#11173 = FACE_BOUND('',#11174,.T.);
#11174 = EDGE_LOOP('',(#11175,#11183,#11184,#11185));
#11175 = ORIENTED_EDGE('',*,*,#11176,.F.);
#11176 = EDGE_CURVE('',#9196,#11177,#11179,.T.);
#11177 = VERTEX_POINT('',#11178);
#11178 = CARTESIAN_POINT('',(32.799999237061,66.591995239258,
    7.266833305359));
#11179 = LINE('',#11180,#11181);
#11180 = CARTESIAN_POINT('',(32.299999237061,66.591995239258,
    7.266833305359));
#11181 = VECTOR('',#11182,1.);
#11182 = DIRECTION('',(1.,0.,0.));
#11183 = ORIENTED_EDGE('',*,*,#9195,.F.);
#11184 = ORIENTED_EDGE('',*,*,#11152,.T.);
#11185 = ORIENTED_EDGE('',*,*,#11186,.F.);
#11186 = EDGE_CURVE('',#11177,#11153,#11187,.T.);
#11187 = LINE('',#11188,#11189);
#11188 = CARTESIAN_POINT('',(32.799999237061,66.591995239258,
    7.266833305359));
#11189 = VECTOR('',#11190,1.);
#11190 = DIRECTION('',(0.,-0.956173788702,0.292799736679));
#11191 = PLANE('',#11192);
#11192 = AXIS2_PLACEMENT_3D('',#11193,#11194,#11195);
#11193 = CARTESIAN_POINT('',(32.549999237061,66.531173706055,
    7.285458087921));
#11194 = DIRECTION('',(0.,0.292799736679,0.956173788702));
#11195 = DIRECTION('',(0.,0.956173788702,-0.292799736679));
#11196 = ADVANCED_FACE('',(#11197),#11215,.T.);
#11197 = FACE_BOUND('',#11198,.T.);
#11198 = EDGE_LOOP('',(#11199,#11207,#11208,#11209));
#11199 = ORIENTED_EDGE('',*,*,#11200,.F.);
#11200 = EDGE_CURVE('',#9204,#11201,#11203,.T.);
#11201 = VERTEX_POINT('',#11202);
#11202 = CARTESIAN_POINT('',(32.799999237061,66.718170166016,
    7.25067615509));
#11203 = LINE('',#11204,#11205);
#11204 = CARTESIAN_POINT('',(32.299999237061,66.718170166016,
    7.25067615509));
#11205 = VECTOR('',#11206,1.);
#11206 = DIRECTION('',(1.,0.,0.));
#11207 = ORIENTED_EDGE('',*,*,#9203,.F.);
#11208 = ORIENTED_EDGE('',*,*,#11176,.T.);
#11209 = ORIENTED_EDGE('',*,*,#11210,.F.);
#11210 = EDGE_CURVE('',#11201,#11177,#11211,.T.);
#11211 = LINE('',#11212,#11213);
#11212 = CARTESIAN_POINT('',(32.799999237061,66.718170166016,
    7.25067615509));
#11213 = VECTOR('',#11214,1.);
#11214 = DIRECTION('',(0.,-0.991900614713,0.127016418358));
#11215 = PLANE('',#11216);
#11216 = AXIS2_PLACEMENT_3D('',#11217,#11218,#11219);
#11217 = CARTESIAN_POINT('',(32.549999237061,66.655082702637,
    7.258754730225));
#11218 = DIRECTION('',(0.,0.127016418358,0.991900614713));
#11219 = DIRECTION('',(0.,0.991900614713,-0.127016418358));
#11220 = ADVANCED_FACE('',(#11221),#11231,.T.);
#11221 = FACE_BOUND('',#11222,.T.);
#11222 = EDGE_LOOP('',(#11223,#11229,#11230));
#11223 = ORIENTED_EDGE('',*,*,#11224,.T.);
#11224 = EDGE_CURVE('',#11201,#9212,#11225,.T.);
#11225 = LINE('',#11226,#11227);
#11226 = CARTESIAN_POINT('',(32.799999237061,66.718170166016,
    7.25067615509));
#11227 = VECTOR('',#11228,1.);
#11228 = DIRECTION('',(-0.997978952468,6.353100875389E-02,
    -1.34957709751E-03));
#11229 = ORIENTED_EDGE('',*,*,#9211,.F.);
#11230 = ORIENTED_EDGE('',*,*,#11200,.T.);
#11231 = PLANE('',#11232);
#11232 = AXIS2_PLACEMENT_3D('',#11233,#11234,#11235);
#11233 = CARTESIAN_POINT('',(32.542293125892,66.72638070997,
    7.250501740072));
#11234 = DIRECTION('',(0.,2.123801784319E-02,0.999774447862));
#11235 = DIRECTION('',(0.,0.999774447862,-2.123801784319E-02));
#11236 = ADVANCED_FACE('',(#11237),#11254,.T.);
#11237 = FACE_BOUND('',#11238,.T.);
#11238 = EDGE_LOOP('',(#11239,#11247,#11253));
#11239 = ORIENTED_EDGE('',*,*,#11240,.T.);
#11240 = EDGE_CURVE('',#9212,#11241,#11243,.T.);
#11241 = VERTEX_POINT('',#11242);
#11242 = CARTESIAN_POINT('',(32.799999237061,66.845260620117,
    7.256074905396));
#11243 = LINE('',#11244,#11245);
#11244 = CARTESIAN_POINT('',(32.299999237061,66.75,7.25));
#11245 = VECTOR('',#11246,1.);
#11246 = DIRECTION('',(0.98226047364,0.187141483671,1.193427890223E-02)
  );
#11247 = ORIENTED_EDGE('',*,*,#11248,.F.);
#11248 = EDGE_CURVE('',#9220,#11241,#11249,.T.);
#11249 = LINE('',#11250,#11251);
#11250 = CARTESIAN_POINT('',(32.299999237061,66.845260620117,
    7.256074905396));
#11251 = VECTOR('',#11252,1.);
#11252 = DIRECTION('',(1.,0.,0.));
#11253 = ORIENTED_EDGE('',*,*,#9219,.F.);
#11254 = PLANE('',#11255);
#11255 = AXIS2_PLACEMENT_3D('',#11256,#11257,#11258);
#11256 = CARTESIAN_POINT('',(32.52839319305,66.819192553948,
    7.254412507695));
#11257 = DIRECTION('',(0.,-6.364214553445E-02,0.997972783853));
#11258 = DIRECTION('',(0.,0.997972783853,6.364214553445E-02));
#11259 = ADVANCED_FACE('',(#11260),#11278,.T.);
#11260 = FACE_BOUND('',#11261,.T.);
#11261 = EDGE_LOOP('',(#11262,#11270,#11271,#11272));
#11262 = ORIENTED_EDGE('',*,*,#11263,.F.);
#11263 = EDGE_CURVE('',#9228,#11264,#11266,.T.);
#11264 = VERTEX_POINT('',#11265);
#11265 = CARTESIAN_POINT('',(32.799999237061,66.969619750977,
    7.282875061035));
#11266 = LINE('',#11267,#11268);
#11267 = CARTESIAN_POINT('',(32.299999237061,66.969619750977,
    7.282875061035));
#11268 = VECTOR('',#11269,1.);
#11269 = DIRECTION('',(1.,0.,0.));
#11270 = ORIENTED_EDGE('',*,*,#9227,.F.);
#11271 = ORIENTED_EDGE('',*,*,#11248,.T.);
#11272 = ORIENTED_EDGE('',*,*,#11273,.F.);
#11273 = EDGE_CURVE('',#11264,#11241,#11274,.T.);
#11274 = LINE('',#11275,#11276);
#11275 = CARTESIAN_POINT('',(32.799999237061,66.969619750977,
    7.282875061035));
#11276 = VECTOR('',#11277,1.);
#11277 = DIRECTION('',(0.,-0.977557322863,-0.210669600361));
#11278 = PLANE('',#11279);
#11279 = AXIS2_PLACEMENT_3D('',#11280,#11281,#11282);
#11280 = CARTESIAN_POINT('',(32.549999237061,66.907440185547,
    7.269474983215));
#11281 = DIRECTION('',(0.,-0.210669600361,0.977557322863));
#11282 = DIRECTION('',(0.,0.977557322863,0.210669600361));
#11283 = ADVANCED_FACE('',(#11284),#11302,.T.);
#11284 = FACE_BOUND('',#11285,.T.);
#11285 = EDGE_LOOP('',(#11286,#11294,#11295,#11296));
#11286 = ORIENTED_EDGE('',*,*,#11287,.F.);
#11287 = EDGE_CURVE('',#9236,#11288,#11290,.T.);
#11288 = VERTEX_POINT('',#11289);
#11289 = CARTESIAN_POINT('',(32.799999237061,67.087646484375,
    7.330305576324));
#11290 = LINE('',#11291,#11292);
#11291 = CARTESIAN_POINT('',(32.299999237061,67.087646484375,
    7.330305576324));
#11292 = VECTOR('',#11293,1.);
#11293 = DIRECTION('',(1.,0.,0.));
#11294 = ORIENTED_EDGE('',*,*,#9235,.F.);
#11295 = ORIENTED_EDGE('',*,*,#11263,.T.);
#11296 = ORIENTED_EDGE('',*,*,#11297,.F.);
#11297 = EDGE_CURVE('',#11288,#11264,#11298,.T.);
#11298 = LINE('',#11299,#11300);
#11299 = CARTESIAN_POINT('',(32.799999237061,67.087646484375,
    7.330305576324));
#11300 = VECTOR('',#11301,1.);
#11301 = DIRECTION('',(0.,-0.92787958076,-0.372879985531));
#11302 = PLANE('',#11303);
#11303 = AXIS2_PLACEMENT_3D('',#11304,#11305,#11306);
#11304 = CARTESIAN_POINT('',(32.549999237061,67.028633117676,
    7.30659031868));
#11305 = DIRECTION('',(0.,-0.372879985531,0.92787958076));
#11306 = DIRECTION('',(0.,0.92787958076,0.372879985531));
#11307 = ADVANCED_FACE('',(#11308),#11326,.T.);
#11308 = FACE_BOUND('',#11309,.T.);
#11309 = EDGE_LOOP('',(#11310,#11318,#11319,#11320));
#11310 = ORIENTED_EDGE('',*,*,#11311,.F.);
#11311 = EDGE_CURVE('',#9244,#11312,#11314,.T.);
#11312 = VERTEX_POINT('',#11313);
#11313 = CARTESIAN_POINT('',(32.799999237061,67.195976257324,
    7.397002220154));
#11314 = LINE('',#11315,#11316);
#11315 = CARTESIAN_POINT('',(32.299999237061,67.195976257324,
    7.397002220154));
#11316 = VECTOR('',#11317,1.);
#11317 = DIRECTION('',(1.,0.,0.));
#11318 = ORIENTED_EDGE('',*,*,#9243,.F.);
#11319 = ORIENTED_EDGE('',*,*,#11287,.T.);
#11320 = ORIENTED_EDGE('',*,*,#11321,.F.);
#11321 = EDGE_CURVE('',#11312,#11288,#11322,.T.);
#11322 = LINE('',#11323,#11324);
#11323 = CARTESIAN_POINT('',(32.799999237061,67.195976257324,
    7.397002220154));
#11324 = VECTOR('',#11325,1.);
#11325 = DIRECTION('',(0.,-0.851545430798,-0.524280821017));
#11326 = PLANE('',#11327);
#11327 = AXIS2_PLACEMENT_3D('',#11328,#11329,#11330);
#11328 = CARTESIAN_POINT('',(32.549999237061,67.14181137085,
    7.363653898239));
#11329 = DIRECTION('',(0.,-0.524280821017,0.851545430798));
#11330 = DIRECTION('',(0.,0.851545430798,0.524280821017));
#11331 = ADVANCED_FACE('',(#11332),#11350,.T.);
#11332 = FACE_BOUND('',#11333,.T.);
#11333 = EDGE_LOOP('',(#11334,#11342,#11343,#11344));
#11334 = ORIENTED_EDGE('',*,*,#11335,.F.);
#11335 = EDGE_CURVE('',#9252,#11336,#11338,.T.);
#11336 = VERTEX_POINT('',#11337);
#11337 = CARTESIAN_POINT('',(32.799999237061,67.291465759277,
    7.481046199799));
#11338 = LINE('',#11339,#11340);
#11339 = CARTESIAN_POINT('',(32.299999237061,67.291465759277,
    7.481046199799));
#11340 = VECTOR('',#11341,1.);
#11341 = DIRECTION('',(1.,0.,0.));
#11342 = ORIENTED_EDGE('',*,*,#9251,.F.);
#11343 = ORIENTED_EDGE('',*,*,#11311,.T.);
#11344 = ORIENTED_EDGE('',*,*,#11345,.F.);
#11345 = EDGE_CURVE('',#11336,#11312,#11346,.T.);
#11346 = LINE('',#11347,#11348);
#11347 = CARTESIAN_POINT('',(32.799999237061,67.291465759277,
    7.481046199799));
#11348 = VECTOR('',#11349,1.);
#11349 = DIRECTION('',(0.,-0.750661981897,-0.660686452816));
#11350 = PLANE('',#11351);
#11351 = AXIS2_PLACEMENT_3D('',#11352,#11353,#11354);
#11352 = CARTESIAN_POINT('',(32.549999237061,67.243721008301,
    7.439024209976));
#11353 = DIRECTION('',(0.,-0.660686452816,0.750661981897));
#11354 = DIRECTION('',(0.,0.750661981897,0.660686452816));
#11355 = ADVANCED_FACE('',(#11356),#11374,.T.);
#11356 = FACE_BOUND('',#11357,.T.);
#11357 = EDGE_LOOP('',(#11358,#11366,#11367,#11368));
#11358 = ORIENTED_EDGE('',*,*,#11359,.F.);
#11359 = EDGE_CURVE('',#9260,#11360,#11362,.T.);
#11360 = VERTEX_POINT('',#11361);
#11361 = CARTESIAN_POINT('',(32.799999237061,67.371383666992,
    7.580018997192));
#11362 = LINE('',#11363,#11364);
#11363 = CARTESIAN_POINT('',(32.299999237061,67.371383666992,
    7.580018997192));
#11364 = VECTOR('',#11365,1.);
#11365 = DIRECTION('',(1.,0.,0.));
#11366 = ORIENTED_EDGE('',*,*,#9259,.F.);
#11367 = ORIENTED_EDGE('',*,*,#11335,.T.);
#11368 = ORIENTED_EDGE('',*,*,#11369,.F.);
#11369 = EDGE_CURVE('',#11360,#11336,#11370,.T.);
#11370 = LINE('',#11371,#11372);
#11371 = CARTESIAN_POINT('',(32.799999237061,67.371383666992,
    7.580018997192));
#11372 = VECTOR('',#11373,1.);
#11373 = DIRECTION('',(0.,-0.628234058803,-0.778024400234));
#11374 = PLANE('',#11375);
#11375 = AXIS2_PLACEMENT_3D('',#11376,#11377,#11378);
#11376 = CARTESIAN_POINT('',(32.549999237061,67.331424713135,
    7.530532598495));
#11377 = DIRECTION('',(0.,-0.778024400234,0.628234058803));
#11378 = DIRECTION('',(0.,-0.628234058803,-0.778024400234));
#11379 = ADVANCED_FACE('',(#11380),#11398,.T.);
#11380 = FACE_BOUND('',#11381,.T.);
#11381 = EDGE_LOOP('',(#11382,#11390,#11391,#11392));
#11382 = ORIENTED_EDGE('',*,*,#11383,.F.);
#11383 = EDGE_CURVE('',#9268,#11384,#11386,.T.);
#11384 = VERTEX_POINT('',#11385);
#11385 = CARTESIAN_POINT('',(32.799999237061,67.43342590332,
    7.691074371338));
#11386 = LINE('',#11387,#11388);
#11387 = CARTESIAN_POINT('',(32.299999237061,67.43342590332,
    7.691074371338));
#11388 = VECTOR('',#11389,1.);
#11389 = DIRECTION('',(1.,0.,0.));
#11390 = ORIENTED_EDGE('',*,*,#9267,.F.);
#11391 = ORIENTED_EDGE('',*,*,#11359,.T.);
#11392 = ORIENTED_EDGE('',*,*,#11393,.F.);
#11393 = EDGE_CURVE('',#11384,#11360,#11394,.T.);
#11394 = LINE('',#11395,#11396);
#11395 = CARTESIAN_POINT('',(32.799999237061,67.43342590332,
    7.691074371338));
#11396 = VECTOR('',#11397,1.);
#11397 = DIRECTION('',(0.,-0.487712810684,-0.873004131889));
#11398 = PLANE('',#11399);
#11399 = AXIS2_PLACEMENT_3D('',#11400,#11401,#11402);
#11400 = CARTESIAN_POINT('',(32.549999237061,67.402404785156,
    7.635546684265));
#11401 = DIRECTION('',(0.,-0.873004131889,0.487712810684));
#11402 = DIRECTION('',(0.,-0.487712810684,-0.873004131889));
#11403 = ADVANCED_FACE('',(#11404),#11422,.T.);
#11404 = FACE_BOUND('',#11405,.T.);
#11405 = EDGE_LOOP('',(#11406,#11414,#11415,#11416));
#11406 = ORIENTED_EDGE('',*,*,#11407,.F.);
#11407 = EDGE_CURVE('',#9276,#11408,#11410,.T.);
#11408 = VERTEX_POINT('',#11409);
#11409 = CARTESIAN_POINT('',(32.799999237061,67.475799560547,
    7.811016559601));
#11410 = LINE('',#11411,#11412);
#11411 = CARTESIAN_POINT('',(32.299999237061,67.475799560547,
    7.811016559601));
#11412 = VECTOR('',#11413,1.);
#11413 = DIRECTION('',(1.,0.,0.));
#11414 = ORIENTED_EDGE('',*,*,#9275,.F.);
#11415 = ORIENTED_EDGE('',*,*,#11383,.T.);
#11416 = ORIENTED_EDGE('',*,*,#11417,.F.);
#11417 = EDGE_CURVE('',#11408,#11384,#11418,.T.);
#11418 = LINE('',#11419,#11420);
#11419 = CARTESIAN_POINT('',(32.799999237061,67.475799560547,
    7.811016559601));
#11420 = VECTOR('',#11421,1.);
#11421 = DIRECTION('',(0.,-0.333107549516,-0.942888837804));
#11422 = PLANE('',#11423);
#11423 = AXIS2_PLACEMENT_3D('',#11424,#11425,#11426);
#11424 = CARTESIAN_POINT('',(32.549999237061,67.454612731934,
    7.751045465469));
#11425 = DIRECTION('',(0.,-0.942888837804,0.333107549516));
#11426 = DIRECTION('',(0.,-0.333107549516,-0.942888837804));
#11427 = ADVANCED_FACE('',(#11428),#11446,.T.);
#11428 = FACE_BOUND('',#11429,.T.);
#11429 = EDGE_LOOP('',(#11430,#11438,#11439,#11440));
#11430 = ORIENTED_EDGE('',*,*,#11431,.F.);
#11431 = EDGE_CURVE('',#9284,#11432,#11434,.T.);
#11432 = VERTEX_POINT('',#11433);
#11433 = CARTESIAN_POINT('',(32.799999237061,67.497299194336,
    7.936395645142));
#11434 = LINE('',#11435,#11436);
#11435 = CARTESIAN_POINT('',(32.299999237061,67.497299194336,
    7.936395645142));
#11436 = VECTOR('',#11437,1.);
#11437 = DIRECTION('',(1.,0.,0.));
#11438 = ORIENTED_EDGE('',*,*,#9283,.F.);
#11439 = ORIENTED_EDGE('',*,*,#11407,.T.);
#11440 = ORIENTED_EDGE('',*,*,#11441,.F.);
#11441 = EDGE_CURVE('',#11432,#11408,#11442,.T.);
#11442 = LINE('',#11443,#11444);
#11443 = CARTESIAN_POINT('',(32.799999237061,67.497299194336,
    7.936395645142));
#11444 = VECTOR('',#11445,1.);
#11445 = DIRECTION('',(0.,-0.169010217255,-0.985614299036));
#11446 = PLANE('',#11447);
#11447 = AXIS2_PLACEMENT_3D('',#11448,#11449,#11450);
#11448 = CARTESIAN_POINT('',(32.549999237061,67.486549377441,
    7.873706102371));
#11449 = DIRECTION('',(0.,-0.985614299036,0.169010217255));
#11450 = DIRECTION('',(0.,-0.169010217255,-0.985614299036));
#11451 = ADVANCED_FACE('',(#11452),#11470,.T.);
#11452 = FACE_BOUND('',#11453,.T.);
#11453 = EDGE_LOOP('',(#11454,#11462,#11463,#11464));
#11454 = ORIENTED_EDGE('',*,*,#11455,.F.);
#11455 = EDGE_CURVE('',#9292,#11456,#11458,.T.);
#11456 = VERTEX_POINT('',#11457);
#11457 = CARTESIAN_POINT('',(32.799999237061,67.497299194336,
    8.063604354858));
#11458 = LINE('',#11459,#11460);
#11459 = CARTESIAN_POINT('',(32.299999237061,67.497299194336,
    8.063604354858));
#11460 = VECTOR('',#11461,1.);
#11461 = DIRECTION('',(1.,0.,0.));
#11462 = ORIENTED_EDGE('',*,*,#9291,.F.);
#11463 = ORIENTED_EDGE('',*,*,#11431,.T.);
#11464 = ORIENTED_EDGE('',*,*,#11465,.F.);
#11465 = EDGE_CURVE('',#11456,#11432,#11466,.T.);
#11466 = LINE('',#11467,#11468);
#11467 = CARTESIAN_POINT('',(32.799999237061,67.497299194336,
    8.063604354858));
#11468 = VECTOR('',#11469,1.);
#11469 = DIRECTION('',(0.,0.,-1.));
#11470 = PLANE('',#11471);
#11471 = AXIS2_PLACEMENT_3D('',#11472,#11473,#11474);
#11472 = CARTESIAN_POINT('',(32.549999237061,67.497299194336,8.));
#11473 = DIRECTION('',(-0.,-1.,-0.));
#11474 = DIRECTION('',(0.,0.,-1.));
#11475 = ADVANCED_FACE('',(#11476),#11494,.T.);
#11476 = FACE_BOUND('',#11477,.T.);
#11477 = EDGE_LOOP('',(#11478,#11486,#11487,#11488));
#11478 = ORIENTED_EDGE('',*,*,#11479,.F.);
#11479 = EDGE_CURVE('',#9300,#11480,#11482,.T.);
#11480 = VERTEX_POINT('',#11481);
#11481 = CARTESIAN_POINT('',(32.799999237061,67.475799560547,
    8.188982963562));
#11482 = LINE('',#11483,#11484);
#11483 = CARTESIAN_POINT('',(32.299999237061,67.475799560547,
    8.188982963562));
#11484 = VECTOR('',#11485,1.);
#11485 = DIRECTION('',(1.,0.,0.));
#11486 = ORIENTED_EDGE('',*,*,#9299,.F.);
#11487 = ORIENTED_EDGE('',*,*,#11455,.T.);
#11488 = ORIENTED_EDGE('',*,*,#11489,.F.);
#11489 = EDGE_CURVE('',#11480,#11456,#11490,.T.);
#11490 = LINE('',#11491,#11492);
#11491 = CARTESIAN_POINT('',(32.799999237061,67.475799560547,
    8.188982963562));
#11492 = VECTOR('',#11493,1.);
#11493 = DIRECTION('',(0.,0.169010841671,-0.985614191962));
#11494 = PLANE('',#11495);
#11495 = AXIS2_PLACEMENT_3D('',#11496,#11497,#11498);
#11496 = CARTESIAN_POINT('',(32.549999237061,67.486549377441,
    8.12629365921));
#11497 = DIRECTION('',(-0.,-0.985614191962,-0.169010841671));
#11498 = DIRECTION('',(0.,0.169010841671,-0.985614191962));
#11499 = ADVANCED_FACE('',(#11500),#11518,.T.);
#11500 = FACE_BOUND('',#11501,.T.);
#11501 = EDGE_LOOP('',(#11502,#11510,#11511,#11512));
#11502 = ORIENTED_EDGE('',*,*,#11503,.F.);
#11503 = EDGE_CURVE('',#9308,#11504,#11506,.T.);
#11504 = VERTEX_POINT('',#11505);
#11505 = CARTESIAN_POINT('',(32.799999237061,67.43342590332,
    8.308925628662));
#11506 = LINE('',#11507,#11508);
#11507 = CARTESIAN_POINT('',(32.299999237061,67.43342590332,
    8.308925628662));
#11508 = VECTOR('',#11509,1.);
#11509 = DIRECTION('',(1.,0.,0.));
#11510 = ORIENTED_EDGE('',*,*,#9307,.F.);
#11511 = ORIENTED_EDGE('',*,*,#11479,.T.);
#11512 = ORIENTED_EDGE('',*,*,#11513,.F.);
#11513 = EDGE_CURVE('',#11504,#11480,#11514,.T.);
#11514 = LINE('',#11515,#11516);
#11515 = CARTESIAN_POINT('',(32.799999237061,67.43342590332,
    8.308925628662));
#11516 = VECTOR('',#11517,1.);
#11517 = DIRECTION('',(0.,0.333106372175,-0.942889253739));
#11518 = PLANE('',#11519);
#11519 = AXIS2_PLACEMENT_3D('',#11520,#11521,#11522);
#11520 = CARTESIAN_POINT('',(32.549999237061,67.454612731934,
    8.248954296112));
#11521 = DIRECTION('',(-0.,-0.942889253739,-0.333106372175));
#11522 = DIRECTION('',(0.,0.333106372175,-0.942889253739));
#11523 = ADVANCED_FACE('',(#11524),#11542,.T.);
#11524 = FACE_BOUND('',#11525,.T.);
#11525 = EDGE_LOOP('',(#11526,#11534,#11535,#11536));
#11526 = ORIENTED_EDGE('',*,*,#11527,.F.);
#11527 = EDGE_CURVE('',#9316,#11528,#11530,.T.);
#11528 = VERTEX_POINT('',#11529);
#11529 = CARTESIAN_POINT('',(32.799999237061,67.371383666992,
    8.419981002808));
#11530 = LINE('',#11531,#11532);
#11531 = CARTESIAN_POINT('',(32.299999237061,67.371383666992,
    8.419981002808));
#11532 = VECTOR('',#11533,1.);
#11533 = DIRECTION('',(1.,0.,0.));
#11534 = ORIENTED_EDGE('',*,*,#9315,.F.);
#11535 = ORIENTED_EDGE('',*,*,#11503,.T.);
#11536 = ORIENTED_EDGE('',*,*,#11537,.F.);
#11537 = EDGE_CURVE('',#11528,#11504,#11538,.T.);
#11538 = LINE('',#11539,#11540);
#11539 = CARTESIAN_POINT('',(32.799999237061,67.371383666992,
    8.419981002808));
#11540 = VECTOR('',#11541,1.);
#11541 = DIRECTION('',(0.,0.487712810684,-0.873004131889));
#11542 = PLANE('',#11543);
#11543 = AXIS2_PLACEMENT_3D('',#11544,#11545,#11546);
#11544 = CARTESIAN_POINT('',(32.549999237061,67.402404785156,
    8.364453315735));
#11545 = DIRECTION('',(-0.,-0.873004131889,-0.487712810684));
#11546 = DIRECTION('',(0.,0.487712810684,-0.873004131889));
#11547 = ADVANCED_FACE('',(#11548),#11566,.T.);
#11548 = FACE_BOUND('',#11549,.T.);
#11549 = EDGE_LOOP('',(#11550,#11558,#11559,#11560));
#11550 = ORIENTED_EDGE('',*,*,#11551,.F.);
#11551 = EDGE_CURVE('',#9324,#11552,#11554,.T.);
#11552 = VERTEX_POINT('',#11553);
#11553 = CARTESIAN_POINT('',(32.799999237061,67.291465759277,
    8.518954277039));
#11554 = LINE('',#11555,#11556);
#11555 = CARTESIAN_POINT('',(32.299999237061,67.291465759277,
    8.518954277039));
#11556 = VECTOR('',#11557,1.);
#11557 = DIRECTION('',(1.,0.,0.));
#11558 = ORIENTED_EDGE('',*,*,#9323,.F.);
#11559 = ORIENTED_EDGE('',*,*,#11527,.T.);
#11560 = ORIENTED_EDGE('',*,*,#11561,.F.);
#11561 = EDGE_CURVE('',#11552,#11528,#11562,.T.);
#11562 = LINE('',#11563,#11564);
#11563 = CARTESIAN_POINT('',(32.799999237061,67.291465759277,
    8.518954277039));
#11564 = VECTOR('',#11565,1.);
#11565 = DIRECTION('',(0.,0.628232226652,-0.778025879644));
#11566 = PLANE('',#11567);
#11567 = AXIS2_PLACEMENT_3D('',#11568,#11569,#11570);
#11568 = CARTESIAN_POINT('',(32.549999237061,67.331424713135,
    8.469467639923));
#11569 = DIRECTION('',(-0.,-0.778025879644,-0.628232226652));
#11570 = DIRECTION('',(0.,0.628232226652,-0.778025879644));
#11571 = ADVANCED_FACE('',(#11572),#11590,.T.);
#11572 = FACE_BOUND('',#11573,.T.);
#11573 = EDGE_LOOP('',(#11574,#11582,#11583,#11584));
#11574 = ORIENTED_EDGE('',*,*,#11575,.F.);
#11575 = EDGE_CURVE('',#9332,#11576,#11578,.T.);
#11576 = VERTEX_POINT('',#11577);
#11577 = CARTESIAN_POINT('',(32.799999237061,67.195976257324,
    8.602997779846));
#11578 = LINE('',#11579,#11580);
#11579 = CARTESIAN_POINT('',(32.299999237061,67.195976257324,
    8.602997779846));
#11580 = VECTOR('',#11581,1.);
#11581 = DIRECTION('',(1.,0.,0.));
#11582 = ORIENTED_EDGE('',*,*,#9331,.F.);
#11583 = ORIENTED_EDGE('',*,*,#11551,.T.);
#11584 = ORIENTED_EDGE('',*,*,#11585,.F.);
#11585 = EDGE_CURVE('',#11576,#11552,#11586,.T.);
#11586 = LINE('',#11587,#11588);
#11587 = CARTESIAN_POINT('',(32.799999237061,67.195976257324,
    8.602997779846));
#11588 = VECTOR('',#11589,1.);
#11589 = DIRECTION('',(0.,0.750663840981,-0.660684340547));
#11590 = PLANE('',#11591);
#11591 = AXIS2_PLACEMENT_3D('',#11592,#11593,#11594);
#11592 = CARTESIAN_POINT('',(32.549999237061,67.243721008301,
    8.560976028442));
#11593 = DIRECTION('',(-0.,-0.660684340547,-0.750663840981));
#11594 = DIRECTION('',(0.,-0.750663840981,0.660684340547));
#11595 = ADVANCED_FACE('',(#11596),#11614,.T.);
#11596 = FACE_BOUND('',#11597,.T.);
#11597 = EDGE_LOOP('',(#11598,#11606,#11607,#11608));
#11598 = ORIENTED_EDGE('',*,*,#11599,.F.);
#11599 = EDGE_CURVE('',#9340,#11600,#11602,.T.);
#11600 = VERTEX_POINT('',#11601);
#11601 = CARTESIAN_POINT('',(32.799999237061,67.087646484375,
    8.669693946838));
#11602 = LINE('',#11603,#11604);
#11603 = CARTESIAN_POINT('',(32.299999237061,67.087646484375,
    8.669693946838));
#11604 = VECTOR('',#11605,1.);
#11605 = DIRECTION('',(1.,0.,0.));
#11606 = ORIENTED_EDGE('',*,*,#9339,.F.);
#11607 = ORIENTED_EDGE('',*,*,#11575,.T.);
#11608 = ORIENTED_EDGE('',*,*,#11609,.F.);
#11609 = EDGE_CURVE('',#11600,#11576,#11610,.T.);
#11610 = LINE('',#11611,#11612);
#11611 = CARTESIAN_POINT('',(32.799999237061,67.087646484375,
    8.669693946838));
#11612 = VECTOR('',#11613,1.);
#11613 = DIRECTION('',(0.,0.851547104205,-0.524278103033));
#11614 = PLANE('',#11615);
#11615 = AXIS2_PLACEMENT_3D('',#11616,#11617,#11618);
#11616 = CARTESIAN_POINT('',(32.549999237061,67.14181137085,
    8.636345863342));
#11617 = DIRECTION('',(-0.,-0.524278103033,-0.851547104205));
#11618 = DIRECTION('',(0.,-0.851547104205,0.524278103033));
#11619 = ADVANCED_FACE('',(#11620),#11638,.T.);
#11620 = FACE_BOUND('',#11621,.T.);
#11621 = EDGE_LOOP('',(#11622,#11630,#11631,#11632));
#11622 = ORIENTED_EDGE('',*,*,#11623,.F.);
#11623 = EDGE_CURVE('',#9348,#11624,#11626,.T.);
#11624 = VERTEX_POINT('',#11625);
#11625 = CARTESIAN_POINT('',(32.799999237061,66.969619750977,
    8.717124938965));
#11626 = LINE('',#11627,#11628);
#11627 = CARTESIAN_POINT('',(32.299999237061,66.969619750977,
    8.717124938965));
#11628 = VECTOR('',#11629,1.);
#11629 = DIRECTION('',(1.,0.,0.));
#11630 = ORIENTED_EDGE('',*,*,#9347,.F.);
#11631 = ORIENTED_EDGE('',*,*,#11599,.T.);
#11632 = ORIENTED_EDGE('',*,*,#11633,.F.);
#11633 = EDGE_CURVE('',#11624,#11600,#11634,.T.);
#11634 = LINE('',#11635,#11636);
#11635 = CARTESIAN_POINT('',(32.799999237061,66.969619750977,
    8.717124938965));
#11636 = VECTOR('',#11637,1.);
#11637 = DIRECTION('',(0.,0.92787828375,-0.372883213011));
#11638 = PLANE('',#11639);
#11639 = AXIS2_PLACEMENT_3D('',#11640,#11641,#11642);
#11640 = CARTESIAN_POINT('',(32.549999237061,67.028633117676,
    8.693409442902));
#11641 = DIRECTION('',(-0.,-0.372883213011,-0.92787828375));
#11642 = DIRECTION('',(0.,-0.92787828375,0.372883213011));
#11643 = ADVANCED_FACE('',(#11644),#11662,.T.);
#11644 = FACE_BOUND('',#11645,.T.);
#11645 = EDGE_LOOP('',(#11646,#11654,#11655,#11656));
#11646 = ORIENTED_EDGE('',*,*,#11647,.F.);
#11647 = EDGE_CURVE('',#9356,#11648,#11650,.T.);
#11648 = VERTEX_POINT('',#11649);
#11649 = CARTESIAN_POINT('',(32.799999237061,66.845260620117,
    8.743925094604));
#11650 = LINE('',#11651,#11652);
#11651 = CARTESIAN_POINT('',(32.299999237061,66.845260620117,
    8.743925094604));
#11652 = VECTOR('',#11653,1.);
#11653 = DIRECTION('',(1.,0.,0.));
#11654 = ORIENTED_EDGE('',*,*,#9355,.F.);
#11655 = ORIENTED_EDGE('',*,*,#11623,.T.);
#11656 = ORIENTED_EDGE('',*,*,#11657,.F.);
#11657 = EDGE_CURVE('',#11648,#11624,#11658,.T.);
#11658 = LINE('',#11659,#11660);
#11659 = CARTESIAN_POINT('',(32.799999237061,66.845260620117,
    8.743925094604));
#11660 = VECTOR('',#11661,1.);
#11661 = DIRECTION('',(0.,0.977557322863,-0.210669600361));
#11662 = PLANE('',#11663);
#11663 = AXIS2_PLACEMENT_3D('',#11664,#11665,#11666);
#11664 = CARTESIAN_POINT('',(32.549999237061,66.907440185547,
    8.730525016785));
#11665 = DIRECTION('',(-0.,-0.210669600361,-0.977557322863));
#11666 = DIRECTION('',(0.,-0.977557322863,0.210669600361));
#11667 = ADVANCED_FACE('',(#11668),#11686,.T.);
#11668 = FACE_BOUND('',#11669,.T.);
#11669 = EDGE_LOOP('',(#11670,#11678,#11679,#11680));
#11670 = ORIENTED_EDGE('',*,*,#11671,.F.);
#11671 = EDGE_CURVE('',#9364,#11672,#11674,.T.);
#11672 = VERTEX_POINT('',#11673);
#11673 = CARTESIAN_POINT('',(32.799999237061,66.718170166016,
    8.74932384491));
#11674 = LINE('',#11675,#11676);
#11675 = CARTESIAN_POINT('',(32.299999237061,66.718170166016,
    8.74932384491));
#11676 = VECTOR('',#11677,1.);
#11677 = DIRECTION('',(1.,0.,0.));
#11678 = ORIENTED_EDGE('',*,*,#9363,.F.);
#11679 = ORIENTED_EDGE('',*,*,#11647,.T.);
#11680 = ORIENTED_EDGE('',*,*,#11681,.F.);
#11681 = EDGE_CURVE('',#11672,#11648,#11682,.T.);
#11682 = LINE('',#11683,#11684);
#11683 = CARTESIAN_POINT('',(32.799999237061,66.718170166016,
    8.74932384491));
#11684 = VECTOR('',#11685,1.);
#11685 = DIRECTION('',(0.,0.999098961513,-4.244131364153E-02));
#11686 = PLANE('',#11687);
#11687 = AXIS2_PLACEMENT_3D('',#11688,#11689,#11690);
#11688 = CARTESIAN_POINT('',(32.549999237061,66.781715393066,
    8.746624469757));
#11689 = DIRECTION('',(-0.,-4.244131364153E-02,-0.999098961513));
#11690 = DIRECTION('',(0.,-0.999098961513,4.244131364153E-02));
#11691 = ADVANCED_FACE('',(#11692),#11710,.T.);
#11692 = FACE_BOUND('',#11693,.T.);
#11693 = EDGE_LOOP('',(#11694,#11702,#11703,#11704));
#11694 = ORIENTED_EDGE('',*,*,#11695,.F.);
#11695 = EDGE_CURVE('',#9372,#11696,#11698,.T.);
#11696 = VERTEX_POINT('',#11697);
#11697 = CARTESIAN_POINT('',(32.799999237061,66.591995239258,
    8.733166694641));
#11698 = LINE('',#11699,#11700);
#11699 = CARTESIAN_POINT('',(32.299999237061,66.591995239258,
    8.733166694641));
#11700 = VECTOR('',#11701,1.);
#11701 = DIRECTION('',(1.,0.,0.));
#11702 = ORIENTED_EDGE('',*,*,#9371,.F.);
#11703 = ORIENTED_EDGE('',*,*,#11671,.T.);
#11704 = ORIENTED_EDGE('',*,*,#11705,.F.);
#11705 = EDGE_CURVE('',#11696,#11672,#11706,.T.);
#11706 = LINE('',#11707,#11708);
#11707 = CARTESIAN_POINT('',(32.799999237061,66.591995239258,
    8.733166694641));
#11708 = VECTOR('',#11709,1.);
#11709 = DIRECTION('',(0.,0.991900614713,0.127016418358));
#11710 = PLANE('',#11711);
#11711 = AXIS2_PLACEMENT_3D('',#11712,#11713,#11714);
#11712 = CARTESIAN_POINT('',(32.549999237061,66.655082702637,
    8.741245269775));
#11713 = DIRECTION('',(0.,0.127016418358,-0.991900614713));
#11714 = DIRECTION('',(0.,-0.991900614713,-0.127016418358));
#11715 = ADVANCED_FACE('',(#11716),#11734,.T.);
#11716 = FACE_BOUND('',#11717,.T.);
#11717 = EDGE_LOOP('',(#11718,#11726,#11727,#11728));
#11718 = ORIENTED_EDGE('',*,*,#11719,.F.);
#11719 = EDGE_CURVE('',#9380,#11720,#11722,.T.);
#11720 = VERTEX_POINT('',#11721);
#11721 = CARTESIAN_POINT('',(32.799999237061,66.470352172852,
    8.695917129517));
#11722 = LINE('',#11723,#11724);
#11723 = CARTESIAN_POINT('',(32.299999237061,66.470352172852,
    8.695917129517));
#11724 = VECTOR('',#11725,1.);
#11725 = DIRECTION('',(1.,0.,0.));
#11726 = ORIENTED_EDGE('',*,*,#9379,.F.);
#11727 = ORIENTED_EDGE('',*,*,#11695,.T.);
#11728 = ORIENTED_EDGE('',*,*,#11729,.F.);
#11729 = EDGE_CURVE('',#11720,#11696,#11730,.T.);
#11730 = LINE('',#11731,#11732);
#11731 = CARTESIAN_POINT('',(32.799999237061,66.470352172852,
    8.695917129517));
#11732 = VECTOR('',#11733,1.);
#11733 = DIRECTION('',(0.,0.956173788702,0.292799736679));
#11734 = PLANE('',#11735);
#11735 = AXIS2_PLACEMENT_3D('',#11736,#11737,#11738);
#11736 = CARTESIAN_POINT('',(32.549999237061,66.531173706055,
    8.714541912079));
#11737 = DIRECTION('',(0.,0.292799736679,-0.956173788702));
#11738 = DIRECTION('',(0.,-0.956173788702,-0.292799736679));
#11739 = ADVANCED_FACE('',(#11740),#11758,.T.);
#11740 = FACE_BOUND('',#11741,.T.);
#11741 = EDGE_LOOP('',(#11742,#11750,#11751,#11752));
#11742 = ORIENTED_EDGE('',*,*,#11743,.F.);
#11743 = EDGE_CURVE('',#9388,#11744,#11746,.T.);
#11744 = VERTEX_POINT('',#11745);
#11745 = CARTESIAN_POINT('',(32.799999237061,66.356773376465,
    8.638646125793));
#11746 = LINE('',#11747,#11748);
#11747 = CARTESIAN_POINT('',(32.299999237061,66.356773376465,
    8.638646125793));
#11748 = VECTOR('',#11749,1.);
#11749 = DIRECTION('',(1.,0.,0.));
#11750 = ORIENTED_EDGE('',*,*,#9387,.F.);
#11751 = ORIENTED_EDGE('',*,*,#11719,.T.);
#11752 = ORIENTED_EDGE('',*,*,#11753,.F.);
#11753 = EDGE_CURVE('',#11744,#11720,#11754,.T.);
#11754 = LINE('',#11755,#11756);
#11755 = CARTESIAN_POINT('',(32.799999237061,66.356773376465,
    8.638646125793));
#11756 = VECTOR('',#11757,1.);
#11757 = DIRECTION('',(0.,0.892907592174,0.450239971391));
#11758 = PLANE('',#11759);
#11759 = AXIS2_PLACEMENT_3D('',#11760,#11761,#11762);
#11760 = CARTESIAN_POINT('',(32.549999237061,66.413562774658,
    8.667281627655));
#11761 = DIRECTION('',(0.,0.450239971391,-0.892907592174));
#11762 = DIRECTION('',(0.,-0.892907592174,-0.450239971391));
#11763 = ADVANCED_FACE('',(#11764),#11782,.T.);
#11764 = FACE_BOUND('',#11765,.T.);
#11765 = EDGE_LOOP('',(#11766,#11774,#11775,#11776));
#11766 = ORIENTED_EDGE('',*,*,#11767,.F.);
#11767 = EDGE_CURVE('',#9396,#11768,#11770,.T.);
#11768 = VERTEX_POINT('',#11769);
#11769 = CARTESIAN_POINT('',(32.799999237061,66.254493713379,
    8.563004493713));
#11770 = LINE('',#11771,#11772);
#11771 = CARTESIAN_POINT('',(32.299999237061,66.254493713379,
    8.563004493713));
#11772 = VECTOR('',#11773,1.);
#11773 = DIRECTION('',(1.,0.,0.));
#11774 = ORIENTED_EDGE('',*,*,#9395,.F.);
#11775 = ORIENTED_EDGE('',*,*,#11743,.T.);
#11776 = ORIENTED_EDGE('',*,*,#11777,.F.);
#11777 = EDGE_CURVE('',#11768,#11744,#11778,.T.);
#11778 = LINE('',#11779,#11780);
#11779 = CARTESIAN_POINT('',(32.799999237061,66.254493713379,
    8.563004493713));
#11780 = VECTOR('',#11781,1.);
#11781 = DIRECTION('',(0.,0.804012208687,0.594612788529));
#11782 = PLANE('',#11783);
#11783 = AXIS2_PLACEMENT_3D('',#11784,#11785,#11786);
#11784 = CARTESIAN_POINT('',(32.549999237061,66.305633544922,
    8.600825309753));
#11785 = DIRECTION('',(0.,0.594612788529,-0.804012208687));
#11786 = DIRECTION('',(0.,-0.804012208687,-0.594612788529));
#11787 = ADVANCED_FACE('',(#11788),#11806,.T.);
#11788 = FACE_BOUND('',#11789,.T.);
#11789 = EDGE_LOOP('',(#11790,#11798,#11799,#11800));
#11790 = ORIENTED_EDGE('',*,*,#11791,.F.);
#11791 = EDGE_CURVE('',#9404,#11792,#11794,.T.);
#11792 = VERTEX_POINT('',#11793);
#11793 = CARTESIAN_POINT('',(32.799999237061,66.166473388672,
    8.471164703369));
#11794 = LINE('',#11795,#11796);
#11795 = CARTESIAN_POINT('',(32.299999237061,66.166473388672,
    8.471164703369));
#11796 = VECTOR('',#11797,1.);
#11797 = DIRECTION('',(1.,0.,0.));
#11798 = ORIENTED_EDGE('',*,*,#9403,.F.);
#11799 = ORIENTED_EDGE('',*,*,#11767,.T.);
#11800 = ORIENTED_EDGE('',*,*,#11801,.F.);
#11801 = EDGE_CURVE('',#11792,#11768,#11802,.T.);
#11802 = LINE('',#11803,#11804);
#11803 = CARTESIAN_POINT('',(32.799999237061,66.166473388672,
    8.471164703369));
#11804 = VECTOR('',#11805,1.);
#11805 = DIRECTION('',(0.,0.691934834676,0.721959960498));
#11806 = PLANE('',#11807);
#11807 = AXIS2_PLACEMENT_3D('',#11808,#11809,#11810);
#11808 = CARTESIAN_POINT('',(32.549999237061,66.210483551025,
    8.517084598541));
#11809 = DIRECTION('',(0.,0.721959960498,-0.691934834676));
#11810 = DIRECTION('',(0.,0.691934834676,0.721959960498));
#11811 = ADVANCED_FACE('',(#11812),#11830,.T.);
#11812 = FACE_BOUND('',#11813,.T.);
#11813 = EDGE_LOOP('',(#11814,#11822,#11823,#11824));
#11814 = ORIENTED_EDGE('',*,*,#11815,.F.);
#11815 = EDGE_CURVE('',#9412,#11816,#11818,.T.);
#11816 = VERTEX_POINT('',#11817);
#11817 = CARTESIAN_POINT('',(32.799999237061,66.095237731934,
    8.365770339966));
#11818 = LINE('',#11819,#11820);
#11819 = CARTESIAN_POINT('',(32.299999237061,66.095237731934,
    8.365770339966));
#11820 = VECTOR('',#11821,1.);
#11821 = DIRECTION('',(1.,0.,0.));
#11822 = ORIENTED_EDGE('',*,*,#9411,.F.);
#11823 = ORIENTED_EDGE('',*,*,#11791,.T.);
#11824 = ORIENTED_EDGE('',*,*,#11825,.F.);
#11825 = EDGE_CURVE('',#11816,#11792,#11826,.T.);
#11826 = LINE('',#11827,#11828);
#11827 = CARTESIAN_POINT('',(32.799999237061,66.095237731934,
    8.365770339966));
#11828 = VECTOR('',#11829,1.);
#11829 = DIRECTION('',(0.,0.559982880814,0.82850417814));
#11830 = PLANE('',#11831);
#11831 = AXIS2_PLACEMENT_3D('',#11832,#11833,#11834);
#11832 = CARTESIAN_POINT('',(32.549999237061,66.130855560303,
    8.418467521667));
#11833 = DIRECTION('',(0.,0.82850417814,-0.559982880814));
#11834 = DIRECTION('',(0.,0.559982880814,0.82850417814));
#11835 = ADVANCED_FACE('',(#11836),#11847,.T.);
#11836 = FACE_BOUND('',#11837,.T.);
#11837 = EDGE_LOOP('',(#11838,#11839,#11840,#11841));
#11838 = ORIENTED_EDGE('',*,*,#10962,.F.);
#11839 = ORIENTED_EDGE('',*,*,#9419,.F.);
#11840 = ORIENTED_EDGE('',*,*,#11815,.T.);
#11841 = ORIENTED_EDGE('',*,*,#11842,.F.);
#11842 = EDGE_CURVE('',#10963,#11816,#11843,.T.);
#11843 = LINE('',#11844,#11845);
#11844 = CARTESIAN_POINT('',(32.799999237061,66.042839050293,
    8.249855041504));
#11845 = VECTOR('',#11846,1.);
#11846 = DIRECTION('',(0.,0.411912103744,0.911223583315));
#11847 = PLANE('',#11848);
#11848 = AXIS2_PLACEMENT_3D('',#11849,#11850,#11851);
#11849 = CARTESIAN_POINT('',(32.549999237061,66.069038391113,
    8.307812690735));
#11850 = DIRECTION('',(0.,0.911223583315,-0.411912103744));
#11851 = DIRECTION('',(0.,0.411912103744,0.911223583315));
#11852 = ADVANCED_FACE('',(#11853),#11870,.T.);
#11853 = FACE_BOUND('',#11854,.T.);
#11854 = EDGE_LOOP('',(#11855,#11856,#11864));
#11855 = ORIENTED_EDGE('',*,*,#9457,.F.);
#11856 = ORIENTED_EDGE('',*,*,#11857,.F.);
#11857 = EDGE_CURVE('',#11858,#9458,#11860,.T.);
#11858 = VERTEX_POINT('',#11859);
#11859 = CARTESIAN_POINT('',(39.300003051758,63.09899520874,
    8.948057174683));
#11860 = LINE('',#11861,#11862);
#11861 = CARTESIAN_POINT('',(39.300003051758,63.09899520874,
    8.948057174683));
#11862 = VECTOR('',#11863,1.);
#11863 = DIRECTION('',(-7.846912700144E-02,0.974543773695,0.210016735666
    ));
#11864 = ORIENTED_EDGE('',*,*,#11865,.T.);
#11865 = EDGE_CURVE('',#11858,#9435,#11866,.T.);
#11866 = LINE('',#11867,#11868);
#11867 = CARTESIAN_POINT('',(39.300003051758,63.09899520874,
    8.948057174683));
#11868 = VECTOR('',#11869,1.);
#11869 = DIRECTION('',(-7.956252255873E-03,0.226270095909,
    -0.974032105091));
#11870 = PLANE('',#11871);
#11871 = AXIS2_PLACEMENT_3D('',#11872,#11873,#11874);
#11872 = CARTESIAN_POINT('',(39.295456981645,63.202395687833,
    8.593660771709));
#11873 = DIRECTION('',(0.996894318774,7.811312118125E-02,
    1.000287433842E-02));
#11874 = DIRECTION('',(-7.811702937616E-02,0.996944195891,
    -2.288860586014E-20));
#11875 = ADVANCED_FACE('',(#11876),#11893,.T.);
#11876 = FACE_BOUND('',#11877,.T.);
#11877 = EDGE_LOOP('',(#11878,#11879,#11887));
#11878 = ORIENTED_EDGE('',*,*,#9497,.F.);
#11879 = ORIENTED_EDGE('',*,*,#11880,.F.);
#11880 = EDGE_CURVE('',#11881,#9498,#11883,.T.);
#11881 = VERTEX_POINT('',#11882);
#11882 = CARTESIAN_POINT('',(39.300003051758,62.875503540039,
    9.677854537964));
#11883 = LINE('',#11884,#11885);
#11884 = CARTESIAN_POINT('',(39.300003051758,62.875503540039,
    9.677854537964));
#11885 = VECTOR('',#11886,1.);
#11886 = DIRECTION('',(-7.847521274256E-02,0.925025354664,0.371711896789
    ));
#11887 = ORIENTED_EDGE('',*,*,#11888,.T.);
#11888 = EDGE_CURVE('',#11881,#9458,#11889,.T.);
#11889 = LINE('',#11890,#11891);
#11890 = CARTESIAN_POINT('',(39.300003051758,62.875503540039,
    9.677854537964));
#11891 = VECTOR('',#11892,1.);
#11892 = DIRECTION('',(-7.956272526458E-03,0.387619344052,
    -0.921785192897));
#11893 = PLANE('',#11894);
#11894 = AXIS2_PLACEMENT_3D('',#11895,#11896,#11897);
#11895 = CARTESIAN_POINT('',(39.295456974683,63.037305411534,
    9.34602865377));
#11896 = DIRECTION('',(0.9968938257,7.530503607821E-02,
    2.306191279169E-02));
#11897 = DIRECTION('',(-7.532506963004E-02,0.997159031391,
    2.266412445097E-19));
#11898 = ADVANCED_FACE('',(#11899),#11916,.T.);
#11899 = FACE_BOUND('',#11900,.T.);
#11900 = EDGE_LOOP('',(#11901,#11902,#11910));
#11901 = ORIENTED_EDGE('',*,*,#9537,.F.);
#11902 = ORIENTED_EDGE('',*,*,#11903,.F.);
#11903 = EDGE_CURVE('',#11904,#9538,#11906,.T.);
#11904 = VERTEX_POINT('',#11905);
#11905 = CARTESIAN_POINT('',(39.300003051758,62.531879425049,
    10.359383583069));
#11906 = LINE('',#11907,#11908);
#11907 = CARTESIAN_POINT('',(39.300003051758,62.531879425049,
    10.359383583069));
#11908 = VECTOR('',#11909,1.);
#11909 = DIRECTION('',(-7.847583598082E-02,0.848890718952,0.522710331296
    ));
#11910 = ORIENTED_EDGE('',*,*,#11911,.T.);
#11911 = EDGE_CURVE('',#11904,#9498,#11912,.T.);
#11912 = LINE('',#11913,#11914);
#11913 = CARTESIAN_POINT('',(39.300003051758,62.531879425049,
    10.359383583069));
#11914 = VECTOR('',#11915,1.);
#11915 = DIRECTION('',(-7.956244248592E-03,0.537830280358,
    -0.843015591616));
#11916 = PLANE('',#11917);
#11917 = AXIS2_PLACEMENT_3D('',#11918,#11919,#11920);
#11918 = CARTESIAN_POINT('',(39.295456972939,62.747434744238,
    10.059675250661));
#11919 = DIRECTION('',(0.996893770079,7.032477345865E-02,
    3.545754384384E-02));
#11920 = DIRECTION('',(-7.036902265504E-02,0.997521027673,
    4.388795347615E-19));
#11921 = ADVANCED_FACE('',(#11922),#11939,.T.);
#11922 = FACE_BOUND('',#11923,.T.);
#11923 = EDGE_LOOP('',(#11924,#11925,#11933));
#11924 = ORIENTED_EDGE('',*,*,#9577,.F.);
#11925 = ORIENTED_EDGE('',*,*,#11926,.F.);
#11926 = EDGE_CURVE('',#11927,#9578,#11929,.T.);
#11927 = VERTEX_POINT('',#11928);
#11928 = CARTESIAN_POINT('',(39.300003051758,62.078025817871,
    10.973035812378));
#11929 = LINE('',#11930,#11931);
#11930 = CARTESIAN_POINT('',(39.300003051758,62.078025817871,
    10.973035812378));
#11931 = VECTOR('',#11932,1.);
#11932 = DIRECTION('',(-7.847515091234E-02,0.748333982461,0.658663724053
    ));
#11933 = ORIENTED_EDGE('',*,*,#11934,.T.);
#11934 = EDGE_CURVE('',#11927,#9538,#11935,.T.);
#11935 = LINE('',#11936,#11937);
#11936 = CARTESIAN_POINT('',(39.300003051758,62.078025817871,
    10.973035812378));
#11937 = VECTOR('',#11938,1.);
#11938 = DIRECTION('',(-7.956312979359E-03,0.672559854415,
    -0.739999958995));
#11939 = PLANE('',#11940);
#11940 = AXIS2_PLACEMENT_3D('',#11941,#11942,#11943);
#11941 = CARTESIAN_POINT('',(39.295456972668,62.341127511547,
    10.714068905681));
#11942 = DIRECTION('',(0.996893814095,6.332077653278E-02,
    4.683164185748E-02));
#11943 = DIRECTION('',(-6.339032860843E-02,0.997988810678,
    7.05521188812E-19));
#11944 = ADVANCED_FACE('',(#11945),#11962,.T.);
#11945 = FACE_BOUND('',#11946,.T.);
#11946 = EDGE_LOOP('',(#11947,#11948,#11956));
#11947 = ORIENTED_EDGE('',*,*,#9617,.F.);
#11948 = ORIENTED_EDGE('',*,*,#11949,.F.);
#11949 = EDGE_CURVE('',#11950,#9618,#11952,.T.);
#11950 = VERTEX_POINT('',#11951);
#11951 = CARTESIAN_POINT('',(39.300003051758,61.526992797852,
    11.501160621643));
#11952 = LINE('',#11953,#11954);
#11953 = CARTESIAN_POINT('',(39.300003051758,61.526992797852,
    11.501160621643));
#11954 = VECTOR('',#11955,1.);
#11955 = DIRECTION('',(-7.847558758816E-02,0.626248803058,0.775663599005
    ));
#11956 = ORIENTED_EDGE('',*,*,#11957,.T.);
#11957 = EDGE_CURVE('',#11950,#9578,#11958,.T.);
#11958 = LINE('',#11959,#11960);
#11959 = CARTESIAN_POINT('',(39.300003051758,61.526992797852,
    11.501160621643));
#11960 = VECTOR('',#11961,1.);
#11961 = DIRECTION('',(-7.956314800512E-03,0.78794629122,-0.615692568745
    ));
#11962 = PLANE('',#11963);
#11963 = AXIS2_PLACEMENT_3D('',#11964,#11965,#11966);
#11964 = CARTESIAN_POINT('',(39.295456971695,61.830075444135,
    11.290383126318));
#11965 = DIRECTION('',(0.996893775485,5.449568264212E-02,
    5.685966032736E-02));
#11966 = DIRECTION('',(-5.694427917327E-02,6.683427698746E-19,
    0.998377358051));
#11967 = ADVANCED_FACE('',(#11968),#11985,.T.);
#11968 = FACE_BOUND('',#11969,.T.);
#11969 = EDGE_LOOP('',(#11970,#11971,#11979));
#11970 = ORIENTED_EDGE('',*,*,#9657,.F.);
#11971 = ORIENTED_EDGE('',*,*,#11972,.F.);
#11972 = EDGE_CURVE('',#11973,#9658,#11975,.T.);
#11973 = VERTEX_POINT('',#11974);
#11974 = CARTESIAN_POINT('',(39.300003051758,60.894626617432,
    11.928564071655));
#11975 = LINE('',#11976,#11977);
#11976 = CARTESIAN_POINT('',(39.300003051758,60.894626617432,
    11.928564071655));
#11977 = VECTOR('',#11978,1.);
#11978 = DIRECTION('',(-7.847314427194E-02,0.48620287653,0.870315304061)
  );
#11979 = ORIENTED_EDGE('',*,*,#11980,.T.);
#11980 = EDGE_CURVE('',#11973,#9618,#11981,.T.);
#11981 = LINE('',#11982,#11983);
#11982 = CARTESIAN_POINT('',(39.300003051758,60.894626617432,
    11.928564071655));
#11983 = VECTOR('',#11984,1.);
#11984 = DIRECTION('',(-7.956268794514E-03,0.880666280303,
    -0.473670350059));
#11985 = PLANE('',#11986);
#11986 = AXIS2_PLACEMENT_3D('',#11987,#11988,#11989);
#11987 = CARTESIAN_POINT('',(39.295456977945,61.228974513841,
    11.772039737449));
#11988 = DIRECTION('',(0.996893999164,4.410091472819E-02,
    6.524924329932E-02));
#11989 = DIRECTION('',(-6.531278732658E-02,-7.517418317205E-20,
    0.997864840453));
#11990 = ADVANCED_FACE('',(#11991),#12008,.T.);
#11991 = FACE_BOUND('',#11992,.T.);
#11992 = EDGE_LOOP('',(#11993,#11994,#12002));
#11993 = ORIENTED_EDGE('',*,*,#9697,.F.);
#11994 = ORIENTED_EDGE('',*,*,#11995,.F.);
#11995 = EDGE_CURVE('',#11996,#9698,#11998,.T.);
#11996 = VERTEX_POINT('',#11997);
#11997 = CARTESIAN_POINT('',(39.300003051758,60.199131011963,
    12.242948532104));
#11998 = LINE('',#11999,#12000);
#11999 = CARTESIAN_POINT('',(39.300003051758,60.199131011963,
    12.242948532104));
#12000 = VECTOR('',#12001,1.);
#12001 = DIRECTION('',(-7.84736229783E-02,0.332078590422,0.939981755291)
  );
#12002 = ORIENTED_EDGE('',*,*,#12003,.T.);
#12003 = EDGE_CURVE('',#11996,#9658,#12004,.T.);
#12004 = LINE('',#12005,#12006);
#12005 = CARTESIAN_POINT('',(39.300003051758,60.199131011963,
    12.242948532104));
#12006 = VECTOR('',#12007,1.);
#12007 = DIRECTION('',(-7.956280902447E-03,0.948049531077,
    -0.318023244777));
#12008 = PLANE('',#12009);
#12009 = AXIS2_PLACEMENT_3D('',#12010,#12011,#12012);
#12010 = CARTESIAN_POINT('',(39.295456973861,60.555121013144,
    12.145181294323));
#12011 = DIRECTION('',(0.996893935792,3.243961941511E-02,
    7.176455861805E-02));
#12012 = DIRECTION('',(-7.180234840593E-02,1.180535153932E-19,
    0.997418880292));
#12013 = ADVANCED_FACE('',(#12014),#12031,.T.);
#12014 = FACE_BOUND('',#12015,.T.);
#12015 = EDGE_LOOP('',(#12016,#12017,#12025));
#12016 = ORIENTED_EDGE('',*,*,#9737,.F.);
#12017 = ORIENTED_EDGE('',*,*,#12018,.T.);
#12018 = EDGE_CURVE('',#9738,#12019,#12021,.T.);
#12019 = VERTEX_POINT('',#12020);
#12020 = CARTESIAN_POINT('',(39.300003051758,59.460502624512,
    12.435271263123));
#12021 = LINE('',#12022,#12023);
#12022 = CARTESIAN_POINT('',(39.293846130371,59.473724365234,
    12.512363433838));
#12023 = VECTOR('',#12024,1.);
#12024 = DIRECTION('',(7.847240305001E-02,-0.168516325261,
    -0.982570267248));
#12025 = ORIENTED_EDGE('',*,*,#12026,.T.);
#12026 = EDGE_CURVE('',#12019,#9698,#12027,.T.);
#12027 = LINE('',#12028,#12029);
#12028 = CARTESIAN_POINT('',(39.300003051758,59.460502624512,
    12.435271263123));
#12029 = VECTOR('',#12030,1.);
#12030 = DIRECTION('',(-7.956264377621E-03,0.988159162543,
    -0.153225870332));
#12031 = PLANE('',#12032);
#12032 = AXIS2_PLACEMENT_3D('',#12033,#12034,#12035);
#12033 = CARTESIAN_POINT('',(39.295456980513,59.827896860546,
    12.399073503864));
#12034 = DIRECTION('',(0.996894070978,1.984432215309E-02,
    7.621295248347E-02));
#12035 = DIRECTION('',(-7.622796313765E-02,-2.82928590353E-21,
    0.997090415978));
#12036 = ADVANCED_FACE('',(#12037),#12055,.T.);
#12037 = FACE_BOUND('',#12038,.T.);
#12038 = EDGE_LOOP('',(#12039,#12040,#12048,#12054));
#12039 = ORIENTED_EDGE('',*,*,#9787,.F.);
#12040 = ORIENTED_EDGE('',*,*,#12041,.F.);
#12041 = EDGE_CURVE('',#12042,#9780,#12044,.T.);
#12042 = VERTEX_POINT('',#12043);
#12043 = CARTESIAN_POINT('',(39.300003051758,58.700000762939,12.5));
#12044 = LINE('',#12045,#12046);
#12045 = CARTESIAN_POINT('',(39.300003051758,58.700000762939,12.5));
#12046 = VECTOR('',#12047,1.);
#12047 = DIRECTION('',(-7.847265101825E-02,0.,0.996916266816));
#12048 = ORIENTED_EDGE('',*,*,#12049,.F.);
#12049 = EDGE_CURVE('',#12019,#12042,#12050,.T.);
#12050 = LINE('',#12051,#12052);
#12051 = CARTESIAN_POINT('',(39.300003051758,59.460502624512,
    12.435271263123));
#12052 = VECTOR('',#12053,1.);
#12053 = DIRECTION('',(0.,-0.996397434384,8.480656079165E-02));
#12054 = ORIENTED_EDGE('',*,*,#12018,.F.);
#12055 = PLANE('',#12056);
#12056 = AXIS2_PLACEMENT_3D('',#12057,#12058,#12059);
#12057 = CARTESIAN_POINT('',(39.296900514935,59.083583036213,
    12.506766708869));
#12058 = DIRECTION('',(0.996894031786,6.678907594021E-03,
    7.847089640743E-02));
#12059 = DIRECTION('',(-7.847264667328E-02,6.151623052307E-20,
    0.996916267158));
#12060 = ADVANCED_FACE('',(#12061),#12078,.T.);
#12061 = FACE_BOUND('',#12062,.T.);
#12062 = EDGE_LOOP('',(#12063,#12064,#12072));
#12063 = ORIENTED_EDGE('',*,*,#9817,.F.);
#12064 = ORIENTED_EDGE('',*,*,#12065,.F.);
#12065 = EDGE_CURVE('',#12066,#9818,#12068,.T.);
#12066 = VERTEX_POINT('',#12067);
#12067 = CARTESIAN_POINT('',(39.300003051758,57.93949508667,
    12.435271263123));
#12068 = LINE('',#12069,#12070);
#12069 = CARTESIAN_POINT('',(39.300003051758,57.93949508667,
    12.435271263123));
#12070 = VECTOR('',#12071,1.);
#12071 = DIRECTION('',(-7.847304590799E-02,-0.168469085546,
    0.982578316615));
#12072 = ORIENTED_EDGE('',*,*,#12073,.T.);
#12073 = EDGE_CURVE('',#12066,#9780,#12074,.T.);
#12074 = LINE('',#12075,#12076);
#12075 = CARTESIAN_POINT('',(39.300003051758,57.93949508667,
    12.435271263123));
#12076 = VECTOR('',#12077,1.);
#12077 = DIRECTION('',(-7.956243301701E-03,0.98275872188,0.18472139227)
  );
#12078 = PLANE('',#12079);
#12079 = AXIS2_PLACEMENT_3D('',#12080,#12081,#12082);
#12080 = CARTESIAN_POINT('',(39.29545697773,58.297962436309,
    12.523534631676));
#12081 = DIRECTION('',(0.996894006462,-6.678934348086E-03,
    7.847121584982E-02));
#12082 = DIRECTION('',(-7.847296613681E-02,-8.526027564298E-21,
    0.996916242011));
#12083 = ADVANCED_FACE('',(#12084),#12101,.T.);
#12084 = FACE_BOUND('',#12085,.T.);
#12085 = EDGE_LOOP('',(#12086,#12087,#12095));
#12086 = ORIENTED_EDGE('',*,*,#9857,.F.);
#12087 = ORIENTED_EDGE('',*,*,#12088,.F.);
#12088 = EDGE_CURVE('',#12089,#9858,#12091,.T.);
#12089 = VERTEX_POINT('',#12090);
#12090 = CARTESIAN_POINT('',(39.300003051758,57.200870513916,
    12.242948532104));
#12091 = LINE('',#12092,#12093);
#12092 = CARTESIAN_POINT('',(39.300003051758,57.200870513916,
    12.242948532104));
#12093 = VECTOR('',#12094,1.);
#12094 = DIRECTION('',(-7.847235589249E-02,-0.332121848266,
    0.939966577738));
#12095 = ORIENTED_EDGE('',*,*,#12096,.T.);
#12096 = EDGE_CURVE('',#12089,#9818,#12097,.T.);
#12097 = LINE('',#12098,#12099);
#12098 = CARTESIAN_POINT('',(39.300003051758,57.200870513916,
    12.242948532104));
#12099 = VECTOR('',#12100,1.);
#12100 = DIRECTION('',(-7.956265354789E-03,0.937404817926,0.348150693194
    ));
#12101 = PLANE('',#12102);
#12102 = AXIS2_PLACEMENT_3D('',#12103,#12104,#12105);
#12103 = CARTESIAN_POINT('',(39.295456976819,57.539263546182,
    12.390522976344));
#12104 = DIRECTION('',(0.996894049362,-1.984429675889E-02,
    7.621324184095E-02));
#12105 = DIRECTION('',(-7.622825251368E-02,7.63400142196E-20,
    0.997090393855));
#12106 = ADVANCED_FACE('',(#12107),#12124,.T.);
#12107 = FACE_BOUND('',#12108,.T.);
#12108 = EDGE_LOOP('',(#12109,#12110,#12118));
#12109 = ORIENTED_EDGE('',*,*,#9897,.F.);
#12110 = ORIENTED_EDGE('',*,*,#12111,.F.);
#12111 = EDGE_CURVE('',#12112,#9898,#12114,.T.);
#12112 = VERTEX_POINT('',#12113);
#12113 = CARTESIAN_POINT('',(39.300003051758,56.505374908447,
    11.928564071655));
#12114 = LINE('',#12115,#12116);
#12115 = CARTESIAN_POINT('',(39.300003051758,56.505374908447,
    11.928564071655));
#12116 = VECTOR('',#12117,1.);
#12117 = DIRECTION('',(-7.847314427194E-02,-0.48620287653,0.870315304061
    ));
#12118 = ORIENTED_EDGE('',*,*,#12119,.T.);
#12119 = EDGE_CURVE('',#12112,#9858,#12120,.T.);
#12120 = LINE('',#12121,#12122);
#12121 = CARTESIAN_POINT('',(39.300003051758,56.505374908447,
    11.928564071655));
#12122 = VECTOR('',#12123,1.);
#12123 = DIRECTION('',(-7.956296873312E-03,0.865082144982,0.501567123896
    ));
#12124 = PLANE('',#12125);
#12125 = AXIS2_PLACEMENT_3D('',#12126,#12127,#12128);
#12126 = CARTESIAN_POINT('',(39.29545697633,56.81395868836,
    12.13120435781));
#12127 = DIRECTION('',(0.996893986515,-3.243950016302E-02,
    7.176390791221E-02));
#12128 = DIRECTION('',(-7.180169707938E-02,3.853158626946E-19,
    0.99741892718));
#12129 = ADVANCED_FACE('',(#12130),#12147,.T.);
#12130 = FACE_BOUND('',#12131,.T.);
#12131 = EDGE_LOOP('',(#12132,#12133,#12141));
#12132 = ORIENTED_EDGE('',*,*,#9937,.F.);
#12133 = ORIENTED_EDGE('',*,*,#12134,.F.);
#12134 = EDGE_CURVE('',#12135,#9938,#12137,.T.);
#12135 = VERTEX_POINT('',#12136);
#12136 = CARTESIAN_POINT('',(39.300003051758,55.873008728027,
    11.501160621643));
#12137 = LINE('',#12138,#12139);
#12138 = CARTESIAN_POINT('',(39.300003051758,55.873008728027,
    11.501160621643));
#12139 = VECTOR('',#12140,1.);
#12140 = DIRECTION('',(-7.847558758816E-02,-0.626248803058,
    0.775663599005));
#12141 = ORIENTED_EDGE('',*,*,#12142,.T.);
#12142 = EDGE_CURVE('',#12135,#9898,#12143,.T.);
#12143 = LINE('',#12144,#12145);
#12144 = CARTESIAN_POINT('',(39.300003051758,55.873008728027,
    11.501160621643));
#12145 = VECTOR('',#12146,1.);
#12146 = DIRECTION('',(-7.956243053939E-03,0.767876045077,0.640549043862
    ));
#12147 = PLANE('',#12148);
#12148 = AXIS2_PLACEMENT_3D('',#12149,#12150,#12151);
#12149 = CARTESIAN_POINT('',(39.295456977999,56.142912145769,
    11.753038053338));
#12150 = DIRECTION('',(0.99689382256,-4.410216652634E-02,
    6.525109538974E-02));
#12151 = DIRECTION('',(-6.531464483348E-02,1.18363122467E-20,
    0.997864718872));
#12152 = ADVANCED_FACE('',(#12153),#12170,.T.);
#12153 = FACE_BOUND('',#12154,.T.);
#12154 = EDGE_LOOP('',(#12155,#12156,#12164));
#12155 = ORIENTED_EDGE('',*,*,#9977,.F.);
#12156 = ORIENTED_EDGE('',*,*,#12157,.F.);
#12157 = EDGE_CURVE('',#12158,#9978,#12160,.T.);
#12158 = VERTEX_POINT('',#12159);
#12159 = CARTESIAN_POINT('',(39.300003051758,55.321971893311,
    10.973035812378));
#12160 = LINE('',#12161,#12162);
#12161 = CARTESIAN_POINT('',(39.300003051758,55.321971893311,
    10.973035812378));
#12162 = VECTOR('',#12163,1.);
#12163 = DIRECTION('',(-7.847515091234E-02,-0.748333982461,
    0.658663724053));
#12164 = ORIENTED_EDGE('',*,*,#12165,.T.);
#12165 = EDGE_CURVE('',#12158,#9938,#12166,.T.);
#12166 = LINE('',#12167,#12168);
#12167 = CARTESIAN_POINT('',(39.300003051758,55.321971893311,
    10.973035812378));
#12168 = VECTOR('',#12169,1.);
#12169 = DIRECTION('',(-7.956224166552E-03,0.648580154782,0.761104776835
    ));
#12170 = PLANE('',#12171);
#12171 = AXIS2_PLACEMENT_3D('',#12172,#12173,#12174);
#12172 = CARTESIAN_POINT('',(39.295456977308,55.545426798871,
    11.266903882069));
#12173 = DIRECTION('',(0.996893850948,-5.449482843339E-02,
    5.685915596075E-02));
#12174 = DIRECTION('',(-5.694377139742E-02,-1.244408411426E-19,
    0.998377387013));
#12175 = ADVANCED_FACE('',(#12176),#12193,.T.);
#12176 = FACE_BOUND('',#12177,.T.);
#12177 = EDGE_LOOP('',(#12178,#12179,#12187));
#12178 = ORIENTED_EDGE('',*,*,#10017,.F.);
#12179 = ORIENTED_EDGE('',*,*,#12180,.F.);
#12180 = EDGE_CURVE('',#12181,#10018,#12183,.T.);
#12181 = VERTEX_POINT('',#12182);
#12182 = CARTESIAN_POINT('',(39.300003051758,54.86812210083,
    10.359383583069));
#12183 = LINE('',#12184,#12185);
#12184 = CARTESIAN_POINT('',(39.300003051758,54.86812210083,
    10.359383583069));
#12185 = VECTOR('',#12186,1.);
#12186 = DIRECTION('',(-7.847259701991E-02,-0.848904302334,
    0.522688757288));
#12187 = ORIENTED_EDGE('',*,*,#12188,.T.);
#12188 = EDGE_CURVE('',#12181,#9978,#12189,.T.);
#12189 = LINE('',#12190,#12191);
#12190 = CARTESIAN_POINT('',(39.300003051758,54.86812210083,
    10.359383583069));
#12191 = VECTOR('',#12192,1.);
#12192 = DIRECTION('',(-7.956283097451E-03,0.510616897201,0.859771528868
    ));
#12193 = PLANE('',#12194);
#12194 = AXIS2_PLACEMENT_3D('',#12195,#12196,#12197);
#12195 = CARTESIAN_POINT('',(39.295456977587,55.038693632009,
    10.686786957437));
#12196 = DIRECTION('',(0.996894035859,-6.331851962941E-02,
    4.682997266616E-02));
#12197 = DIRECTION('',(6.338806426015E-02,0.997988954503,
    5.046910518483E-21));
#12198 = ADVANCED_FACE('',(#12199),#12216,.T.);
#12199 = FACE_BOUND('',#12200,.T.);
#12200 = EDGE_LOOP('',(#12201,#12202,#12210));
#12201 = ORIENTED_EDGE('',*,*,#10057,.F.);
#12202 = ORIENTED_EDGE('',*,*,#12203,.F.);
#12203 = EDGE_CURVE('',#12204,#10058,#12206,.T.);
#12204 = VERTEX_POINT('',#12205);
#12205 = CARTESIAN_POINT('',(39.300003051758,54.524501800537,
    9.677854537964));
#12206 = LINE('',#12207,#12208);
#12207 = CARTESIAN_POINT('',(39.300003051758,54.524501800537,
    9.677854537964));
#12208 = VECTOR('',#12209,1.);
#12209 = DIRECTION('',(-7.847168337228E-02,-0.925032371649,
    0.371695179294));
#12210 = ORIENTED_EDGE('',*,*,#12211,.T.);
#12211 = EDGE_CURVE('',#12204,#10018,#12212,.T.);
#12212 = LINE('',#12213,#12214);
#12213 = CARTESIAN_POINT('',(39.300003051758,54.524501800537,
    9.677854537964));
#12214 = VECTOR('',#12215,1.);
#12215 = DIRECTION('',(-7.956258516541E-03,0.357972478906,0.93369823942)
  );
#12216 = PLANE('',#12217);
#12217 = AXIS2_PLACEMENT_3D('',#12218,#12219,#12220);
#12218 = CARTESIAN_POINT('',(39.295456977128,54.637289308959,
    10.029375727831));
#12219 = DIRECTION('',(0.996894101017,-7.032118850853E-02,
    3.545534944125E-02));
#12220 = DIRECTION('',(7.036542996751E-02,0.997521281109,
    -7.52495711021E-21));
#12221 = ADVANCED_FACE('',(#12222),#12239,.T.);
#12222 = FACE_BOUND('',#12223,.T.);
#12223 = EDGE_LOOP('',(#12224,#12225,#12233));
#12224 = ORIENTED_EDGE('',*,*,#10097,.F.);
#12225 = ORIENTED_EDGE('',*,*,#12226,.F.);
#12226 = EDGE_CURVE('',#12227,#10098,#12229,.T.);
#12227 = VERTEX_POINT('',#12228);
#12228 = CARTESIAN_POINT('',(39.300003051758,54.301002502441,
    8.948057174683));
#12229 = LINE('',#12230,#12231);
#12230 = CARTESIAN_POINT('',(39.300003051758,54.301002502441,
    8.948057174683));
#12231 = VECTOR('',#12232,1.);
#12232 = DIRECTION('',(-7.847284505375E-02,-0.974541329775,
    0.210026686754));
#12233 = ORIENTED_EDGE('',*,*,#12234,.T.);
#12234 = EDGE_CURVE('',#12227,#10058,#12235,.T.);
#12235 = LINE('',#12236,#12237);
#12236 = CARTESIAN_POINT('',(39.300003051758,54.301002502441,
    8.948057174683));
#12237 = VECTOR('',#12238,1.);
#12238 = DIRECTION('',(-7.956270029091E-03,0.195027206419,0.980765561449
    ));
#12239 = PLANE('',#12240);
#12240 = AXIS2_PLACEMENT_3D('',#12241,#12242,#12243);
#12241 = CARTESIAN_POINT('',(39.295456977035,54.352760451619,
    9.313583084258));
#12242 = DIRECTION('',(0.996894014794,-7.530274744322E-02,
    2.306121190496E-02));
#12243 = DIRECTION('',(7.532277916806E-02,0.997159204409,
    6.171657340378E-20));
#12244 = ADVANCED_FACE('',(#12245),#12262,.T.);
#12245 = FACE_BOUND('',#12246,.T.);
#12246 = EDGE_LOOP('',(#12247,#12248,#12256));
#12247 = ORIENTED_EDGE('',*,*,#10137,.F.);
#12248 = ORIENTED_EDGE('',*,*,#12249,.F.);
#12249 = EDGE_CURVE('',#12250,#10138,#12252,.T.);
#12250 = VERTEX_POINT('',#12251);
#12251 = CARTESIAN_POINT('',(39.300003051758,54.204055786133,
    8.190985679626));
#12252 = LINE('',#12253,#12254);
#12253 = CARTESIAN_POINT('',(39.300003051758,54.204055786133,
    8.190985679626));
#12254 = VECTOR('',#12255,1.);
#12255 = DIRECTION('',(-7.847179188119E-02,-0.996018047384,
    4.231107613669E-02));
#12256 = ORIENTED_EDGE('',*,*,#12257,.T.);
#12257 = EDGE_CURVE('',#12250,#10098,#12258,.T.);
#12258 = LINE('',#12259,#12260);
#12259 = CARTESIAN_POINT('',(39.300003051758,54.204055786133,
    8.190985679626));
#12260 = VECTOR('',#12261,1.);
#12261 = DIRECTION('',(-7.956264729239E-03,2.647158711029E-02,
    0.999617903465));
#12262 = PLANE('',#12263);
#12263 = AXIS2_PLACEMENT_3D('',#12264,#12265,#12266);
#12264 = CARTESIAN_POINT('',(39.295456978151,54.193294729753,
    8.56000107422));
#12265 = DIRECTION('',(0.996894099633,-7.811587273159E-02,
    1.000322669167E-02));
#12266 = DIRECTION('',(7.811978133953E-02,0.996943980253,
    -2.261333998752E-20));
#12267 = ADVANCED_FACE('',(#12268),#12285,.T.);
#12268 = FACE_BOUND('',#12269,.T.);
#12269 = EDGE_LOOP('',(#12270,#12271,#12279));
#12270 = ORIENTED_EDGE('',*,*,#10177,.F.);
#12271 = ORIENTED_EDGE('',*,*,#12272,.F.);
#12272 = EDGE_CURVE('',#12273,#10178,#12275,.T.);
#12273 = VERTEX_POINT('',#12274);
#12274 = CARTESIAN_POINT('',(39.300003051758,54.236450195312,
    7.428419589996));
#12275 = LINE('',#12276,#12277);
#12276 = CARTESIAN_POINT('',(39.300003051758,54.236450195312,
    7.428419589996));
#12277 = VECTOR('',#12278,1.);
#12278 = DIRECTION('',(-7.846955127563E-02,-0.988842753033,
    -0.126619663943));
#12279 = ORIENTED_EDGE('',*,*,#12280,.T.);
#12280 = EDGE_CURVE('',#12273,#10138,#12281,.T.);
#12281 = LINE('',#12282,#12283);
#12282 = CARTESIAN_POINT('',(39.300003051758,54.236450195312,
    7.428419589996));
#12283 = VECTOR('',#12284,1.);
#12284 = DIRECTION('',(-7.956255313149E-03,-0.142847810697,
    0.989712686076));
#12285 = PLANE('',#12286);
#12286 = AXIS2_PLACEMENT_3D('',#12287,#12288,#12289);
#12287 = CARTESIAN_POINT('',(39.295456980539,54.163478533655,
    7.79030826689));
#12288 = DIRECTION('',(0.996894280102,-7.868051954301E-02,
    -3.34217656803E-03));
#12289 = DIRECTION('',(7.868095898307E-02,0.996899847875,
    1.806139067261E-20));
#12290 = ADVANCED_FACE('',(#12291),#12308,.T.);
#12291 = FACE_BOUND('',#12292,.T.);
#12292 = EDGE_LOOP('',(#12293,#12294,#12302));
#12293 = ORIENTED_EDGE('',*,*,#10217,.F.);
#12294 = ORIENTED_EDGE('',*,*,#12295,.F.);
#12295 = EDGE_CURVE('',#12296,#10218,#12298,.T.);
#12296 = VERTEX_POINT('',#12297);
#12297 = CARTESIAN_POINT('',(39.300003051758,54.39725112915,
    6.682297706604));
#12298 = LINE('',#12299,#12300);
#12299 = CARTESIAN_POINT('',(39.300003051758,54.39725112915,
    6.682297706604));
#12300 = VECTOR('',#12301,1.);
#12301 = DIRECTION('',(-7.847438793275E-02,-0.953215845986,
    -0.291926911057));
#12302 = ORIENTED_EDGE('',*,*,#12303,.T.);
#12303 = EDGE_CURVE('',#12296,#10178,#12304,.T.);
#12304 = LINE('',#12305,#12306);
#12305 = CARTESIAN_POINT('',(39.300003051758,54.39725112915,
    6.682297706604));
#12306 = VECTOR('',#12307,1.);
#12307 = DIRECTION('',(-7.956259065292E-03,-0.308056097589,
    0.951334924556));
#12308 = PLANE('',#12309);
#12309 = AXIS2_PLACEMENT_3D('',#12310,#12311,#12312);
#12310 = CARTESIAN_POINT('',(39.295456975595,54.264170397323,
    7.026649566211));
#12311 = DIRECTION('',(0.996893892974,-7.69886139807E-02,
    -1.659275350994E-02));
#12312 = DIRECTION('',(7.699921440179E-02,0.997031153466,
    7.708401572382E-20));
#12313 = ADVANCED_FACE('',(#12314),#12331,.T.);
#12314 = FACE_BOUND('',#12315,.T.);
#12315 = EDGE_LOOP('',(#12316,#12317,#12325));
#12316 = ORIENTED_EDGE('',*,*,#10257,.F.);
#12317 = ORIENTED_EDGE('',*,*,#12318,.F.);
#12318 = EDGE_CURVE('',#12319,#10258,#12321,.T.);
#12319 = VERTEX_POINT('',#12320);
#12320 = CARTESIAN_POINT('',(39.300003051758,54.681835174561,
    5.974083423615));
#12321 = LINE('',#12322,#12323);
#12322 = CARTESIAN_POINT('',(39.300003051758,54.681835174561,
    5.974083423615));
#12323 = VECTOR('',#12324,1.);
#12324 = DIRECTION('',(-7.847182724567E-02,-0.890173906469,
    -0.44881242025));
#12325 = ORIENTED_EDGE('',*,*,#12326,.T.);
#12326 = EDGE_CURVE('',#12319,#10218,#12327,.T.);
#12327 = LINE('',#12328,#12329);
#12328 = CARTESIAN_POINT('',(39.300003051758,54.681835174561,
    5.974083423615));
#12329 = VECTOR('',#12330,1.);
#12330 = DIRECTION('',(-7.95627365122E-03,-0.46439694663,0.885591425924)
  );
#12331 = PLANE('',#12332);
#12332 = AXIS2_PLACEMENT_3D('',#12333,#12334,#12335);
#12333 = CARTESIAN_POINT('',(39.295456978262,54.492474442183,
    6.290990939961));
#12334 = DIRECTION('',(0.996894097256,-7.307486498429E-02,
    -2.936363335711E-02));
#12335 = DIRECTION('',(7.31063887845E-02,0.997324147867,
    1.96770210788E-19));
#12336 = ADVANCED_FACE('',(#12337),#12354,.T.);
#12337 = FACE_BOUND('',#12338,.T.);
#12338 = EDGE_LOOP('',(#12339,#12340,#12348));
#12339 = ORIENTED_EDGE('',*,*,#10297,.F.);
#12340 = ORIENTED_EDGE('',*,*,#12341,.F.);
#12341 = EDGE_CURVE('',#12342,#10298,#12344,.T.);
#12342 = VERTEX_POINT('',#12343);
#12343 = CARTESIAN_POINT('',(39.300003051758,55.082012176514,
    5.324151039124));
#12344 = LINE('',#12345,#12346);
#12345 = CARTESIAN_POINT('',(39.300003051758,55.082012176514,
    5.324151039124));
#12346 = VECTOR('',#12347,1.);
#12347 = DIRECTION('',(-7.847376282897E-02,-0.801511759749,
    -0.592807529921));
#12348 = ORIENTED_EDGE('',*,*,#12349,.T.);
#12349 = EDGE_CURVE('',#12342,#10258,#12350,.T.);
#12350 = LINE('',#12351,#12352);
#12351 = CARTESIAN_POINT('',(39.300003051758,55.082012176514,
    5.324151039124));
#12352 = VECTOR('',#12353,1.);
#12353 = DIRECTION('',(-7.956274378898E-03,-0.607383169174,
    0.794369173308));
#12354 = PLANE('',#12355);
#12355 = AXIS2_PLACEMENT_3D('',#12356,#12357,#12358);
#12356 = CARTESIAN_POINT('',(39.295456975691,54.841817756117,
    5.604498291558));
#12357 = DIRECTION('',(0.996893938363,-6.706285254283E-02,
    -4.129224460519E-02));
#12358 = DIRECTION('',(6.712009849904E-02,0.997744903459,
    1.167070417099E-19));
#12359 = ADVANCED_FACE('',(#12360),#12377,.T.);
#12360 = FACE_BOUND('',#12361,.T.);
#12361 = EDGE_LOOP('',(#12362,#12363,#12371));
#12362 = ORIENTED_EDGE('',*,*,#10337,.F.);
#12363 = ORIENTED_EDGE('',*,*,#12364,.F.);
#12364 = EDGE_CURVE('',#12365,#10338,#12367,.T.);
#12365 = VERTEX_POINT('',#12366);
#12366 = CARTESIAN_POINT('',(39.300003051758,55.586273193359,
    4.751197338104));
#12367 = LINE('',#12368,#12369);
#12368 = CARTESIAN_POINT('',(39.300003051758,55.586273193359,
    4.751197338104));
#12369 = VECTOR('',#12370,1.);
#12370 = DIRECTION('',(-7.847492259109E-02,-0.689791652292,
    -0.719742428201));
#12371 = ORIENTED_EDGE('',*,*,#12372,.T.);
#12372 = EDGE_CURVE('',#12365,#10298,#12373,.T.);
#12373 = LINE('',#12374,#12375);
#12374 = CARTESIAN_POINT('',(39.300003051758,55.586273193359,
    4.751197338104));
#12375 = VECTOR('',#12376,1.);
#12376 = DIRECTION('',(-7.95627882868E-03,-0.732894546825,0.680295730445
    ));
#12377 = PLANE('',#12378);
#12378 = AXIS2_PLACEMENT_3D('',#12379,#12380,#12381);
#12379 = CARTESIAN_POINT('',(39.295456974015,55.302155507518,
    4.986919538269));
#12380 = DIRECTION('',(0.996893841995,-5.912070505907E-02,
    -5.203277837649E-02));
#12381 = DIRECTION('',(5.920089993095E-02,0.998246088621,
    -9.464282387583E-20));
#12382 = ADVANCED_FACE('',(#12383),#12400,.T.);
#12383 = FACE_BOUND('',#12384,.T.);
#12384 = EDGE_LOOP('',(#12385,#12386,#12394));
#12385 = ORIENTED_EDGE('',*,*,#10377,.F.);
#12386 = ORIENTED_EDGE('',*,*,#12387,.F.);
#12387 = EDGE_CURVE('',#12388,#10378,#12390,.T.);
#12388 = VERTEX_POINT('',#12389);
#12389 = CARTESIAN_POINT('',(39.300003051758,56.180110931396,
    4.271706581116));
#12390 = LINE('',#12391,#12392);
#12391 = CARTESIAN_POINT('',(39.300003051758,56.180110931396,
    4.271706581116));
#12392 = VECTOR('',#12393,1.);
#12393 = DIRECTION('',(-7.847478530681E-02,-0.558221195853,
    -0.825972641539));
#12394 = ORIENTED_EDGE('',*,*,#12395,.T.);
#12395 = EDGE_CURVE('',#12388,#10338,#12396,.T.);
#12396 = LINE('',#12397,#12398);
#12397 = CARTESIAN_POINT('',(39.300003051758,56.180110931396,
    4.271706581116));
#12398 = VECTOR('',#12399,1.);
#12399 = DIRECTION('',(-7.956289786048E-03,-0.837323091994,
    0.546650470654));
#12400 = PLANE('',#12401);
#12401 = AXIS2_PLACEMENT_3D('',#12402,#12403,#12404);
#12402 = CARTESIAN_POINT('',(39.295456973158,55.860243429938,
    4.456021491683));
#12403 = DIRECTION('',(0.996893845553,-4.94767058115E-02,
    -6.12757397438E-02));
#12404 = DIRECTION('',(6.135087752434E-02,-1.61303241312E-19,
    0.998116260677));
#12405 = ADVANCED_FACE('',(#12406),#12423,.T.);
#12406 = FACE_BOUND('',#12407,.T.);
#12407 = EDGE_LOOP('',(#12408,#12409,#12417));
#12408 = ORIENTED_EDGE('',*,*,#10417,.F.);
#12409 = ORIENTED_EDGE('',*,*,#12410,.F.);
#12410 = EDGE_CURVE('',#12411,#10418,#12413,.T.);
#12411 = VERTEX_POINT('',#12412);
#12412 = CARTESIAN_POINT('',(39.300003051758,56.84644317627,
    3.899471759796));
#12413 = LINE('',#12414,#12415);
#12414 = CARTESIAN_POINT('',(39.300003051758,56.84644317627,
    3.899471759796));
#12415 = VECTOR('',#12416,1.);
#12416 = DIRECTION('',(-7.847398546462E-02,-0.410602730637,
    -0.90843119233));
#12417 = ORIENTED_EDGE('',*,*,#12418,.T.);
#12418 = EDGE_CURVE('',#12411,#10378,#12419,.T.);
#12419 = LINE('',#12420,#12421);
#12420 = CARTESIAN_POINT('',(39.300003051758,56.84644317627,
    3.899471759796));
#12421 = VECTOR('',#12422,1.);
#12422 = DIRECTION('',(-7.956280943677E-03,-0.917663838507,
    0.397277959481));
#12423 = PLANE('',#12424);
#12424 = AXIS2_PLACEMENT_3D('',#12425,#12426,#12427);
#12425 = CARTESIAN_POINT('',(39.295456973927,56.500026784951,
    4.027077083664));
#12426 = DIRECTION('',(0.996893909751,-3.84089600292E-02,
    -6.875525063649E-02));
#12427 = DIRECTION('',(6.880602234929E-02,5.954877644787E-19,
    0.99763005733));
#12428 = ADVANCED_FACE('',(#12429),#12446,.T.);
#12429 = FACE_BOUND('',#12430,.T.);
#12430 = EDGE_LOOP('',(#12431,#12432,#12440));
#12431 = ORIENTED_EDGE('',*,*,#10457,.F.);
#12432 = ORIENTED_EDGE('',*,*,#12433,.F.);
#12433 = EDGE_CURVE('',#12434,#10458,#12436,.T.);
#12434 = VERTEX_POINT('',#12435);
#12435 = CARTESIAN_POINT('',(39.300003051758,57.566097259521,
    3.645201683044));
#12436 = LINE('',#12437,#12438);
#12437 = CARTESIAN_POINT('',(39.300003051758,57.566097259521,
    3.645201683044));
#12438 = VECTOR('',#12439,1.);
#12439 = DIRECTION('',(-7.847279689836E-02,-0.251219914234,
    -0.964743787147));
#12440 = ORIENTED_EDGE('',*,*,#12441,.T.);
#12441 = EDGE_CURVE('',#12434,#10418,#12442,.T.);
#12442 = LINE('',#12443,#12444);
#12443 = CARTESIAN_POINT('',(39.300003051758,57.566097259521,
    3.645201683044));
#12444 = VECTOR('',#12445,1.);
#12445 = DIRECTION('',(-7.956293654811E-03,-0.971604440382,
    0.236477290288));
#12446 = PLANE('',#12447);
#12447 = AXIS2_PLACEMENT_3D('',#12448,#12449,#12450);
#12448 = CARTESIAN_POINT('',(39.295456978929,57.203098150479,
    3.712426543455));
#12449 = DIRECTION('',(0.996894029686,-2.62364216134E-02,
    -7.425593415331E-02));
#12450 = DIRECTION('',(7.428150438444E-02,3.785760165538E-19,
    0.997237312833));
#12451 = ADVANCED_FACE('',(#12452),#12469,.T.);
#12452 = FACE_BOUND('',#12453,.T.);
#12453 = EDGE_LOOP('',(#12454,#12455,#12463));
#12454 = ORIENTED_EDGE('',*,*,#10497,.F.);
#12455 = ORIENTED_EDGE('',*,*,#12456,.F.);
#12456 = EDGE_CURVE('',#12457,#10498,#12459,.T.);
#12457 = VERTEX_POINT('',#12458);
#12458 = CARTESIAN_POINT('',(39.300003051758,58.318374633789,
    3.516211509705));
#12459 = LINE('',#12460,#12461);
#12460 = CARTESIAN_POINT('',(39.300003051758,58.318374633789,
    3.516211509705));
#12461 = VECTOR('',#12462,1.);
#12462 = DIRECTION('',(-7.847264400831E-02,-8.455014122085E-02,
    -0.993324376909));
#12463 = ORIENTED_EDGE('',*,*,#12464,.T.);
#12464 = EDGE_CURVE('',#12457,#10458,#12465,.T.);
#12465 = LINE('',#12466,#12467);
#12466 = CARTESIAN_POINT('',(39.300003051758,58.318374633789,
    3.516211509705));
#12467 = VECTOR('',#12468,1.);
#12468 = DIRECTION('',(-7.956220691311E-03,-0.997593738378,
    6.88725758294E-02));
#12469 = PLANE('',#12470);
#12470 = AXIS2_PLACEMENT_3D('',#12471,#12472,#12473);
#12471 = CARTESIAN_POINT('',(39.295456977498,57.949232618667,
    3.521121965655));
#12472 = DIRECTION('',(0.996894035643,-1.330954578276E-02,
    -7.762176041371E-02));
#12473 = DIRECTION('',(7.762863644217E-02,-2.347217365174E-19,
    0.996982344279));
#12474 = ADVANCED_FACE('',(#12475),#12493,.T.);
#12475 = FACE_BOUND('',#12476,.T.);
#12476 = EDGE_LOOP('',(#12477,#12478,#12486,#12492));
#12477 = ORIENTED_EDGE('',*,*,#10546,.F.);
#12478 = ORIENTED_EDGE('',*,*,#12479,.F.);
#12479 = EDGE_CURVE('',#12480,#10539,#12482,.T.);
#12480 = VERTEX_POINT('',#12481);
#12481 = CARTESIAN_POINT('',(39.300003051758,59.08162689209,
    3.516211509705));
#12482 = LINE('',#12483,#12484);
#12483 = CARTESIAN_POINT('',(39.300003051758,59.08162689209,
    3.516211509705));
#12484 = VECTOR('',#12485,1.);
#12485 = DIRECTION('',(-7.847264400831E-02,8.455014122085E-02,
    -0.993324376909));
#12486 = ORIENTED_EDGE('',*,*,#12487,.F.);
#12487 = EDGE_CURVE('',#12457,#12480,#12488,.T.);
#12488 = LINE('',#12489,#12490);
#12489 = CARTESIAN_POINT('',(39.300003051758,58.318374633789,
    3.516211509705));
#12490 = VECTOR('',#12491,1.);
#12491 = DIRECTION('',(0.,1.,0.));
#12492 = ORIENTED_EDGE('',*,*,#12456,.T.);
#12493 = PLANE('',#12494);
#12494 = AXIS2_PLACEMENT_3D('',#12495,#12496,#12497);
#12495 = CARTESIAN_POINT('',(39.296900518602,58.700000762939,
    3.476938947233));
#12496 = DIRECTION('',(0.996894029291,0.,-7.875464661204E-02));
#12497 = DIRECTION('',(7.875464661204E-02,0.,0.996894029291));
#12498 = ADVANCED_FACE('',(#12499),#12516,.T.);
#12499 = FACE_BOUND('',#12500,.T.);
#12500 = EDGE_LOOP('',(#12501,#12502,#12510));
#12501 = ORIENTED_EDGE('',*,*,#10561,.F.);
#12502 = ORIENTED_EDGE('',*,*,#12503,.F.);
#12503 = EDGE_CURVE('',#12504,#10562,#12506,.T.);
#12504 = VERTEX_POINT('',#12505);
#12505 = CARTESIAN_POINT('',(39.300003051758,59.833904266357,
    3.645201683044));
#12506 = LINE('',#12507,#12508);
#12507 = CARTESIAN_POINT('',(39.300003051758,59.833904266357,
    3.645201683044));
#12508 = VECTOR('',#12509,1.);
#12509 = DIRECTION('',(-7.847375531583E-02,0.25117436181,-0.964755569922
    ));
#12510 = ORIENTED_EDGE('',*,*,#12511,.T.);
#12511 = EDGE_CURVE('',#12504,#10539,#12512,.T.);
#12512 = LINE('',#12513,#12514);
#12513 = CARTESIAN_POINT('',(39.300003051758,59.833904266357,
    3.645201683044));
#12514 = VECTOR('',#12515,1.);
#12515 = DIRECTION('',(-7.956241941096E-03,-0.963553151957,
    -0.267398619234));
#12516 = PLANE('',#12517);
#12517 = AXIS2_PLACEMENT_3D('',#12518,#12519,#12520);
#12518 = CARTESIAN_POINT('',(39.295456978353,59.484212854655,
    3.526856583995));
#12519 = DIRECTION('',(0.996893958919,1.330977435808E-02,
    -7.762270658241E-02));
#12520 = DIRECTION('',(7.76295829309E-02,1.376820911773E-19,
    0.996982270582));
#12521 = ADVANCED_FACE('',(#12522),#12539,.T.);
#12522 = FACE_BOUND('',#12523,.T.);
#12523 = EDGE_LOOP('',(#12524,#12525,#12533));
#12524 = ORIENTED_EDGE('',*,*,#10601,.F.);
#12525 = ORIENTED_EDGE('',*,*,#12526,.F.);
#12526 = EDGE_CURVE('',#12527,#10602,#12529,.T.);
#12527 = VERTEX_POINT('',#12528);
#12528 = CARTESIAN_POINT('',(39.300003051758,60.553554534912,
    3.899471759796));
#12529 = LINE('',#12530,#12531);
#12530 = CARTESIAN_POINT('',(39.300003051758,60.553554534912,
    3.899471759796));
#12531 = VECTOR('',#12532,1.);
#12532 = DIRECTION('',(-7.847241877694E-02,0.41064315303,-0.908413056027
    ));
#12533 = ORIENTED_EDGE('',*,*,#12534,.T.);
#12534 = EDGE_CURVE('',#12527,#10562,#12535,.T.);
#12535 = LINE('',#12536,#12537);
#12536 = CARTESIAN_POINT('',(39.300003051758,60.553554534912,
    3.899471759796));
#12537 = VECTOR('',#12538,1.);
#12538 = DIRECTION('',(-7.956282039633E-03,-0.904502085703,
    -0.426394974801));
#12539 = PLANE('',#12540);
#12540 = AXIS2_PLACEMENT_3D('',#12541,#12542,#12543);
#12541 = CARTESIAN_POINT('',(39.29545697673,60.228896705775,
    3.723731224668));
#12542 = DIRECTION('',(0.996894043146,2.623624332848E-02,
    -7.425581644644E-02));
#12543 = DIRECTION('',(7.428138628934E-02,3.291866025948E-19,
    0.99723732163));
#12544 = ADVANCED_FACE('',(#12545),#12562,.T.);
#12545 = FACE_BOUND('',#12546,.T.);
#12546 = EDGE_LOOP('',(#12547,#12548,#12556));
#12547 = ORIENTED_EDGE('',*,*,#10641,.F.);
#12548 = ORIENTED_EDGE('',*,*,#12549,.F.);
#12549 = EDGE_CURVE('',#12550,#10642,#12552,.T.);
#12550 = VERTEX_POINT('',#12551);
#12551 = CARTESIAN_POINT('',(39.300003051758,61.219886779785,
    4.271706581116));
#12552 = LINE('',#12553,#12554);
#12553 = CARTESIAN_POINT('',(39.300003051758,61.219886779785,
    4.271706581116));
#12554 = VECTOR('',#12555,1.);
#12555 = DIRECTION('',(-7.847265538188E-02,0.558254664867,
    -0.825950223386));
#12556 = ORIENTED_EDGE('',*,*,#12557,.T.);
#12557 = EDGE_CURVE('',#12550,#10602,#12558,.T.);
#12558 = LINE('',#12559,#12560);
#12559 = CARTESIAN_POINT('',(39.300003051758,61.219886779785,
    4.271706581116));
#12560 = VECTOR('',#12561,1.);
#12561 = DIRECTION('',(-7.956262695935E-03,-0.819430973781,
    -0.573122654492));
#12562 = PLANE('',#12563);
#12563 = AXIS2_PLACEMENT_3D('',#12564,#12565,#12566);
#12564 = CARTESIAN_POINT('',(39.295456976725,60.929598057138,
    4.043626132629));
#12565 = DIRECTION('',(0.996894027005,3.840823618979E-02,
    -6.87539549034E-02));
#12566 = DIRECTION('',(6.880472374367E-02,-5.010751759753E-19,
    0.997630146893));
#12567 = ADVANCED_FACE('',(#12568),#12585,.T.);
#12568 = FACE_BOUND('',#12569,.T.);
#12569 = EDGE_LOOP('',(#12570,#12571,#12579));
#12570 = ORIENTED_EDGE('',*,*,#10681,.F.);
#12571 = ORIENTED_EDGE('',*,*,#12572,.F.);
#12572 = EDGE_CURVE('',#12573,#10682,#12575,.T.);
#12573 = VERTEX_POINT('',#12574);
#12574 = CARTESIAN_POINT('',(39.300003051758,61.813724517822,
    4.751197338104));
#12575 = LINE('',#12576,#12577);
#12576 = CARTESIAN_POINT('',(39.300003051758,61.813724517822,
    4.751197338104));
#12577 = VECTOR('',#12578,1.);
#12578 = DIRECTION('',(-7.847229068946E-02,0.689817137734,-0.71971828939
    ));
#12579 = ORIENTED_EDGE('',*,*,#12580,.T.);
#12580 = EDGE_CURVE('',#12573,#10642,#12581,.T.);
#12581 = LINE('',#12582,#12583);
#12582 = CARTESIAN_POINT('',(39.300003051758,61.813724517822,
    4.751197338104));
#12583 = VECTOR('',#12584,1.);
#12584 = DIRECTION('',(-7.956276788722E-03,-0.710785374157,
    -0.703363952406));
#12585 = PLANE('',#12586);
#12586 = AXIS2_PLACEMENT_3D('',#12587,#12588,#12589);
#12587 = CARTESIAN_POINT('',(39.295456976544,61.566158091902,
    4.477338928581));
#12588 = DIRECTION('',(0.996894051571,4.94750675479E-02,
    -6.127371079276E-02));
#12589 = DIRECTION('',(6.134884110055E-02,-3.155278380487E-19,
    0.998116385847));
#12590 = ADVANCED_FACE('',(#12591),#12608,.T.);
#12591 = FACE_BOUND('',#12592,.T.);
#12592 = EDGE_LOOP('',(#12593,#12594,#12602));
#12593 = ORIENTED_EDGE('',*,*,#10721,.F.);
#12594 = ORIENTED_EDGE('',*,*,#12595,.F.);
#12595 = EDGE_CURVE('',#12596,#10722,#12598,.T.);
#12596 = VERTEX_POINT('',#12597);
#12597 = CARTESIAN_POINT('',(39.300003051758,62.317985534668,
    5.324151039124));
#12598 = LINE('',#12599,#12600);
#12599 = CARTESIAN_POINT('',(39.300003051758,62.317985534668,
    5.324151039124));
#12600 = VECTOR('',#12601,1.);
#12601 = DIRECTION('',(-7.847376282897E-02,0.801511759749,
    -0.592807529921));
#12602 = ORIENTED_EDGE('',*,*,#12603,.T.);
#12603 = EDGE_CURVE('',#12596,#10682,#12604,.T.);
#12604 = LINE('',#12605,#12606);
#12605 = CARTESIAN_POINT('',(39.300003051758,62.317985534668,
    5.324151039124));
#12606 = VECTOR('',#12607,1.);
#12607 = DIRECTION('',(-7.95627863917E-03,-0.581690728439,
    -0.813371129361));
#12608 = PLANE('',#12609);
#12609 = AXIS2_PLACEMENT_3D('',#12610,#12611,#12612);
#12610 = CARTESIAN_POINT('',(39.295456977569,62.120262197822,
    5.012392132124));
#12611 = DIRECTION('',(0.996893950817,5.911986292005E-02,
    -5.203165030805E-02));
#12612 = DIRECTION('',(-5.920005316537E-02,0.998246138838,
    3.50518034219E-19));
#12613 = ADVANCED_FACE('',(#12614),#12631,.T.);
#12614 = FACE_BOUND('',#12615,.T.);
#12615 = EDGE_LOOP('',(#12616,#12617,#12625));
#12616 = ORIENTED_EDGE('',*,*,#10761,.F.);
#12617 = ORIENTED_EDGE('',*,*,#12618,.F.);
#12618 = EDGE_CURVE('',#12619,#10762,#12621,.T.);
#12619 = VERTEX_POINT('',#12620);
#12620 = CARTESIAN_POINT('',(39.300003051758,62.718166351318,
    5.974083423615));
#12621 = LINE('',#12622,#12623);
#12622 = CARTESIAN_POINT('',(39.300003051758,62.718166351318,
    5.974083423615));
#12623 = VECTOR('',#12624,1.);
#12624 = DIRECTION('',(-7.847182724567E-02,0.890173906469,-0.44881242025
    ));
#12625 = ORIENTED_EDGE('',*,*,#12626,.T.);
#12626 = EDGE_CURVE('',#12619,#10722,#12627,.T.);
#12627 = LINE('',#12628,#12629);
#12628 = CARTESIAN_POINT('',(39.300003051758,62.718166351318,
    5.974083423615));
#12629 = VECTOR('',#12630,1.);
#12630 = DIRECTION('',(-7.95625174576E-03,-0.435868512615,
    -0.899975187308));
#12631 = PLANE('',#12632);
#12632 = AXIS2_PLACEMENT_3D('',#12633,#12634,#12635);
#12633 = CARTESIAN_POINT('',(39.29545697744,62.575972884594,
    5.633393621254));
#12634 = DIRECTION('',(0.996894093032,6.706101266451E-02,
    -4.129149862866E-02));
#12635 = DIRECTION('',(-6.711825497921E-02,0.997745027474,
    -8.576090268238E-19));
#12636 = ADVANCED_FACE('',(#12637),#12654,.T.);
#12637 = FACE_BOUND('',#12638,.T.);
#12638 = EDGE_LOOP('',(#12639,#12640,#12648));
#12639 = ORIENTED_EDGE('',*,*,#10801,.F.);
#12640 = ORIENTED_EDGE('',*,*,#12641,.F.);
#12641 = EDGE_CURVE('',#12642,#10802,#12644,.T.);
#12642 = VERTEX_POINT('',#12643);
#12643 = CARTESIAN_POINT('',(39.300003051758,63.002750396729,
    6.682297706604));
#12644 = LINE('',#12645,#12646);
#12645 = CARTESIAN_POINT('',(39.300003051758,63.002750396729,
    6.682297706604));
#12646 = VECTOR('',#12647,1.);
#12647 = DIRECTION('',(-7.847438793275E-02,0.953215845986,
    -0.291926911057));
#12648 = ORIENTED_EDGE('',*,*,#12649,.T.);
#12649 = EDGE_CURVE('',#12642,#10762,#12650,.T.);
#12650 = LINE('',#12651,#12652);
#12651 = CARTESIAN_POINT('',(39.300003051758,63.002750396729,
    6.682297706604));
#12652 = VECTOR('',#12653,1.);
#12653 = DIRECTION('',(-7.956265804757E-03,-0.277498185221,
    -0.960693215878));
#12654 = PLANE('',#12655);
#12655 = AXIS2_PLACEMENT_3D('',#12656,#12657,#12658);
#12656 = CARTESIAN_POINT('',(39.295456976643,62.920179941568,
    6.322477266461));
#12657 = DIRECTION('',(0.996893899654,7.307718589188E-02,
    -2.936456596615E-02));
#12658 = DIRECTION('',(-7.310871269714E-02,0.997323977516,
    -2.989333936085E-19));
#12659 = ADVANCED_FACE('',(#12660),#12677,.T.);
#12660 = FACE_BOUND('',#12661,.T.);
#12661 = EDGE_LOOP('',(#12662,#12663,#12671));
#12662 = ORIENTED_EDGE('',*,*,#10841,.F.);
#12663 = ORIENTED_EDGE('',*,*,#12664,.F.);
#12664 = EDGE_CURVE('',#12665,#10842,#12667,.T.);
#12665 = VERTEX_POINT('',#12666);
#12666 = CARTESIAN_POINT('',(39.300003051758,63.163547515869,
    7.428419589996));
#12667 = LINE('',#12668,#12669);
#12668 = CARTESIAN_POINT('',(39.300003051758,63.163547515869,
    7.428419589996));
#12669 = VECTOR('',#12670,1.);
#12670 = DIRECTION('',(-7.846577898277E-02,0.98884383179,-0.126613576913
    ));
#12671 = ORIENTED_EDGE('',*,*,#12672,.T.);
#12672 = EDGE_CURVE('',#12665,#10802,#12673,.T.);
#12673 = LINE('',#12674,#12675);
#12674 = CARTESIAN_POINT('',(39.300003051758,63.163547515869,
    7.428419589996));
#12675 = VECTOR('',#12676,1.);
#12676 = DIRECTION('',(-7.956270608024E-03,-0.111146241263,
    -0.993772212738));
#12677 = PLANE('',#12678);
#12678 = AXIS2_PLACEMENT_3D('',#12679,#12680,#12681);
#12679 = CARTESIAN_POINT('',(39.295456982339,63.142978273292,
    7.05982251522));
#12680 = DIRECTION('',(0.99689456699,7.698027336727E-02,
    -1.659095592279E-02));
#12681 = DIRECTION('',(-7.699087034304E-02,0.99703179783,
    -1.8595232859E-19));
#12682 = ADVANCED_FACE('',(#12683),#12700,.T.);
#12683 = FACE_BOUND('',#12684,.T.);
#12684 = EDGE_LOOP('',(#12685,#12686,#12694));
#12685 = ORIENTED_EDGE('',*,*,#10881,.F.);
#12686 = ORIENTED_EDGE('',*,*,#12687,.F.);
#12687 = EDGE_CURVE('',#12688,#9435,#12690,.T.);
#12688 = VERTEX_POINT('',#12689);
#12689 = CARTESIAN_POINT('',(39.300003051758,63.195945739746,
    8.190985679626));
#12690 = LINE('',#12691,#12692);
#12691 = CARTESIAN_POINT('',(39.300003051758,63.195945739746,
    8.190985679626));
#12692 = VECTOR('',#12693,1.);
#12693 = DIRECTION('',(-7.847179188119E-02,0.996018047384,
    4.231107613669E-02));
#12694 = ORIENTED_EDGE('',*,*,#12695,.T.);
#12695 = EDGE_CURVE('',#12688,#10842,#12696,.T.);
#12696 = LINE('',#12697,#12698);
#12697 = CARTESIAN_POINT('',(39.300003051758,63.195945739746,
    8.190985679626));
#12698 = VECTOR('',#12699,1.);
#12699 = DIRECTION('',(-7.956258899189E-03,5.840012340688E-02,
    -0.998261550662));
#12700 = PLANE('',#12701);
#12701 = AXIS2_PLACEMENT_3D('',#12702,#12703,#12704);
#12702 = CARTESIAN_POINT('',(39.295456978206,63.237963774964,
    7.824212078989));
#12703 = DIRECTION('',(0.996894100366,7.868279269641E-02,
    -3.34227312662E-03));
#12704 = DIRECTION('',(-7.868323217455E-02,0.996899668459,
    1.25498231619E-20));
#12705 = ADVANCED_FACE('',(#12706),#12750,.T.);
#12706 = FACE_BOUND('',#12707,.T.);
#12707 = EDGE_LOOP('',(#12708,#12709,#12710,#12711,#12712,#12713,#12714,
    #12720,#12721,#12722,#12723,#12724,#12725,#12726,#12727,#12728,
    #12729,#12730,#12731,#12732,#12733,#12734,#12735,#12736,#12737,
    #12738,#12739,#12740,#12741,#12742,#12743,#12744,#12745,#12746,
    #12747,#12748,#12749));
#12708 = ORIENTED_EDGE('',*,*,#11393,.T.);
#12709 = ORIENTED_EDGE('',*,*,#11369,.T.);
#12710 = ORIENTED_EDGE('',*,*,#11345,.T.);
#12711 = ORIENTED_EDGE('',*,*,#11321,.T.);
#12712 = ORIENTED_EDGE('',*,*,#11297,.T.);
#12713 = ORIENTED_EDGE('',*,*,#11273,.T.);
#12714 = ORIENTED_EDGE('',*,*,#12715,.T.);
#12715 = EDGE_CURVE('',#11241,#11201,#12716,.T.);
#12716 = LINE('',#12717,#12718);
#12717 = CARTESIAN_POINT('',(32.799999237061,66.845260620117,
    7.256074905396));
#12718 = VECTOR('',#12719,1.);
#12719 = DIRECTION('',(0.,-0.999098961513,-4.244131364153E-02));
#12720 = ORIENTED_EDGE('',*,*,#11210,.T.);
#12721 = ORIENTED_EDGE('',*,*,#11186,.T.);
#12722 = ORIENTED_EDGE('',*,*,#11162,.T.);
#12723 = ORIENTED_EDGE('',*,*,#11138,.T.);
#12724 = ORIENTED_EDGE('',*,*,#11114,.T.);
#12725 = ORIENTED_EDGE('',*,*,#11090,.T.);
#12726 = ORIENTED_EDGE('',*,*,#11066,.T.);
#12727 = ORIENTED_EDGE('',*,*,#11042,.T.);
#12728 = ORIENTED_EDGE('',*,*,#11018,.T.);
#12729 = ORIENTED_EDGE('',*,*,#10994,.T.);
#12730 = ORIENTED_EDGE('',*,*,#10970,.T.);
#12731 = ORIENTED_EDGE('',*,*,#11842,.T.);
#12732 = ORIENTED_EDGE('',*,*,#11825,.T.);
#12733 = ORIENTED_EDGE('',*,*,#11801,.T.);
#12734 = ORIENTED_EDGE('',*,*,#11777,.T.);
#12735 = ORIENTED_EDGE('',*,*,#11753,.T.);
#12736 = ORIENTED_EDGE('',*,*,#11729,.T.);
#12737 = ORIENTED_EDGE('',*,*,#11705,.T.);
#12738 = ORIENTED_EDGE('',*,*,#11681,.T.);
#12739 = ORIENTED_EDGE('',*,*,#11657,.T.);
#12740 = ORIENTED_EDGE('',*,*,#11633,.T.);
#12741 = ORIENTED_EDGE('',*,*,#11609,.T.);
#12742 = ORIENTED_EDGE('',*,*,#11585,.T.);
#12743 = ORIENTED_EDGE('',*,*,#11561,.T.);
#12744 = ORIENTED_EDGE('',*,*,#11537,.T.);
#12745 = ORIENTED_EDGE('',*,*,#11513,.T.);
#12746 = ORIENTED_EDGE('',*,*,#11489,.T.);
#12747 = ORIENTED_EDGE('',*,*,#11465,.T.);
#12748 = ORIENTED_EDGE('',*,*,#11441,.T.);
#12749 = ORIENTED_EDGE('',*,*,#11417,.T.);
#12750 = PLANE('',#12751);
#12751 = AXIS2_PLACEMENT_3D('',#12752,#12753,#12754);
#12752 = CARTESIAN_POINT('',(32.799999237061,66.750000065999,
    7.999999963454));
#12753 = DIRECTION('',(-1.,-0.,-0.));
#12754 = DIRECTION('',(0.,0.,-1.));
#12755 = ADVANCED_FACE('',(#12756),#12761,.T.);
#12756 = FACE_BOUND('',#12757,.T.);
#12757 = EDGE_LOOP('',(#12758,#12759,#12760));
#12758 = ORIENTED_EDGE('',*,*,#12715,.F.);
#12759 = ORIENTED_EDGE('',*,*,#11240,.F.);
#12760 = ORIENTED_EDGE('',*,*,#11224,.F.);
#12761 = PLANE('',#12762);
#12762 = AXIS2_PLACEMENT_3D('',#12763,#12764,#12765);
#12763 = CARTESIAN_POINT('',(32.577962600481,66.767855425562,
    7.251886062521));
#12764 = DIRECTION('',(-4.052858345874E-03,-4.244096507679E-02,
    0.999090756049));
#12765 = DIRECTION('',(6.08225109823E-21,0.999098961513,
    4.244131364153E-02));
#12766 = ADVANCED_FACE('',(#12767),#12777,.T.);
#12767 = FACE_BOUND('',#12768,.T.);
#12768 = EDGE_LOOP('',(#12769,#12770,#12771));
#12769 = ORIENTED_EDGE('',*,*,#11857,.T.);
#12770 = ORIENTED_EDGE('',*,*,#11888,.F.);
#12771 = ORIENTED_EDGE('',*,*,#12772,.F.);
#12772 = EDGE_CURVE('',#11858,#11881,#12773,.T.);
#12773 = LINE('',#12774,#12775);
#12774 = CARTESIAN_POINT('',(39.300003051758,63.09899520874,
    8.948057174683));
#12775 = VECTOR('',#12776,1.);
#12776 = DIRECTION('',(0.,-0.292815270671,0.956169031742));
#12777 = PLANE('',#12778);
#12778 = AXIS2_PLACEMENT_3D('',#12779,#12780,#12781);
#12779 = CARTESIAN_POINT('',(39.298378972466,63.012846721043,
    9.299580524324));
#12780 = DIRECTION('',(0.996894308308,7.529937707074E-02,
    2.305952896025E-02));
#12781 = DIRECTION('',(-7.531940497436E-02,0.997159459281,
    5.25179319868E-19));
#12782 = ADVANCED_FACE('',(#12783),#12793,.T.);
#12783 = FACE_BOUND('',#12784,.T.);
#12784 = EDGE_LOOP('',(#12785,#12786,#12787));
#12785 = ORIENTED_EDGE('',*,*,#12687,.T.);
#12786 = ORIENTED_EDGE('',*,*,#11865,.F.);
#12787 = ORIENTED_EDGE('',*,*,#12788,.F.);
#12788 = EDGE_CURVE('',#12688,#11858,#12789,.T.);
#12789 = LINE('',#12790,#12791);
#12790 = CARTESIAN_POINT('',(39.300003051758,63.195945739746,
    8.190985679626));
#12791 = VECTOR('',#12792,1.);
#12792 = DIRECTION('',(0.,-0.127022632317,0.991899818973));
#12793 = PLANE('',#12794);
#12794 = AXIS2_PLACEMENT_3D('',#12795,#12796,#12797);
#12795 = CARTESIAN_POINT('',(39.298378975682,63.170438585468,
    8.552013385093));
#12796 = DIRECTION('',(0.996894097728,7.811586044113E-02,
    1.000351248093E-02));
#12797 = DIRECTION('',(-7.811976927181E-02,0.996943981199,
    3.299927328611E-20));
#12798 = ADVANCED_FACE('',(#12799),#12809,.T.);
#12799 = FACE_BOUND('',#12800,.T.);
#12800 = EDGE_LOOP('',(#12801,#12802,#12803));
#12801 = ORIENTED_EDGE('',*,*,#11880,.T.);
#12802 = ORIENTED_EDGE('',*,*,#11911,.F.);
#12803 = ORIENTED_EDGE('',*,*,#12804,.F.);
#12804 = EDGE_CURVE('',#11881,#11904,#12805,.T.);
#12805 = LINE('',#12806,#12807);
#12806 = CARTESIAN_POINT('',(39.300003051758,62.875503540039,
    9.677854537964));
#12807 = VECTOR('',#12808,1.);
#12808 = DIRECTION('',(0.,-0.450208341839,0.892923540365));
#12809 = PLANE('',#12810);
#12810 = AXIS2_PLACEMENT_3D('',#12811,#12812,#12813);
#12811 = CARTESIAN_POINT('',(39.29837897985,62.73117896019,
    10.00976312869));
#12812 = DIRECTION('',(0.996893828974,7.032414199349E-02,
    3.545714042347E-02));
#12813 = DIRECTION('',(-7.036838978473E-02,0.997521072318,
    2.274093387866E-19));
#12814 = ADVANCED_FACE('',(#12815),#12825,.T.);
#12815 = FACE_BOUND('',#12816,.T.);
#12816 = EDGE_LOOP('',(#12817,#12818,#12819));
#12817 = ORIENTED_EDGE('',*,*,#11903,.T.);
#12818 = ORIENTED_EDGE('',*,*,#11934,.F.);
#12819 = ORIENTED_EDGE('',*,*,#12820,.F.);
#12820 = EDGE_CURVE('',#11904,#11927,#12821,.T.);
#12821 = LINE('',#12822,#12823);
#12822 = CARTESIAN_POINT('',(39.300003051758,62.531879425049,
    10.359383583069));
#12823 = VECTOR('',#12824,1.);
#12824 = DIRECTION('',(0.,-0.594632147692,0.803997891124));
#12825 = PLANE('',#12826);
#12826 = AXIS2_PLACEMENT_3D('',#12827,#12828,#12829);
#12827 = CARTESIAN_POINT('',(39.298378981677,62.333540853801,
    10.662126800473));
#12828 = DIRECTION('',(0.996893792337,6.332098127365E-02,
    4.683182817316E-02));
#12829 = DIRECTION('',(-6.339053412852E-02,0.997988797624,
    8.417027547841E-20));
#12830 = ADVANCED_FACE('',(#12831),#12841,.T.);
#12831 = FACE_BOUND('',#12832,.T.);
#12832 = EDGE_LOOP('',(#12833,#12834,#12835));
#12833 = ORIENTED_EDGE('',*,*,#11926,.T.);
#12834 = ORIENTED_EDGE('',*,*,#11957,.F.);
#12835 = ORIENTED_EDGE('',*,*,#12836,.F.);
#12836 = EDGE_CURVE('',#11927,#11950,#12837,.T.);
#12837 = LINE('',#12838,#12839);
#12838 = CARTESIAN_POINT('',(39.300003051758,62.078025817871,
    10.973035812378));
#12839 = VECTOR('',#12840,1.);
#12840 = DIRECTION('',(0.,-0.721954498598,0.691940533539));
#12841 = PLANE('',#12842);
#12842 = AXIS2_PLACEMENT_3D('',#12843,#12844,#12845);
#12843 = CARTESIAN_POINT('',(39.29837898191,61.831376416039,
    11.237905656258));
#12844 = DIRECTION('',(0.996893853407,5.449507269975E-02,
    5.685887873306E-02));
#12845 = DIRECTION('',(-5.694349451742E-02,5.058765437892E-20,
    0.998377402805));
#12846 = ADVANCED_FACE('',(#12847),#12857,.T.);
#12847 = FACE_BOUND('',#12848,.T.);
#12848 = EDGE_LOOP('',(#12849,#12850,#12851));
#12849 = ORIENTED_EDGE('',*,*,#11949,.T.);
#12850 = ORIENTED_EDGE('',*,*,#11980,.F.);
#12851 = ORIENTED_EDGE('',*,*,#12852,.F.);
#12852 = EDGE_CURVE('',#11950,#11973,#12853,.T.);
#12853 = LINE('',#12854,#12855);
#12854 = CARTESIAN_POINT('',(39.300003051758,61.526992797852,
    11.501160621643));
#12855 = VECTOR('',#12856,1.);
#12856 = DIRECTION('',(0.,-0.828510554722,0.559973446437));
#12857 = PLANE('',#12858);
#12858 = AXIS2_PLACEMENT_3D('',#12859,#12860,#12861);
#12859 = CARTESIAN_POINT('',(39.298378983208,61.239124885589,
    11.720536848602));
#12860 = DIRECTION('',(0.996893821026,4.410198710432E-02,
    6.525124009479E-02));
#12861 = DIRECTION('',(-6.531478916163E-02,3.750000076856E-19,
    0.997864709425));
#12862 = ADVANCED_FACE('',(#12863),#12873,.T.);
#12863 = FACE_BOUND('',#12864,.T.);
#12864 = EDGE_LOOP('',(#12865,#12866,#12867));
#12865 = ORIENTED_EDGE('',*,*,#11972,.T.);
#12866 = ORIENTED_EDGE('',*,*,#12003,.F.);
#12867 = ORIENTED_EDGE('',*,*,#12868,.F.);
#12868 = EDGE_CURVE('',#11973,#11996,#12869,.T.);
#12869 = LINE('',#12870,#12871);
#12870 = CARTESIAN_POINT('',(39.300003051758,60.894626617432,
    11.928564071655));
#12871 = VECTOR('',#12872,1.);
#12872 = DIRECTION('',(0.,-0.911228183179,0.411901927866));
#12873 = PLANE('',#12874);
#12874 = AXIS2_PLACEMENT_3D('',#12875,#12876,#12877);
#12875 = CARTESIAN_POINT('',(39.298378976163,60.573829524222,
    12.096134295867));
#12876 = DIRECTION('',(0.996893985882,3.243941710253E-02,
    7.176395425696E-02));
#12877 = DIRECTION('',(-7.180174325486E-02,-2.261974857759E-19,
    0.997418923856));
#12878 = ADVANCED_FACE('',(#12879),#12889,.T.);
#12879 = FACE_BOUND('',#12880,.T.);
#12880 = EDGE_LOOP('',(#12881,#12882,#12883));
#12881 = ORIENTED_EDGE('',*,*,#11995,.T.);
#12882 = ORIENTED_EDGE('',*,*,#12026,.F.);
#12883 = ORIENTED_EDGE('',*,*,#12884,.F.);
#12884 = EDGE_CURVE('',#11996,#12019,#12885,.T.);
#12885 = LINE('',#12886,#12887);
#12886 = CARTESIAN_POINT('',(39.300003051758,60.199131011963,
    12.242948532104));
#12887 = VECTOR('',#12888,1.);
#12888 = DIRECTION('',(0.,-0.967733312031,0.251976659209));
#12889 = PLANE('',#12890);
#12890 = AXIS2_PLACEMENT_3D('',#12891,#12892,#12893);
#12891 = CARTESIAN_POINT('',(39.298378980548,59.854624904776,
    12.353893528846));
#12892 = DIRECTION('',(0.99689397291,1.984451258203E-02,
    7.621418565881E-02));
#12893 = DIRECTION('',(-7.622919684405E-02,-2.591389107489E-19,
    0.99709032166));
#12894 = ADVANCED_FACE('',(#12895),#12905,.T.);
#12895 = FACE_BOUND('',#12896,.T.);
#12896 = EDGE_LOOP('',(#12897,#12898,#12899));
#12897 = ORIENTED_EDGE('',*,*,#12041,.T.);
#12898 = ORIENTED_EDGE('',*,*,#12073,.F.);
#12899 = ORIENTED_EDGE('',*,*,#12900,.F.);
#12900 = EDGE_CURVE('',#12042,#12066,#12901,.T.);
#12901 = LINE('',#12902,#12903);
#12902 = CARTESIAN_POINT('',(39.300003051758,58.700000762939,12.5));
#12903 = VECTOR('',#12904,1.);
#12904 = DIRECTION('',(0.,-0.99639747033,-8.48061384613E-02));
#12905 = PLANE('',#12906);
#12906 = AXIS2_PLACEMENT_3D('',#12907,#12908,#12909);
#12907 = CARTESIAN_POINT('',(39.298378977014,58.338214823306,
    12.489839639758));
#12908 = DIRECTION('',(0.996894031661,-6.678874920902E-03,
    7.847090076943E-02));
#12909 = DIRECTION('',(-7.847265101825E-02,5.213387314601E-21,
    0.996916266816));
#12910 = ADVANCED_FACE('',(#12911),#13080,.T.);
#12911 = FACE_BOUND('',#12912,.T.);
#12912 = EDGE_LOOP('',(#12913,#12919,#12925,#12926,#12927,#12928,#12929,
    #12930,#12931,#12932,#12933,#12934,#12935,#12941,#12947,#12953,
    #12959,#12965,#12971,#12977,#12983,#12989,#12995,#13001,#13007,
    #13013,#13019,#13025,#13031,#13037,#13038,#13044,#13050,#13056,
    #13062,#13068,#13074));
#12913 = ORIENTED_EDGE('',*,*,#12914,.T.);
#12914 = EDGE_CURVE('',#12642,#12665,#12915,.T.);
#12915 = LINE('',#12916,#12917);
#12916 = CARTESIAN_POINT('',(39.300003051758,63.002750396729,
    6.682297706604));
#12917 = VECTOR('',#12918,1.);
#12918 = DIRECTION('',(0.,0.21067370182,0.977556438965));
#12919 = ORIENTED_EDGE('',*,*,#12920,.T.);
#12920 = EDGE_CURVE('',#12665,#12688,#12921,.T.);
#12921 = LINE('',#12922,#12923);
#12922 = CARTESIAN_POINT('',(39.300003051758,63.163547515869,
    7.428419589996));
#12923 = VECTOR('',#12924,1.);
#12924 = DIRECTION('',(0.,4.244749898693E-02,0.999098698743));
#12925 = ORIENTED_EDGE('',*,*,#12788,.T.);
#12926 = ORIENTED_EDGE('',*,*,#12772,.T.);
#12927 = ORIENTED_EDGE('',*,*,#12804,.T.);
#12928 = ORIENTED_EDGE('',*,*,#12820,.T.);
#12929 = ORIENTED_EDGE('',*,*,#12836,.T.);
#12930 = ORIENTED_EDGE('',*,*,#12852,.T.);
#12931 = ORIENTED_EDGE('',*,*,#12868,.T.);
#12932 = ORIENTED_EDGE('',*,*,#12884,.T.);
#12933 = ORIENTED_EDGE('',*,*,#12049,.T.);
#12934 = ORIENTED_EDGE('',*,*,#12900,.T.);
#12935 = ORIENTED_EDGE('',*,*,#12936,.T.);
#12936 = EDGE_CURVE('',#12066,#12089,#12937,.T.);
#12937 = LINE('',#12938,#12939);
#12938 = CARTESIAN_POINT('',(39.300003051758,57.93949508667,
    12.435271263123));
#12939 = VECTOR('',#12940,1.);
#12940 = DIRECTION('',(0.,-0.967732994699,-0.25197787794));
#12941 = ORIENTED_EDGE('',*,*,#12942,.T.);
#12942 = EDGE_CURVE('',#12089,#12112,#12943,.T.);
#12943 = LINE('',#12944,#12945);
#12944 = CARTESIAN_POINT('',(39.300003051758,57.200870513916,
    12.242948532104));
#12945 = VECTOR('',#12946,1.);
#12946 = DIRECTION('',(0.,-0.911228183179,-0.411901927866));
#12947 = ORIENTED_EDGE('',*,*,#12948,.T.);
#12948 = EDGE_CURVE('',#12112,#12135,#12949,.T.);
#12949 = LINE('',#12950,#12951);
#12950 = CARTESIAN_POINT('',(39.300003051758,56.505374908447,
    11.928564071655));
#12951 = VECTOR('',#12952,1.);
#12952 = DIRECTION('',(0.,-0.828510554722,-0.559973446437));
#12953 = ORIENTED_EDGE('',*,*,#12954,.T.);
#12954 = EDGE_CURVE('',#12135,#12158,#12955,.T.);
#12955 = LINE('',#12956,#12957);
#12956 = CARTESIAN_POINT('',(39.300003051758,55.873008728027,
    11.501160621643));
#12957 = VECTOR('',#12958,1.);
#12958 = DIRECTION('',(0.,-0.721956891514,-0.691938036818));
#12959 = ORIENTED_EDGE('',*,*,#12960,.T.);
#12960 = EDGE_CURVE('',#12158,#12181,#12961,.T.);
#12961 = LINE('',#12962,#12963);
#12962 = CARTESIAN_POINT('',(39.300003051758,55.321971893311,
    10.973035812378));
#12963 = VECTOR('',#12964,1.);
#12964 = DIRECTION('',(0.,-0.594628916934,-0.804000280564));
#12965 = ORIENTED_EDGE('',*,*,#12966,.T.);
#12966 = EDGE_CURVE('',#12181,#12204,#12967,.T.);
#12967 = LINE('',#12968,#12969);
#12968 = CARTESIAN_POINT('',(39.300003051758,54.86812210083,
    10.359383583069));
#12969 = VECTOR('',#12970,1.);
#12970 = DIRECTION('',(0.,-0.450204356916,-0.892925549536));
#12971 = ORIENTED_EDGE('',*,*,#12972,.T.);
#12972 = EDGE_CURVE('',#12204,#12227,#12973,.T.);
#12973 = LINE('',#12974,#12975);
#12974 = CARTESIAN_POINT('',(39.300003051758,54.524501800537,
    9.677854537964));
#12975 = VECTOR('',#12976,1.);
#12976 = DIRECTION('',(0.,-0.292824409486,-0.956166233042));
#12977 = ORIENTED_EDGE('',*,*,#12978,.T.);
#12978 = EDGE_CURVE('',#12227,#12250,#12979,.T.);
#12979 = LINE('',#12980,#12981);
#12980 = CARTESIAN_POINT('',(39.300003051758,54.301002502441,
    8.948057174683));
#12981 = VECTOR('',#12982,1.);
#12982 = DIRECTION('',(0.,-0.127017715013,-0.991900448671));
#12983 = ORIENTED_EDGE('',*,*,#12984,.T.);
#12984 = EDGE_CURVE('',#12250,#12273,#12985,.T.);
#12985 = LINE('',#12986,#12987);
#12986 = CARTESIAN_POINT('',(39.300003051758,54.204055786133,
    8.190985679626));
#12987 = VECTOR('',#12988,1.);
#12988 = DIRECTION('',(0.,4.244251005122E-02,-0.999098910689));
#12989 = ORIENTED_EDGE('',*,*,#12990,.T.);
#12990 = EDGE_CURVE('',#12273,#12296,#12991,.T.);
#12991 = LINE('',#12992,#12993);
#12992 = CARTESIAN_POINT('',(39.300003051758,54.236450195312,
    7.428419589996));
#12993 = VECTOR('',#12994,1.);
#12994 = DIRECTION('',(0.,0.210678477939,-0.977555409649));
#12995 = ORIENTED_EDGE('',*,*,#12996,.T.);
#12996 = EDGE_CURVE('',#12296,#12319,#12997,.T.);
#12997 = LINE('',#12998,#12999);
#12998 = CARTESIAN_POINT('',(39.300003051758,54.39725112915,
    6.682297706604));
#12999 = VECTOR('',#13000,1.);
#13000 = DIRECTION('',(0.,0.372856635834,-0.927888963785));
#13001 = ORIENTED_EDGE('',*,*,#13002,.T.);
#13002 = EDGE_CURVE('',#12319,#12342,#13003,.T.);
#13003 = LINE('',#13004,#13005);
#13004 = CARTESIAN_POINT('',(39.300003051758,54.681835174561,
    5.974083423615));
#13005 = VECTOR('',#13006,1.);
#13006 = DIRECTION('',(0.,0.524305157562,-0.851530446757));
#13007 = ORIENTED_EDGE('',*,*,#13008,.T.);
#13008 = EDGE_CURVE('',#12342,#12365,#13009,.T.);
#13009 = LINE('',#13010,#13011);
#13010 = CARTESIAN_POINT('',(39.300003051758,55.082012176514,
    5.324151039124));
#13011 = VECTOR('',#13012,1.);
#13012 = DIRECTION('',(0.,0.660673495988,-0.750673385501));
#13013 = ORIENTED_EDGE('',*,*,#13014,.T.);
#13014 = EDGE_CURVE('',#12365,#12388,#13015,.T.);
#13015 = LINE('',#13016,#13017);
#13016 = CARTESIAN_POINT('',(39.300003051758,55.586273193359,
    4.751197338104));
#13017 = VECTOR('',#13018,1.);
#13018 = DIRECTION('',(0.,0.778035580962,-0.628220211994));
#13019 = ORIENTED_EDGE('',*,*,#13020,.T.);
#13020 = EDGE_CURVE('',#12388,#12411,#13021,.T.);
#13021 = LINE('',#13022,#13023);
#13022 = CARTESIAN_POINT('',(39.300003051758,56.180110931396,
    4.271706581116));
#13023 = VECTOR('',#13024,1.);
#13024 = DIRECTION('',(0.,0.87301450568,-0.487694241171));
#13025 = ORIENTED_EDGE('',*,*,#13026,.T.);
#13026 = EDGE_CURVE('',#12411,#12434,#13027,.T.);
#13027 = LINE('',#13028,#13029);
#13028 = CARTESIAN_POINT('',(39.300003051758,56.84644317627,
    3.899471759796));
#13029 = VECTOR('',#13030,1.);
#13030 = DIRECTION('',(0.,0.942877398826,-0.333139926732));
#13031 = ORIENTED_EDGE('',*,*,#13032,.T.);
#13032 = EDGE_CURVE('',#12434,#12457,#13033,.T.);
#13033 = LINE('',#13034,#13035);
#13034 = CARTESIAN_POINT('',(39.300003051758,57.566097259521,
    3.645201683044));
#13035 = VECTOR('',#13036,1.);
#13036 = DIRECTION('',(0.,0.985616071152,-0.168999882508));
#13037 = ORIENTED_EDGE('',*,*,#12487,.T.);
#13038 = ORIENTED_EDGE('',*,*,#13039,.T.);
#13039 = EDGE_CURVE('',#12480,#12504,#13040,.T.);
#13040 = LINE('',#13041,#13042);
#13041 = CARTESIAN_POINT('',(39.300003051758,59.08162689209,
    3.516211509705));
#13042 = VECTOR('',#13043,1.);
#13043 = DIRECTION('',(0.,0.985616071152,0.168999882508));
#13044 = ORIENTED_EDGE('',*,*,#13045,.T.);
#13045 = EDGE_CURVE('',#12504,#12527,#13046,.T.);
#13046 = LINE('',#13047,#13048);
#13047 = CARTESIAN_POINT('',(39.300003051758,59.833904266357,
    3.645201683044));
#13048 = VECTOR('',#13049,1.);
#13049 = DIRECTION('',(0.,0.942876844139,0.333141496644));
#13050 = ORIENTED_EDGE('',*,*,#13051,.T.);
#13051 = EDGE_CURVE('',#12527,#12550,#13052,.T.);
#13052 = LINE('',#13053,#13054);
#13053 = CARTESIAN_POINT('',(39.300003051758,60.553554534912,
    3.899471759796));
#13054 = VECTOR('',#13055,1.);
#13055 = DIRECTION('',(0.,0.87301450568,0.487694241171));
#13056 = ORIENTED_EDGE('',*,*,#13057,.T.);
#13057 = EDGE_CURVE('',#12550,#12573,#13058,.T.);
#13058 = LINE('',#13059,#13060);
#13059 = CARTESIAN_POINT('',(39.300003051758,61.219886779785,
    4.271706581116));
#13060 = VECTOR('',#13061,1.);
#13061 = DIRECTION('',(0.,0.778035580962,0.628220211994));
#13062 = ORIENTED_EDGE('',*,*,#13063,.T.);
#13063 = EDGE_CURVE('',#12573,#12596,#13064,.T.);
#13064 = LINE('',#13065,#13066);
#13065 = CARTESIAN_POINT('',(39.300003051758,61.813724517822,
    4.751197338104));
#13066 = VECTOR('',#13067,1.);
#13067 = DIRECTION('',(0.,0.660673495988,0.750673385501));
#13068 = ORIENTED_EDGE('',*,*,#13069,.T.);
#13069 = EDGE_CURVE('',#12596,#12619,#13070,.T.);
#13070 = LINE('',#13071,#13072);
#13071 = CARTESIAN_POINT('',(39.300003051758,62.317985534668,
    5.324151039124));
#13072 = VECTOR('',#13073,1.);
#13073 = DIRECTION('',(0.,0.524308781583,0.85152821536));
#13074 = ORIENTED_EDGE('',*,*,#13075,.T.);
#13075 = EDGE_CURVE('',#12619,#12642,#13076,.T.);
#13076 = LINE('',#13077,#13078);
#13077 = CARTESIAN_POINT('',(39.300003051758,62.718166351318,
    5.974083423615));
#13078 = VECTOR('',#13079,1.);
#13079 = DIRECTION('',(0.,0.372856635834,0.927888963785));
#13080 = PLANE('',#13081);
#13081 = AXIS2_PLACEMENT_3D('',#13082,#13083,#13084);
#13082 = CARTESIAN_POINT('',(39.300003051758,58.700000086492,
    7.999999991836));
#13083 = DIRECTION('',(1.,0.,0.));
#13084 = DIRECTION('',(0.,0.,1.));
#13085 = ADVANCED_FACE('',(#13086),#13091,.T.);
#13086 = FACE_BOUND('',#13087,.T.);
#13087 = EDGE_LOOP('',(#13088,#13089,#13090));
#13088 = ORIENTED_EDGE('',*,*,#12065,.T.);
#13089 = ORIENTED_EDGE('',*,*,#12096,.F.);
#13090 = ORIENTED_EDGE('',*,*,#12936,.F.);
#13091 = PLANE('',#13092);
#13092 = AXIS2_PLACEMENT_3D('',#13093,#13094,#13095);
#13093 = CARTESIAN_POINT('',(39.298378976403,57.584631712986,
    12.364115351867));
#13094 = DIRECTION('',(0.996893994902,-1.984453841816E-02,
    7.621389127026E-02));
#13095 = DIRECTION('',(-7.622890243661E-02,1.40808634367E-19,
    0.997090344168));
#13096 = ADVANCED_FACE('',(#13097),#13102,.T.);
#13097 = FACE_BOUND('',#13098,.T.);
#13098 = EDGE_LOOP('',(#13099,#13100,#13101));
#13099 = ORIENTED_EDGE('',*,*,#12088,.T.);
#13100 = ORIENTED_EDGE('',*,*,#12119,.F.);
#13101 = ORIENTED_EDGE('',*,*,#12942,.F.);
#13102 = PLANE('',#13103);
#13103 = AXIS2_PLACEMENT_3D('',#13104,#13105,#13106);
#13104 = CARTESIAN_POINT('',(39.298378976852,56.863137531686,
    12.11284406313));
#13105 = DIRECTION('',(0.99689406002,-3.243903055266E-02,
    7.176309911376E-02));
#13106 = DIRECTION('',(-7.180088676009E-02,2.555718606473E-20,
    0.997418985512));
#13107 = ADVANCED_FACE('',(#13108),#13113,.T.);
#13108 = FACE_BOUND('',#13109,.T.);
#13109 = EDGE_LOOP('',(#13110,#13111,#13112));
#13110 = ORIENTED_EDGE('',*,*,#12111,.T.);
#13111 = ORIENTED_EDGE('',*,*,#12142,.F.);
#13112 = ORIENTED_EDGE('',*,*,#12948,.F.);
#13113 = PLANE('',#13114);
#13114 = AXIS2_PLACEMENT_3D('',#13115,#13116,#13117);
#13115 = CARTESIAN_POINT('',(39.298378978755,56.194484668305,
    11.743252620766));
#13116 = DIRECTION('',(0.996894000698,-4.410071356121E-02,
    6.52493558199E-02));
#13117 = DIRECTION('',(-6.531289937617E-02,1.041362352658E-19,
    0.997864833119));
#13118 = ADVANCED_FACE('',(#13119),#13124,.T.);
#13119 = FACE_BOUND('',#13120,.T.);
#13120 = EDGE_LOOP('',(#13121,#13122,#13123));
#13121 = ORIENTED_EDGE('',*,*,#12134,.T.);
#13122 = ORIENTED_EDGE('',*,*,#12165,.F.);
#13123 = ORIENTED_EDGE('',*,*,#12954,.F.);
#13124 = PLANE('',#13125);
#13125 = AXIS2_PLACEMENT_3D('',#13126,#13127,#13128);
#13126 = CARTESIAN_POINT('',(39.298378977135,55.597909922162,
    11.265974466033));
#13127 = DIRECTION('',(0.996893776634,-5.44955484717E-02,
    5.685976876903E-02));
#13128 = DIRECTION('',(-5.694438735873E-02,5.483738968616E-19,
    0.998377351881));
#13129 = ADVANCED_FACE('',(#13130),#13135,.T.);
#13130 = FACE_BOUND('',#13131,.T.);
#13131 = EDGE_LOOP('',(#13132,#13133,#13134));
#13132 = ORIENTED_EDGE('',*,*,#12157,.T.);
#13133 = ORIENTED_EDGE('',*,*,#12188,.F.);
#13134 = ORIENTED_EDGE('',*,*,#12960,.F.);
#13135 = PLANE('',#13136);
#13136 = AXIS2_PLACEMENT_3D('',#13137,#13138,#13139);
#13137 = CARTESIAN_POINT('',(39.298378976163,55.090580213417,
    10.694741604712));
#13138 = DIRECTION('',(0.996893812166,-6.332096766177E-02,
    4.683142447851E-02));
#13139 = DIRECTION('',(6.339051930061E-02,0.997988798566,
    2.740333878505E-19));
#13140 = ADVANCED_FACE('',(#13141),#13146,.T.);
#13141 = FACE_BOUND('',#13142,.T.);
#13142 = EDGE_LOOP('',(#13143,#13144,#13145));
#13143 = ORIENTED_EDGE('',*,*,#12180,.T.);
#13144 = ORIENTED_EDGE('',*,*,#12211,.F.);
#13145 = ORIENTED_EDGE('',*,*,#12966,.F.);
#13146 = PLANE('',#13147);
#13147 = AXIS2_PLACEMENT_3D('',#13148,#13149,#13150);
#13148 = CARTESIAN_POINT('',(39.298378977019,54.687086906939,
    10.045985862));
#13149 = DIRECTION('',(0.996894037473,-7.032194363016E-02,
    3.54556384074E-02));
#13150 = DIRECTION('',(7.036618628605E-02,0.997521227758,
    -5.032992949387E-19));
#13151 = ADVANCED_FACE('',(#13152),#13157,.T.);
#13152 = FACE_BOUND('',#13153,.T.);
#13153 = EDGE_LOOP('',(#13154,#13155,#13156));
#13154 = ORIENTED_EDGE('',*,*,#12203,.T.);
#13155 = ORIENTED_EDGE('',*,*,#12234,.F.);
#13156 = ORIENTED_EDGE('',*,*,#12972,.F.);
#13157 = PLANE('',#13158);
#13158 = AXIS2_PLACEMENT_3D('',#13159,#13160,#13161);
#13159 = CARTESIAN_POINT('',(39.298378976794,54.399034562846,
    9.338370060196));
#13160 = DIRECTION('',(0.996894115954,-7.530148487579E-02,
    2.306096166151E-02));
#13161 = DIRECTION('',(7.532151582986E-02,0.997159299838,
    -1.913744891539E-19));
#13162 = ADVANCED_FACE('',(#13163),#13168,.T.);
#13163 = FACE_BOUND('',#13164,.T.);
#13164 = EDGE_LOOP('',(#13165,#13166,#13167));
#13165 = ORIENTED_EDGE('',*,*,#12226,.T.);
#13166 = ORIENTED_EDGE('',*,*,#12257,.F.);
#13167 = ORIENTED_EDGE('',*,*,#12978,.F.);
#13168 = PLANE('',#13169);
#13169 = AXIS2_PLACEMENT_3D('',#13170,#13171,#13172);
#13170 = CARTESIAN_POINT('',(39.298378977235,54.234714128972,
    8.592251650397));
#13171 = DIRECTION('',(0.996894017902,-7.811691230701E-02,
    1.000325357088E-02));
#13172 = DIRECTION('',(7.812082098797E-02,0.996943898787,
    -9.000761605079E-20));
#13173 = ADVANCED_FACE('',(#13174),#13179,.T.);
#13174 = FACE_BOUND('',#13175,.T.);
#13175 = EDGE_LOOP('',(#13176,#13177,#13178));
#13176 = ORIENTED_EDGE('',*,*,#12249,.T.);
#13177 = ORIENTED_EDGE('',*,*,#12280,.F.);
#13178 = ORIENTED_EDGE('',*,*,#12984,.F.);
#13179 = PLANE('',#13180);
#13180 = AXIS2_PLACEMENT_3D('',#13181,#13182,#13183);
#13181 = CARTESIAN_POINT('',(39.298378975808,54.19885247654,
    7.829095471117));
#13182 = DIRECTION('',(0.996894098803,-7.868280253106E-02,
    -3.342507535094E-03));
#13183 = DIRECTION('',(7.868324207091E-02,0.996899667678,
    -5.910684871325E-20));
#13184 = ADVANCED_FACE('',(#13185),#13190,.T.);
#13185 = FACE_BOUND('',#13186,.T.);
#13186 = EDGE_LOOP('',(#13187,#13188,#13189));
#13187 = ORIENTED_EDGE('',*,*,#12272,.T.);
#13188 = ORIENTED_EDGE('',*,*,#12303,.F.);
#13189 = ORIENTED_EDGE('',*,*,#12990,.F.);
#13190 = PLANE('',#13191);
#13191 = AXIS2_PLACEMENT_3D('',#13192,#13193,#13194);
#13192 = CARTESIAN_POINT('',(39.298378973044,54.292479865955,
    7.0708563624));
#13193 = DIRECTION('',(0.996894274487,-7.698399669715E-02,
    -1.659125517562E-02));
#13194 = DIRECTION('',(7.699459456786E-02,0.997031510238,
    2.172043377793E-19));
#13195 = ADVANCED_FACE('',(#13196),#13201,.T.);
#13196 = FACE_BOUND('',#13197,.T.);
#13197 = EDGE_LOOP('',(#13198,#13199,#13200));
#13198 = ORIENTED_EDGE('',*,*,#12295,.T.);
#13199 = ORIENTED_EDGE('',*,*,#12326,.F.);
#13200 = ORIENTED_EDGE('',*,*,#12996,.F.);
#13201 = PLANE('',#13202);
#13202 = AXIS2_PLACEMENT_3D('',#13203,#13204,#13205);
#13203 = CARTESIAN_POINT('',(39.298378979165,54.512905543842,
    6.339345799261));
#13204 = DIRECTION('',(0.996893897937,-7.30771102362E-02,
    -2.936481253967E-02));
#13205 = DIRECTION('',(7.310863753862E-02,0.997323983025,
    4.663020024583E-19));
#13206 = ADVANCED_FACE('',(#13207),#13212,.T.);
#13207 = FACE_BOUND('',#13208,.T.);
#13208 = EDGE_LOOP('',(#13209,#13210,#13211));
#13209 = ORIENTED_EDGE('',*,*,#12318,.T.);
#13210 = ORIENTED_EDGE('',*,*,#12349,.F.);
#13211 = ORIENTED_EDGE('',*,*,#13002,.F.);
#13212 = PLANE('',#13213);
#13213 = AXIS2_PLACEMENT_3D('',#13214,#13215,#13216);
#13214 = CARTESIAN_POINT('',(39.298378975731,54.853782984023,
    5.655610610584));
#13215 = DIRECTION('',(0.996894096597,-6.706125393817E-02,
    -4.129102071012E-02));
#13216 = DIRECTION('',(6.711849513205E-02,0.997745011319,
    4.07619181242E-19));
#13217 = ADVANCED_FACE('',(#13218),#13223,.T.);
#13218 = FACE_BOUND('',#13219,.T.);
#13219 = EDGE_LOOP('',(#13220,#13221,#13222));
#13220 = ORIENTED_EDGE('',*,*,#12341,.T.);
#13221 = ORIENTED_EDGE('',*,*,#12372,.F.);
#13222 = ORIENTED_EDGE('',*,*,#13008,.F.);
#13223 = PLANE('',#13224);
#13224 = AXIS2_PLACEMENT_3D('',#13225,#13226,#13227);
#13225 = CARTESIAN_POINT('',(39.298378978771,55.305310258318,
    5.039318145049));
#13226 = DIRECTION('',(0.996893949805,-5.911977248937E-02,
    -5.203177244189E-02));
#13227 = DIRECTION('',(5.919996298926E-02,0.998246144186,
    -1.214169482002E-19));
#13228 = ADVANCED_FACE('',(#13229),#13234,.T.);
#13229 = FACE_BOUND('',#13230,.T.);
#13230 = EDGE_LOOP('',(#13231,#13232,#13233));
#13231 = ORIENTED_EDGE('',*,*,#12364,.T.);
#13232 = ORIENTED_EDGE('',*,*,#12395,.F.);
#13233 = ORIENTED_EDGE('',*,*,#13014,.F.);
#13234 = PLANE('',#13235);
#13235 = AXIS2_PLACEMENT_3D('',#13236,#13237,#13238);
#13236 = CARTESIAN_POINT('',(39.298378980463,55.854497067235,
    4.508199504024));
#13237 = DIRECTION('',(0.996893861578,-4.947659445513E-02,
    -6.127556894224E-02));
#13238 = DIRECTION('',(6.135070617449E-02,-1.752024743887E-19,
    0.998116271209));
#13239 = ADVANCED_FACE('',(#13240),#13245,.T.);
#13240 = FACE_BOUND('',#13241,.T.);
#13241 = EDGE_LOOP('',(#13242,#13243,#13244));
#13242 = ORIENTED_EDGE('',*,*,#12387,.T.);
#13243 = ORIENTED_EDGE('',*,*,#12418,.F.);
#13244 = ORIENTED_EDGE('',*,*,#13020,.F.);
#13245 = PLANE('',#13246);
#13246 = AXIS2_PLACEMENT_3D('',#13247,#13248,#13249);
#13247 = CARTESIAN_POINT('',(39.298378981395,56.485544651036,
    4.077533845466));
#13248 = DIRECTION('',(0.99689387914,-3.840911454169E-02,
    -6.87556081546E-02));
#13249 = DIRECTION('',(6.880638054036E-02,-3.263639989143E-19,
    0.997630032626));
#13250 = ADVANCED_FACE('',(#13251),#13256,.T.);
#13251 = FACE_BOUND('',#13252,.T.);
#13252 = EDGE_LOOP('',(#13253,#13254,#13255));
#13253 = ORIENTED_EDGE('',*,*,#12410,.T.);
#13254 = ORIENTED_EDGE('',*,*,#12441,.F.);
#13255 = ORIENTED_EDGE('',*,*,#13026,.F.);
#13256 = PLANE('',#13257);
#13257 = AXIS2_PLACEMENT_3D('',#13258,#13259,#13260);
#13258 = CARTESIAN_POINT('',(39.298378980371,57.180297802445,
    3.759710346537));
#13259 = DIRECTION('',(0.996893942433,-2.623668348035E-02,
    -7.425701301084E-02));
#13260 = DIRECTION('',(7.428258412418E-02,-1.030542575659E-19,
    0.997237232406));
#13261 = ADVANCED_FACE('',(#13262),#13267,.T.);
#13262 = FACE_BOUND('',#13263,.T.);
#13263 = EDGE_LOOP('',(#13264,#13265,#13266));
#13264 = ORIENTED_EDGE('',*,*,#12433,.T.);
#13265 = ORIENTED_EDGE('',*,*,#12464,.F.);
#13266 = ORIENTED_EDGE('',*,*,#13032,.F.);
#13267 = PLANE('',#13268);
#13268 = AXIS2_PLACEMENT_3D('',#13269,#13270,#13271);
#13269 = CARTESIAN_POINT('',(39.298378975837,57.918769659074,
    3.563872402228));
#13270 = DIRECTION('',(0.996894009403,-1.330956856969E-02,
    -7.762209350523E-02));
#13271 = DIRECTION('',(7.762896958674E-02,1.067800083193E-19,
    0.996982318339));
#13272 = ADVANCED_FACE('',(#13273),#13278,.T.);
#13273 = FACE_BOUND('',#13274,.T.);
#13274 = EDGE_LOOP('',(#13275,#13276,#13277));
#13275 = ORIENTED_EDGE('',*,*,#12479,.T.);
#13276 = ORIENTED_EDGE('',*,*,#12511,.F.);
#13277 = ORIENTED_EDGE('',*,*,#13039,.F.);
#13278 = PLANE('',#13279);
#13279 = AXIS2_PLACEMENT_3D('',#13280,#13281,#13282);
#13280 = CARTESIAN_POINT('',(39.298378977561,59.441248345507,
    3.557016510988));
#13281 = DIRECTION('',(0.996894035869,1.330951195255E-02,
    -7.762176331114E-02));
#13282 = DIRECTION('',(7.762863930489E-02,1.234599484162E-20,
    0.996982344056));
#13283 = ADVANCED_FACE('',(#13284),#13289,.T.);
#13284 = FACE_BOUND('',#13285,.T.);
#13285 = EDGE_LOOP('',(#13286,#13287,#13288));
#13286 = ORIENTED_EDGE('',*,*,#12503,.T.);
#13287 = ORIENTED_EDGE('',*,*,#12534,.F.);
#13288 = ORIENTED_EDGE('',*,*,#13045,.F.);
#13289 = PLANE('',#13290);
#13290 = AXIS2_PLACEMENT_3D('',#13291,#13292,#13293);
#13291 = CARTESIAN_POINT('',(39.298378975531,60.181452950723,
    3.74619610415));
#13292 = DIRECTION('',(0.996893928738,2.623686487004E-02,
    -7.425713277379E-02));
#13293 = DIRECTION('',(7.428270428214E-02,-7.413098779263E-20,
    0.997237223455));
#13294 = ADVANCED_FACE('',(#13295),#13300,.T.);
#13295 = FACE_BOUND('',#13296,.T.);
#13296 = EDGE_LOOP('',(#13297,#13298,#13299));
#13297 = ORIENTED_EDGE('',*,*,#12526,.T.);
#13298 = ORIENTED_EDGE('',*,*,#12557,.F.);
#13299 = ORIENTED_EDGE('',*,*,#13051,.F.);
#13300 = PLANE('',#13301);
#13301 = AXIS2_PLACEMENT_3D('',#13302,#13303,#13304);
#13302 = CARTESIAN_POINT('',(39.298378977667,60.87903915976,
    4.057749757417));
#13303 = DIRECTION('',(0.996894057614,3.840801277445E-02,
    -6.875363589679E-02));
#13304 = DIRECTION('',(6.880440391022E-02,-2.235466195704E-19,
    0.997630168952));
#13305 = ADVANCED_FACE('',(#13306),#13311,.T.);
#13306 = FACE_BOUND('',#13307,.T.);
#13307 = EDGE_LOOP('',(#13308,#13309,#13310));
#13308 = ORIENTED_EDGE('',*,*,#12549,.T.);
#13309 = ORIENTED_EDGE('',*,*,#12580,.F.);
#13310 = ORIENTED_EDGE('',*,*,#13057,.F.);
#13311 = PLANE('',#13312);
#13312 = AXIS2_PLACEMENT_3D('',#13313,#13314,#13315);
#13313 = CARTESIAN_POINT('',(39.298378977285,61.513939464702,
    4.482714822037));
#13314 = DIRECTION('',(0.996894035547,4.947521104735E-02,
    -6.127385562507E-02));
#13315 = DIRECTION('',(6.134898654706E-02,-7.41367746969E-20,
    0.998116376907));
#13316 = ADVANCED_FACE('',(#13317),#13322,.T.);
#13317 = FACE_BOUND('',#13318,.T.);
#13318 = EDGE_LOOP('',(#13319,#13320,#13321));
#13319 = ORIENTED_EDGE('',*,*,#12572,.T.);
#13320 = ORIENTED_EDGE('',*,*,#12603,.F.);
#13321 = ORIENTED_EDGE('',*,*,#13063,.F.);
#13322 = PLANE('',#13323);
#13323 = AXIS2_PLACEMENT_3D('',#13324,#13325,#13326);
#13324 = CARTESIAN_POINT('',(39.298378977429,62.06788682345,
    5.008865992574));
#13325 = DIRECTION('',(0.996894068257,5.91186469344E-02,
    -5.20307818322E-02));
#13326 = DIRECTION('',(-5.919883284803E-02,0.998246211207,
    -3.382332598213E-19));
#13327 = ADVANCED_FACE('',(#13328),#13333,.T.);
#13328 = FACE_BOUND('',#13329,.T.);
#13329 = EDGE_LOOP('',(#13330,#13331,#13332));
#13330 = ORIENTED_EDGE('',*,*,#12595,.T.);
#13331 = ORIENTED_EDGE('',*,*,#12626,.F.);
#13332 = ORIENTED_EDGE('',*,*,#13069,.F.);
#13333 = PLANE('',#13334);
#13334 = AXIS2_PLACEMENT_3D('',#13335,#13336,#13337);
#13335 = CARTESIAN_POINT('',(39.298378977502,62.524946609249,
    5.621066906571));
#13336 = DIRECTION('',(0.996893939239,6.706277433297E-02,
    -4.12923504657E-02));
#13337 = DIRECTION('',(-6.712002051631E-02,0.997744908705,
    -1.049163904429E-19));
#13338 = ADVANCED_FACE('',(#13339),#13344,.T.);
#13339 = FACE_BOUND('',#13340,.T.);
#13340 = EDGE_LOOP('',(#13341,#13342,#13343));
#13341 = ORIENTED_EDGE('',*,*,#12618,.T.);
#13342 = ORIENTED_EDGE('',*,*,#12649,.F.);
#13343 = ORIENTED_EDGE('',*,*,#13075,.F.);
#13344 = PLANE('',#13345);
#13345 = AXIS2_PLACEMENT_3D('',#13346,#13347,#13348);
#13346 = CARTESIAN_POINT('',(39.298378976173,62.871971200988,
    6.301704458461));
#13347 = DIRECTION('',(0.996894098973,7.307474899328E-02,
    -2.936386371376E-02));
#13348 = DIRECTION('',(-7.310627323838E-02,0.997324156337,
    -1.371359467013E-19));
#13349 = ADVANCED_FACE('',(#13350),#13355,.T.);
#13350 = FACE_BOUND('',#13351,.T.);
#13351 = EDGE_LOOP('',(#13352,#13353,#13354));
#13352 = ORIENTED_EDGE('',*,*,#12641,.T.);
#13353 = ORIENTED_EDGE('',*,*,#12672,.F.);
#13354 = ORIENTED_EDGE('',*,*,#12914,.F.);
#13355 = PLANE('',#13356);
#13356 = AXIS2_PLACEMENT_3D('',#13357,#13358,#13359);
#13357 = CARTESIAN_POINT('',(39.298378977601,63.098971854177,
    7.031199735754));
#13358 = DIRECTION('',(0.996893887115,7.69888711891E-02,
    -1.659191208387E-02));
#13359 = DIRECTION('',(-7.69994705703E-02,0.997031133682,
    -1.010762861152E-19));
#13360 = ADVANCED_FACE('',(#13361),#13366,.T.);
#13361 = FACE_BOUND('',#13362,.T.);
#13362 = EDGE_LOOP('',(#13363,#13364,#13365));
#13363 = ORIENTED_EDGE('',*,*,#12664,.T.);
#13364 = ORIENTED_EDGE('',*,*,#12695,.F.);
#13365 = ORIENTED_EDGE('',*,*,#12920,.F.);
#13366 = PLANE('',#13367);
#13367 = AXIS2_PLACEMENT_3D('',#13368,#13369,#13370);
#13368 = CARTESIAN_POINT('',(39.298378970873,63.199426896077,
    7.788563487462));
#13369 = DIRECTION('',(0.996894586598,7.86766164744E-02,
    -3.342638322215E-03));
#13370 = DIRECTION('',(-7.867705601409E-02,0.996900155912,
    5.539547053643E-21));
#13371 = ADVANCED_FACE('',(#13372,#13406),#13409,.T.);
#13372 = FACE_BOUND('',#13373,.T.);
#13373 = EDGE_LOOP('',(#13374,#13375,#13376,#13377,#13378,#13379,#13380,
    #13381,#13382,#13383,#13384,#13385,#13386,#13387,#13388,#13389,
    #13390,#13391,#13392,#13393,#13394,#13395,#13396,#13397,#13398,
    #13399,#13400,#13401,#13402,#13403,#13404,#13405));
#13374 = ORIENTED_EDGE('',*,*,#8003,.T.);
#13375 = ORIENTED_EDGE('',*,*,#10898,.T.);
#13376 = ORIENTED_EDGE('',*,*,#8082,.T.);
#13377 = ORIENTED_EDGE('',*,*,#4875,.T.);
#13378 = ORIENTED_EDGE('',*,*,#4331,.T.);
#13379 = ORIENTED_EDGE('',*,*,#715,.T.);
#13380 = ORIENTED_EDGE('',*,*,#4307,.T.);
#13381 = ORIENTED_EDGE('',*,*,#8018,.T.);
#13382 = ORIENTED_EDGE('',*,*,#3340,.T.);
#13383 = ORIENTED_EDGE('',*,*,#379,.T.);
#13384 = ORIENTED_EDGE('',*,*,#3317,.T.);
#13385 = ORIENTED_EDGE('',*,*,#7523,.T.);
#13386 = ORIENTED_EDGE('',*,*,#7571,.T.);
#13387 = ORIENTED_EDGE('',*,*,#7619,.T.);
#13388 = ORIENTED_EDGE('',*,*,#7667,.T.);
#13389 = ORIENTED_EDGE('',*,*,#7715,.T.);
#13390 = ORIENTED_EDGE('',*,*,#7763,.T.);
#13391 = ORIENTED_EDGE('',*,*,#7811,.T.);
#13392 = ORIENTED_EDGE('',*,*,#7859,.T.);
#13393 = ORIENTED_EDGE('',*,*,#7907,.T.);
#13394 = ORIENTED_EDGE('',*,*,#7948,.T.);
#13395 = ORIENTED_EDGE('',*,*,#7922,.T.);
#13396 = ORIENTED_EDGE('',*,*,#7874,.T.);
#13397 = ORIENTED_EDGE('',*,*,#7826,.T.);
#13398 = ORIENTED_EDGE('',*,*,#7778,.T.);
#13399 = ORIENTED_EDGE('',*,*,#7730,.T.);
#13400 = ORIENTED_EDGE('',*,*,#7682,.T.);
#13401 = ORIENTED_EDGE('',*,*,#7634,.T.);
#13402 = ORIENTED_EDGE('',*,*,#7586,.T.);
#13403 = ORIENTED_EDGE('',*,*,#7538,.T.);
#13404 = ORIENTED_EDGE('',*,*,#7490,.T.);
#13405 = ORIENTED_EDGE('',*,*,#5211,.T.);
#13406 = FACE_BOUND('',#13407,.T.);
#13407 = EDGE_LOOP('',(#13408));
#13408 = ORIENTED_EDGE('',*,*,#7962,.F.);
#13409 = PLANE('',#13410);
#13410 = AXIS2_PLACEMENT_3D('',#13411,#13412,#13413);
#13411 = CARTESIAN_POINT('',(1.5,14.378321254672,7.999999998452));
#13412 = DIRECTION('',(-1.,-0.,-0.));
#13413 = DIRECTION('',(0.,0.,-1.));
#13414 = ( GEOMETRIC_REPRESENTATION_CONTEXT(3) 
GLOBAL_UNCERTAINTY_ASSIGNED_CONTEXT((#13418)) 
GLOBAL_UNIT_ASSIGNED_CONTEXT((#13415,#13416,#13417)) 
REPRESENTATION_CONTEXT('Context #1',
  '3D Context with UNIT and UNCERTAINTY') );
#13415 = ( LENGTH_UNIT() NAMED_UNIT(*) SI_UNIT(.MILLI.,.METRE.) );
#13416 = ( NAMED_UNIT(*) PLANE_ANGLE_UNIT() SI_UNIT($,.RADIAN.) );
#13417 = ( NAMED_UNIT(*) SI_UNIT($,.STERADIAN.) SOLID_ANGLE_UNIT() );
#13418 = UNCERTAINTY_MEASURE_WITH_UNIT(LENGTH_MEASURE(5.E-06),#13415,
  'distance_accuracy_value','confusion accuracy');
#13419 = PRODUCT_RELATED_PRODUCT_CATEGORY('part',$,(#7));
#13420 = MECHANICAL_DESIGN_GEOMETRIC_PRESENTATION_REPRESENTATION('',(
    #13421),#13414);
#13421 = STYLED_ITEM('color',(#13422),#15);
#13422 = PRESENTATION_STYLE_ASSIGNMENT((#13423,#13429));
#13423 = SURFACE_STYLE_USAGE(.BOTH.,#13424);
#13424 = SURFACE_SIDE_STYLE('',(#13425));
#13425 = SURFACE_STYLE_FILL_AREA(#13426);
#13426 = FILL_AREA_STYLE('',(#13427));
#13427 = FILL_AREA_STYLE_COLOUR('',#13428);
#13428 = COLOUR_RGB('',0.447058818107,0.474509808674,0.501960817233);
#13429 = CURVE_STYLE('',#13430,POSITIVE_LENGTH_MEASURE(0.1),#13431);
#13430 = DRAUGHTING_PRE_DEFINED_CURVE_FONT('continuous');
#13431 = COLOUR_RGB('',0.678431390124,0.709803936702,0.741176476869);
ENDSEC;
END-ISO-10303-21;
